# This file uses centimeters as units for non-parametric coordinates.

mtllib beard10.mtl
g default
v -5.511155 161.149460 3.682670
v -5.352230 162.179596 4.440752
v -5.255691 160.731812 4.583709
v -4.985885 161.213043 5.235497
v -4.918362 160.138565 4.609415
v -5.195504 160.802322 3.964768
v -4.525333 160.642731 5.315791
v -5.019528 161.884201 4.279125
v -5.028624 160.630249 4.569466
v -4.813997 161.493454 5.049610
v -4.930589 160.395126 4.841691
v -4.509954 160.843765 5.377127
v -4.872254 160.567123 4.314512
v -4.620322 161.412888 4.948221
v -4.532377 160.085297 4.941859
v -4.326833 160.570053 5.592606
v -4.775887 160.326370 4.366610
v -4.573494 161.313904 5.116856
v -4.438677 159.885742 4.976413
v -4.076754 160.271774 5.577999
v -4.626240 159.722137 5.465896
v -4.972898 160.613388 4.930437
v -4.223437 160.371964 6.135098
v -4.592367 161.325378 5.663495
v -4.227532 159.597321 5.513861
v -4.569906 160.408264 5.171450
v -4.053671 160.267670 6.137242
v -4.376182 161.055984 5.762042
v -3.214725 158.761566 6.348907
v -3.391934 158.710983 4.906287
v -3.840082 160.256989 6.591598
v -3.779610 160.257813 5.057159
v -3.609208 159.259995 6.367529
v -3.724731 159.444016 5.791581
v -4.006240 160.366013 6.689677
v -3.971891 160.459335 6.054676
v -4.289234 159.693680 7.005435
v -4.561388 159.975021 6.449033
v -4.335309 160.748291 7.279708
v -4.480150 160.891556 6.690037
v -4.728309 159.974258 6.320193
v -4.751038 161.313156 6.686964
v -4.275089 159.522949 7.320819
v -4.279802 160.844589 7.749263
v -3.503068 159.081879 5.579505
v -3.910080 160.436737 5.937464
v -3.423064 158.863022 6.686364
v -3.828370 160.158920 7.036836
v -3.014956 158.619827 7.076189
v -3.005112 158.592896 5.578174
v -3.592954 159.989319 7.187932
v -3.475372 160.006622 5.689888
v -3.799634 159.342102 6.558504
v -3.884550 160.311615 6.743289
v -3.611420 159.130463 7.532886
v -3.805443 160.186218 7.735404
v -3.897443 159.144211 7.784974
v -4.323672 159.458679 6.979038
v -3.891189 160.465378 8.129742
v -4.339893 160.804901 7.273247
v -4.706524 159.931824 7.074838
v -4.501112 161.062836 7.300737
v -4.105392 159.458496 8.015476
v -3.944256 160.640900 8.297182
v -3.623733 159.165543 7.235880
v -3.788760 159.337158 6.651575
v -3.863268 160.237640 7.504875
v -3.870402 160.270554 6.841619
v -3.354882 158.850143 7.660939
v -3.405600 158.838745 7.026866
v -3.709680 160.114700 7.725077
v -3.739980 160.104797 7.101079
v -3.622483 159.147171 8.318517
v -3.820112 159.197128 7.702491
v -3.702022 160.391602 8.435148
v -3.979663 160.472824 7.826477
v -3.984983 159.591415 8.473579
v -4.332216 159.754410 7.943646
v -3.853941 160.874298 8.648432
v -4.222450 161.033951 8.101827
v -4.931878 160.386658 7.547673
v -4.557120 161.551712 7.894419
v -4.239264 159.914444 8.549286
v -3.917993 161.048050 8.732166
v -3.401132 159.181946 8.598255
v -3.614743 159.240982 8.001976
v -3.462259 160.174835 8.708619
v -3.736919 160.308594 8.182074
v -3.778076 159.109253 8.212980
v -3.736684 160.352051 8.329878
v -3.208810 158.887344 9.211605
v -3.009770 160.032959 9.339516
v -3.929477 159.664810 8.756510
v -3.681139 160.655014 8.798809
v -3.287518 159.375061 9.516048
v -2.973328 160.259293 9.503670
v -4.097412 160.167633 9.078416
v -3.714020 161.039108 9.017824
v -3.420704 159.743500 9.659569
v -2.937226 160.575317 9.643597
v -3.541578 159.708542 9.582584
v -4.236651 160.137695 9.105825
v -3.016565 160.763962 9.606880
v -3.779272 161.244293 9.070889
v -3.524484 159.872559 9.603207
v -4.245423 160.255508 8.939953
v -3.193912 160.832260 9.566906
v -3.879159 161.268112 8.902186
v -3.220920 158.749756 8.008259
v -3.308856 158.755005 7.383061
v -3.531806 159.988205 8.093317
v -3.530840 159.944748 7.412513
v -3.088335 158.874100 7.060845
v -2.832220 158.749008 6.372848
v -3.510880 159.889923 7.074555
v -3.239444 159.787369 6.385816
v -3.024330 158.387268 5.252568
v -3.313892 159.778687 5.367896
v -2.753736 158.392151 6.308323
v -3.256332 159.762436 6.556594
v -2.263503 157.771317 6.132442
v -2.963532 157.976486 4.879959
v -2.460096 159.152527 6.405180
v -3.172328 159.495438 5.176629
v -2.284285 158.038254 6.279892
v -2.574722 158.080505 5.403576
v -2.601687 159.232605 6.463638
v -2.832885 159.309509 5.562541
v -2.323948 158.057343 7.083313
v -2.339524 157.994949 6.157467
v -2.884688 159.413223 7.173015
v -2.743909 159.341125 6.223567
v -2.447528 158.136963 7.799725
v -2.253159 157.984070 6.311729
v -3.012551 159.469925 7.782892
v -2.686745 159.323868 6.294183
v -2.723597 158.314560 7.859703
v -2.573162 158.213745 6.887489
v -3.181308 159.605392 7.823485
v -2.989209 159.507904 6.859995
v -2.339569 158.063507 7.692459
v -2.214881 157.996628 7.063580
v -2.791765 159.281418 7.610216
v -2.670832 159.232864 6.989561
v -2.327072 158.188965 7.074726
v -2.805841 159.313034 7.087579
v -2.451825 158.292053 8.052547
v -2.824717 159.306152 8.020123
v -3.003015 158.752319 8.332920
v -3.066596 158.751953 7.749920
v -3.255198 159.764450 8.499084
v -3.347734 159.776413 7.785004
v -3.587443 159.097229 7.761265
v -3.752591 160.176239 7.858109
v -3.242744 158.977310 8.674770
v -3.308080 159.996246 8.784569
v -3.282769 158.794250 7.931046
v -3.425102 159.846115 8.051480
v -2.864312 158.616318 8.778755
v -2.989123 159.649963 8.943626
v -2.804214 158.637405 9.098011
v -3.077773 158.786942 8.566452
v -2.886699 159.612549 9.196178
v -3.162180 159.762329 8.695156
v -3.588526 158.981079 8.805500
v -3.330040 160.176834 8.984318
v -2.912598 158.614624 9.720905
v -2.561225 159.734177 9.807102
v -3.203569 159.032959 9.618782
v -3.623669 159.328629 9.223770
v -2.779203 160.148376 9.687675
v -3.202663 160.422852 9.322388
v -3.305729 159.593948 9.721252
v -3.736635 159.888000 9.383274
v -2.792202 160.390182 9.691929
v -3.333165 160.696518 9.318012
v -2.712600 158.595154 10.255680
v -3.780963 159.405090 9.418930
v -2.110059 159.642761 10.211929
v -3.168140 160.471130 9.434109
v -2.717541 159.308731 10.306107
v -3.135263 159.614899 9.964443
v -2.276892 160.009567 10.128963
v -2.718575 160.358521 9.775051
v -2.762741 159.423538 10.501862
v -3.421887 160.068817 10.111435
v -2.066147 160.077103 10.231312
v -2.690944 160.719528 9.921379
v -2.955293 159.948837 10.265774
v -3.292513 160.235168 10.078564
v -2.441205 160.588242 10.022781
v -2.778599 160.901932 9.909832
v -3.101651 159.929123 10.180664
v -3.557110 160.284760 9.927826
v -2.407339 160.739258 10.146271
v -2.956157 161.112015 9.880547
v -2.880832 159.795776 10.341614
v -3.925939 160.554565 9.784065
v -2.198939 160.664795 10.305958
v -3.339420 161.546204 9.675930
v -3.202940 160.156372 10.005821
v -3.729339 160.526184 9.774765
v -2.761564 160.887619 9.912735
v -3.250740 161.249573 9.677692
v -3.219325 160.193390 9.999294
v -3.781372 160.569565 9.868275
v -2.685964 161.039368 10.044273
v -3.198009 161.477066 9.851444
v -3.224089 160.311554 10.064972
v -4.052073 160.868088 9.851997
v -2.690824 161.213455 10.124458
v -3.469204 161.878860 9.813534
v -3.376579 160.598267 10.093555
v -3.914332 161.009537 9.954655
v -2.827747 161.432999 10.116158
v -3.364738 161.910828 9.902912
v -4.529487 160.608444 8.883102
v -4.065927 161.674316 8.820997
v -3.627926 160.101654 9.673958
v -3.296035 161.132782 9.652966
v -4.287241 159.618225 7.820967
v -4.198970 160.800888 7.877125
v -3.689140 159.404175 8.887577
v -3.572052 160.611572 8.928600
v -4.122018 160.156158 8.790424
v -4.699812 160.407990 7.958899
v -3.992841 161.227951 8.756493
v -4.490378 161.467010 7.988275
v -4.622598 160.131409 7.294681
v -4.683490 160.204163 6.753416
v -4.457602 161.091354 7.623630
v -4.701268 161.403824 7.217935
v -4.110402 159.554230 5.476295
v -4.458873 160.958954 5.858278
v -3.975311 159.286209 6.614038
v -4.310840 160.638901 7.000132
v -4.811775 160.167847 5.546978
v -5.155883 160.800980 5.371669
v -4.536679 160.836777 6.179339
v -4.670794 161.283554 5.932064
v -4.778692 160.082352 5.325220
v -5.030586 160.686707 4.944261
v -4.543532 160.813263 5.934392
v -4.594340 161.257935 5.491144
v -4.740488 160.254654 5.123187
v -5.013576 160.848892 4.636847
v -4.461888 160.612701 5.646972
v -4.878685 161.702087 4.962710
v -5.048722 160.327988 4.862848
v -5.181752 160.807678 4.460987
v -4.609001 160.939880 5.384383
v -4.912478 161.597763 5.060926
v -3.505137 159.001602 4.903936
v -3.927092 159.363327 4.501447
v -3.528007 159.991440 5.470560
v -3.914063 160.386780 5.060520
v -3.193974 158.755554 5.323854
v -3.789796 159.253754 4.639304
v -3.270446 159.785858 5.853137
v -3.998260 160.496277 5.346890
v -4.430876 160.894394 4.391703
v -3.861325 160.309250 5.084682
v -4.302959 159.902954 4.093119
v -3.878923 159.236252 4.531618
v -4.043122 159.545517 5.756347
v -4.503151 160.011459 5.406557
v -4.283719 160.683716 6.502603
v -4.621058 161.089340 6.042262
v -4.675832 160.228775 5.143771
v -5.010383 160.593323 4.267788
v -5.020240 161.498016 5.716279
v -5.498081 162.056335 4.971978
v -4.866901 160.407288 6.112324
v -5.201512 160.804077 5.766376
v -4.755494 161.268341 6.728927
v -5.174720 161.872757 6.355317
v -5.602609 161.260651 6.504114
v -5.018115 162.073990 7.305826
v -4.868179 160.065674 6.794097
v -4.415519 160.976059 7.638355
v -4.827110 160.406616 8.114844
v -5.057881 161.174286 7.981767
v -4.094396 161.228241 8.512318
v -4.618234 162.025284 8.171892
v -4.467039 160.593994 8.692406
v -4.745055 161.396271 8.486822
v -3.801529 161.264587 9.007280
v -4.345647 162.065704 8.661617
v -3.747583 161.807983 9.387157
v -3.148695 160.864288 9.578243
v -4.182581 161.273376 9.297148
v -3.882814 160.400574 9.412960
v -4.973248 160.366699 5.758279
v -5.394017 161.128616 5.452062
v -4.855641 161.355728 6.439901
v -5.441424 162.064178 5.820889
v -5.433839 161.216415 6.048774
v -5.866924 161.803757 5.735771
v -5.074374 161.700195 6.624188
v -5.583691 162.492676 6.312740
v -5.049474 160.398453 7.421346
v -5.474600 161.791245 7.333399
v -4.356131 161.267136 8.099953
v -5.221698 162.607025 7.475902
v -5.010250 160.786377 4.941414
v -5.410298 161.239929 4.327246
v -5.133698 161.683914 5.382644
v -5.564851 162.161224 4.783807
v -4.369602 162.457870 8.829144
v -3.846539 161.551270 9.122995
v -4.746562 161.840363 8.751600
v -4.541038 161.028671 8.919700
v -3.213359 162.516876 10.289215
v -2.708169 161.384995 10.183594
v -3.907388 162.082413 10.228645
v -3.720006 161.028946 10.222771
v -3.145734 160.110245 10.037319
v -3.985386 161.546722 10.064915
v -2.249402 160.631989 10.118690
v -2.996421 161.930649 10.181080
v -3.037231 160.316818 10.263699
v -3.250572 160.802231 10.403652
v -2.050540 160.643692 10.318089
v -2.314188 161.217804 10.378826
v -3.035619 161.186386 10.553692
v -2.291005 161.608704 10.547623
v -2.592698 160.311996 10.315075
v -1.883706 160.691086 10.402699
v -3.346381 160.399506 10.165855
v -3.638353 161.593781 10.242355
v -2.304957 160.781647 10.193218
v -2.981961 162.163284 10.266632
v -3.196377 159.657639 10.260887
v -3.435556 160.522308 10.038879
v -2.265659 159.826569 10.156185
v -2.510929 160.807251 10.021534
v -2.828856 160.879242 10.552948
v -2.080672 161.220001 10.506966
v -2.547133 160.020798 10.432808
v -1.703062 160.246002 10.393131
v -3.021398 160.661682 10.310539
v -2.215138 160.909409 10.263306
v -2.862223 159.805054 10.441936
v -1.947773 159.884460 10.359783
v -2.568164 158.088348 8.720715
v -3.046260 158.503326 8.443233
v -2.329011 158.946045 9.347225
v -2.784017 159.420990 9.058029
v -3.829203 159.140762 4.378546
v -4.033400 159.569000 4.123415
v -3.802816 160.201859 4.920271
v -4.200119 160.608536 4.496637
v -4.129935 159.304276 4.216043
v -4.091682 160.560516 4.883456
v -3.423428 158.700272 4.958477
v -3.430121 159.898010 5.623989
v -2.728475 158.074448 5.497490
v -3.354714 158.617996 4.922697
v -2.652886 159.241348 6.112600
v -3.439792 159.931030 5.651330
v -3.368576 159.200516 6.302183
v -3.684907 160.099350 6.794069
v -2.936315 158.717438 7.115015
v -3.281882 159.702881 7.579661
v -3.066111 158.709183 5.611257
v -3.331245 159.843887 6.254715
v -2.438339 158.129120 6.421299
v -2.677644 159.250061 7.010476
v -1.973032 157.731674 7.109951
v -2.266034 158.033096 6.325325
v -2.378685 158.956070 7.611908
v -2.723284 159.297165 6.862383
v -2.929719 158.387817 7.788734
v -3.511549 158.906448 7.149171
v -2.982004 159.465378 8.312408
v -3.669516 160.077560 7.787370
v -3.116566 158.393524 8.072254
v -4.131596 159.350098 7.262537
v -2.895670 159.395050 8.620911
v -3.924427 160.415543 7.861465
v -2.888497 158.524490 7.602245
v -2.938187 159.393478 8.040428
v -2.256710 157.996307 8.195850
v -2.258930 158.817047 8.628162
v -1.927644 157.761658 8.569908
v -2.651819 158.276901 8.135105
v -1.858943 158.564804 9.110382
v -2.686039 159.175323 8.710209
v -2.333109 157.780991 9.181812
v -3.495472 158.910172 8.903099
v -1.772736 158.462616 9.710056
v -2.878998 159.757095 9.452660
v -3.392844 159.611176 9.613232
v -2.667068 160.081970 9.790340
v -2.819785 158.633957 9.756237
v -2.144357 159.132187 10.040955
v -3.140312 159.295395 9.873138
v -3.395561 159.784760 9.732052
v -2.373302 159.658463 9.987179
v -2.616367 160.156693 9.836937
v -3.160209 159.541290 9.915302
v -2.401620 160.002747 10.029942
v -2.629722 158.550751 9.931438
v -1.950629 159.032669 10.186726
v -2.493007 158.361664 10.032150
v -2.935681 159.119873 10.002010
v -1.782613 158.823776 10.275776
v -2.158713 159.547348 10.158237
v -2.800851 158.902527 10.450951
v -2.987717 159.577438 10.381767
v -1.775226 159.191452 10.484344
v -1.943907 159.836487 10.354488
v -3.251693 160.278229 10.245369
v -2.181304 160.525543 10.326397
v -2.841810 159.131271 10.472256
v -1.853728 159.365967 10.426128
v -3.129660 160.462585 10.168915
v -2.324576 160.723679 10.153931
v -2.903691 159.551315 10.387383
v -1.996258 159.705597 10.343319
v -2.795188 159.690643 10.513214
v -3.021603 160.630264 10.326126
v -1.804406 159.812241 10.426807
v -2.081640 160.798477 10.367111
v -2.566442 160.062820 10.589615
v -2.673437 160.755615 10.548889
v -1.760530 160.076111 10.452335
v -1.898780 160.844635 10.469994
v -2.661380 159.933472 10.416214
v -2.859022 160.724274 10.546322
v -1.678839 160.168854 10.383263
v -2.037035 161.092606 10.502213
v -2.511550 161.164276 10.774368
v -1.750853 161.279388 10.598511
v -2.383814 160.180740 10.653496
v -1.525532 160.265808 10.549545
v -2.806298 159.989365 10.200855
v -3.401891 161.256699 10.488827
v -1.772762 160.390732 10.259808
v -2.403736 161.636078 10.533142
v -2.959734 160.379807 10.302483
v -3.465038 161.293228 10.397503
v -2.099285 160.906281 10.400711
v -2.477263 161.672928 10.473694
v -3.363544 160.698990 10.299828
v -3.451105 161.544220 10.356728
v -2.363905 161.146240 10.337990
v -2.758064 161.989944 10.367828
v -3.166402 162.374985 10.261086
v -2.640594 161.242279 10.172710
v -3.798692 161.908417 10.259346
v -3.651032 160.893204 10.204185
v -3.875129 159.481049 8.226027
v -4.738922 160.504318 7.822125
v -3.526801 160.270752 8.653177
v -4.270152 161.257187 8.149978
v -3.777644 159.267960 8.886715
v -4.758379 160.609634 8.447956
v -3.102507 160.092834 9.263073
v -3.985528 161.374619 8.738888
v -4.439167 161.201508 9.137211
v -3.744409 161.645432 9.327167
v -3.869907 160.301971 9.317436
v -3.173147 160.776062 9.492268
v -3.732483 160.331253 9.628017
v -2.943232 160.755463 9.714989
v -3.292800 159.404510 9.771297
v -2.544717 159.750793 9.834568
v -3.510638 159.010147 4.911464
v -4.100695 159.466446 4.266076
v -3.638021 160.122787 5.532921
v -4.171876 160.625763 4.862035
v -3.330098 158.801880 5.379009
v -3.920035 159.289078 4.700936
v -3.646037 160.107086 6.126218
v -4.132880 160.640671 5.464244
v -3.459876 159.099457 5.677567
v -3.813215 159.398148 5.210925
v -3.937825 160.345825 6.426674
v -4.258467 160.708344 5.958765
v -3.639940 159.130325 6.323336
v -4.105206 159.567001 5.973504
v -4.027018 160.348160 7.080591
v -4.221599 160.623169 6.615427
v -3.726282 159.478973 7.085449
v -3.897214 159.668411 6.684312
v -3.739946 160.108246 7.442818
v -4.138150 160.496262 7.165022
v -3.406895 159.211304 6.131763
v -3.690175 160.103851 6.649581
v -2.944573 158.719040 6.863771
v -3.187476 159.626160 7.359807
v -2.216602 157.848557 6.182564
v -3.032781 158.546082 5.134249
v -2.397001 159.044281 6.777092
v -3.234621 159.783371 5.740281
v -1.975749 157.481079 6.013134
v -3.022104 158.374573 5.239533
v -1.906174 158.602936 6.654781
v -3.032698 159.565521 5.914682
v -1.809469 157.510681 6.120506
v -2.149063 157.806915 5.637329
v -2.045701 158.726593 6.658665
v -2.316063 158.980850 6.187329
v -1.574207 157.477631 6.467255
v -2.159463 157.916443 5.795624
v -1.788384 158.544846 6.975014
v -2.397561 159.015900 6.392618
v -1.183706 157.122040 6.941280
v -1.935273 157.674133 5.747955
v -1.518183 158.312378 7.412708
v -2.312364 158.990631 6.339578
v -1.311747 157.458801 6.107094
v -1.884067 157.812439 5.679646
v -1.383955 158.217209 6.571209
v -1.963072 158.610474 6.161079
v -2.001997 157.375931 5.430687
v -2.758216 157.958435 5.131798
v -1.735214 158.382675 6.122780
v -2.561169 159.074173 5.846690
v -2.893398 158.330582 5.124402
v -2.871224 159.352814 5.727225
v -2.133091 157.736069 5.530201
v -1.998905 158.603928 6.084248
v -1.418236 157.222168 5.767170
v -2.127893 157.666107 5.247929
v -1.528047 158.329346 6.439659
v -2.281726 158.850494 5.964680
v -0.816004 157.283890 6.012554
v -1.181098 157.455215 5.549019
v -1.193918 158.119278 6.492489
v -1.557821 158.309891 6.032665
v -0.979991 157.400253 5.454044
v -1.408074 158.194321 6.028736
v -0.241269 157.156082 6.079102
v -0.676271 157.946320 6.643467
v 0.088483 157.238113 6.379589
v -0.248697 157.275330 5.834877
v -0.572223 157.920227 6.739620
v -0.868597 158.005386 6.227287
v 0.257391 157.037827 6.902290
v -0.006391 157.055374 5.981987
v -0.707599 157.956177 7.127434
v -0.854690 158.011078 6.289463
v -0.480560 157.039352 6.803909
v -1.060824 157.270523 6.145271
v -0.919037 158.054520 7.377129
v -1.613644 158.340988 6.755001
v -1.097059 157.404739 7.062511
v -1.860966 157.846970 6.258476
v -1.330425 158.268417 7.507248
v -2.189285 158.768753 6.790501
v -1.503400 157.390259 7.327591
v -2.104699 157.870911 6.118740
v -1.823473 158.524445 7.782211
v -2.580094 159.182800 6.687169
v -2.024876 158.041779 7.206944
v -2.292257 158.315247 6.574677
v -2.370675 158.951920 7.570541
v -2.748758 159.295914 6.998519
v -2.010380 157.762512 7.518276
v -2.407458 158.158447 6.698780
v -2.401336 158.956284 7.964359
v -2.889686 159.379898 7.258167
v -2.087608 157.880539 7.993462
v -2.408808 158.134796 7.477226
v -2.431936 158.968903 8.421162
v -2.839377 159.338623 8.008862
v -2.197025 157.980026 7.301899
v -2.585594 159.125000 7.796627
v -1.722805 157.573196 8.252293
v -2.029864 158.645782 8.709183
v -1.298508 157.330704 8.240925
v -2.131020 157.879120 7.136475
v -1.614755 158.398697 8.741871
v -2.539852 159.018448 7.734100
v -1.444648 157.483704 8.513512
v -2.004387 157.825714 7.819233
v -1.814520 158.497589 9.004238
v -2.398109 158.935242 8.323765
v -2.008134 157.722610 8.946175
v -2.738998 158.323746 8.643154
v -1.720386 158.431549 9.500443
v -2.484679 159.088943 9.164177
v -2.019057 157.668121 9.090019
v -3.237424 158.669952 8.716644
v -1.648953 158.405075 9.712219
v -2.837430 159.565033 9.375378
v -3.294712 159.028275 9.026848
v -2.808381 159.671844 9.391773
v -2.548592 158.212387 9.239464
v -2.134316 158.801865 9.688141
v -2.613258 158.227158 9.347195
v -3.084285 158.688354 9.205963
v -2.075469 158.901276 9.862267
v -2.514281 159.458817 9.738136
v -2.345631 157.848022 10.015408
v -3.170460 159.241150 10.222645
v -1.386381 158.292740 10.196751
v -2.105202 159.723755 10.333054
v -2.382629 158.580460 10.308113
v -2.644089 159.038086 10.320900
v -1.605481 158.873474 10.396446
v -1.873158 159.389496 10.411175
v -2.811893 159.718018 10.615768
v -1.819934 159.941772 10.489960
v -2.543029 158.553345 10.623508
v -1.499466 158.735947 10.569611
v -2.568988 158.835251 10.646938
v -2.659100 159.487274 10.663296
v -1.497962 159.063049 10.621994
v -1.679086 159.712341 10.553398
v -3.030631 159.314468 10.321236
v -3.116257 159.944244 10.292587
v -1.979470 159.605270 10.326817
v -2.182546 160.269104 10.229557
v -3.121799 159.660294 10.473087
v -3.210787 160.401306 10.320038
v -1.978344 159.753998 10.353851
v -2.243450 160.737305 10.205421
v -2.739361 159.690872 10.760506
v -2.893185 160.533554 10.554745
v -1.660284 159.705399 10.586090
v -1.855189 160.693237 10.462357
v -2.333578 160.058701 10.802139
v -2.321433 160.610092 10.833302
v -1.452634 159.929581 10.669621
v -1.529579 160.579330 10.667419
v -2.420763 159.794922 11.071812
v -2.349949 161.124435 10.843662
v -1.330969 159.559128 10.893742
v -1.403652 161.063400 10.630833
v -2.236939 160.941895 10.839325
v -1.440696 160.883255 10.688793
v -2.195774 159.961975 10.898705
v -1.307412 159.814041 10.779842
v 1.959069 157.395859 5.765827
v 2.310744 158.642075 5.988049
v 2.209478 157.473877 5.190826
v 2.559110 158.719254 5.414169
v 1.440729 157.250244 5.837231
v 1.472918 157.332214 6.992031
v 2.008976 158.380203 5.833569
v 2.056735 158.486298 6.936733
v 1.597621 157.424530 7.649151
v 2.113265 158.495010 7.447865
v 1.406400 157.243256 6.773228
v 1.858287 158.333008 6.589211
v 2.954451 158.052185 5.864052
v 3.099648 159.403366 6.002455
v 3.462140 158.144791 4.348671
v 3.539353 159.578857 4.540385
v 2.570090 157.824554 6.126381
v 2.944437 159.247101 6.278651
v 2.851824 157.872955 5.167641
v 3.116677 159.357986 5.391079
v 2.486423 158.043823 6.571350
v 2.771776 159.055481 6.520763
v 2.490511 158.010086 5.930042
v 2.794500 159.110245 5.918454
v 2.328161 157.960236 6.885521
v 2.706386 158.973831 6.859597
v 2.276808 157.877594 6.279831
v 2.549005 158.856064 6.226841
v 2.111055 157.597198 7.623512
v 2.450169 158.748260 7.453220
v 1.969677 157.463226 7.034035
v 2.338684 158.681824 6.861824
v 1.885265 157.655869 8.288082
v 2.298667 158.659927 8.159306
v 1.770477 157.482559 7.442924
v 2.234695 158.589355 7.257771
v 1.758833 157.508179 8.560139
v 2.173434 158.584091 8.418156
v 1.719932 157.413589 8.040421
v 2.119760 158.535767 7.827709
v 3.348597 158.952530 5.755204
v 3.574875 159.833801 5.857543
v 3.421585 158.968964 5.229148
v 3.572692 159.817123 5.314680
v 2.827541 158.348480 6.048717
v 3.039865 158.485657 7.014290
v 3.107629 159.419479 5.968740
v 3.381480 159.530823 6.971194
v 2.789745 158.066025 7.577446
v 3.188115 159.326981 7.433358
v 2.588844 157.921387 6.679691
v 3.032766 159.279327 6.525301
v 2.553667 157.919998 8.064720
v 2.971126 159.164612 7.951042
v 2.459784 157.756027 7.173172
v 2.854984 159.063705 7.040006
v 2.366914 157.896088 7.643913
v 2.472436 158.049377 8.537037
v 2.597831 158.858429 7.478214
v 2.769840 158.970581 8.428505
v 2.003240 157.620529 8.954563
v 2.518795 158.763885 8.999794
v 2.000255 157.575775 8.173023
v 2.490316 158.787140 7.985302
v 2.365683 157.920258 8.272758
v 1.693323 157.699539 8.956821
v 2.577861 158.810226 8.576012
v 1.930214 158.474670 9.367542
v 1.597820 157.515778 9.303047
v 1.556726 158.346878 9.757584
v 2.410520 157.894653 8.812965
v 2.402905 158.801102 9.250439
v 2.766165 158.053314 9.329876
v 1.608886 157.523880 9.358334
v 2.432685 158.980606 9.905071
v 1.268773 158.312500 9.887058
v 2.967922 158.493530 10.126484
v 1.836874 157.655319 9.828056
v 2.251323 159.301117 10.300945
v 1.281861 158.402267 10.247513
v 2.039834 157.915482 10.234810
v 1.384045 158.622086 10.518631
v 2.835974 158.756271 10.329395
v 2.075827 159.426102 10.419250
v 4.029430 159.396301 4.241676
v 4.057072 159.556412 5.249599
v 4.342507 160.529434 4.421726
v 4.229903 160.457275 5.276949
v 3.747656 158.903641 4.512543
v 3.684227 158.950317 5.646696
v 4.112210 160.336517 4.680250
v 3.958845 160.184494 5.748769
v 3.547870 158.968887 4.994179
v 3.441626 158.938721 5.913164
v 3.889590 160.117737 5.156899
v 3.839336 160.042297 6.088377
v 3.373411 158.837265 6.182047
v 3.705675 159.884460 6.254646
v 3.261050 158.765213 5.526840
v 3.612705 159.869476 5.600661
v 3.081599 158.382675 6.895828
v 3.455478 159.669037 6.950177
v 3.072667 158.298279 5.412773
v 3.423105 159.703232 5.441227
v 2.827677 158.179520 6.127140
v 3.029532 158.316269 7.292576
v 3.144607 159.446243 6.028447
v 3.474204 159.615448 7.206224
v 2.794995 158.262695 6.906021
v 2.961282 158.408112 7.874855
v 3.207139 159.388306 6.850382
v 3.263431 159.416321 7.794291
v 2.725268 158.130249 8.478813
v 2.999496 159.242538 8.617511
v 2.938415 158.124298 7.581341
v 3.212811 159.365128 7.639443
v 2.522842 157.894485 8.794296
v 2.776510 159.043457 8.869637
v 2.655521 157.913147 8.239525
v 2.882347 159.096924 8.230236
v 2.260299 157.798843 9.187790
v 2.390958 158.816864 9.492123
v 2.818835 158.077209 8.428795
v 2.906348 159.124084 8.619613
v 2.698201 158.204880 8.826954
v 2.169535 157.866943 9.642876
v 2.799657 159.152512 9.101330
v 2.179665 158.744446 9.938690
v 2.165934 157.868561 9.681652
v 1.926095 158.731033 10.090237
v 2.979949 158.353592 9.274612
v 2.735422 159.342743 9.661171
v 2.386337 158.237625 10.133568
v 1.929499 158.988174 10.318424
v 2.921494 158.731537 9.968197
v 2.426264 159.417496 10.024319
v 3.239208 159.134277 10.234978
v 2.434759 158.246872 10.630848
v 2.398029 159.902863 10.131886
v 1.643926 158.921417 10.686840
v 2.089302 157.859192 10.382645
v 1.487460 158.852051 10.771114
v 3.307906 158.843704 9.926331
v 2.536410 159.921738 10.092201
v 2.192844 158.477890 10.726513
v 1.459659 159.003799 10.740192
v 2.607417 159.176498 10.650661
v 1.823256 159.612167 10.585793
v 2.103486 158.862137 10.874805
v 1.348582 159.169861 10.841331
v 2.497887 159.538498 10.749367
v 1.750254 159.920807 10.667725
v 2.190062 159.218567 11.040962
v 1.318129 159.476929 10.907032
v 2.508994 159.932632 10.831554
v 1.648508 160.219330 10.659672
v 2.202119 158.881714 11.295254
v 1.189643 159.401123 11.183208
v 2.924452 160.073166 10.580441
v 1.921748 160.610855 10.473030
v 2.611550 159.425735 10.830276
v 1.606543 159.833649 10.685040
v 2.901023 159.864792 10.597076
v 1.950293 160.382645 10.411736
v 2.997815 160.155029 10.321491
v 2.549541 159.526337 10.709240
v 2.292943 160.641556 10.179241
v 1.732976 159.916672 10.600552
v 3.154692 160.156525 10.384045
v 2.629886 159.399445 10.888157
v 2.271906 160.735306 10.185898
v 1.608667 159.841736 10.740204
v 2.279081 159.233551 11.405693
v 1.193970 159.556274 11.181244
v 2.863004 160.455887 10.637180
v 1.831686 160.815857 10.486088
v 2.431348 160.431335 10.726730
v 2.022637 159.750656 11.169689
v 1.599656 160.828995 10.603043
v 1.138908 159.960632 11.015820
v 2.157826 160.033234 11.149193
v 1.173115 160.109207 10.878960
v 2.507501 160.793411 10.997665
v 1.602628 161.034134 10.629990
v 2.379259 160.044907 10.846832
v 1.351097 160.428207 10.716774
v 2.689945 160.423477 10.664165
v 1.722242 160.966812 10.567642
v 2.689167 160.701462 10.695984
v 2.190304 160.045303 10.833744
v 1.907484 161.233490 10.526810
v 1.323469 160.358322 10.681915
v 3.932220 159.379608 5.582255
v 4.234172 160.436218 5.713957
v 3.921623 159.366653 4.930328
v 4.175882 160.395370 5.020685
v 3.513543 158.820145 6.055333
v 3.980929 160.136917 6.177582
v 3.535200 158.886993 5.455086
v 4.024793 160.245667 5.602007
v 3.664688 158.962738 6.816661
v 3.987682 160.101089 6.838562
v 3.470154 158.870529 5.815968
v 3.813176 160.056519 5.828042
v 3.482064 158.870422 7.098509
v 3.844365 159.989044 7.112360
v 3.417372 158.856812 6.416035
v 3.596498 159.801392 6.401755
v 3.359030 158.658432 7.711654
v 3.647544 159.786865 7.683211
v 3.201538 158.531769 6.763222
v 3.519608 159.692352 6.714983
v 3.243802 158.303421 6.884407
v 3.097302 158.314194 8.021065
v 3.485688 159.570877 6.927371
v 3.366790 159.599411 8.163060
v 2.999857 158.234772 8.397499
v 3.247238 159.489105 8.432818
v 3.175761 158.234344 7.520493
v 3.411242 159.551636 7.517932
v 3.097080 158.241165 7.690884
v 2.816171 158.198349 8.768829
v 3.317913 159.472031 7.708515
v 3.077976 159.342285 8.826746
v 3.248544 158.291199 8.028679
v 2.816395 158.137421 9.090115
v 3.331486 159.523453 8.135826
v 2.880944 159.273682 9.239616
v 2.690351 158.012527 9.321751
v 2.696841 159.154327 9.526024
v 3.074682 158.188644 8.459122
v 3.155117 159.462341 8.681438
v 3.311358 158.373077 8.609165
v 2.587283 157.964539 9.493042
v 3.215139 159.566940 8.885874
v 2.443669 159.042801 9.754448
v 3.270569 158.698792 9.101982
v 2.605294 158.286118 9.790569
v 3.073382 159.569489 9.231434
v 2.355467 159.173172 9.988876
v 2.617480 158.201035 10.334595
v 1.989442 159.075394 10.416164
v 3.609951 158.838379 9.351357
v 3.012698 159.944901 9.533581
v 3.622131 159.339508 9.757687
v 2.865455 158.708557 10.369637
v 2.821468 160.249954 9.719396
v 2.114726 159.518921 10.362316
v 3.403657 159.916229 10.060455
v 2.833497 159.276779 10.574188
v 2.604987 160.447601 9.925270
v 2.051699 159.756790 10.416080
v 2.770331 159.819595 10.541130
v 1.974840 160.242172 10.385487
v 3.012583 160.149673 10.332878
v 2.296418 160.615356 10.171028
v 2.627561 159.600891 10.982742
v 1.595979 159.970734 10.668591
v 3.350921 160.491974 10.425037
v 2.448466 161.172165 10.148590
v 3.524154 160.451630 9.975681
v 2.766976 159.730637 10.342678
v 2.767799 161.214813 10.045204
v 1.921957 160.475647 10.333046
v 3.434237 160.728394 10.091412
v 2.678108 160.128922 10.302292
v 2.777521 161.445114 10.116455
v 2.054520 160.814972 10.379169
v 3.109637 160.818817 10.514286
v 2.545778 160.160721 10.511887
v 2.355623 161.386581 10.333710
v 1.781904 160.659485 10.486633
v 3.692516 160.726440 9.901811
v 2.801279 160.183319 10.186981
v 3.028897 161.631668 10.016894
v 2.128653 161.017548 10.418098
v 3.193811 160.351425 9.923251
v 2.745792 160.878815 9.940262
v 3.512148 160.549622 9.746323
v 3.136042 161.164536 9.729867
v 3.267924 159.185745 9.948750
v 2.642021 160.042633 9.900276
v 3.883410 159.625854 9.333227
v 3.219851 160.517410 9.358532
v 3.283643 158.741501 6.108111
v 3.439718 158.808807 7.167379
v 3.705237 159.888870 6.184512
v 3.707933 159.855515 7.151341
v 3.161247 158.400253 7.844948
v 3.573764 159.719116 7.814653
v 3.098577 158.335709 6.897369
v 3.476709 159.632278 6.858261
v 3.188154 158.397354 8.194893
v 3.423349 159.661697 8.226774
v 3.355229 158.394485 7.289261
v 3.579120 159.713074 7.314751
v 3.582630 158.929230 7.644811
v 3.269572 158.801559 8.368526
v 3.626156 159.790192 7.736229
v 3.331589 159.633240 8.438136
v 3.538435 158.774017 7.887908
v 3.192514 158.646759 8.829716
v 3.565209 159.820511 8.083220
v 3.183152 159.658020 9.033206
v 3.679793 158.675476 8.276093
v 3.033143 158.342758 9.230564
v 3.510406 159.813019 8.359171
v 2.878266 159.505310 9.451931
v 2.849559 158.257950 9.783161
v 2.555660 159.400177 9.945442
v 3.664743 158.710495 8.515488
v 3.453528 159.915436 8.700809
v 3.178288 158.557236 9.676468
v 2.650681 159.644775 9.800678
v 3.592391 158.833221 9.225086
v 3.072097 159.911102 9.390047
v 3.065878 158.885941 9.808762
v 2.612083 159.797241 9.899052
v 3.496072 159.180649 9.349046
v 3.038898 160.067627 9.487131
v 3.270436 159.077408 10.064034
v 2.472230 159.953201 10.010403
v 3.692428 159.410843 9.692848
v 2.901968 160.323212 9.655612
v 2.996628 159.173340 10.577545
v 2.066391 159.840271 10.418415
v 3.880381 159.986618 9.799252
v 2.993244 160.758972 9.681952
v 3.005072 159.501099 10.480598
v 2.055190 160.146500 10.325233
v 3.840199 160.245941 9.818548
v 3.091454 161.124847 9.705720
v 3.040262 159.851166 10.334911
v 2.181705 160.587616 10.213711
v 3.687795 160.459930 9.994234
v 2.838175 161.198380 9.973363
v 4.397192 159.582687 3.978325
v 4.537968 160.751251 4.605992
v 4.680033 159.858871 3.505287
v 4.960217 161.157257 4.297510
v 4.358713 159.833374 4.543236
v 4.518212 160.713913 4.996270
v 4.550315 159.950592 3.946129
v 4.651247 160.862381 4.417533
v 4.545454 160.011322 4.067924
v 4.095587 159.648407 4.752114
v 4.724024 160.899200 4.537287
v 4.276178 160.491577 5.225992
v 4.554338 159.993011 4.030681
v 4.079180 159.608322 4.763545
v 4.738021 160.910797 4.511421
v 4.263900 160.478851 5.249093
v 3.773676 159.143188 5.229414
v 4.196245 160.357559 5.944520
v 4.493651 159.774536 4.150015
v 4.813394 160.989609 4.839987
v 3.781177 159.130356 5.614805
v 3.976102 160.132126 6.225260
v 4.483471 159.838928 4.628758
v 4.808203 160.968170 5.272487
v 4.254449 159.620972 5.114155
v 3.759205 159.063385 6.009144
v 4.525981 160.704742 5.722005
v 4.042135 160.159332 6.661158
v 3.779295 158.993362 6.347632
v 3.792022 159.957306 6.925937
v 4.404657 159.659210 5.729332
v 4.456810 160.605530 6.322483
v 3.566915 158.602448 7.153495
v 3.594909 159.788452 7.736906
v 4.332809 159.446518 6.020095
v 4.484020 160.641235 6.708933
v 3.703637 158.570557 7.469429
v 3.418701 159.620010 7.999528
v 4.655351 159.602142 6.587670
v 4.417913 160.689316 7.298884
v 3.745932 158.854050 6.474179
v 3.124192 158.230331 7.388676
v 3.916112 160.051178 7.159840
v 3.169833 159.342987 7.884024
v 3.682234 158.693130 7.674882
v 3.403359 159.666550 8.229231
v 4.068273 159.085770 7.317211
v 3.792141 160.083130 7.886367
v 3.741191 159.053894 8.218437
v 3.361213 159.769699 8.687198
v 4.053801 159.417862 7.981703
v 3.648377 160.134506 8.444531
v 3.343252 158.632080 8.488216
v 2.990111 159.332321 9.011132
v 3.809643 159.142700 8.260059
v 3.386604 159.838455 8.726138
v 3.115896 158.543518 8.894901
v 2.719941 159.109818 9.335590
v 3.655757 159.181549 8.699560
v 3.175013 159.758728 9.100517
v 4.196144 159.899384 8.902973
v 3.607643 158.875839 9.155159
v 3.373202 160.577576 9.253380
v 2.801291 159.552567 9.604485
v 3.784717 159.496124 9.266527
v 2.990795 159.967392 9.526191
v 4.284809 160.510468 8.955410
v 3.548725 161.005325 9.249680
v 4.539599 159.660156 7.159582
v 3.774516 158.851212 7.790161
v 4.170592 160.585159 7.767711
v 3.494957 159.821014 8.334175
v 4.247117 159.698120 7.959149
v 3.654720 159.004333 8.429283
v 3.823654 160.442657 8.428541
v 3.259104 159.734329 8.910630
v 3.928648 159.270187 8.902757
v 3.075027 159.951996 9.385937
v 4.230681 159.823212 8.828481
v 3.404419 160.501541 9.178417
v 3.885531 159.932861 9.292642
v 3.084527 160.340118 9.503494
v 4.103086 160.490509 9.212164
v 3.352112 160.915268 9.432280
v 3.856631 160.182175 9.503874
v 3.007032 160.536148 9.606657
v 4.016358 160.587891 9.420113
v 3.191747 160.965759 9.588903
v 3.569652 159.040192 9.504349
v 2.622264 159.591003 9.864288
v 3.874217 159.987045 9.411559
v 2.987377 160.499985 9.604127
v 3.549995 159.362701 9.758762
v 2.559851 159.733597 9.938663
v 3.740242 160.169952 9.622923
v 2.892087 160.676483 9.753761
v 3.743280 160.276733 9.724755
v 2.820196 160.494278 9.757504
v 3.890191 160.775131 9.675358
v 3.020215 161.067169 9.776144
v 3.981854 160.323334 9.613408
v 2.947195 160.766449 9.727614
v 4.277453 160.970215 9.586855
v 3.175201 161.274063 9.763493
v 4.921436 160.413803 4.310719
v 5.331104 161.463257 4.852522
v 5.258434 160.933167 4.133970
v 5.392029 161.582397 4.235052
v 4.924360 160.321182 3.788447
v 4.505482 159.900986 4.668063
v 5.233741 161.412796 4.293500
v 4.865074 161.011734 5.238348
v 4.301692 159.600571 5.255740
v 4.749171 160.846252 6.011981
v 4.882858 160.198837 4.170098
v 5.315824 161.463318 4.859468
v 4.580819 159.823929 5.499927
v 4.659958 160.805847 6.136222
v 5.084583 160.315826 4.878575
v 5.168785 161.322418 5.501284
v 4.832187 159.899658 5.709331
v 4.750897 160.875320 6.427166
v 5.389196 160.739929 5.424927
v 5.513645 161.775833 5.770147
v 4.460538 159.585266 5.938554
v 4.593116 160.758362 6.671072
v 5.141357 160.276062 5.337964
v 5.173135 161.365967 6.063291
v 3.809547 159.180969 5.860362
v 4.199272 160.294922 6.537017
v 4.282384 159.667862 5.153126
v 4.491927 160.659576 5.754306
v 4.063185 159.265137 6.436070
v 4.117206 160.285156 7.055874
v 4.570869 159.841583 5.763216
v 4.696714 160.853638 6.433791
v 4.404402 159.410980 6.858065
v 4.145717 160.446548 7.494435
v 5.488135 160.606003 6.076750
v 5.093733 161.615662 6.809710
v 5.170140 160.313858 6.280807
v 4.467304 159.506271 6.983566
v 4.857972 161.327789 7.080920
v 4.156592 160.506851 7.668166
v 4.000288 158.892639 7.172214
v 3.710785 159.940140 7.764471
v 4.947613 159.934753 6.250172
v 4.666623 160.969635 7.047224
v 4.087348 159.081879 7.392532
v 3.773141 160.128799 8.067749
v 4.665696 159.694885 6.820575
v 4.377211 160.726151 7.449685
v 4.411598 159.910400 7.864951
v 3.948102 160.643829 8.313494
v 4.844882 160.420700 7.551930
v 4.328568 161.103287 7.983826
v 4.487505 160.046509 8.063904
v 3.911815 160.731064 8.470020
v 4.826850 160.519226 7.810894
v 4.266133 161.221741 8.191666
v 4.118666 159.252228 8.059992
v 3.567876 160.201111 8.713410
v 4.721720 159.919220 7.583312
v 4.088721 160.884430 8.260017
v 4.624906 159.912613 7.788900
v 3.901214 159.066833 8.224501
v 4.028432 160.809601 8.312287
v 3.422189 159.952011 8.780596
v 4.013010 159.167297 8.524918
v 3.273546 160.009613 9.117223
v 4.857946 160.375473 8.101312
v 4.046292 161.199219 8.599355
v 4.240207 159.694962 8.921668
v 3.312208 160.353378 9.244001
v 4.572114 160.854935 8.629658
v 4.017705 161.582993 8.749781
v 4.164910 160.354385 9.091452
v 3.402319 160.818420 9.319176
v 4.448287 160.920120 8.919439
v 3.718437 161.357208 9.170729
v 4.099279 159.906143 9.291266
v 3.159323 160.473755 9.464990
v 4.529373 160.724213 9.006523
v 3.530356 161.250488 9.360311
v 4.117268 160.501526 9.325813
v 3.189845 160.921173 9.459249
v 4.192845 161.201447 9.422400
v 3.538690 161.663116 9.563775
v 4.044234 160.699142 9.441537
v 3.208524 161.108398 9.592669
v 4.147793 161.479202 9.515781
v 3.589763 161.936813 9.625418
v 4.048950 160.710098 9.492411
v 3.141155 161.169128 9.682463
v 4.135238 161.466553 9.571152
v 3.534930 161.922791 9.694947
v 4.232969 161.673599 9.638130
v 3.753512 160.787689 9.658195
v 3.358680 161.983871 9.871475
v 2.886447 161.184479 9.924218
v 3.984600 161.112808 9.859940
v 2.929158 161.426117 9.992186
v 4.021415 161.877441 9.895762
v 3.284788 162.278992 10.016203
v 3.332656 161.127594 10.062716
v 2.772378 161.758881 9.954542
v 3.899561 161.795746 10.065508
v 3.670340 162.422501 10.046260
v 3.463706 160.953751 10.182917
v 2.690681 161.837051 10.067890
v 3.887436 161.628464 10.195174
v 3.451809 162.390594 10.153049
v 3.641365 160.546799 9.903872
v 2.635079 161.027649 10.045902
v 3.773056 161.460785 9.989383
v 3.018278 161.952484 10.122106
v 3.327714 161.323364 10.697414
v 2.970776 160.513565 10.139015
v 2.241472 161.751297 10.710430
v 1.890292 160.863480 10.406910
v 2.514782 160.416016 10.644470
v 1.379306 160.616486 10.654793
v 2.560680 161.035416 10.981144
v 1.457804 161.184448 10.906544
v 1.632349 160.263992 11.279785
v 0.934057 159.866531 11.014435
v 1.430905 160.932281 11.551407
v 0.584977 160.487106 11.070576
v 4.361409 160.125641 8.702425
v 3.502629 160.806717 9.173574
v 4.776170 161.261215 8.475001
v 4.315057 162.038162 8.638675
v 4.957741 160.527756 7.444290
v 4.278928 159.710678 7.839661
v 4.420847 161.232605 7.886512
v 3.848044 160.506531 8.391018
v 4.702462 159.878632 7.182432
v 4.236047 160.695465 7.734741
v 5.336480 160.627884 6.695272
v 4.803559 161.436844 7.315135
v 5.105890 160.294922 7.242579
v 4.422281 161.152802 7.790986
v 5.688798 161.146774 6.791640
v 5.166132 161.925140 7.138377
v 4.759947 160.148697 7.736465
v 4.119421 160.937439 8.199024
v 5.359999 160.983017 7.393344
v 4.671864 161.723541 7.761085
v 4.841532 160.409500 7.939995
v 4.127606 161.241287 8.458269
v 5.244123 160.987823 7.723939
v 4.460912 161.750290 8.157088
v 4.858315 160.609650 8.096956
v 4.126419 161.333618 8.543386
v 5.175747 161.528473 7.803064
v 4.802464 162.268692 7.912414
v 5.745852 161.349869 6.167769
v 5.218312 160.673355 6.596498
v 5.339433 162.015060 6.711382
v 4.829118 161.270767 7.090763
v 5.501301 160.765427 5.886214
v 5.179977 161.606873 6.519675
v 5.855029 161.392120 5.596342
v 5.727534 162.164978 5.893497
v 5.558415 160.946793 5.828480
v 5.278690 161.707825 6.412395
v 6.098448 161.499283 5.316838
v 5.833341 162.265656 5.780090
v 6.633350 161.943436 4.828284
v 5.875567 161.323288 4.992235
v 6.089601 162.391495 5.385459
v 5.330009 161.473572 5.510701
v 5.653579 161.751221 5.287822
v 6.196236 162.497742 4.946771
v 5.901479 161.317200 4.654453
v 6.406586 161.698471 4.285982
v 5.675836 161.835892 4.842836
v 6.323665 162.532791 4.556121
v 5.945520 161.540482 4.369273
v 6.193562 161.768021 4.065915
v 6.025897 162.205444 4.295496
v 6.471723 162.870270 3.940416
v 6.083055 161.741898 3.793182
v 6.306488 162.059921 3.505570
v 6.179162 161.924225 3.947638
v 6.224476 162.416962 4.474928
v 6.407728 162.304459 3.724585
v 6.566987 162.997223 4.013284
v 6.353817 162.636566 4.594162
v 6.745875 163.296692 4.168841
v 6.444913 162.179489 3.982567
v 6.830239 162.677063 3.873598
v 5.400162 161.499039 5.472996
v 6.013036 162.308502 5.294298
v 5.851498 161.338547 4.975716
v 6.476588 161.881287 4.773014
v 5.635602 161.091919 6.553208
v 5.083166 161.756180 6.981528
v 6.149771 161.711777 5.972624
v 5.525195 162.344574 6.648514
v 5.285076 161.104935 7.497192
v 4.663972 161.751114 7.799942
v 5.379862 161.707993 7.375887
v 5.029597 162.239639 7.457330
v 5.157217 162.256287 7.996398
v 4.680164 161.470779 8.419483
v 4.726281 162.663010 8.195415
v 4.166317 161.661667 8.708160
v 4.350027 161.839386 8.979485
v 4.070282 162.536469 9.148802
v 4.733358 162.057770 8.798020
v 4.485289 162.790924 8.948812
v 4.270311 160.923767 8.926608
v 3.643033 161.338470 9.269311
v 4.681326 161.581512 8.723547
v 4.083990 162.015411 9.056228
v -5.054623 160.576553 4.837406
v -5.242571 161.033890 4.554032
v -5.194916 161.758606 5.395255
v -5.674636 162.265594 4.979727
v -5.274016 161.122879 4.660448
v -5.396333 161.454758 3.505309
v -5.353931 161.816696 5.124097
v -5.678891 162.447235 3.688419
v -5.565040 161.203445 4.979682
v -6.115149 161.849243 4.412560
v -5.353014 161.824890 5.692986
v -6.333182 163.040665 4.810220
v -6.166778 162.425690 3.527411
v -6.202230 163.152985 3.928144
v -6.215022 162.256653 4.084998
v -6.170651 162.754181 4.665891
v -6.690967 163.425125 3.615633
v -6.494336 163.548355 3.142703
v -6.636495 163.733215 4.077738
v -6.438849 163.958298 3.461905
v -6.630476 162.837341 4.557495
v -6.585492 163.007416 4.039105
v -6.374517 163.156662 4.861319
v -6.534432 163.524872 4.527870
v -6.508587 163.390289 3.393224
v -6.392074 163.792389 3.527279
v -6.510446 162.943481 3.837839
v -6.530791 163.338409 4.364006
v -6.718793 163.032166 4.451701
v -6.680339 163.542053 3.641008
v -6.543427 163.286652 4.764346
v -6.617048 163.966385 4.001787
v 3.719153 158.787537 4.386253
v 3.086458 158.155106 4.995056
v 3.634497 159.814301 4.973037
v 2.851050 159.006104 5.503700
v 2.815390 158.184601 4.991020
v 2.205416 157.704865 5.776245
v 2.932645 159.146500 5.517463
v 2.317645 158.640198 6.214565
v 1.709424 157.348022 6.420967
v 1.998521 158.407349 6.769474
v 2.151026 157.672485 5.531876
v 2.411286 158.735657 5.941677
v 2.034177 157.665176 5.918949
v 1.399865 157.305817 6.660347
v 2.272006 158.583313 6.382549
v 1.597556 158.210678 7.071716
v 1.619562 157.513214 6.255703
v 1.064754 157.296295 7.035347
v 2.032097 158.397430 6.700111
v 1.436498 158.161530 7.417686
v 1.585596 157.496964 6.684952
v 1.005759 157.248352 7.428051
v 1.991604 158.400650 7.086021
v 1.282795 158.094055 7.811340
v 1.680522 157.603760 7.401077
v 1.052922 157.354721 8.154964
v 2.009858 158.460083 7.782276
v 1.380494 158.185287 8.469414
v 2.533826 158.103088 7.198376
v 2.774934 159.006424 7.555294
v 2.749505 158.314163 6.638805
v 3.098602 159.248184 7.067021
v 2.076764 157.606796 7.754417
v 2.277537 158.654419 8.196632
v 2.356254 157.786194 7.266491
v 2.698329 158.914566 7.732647
v 1.318768 157.340210 8.449615
v 1.557337 158.264511 8.974648
v 2.522365 157.847412 7.528446
v 2.801681 158.881180 8.135830
v 2.530853 158.227737 8.423382
v 1.771690 157.771561 8.604073
v 2.391032 158.741455 8.947067
v 1.593294 158.277298 9.031269
v 1.874710 157.776917 8.771439
v 1.409621 158.261154 9.233345
v 2.462187 158.088547 8.887386
v 2.030294 158.535873 9.461136
v 1.855086 157.780716 9.158512
v 1.271838 158.221771 9.593842
v 2.386431 158.112228 9.428028
v 1.809618 158.551865 9.900299
v 2.724149 158.359665 10.034256
v 1.868508 157.668655 9.384399
v 1.839465 158.879395 10.429745
v 0.987495 158.161560 9.800781
v 2.230292 158.268051 10.386185
v 1.284953 158.378281 10.162731
v 2.291185 158.772491 10.771927
v 1.368903 158.781982 10.667553
v 2.282008 159.347061 11.165627
v 2.280011 158.249893 10.652927
v 1.166151 159.341843 11.019890
v 1.188415 158.312332 10.297718
v 2.142373 158.795685 11.054569
v 1.069916 158.583298 10.736187
v 1.947270 159.725296 11.265133
v 0.906773 159.499069 11.120045
v 2.052227 159.382339 11.264095
v 1.050465 158.927292 10.986740
v 1.745431 160.401520 11.881992
v 0.714294 159.880386 11.132622
v 2.065189 159.742554 11.284824
v 1.192591 159.323441 10.983521
v 1.705788 160.744965 11.814186
v 0.725849 160.213806 11.109314
v 2.394304 160.059753 10.791992
v 1.523333 159.940292 10.738880
v 2.344633 160.655609 10.788353
v 1.439801 160.610428 10.704777
v 2.954484 160.099182 10.433620
v 2.817590 159.152924 10.429424
v 2.044456 160.255432 10.447144
v 1.890867 159.205429 10.495617
v 3.726463 160.324509 9.587767
v 2.675787 160.840790 9.892217
v 4.078832 161.460312 9.668281
v 3.454966 162.077576 9.836291
v 3.270539 161.424255 10.250120
v 2.724193 162.003036 10.130792
v 3.620497 161.922821 10.223505
v 3.322933 162.448486 10.176090
v 3.260109 161.872147 10.665894
v 2.669043 162.358170 10.467060
v 3.487893 162.311600 10.741058
v 3.134212 162.681519 10.444397
v 0.907234 157.185593 7.569458
v 1.933983 157.477661 7.358112
v 0.545431 157.832733 6.690475
v 1.554036 158.112488 6.456135
v -0.798464 157.128403 7.310394
v 0.696108 157.242981 8.003708
v -0.194185 157.783173 6.470947
v 1.183285 157.982483 7.160057
v 1.750179 157.420868 6.977364
v 1.308743 158.036667 6.152706
v 0.555213 157.151062 7.344837
v 0.122878 157.780792 6.543781
v 0.649452 157.322586 7.014008
v 1.133516 157.347656 6.549198
v 0.022215 157.828918 6.571709
v 0.493241 157.854813 6.100040
v -1.528545 157.396271 7.240982
v -0.011960 157.097260 7.526127
v -1.155645 158.053421 6.334755
v 0.473129 157.786560 6.591167
v -0.840984 157.488495 7.716270
v -0.264762 157.309067 7.521233
v -0.976479 158.054947 7.027821
v -0.428002 157.869034 6.841686
v -0.423617 157.153397 8.073330
v -0.358406 157.748932 7.132584
v -1.614778 157.653168 8.238552
v -1.519840 158.329987 7.335899
v -1.593852 157.778336 8.167706
v -0.927566 157.501419 8.055698
v -1.502541 158.319061 7.437382
v -0.827966 158.003616 7.311234
v -1.531195 157.798340 8.341019
v -1.008405 157.542313 8.089813
v -1.695178 158.424561 7.630291
v -1.046328 158.102814 7.393467
v -1.731586 157.713760 8.830879
v -0.323239 157.132446 8.346302
v -1.957841 158.565079 7.968437
v -0.349897 157.753006 7.426163
v -0.700968 157.328094 8.559753
v 0.293392 157.184830 8.205467
v -1.046274 158.037811 7.729469
v -0.071438 157.839783 7.334919
v -0.523790 157.320831 8.662247
v 0.964886 157.167740 8.059555
v -0.945252 158.029785 7.841423
v 0.590190 157.809952 7.154278
v -0.531219 157.149170 7.016754
v -0.741639 157.229599 7.644711
v 0.486747 157.857758 7.072857
v 0.318561 157.865295 7.658947
v 0.074084 157.233612 8.135746
v 1.079044 157.452011 8.374119
v 0.280344 157.827515 7.325119
v 1.338823 158.084579 7.582634
v 0.687976 157.404999 8.264271
v 1.197346 157.618500 8.516891
v 0.922050 157.942780 7.561684
v 1.535603 158.209885 7.812080
v 0.128659 157.129745 8.700104
v 1.516552 157.522003 9.085224
v 0.304963 157.751068 7.772457
v 1.822135 158.358337 8.293377
v -0.216093 157.272827 8.640545
v 0.574565 157.439880 9.074219
v 0.260649 157.854599 7.925430
v 1.038248 158.107620 8.450592
v 0.570364 157.263580 7.288544
v -0.184856 157.855057 7.646698
v 1.183270 157.425781 8.055862
v 0.364129 157.973190 8.330185
v 0.274360 157.322113 8.759331
v 0.790283 157.151154 8.012192
v -0.657322 158.022781 8.286205
v -0.127347 157.831375 7.519386
v -1.108155 157.474884 9.150097
v 0.255130 157.149567 8.462234
v -1.583282 158.319717 8.353462
v -0.087034 157.776505 7.605473
v -1.593279 157.708282 9.178642
v -0.707318 157.374939 8.820160
v -1.699838 158.442642 8.406761
v -0.801409 157.996521 8.040298
v -1.671593 157.810730 9.240059
v -1.054678 157.596634 8.997540
v -1.755599 158.459412 8.553959
v -1.124081 158.173218 8.307873
v -1.682253 157.845749 9.529022
v -1.078516 157.623260 9.126019
v -1.870508 158.537445 8.877758
v -1.360010 158.276413 8.464317
v -1.473424 157.660873 9.892292
v -0.756003 157.407700 9.222870
v -1.811756 158.495453 9.283321
v -1.053797 158.134644 8.557072
v -0.426320 157.520676 9.567287
v -0.153652 157.442245 9.081902
v -1.055252 158.168091 9.279324
v -0.768907 158.064575 8.711742
v 0.267969 157.388229 9.166943
v 0.179728 157.268280 8.708637
v -0.720418 158.091431 9.207039
v -0.817544 158.071426 8.614120
v 0.348714 157.408585 9.276512
v 0.704247 157.319626 8.611767
v -0.430656 158.035965 9.098061
v -0.165488 157.935989 8.240955
v 1.350768 157.346359 8.905163
v 0.340066 157.103027 7.929848
v 0.595930 158.014587 9.305481
v -0.525694 157.964844 8.311043
v 0.132385 157.215866 8.087498
v -0.582107 157.345993 8.748295
v 0.804537 158.026215 8.335247
v 0.154612 158.032547 9.029613
v 0.363960 157.481262 9.360683
v 1.105447 158.130920 9.117931
v 0.043667 157.378311 8.674366
v 0.715311 158.012253 8.262833
v 0.510357 157.440948 8.946804
v 0.809591 157.545654 9.376423
v 0.980084 158.070938 8.515526
v 1.370559 158.246490 9.013103
v 0.656949 157.493759 9.095776
v 0.930111 157.577011 9.534958
v 1.206134 158.168686 8.648094
v 1.477120 158.270889 9.178089
v 0.779120 157.552277 9.197224
v 1.054557 157.612701 9.643494
v 1.325683 158.227661 8.752560
v 1.683306 158.322815 9.357147
v 0.672445 157.504501 9.274460
v 0.950332 157.571732 9.816593
v 1.102734 158.179626 8.914356
v 1.529947 158.257965 9.508747
v 0.245524 157.476425 9.560749
v 0.776487 158.170990 9.812050
v 0.830591 157.387177 8.881531
v 1.416565 158.178772 8.957432
v 0.724314 157.232071 8.476658
v -0.678951 157.261642 9.218559
v 1.121209 158.131302 8.909657
v -0.266970 158.012573 9.803928
v 0.831596 157.344620 8.980511
v 0.050838 157.223145 8.587948
v 0.254861 158.061646 9.477966
v -0.554176 158.037277 9.051304
v 0.475822 157.367538 9.395699
v 0.119098 157.272659 8.804230
v -0.397550 158.080872 9.798367
v -0.803928 158.074112 8.929508
v -0.394974 157.555420 9.895451
v -0.384444 157.428757 9.297733
v -1.009955 158.228256 9.784946
v -1.016432 158.117844 9.128502
v -0.773335 157.613098 9.285450
v -1.249896 158.204971 9.167637
v -0.655642 157.749741 10.036655
v -1.250971 158.339294 10.049732
v -0.663546 157.734818 10.210850
v -0.875830 157.582336 9.529785
v -1.260857 158.431396 10.204174
v -1.418537 158.282715 9.485977
v -0.672162 157.706665 10.403877
v -0.671029 157.559601 9.728241
v -1.150816 158.420898 10.306454
v -1.318008 158.301102 9.684582
v -1.128908 157.426559 9.583630
v -1.660291 158.350082 9.124550
v -1.289399 157.824646 10.648987
v -1.820797 158.849548 10.221272
v -1.751751 157.903305 9.669262
v -1.859558 158.494019 9.101631
v -2.033303 158.373764 10.280254
v -2.194931 158.970184 9.752617
v -1.766732 157.816376 9.788120
v -1.912226 158.548981 9.104424
v -2.134991 158.527344 10.591888
v -2.307131 159.196548 9.897888
v -1.514864 157.720230 9.886311
v -1.891515 158.529099 9.517597
v -1.415882 158.169083 10.775909
v -1.773698 158.960922 10.293854
v -1.147942 158.067017 10.978142
v -1.193648 157.755753 10.350716
v -1.466821 158.819107 10.511524
v -1.574610 158.510269 10.010109
v -0.418823 157.763123 10.920750
v -0.857849 157.494827 9.996964
v -0.935494 158.620285 10.754520
v -1.425978 158.379990 9.984699
v 0.164431 157.578598 9.969139
v -0.337801 157.483749 9.610455
v -0.295321 158.225983 10.340302
v -0.834560 158.204163 9.901951
v 0.864152 157.436066 9.553108
v -0.109526 157.386795 9.310871
v 0.700416 158.146378 10.189751
v -0.387434 158.136215 9.880165
v 0.943210 157.244171 9.347851
v 0.034790 157.266098 9.651543
v 1.228981 158.217773 9.767551
v 0.183223 158.180542 10.088837
v 0.224221 157.430511 10.031483
v 0.694055 158.272675 10.389420
v 1.135302 157.345779 9.300941
v 1.607536 158.301987 9.558918
v 0.758200 157.523773 10.531036
v 1.325208 158.539124 10.534969
v 1.101416 157.361130 9.458477
v 1.752329 158.338867 9.385860
v 1.373210 157.715515 9.706329
v 1.136542 157.780991 10.316879
v 1.845824 158.477737 9.627323
v 1.595349 158.561890 10.246784
v 1.455984 157.581345 9.783516
v 1.056613 157.820663 10.770462
v 1.926386 158.485916 9.649990
v 1.486757 158.726059 10.556225
v 0.407771 157.198441 7.907516
v 1.530602 157.540863 8.002052
v 0.484073 157.814667 7.070942
v 1.482660 158.148682 7.192505
v 1.774315 157.570221 8.337749
v 1.679261 158.233658 7.450249
v 0.584116 157.231537 8.310154
v 0.389643 157.780579 7.421017
v 0.584294 157.258438 8.400780
v 1.173704 157.486771 8.575497
v 0.871006 157.918854 7.528877
v 1.486280 158.189377 7.777138
v 0.511475 157.329788 8.613628
v 1.434830 157.612762 8.906441
v 0.754405 157.914185 7.810001
v 1.681300 158.286392 8.154999
v 1.581508 157.687683 9.291275
v 1.989960 158.439682 8.713177
v 0.764871 157.501221 8.788525
v 1.109897 158.091919 8.158855
v 1.249073 157.543198 9.570332
v 1.894593 158.416107 9.093105
v 0.712165 157.330597 8.763645
v 1.289347 158.110092 8.181255
v 0.742301 157.350128 9.049786
v 1.189979 157.490189 9.694309
v 1.434145 158.229340 8.411396
v 1.857004 158.399170 9.195190
v 1.128733 157.673996 9.905582
v 1.759058 158.452805 9.807411
v 1.055732 157.498520 9.079781
v 1.609357 158.264893 8.748543
v 0.883568 157.496796 10.467651
v 1.516871 158.411133 10.282146
v 0.864177 157.366119 9.317680
v 1.536281 158.287445 9.078831
v 1.454004 157.369186 9.266159
v 0.284726 157.479858 10.259987
v 1.983359 158.373276 9.525410
v 0.783801 158.438766 10.678326
v 0.378479 157.734695 10.600422
v 0.672213 158.609192 10.849922
v 1.267101 157.691986 10.024345
v 1.591080 158.528671 10.235924
v 0.228431 157.681152 10.962521
v 0.331246 158.856934 11.101833
v 1.348429 157.625885 10.538185
v 1.569482 158.758942 10.547958
v -0.915512 157.500244 9.407383
v -0.115013 157.357819 8.830326
v -1.332396 158.239639 8.796997
v -0.565166 157.982346 8.185513
v -1.748176 157.808060 9.332451
v -0.655026 157.409927 8.860516
v -1.896088 158.544540 8.668259
v -0.715059 157.966568 8.150990
v -0.477052 157.282303 9.176731
v -0.828961 158.012390 8.415173
v -1.457594 157.603302 9.904312
v -1.823666 158.503952 9.243408
v -1.139483 157.670013 9.183990
v -1.399611 158.247726 8.776722
v -1.483073 157.920853 9.898319
v -1.826405 158.569550 9.529411
v -1.195463 157.722290 10.601864
v -1.041150 157.397446 9.708923
v -1.730435 158.697739 10.144924
v -1.595294 158.348083 9.230755
v -1.165742 157.995544 11.017956
v -1.182253 157.529678 10.063904
v -1.520733 158.850983 10.482960
v -1.645654 158.396973 9.671722
v -0.983442 157.913467 11.118198
v -1.113502 157.616577 10.498966
v -1.463339 158.869385 10.570110
v -1.571726 158.551346 10.075294
v -1.063153 157.635742 9.990028
v -1.579414 158.457626 9.974155
v -0.593281 157.919968 10.925091
v -1.067289 158.707870 10.762505
v -0.092169 157.560272 10.422508
v -0.906437 157.451263 9.986549
v -0.412700 158.481918 10.709419
v -1.344547 158.357620 10.205124
v 0.266481 157.443802 10.337795
v -0.295620 157.363007 10.023663
v -0.153112 158.328674 10.575214
v -0.765300 158.301010 10.312489
v 0.651627 157.418488 10.282196
v -0.365950 157.356125 10.087246
v 0.414852 158.442444 10.703861
v -0.602371 158.315414 10.475197
v 0.922728 157.661880 10.460796
v -0.416528 157.598969 10.363277
v 0.841137 158.533676 10.788204
v -0.541144 158.371460 10.586418
v 0.674769 157.722015 10.496220
v -0.105661 157.685928 10.451160
v 0.491508 158.544601 10.828239
v -0.231922 158.508636 10.772163
v -0.618912 157.652588 10.633175
v -0.887192 158.534531 10.690208
v 0.315069 157.849731 10.997543
v 0.153227 158.712845 11.014481
v 0.155052 157.839981 11.054844
v -0.774308 157.631317 10.626945
v -0.166097 158.814133 11.062466
v -1.093075 158.634430 10.672447
v -0.172077 158.084381 11.321911
v -1.115700 157.750290 10.600700
v -0.426349 158.979431 11.155346
v -1.442872 158.680450 10.484825
v -0.778348 158.201477 11.124657
v -1.256461 157.982407 10.666222
v -1.099963 159.099182 10.898746
v -1.581480 158.907349 10.495445
v -1.529931 157.856674 10.675453
v -1.912556 158.925568 10.195129
v -1.172727 158.615280 11.586956
v -1.360974 159.550476 10.873566
v -0.969607 158.962372 11.847359
v -1.721370 158.006058 11.024521
v -1.078736 159.771408 11.008114
v -1.965616 158.970551 10.300529
v -1.558794 158.234116 10.993153
v -1.762684 159.178360 10.587791
v -0.805219 158.592651 11.468510
v -0.908354 159.438110 11.018574
v -1.243835 158.024765 11.280319
v -1.398902 158.969681 10.710724
v -0.145295 158.146591 11.580608
v -0.360146 159.262756 11.241249
v -0.993083 158.191711 11.274632
v -1.056618 158.989441 10.909077
v 0.180055 158.171692 11.350990
v 0.034920 159.147308 11.224842
v 0.322993 157.900223 11.296345
v -0.404112 157.888458 11.329311
v 0.238631 158.969299 11.097633
v -0.487536 158.942169 11.056435
v -0.543227 157.862106 11.319073
v -0.705106 158.935089 11.035046
v 0.796575 157.934219 11.300236
v 0.718389 158.986923 11.067055
v 1.548410 158.042740 11.221790
v -0.239811 157.963058 11.432526
v 1.474832 159.166092 10.888996
v -0.282645 159.067139 11.145027
v 0.146237 158.073105 11.463764
v 0.138515 159.214172 11.241127
v 1.467605 158.113251 11.193977
v 1.430173 159.183975 10.851349
v 1.444620 158.105133 11.113914
v 0.749735 158.104233 11.323235
v 1.449665 159.188812 10.809002
v 0.794254 159.242386 11.109844
v 1.772100 157.987793 10.908623
v 1.026340 158.170334 11.407543
v 1.982115 159.185242 10.443813
v 1.181444 159.377090 10.980083
v 1.950315 158.442245 10.803493
v 1.366356 158.698212 11.266022
v 2.018490 159.306244 10.440971
v 1.351588 159.462463 10.878235
v 1.111776 158.359024 11.411716
v 1.242526 159.545044 10.965843
v 2.129414 158.198486 10.808922
v 2.239282 159.341080 10.338139
v 2.005969 158.300980 11.140907
v 0.357385 158.232925 11.511101
v 1.972187 159.551758 10.689156
v 0.339451 159.438477 11.252525
v 1.616631 158.549240 11.536472
v -0.174331 158.460144 11.735329
v 1.537700 159.649048 10.930393
v -0.189733 159.482468 11.207870
v 1.136148 158.828278 11.571819
v -0.352768 158.737762 11.639530
v 1.059109 159.738693 11.032139
v -0.369527 159.622192 11.144939
v -0.647447 159.151794 11.785633
v -0.662814 159.842957 11.093628
v 0.741100 159.124542 11.747795
v 0.538891 159.813934 11.137676
v 0.238560 158.966507 11.903793
v -0.611916 159.106979 11.883415
v 0.147117 159.823044 11.193478
v -0.605768 159.868637 11.093395
v 0.291725 158.761353 11.709961
v -0.880261 158.802277 11.628555
v 0.171539 159.763550 11.248951
v -0.876363 159.720642 11.024178
v -0.170094 158.650299 11.602188
v -0.873686 158.658844 11.529243
v -0.217662 159.466766 11.204723
v -0.880475 159.450821 11.046196
v -0.235892 158.387512 11.646950
v -1.119888 158.198685 11.315804
v -0.389767 159.326721 11.241947
v -1.262320 159.072403 10.779358
v -0.663695 158.531601 11.444008
v -1.256991 158.422394 11.206871
v -0.863470 159.399200 11.035938
v -1.396291 159.205734 10.729290
v -1.181293 158.915283 11.499844
v -1.532356 158.622437 11.191208
v -1.259220 159.642548 10.843513
v -1.666852 159.320694 10.549168
v -1.526168 159.359192 11.486153
v -1.952330 158.725891 11.057167
v -1.522926 159.992233 10.712132
v -2.017340 159.388489 10.296371
v -1.902070 159.384552 11.051735
v -2.126727 158.977188 10.823532
v -1.882295 160.013046 10.422745
v -2.204545 159.576111 10.139320
v -1.672390 159.835922 11.277527
v -2.157637 159.254517 11.001228
v -1.668661 160.432480 10.595024
v -2.257879 159.863556 10.176407
v -1.398507 159.726334 11.551403
v -1.798574 159.396469 11.353905
v -1.365750 160.334167 10.732914
v -1.773356 159.987976 10.453423
v -0.649852 159.964035 12.315155
v -1.789069 159.171692 11.566639
v -0.637571 160.380386 11.118370
v -1.736514 159.735031 10.600056
v -0.329918 159.564301 12.303490
v -1.247831 159.192673 11.781929
v -0.319071 160.106461 11.170498
v -1.201249 159.887589 10.844917
v -1.286289 159.285965 11.704254
v -1.250797 159.963364 10.816891
v -0.164941 159.637772 12.131695
v -0.196569 160.233887 11.214912
v 0.192716 159.214233 11.924686
v -0.619658 159.225494 11.844090
v 0.076436 160.095505 11.194675
v -0.629564 160.051453 11.015572
v 0.691287 159.395157 11.689301
v -0.295350 159.403107 11.742828
v 0.489974 160.101013 11.081364
v -0.266880 160.097565 11.116493
v -0.456954 159.217377 11.852535
v -0.419660 160.049774 11.064587
v 1.091965 159.315018 11.792526
v 0.894596 160.158386 11.002850
v 0.295239 159.406128 11.694878
v 0.227983 160.035416 11.194252
v 1.313682 159.507904 11.430801
v 1.151027 160.052017 10.905880
v 1.727421 159.456329 11.583611
v 0.554962 159.418045 11.921768
v 1.475105 160.211304 10.804493
v 0.461672 160.150528 11.108147
v -1.073650 159.143997 11.715374
v -1.571567 158.586563 11.247433
v -1.126636 159.868805 10.965050
v -1.717880 159.379028 10.523212
v -0.519668 160.026306 12.338051
v -1.692858 159.154510 11.638542
v -0.457008 160.464005 11.218422
v -1.651212 159.831329 10.636101
v -0.793153 159.947968 11.768742
v -1.431331 159.507538 11.428585
v -0.728162 160.533249 11.078808
v -1.426532 160.131516 10.640877
v -0.440794 159.857590 12.021423
v -1.398566 159.603577 11.678864
v -0.508300 160.474747 11.042282
v -1.350569 160.250839 10.780975
v -1.176953 159.727386 11.724464
v -1.117204 160.332794 10.903824
v 0.207157 159.778214 11.917316
v 0.100360 160.416092 11.123043
v -0.520456 159.778732 11.648525
v -0.532627 160.419983 11.024494
v 0.736251 159.819260 11.644905
v 0.537442 160.462952 11.057030
v 1.236920 159.560547 11.389568
v 0.404592 159.476501 11.653660
v 1.081324 160.579666 10.869751
v 0.374459 160.565216 11.090199
v 0.780770 159.798981 11.197468
v -0.355119 159.742905 11.223022
v 0.651216 160.873795 11.134651
v -0.487622 160.838959 11.138809
v 0.710136 159.925690 11.532547
v -0.417398 159.939575 11.590614
v 0.611205 160.862823 10.965069
v -0.532679 160.885773 10.996284
v 0.611096 160.603470 11.385098
v 0.000886 160.367035 11.372540
v 0.329190 161.258270 10.970547
v -0.233180 161.132568 10.904594
v -0.147764 160.370468 11.332745
v -0.269292 161.208008 10.928230
v 0.873373 160.604294 11.330727
v 0.679519 161.303802 10.930397
v 0.879824 160.640961 11.321869
v 0.348440 160.443405 11.326485
v 0.681652 161.315903 10.933018
v 0.070565 161.250534 10.961102
v 0.714407 160.368866 11.435760
v 0.086353 160.261963 11.472275
v 0.362564 161.317108 10.970005
v -0.202018 161.189484 10.915691
v -0.535674 160.604584 11.388409
v -0.602830 161.296417 10.935047
v 0.461266 160.519714 11.331306
v 0.339499 161.280441 10.919388
v -0.537675 160.612259 11.371548
v -0.595954 161.359238 10.929707
v 0.449154 160.634674 11.333733
v 0.330961 161.330658 10.920727
v 0.903095 160.733032 11.510715
v 0.028543 160.439087 11.468288
v 0.626013 161.477661 11.000004
v -0.239669 161.258224 10.982925
v 1.036642 160.410477 11.296665
v 0.424604 160.393494 11.402466
v 0.754851 161.392014 10.910431
v 0.110700 161.334686 10.988792
v -0.003610 160.554016 11.416187
v -0.124738 161.447800 11.015900
v 1.129291 160.406082 11.246433
v 0.979186 161.375946 10.813484
v 1.104957 160.372650 11.229786
v 0.497989 160.452606 11.416786
v 0.947462 161.361954 10.854691
v 0.309887 161.412766 10.983643
v 1.097368 160.732208 11.288662
v 0.447363 160.705414 11.327972
v 0.971809 161.365723 10.848267
v 0.332415 161.415512 10.980320
v 1.661339 161.051620 11.521591
v 0.439652 160.195251 11.553364
v 1.162896 161.566650 10.801888
v -0.068992 161.091019 10.965263
v 1.133801 160.413773 11.307549
v 0.157209 160.317764 11.465969
v 0.810784 161.489075 10.955170
v -0.076040 161.362183 11.042107
v 0.648955 160.890701 11.417023
v 0.059062 160.692459 11.335217
v 0.307042 161.582672 11.027042
v -0.231279 161.388916 10.987343
v -1.089527 160.007019 11.568287
v -1.762096 159.602905 11.285492
v -1.048459 160.591660 10.888443
v -1.741824 160.180435 10.517010
v -0.689287 160.191254 11.662968
v -1.430051 159.965988 11.266502
v -0.735845 160.640488 10.945702
v -1.439095 160.430420 10.731094
v -1.563981 157.800903 9.972210
v -1.082419 157.493607 9.194794
v -2.024810 158.676636 9.462395
v -1.548648 158.293549 8.602768
v -1.725958 157.641174 9.515915
v -0.853421 157.360962 9.159313
v -1.912556 158.546860 8.695927
v -0.963795 158.094620 8.274158
v -0.540976 157.417877 9.667629
v -0.229561 157.346985 9.206711
v -1.285856 158.231079 9.258907
v -0.975923 158.138031 8.686348
v -0.499312 157.454758 9.676849
v -0.056019 157.319412 8.946918
v -1.192006 158.201141 9.296951
v -0.650542 158.000977 8.475933
v -0.882959 157.523315 9.202930
v -0.110900 157.322449 8.666439
v -1.365323 158.260406 8.560669
v -0.513140 157.934967 7.976219
v -1.108853 157.466431 8.587746
v -0.359382 157.287323 8.561539
v -1.020575 158.085434 7.769344
v -0.401494 157.896439 7.653187
v -0.453210 157.416809 8.167610
v 0.207237 157.315338 7.935753
v -0.666145 157.948196 7.474571
v -0.038589 157.832306 7.249531
v 0.879679 157.298447 7.478550
v 0.386287 157.841248 6.883438
v -0.093440 157.347000 8.060429
v -0.530948 157.901138 7.459400
v 1.186146 157.223862 7.599281
v 0.558499 157.843063 6.869877
v 0.072999 157.241501 8.260841
v -0.475904 157.888397 7.545712
v 1.484060 157.299103 6.545113
v 0.537571 157.880310 6.182732
v 0.903903 157.212158 7.542625
v -0.150604 157.801895 7.172226
v -0.735185 157.539902 8.671024
v -0.103219 157.363632 8.416489
v -0.982369 158.111465 8.053646
v -0.367310 157.878723 7.752426
v -1.304625 157.525650 10.009529
v -0.639733 157.285538 9.356689
v -1.738819 158.458481 9.330360
v -0.985575 158.105881 8.608944
v -1.309889 157.810837 10.551193
v -1.215627 157.596848 9.958164
v -1.846044 158.821960 10.134068
v -1.787190 158.559662 9.523708
v -1.430587 158.358887 11.227905
v -1.551797 157.851044 10.623550
v -1.682821 159.249863 10.512932
v -1.939439 158.902557 10.128742
v -1.257433 158.991165 11.417202
v -1.698954 158.659470 11.016022
v -1.332365 159.668274 10.803959
v -1.801921 159.270172 10.451443
v -1.873480 158.689560 11.374912
v -1.897137 159.370071 10.526150
v -1.024269 159.190704 11.837460
v -1.054483 159.910751 10.909786
v -1.677678 158.925049 11.326614
v -1.649930 159.525772 10.608891
v -0.995486 159.418442 11.723236
v -0.945782 159.978012 10.974812
v -0.915002 159.225006 11.458138
v -1.332580 159.024918 11.301910
v -0.932776 159.786789 10.923172
v -1.374359 159.658218 10.790058
v -1.448786 159.644394 11.460285
v -2.045435 159.150116 11.152477
v -1.434629 160.230011 10.676788
v -2.029507 159.725800 10.367168
v -1.752400 159.835449 11.287441
v -2.239430 159.267242 11.021065
v -1.776891 160.531418 10.532475
v -2.360927 159.982513 10.101707
v -1.826634 159.799561 11.204708
v -2.350639 159.305817 10.940228
v -1.887746 160.573807 10.453259
v -2.410357 160.045593 10.072514
v -1.802233 159.803757 11.250172
v -2.294070 159.240555 10.989002
v -1.820805 160.504425 10.488743
v -2.418533 159.955505 10.073921
v -1.363859 159.337418 11.565609
v -1.815032 158.995758 11.340000
v -1.355231 160.023956 10.706997
v -1.804516 159.720413 10.496979
v -0.896686 158.936661 11.561546
v -1.336793 158.826889 11.412560
v -0.926866 159.684616 10.990173
v -1.380542 159.583267 10.795300
v -0.485475 158.828033 11.907253
v -1.328897 158.552933 11.583694
v -0.567196 159.732880 11.129658
v -1.381988 159.494873 10.806152
v -0.425805 158.770706 11.703987
v -1.058522 158.683334 11.519367
v -0.489808 159.548538 11.196339
v -1.104008 159.426102 10.909794
v -1.042028 158.073746 11.349514
v -1.127372 159.133987 10.968246
v 0.276655 158.108551 11.444000
v 0.144477 159.246170 11.223892
v -0.722655 158.193726 11.489029
v -0.853286 159.385941 11.104362
v 0.527489 158.201782 11.429993
v 0.550820 159.359436 11.183571
v 0.908456 158.755844 11.572235
v 0.134850 158.668411 11.615551
v 0.780687 159.550232 11.139980
v 0.059197 159.476776 11.206612
v 1.469983 158.565887 11.487831
v 0.754996 158.492691 11.645180
v 1.331748 159.522369 10.918262
v 0.657705 159.476654 11.162289
v 1.700649 158.640060 11.109791
v 1.088480 158.687561 11.429062
v 1.706854 159.482773 10.643169
v 1.155547 159.569580 11.006790
v 2.043997 158.832809 11.298969
v 1.192322 159.022659 11.730774
v 1.950738 159.808563 10.543392
v 1.078233 159.960602 10.968925
v 2.010700 159.363754 11.380939
v 1.096823 159.413269 11.787140
v 1.852569 159.980560 10.608570
v 0.926085 160.120331 10.976040
v -3.397384 161.252350 10.538105
v -3.652479 161.837723 10.372326
v -2.749660 162.015991 10.364399
v -3.252274 162.552979 10.253040
v -3.120196 161.959488 10.576870
v -3.528125 162.343277 10.471687
v -2.726631 162.401260 10.421520
v -3.137203 162.775665 10.419407
v -0.531050 160.675964 11.373695
v -0.772952 161.287903 11.461506
v 0.004484 161.102356 10.947567
v -0.261345 161.590637 11.040222
v -0.744884 160.672134 11.324249
v -0.974862 161.307922 11.325203
v -0.089965 160.882416 10.913261
v -0.348962 161.448105 10.958206
v -0.381638 159.999298 11.457962
v -1.024747 161.453186 11.316635
v 0.453202 160.453262 10.936684
v -0.232984 161.618881 10.881329
v -1.779755 159.411438 11.414684
v -2.219807 160.089539 10.953484
v -0.898201 159.655533 11.125622
v -1.430572 160.442032 10.659134
v -2.294282 159.097000 11.019379
v -2.661000 159.561691 10.805382
v -1.394107 159.592087 10.742077
v -1.768823 160.104828 10.491230
v -2.112841 160.178452 10.645309
v -2.830484 160.736298 10.499596
v -1.721787 161.102768 10.793327
v -2.371281 161.553726 10.523933
v -3.638632 161.964981 10.360355
v -3.195590 162.477753 10.279087
v -2.935730 161.292984 10.573074
v -2.546800 161.812317 10.422016
v -3.336727 160.554932 9.898975
v -4.054678 161.317261 9.526719
v -2.962404 161.321350 9.998375
v -3.961474 162.122787 9.376497
v -3.583926 160.960953 10.114555
v -4.452837 161.727631 9.707621
v -3.091826 161.827759 10.083881
v -3.898492 162.550613 9.705236
v 4.087987 160.625717 9.271789
v 3.629488 161.593323 9.463190
v 4.752293 161.036224 8.676641
v 4.289039 162.072540 8.745133
v 4.350066 160.676086 9.163584
v 3.874394 161.722641 9.252706
v 4.945372 161.441269 8.295613
v 4.822280 162.415115 7.955263
v 3.912955 161.251511 10.138206
v 3.016020 162.020325 10.117562
v 4.289217 161.982300 9.870657
v 3.862703 162.772873 9.747303
v 2.310385 159.847534 10.960369
v 1.256760 160.218597 10.775646
v 2.570497 160.310699 10.725563
v 1.613351 160.771606 10.626331
v 0.899132 159.187286 12.016006
v -0.279514 159.092880 11.986511
v 0.753213 159.884155 11.113152
v -0.335242 159.806503 11.131111
v -1.263453 159.779953 11.637657
v -1.200555 160.366791 10.801788
v -0.039637 160.013763 11.984425
v -0.051110 160.623230 11.138058
v 1.100928 159.763184 11.292534
v 0.269549 159.727264 11.562630
v 0.927027 160.567307 10.911926
v 0.202669 160.553879 11.124809
v -0.777234 159.711319 11.519440
v -0.811945 160.684128 11.050907
v 0.737377 159.738495 11.598785
v 0.488768 160.730865 11.102783
v -0.872588 160.127457 11.670654
v -1.616534 159.820038 11.463364
v -0.849129 160.807602 10.913029
v -1.669655 160.537979 10.675873
v -4.395495 160.832947 9.033474
v -4.650010 161.649078 8.873047
v -3.656971 161.408142 9.292382
v -4.230418 162.301193 8.984686
v -5.876962 161.348038 5.745435
v -6.203412 162.297256 5.560941
v -5.479848 162.283707 6.292146
v -6.087879 163.044968 5.670467
v -5.623811 161.860779 6.462279
v -5.898295 162.233551 6.267932
v -5.194871 162.162460 7.004894
v -5.639774 162.721085 6.514336
v -4.855407 161.551468 8.187351
v -5.293853 162.020218 7.845802
v -4.440534 161.888763 8.365750
v -4.787100 162.403152 8.083996
v -5.915372 161.244141 5.701468
v -6.335114 162.194977 4.936675
v -5.682950 162.426895 6.270054
v -6.357635 163.284225 4.985950
v 0.847116 157.102448 6.994488
v 0.984957 157.089218 6.575184
v 0.777381 157.917969 6.939034
v 0.889532 157.911560 6.536842
v -0.624554 157.065659 7.092808
v 0.393939 156.968628 6.658787
v -0.614029 157.934753 7.087254
v 0.499721 157.817764 6.650051
v -0.285298 157.231445 7.351086
v -0.353420 157.204422 6.948101
v -0.210662 157.861633 7.264431
v -0.288407 157.839020 6.886398
v -0.374846 157.183350 7.093964
v -0.306681 157.840729 7.031422
v -0.292981 157.237930 7.741714
v -0.159567 157.877930 7.627075
v 0.061983 157.133820 7.105091
v -0.183787 157.168350 7.748070
v 0.559473 157.874939 7.076935
v 0.306202 157.869049 7.676708
v 1.568164 157.601410 7.636356
v 1.471169 158.164520 7.294514
v 0.901452 157.357635 7.620655
v 0.681149 157.867203 7.288078
v 1.518936 157.427811 7.102398
v 1.347738 158.089706 7.048222
v 1.377978 157.440826 7.767708
v 1.213760 158.085770 7.684860
v 1.413150 157.476563 7.711803
v 1.570049 157.474640 7.325817
v 1.313316 158.127945 7.608303
v 1.534905 158.175262 7.233540
v 2.174848 157.712814 7.060253
v 1.970333 158.384186 6.985867
v 1.877051 157.654648 7.678406
v 1.641854 158.277313 7.600693
v 2.304824 157.686050 7.903255
v 2.466671 157.729202 6.885490
v 1.901130 158.405426 7.814049
v 2.073084 158.480057 6.877094
v 2.044010 157.540100 7.576290
v 1.753751 158.292175 7.490604
v 1.802936 157.518951 8.283100
v 1.475821 158.237122 8.165676
v 0.114340 157.082489 8.001118
v 1.004349 157.229141 8.518246
v 0.072567 157.891708 7.887817
v 0.962263 158.028152 8.399120
v 0.454122 157.305573 8.401455
v 0.111689 157.187561 7.932053
v 0.078385 157.979446 8.486183
v -0.301072 157.917328 8.054543
v -0.203700 157.450485 9.013535
v 0.092944 157.360443 8.526218
v -0.583437 158.046555 8.829960
v -0.265798 157.951782 8.261841
v 0.314061 157.475235 9.083378
v 0.063603 157.407272 8.628410
v -0.072812 158.014542 9.156750
v -0.315568 158.001587 8.634163
v 0.777433 157.502228 9.279919
v 0.731022 158.100952 9.231895
v 0.380337 157.427048 8.847717
v 0.282434 158.029449 8.708061
v 0.819288 157.438583 9.025013
v 1.526838 157.543411 9.075062
v 0.708138 158.103012 8.884556
v 1.458861 158.236221 9.007141
v 1.422253 157.493088 9.199310
v 1.829323 157.605057 9.055401
v 1.247607 158.206223 9.122269
v 1.660899 158.333679 8.978813
v 0.626785 157.504471 9.688641
v 0.852240 158.187012 9.782188
v 1.061837 157.477234 9.190636
v 1.348674 158.184769 9.092724
v 0.481311 157.553909 9.536415
v 0.095566 157.524948 9.384106
v 0.360498 158.090897 9.594292
v -0.093777 158.046860 9.465347
v 0.040395 157.395309 10.017811
v -0.196948 157.571060 10.602322
v 0.036501 158.063416 9.585751
v -0.291276 158.226456 10.323765
v 0.510739 157.583847 10.180431
v 0.094560 157.562805 10.109764
v 0.434260 158.240860 10.327084
v 0.016156 158.225342 10.155106
v 0.954606 157.618454 10.244339
v 0.260370 157.615723 10.407379
v 0.987725 158.320587 10.286999
v 0.269458 158.298843 10.477940
v 0.576816 157.713654 10.573490
v 0.160073 157.781036 10.837318
v 0.653975 158.379227 10.509319
v 0.138410 158.449585 10.727863
v 0.319464 157.848755 10.973026
v 0.159658 158.162491 11.433388
v 0.306733 158.301605 10.443291
v 0.147611 158.759399 11.074535
v 0.786641 157.848541 10.958992
v 0.847418 158.069016 11.260094
v 0.655082 158.332520 10.405361
v 0.716607 158.617493 10.825310
v 0.237424 157.563019 9.799873
v 0.066108 157.618317 10.200146
v 0.222348 158.101212 9.564812
v 0.057253 158.160858 10.040279
v -0.095277 157.444626 9.441505
v -0.236182 157.429672 9.166847
v -0.423089 158.062592 9.539982
v -0.696206 158.086548 9.193264
v -0.500251 157.308426 9.340267
v -1.463560 157.461426 8.850422
v -0.482777 158.037155 9.132645
v -1.298639 158.216766 8.658680
v -1.024577 157.632736 8.838146
v -0.610697 157.522827 8.603195
v -1.177849 158.208557 8.533699
v -0.772343 158.056427 8.263897
v -1.065540 157.433975 8.347233
v -1.321107 157.421539 7.827843
v -0.908913 158.111145 8.207973
v -1.153241 158.120132 7.707542
v -0.455328 157.250153 7.723236
v -0.416367 157.878708 7.310081
v -1.220313 157.491562 8.031910
v -1.198011 158.138443 7.627609
v -0.958539 157.499100 7.437923
v -0.580177 157.375748 7.269512
v -0.998131 158.064148 7.096867
v -0.521931 157.900543 6.941536
v -1.237531 157.274872 6.281105
v -1.002547 158.038727 6.255966
v -1.347270 157.376709 7.067699
v -1.100178 158.127548 6.996597
v -1.692316 157.635880 6.978699
v -1.838888 157.651917 6.326603
v -1.400637 158.291107 6.861839
v -1.535939 158.315048 6.259071
v -2.766527 158.545731 7.015572
v -2.156275 158.011490 6.790585
v -2.557532 159.161179 6.639452
v -1.893961 158.553802 6.390450
v -3.118387 158.896622 7.254083
v -2.659428 158.545898 7.124596
v -2.795105 159.341721 6.896744
v -2.332513 158.986755 6.774773
v -2.883229 158.570496 7.811638
v -2.853964 158.546463 7.365334
v -2.543324 159.089783 7.743233
v -2.498194 159.058884 7.328861
v -2.770186 158.255875 7.824108
v -2.351453 158.903564 7.711803
v -2.626792 158.207306 8.553188
v -2.215215 158.830811 8.438869
v -2.378955 158.206818 9.017677
v -1.858384 157.871933 8.807869
v -2.233912 158.805237 8.601917
v -1.631213 158.399857 8.382339
v -1.114302 157.485977 8.751682
v -1.011112 158.102478 8.359016
v -1.732379 157.760315 9.202278
v -1.753854 158.484497 8.832249
v -0.873522 157.498016 8.611572
v -1.172504 157.525970 8.292633
v -0.737865 158.076660 8.453129
v -1.028441 158.119812 8.155617
v -0.879545 157.417923 8.676762
v -1.258205 157.448837 8.238880
v -0.620102 158.062943 8.528660
v -1.094974 158.130417 8.082897
v -1.368176 157.645096 9.174416
v -1.570876 157.722351 8.868027
v -1.164994 158.191498 9.072254
v -1.355900 158.273727 8.725113
v -1.577099 157.600693 9.711536
v -2.115783 157.834763 9.466858
v -1.282112 158.268677 9.478321
v -1.836325 158.526947 9.219723
v -0.994165 157.638626 9.501217
v -1.189399 158.219177 9.334297
v -0.951170 157.747559 10.155403
v -1.141381 158.311310 10.030460
v -0.085100 157.370697 9.736301
v -0.993305 157.566422 10.512413
v -0.088744 158.053268 9.465302
v -0.950139 158.265991 10.286484
v 0.575313 157.481430 9.769768
v -0.059947 157.417648 9.619408
v 0.457183 158.147385 9.966209
v -0.236075 158.126297 9.826149
v 1.360507 157.522614 9.285881
v 1.307792 157.629715 9.858727
v 1.540860 158.284317 9.059334
v 1.512961 158.363525 9.717060
v 2.775703 158.073380 8.988132
v 2.509011 158.782608 8.894928
v 2.147456 157.763931 9.372883
v 1.736725 158.403000 9.181564
v 2.664052 158.107544 9.202789
v 3.008145 158.322769 8.680779
v 2.256146 158.659149 9.105286
v 2.675540 158.930939 8.584419
v 2.602156 158.029572 8.655071
v 3.288127 158.670486 9.278881
v 2.374224 158.645737 8.181561
v 3.080816 159.304962 8.737637
v 3.419797 158.741714 7.774603
v 3.944037 159.217484 7.946958
v 3.065091 159.232040 7.392709
v 3.521669 159.652557 7.504720
v 3.465535 158.925064 8.208692
v 3.719087 159.217407 8.349428
v 3.187809 159.351776 7.799846
v 3.433132 159.647720 7.944789
v 3.599309 158.737778 8.348179
v 3.764689 158.814819 7.944262
v 3.106444 159.335663 8.226320
v 3.267509 159.426285 7.822320
v 3.297496 158.410156 8.021626
v 3.613650 158.564941 7.090037
v 2.858027 159.108963 7.951973
v 3.064670 159.218994 7.002805
v 3.158633 158.286972 7.539471
v 3.292984 158.378403 6.506813
v 2.749584 159.012772 7.462330
v 2.840806 159.084244 6.511416
v 3.381279 158.820038 6.895513
v 3.001015 159.277145 6.553847
v 2.784100 158.304260 6.792229
v 2.502683 158.805481 6.459457
v 3.266702 158.419067 6.450356
v 3.479057 158.583237 5.844559
v 2.775627 159.091263 6.413478
v 3.013015 159.281784 5.839183
v 3.448637 158.565750 6.511242
v 3.580931 158.674698 5.911774
v 2.869385 159.183365 6.481325
v 3.112255 159.370956 5.905878
v 3.344920 158.685318 5.868133
v 2.972389 159.241669 5.863080
v 3.115478 158.506042 6.497379
v 2.722996 159.038086 6.467324
v 2.581894 157.829010 6.855843
v 2.771065 157.916595 5.885441
v 2.189304 158.577438 6.833588
v 2.332825 158.638382 5.860287
v 1.838350 157.402313 7.026443
v 2.010621 157.390045 6.405895
v 1.562264 158.212357 6.942436
v 1.746435 158.213516 6.356628
v 1.041572 157.321762 7.071144
v 1.659663 157.541641 7.235729
v 0.966789 157.940140 6.702003
v 1.650804 158.187607 6.854542
v 1.122422 157.107315 6.742706
v 1.033495 157.930847 6.702168
v 0.665753 157.107178 7.407921
v 0.584023 157.908691 7.325184
v 0.336035 157.055267 7.291420
v 0.816747 157.092667 7.440495
v 0.318206 157.858536 7.256153
v 0.775851 157.905060 7.397026
v 0.334146 157.311111 7.647438
v 0.102303 157.351303 8.018597
v 0.653544 157.917847 7.716942
v 0.348102 157.913895 8.059093
v 1.661233 157.394516 8.262398
v 1.554293 158.173203 8.136826
v 0.818162 157.305649 8.548840
v 0.706251 158.047012 8.374554
v 1.575787 157.604233 9.140976
v 1.700935 158.327835 8.833351
v 0.915729 157.442841 8.768906
v 0.961982 158.078842 8.391094
v 1.300768 157.672974 8.673519
v 1.605239 157.777435 8.917416
v 1.305148 158.195908 8.363686
v 1.712968 158.336563 8.589256
v 1.860024 157.842850 8.445347
v 2.276234 158.058014 8.558235
v 1.716258 158.329178 8.120213
v 2.163769 158.559448 8.230881
v 1.988549 157.623581 8.631805
v 2.842340 158.207642 8.825432
v 1.744773 158.260452 8.160255
v 2.628034 158.880768 8.389179
v 2.902959 158.224396 8.914253
v 3.193733 158.362427 8.585026
v 2.463251 158.834030 8.768200
v 2.769633 158.999863 8.428421
v 2.095585 157.922165 9.512501
v 2.495606 158.142990 9.372540
v 1.836032 158.447189 9.399265
v 2.246698 158.679260 9.239628
v 2.497841 158.191803 9.893394
v 2.274192 158.734161 9.646000
v 1.789357 157.825790 9.723724
v 1.600958 158.361542 9.527542
v 2.966567 158.525284 9.730164
v 3.444415 158.864471 9.337917
v 2.491009 158.978989 9.525227
v 2.986233 159.352036 9.122292
v 3.184704 159.354706 9.887047
v 3.004575 159.703278 9.391035
v 3.128551 158.732834 9.386040
v 2.902708 159.162033 8.883301
v 3.110634 158.532394 9.289032
v 3.385048 159.132843 9.771584
v 2.891932 159.166473 8.769226
v 3.143613 159.625748 9.173376
v 0.678580 157.476624 9.129368
v 0.504486 157.476440 9.422806
v 1.050221 158.161346 9.095825
v 0.800865 158.118546 9.476093
v -0.021417 157.500488 9.291386
v -0.496045 157.490662 9.414398
v 0.005490 158.065430 9.115379
v -0.565683 158.065826 9.313934
v -0.447607 157.467529 9.057629
v -0.933745 157.514618 9.117573
v -0.426565 158.045212 8.894711
v -0.904993 158.099106 8.959003
v -1.083588 157.500061 8.992283
v -0.260528 157.238403 8.420101
v -1.273984 158.232788 8.604622
v -0.333712 157.881897 7.990437
v -0.375884 157.247742 8.114929
v -0.248652 157.843170 7.651421
v -1.262456 157.495560 8.202614
v -1.128097 158.118896 7.775665
v -0.579928 157.303894 7.935680
v -0.141984 157.208282 7.784801
v -0.719486 157.986420 7.524281
v -0.194579 157.854935 7.362068
v 0.277771 157.225693 8.250652
v 0.666032 157.368362 8.467796
v 0.496584 157.897034 7.828461
v 0.897480 158.035095 8.040905
v 1.370890 157.407013 8.440205
v 1.726771 157.448685 8.112053
v 1.177703 158.146042 8.269604
v 1.533468 158.211548 7.974159
v 1.763677 157.543045 8.051605
v 1.946606 157.555054 7.464306
v 1.505556 158.218430 7.940010
v 1.680262 158.252045 7.385143
v 0.902844 157.228897 7.811859
v 1.564558 157.456268 7.803589
v 0.717348 157.881424 7.324112
v 1.470837 158.164612 7.331020
v 0.528664 157.258743 7.558044
v 0.236080 157.221176 6.996834
v 0.096043 157.854462 7.645878
v -0.163136 157.834702 7.107273
v -1.491033 157.602478 8.094997
v -1.011589 157.406189 8.029324
v -1.283304 158.211197 7.650311
v -0.890924 158.033020 7.558918
v -1.599568 157.558594 8.195446
v -1.728977 157.576553 7.779198
v -1.323215 158.264450 8.045971
v -1.350061 158.245941 7.667587
v -2.152462 158.144760 8.091682
v -1.705904 157.852386 8.027359
v -1.905738 158.590256 7.748581
v -1.412564 158.283646 7.676975
v -2.638274 158.265808 8.274033
v -1.713686 157.671936 8.048077
v -2.451399 158.958633 7.836353
v -1.391464 158.251114 7.582127
v -2.240752 157.931458 7.340221
v -2.546584 158.036438 6.423531
v -1.808001 158.609451 7.213753
v -2.084595 158.696960 6.317638
v -2.348256 158.246078 7.289173
v -1.805997 157.796997 7.070011
v -2.187112 158.853592 6.904049
v -1.634072 158.362213 6.627659
v -0.883114 157.311966 7.652573
v -0.667720 157.919952 7.182178
v -1.692613 157.691879 7.755749
v -1.481738 158.313446 7.335751
v -1.873740 157.793274 8.683414
v -0.955405 157.359726 8.314140
v -1.861020 158.522293 8.267204
v -0.827492 158.004013 7.839237
v -1.823352 157.875092 8.878002
v -2.006013 157.909332 8.528400
v -1.613827 158.431427 8.779652
v -1.786604 158.477371 8.400822
v -1.569320 157.781677 9.133808
v -1.636540 158.391815 8.840874
v -1.865611 158.009827 9.739544
v -1.944774 158.629135 9.451725
v -2.392499 158.024353 9.534237
v -2.124713 158.689758 9.296963
v -1.721052 157.733078 9.851563
v -1.441063 158.370041 9.626179
v -1.690475 158.177444 10.649532
v -1.562484 157.824127 9.926949
v -1.686641 158.694931 10.220448
v -1.631383 158.462753 9.632191
v -2.339817 158.549332 10.611923
v -1.967793 158.969879 10.125515
v -1.708334 158.104019 10.804153
v -1.282285 158.463181 10.274330
v -1.360439 157.966751 10.382267
v -1.500751 158.552109 10.179886
v -1.084049 158.192230 10.994217
v -1.137534 158.735687 10.740898
v 1.386687 157.578156 9.344303
v 1.386034 157.658524 9.752979
v 1.558064 158.307877 9.128693
v 1.551571 158.367264 9.595932
v 1.929285 157.813248 9.731354
v 1.976373 158.522537 9.439575
v 1.644744 157.568573 9.069286
v 1.640982 158.265396 8.727230
v 2.999229 158.452133 9.160740
v 2.860273 159.115356 8.705540
v 2.508080 157.996048 8.709869
v 2.287935 158.584641 8.257549
v 2.825263 158.199677 8.280125
v 3.163127 158.460449 8.336304
v 2.479757 158.752335 7.854832
v 2.805747 159.025879 7.915095
v 2.301368 157.732697 7.323963
v 3.254763 158.481720 7.444653
v 1.974984 158.373215 6.878372
v 2.878524 159.093887 7.018092
v 3.329778 158.729492 7.162859
v 3.029400 159.226151 6.803579
v 2.640289 158.209610 6.967915
v 2.402774 158.731812 6.644073
v 3.169753 158.618073 7.161026
v 3.498379 158.892670 7.215930
v 2.807943 159.057648 6.833054
v 3.242074 159.418243 6.899686
v 3.732993 159.006134 6.908271
v 3.365363 159.584900 6.477463
v 3.010158 158.376221 6.624210
v 2.627984 158.929474 6.218357
v 3.555997 158.736954 6.144147
v 3.796090 158.929214 5.793189
v 3.004671 159.318924 6.026481
v 3.346858 159.592255 5.738372
v 3.433425 158.717865 5.995216
v 3.790601 158.979721 5.474340
v 3.001816 159.309250 5.924901
v 3.367680 159.577621 5.411928
v 3.074760 158.231232 7.807732
v 3.093623 158.233109 7.405708
v 2.667227 158.917191 7.762756
v 2.767009 158.981812 7.363350
v 2.576597 158.118240 8.701672
v 2.687726 158.176025 8.329659
v 2.272180 158.648743 8.666134
v 2.367962 158.709915 8.255474
v 2.998294 158.848038 9.836723
v 2.843109 159.419846 9.498363
v 2.807649 158.446976 9.420925
v 2.617200 158.941467 8.989326
v 3.342851 159.039810 9.879917
v 2.811769 159.424026 9.515926
v 2.799680 158.553833 10.246632
v 2.200519 158.817825 9.870255
v 2.253206 158.061768 9.940411
v 1.950345 158.539322 9.647133
v 1.538002 157.713699 9.758083
v 1.311525 158.253220 9.571140
v 0.662122 157.331085 9.105282
v 1.712371 157.477890 9.219006
v 0.478332 158.088165 8.936562
v 1.628847 158.256973 9.145340
v -2.420763 159.794922 11.071812
v -2.349949 161.124435 10.843662
v -1.330969 159.559128 10.893742
v -2.349949 161.124435 10.843662
vt 0.427002 0.010254
vt 0.520996 0.159180
vt 0.472168 0.100586
vt 0.292725 0.013672
vt 0.612305 0.083008
vt 0.292725 0.081543
vt 0.292725 0.013672
vt 0.612305 0.009766
vt 0.355713 0.013672
vt 0.427002 0.010254
vt 0.472168 0.162109
vt 0.355713 0.013672
vt 0.479248 0.099609
vt 0.479248 0.099609
vt 0.525391 0.087402
vt 0.616699 0.079590
vt 0.658203 0.005859
vt 0.406250 0.100586
vt 0.525391 0.087402
vt 0.479248 0.159180
vt 0.292725 0.013672
vt 0.658203 0.079590
vt 0.292725 0.081543
vt 0.427002 0.087402
vt 0.536133 0.009766
vt 0.536133 0.083008
vt 0.520996 0.099609
vt 0.292725 0.013672
vt 0.422607 0.084473
vt 0.536133 0.083008
vt 0.520996 0.099609
vt 0.658203 0.079590
vt 0.616699 0.079590
vt 0.520996 0.099609
vt 0.406250 0.100586
vt 0.479248 0.159180
vt 0.658203 0.005859
vt 0.360107 0.084473
vt 0.616699 0.005859
vt 0.658203 0.079590
vt 0.360107 0.084473
vt 0.292725 0.081543
vt 0.292725 0.013672
vt 0.658203 0.079590
vt 0.406250 0.162109
vt 0.406250 0.162109
vt 0.616699 0.005859
vt 0.520996 0.159180
vt 0.422607 0.007324
vt 0.520996 0.099609
vt 0.472168 0.162109
vt 0.612305 0.009766
vt 0.355713 0.013672
vt 0.479248 0.159180
vt 0.520996 0.099609
vt 0.406250 0.100586
vt 0.612305 0.083008
vt 0.612305 0.009766
vt 0.472168 0.100586
vt 0.536133 0.009766
vt 0.525391 0.087402
vt 0.616699 0.079590
vt 0.406250 0.162109
vt 0.658203 0.005859
vt 0.406250 0.100586
vt 0.612305 0.083008
vt 0.536133 0.083008
vt 0.355713 0.013672
vt 0.658203 0.079590
vt 0.616699 0.079590
vt 0.658203 0.005859
vt 0.479248 0.099609
vt 0.520996 0.159180
vt 0.360107 0.084473
vt 0.536133 0.009766
vt 0.355713 0.081543
vt 0.292725 0.081543
vt 0.612305 0.083008
vt 0.525391 0.010254
vt 0.479248 0.099609
vt 0.472168 0.162109
vt 0.406250 0.162109
vt 0.525391 0.010254
vt 0.406250 0.100586
vt 0.472168 0.162109
vt 0.612305 0.083008
vt 0.616699 0.079590
vt 0.536133 0.083008
vt 0.479248 0.099609
vt 0.355713 0.081543
vt 0.616699 0.079590
vt 0.360107 0.084473
vt 0.616699 0.005859
vt 0.422607 0.084473
vt 0.472168 0.100586
vt 0.422607 0.007324
vt 0.292725 0.013672
vt 0.525391 0.087402
vt 0.360107 0.084473
vt 0.406250 0.162109
vt 0.355713 0.081543
vt 0.536133 0.009766
vt 0.616699 0.079590
vt 0.520996 0.099609
vt 0.616699 0.005859
vt 0.472168 0.162109
vt 0.616699 0.079590
vt 0.406250 0.162109
vt 0.536133 0.009766
vt 0.292725 0.013672
vt 0.472168 0.162109
vt 0.479248 0.159180
vt 0.520996 0.099609
vt 0.612305 0.009766
vt 0.658203 0.079590
vt 0.525391 0.010254
vt 0.612305 0.009766
vt 0.406250 0.100586
vt 0.355713 0.081543
vt 0.427002 0.087402
vt 0.612305 0.009766
vt 0.427002 0.010254
vt 0.422607 0.007324
vt 0.355713 0.013672
vt 0.427002 0.010254
vt 0.658203 0.005859
vt 0.360107 0.007324
vt 0.427002 0.010254
vt 0.422607 0.084473
vt 0.472168 0.100586
vt 0.406250 0.162109
vt 0.616699 0.005859
vt 0.658203 0.079590
vt 0.472168 0.100586
vt 0.355713 0.013672
vt 0.427002 0.087402
vt 0.406250 0.100586
vt 0.612305 0.083008
vt 0.292725 0.081543
vt 0.427002 0.087402
vt 0.616699 0.005859
vt 0.525391 0.010254
vt 0.422607 0.007324
vt 0.479248 0.099609
vt 0.520996 0.159180
vt 0.525391 0.010254
vt 0.406250 0.162109
vt 0.422607 0.084473
vt 0.479248 0.159180
vt 0.406250 0.162109
vt 0.427002 0.087402
vt 0.658203 0.005859
vt 0.612305 0.009766
vt 0.427002 0.010254
vt 0.422607 0.084473
vt 0.360107 0.084473
vt 0.525391 0.010254
vt 0.427002 0.010254
vt 0.658203 0.079590
vt 0.292725 0.081543
vt 0.536133 0.083008
vt 0.422607 0.007324
vt 0.355713 0.013672
vt 0.472168 0.162109
vt 0.406250 0.162109
vt 0.520996 0.099609
vt 0.355713 0.081543
vt 0.472168 0.100586
vt 0.422607 0.007324
vt 0.427002 0.010254
vt 0.536133 0.083008
vt 0.360107 0.084473
vt 0.355713 0.013672
vt 0.616699 0.005859
vt 0.520996 0.159180
vt 0.616699 0.079590
vt 0.427002 0.087402
vt 0.355713 0.081543
vt 0.612305 0.009766
vt 0.658203 0.005859
vt 0.422607 0.007324
vt 0.360107 0.007324
vt 0.658203 0.079590
vt 0.616699 0.079590
vt 0.520996 0.099609
vt 0.479248 0.099609
vt 0.472168 0.162109
vt 0.536133 0.009766
vt 0.355713 0.013672
vt 0.536133 0.009766
vt 0.422607 0.084473
vt 0.479248 0.159180
vt 0.427002 0.010254
vt 0.472168 0.162109
vt 0.612305 0.009766
vt 0.406250 0.162109
vt 0.479248 0.099609
vt 0.355713 0.081543
vt 0.472168 0.100586
vt 0.472168 0.100586
vt 0.292725 0.013672
vt 0.355713 0.081543
vt 0.422607 0.007324
vt 0.292725 0.013672
vt 0.520996 0.159180
vt 0.525391 0.087402
vt 0.616699 0.079590
vt 0.520996 0.099609
vt 0.292725 0.013672
vt 0.525391 0.087402
vt 0.612305 0.009766
vt 0.355713 0.013672
vt 0.536133 0.009766
vt 0.525391 0.087402
vt 0.427002 0.087402
vt 0.406250 0.162109
vt 0.536133 0.009766
vt 0.612305 0.083008
vt 0.479248 0.159180
vt 0.616699 0.005859
vt 0.658203 0.079590
vt 0.360107 0.084473
vt 0.479248 0.159180
vt 0.616699 0.005859
vt 0.520996 0.159180
vt 0.422607 0.007324
vt 0.536133 0.083008
vt 0.427002 0.010254
vt 0.355713 0.081543
vt 0.520996 0.099609
vt 0.616699 0.005859
vt 0.292725 0.013672
vt 0.422607 0.084473
vt 0.612305 0.009766
vt 0.536133 0.083008
vt 0.479248 0.099609
vt 0.612305 0.083008
vt 0.616699 0.079590
vt 0.616699 0.079590
vt 0.406250 0.100586
vt 0.525391 0.087402
vt 0.292725 0.081543
vt 0.292725 0.081543
vt 0.406250 0.100586
vt 0.355713 0.081543
vt 0.536133 0.083008
vt 0.658203 0.005859
vt 0.292725 0.013672
vt 0.658203 0.079590
vt 0.536133 0.083008
vt 0.422607 0.007324
vt 0.427002 0.010254
vt 0.520996 0.159180
vt 0.616699 0.079590
vt 0.525391 0.010254
vt 0.292725 0.013672
vt 0.479248 0.159180
vt 0.422607 0.007324
vt 0.479248 0.159180
vt 0.427002 0.010254
vt 0.355713 0.081543
vt 0.472168 0.100586
vt 0.616699 0.079590
vt 0.616699 0.005859
vt 0.612305 0.083008
vt 0.536133 0.083008
vt 0.422607 0.007324
vt 0.406250 0.100586
vt 0.472168 0.162109
vt 0.406250 0.162109
vt 0.658203 0.005859
vt 0.355713 0.081543
vt 0.472168 0.100586
vt 0.355713 0.013672
vt 0.536133 0.009766
vt 0.658203 0.079590
vt 0.612305 0.009766
vt 0.616699 0.005859
vt 0.658203 0.079590
vt 0.612305 0.009766
vt 0.479248 0.159180
vt 0.658203 0.079590
vt 0.479248 0.159180
vt 0.536133 0.083008
vt 0.422607 0.007324
vt 0.360107 0.007324
vt 0.525391 0.087402
vt 0.355713 0.013672
vt 0.355713 0.013672
vt 0.536133 0.009766
vt 0.612305 0.083008
vt 0.360107 0.084473
vt 0.355713 0.013672
vt 0.360107 0.007324
vt 0.525391 0.087402
vt 0.427002 0.087402
vt 0.292725 0.013672
vt 0.355713 0.081543
vt 0.616699 0.079590
vt 0.520996 0.099609
vt 0.292725 0.013672
vt 0.520996 0.159180
vt 0.292725 0.081543
vt 0.536133 0.009766
vt 0.472168 0.162109
vt 0.536133 0.083008
vt 0.406250 0.100586
vt 0.422607 0.084473
vt 0.658203 0.079590
vt 0.479248 0.159180
vt 0.658203 0.005859
vt 0.292725 0.013672
vt 0.355713 0.013672
vt 0.612305 0.009766
vt 0.292725 0.013672
vt 0.355713 0.081543
vt 0.292725 0.081543
vt 0.520996 0.099609
vt 0.360107 0.007324
vt 0.520996 0.159180
vt 0.479248 0.159180
vt 0.406250 0.162109
vt 0.612305 0.083008
vt 0.427002 0.087402
vt 0.612305 0.009766
vt 0.406250 0.100586
vt 0.525391 0.010254
vt 0.525391 0.010254
vt 0.406250 0.100586
vt 0.612305 0.083008
vt 0.658203 0.005859
vt 0.360107 0.007324
vt 0.427002 0.010254
vt 0.520996 0.159180
vt 0.612305 0.009766
vt 0.536133 0.083008
vt 0.360107 0.007324
vt 0.612305 0.083008
vt 0.360107 0.084473
vt 0.292725 0.013672
vt 0.520996 0.159180
vt 0.479248 0.159180
vt 0.472168 0.162109
vt 0.536133 0.009766
vt 0.525391 0.010254
vt 0.525391 0.010254
vt 0.616699 0.005859
vt 0.520996 0.159180
vt 0.406250 0.162109
vt 0.355713 0.013672
vt 0.520996 0.159180
vt 0.479248 0.159180
vt 0.525391 0.010254
vt 0.427002 0.010254
vt 0.612305 0.009766
vt 0.536133 0.083008
vt 0.612305 0.009766
vt 0.292725 0.013672
vt 0.612305 0.083008
vt 0.360107 0.084473
vt 0.422607 0.084473
vt 0.479248 0.099609
vt 0.422607 0.084473
vt 0.536133 0.083008
vt 0.422607 0.007324
vt 0.360107 0.007324
vt 0.520996 0.159180
vt 0.422607 0.007324
vt 0.520996 0.099609
vt 0.472168 0.162109
vt 0.406250 0.100586
vt 0.422607 0.007324
vt 0.616699 0.005859
vt 0.658203 0.079590
vt 0.612305 0.009766
vt 0.406250 0.100586
vt 0.525391 0.087402
vt 0.479248 0.159180
vt 0.479248 0.159180
vt 0.422607 0.084473
vt 0.472168 0.100586
vt 0.525391 0.010254
vt 0.406250 0.162109
vt 0.479248 0.099609
vt 0.355713 0.081543
vt 0.360107 0.007324
vt 0.520996 0.099609
vt 0.658203 0.079590
vt 0.616699 0.079590
vt 0.355713 0.013672
vt 0.427002 0.010254
vt 0.525391 0.087402
vt 0.479248 0.159180
vt 0.406250 0.100586
vt 0.355713 0.081543
vt 0.612305 0.009766
vt 0.292725 0.013672
vt 0.355713 0.081543
vt 0.658203 0.005859
vt 0.292725 0.013672
vt 0.525391 0.087402
vt 0.406250 0.162109
vt 0.292725 0.013672
vt 0.520996 0.159180
vt 0.520996 0.159180
vt 0.427002 0.087402
vt 0.658203 0.005859
vt 0.616699 0.005859
vt 0.472168 0.162109
vt 0.427002 0.087402
vt 0.479248 0.099609
vt 0.355713 0.081543
vt 0.616699 0.079590
vt 0.406250 0.162109
vt 0.427002 0.010254
vt 0.612305 0.083008
vt 0.612305 0.009766
vt 0.479248 0.099609
vt 0.355713 0.081543
vt 0.360107 0.084473
vt 0.479248 0.099609
vt 0.616699 0.079590
vt 0.520996 0.099609
vt 0.479248 0.099609
vt 0.472168 0.162109
vt 0.406250 0.162109
vt 0.616699 0.005859
vt 0.360107 0.007324
vt 0.658203 0.079590
vt 0.616699 0.079590
vt 0.536133 0.083008
vt 0.292725 0.013672
vt 0.355713 0.081543
vt 0.658203 0.005859
vt 0.292725 0.081543
vt 0.406250 0.100586
vt 0.658203 0.079590
vt 0.479248 0.159180
vt 0.479248 0.159180
vt 0.479248 0.099609
vt 0.406250 0.162109
vt 0.422607 0.007324
vt 0.292725 0.013672
vt 0.536133 0.083008
vt 0.479248 0.099609
vt 0.472168 0.162109
vt 0.612305 0.009766
vt 0.355713 0.013672
vt 0.406250 0.100586
vt 0.612305 0.083008
vt 0.427002 0.087402
vt 0.520996 0.099609
vt 0.472168 0.100586
vt 0.616699 0.005859
vt 0.472168 0.162109
vt 0.612305 0.009766
vt 0.360107 0.084473
vt 0.292725 0.013672
vt 0.658203 0.005859
vt 0.422607 0.007324
vt 0.616699 0.005859
vt 0.520996 0.159180
vt 0.520996 0.099609
vt 0.406250 0.162109
vt 0.612305 0.083008
vt 0.292725 0.081543
vt 0.520996 0.099609
vt 0.612305 0.009766
vt 0.427002 0.010254
vt 0.520996 0.159180
vt 0.472168 0.100586
vt 0.292725 0.081543
vt 0.427002 0.010254
vt 0.472168 0.162109
vt 0.472168 0.100586
vt 0.536133 0.083008
vt 0.520996 0.099609
vt 0.536133 0.009766
vt 0.520996 0.159180
vt 0.355713 0.013672
vt 0.658203 0.005859
vt 0.360107 0.007324
vt 0.658203 0.079590
vt 0.360107 0.084473
vt 0.406250 0.162109
vt 0.360107 0.007324
vt 0.355713 0.081543
vt 0.427002 0.087402
vt 0.360107 0.007324
vt 0.472168 0.100586
vt 0.292725 0.081543
vt 0.612305 0.083008
vt 0.525391 0.010254
vt 0.479248 0.099609
vt 0.658203 0.079590
vt 0.406250 0.162109
vt 0.355713 0.013672
vt 0.406250 0.100586
vt 0.612305 0.083008
vt 0.355713 0.081543
vt 0.472168 0.100586
vt 0.520996 0.099609
vt 0.479248 0.099609
vt 0.536133 0.083008
vt 0.616699 0.079590
vt 0.360107 0.084473
vt 0.536133 0.009766
vt 0.472168 0.162109
vt 0.292725 0.081543
vt 0.355713 0.013672
vt 0.536133 0.009766
vt 0.525391 0.087402
vt 0.472168 0.100586
vt 0.292725 0.013672
vt 0.525391 0.087402
vt 0.616699 0.005859
vt 0.422607 0.084473
vt 0.525391 0.087402
vt 0.360107 0.084473
vt 0.406250 0.162109
vt 0.406250 0.100586
vt 0.658203 0.079590
vt 0.616699 0.079590
vt 0.525391 0.010254
vt 0.292725 0.013672
vt 0.427002 0.010254
vt 0.472168 0.162109
vt 0.612305 0.009766
vt 0.536133 0.083008
vt 0.427002 0.010254
vt 0.658203 0.079590
vt 0.479248 0.159180
vt 0.360107 0.007324
vt 0.520996 0.159180
vt 0.479248 0.159180
vt 0.360107 0.084473
vt 0.406250 0.100586
vt 0.422607 0.007324
vt 0.525391 0.010254
vt 0.406250 0.100586
vt 0.520996 0.099609
vt 0.616699 0.005859
vt 0.536133 0.009766
vt 0.525391 0.087402
vt 0.360107 0.084473
vt 0.355713 0.013672
vt 0.427002 0.010254
vt 0.525391 0.087402
vt 0.616699 0.079590
vt 0.658203 0.005859
vt 0.472168 0.100586
vt 0.360107 0.007324
vt 0.292725 0.081543
vt 0.472168 0.100586
vt 0.292725 0.081543
vt 0.479248 0.099609
vt 0.355713 0.013672
vt 0.536133 0.083008
vt 0.360107 0.007324
vt 0.525391 0.087402
vt 0.536133 0.009766
vt 0.525391 0.010254
vt 0.292725 0.013672
vt 0.658203 0.079590
vt 0.479248 0.159180
vt 0.422607 0.007324
vt 0.427002 0.010254
vt 0.292725 0.081543
vt 0.536133 0.083008
vt 0.427002 0.087402
vt 0.360107 0.007324
vt 0.422607 0.084473
vt 0.616699 0.079590
vt 0.525391 0.010254
vt 0.479248 0.099609
vt 0.520996 0.159180
vt 0.406250 0.162109
vt 0.292725 0.013672
vt 0.612305 0.083008
vt 0.422607 0.007324
vt 0.525391 0.010254
vt 0.525391 0.087402
vt 0.472168 0.100586
vt 0.536133 0.083008
vt 0.406250 0.100586
vt 0.520996 0.159180
vt 0.292725 0.081543
vt 0.406250 0.100586
vt 0.355713 0.081543
vt 0.292725 0.081543
vt 0.360107 0.084473
vt 0.355713 0.081543
vt 0.479248 0.159180
vt 0.525391 0.010254
vt 0.536133 0.083008
vt 0.479248 0.099609
vt 0.355713 0.081543
vt 0.427002 0.087402
vt 0.658203 0.005859
vt 0.292725 0.013672
vt 0.612305 0.083008
vt 0.427002 0.087402
vt 0.525391 0.087402
vt 0.406250 0.100586
vt 0.612305 0.083008
vt 0.612305 0.009766
vt 0.525391 0.010254
vt 0.479248 0.099609
vt 0.658203 0.079590
vt 0.616699 0.079590
vt 0.525391 0.010254
vt 0.479248 0.099609
vt 0.658203 0.079590
vt 0.479248 0.159180
vt 0.479248 0.159180
vt 0.536133 0.009766
vt 0.525391 0.087402
vt 0.355713 0.013672
vt 0.479248 0.099609
vt 0.658203 0.079590
vt 0.355713 0.081543
vt 0.360107 0.084473
vt 0.525391 0.010254
vt 0.536133 0.009766
vt 0.520996 0.159180
vt 0.612305 0.009766
vt 0.658203 0.005859
vt 0.616699 0.005859
vt 0.472168 0.162109
vt 0.427002 0.087402
vt 0.520996 0.099609
vt 0.292725 0.013672
vt 0.472168 0.162109
vt 0.292725 0.081543
vt 0.427002 0.087402
vt 0.616699 0.005859
vt 0.355713 0.081543
vt 0.616699 0.079590
vt 0.479248 0.159180
vt 0.360107 0.007324
vt 0.525391 0.087402
vt 0.520996 0.099609
vt 0.422607 0.007324
vt 0.427002 0.010254
vt 0.355713 0.081543
vt 0.422607 0.007324
vt 0.360107 0.007324
vt 0.479248 0.099609
vt 0.525391 0.087402
vt 0.292725 0.081543
vt 0.536133 0.083008
vt 0.616699 0.005859
vt 0.658203 0.079590
vt 0.612305 0.009766
vt 0.360107 0.084473
vt 0.360107 0.007324
vt 0.472168 0.162109
vt 0.472168 0.100586
vt 0.292725 0.081543
vt 0.616699 0.005859
vt 0.355713 0.013672
vt 0.525391 0.010254
vt 0.292725 0.013672
vt 0.612305 0.083008
vt 0.658203 0.005859
vt 0.355713 0.013672
vt 0.658203 0.079590
vt 0.616699 0.079590
vt 0.658203 0.005859
vt 0.479248 0.099609
vt 0.616699 0.079590
vt 0.355713 0.013672
vt 0.472168 0.100586
vt 0.360107 0.007324
vt 0.422607 0.084473
vt 0.427002 0.087402
vt 0.292725 0.013672
vt 0.612305 0.083008
vt 0.536133 0.083008
vt 0.406250 0.162109
vt 0.292725 0.013672
vt 0.422607 0.084473
vt 0.525391 0.010254
vt 0.658203 0.005859
vt 0.355713 0.081543
vt 0.292725 0.081543
vt 0.520996 0.099609
vt 0.479248 0.099609
vt 0.355713 0.081543
vt 0.479248 0.159180
vt 0.292725 0.013672
vt 0.612305 0.083008
vt 0.472168 0.100586
vt 0.479248 0.159180
vt 0.472168 0.162109
vt 0.360107 0.084473
vt 0.658203 0.005859
vt 0.406250 0.162109
vt 0.616699 0.005859
vt 0.355713 0.081543
vt 0.292725 0.013672
vt 0.406250 0.162109
vt 0.355713 0.081543
vt 0.292725 0.081543
vt 0.422607 0.007324
vt 0.479248 0.099609
vt 0.422607 0.084473
vt 0.479248 0.159180
vt 0.479248 0.099609
vt 0.472168 0.100586
vt 0.612305 0.009766
vt 0.536133 0.083008
vt 0.536133 0.009766
vt 0.472168 0.162109
vt 0.422607 0.007324
vt 0.427002 0.010254
vt 0.472168 0.162109
vt 0.536133 0.083008
vt 0.616699 0.005859
vt 0.422607 0.084473
vt 0.525391 0.087402
vt 0.479248 0.159180
vt 0.520996 0.099609
vt 0.536133 0.009766
vt 0.422607 0.084473
vt 0.612305 0.009766
vt 0.360107 0.007324
vt 0.355713 0.081543
vt 0.479248 0.159180
vt 0.520996 0.099609
vt 0.472168 0.100586
vt 0.612305 0.083008
vt 0.612305 0.009766
vt 0.427002 0.010254
vt 0.658203 0.079590
vt 0.479248 0.159180
vt 0.616699 0.079590
vt 0.292725 0.013672
vt 0.479248 0.159180
vt 0.658203 0.005859
vt 0.427002 0.010254
vt 0.525391 0.087402
vt 0.525391 0.010254
vt 0.536133 0.009766
vt 0.536133 0.009766
vt 0.355713 0.081543
vt 0.612305 0.009766
vt 0.355713 0.013672
vt 0.360107 0.084473
vt 0.520996 0.159180
vt 0.360107 0.084473
vt 0.479248 0.159180
vt 0.360107 0.007324
vt 0.422607 0.084473
vt 0.479248 0.159180
vt 0.612305 0.009766
vt 0.479248 0.099609
vt 0.406250 0.162109
vt 0.355713 0.013672
vt 0.360107 0.007324
vt 0.658203 0.079590
vt 0.658203 0.005859
vt 0.520996 0.099609
vt 0.472168 0.162109
vt 0.427002 0.087402
vt 0.536133 0.083008
vt 0.479248 0.099609
vt 0.360107 0.084473
vt 0.520996 0.099609
vt 0.616699 0.079590
vt 0.406250 0.100586
vt 0.520996 0.159180
vt 0.292725 0.081543
vt 0.292725 0.081543
vt 0.479248 0.099609
vt 0.658203 0.005859
vt 0.536133 0.083008
vt 0.292725 0.013672
vt 0.525391 0.087402
vt 0.525391 0.010254
vt 0.355713 0.013672
vt 0.472168 0.162109
vt 0.292725 0.081543
vt 0.520996 0.099609
vt 0.355713 0.081543
vt 0.292725 0.081543
vt 0.616699 0.005859
vt 0.355713 0.081543
vt 0.427002 0.087402
vt 0.472168 0.100586
vt 0.355713 0.081543
vt 0.479248 0.159180
vt 0.520996 0.099609
vt 0.525391 0.010254
vt 0.616699 0.005859
vt 0.658203 0.079590
vt 0.406250 0.162109
vt 0.525391 0.010254
vt 0.520996 0.159180
vt 0.292725 0.081543
vt 0.536133 0.083008
vt 0.406250 0.100586
vt 0.525391 0.087402
vt 0.612305 0.009766
vt 0.536133 0.009766
vt 0.520996 0.159180
vt 0.292725 0.081543
vt 0.525391 0.010254
vt 0.520996 0.159180
vt 0.422607 0.007324
vt 0.479248 0.099609
vt 0.520996 0.159180
vt 0.406250 0.162109
vt 0.406250 0.162109
vt 0.406250 0.100586
vt 0.658203 0.079590
vt 0.422607 0.084473
vt 0.616699 0.079590
vt 0.525391 0.010254
vt 0.536133 0.009766
vt 0.355713 0.081543
vt 0.292725 0.081543
vt 0.292725 0.013672
vt 0.472168 0.162109
vt 0.616699 0.079590
vt 0.355713 0.013672
vt 0.479248 0.099609
vt 0.520996 0.159180
vt 0.292725 0.081543
vt 0.360107 0.007324
vt 0.355713 0.081543
vt 0.536133 0.009766
vt 0.520996 0.159180
vt 0.472168 0.100586
vt 0.658203 0.005859
vt 0.292725 0.013672
vt 0.472168 0.162109
vt 0.612305 0.009766
vt 0.536133 0.083008
vt 0.479248 0.099609
vt 0.406250 0.100586
vt 0.658203 0.079590
vt 0.472168 0.100586
vt 0.520996 0.099609
vt 0.360107 0.007324
vt 0.355713 0.081543
vt 0.472168 0.100586
vt 0.360107 0.007324
vt 0.658203 0.079590
vt 0.479248 0.159180
vt 0.292725 0.081543
vt 0.406250 0.100586
vt 0.536133 0.083008
vt 0.355713 0.013672
vt 0.479248 0.099609
vt 0.520996 0.099609
vt 0.525391 0.087402
vt 0.479248 0.159180
vt 0.355713 0.013672
vt 0.292725 0.013672
vt 0.525391 0.087402
vt 0.472168 0.100586
vt 0.536133 0.083008
vt 0.479248 0.159180
vt 0.479248 0.099609
vt 0.612305 0.083008
vt 0.479248 0.159180
vt 0.616699 0.079590
vt 0.616699 0.005859
vt 0.422607 0.084473
vt 0.658203 0.005859
vt 0.525391 0.010254
vt 0.406250 0.100586
vt 0.422607 0.084473
vt 0.355713 0.013672
vt 0.422607 0.007324
vt 0.422607 0.084473
vt 0.406250 0.100586
vt 0.520996 0.099609
vt 0.612305 0.009766
vt 0.520996 0.099609
vt 0.427002 0.010254
vt 0.520996 0.159180
vt 0.616699 0.079590
vt 0.520996 0.099609
vt 0.292725 0.013672
vt 0.472168 0.162109
vt 0.612305 0.009766
vt 0.355713 0.013672
vt 0.536133 0.083008
vt 0.479248 0.099609
vt 0.520996 0.159180
vt 0.536133 0.009766
vt 0.658203 0.005859
vt 0.360107 0.007324
vt 0.612305 0.083008
vt 0.472168 0.100586
vt 0.355713 0.013672
vt 0.292725 0.013672
vt 0.612305 0.083008
vt 0.427002 0.087402
vt 0.406250 0.100586
vt 0.355713 0.081543
vt 0.427002 0.087402
vt 0.658203 0.079590
vt 0.360107 0.084473
vt 0.525391 0.010254
vt 0.355713 0.013672
vt 0.406250 0.100586
vt 0.472168 0.162109
vt 0.616699 0.079590
vt 0.520996 0.099609
vt 0.427002 0.010254
vt 0.355713 0.081543
vt 0.525391 0.087402
vt 0.472168 0.100586
vt 0.536133 0.083008
vt 0.536133 0.009766
vt 0.525391 0.087402
vt 0.616699 0.079590
vt 0.479248 0.099609
vt 0.422607 0.084473
vt 0.479248 0.159180
vt 0.520996 0.099609
vt 0.360107 0.007324
vt 0.472168 0.162109
vt 0.292725 0.081543
vt 0.427002 0.010254
vt 0.472168 0.162109
vt 0.479248 0.099609
vt 0.658203 0.079590
vt 0.612305 0.083008
vt 0.427002 0.087402
vt 0.525391 0.010254
vt 0.292725 0.013672
vt 0.525391 0.087402
vt 0.427002 0.087402
vt 0.525391 0.010254
vt 0.616699 0.005859
vt 0.406250 0.100586
vt 0.422607 0.084473
vt 0.292725 0.013672
vt 0.406250 0.162109
vt 0.292725 0.013672
vt 0.520996 0.159180
vt 0.360107 0.084473
vt 0.536133 0.009766
vt 0.422607 0.084473
vt 0.427002 0.087402
vt 0.360107 0.084473
vt 0.427002 0.010254
vt 0.355713 0.081543
vt 0.658203 0.005859
vt 0.520996 0.099609
vt 0.360107 0.007324
vt 0.525391 0.087402
vt 0.658203 0.005859
vt 0.536133 0.009766
vt 0.427002 0.010254
vt 0.422607 0.084473
vt 0.360107 0.084473
vt 0.536133 0.083008
vt 0.427002 0.010254
vt 0.520996 0.159180
vt 0.479248 0.159180
vt 0.427002 0.087402
vt 0.355713 0.081543
vt 0.612305 0.009766
vt 0.612305 0.083008
vt 0.427002 0.010254
vt 0.525391 0.010254
vt 0.406250 0.162109
vt 0.536133 0.009766
vt 0.472168 0.162109
vt 0.520996 0.099609
vt 0.520996 0.099609
vt 0.472168 0.162109
vt 0.292725 0.081543
vt 0.536133 0.083008
vt 0.360107 0.007324
vt 0.292725 0.081543
vt 0.658203 0.005859
vt 0.612305 0.009766
vt 0.536133 0.009766
vt 0.520996 0.159180
vt 0.292725 0.081543
vt 0.355713 0.081543
vt 0.616699 0.005859
vt 0.355713 0.081543
vt 0.536133 0.083008
vt 0.525391 0.010254
vt 0.525391 0.010254
vt 0.472168 0.162109
vt 0.536133 0.083008
vt 0.355713 0.013672
vt 0.427002 0.010254
vt 0.520996 0.159180
vt 0.616699 0.079590
vt 0.422607 0.007324
vt 0.427002 0.010254
vt 0.520996 0.159180
vt 0.616699 0.079590
vt 0.520996 0.099609
vt 0.479248 0.099609
vt 0.612305 0.083008
vt 0.427002 0.087402
vt 0.292725 0.081543
vt 0.520996 0.159180
vt 0.616699 0.079590
vt 0.355713 0.013672
vt 0.422607 0.007324
vt 0.427002 0.010254
vt 0.612305 0.083008
vt 0.520996 0.099609
vt 0.536133 0.083008
vt 0.616699 0.005859
vt 0.658203 0.079590
vt 0.472168 0.100586
vt 0.658203 0.079590
vt 0.479248 0.099609
vt 0.355713 0.081543
vt 0.472168 0.100586
vt 0.427002 0.010254
vt 0.658203 0.079590
vt 0.292725 0.081543
vt 0.355713 0.013672
vt 0.479248 0.099609
vt 0.422607 0.084473
vt 0.427002 0.087402
vt 0.616699 0.079590
vt 0.360107 0.007324
vt 0.525391 0.087402
vt 0.355713 0.013672
vt 0.360107 0.007324
vt 0.422607 0.084473
vt 0.520996 0.159180
vt 0.427002 0.087402
vt 0.406250 0.162109
vt 0.536133 0.009766
vt 0.658203 0.079590
vt 0.616699 0.079590
vt 0.520996 0.099609
vt 0.360107 0.007324
vt 0.422607 0.084473
vt 0.472168 0.100586
vt 0.525391 0.010254
vt 0.292725 0.013672
vt 0.658203 0.079590
vt 0.616699 0.079590
vt 0.427002 0.010254
vt 0.355713 0.081543
vt 0.612305 0.009766
vt 0.292725 0.081543
vt 0.292725 0.013672
vt 0.658203 0.005859
vt 0.536133 0.083008
vt 0.616699 0.005859
vt 0.520996 0.159180
vt 0.422607 0.007324
vt 0.292725 0.013672
vt 0.406250 0.100586
vt 0.422607 0.084473
vt 0.360107 0.084473
vt 0.406250 0.162109
vt 0.355713 0.081543
vt 0.612305 0.009766
vt 0.472168 0.100586
vt 0.406250 0.100586
vt 0.355713 0.081543
vt 0.360107 0.084473
vt 0.479248 0.159180
vt 0.616699 0.005859
vt 0.355713 0.013672
vt 0.355713 0.013672
vt 0.479248 0.099609
vt 0.520996 0.159180
vt 0.355713 0.013672
vt 0.422607 0.007324
vt 0.355713 0.081543
vt 0.612305 0.009766
vt 0.536133 0.083008
vt 0.479248 0.099609
vt 0.472168 0.100586
vt 0.422607 0.007324
vt 0.427002 0.087402
vt 0.406250 0.100586
vt 0.658203 0.079590
vt 0.292725 0.081543
vt 0.355713 0.081543
vt 0.406250 0.100586
vt 0.355713 0.013672
vt 0.355713 0.013672
vt 0.360107 0.007324
vt 0.520996 0.159180
vt 0.422607 0.007324
vt 0.406250 0.162109
vt 0.520996 0.159180
vt 0.406250 0.100586
vt 0.406250 0.162109
vt 0.536133 0.009766
vt 0.612305 0.083008
vt 0.472168 0.100586
vt 0.360107 0.007324
vt 0.525391 0.087402
vt 0.472168 0.100586
vt 0.616699 0.079590
vt 0.658203 0.079590
vt 0.360107 0.084473
vt 0.525391 0.010254
vt 0.525391 0.010254
vt 0.479248 0.099609
vt 0.612305 0.083008
vt 0.422607 0.007324
vt 0.525391 0.010254
vt 0.422607 0.084473
vt 0.292725 0.081543
vt 0.525391 0.010254
vt 0.479248 0.099609
vt 0.406250 0.162109
vt 0.612305 0.009766
vt 0.536133 0.009766
vt 0.525391 0.087402
vt 0.616699 0.079590
vt 0.525391 0.010254
vt 0.616699 0.005859
vt 0.355713 0.081543
vt 0.525391 0.010254
vt 0.616699 0.005859
vt 0.525391 0.087402
vt 0.525391 0.010254
vt 0.427002 0.010254
vt 0.612305 0.083008
vt 0.612305 0.083008
vt 0.292725 0.081543
vt 0.406250 0.162109
vt 0.292725 0.013672
vt 0.422607 0.007324
vt 0.479248 0.159180
vt 0.479248 0.099609
vt 0.422607 0.084473
vt 0.360107 0.084473
vt 0.355713 0.013672
vt 0.536133 0.009766
vt 0.520996 0.159180
vt 0.292725 0.081543
vt 0.292725 0.013672
vt 0.422607 0.084473
vt 0.616699 0.079590
vt 0.479248 0.159180
vt 0.479248 0.099609
vt 0.472168 0.100586
vt 0.520996 0.099609
vt 0.536133 0.009766
vt 0.520996 0.159180
vt 0.355713 0.013672
vt 0.479248 0.099609
vt 0.616699 0.005859
vt 0.472168 0.162109
vt 0.479248 0.159180
vt 0.536133 0.083008
vt 0.292725 0.013672
vt 0.520996 0.159180
vt 0.292725 0.081543
vt 0.536133 0.009766
vt 0.355713 0.081543
vt 0.427002 0.087402
vt 0.427002 0.087402
vt 0.292725 0.013672
vt 0.406250 0.162109
vt 0.525391 0.010254
vt 0.479248 0.099609
vt 0.355713 0.013672
vt 0.355713 0.013672
vt 0.658203 0.079590
vt 0.292725 0.081543
vt 0.525391 0.010254
vt 0.406250 0.100586
vt 0.292725 0.081543
vt 0.422607 0.007324
vt 0.360107 0.084473
vt 0.427002 0.010254
vt 0.658203 0.079590
vt 0.616699 0.079590
vt 0.360107 0.084473
vt 0.427002 0.010254
vt 0.520996 0.099609
vt 0.525391 0.010254
vt 0.536133 0.009766
vt 0.472168 0.162109
vt 0.525391 0.010254
vt 0.658203 0.005859
vt 0.612305 0.083008
vt 0.479248 0.159180
vt 0.520996 0.099609
vt 0.427002 0.010254
vt 0.479248 0.159180
vt 0.360107 0.007324
vt 0.520996 0.159180
vt 0.479248 0.159180
vt 0.479248 0.159180
vt 0.406250 0.100586
vt 0.472168 0.162109
vt 0.616699 0.079590
vt 0.422607 0.007324
vt 0.355713 0.013672
vt 0.427002 0.010254
vt 0.612305 0.083008
vt 0.355713 0.013672
vt 0.422607 0.007324
vt 0.355713 0.081543
vt 0.472168 0.100586
vt 0.520996 0.099609
vt 0.292725 0.013672
vt 0.520996 0.159180
vt 0.479248 0.159180
vt 0.292725 0.013672
vt 0.422607 0.084473
vt 0.292725 0.081543
vt 0.612305 0.083008
vt 0.479248 0.159180
vt 0.658203 0.005859
vt 0.616699 0.005859
vt 0.355713 0.081543
vt 0.406250 0.162109
vt 0.406250 0.162109
vt 0.536133 0.009766
vt 0.520996 0.159180
vt 0.472168 0.162109
vt 0.616699 0.079590
vt 0.422607 0.007324
vt 0.479248 0.099609
vt 0.422607 0.084473
vt 0.292725 0.081543
vt 0.406250 0.100586
vt 0.422607 0.084473
vt 0.616699 0.079590
vt 0.658203 0.005859
vt 0.292725 0.013672
vt 0.472168 0.162109
vt 0.612305 0.009766
vt 0.292725 0.013672
vt 0.520996 0.159180
vt 0.479248 0.099609
vt 0.427002 0.087402
vt 0.406250 0.162109
vt 0.292725 0.013672
vt 0.355713 0.081543
vt 0.427002 0.087402
vt 0.422607 0.007324
vt 0.536133 0.009766
vt 0.479248 0.099609
vt 0.520996 0.159180
vt 0.612305 0.009766
vt 0.355713 0.013672
vt 0.616699 0.005859
vt 0.658203 0.079590
vt 0.422607 0.007324
vt 0.612305 0.009766
vt 0.427002 0.010254
vt 0.472168 0.162109
vt 0.360107 0.084473
vt 0.427002 0.087402
vt 0.360107 0.007324
vt 0.422607 0.007324
vt 0.658203 0.005859
vt 0.479248 0.099609
vt 0.355713 0.013672
vt 0.479248 0.099609
vt 0.525391 0.087402
vt 0.479248 0.159180
vt 0.422607 0.007324
vt 0.479248 0.099609
vt 0.355713 0.081543
vt 0.472168 0.100586
vt 0.658203 0.005859
vt 0.472168 0.100586
vt 0.536133 0.009766
vt 0.520996 0.159180
vt 0.479248 0.159180
vt 0.479248 0.159180
vt 0.616699 0.005859
vt 0.422607 0.084473
vt 0.536133 0.083008
vt 0.536133 0.083008
vt 0.292725 0.013672
vt 0.355713 0.081543
vt 0.536133 0.083008
vt 0.525391 0.010254
vt 0.472168 0.162109
vt 0.292725 0.081543
vt 0.525391 0.010254
vt 0.616699 0.079590
vt 0.355713 0.013672
vt 0.427002 0.087402
vt 0.292725 0.013672
vt 0.472168 0.162109
vt 0.472168 0.100586
vt 0.406250 0.162109
vt 0.479248 0.099609
vt 0.525391 0.087402
vt 0.292725 0.081543
vt 0.525391 0.010254
vt 0.355713 0.013672
vt 0.536133 0.009766
vt 0.612305 0.083008
vt 0.525391 0.010254
vt 0.355713 0.013672
vt 0.520996 0.159180
vt 0.360107 0.084473
vt 0.406250 0.162109
vt 0.479248 0.099609
vt 0.422607 0.084473
vt 0.472168 0.100586
vt 0.658203 0.005859
vt 0.292725 0.013672
vt 0.525391 0.087402
vt 0.472168 0.100586
vt 0.472168 0.100586
vt 0.520996 0.159180
vt 0.616699 0.079590
vt 0.536133 0.083008
vt 0.355713 0.013672
vt 0.427002 0.010254
vt 0.355713 0.081543
vt 0.427002 0.087402
vt 0.406250 0.162109
vt 0.427002 0.010254
vt 0.658203 0.079590
vt 0.472168 0.162109
vt 0.360107 0.084473
vt 0.355713 0.013672
vt 0.406250 0.100586
vt 0.355713 0.081543
vt 0.479248 0.159180
vt 0.360107 0.007324
vt 0.612305 0.083008
vt 0.360107 0.084473
vt 0.355713 0.013672
vt 0.360107 0.007324
vt 0.525391 0.087402
vt 0.292725 0.081543
vt 0.479248 0.159180
vt 0.479248 0.099609
vt 0.422607 0.084473
vt 0.525391 0.010254
vt 0.616699 0.005859
vt 0.612305 0.083008
vt 0.525391 0.087402
vt 0.360107 0.084473
vt 0.658203 0.005859
vt 0.536133 0.009766
vt 0.525391 0.087402
vt 0.479248 0.159180
vt 0.355713 0.013672
vt 0.427002 0.010254
vt 0.292725 0.081543
vt 0.520996 0.099609
vt 0.612305 0.009766
vt 0.525391 0.087402
vt 0.292725 0.081543
vt 0.406250 0.100586
vt 0.612305 0.083008
vt 0.472168 0.100586
vt 0.616699 0.079590
vt 0.479248 0.099609
vt 0.406250 0.162109
vt 0.658203 0.005859
vt 0.536133 0.009766
vt 0.422607 0.084473
vt 0.658203 0.005859
vt 0.616699 0.005859
vt 0.536133 0.009766
vt 0.612305 0.083008
vt 0.479248 0.159180
vt 0.525391 0.010254
vt 0.355713 0.013672
vt 0.658203 0.079590
vt 0.292725 0.081543
vt 0.472168 0.100586
vt 0.427002 0.010254
vt 0.427002 0.087402
vt 0.472168 0.100586
vt 0.616699 0.079590
vt 0.292725 0.013672
vt 0.525391 0.087402
vt 0.520996 0.099609
vt 0.520996 0.099609
vt 0.360107 0.007324
vt 0.525391 0.087402
vt 0.520996 0.099609
vt 0.422607 0.007324
vt 0.479248 0.099609
vt 0.520996 0.159180
vt 0.612305 0.009766
vt 0.536133 0.083008
vt 0.292725 0.013672
vt 0.479248 0.159180
vt 0.658203 0.005859
vt 0.616699 0.079590
vt 0.360107 0.007324
vt 0.525391 0.087402
vt 0.612305 0.009766
vt 0.612305 0.009766
vt 0.536133 0.009766
vt 0.658203 0.079590
vt 0.658203 0.005859
vt 0.525391 0.010254
vt 0.658203 0.005859
vt 0.520996 0.159180
vt 0.355713 0.013672
vt 0.422607 0.007324
vt 0.525391 0.087402
vt 0.616699 0.079590
vt 0.525391 0.010254
vt 0.292725 0.013672
vt 0.520996 0.159180
vt 0.360107 0.084473
vt 0.355713 0.013672
vt 0.616699 0.005859
vt 0.422607 0.084473
vt 0.427002 0.087402
vt 0.479248 0.159180
vt 0.422607 0.084473
vt 0.360107 0.084473
vt 0.520996 0.099609
vt 0.525391 0.010254
vt 0.406250 0.100586
vt 0.612305 0.083008
vt 0.658203 0.005859
vt 0.536133 0.083008
vt 0.479248 0.099609
vt 0.422607 0.084473
vt 0.360107 0.084473
vt 0.355713 0.013672
vt 0.427002 0.010254
vt 0.355713 0.081543
vt 0.616699 0.079590
vt 0.616699 0.005859
vt 0.525391 0.087402
vt 0.292725 0.081543
vt 0.520996 0.099609
vt 0.292725 0.013672
vt 0.355713 0.081543
vt 0.612305 0.009766
vt 0.536133 0.009766
vt 0.658203 0.079590
vt 0.520996 0.099609
vt 0.360107 0.007324
vt 0.355713 0.081543
vt 0.472168 0.162109
vt 0.360107 0.084473
vt 0.355713 0.013672
vt 0.406250 0.100586
vt 0.292725 0.081543
vt 0.422607 0.007324
vt 0.406250 0.100586
vt 0.472168 0.162109
vt 0.292725 0.081543
vt 0.422607 0.007324
vt 0.479248 0.099609
vt 0.658203 0.079590
vt 0.472168 0.100586
vt 0.292725 0.013672
vt 0.520996 0.159180
vt 0.479248 0.159180
vt 0.427002 0.087402
vt 0.360107 0.007324
vt 0.355713 0.013672
vt 0.658203 0.005859
vt 0.536133 0.009766
vt 0.520996 0.159180
vt 0.355713 0.013672
vt 0.360107 0.007324
vt 0.427002 0.010254
vt 0.472168 0.162109
vt 0.616699 0.079590
vt 0.406250 0.162109
vt 0.292725 0.081543
vt 0.472168 0.162109
vt 0.612305 0.009766
vt 0.292725 0.013672
vt 0.422607 0.084473
vt 0.479248 0.159180
vt 0.292725 0.081543
vt 0.406250 0.100586
vt 0.520996 0.099609
vt 0.612305 0.083008
vt 0.406250 0.100586
vt 0.612305 0.083008
vt 0.536133 0.083008
vt 0.525391 0.010254
vt 0.422607 0.084473
vt 0.427002 0.087402
vt 0.658203 0.005859
vt 0.616699 0.005859
vt 0.616699 0.079590
vt 0.355713 0.013672
vt 0.360107 0.084473
vt 0.427002 0.010254
vt 0.520996 0.159180
vt 0.612305 0.009766
vt 0.422607 0.084473
vt 0.427002 0.010254
vt 0.422607 0.007324
vt 0.406250 0.162109
vt 0.427002 0.010254
vt 0.520996 0.159180
vt 0.406250 0.100586
vt 0.536133 0.083008
vt 0.612305 0.083008
vt 0.427002 0.087402
vt 0.525391 0.010254
vt 0.427002 0.010254
vt 0.658203 0.079590
vt 0.292725 0.081543
vt 0.427002 0.010254
vt 0.658203 0.079590
vt 0.427002 0.087402
vt 0.472168 0.100586
vt 0.525391 0.087402
vt 0.612305 0.009766
vt 0.536133 0.083008
vt 0.422607 0.007324
vt 0.406250 0.100586
vt 0.355713 0.081543
vt 0.360107 0.007324
vt 0.406250 0.162109
vt 0.520996 0.159180
vt 0.360107 0.084473
vt 0.520996 0.099609
vt 0.292725 0.013672
vt 0.612305 0.083008
vt 0.479248 0.159180
vt 0.292725 0.013672
vt 0.355713 0.081543
vt 0.360107 0.084473
vt 0.479248 0.099609
vt 0.520996 0.159180
vt 0.536133 0.083008
vt 0.479248 0.099609
vt 0.612305 0.083008
vt 0.520996 0.099609
vt 0.292725 0.013672
vt 0.520996 0.159180
vt 0.658203 0.079590
vt 0.472168 0.100586
vt 0.658203 0.005859
vt 0.536133 0.009766
vt 0.355713 0.081543
vt 0.479248 0.159180
vt 0.292725 0.013672
vt 0.612305 0.083008
vt 0.292725 0.081543
vt 0.355713 0.013672
vt 0.427002 0.010254
vt 0.355713 0.081543
vt 0.612305 0.009766
vt 0.427002 0.010254
vt 0.520996 0.159180
vt 0.612305 0.009766
vt 0.292725 0.013672
vt 0.616699 0.079590
vt 0.658203 0.005859
vt 0.427002 0.010254
vt 0.472168 0.162109
vt 0.520996 0.099609
vt 0.360107 0.007324
vt 0.360107 0.007324
vt 0.525391 0.087402
vt 0.616699 0.079590
vt 0.422607 0.007324
vt 0.360107 0.007324
vt 0.525391 0.087402
vt 0.472168 0.100586
vt 0.427002 0.010254
vt 0.612305 0.083008
vt 0.472168 0.100586
vt 0.360107 0.084473
vt 0.616699 0.005859
vt 0.536133 0.083008
vt 0.536133 0.083008
vt 0.479248 0.099609
vt 0.525391 0.087402
vt 0.520996 0.099609
vt 0.422607 0.084473
vt 0.479248 0.159180
vt 0.536133 0.083008
vt 0.479248 0.099609
vt 0.472168 0.162109
vt 0.472168 0.100586
vt 0.658203 0.005859
vt 0.472168 0.100586
vt 0.292725 0.013672
vt 0.525391 0.087402
vt 0.612305 0.009766
vt 0.612305 0.009766
vt 0.360107 0.007324
vt 0.355713 0.013672
vt 0.658203 0.005859
vt 0.479248 0.099609
vt 0.355713 0.081543
vt 0.520996 0.099609
vt 0.422607 0.007324
vt 0.355713 0.081543
vt 0.360107 0.084473
vt 0.355713 0.013672
vt 0.612305 0.009766
vt 0.616699 0.005859
vt 0.658203 0.079590
vt 0.292725 0.081543
vt 0.472168 0.100586
vt 0.406250 0.100586
vt 0.612305 0.083008
vt 0.479248 0.159180
vt 0.406250 0.162109
vt 0.658203 0.005859
vt 0.360107 0.007324
vt 0.520996 0.159180
vt 0.422607 0.007324
vt 0.658203 0.005859
vt 0.472168 0.162109
vt 0.360107 0.084473
vt 0.406250 0.162109
vt 0.616699 0.005859
vt 0.355713 0.081543
vt 0.472168 0.100586
vt 0.536133 0.009766
vt 0.355713 0.081543
vt 0.479248 0.159180
vt 0.520996 0.159180
vt 0.658203 0.005859
vt 0.406250 0.100586
vt 0.355713 0.081543
vt 0.355713 0.013672
vt 0.658203 0.005859
vt 0.360107 0.007324
vt 0.612305 0.083008
vt 0.520996 0.159180
vt 0.479248 0.159180
vt 0.520996 0.099609
vt 0.292725 0.013672
vt 0.658203 0.079590
vt 0.616699 0.079590
vt 0.427002 0.087402
vt 0.536133 0.009766
vt 0.525391 0.087402
vt 0.472168 0.100586
vt 0.525391 0.010254
vt 0.427002 0.010254
vt 0.422607 0.084473
vt 0.360107 0.084473
vt 0.616699 0.005859
vt 0.520996 0.159180
vt 0.292725 0.013672
vt 0.520996 0.159180
vt 0.427002 0.087402
vt 0.406250 0.162109
vt 0.360107 0.007324
vt 0.520996 0.159180
vt 0.292725 0.081543
vt 0.406250 0.162109
vt 0.616699 0.005859
vt 0.406250 0.100586
vt 0.612305 0.083008
vt 0.479248 0.159180
vt 0.355713 0.013672
vt 0.479248 0.099609
vt 0.658203 0.079590
vt 0.422607 0.007324
vt 0.427002 0.087402
vt 0.536133 0.009766
vt 0.355713 0.081543
vt 0.292725 0.081543
vt 0.427002 0.087402
vt 0.427002 0.010254
vt 0.406250 0.162109
vt 0.520996 0.099609
vt 0.427002 0.010254
vt 0.525391 0.010254
vt 0.292725 0.013672
vt 0.427002 0.010254
vt 0.355713 0.081543
vt 0.472168 0.100586
vt 0.422607 0.007324
vt 0.406250 0.100586
vt 0.520996 0.159180
vt 0.427002 0.087402
vt 0.355713 0.013672
vt 0.612305 0.009766
vt 0.292725 0.013672
vt 0.612305 0.083008
vt 0.612305 0.009766
vt 0.472168 0.100586
vt 0.292725 0.013672
vt 0.520996 0.099609
vt 0.406250 0.162109
vt 0.406250 0.100586
vt 0.520996 0.159180
vt 0.422607 0.007324
vt 0.422607 0.007324
vt 0.616699 0.005859
vt 0.355713 0.081543
vt 0.427002 0.087402
vt 0.658203 0.005859
vt 0.406250 0.100586
vt 0.479248 0.159180
vt 0.536133 0.083008
vt 0.616699 0.079590
vt 0.292725 0.013672
vt 0.525391 0.087402
vt 0.292725 0.081543
vt 0.658203 0.005859
vt 0.406250 0.100586
vt 0.525391 0.087402
vt 0.616699 0.079590
vt 0.406250 0.162109
vt 0.612305 0.083008
vt 0.292725 0.013672
vt 0.472168 0.162109
vt 0.355713 0.013672
vt 0.520996 0.099609
vt 0.422607 0.084473
vt 0.612305 0.009766
vt 0.536133 0.083008
vt 0.292725 0.013672
vt 0.422607 0.084473
vt 0.427002 0.087402
vt 0.406250 0.162109
vt 0.479248 0.099609
vt 0.520996 0.159180
vt 0.360107 0.084473
vt 0.360107 0.084473
vt 0.658203 0.079590
vt 0.612305 0.009766
vt 0.525391 0.010254
vt 0.658203 0.005859
vt 0.616699 0.005859
vt 0.612305 0.083008
vt 0.427002 0.087402
vt 0.536133 0.083008
vt 0.292725 0.013672
vt 0.525391 0.087402
vt 0.525391 0.010254
vt 0.479248 0.099609
vt 0.536133 0.083008
vt 0.427002 0.087402
vt 0.292725 0.013672
vt 0.472168 0.162109
vt 0.612305 0.009766
vt 0.422607 0.007324
vt 0.616699 0.005859
vt 0.520996 0.159180
vt 0.360107 0.084473
vt 0.616699 0.005859
vt 0.612305 0.083008
vt 0.422607 0.007324
vt 0.616699 0.005859
vt 0.658203 0.079590
vt 0.612305 0.083008
vt 0.612305 0.009766
vt 0.536133 0.083008
vt 0.427002 0.010254
vt 0.292725 0.081543
vt 0.616699 0.079590
vt 0.658203 0.005859
vt 0.406250 0.100586
vt 0.525391 0.087402
vt 0.427002 0.010254
vt 0.355713 0.013672
vt 0.616699 0.005859
vt 0.355713 0.081543
vt 0.427002 0.087402
vt 0.612305 0.009766
vt 0.479248 0.099609
vt 0.422607 0.084473
vt 0.427002 0.087402
vt 0.612305 0.009766
vt 0.360107 0.007324
vt 0.520996 0.159180
vt 0.520996 0.099609
vt 0.658203 0.005859
vt 0.536133 0.009766
vt 0.355713 0.081543
vt 0.520996 0.099609
vt 0.616699 0.005859
vt 0.616699 0.005859
vt 0.422607 0.084473
vt 0.427002 0.087402
vt 0.406250 0.162109
vt 0.536133 0.009766
vt 0.612305 0.083008
vt 0.616699 0.079590
vt 0.612305 0.009766
vt 0.427002 0.010254
vt 0.616699 0.079590
vt 0.479248 0.159180
vt 0.472168 0.100586
vt 0.360107 0.007324
vt 0.525391 0.010254
vt 0.406250 0.162109
vt 0.427002 0.010254
vt 0.355713 0.081543
vt 0.520996 0.099609
vt 0.536133 0.083008
vt 0.292725 0.013672
vt 0.658203 0.079590
vt 0.360107 0.084473
vt 0.536133 0.083008
vt 0.479248 0.099609
vt 0.360107 0.084473
vt 0.520996 0.099609
vt 0.612305 0.009766
vt 0.427002 0.010254
vt 0.472168 0.162109
vt 0.612305 0.009766
vt 0.292725 0.081543
vt 0.536133 0.009766
vt 0.520996 0.159180
vt 0.422607 0.007324
vt 0.422607 0.007324
vt 0.292725 0.013672
vt 0.525391 0.087402
vt 0.355713 0.013672
vt 0.525391 0.010254
vt 0.658203 0.079590
vt 0.427002 0.087402
vt 0.658203 0.005859
vt 0.479248 0.099609
vt 0.355713 0.081543
vt 0.292725 0.081543
vt 0.536133 0.009766
vt 0.612305 0.083008
vt 0.616699 0.079590
vt 0.612305 0.009766
vt 0.422607 0.084473
vt 0.292725 0.081543
vt 0.406250 0.162109
vt 0.520996 0.099609
vt 0.292725 0.013672
vt 0.472168 0.162109
vt 0.536133 0.083008
vt 0.360107 0.007324
vt 0.472168 0.162109
vt 0.472168 0.100586
vt 0.355713 0.013672
vt 0.360107 0.007324
vt 0.520996 0.159180
vt 0.616699 0.079590
vt 0.406250 0.100586
vt 0.355713 0.081543
vt 0.479248 0.159180
vt 0.525391 0.010254
vt 0.427002 0.010254
vt 0.422607 0.084473
vt 0.427002 0.087402
vt 0.616699 0.005859
vt 0.612305 0.083008
vt 0.520996 0.099609
vt 0.292725 0.013672
vt 0.422607 0.084473
vt 0.525391 0.087402
vt 0.472168 0.100586
vt 0.536133 0.083008
vt 0.406250 0.100586
vt 0.355713 0.013672
vt 0.472168 0.100586
vt 0.536133 0.009766
vt 0.355713 0.081543
vt 0.360107 0.084473
vt 0.520996 0.099609
vt 0.292725 0.013672
vt 0.472168 0.162109
vt 0.427002 0.087402
vt 0.536133 0.083008
vt 0.472168 0.162109
vt 0.612305 0.009766
vt 0.472168 0.100586
vt 0.427002 0.010254
vt 0.360107 0.084473
vt 0.520996 0.099609
vt 0.616699 0.005859
vt 0.658203 0.079590
vt 0.536133 0.083008
vt 0.292725 0.013672
vt 0.360107 0.007324
vt 0.525391 0.087402
vt 0.479248 0.159180
vt 0.422607 0.007324
vt 0.360107 0.084473
vt 0.525391 0.087402
vt 0.612305 0.009766
vt 0.406250 0.100586
vt 0.525391 0.087402
vt 0.479248 0.159180
vt 0.360107 0.084473
vt 0.536133 0.009766
vt 0.536133 0.083008
vt 0.472168 0.162109
vt 0.427002 0.010254
vt 0.525391 0.087402
vt 0.658203 0.005859
vt 0.536133 0.083008
vt 0.525391 0.087402
vt 0.616699 0.079590
vt 0.520996 0.099609
vt 0.406250 0.100586
vt 0.427002 0.087402
vt 0.406250 0.162109
vt 0.427002 0.087402
vt 0.360107 0.007324
vt 0.472168 0.162109
vt 0.292725 0.081543
vt 0.422607 0.084473
vt 0.406250 0.100586
vt 0.520996 0.099609
vt 0.658203 0.005859
vt 0.479248 0.099609
vt 0.355713 0.081543
vt 0.536133 0.083008
vt 0.520996 0.099609
vt 0.355713 0.081543
vt 0.292725 0.081543
vt 0.536133 0.083008
vt 0.520996 0.159180
vt 0.479248 0.159180
vt 0.536133 0.009766
vt 0.520996 0.159180
vt 0.612305 0.009766
vt 0.472168 0.100586
vt 0.355713 0.081543
vt 0.479248 0.159180
vt 0.658203 0.005859
vt 0.525391 0.010254
vt 0.616699 0.005859
vt 0.612305 0.083008
vt 0.355713 0.013672
vt 0.525391 0.010254
vt 0.355713 0.081543
vt 0.612305 0.009766
vt 0.658203 0.005859
vt 0.292725 0.013672
vt 0.525391 0.087402
vt 0.292725 0.081543
vt 0.536133 0.009766
vt 0.525391 0.087402
vt 0.479248 0.159180
vt 0.422607 0.007324
vt 0.536133 0.009766
vt 0.355713 0.081543
vt 0.658203 0.005859
vt 0.616699 0.005859
vt 0.525391 0.087402
vt 0.406250 0.162109
vt 0.479248 0.099609
vt 0.422607 0.084473
vt 0.422607 0.084473
vt 0.427002 0.087402
vt 0.658203 0.005859
vt 0.360107 0.007324
vt 0.422607 0.084473
vt 0.427002 0.087402
vt 0.616699 0.079590
vt 0.406250 0.100586
vt 0.525391 0.087402
vt 0.612305 0.009766
vt 0.520996 0.099609
vt 0.360107 0.007324
vt 0.658203 0.079590
vt 0.472168 0.100586
vt 0.536133 0.009766
vt 0.520996 0.159180
vt 0.427002 0.087402
vt 0.479248 0.099609
vt 0.360107 0.084473
vt 0.536133 0.083008
vt 0.536133 0.009766
vt 0.520996 0.159180
vt 0.472168 0.100586
vt 0.525391 0.010254
vt 0.616699 0.005859
vt 0.406250 0.100586
vt 0.355713 0.081543
vt 0.427002 0.087402
vt 0.536133 0.083008
vt 0.536133 0.009766
vt 0.422607 0.084473
vt 0.616699 0.079590
vt 0.616699 0.005859
vt 0.520996 0.159180
vt 0.292725 0.081543
vt 0.479248 0.159180
vt 0.360107 0.007324
vt 0.355713 0.013672
vt 0.355713 0.013672
vt 0.292725 0.013672
vt 0.536133 0.083008
vt 0.658203 0.079590
vt 0.616699 0.079590
vt 0.406250 0.162109
vt 0.406250 0.100586
vt 0.472168 0.162109
vt 0.612305 0.009766
vt 0.406250 0.162109
vt 0.612305 0.009766
vt 0.616699 0.005859
vt 0.422607 0.084473
vt 0.479248 0.159180
vt 0.292725 0.081543
vt 0.616699 0.005859
vt 0.406250 0.162109
vt 0.422607 0.007324
vt 0.406250 0.100586
vt 0.658203 0.079590
vt 0.355713 0.013672
vt 0.525391 0.010254
vt 0.612305 0.083008
vt 0.292725 0.081543
vt 0.355713 0.013672
vt 0.479248 0.159180
vt 0.616699 0.005859
vt 0.472168 0.162109
vt 0.292725 0.081543
vt 0.472168 0.100586
vt 0.616699 0.005859
vt 0.422607 0.084473
vt 0.612305 0.009766
vt 0.520996 0.099609
vt 0.406250 0.162109
vt 0.479248 0.099609
vt 0.355713 0.081543
vt 0.658203 0.005859
vt 0.658203 0.005859
vt 0.427002 0.010254
vt 0.612305 0.083008
vt 0.427002 0.087402
vt 0.355713 0.013672
vt 0.427002 0.010254
vt 0.525391 0.087402
vt 0.360107 0.084473
vt 0.360107 0.007324
vt 0.658203 0.079590
vt 0.479248 0.159180
vt 0.355713 0.081543
vt 0.479248 0.159180
vt 0.422607 0.007324
vt 0.406250 0.100586
vt 0.422607 0.084473
vt 0.479248 0.159180
vt 0.658203 0.005859
vt 0.406250 0.100586
vt 0.658203 0.079590
vt 0.472168 0.162109
vt 0.612305 0.009766
vt 0.536133 0.083008
vt 0.292725 0.013672
vt 0.520996 0.159180
vt 0.616699 0.079590
vt 0.427002 0.010254
vt 0.612305 0.083008
vt 0.292725 0.081543
vt 0.520996 0.099609
vt 0.427002 0.010254
vt 0.525391 0.087402
vt 0.360107 0.084473
vt 0.479248 0.099609
vt 0.525391 0.087402
vt 0.427002 0.010254
vt 0.355713 0.081543
vt 0.525391 0.087402
vt 0.292725 0.081543
vt 0.422607 0.007324
vt 0.360107 0.007324
vt 0.472168 0.162109
vt 0.479248 0.159180
vt 0.658203 0.005859
vt 0.292725 0.013672
vt 0.536133 0.009766
vt 0.355713 0.081543
vt 0.612305 0.009766
vt 0.406250 0.162109
vt 0.406250 0.100586
vt 0.355713 0.081543
vt 0.292725 0.081543
vt 0.406250 0.100586
vt 0.472168 0.162109
vt 0.479248 0.159180
vt 0.612305 0.083008
vt 0.360107 0.007324
vt 0.658203 0.079590
vt 0.355713 0.013672
vt 0.520996 0.099609
vt 0.616699 0.005859
vt 0.472168 0.162109
vt 0.355713 0.013672
vt 0.536133 0.009766
vt 0.616699 0.005859
vt 0.355713 0.081543
vt 0.427002 0.087402
vt 0.658203 0.005859
vt 0.616699 0.005859
vt 0.472168 0.162109
vt 0.427002 0.087402
vt 0.472168 0.100586
vt 0.536133 0.083008
vt 0.355713 0.081543
vt 0.472168 0.100586
vt 0.360107 0.084473
vt 0.479248 0.099609
vt 0.422607 0.007324
vt 0.406250 0.162109
vt 0.536133 0.009766
vt 0.355713 0.081543
vt 0.422607 0.007324
vt 0.355713 0.013672
vt 0.406250 0.100586
vt 0.520996 0.159180
vt 0.479248 0.159180
vt 0.355713 0.013672
vt 0.360107 0.007324
vt 0.616699 0.079590
vt 0.520996 0.099609
vt 0.427002 0.087402
vt 0.616699 0.005859
vt 0.658203 0.079590
vt 0.612305 0.009766
vt 0.525391 0.010254
vt 0.536133 0.009766
vt 0.355713 0.081543
vt 0.525391 0.010254
vt 0.525391 0.010254
vt 0.427002 0.010254
vt 0.520996 0.159180
vt 0.536133 0.009766
vt 0.536133 0.083008
vt 0.355713 0.081543
vt 0.472168 0.100586
vt 0.658203 0.005859
vt 0.360107 0.007324
vt 0.658203 0.079590
vt 0.479248 0.159180
vt 0.520996 0.099609
vt 0.360107 0.007324
vt 0.658203 0.079590
vt 0.612305 0.009766
vt 0.292725 0.081543
vt 0.658203 0.079590
vt 0.616699 0.079590
vt 0.536133 0.083008
vt 0.422607 0.007324
vt 0.536133 0.009766
vt 0.525391 0.087402
vt 0.292725 0.013672
vt 0.536133 0.083008
vt 0.616699 0.005859
vt 0.472168 0.162109
vt 0.427002 0.087402
vt 0.525391 0.010254
vt 0.292725 0.013672
vt 0.658203 0.079590
vt 0.292725 0.081543
vt 0.355713 0.013672
vt 0.536133 0.009766
vt 0.520996 0.159180
vt 0.360107 0.084473
vt 0.658203 0.005859
vt 0.536133 0.009766
vt 0.422607 0.084473
vt 0.479248 0.159180
vt 0.479248 0.159180
vt 0.616699 0.005859
vt 0.612305 0.083008
vt 0.355713 0.013672
vt 0.479248 0.099609
vt 0.658203 0.079590
vt 0.658203 0.079590
vt 0.360107 0.084473
vt 0.355713 0.013672
vt 0.406250 0.100586
vt 0.612305 0.083008
vt 0.612305 0.009766
vt 0.536133 0.083008
vt 0.536133 0.009766
vt 0.525391 0.087402
vt 0.616699 0.005859
vt 0.406250 0.162109
vt 0.406250 0.100586
vt 0.422607 0.084473
vt 0.292725 0.081543
vt 0.406250 0.100586
vt 0.525391 0.087402
vt 0.292725 0.081543
vt 0.616699 0.079590
vt 0.536133 0.009766
vt 0.355713 0.081543
vt 0.658203 0.005859
vt 0.658203 0.005859
vt 0.536133 0.009766
vt 0.520996 0.159180
vt 0.658203 0.005859
vt 0.479248 0.099609
vt 0.536133 0.009766
vt 0.525391 0.087402
vt 0.472168 0.100586
vt 0.525391 0.010254
vt 0.292725 0.013672
vt 0.612305 0.083008
vt 0.479248 0.159180
vt 0.612305 0.009766
vt 0.360107 0.007324
vt 0.355713 0.081543
vt 0.427002 0.087402
vt 0.427002 0.087402
vt 0.427002 0.010254
vt 0.658203 0.005859
vt 0.355713 0.013672
vt 0.616699 0.005859
vt 0.520996 0.159180
vt 0.355713 0.013672
vt 0.520996 0.099609
vt 0.612305 0.083008
vt 0.612305 0.009766
vt 0.406250 0.162109
vt 0.536133 0.009766
vt 0.360107 0.084473
vt 0.422607 0.007324
vt 0.616699 0.079590
vt 0.479248 0.099609
vt 0.355713 0.081543
vt 0.472168 0.100586
vt 0.355713 0.081543
vt 0.536133 0.009766
vt 0.422607 0.084473
vt 0.406250 0.162109
vt 0.355713 0.013672
vt 0.292725 0.013672
vt 0.422607 0.084473
vt 0.520996 0.099609
vt 0.520996 0.099609
vt 0.472168 0.162109
vt 0.292725 0.081543
vt 0.536133 0.083008
vt 0.427002 0.010254
vt 0.525391 0.087402
vt 0.360107 0.084473
vt 0.427002 0.010254
vt 0.658203 0.079590
vt 0.612305 0.009766
vt 0.612305 0.009766
vt 0.355713 0.081543
vt 0.360107 0.084473
vt 0.525391 0.010254
vt 0.520996 0.099609
vt 0.536133 0.009766
vt 0.472168 0.162109
vt 0.292725 0.013672
vt 0.536133 0.083008
vt 0.612305 0.083008
vt 0.292725 0.081543
vt 0.520996 0.099609
vt 0.479248 0.099609
vt 0.355713 0.081543
vt 0.472168 0.100586
vt 0.427002 0.010254
vt 0.612305 0.009766
vt 0.472168 0.100586
vt 0.520996 0.099609
vt 0.406250 0.100586
vt 0.525391 0.087402
vt 0.520996 0.099609
vt 0.479248 0.099609
vt 0.658203 0.079590
vt 0.658203 0.005859
vt 0.536133 0.009766
vt 0.355713 0.081543
vt 0.422607 0.084473
vt 0.427002 0.087402
vt 0.536133 0.083008
vt 0.360107 0.007324
vt 0.422607 0.007324
vt 0.427002 0.087402
vt 0.422607 0.007324
vt 0.536133 0.009766
vt 0.472168 0.162109
vt 0.427002 0.087402
vt 0.520996 0.099609
vt 0.360107 0.007324
vt 0.612305 0.083008
vt 0.472168 0.100586
vt 0.406250 0.162109
vt 0.525391 0.087402
vt 0.427002 0.087402
vt 0.616699 0.079590
vt 0.536133 0.009766
vt 0.427002 0.087402
vt 0.525391 0.010254
vt 0.479248 0.099609
vt 0.472168 0.162109
vt 0.422607 0.007324
vt 0.406250 0.100586
vt 0.427002 0.010254
vt 0.422607 0.084473
vt 0.472168 0.100586
vt 0.355713 0.013672
vt 0.360107 0.084473
vt 0.472168 0.162109
vt 0.616699 0.079590
vt 0.616699 0.005859
vt 0.520996 0.159180
vt 0.292725 0.081543
vt 0.427002 0.087402
vt 0.479248 0.099609
vt 0.355713 0.013672
vt 0.355713 0.013672
vt 0.536133 0.009766
vt 0.520996 0.099609
vt 0.355713 0.013672
vt 0.612305 0.083008
vt 0.479248 0.159180
vt 0.525391 0.010254
vt 0.406250 0.100586
vt 0.292725 0.081543
vt 0.520996 0.099609
vt 0.479248 0.159180
vt 0.427002 0.010254
vt 0.658203 0.079590
vt 0.612305 0.009766
vt 0.472168 0.100586
vt 0.427002 0.010254
vt 0.355713 0.013672
vt 0.355713 0.013672
vt 0.616699 0.005859
vt 0.355713 0.081543
vt 0.525391 0.010254
vt 0.536133 0.083008
vt 0.612305 0.083008
vt 0.427002 0.087402
vt 0.355713 0.013672
vt 0.360107 0.007324
vt 0.612305 0.083008
vt 0.292725 0.081543
vt 0.616699 0.005859
vt 0.658203 0.079590
vt 0.427002 0.087402
vt 0.472168 0.100586
vt 0.520996 0.159180
vt 0.360107 0.084473
vt 0.422607 0.007324
vt 0.658203 0.005859
vt 0.616699 0.005859
vt 0.422607 0.084473
vt 0.422607 0.007324
vt 0.355713 0.013672
vt 0.616699 0.005859
vt 0.472168 0.162109
vt 0.427002 0.087402
vt 0.658203 0.005859
vt 0.479248 0.099609
vt 0.422607 0.084473
vt 0.616699 0.079590
vt 0.406250 0.100586
vt 0.612305 0.083008
vt 0.479248 0.159180
vt 0.520996 0.159180
vt 0.406250 0.162109
vt 0.536133 0.009766
vt 0.612305 0.083008
vt 0.520996 0.099609
vt 0.536133 0.083008
vt 0.427002 0.010254
vt 0.658203 0.079590
vt 0.472168 0.162109
vt 0.292725 0.081543
vt 0.406250 0.162109
vt 0.536133 0.009766
vt 0.612305 0.083008
vt 0.360107 0.084473
vt 0.616699 0.005859
vt 0.658203 0.079590
vt 0.479248 0.159180
vt 0.520996 0.099609
vt 0.479248 0.099609
vt 0.422607 0.084473
vt 0.612305 0.009766
vt 0.292725 0.013672
vt 0.355713 0.081543
vt 0.536133 0.009766
vt 0.616699 0.079590
vt 0.520996 0.099609
vt 0.406250 0.100586
vt 0.472168 0.162109
vt 0.472168 0.100586
vt 0.406250 0.162109
vt 0.406250 0.100586
vt 0.536133 0.009766
vt 0.658203 0.079590
vt 0.360107 0.084473
vt 0.520996 0.099609
vt 0.292725 0.013672
vt 0.658203 0.079590
vt 0.616699 0.079590
vt 0.360107 0.007324
vt 0.472168 0.162109
vt 0.616699 0.079590
vt 0.292725 0.081543
vt 0.427002 0.010254
vt 0.536133 0.083008
vt 0.472168 0.162109
vt 0.292725 0.013672
vt 0.536133 0.083008
vt 0.658203 0.079590
vt 0.472168 0.100586
vt 0.658203 0.005859
vt 0.406250 0.100586
vt 0.658203 0.079590
vt 0.360107 0.084473
vt 0.536133 0.083008
vt 0.292725 0.081543
vt 0.406250 0.100586
vt 0.520996 0.159180
vt 0.292725 0.081543
vt 0.612305 0.083008
vt 0.616699 0.005859
vt 0.525391 0.087402
vt 0.536133 0.083008
vt 0.406250 0.162109
vt 0.292725 0.013672
vt 0.525391 0.087402
vt 0.525391 0.010254
vt 0.525391 0.010254
vt 0.422607 0.084473
vt 0.616699 0.079590
vt 0.525391 0.010254
vt 0.292725 0.081543
vt 0.422607 0.007324
vt 0.427002 0.087402
vt 0.360107 0.007324
vt 0.472168 0.162109
vt 0.360107 0.084473
vt 0.658203 0.005859
vt 0.616699 0.005859
vt 0.472168 0.162109
vt 0.616699 0.079590
vt 0.406250 0.162109
vt 0.406250 0.162109
vt 0.536133 0.009766
vt 0.355713 0.081543
vt 0.520996 0.099609
vt 0.658203 0.005859
vt 0.525391 0.087402
vt 0.612305 0.009766
vt 0.520996 0.099609
vt 0.479248 0.099609
vt 0.525391 0.087402
vt 0.427002 0.087402
vt 0.360107 0.007324
vt 0.520996 0.159180
vt 0.427002 0.087402
vt 0.525391 0.087402
vt 0.292725 0.081543
vt 0.525391 0.010254
vt 0.525391 0.010254
vt 0.360107 0.007324
vt 0.422607 0.084473
vt 0.472168 0.100586
vt 0.525391 0.010254
vt 0.616699 0.005859
vt 0.355713 0.081543
vt 0.612305 0.083008
vt 0.292725 0.081543
vt 0.355713 0.081543
vt 0.406250 0.100586
vt 0.472168 0.162109
vt 0.292725 0.081543
vt 0.292725 0.013672
vt 0.472168 0.162109
vt 0.472168 0.100586
vt 0.525391 0.010254
vt 0.612305 0.009766
vt 0.422607 0.084473
vt 0.616699 0.079590
vt 0.616699 0.079590
vt 0.479248 0.099609
vt 0.658203 0.079590
vt 0.406250 0.162109
vt 0.292725 0.013672
vt 0.612305 0.083008
vt 0.658203 0.079590
vt 0.292725 0.081543
vt 0.422607 0.007324
vt 0.616699 0.005859
vt 0.658203 0.079590
vt 0.472168 0.100586
vt 0.520996 0.099609
vt 0.406250 0.100586
vt 0.612305 0.009766
vt 0.292725 0.081543
vt 0.536133 0.083008
vt 0.360107 0.007324
vt 0.520996 0.159180
vt 0.427002 0.087402
vt 0.406250 0.100586
vt 0.612305 0.083008
vt 0.292725 0.081543
vt 0.479248 0.159180
vt 0.292725 0.013672
vt 0.472168 0.162109
vt 0.520996 0.099609
vt 0.355713 0.013672
vt 0.292725 0.013672
vt 0.422607 0.084473
vt 0.355713 0.013672
vt 0.479248 0.099609
vt 0.427002 0.010254
vt 0.658203 0.079590
vt 0.616699 0.079590
vt 0.355713 0.013672
vt 0.427002 0.010254
vt 0.612305 0.083008
vt 0.292725 0.081543
vt 0.612305 0.009766
vt 0.427002 0.010254
vt 0.525391 0.087402
vt 0.479248 0.159180
vt 0.612305 0.009766
vt 0.536133 0.009766
vt 0.355713 0.013672
vt 0.658203 0.005859
vt 0.616699 0.005859
vt 0.422607 0.084473
vt 0.658203 0.005859
vt 0.658203 0.005859
vt 0.479248 0.099609
vt 0.422607 0.084473
vt 0.616699 0.079590
vt 0.525391 0.010254
vt 0.292725 0.013672
vt 0.616699 0.079590
vt 0.658203 0.005859
vt 0.292725 0.081543
vt 0.360107 0.007324
vt 0.612305 0.083008
vt 0.427002 0.087402
vt 0.479248 0.159180
vt 0.536133 0.009766
vt 0.658203 0.079590
vt 0.406250 0.162109
vt 0.406250 0.162109
vt 0.427002 0.010254
vt 0.355713 0.081543
vt 0.658203 0.005859
vt 0.406250 0.162109
vt 0.292725 0.013672
vt 0.612305 0.083008
vt 0.479248 0.159180
vt 0.355713 0.013672
vt 0.616699 0.005859
vt 0.612305 0.083008
vt 0.360107 0.084473
vt 0.525391 0.010254
vt 0.479248 0.099609
vt 0.658203 0.079590
vt 0.612305 0.009766
vt 0.292725 0.081543
vt 0.520996 0.159180
vt 0.616699 0.079590
vt 0.658203 0.005859
vt 0.525391 0.010254
vt 0.292725 0.013672
vt 0.472168 0.162109
vt 0.536133 0.083008
vt 0.658203 0.005859
vt 0.536133 0.009766
vt 0.612305 0.083008
vt 0.427002 0.087402
vt 0.406250 0.162109
vt 0.406250 0.100586
vt 0.472168 0.162109
vt 0.360107 0.084473
vt 0.292725 0.013672
vt 0.472168 0.162109
vt 0.427002 0.087402
vt 0.536133 0.083008
vt 0.616699 0.005859
vt 0.612305 0.083008
vt 0.292725 0.081543
vt 0.616699 0.079590
vt 0.616699 0.005859
vt 0.612305 0.083008
vt 0.520996 0.099609
vt 0.616699 0.005859
vt 0.520996 0.159180
vt 0.612305 0.083008
vt 0.427002 0.087402
vt 0.422607 0.007324
vt 0.427002 0.010254
vt 0.355713 0.081543
vt 0.612305 0.009766
vt 0.536133 0.083008
vt 0.536133 0.009766
vt 0.422607 0.084473
vt 0.292725 0.081543
vt 0.422607 0.007324
vt 0.427002 0.010254
vt 0.525391 0.087402
vt 0.292725 0.081543
vt 0.292725 0.013672
vt 0.658203 0.079590
vt 0.479248 0.159180
vt 0.292725 0.081543
vt 0.479248 0.099609
vt 0.536133 0.083008
vt 0.536133 0.083008
vt 0.406250 0.100586
vt 0.612305 0.083008
vt 0.406250 0.162109
vt 0.360107 0.007324
vt 0.616699 0.005859
vt 0.520996 0.159180
vt 0.292725 0.081543
vt 0.355713 0.013672
vt 0.292725 0.081543
vt 0.612305 0.083008
vt 0.360107 0.084473
vt 0.292725 0.081543
vt 0.292725 0.013672
vt 0.355713 0.081543
vt 0.360107 0.084473
vt 0.360107 0.084473
vt 0.479248 0.099609
vt 0.406250 0.162109
vt 0.472168 0.162109
vt 0.536133 0.009766
vt 0.525391 0.087402
vt 0.525391 0.010254
vt 0.406250 0.162109
vt 0.525391 0.087402
vt 0.616699 0.079590
vt 0.406250 0.162109
vt 0.536133 0.009766
vt 0.292725 0.081543
vt 0.422607 0.007324
vt 0.427002 0.087402
vt 0.479248 0.099609
vt 0.612305 0.083008
vt 0.472168 0.100586
vt 0.360107 0.084473
vt 0.536133 0.009766
vt 0.536133 0.083008
vt 0.355713 0.013672
vt 0.479248 0.099609
vt 0.520996 0.159180
vt 0.355713 0.013672
vt 0.536133 0.083008
vt 0.525391 0.087402
vt 0.536133 0.009766
vt 0.658203 0.005859
vt 0.479248 0.099609
vt 0.472168 0.162109
vt 0.427002 0.087402
vt 0.479248 0.099609
vt 0.520996 0.159180
vt 0.616699 0.079590
vt 0.427002 0.087402
vt 0.612305 0.083008
vt 0.292725 0.081543
vt 0.422607 0.007324
vt 0.355713 0.013672
vt 0.536133 0.009766
vt 0.422607 0.084473
vt 0.360107 0.007324
vt 0.520996 0.099609
vt 0.360107 0.007324
vt 0.612305 0.083008
vt 0.472168 0.100586
vt 0.422607 0.007324
vt 0.479248 0.099609
vt 0.422607 0.084473
vt 0.612305 0.009766
vt 0.406250 0.100586
vt 0.472168 0.100586
vt 0.427002 0.087402
vt 0.658203 0.005859
vt 0.616699 0.005859
vt 0.612305 0.083008
vt 0.406250 0.162109
vt 0.427002 0.010254
vt 0.520996 0.159180
vt 0.406250 0.162109
vt 0.360107 0.007324
vt 0.472168 0.162109
vt 0.525391 0.087402
vt 0.360107 0.084473
vt 0.520996 0.099609
vt 0.292725 0.013672
vt 0.422607 0.007324
vt 0.472168 0.100586
vt 0.616699 0.005859
vt 0.658203 0.079590
vt 0.479248 0.159180
vt 0.525391 0.010254
vt 0.427002 0.010254
vt 0.525391 0.010254
vt 0.427002 0.087402
vt 0.525391 0.010254
vn 0.974423 0.035617 -0.221880
vn 0.986870 0.043212 -0.155627
vn 0.976640 0.036785 -0.211712
vn 0.958863 0.028422 -0.282442
vn 0.927902 -0.019895 -0.372292
vn 0.926622 -0.037308 -0.374138
vn 0.928264 -0.014075 -0.371656
vn 0.928855 -0.003252 -0.370429
vn 0.908382 0.041004 -0.416125
vn 0.958097 0.012409 -0.286175
vn 0.863840 0.060101 -0.500169
vn 0.808307 0.079507 -0.583368
vn 0.938619 0.108601 -0.327415
vn 0.922649 0.107513 -0.370350
vn 0.938073 0.108575 -0.328983
vn 0.952126 0.109467 -0.285436
vn 0.877655 0.182812 -0.443060
vn 0.921768 0.178088 -0.344425
vn 0.878831 0.182731 -0.440756
vn 0.823333 0.185371 -0.536433
vn 0.865651 0.110477 -0.488307
vn 0.865745 0.069734 -0.495604
vn 0.865583 0.113717 -0.487683
vn 0.864026 0.151958 -0.479966
vn 0.875127 0.233272 -0.423954
vn 0.873527 0.242557 -0.422038
vn 0.875162 0.233062 -0.423997
vn 0.876684 0.223584 -0.425952
vn 0.940494 0.338246 -0.032553
vn 0.903305 0.414784 -0.109518
vn 0.938510 0.343217 -0.037426
vn 0.964144 0.262338 0.040055
vn 0.949887 0.312368 0.011892
vn 0.919310 0.386429 -0.074440
vn 0.934531 0.354051 -0.036063
vn 0.960491 0.272555 0.056312
vn 0.934935 0.119903 -0.333946
vn 0.894580 0.196061 -0.401606
vn 0.916402 0.157713 -0.367877
vn 0.954448 0.071654 -0.289645
vn 0.898877 0.183312 -0.398017
vn 0.904663 0.191387 -0.380730
vn 0.897435 0.181361 -0.402142
vn 0.891605 0.173682 -0.418180
vn 0.945749 0.324123 -0.022444
vn 0.944360 0.328704 -0.011747
vn 0.946236 0.322397 -0.026412
vn 0.947487 0.317605 -0.037353
vn 0.934800 0.354632 0.019637
vn 0.922949 0.384777 -0.010554
vn 0.935253 0.353364 0.020892
vn 0.945319 0.322064 0.051453
vn 0.972317 0.185576 -0.141990
vn 0.971396 0.164921 -0.170855
vn 0.972339 0.187279 -0.139585
vn 0.971996 0.206503 -0.112162
vn 0.873868 0.152314 -0.461688
vn 0.889554 0.124625 -0.439502
vn 0.880030 0.141762 -0.453267
vn 0.864002 0.168551 -0.474437
vn 0.838609 0.031169 -0.543842
vn 0.831665 0.023894 -0.554763
vn 0.838969 0.031538 -0.543265
vn 0.845261 0.038330 -0.532977
vn 0.974612 0.192500 -0.114346
vn 0.938491 0.273987 -0.210158
vn 0.959087 0.232659 -0.161311
vn 0.988525 0.140858 -0.054562
vn 0.955621 0.272914 -0.110936
vn 0.956020 0.272151 -0.109360
vn 0.955850 0.272481 -0.110022
vn 0.955447 0.273241 -0.111624
vn 0.905681 0.149997 -0.396538
vn 0.950854 0.089947 -0.296288
vn 0.932290 0.117260 -0.342178
vn 0.882504 0.174518 -0.436727
vn 0.821456 0.031930 -0.569377
vn 0.840414 0.009637 -0.541859
vn 0.832723 0.018870 -0.553369
vn 0.813480 0.040877 -0.580154
vn 0.776230 -0.051081 -0.628378
vn 0.796656 -0.035376 -0.603397
vn 0.774388 -0.052451 -0.630534
vn 0.750654 -0.069640 -0.657015
vn 0.901354 0.147978 -0.407019
vn 0.942425 0.086426 -0.323056
vn 0.922907 0.118014 -0.366490
vn 0.877380 0.177183 -0.445882
vn 0.857198 -0.016297 -0.514729
vn 0.883863 0.026729 -0.466982
vn 0.854318 -0.020593 -0.519343
vn 0.824723 -0.061421 -0.562191
vn 0.736134 -0.171351 -0.654787
vn 0.772966 -0.136738 -0.619537
vn 0.733492 -0.173722 -0.657122
vn 0.693100 -0.208122 -0.690143
vn 0.591548 -0.272501 -0.758824
vn 0.599687 -0.267902 -0.754059
vn 0.590869 -0.272868 -0.759221
vn 0.583473 -0.276974 -0.763443
vn 0.541098 -0.198624 -0.817167
vn 0.534915 -0.186647 -0.824032
vn 0.538994 -0.194513 -0.819543
vn 0.544947 -0.206168 -0.812729
vn 0.663852 -0.215483 -0.716148
vn 0.660617 -0.207415 -0.721502
vn 0.663434 -0.214371 -0.716868
vn 0.666583 -0.222314 -0.711508
vn 0.974784 0.203882 -0.090708
vn 0.959045 0.236663 -0.155635
vn 0.967213 0.221194 -0.124793
vn 0.980505 0.187479 -0.058836
vn 0.901539 0.353862 0.249018
vn 0.901800 0.367643 0.227148
vn 0.901700 0.358612 0.241525
vn 0.901060 0.344811 0.263054
vn 0.948508 0.282500 -0.143267
vn 0.948074 0.227587 -0.222169
vn 0.946878 0.298872 -0.118733
vn 0.937147 0.346005 -0.045123
vn 0.881933 0.211790 -0.421117
vn 0.885312 0.205172 -0.417286
vn 0.881939 0.211760 -0.421120
vn 0.878640 0.218126 -0.424751
vn 0.939693 0.248288 -0.235224
vn 0.923725 0.276526 -0.265075
vn 0.935282 0.256465 -0.243873
vn 0.949905 0.227991 -0.213777
vn 0.949678 0.311119 0.036290
vn 0.928968 0.366609 -0.051142
vn 0.943246 0.332071 0.003927
vn 0.957490 0.272996 0.093200
vn 0.937493 0.336391 0.089155
vn 0.927728 0.370017 0.049084
vn 0.938633 0.331684 0.094631
vn 0.945490 0.296236 0.135253
vn 0.947846 0.305117 0.092153
vn 0.945450 0.317986 0.070779
vn 0.947227 0.308787 0.086091
vn 0.949223 0.295589 0.107716
vn 0.936257 0.335364 0.104659
vn 0.936255 0.335399 0.104563
vn 0.936262 0.335371 0.104591
vn 0.936264 0.335336 0.104687
vn 0.935949 0.352124 0.002874
vn 0.926763 0.374705 0.026575
vn 0.937768 0.347257 -0.002204
vn 0.946365 0.321859 -0.028294
vn 0.956336 0.246704 -0.156709
vn 0.962792 0.233683 -0.135737
vn 0.959058 0.241382 -0.148130
vn 0.952873 0.253145 -0.167184
vn 0.915088 0.139393 -0.378395
vn 0.925482 0.178941 -0.333861
vn 0.913672 0.134769 -0.383458
vn 0.899793 0.095320 -0.425778
vn 0.897871 0.157243 -0.411220
vn 0.898948 0.160094 -0.407752
vn 0.897675 0.156702 -0.411855
vn 0.896632 0.154031 -0.415121
vn 0.888770 0.116893 -0.443197
vn 0.898941 0.103780 -0.425600
vn 0.894143 0.110064 -0.434045
vn 0.883457 0.123487 -0.451946
vn 0.782330 -0.101056 -0.614612
vn 0.817435 -0.069859 -0.571769
vn 0.773207 -0.108682 -0.624772
vn 0.734179 -0.139367 -0.664498
vn 0.653551 -0.144325 -0.742995
vn 0.664994 -0.159000 -0.729727
vn 0.661043 -0.153901 -0.734396
vn 0.649061 -0.138666 -0.747992
vn 0.531515 -0.279606 -0.799570
vn 0.538632 -0.292638 -0.790088
vn 0.534796 -0.285568 -0.795264
vn 0.527690 -0.272644 -0.804493
vn 0.526853 -0.244423 -0.814054
vn 0.529842 -0.260014 -0.807255
vn 0.526701 -0.243615 -0.814394
vn 0.523363 -0.227193 -0.821264
vn 0.474531 -0.399155 -0.784535
vn 0.479069 -0.407409 -0.777503
vn 0.476642 -0.402973 -0.781298
vn 0.472164 -0.394877 -0.788120
vn 0.175740 -0.397443 -0.900641
vn 0.183699 -0.447484 -0.875221
vn 0.177668 -0.409427 -0.894876
vn 0.168975 -0.356707 -0.918808
vn 0.152844 -0.318398 -0.935554
vn 0.231413 -0.437034 -0.869166
vn 0.203339 -0.394911 -0.895934
vn 0.123151 -0.273006 -0.954097
vn 0.360864 -0.244436 -0.900016
vn 0.374089 -0.268528 -0.887666
vn 0.368224 -0.257819 -0.893275
vn 0.354965 -0.233784 -0.905177
vn 0.377843 -0.257409 -0.889368
vn 0.377446 -0.255372 -0.890123
vn 0.377865 -0.257565 -0.889313
vn 0.378237 -0.259472 -0.888601
vn 0.322587 -0.260717 -0.909925
vn 0.312394 -0.241792 -0.918666
vn 0.318065 -0.252318 -0.913877
vn 0.328445 -0.271657 -0.904614
vn 0.263453 -0.113460 -0.957977
vn 0.221034 -0.046824 -0.974141
vn 0.240470 -0.077125 -0.967588
vn 0.281312 -0.142129 -0.949032
vn 0.277067 -0.112471 -0.954246
vn 0.247829 -0.047181 -0.967654
vn 0.268620 -0.093305 -0.958717
vn 0.295597 -0.155389 -0.942591
vn 0.260309 -0.144411 -0.954665
vn 0.223978 -0.082241 -0.971118
vn 0.241765 -0.112446 -0.963798
vn 0.276314 -0.172336 -0.945490
vn 0.659241 -0.228141 -0.716486
vn 0.613051 -0.260854 -0.745737
vn 0.657963 -0.229091 -0.717358
vn 0.702972 -0.194344 -0.684150
vn 0.865929 -0.023822 -0.499599
vn 0.880962 0.004595 -0.473165
vn 0.865850 -0.023944 -0.499731
vn 0.850083 -0.051057 -0.524168
vn 0.804854 -0.087029 -0.587057
vn 0.803168 -0.083593 -0.589858
vn 0.804635 -0.086564 -0.587426
vn 0.806354 -0.090157 -0.584521
vn 0.898735 0.172581 -0.403102
vn 0.984841 -0.055532 -0.164332
vn 0.963012 0.039122 -0.266603
vn 0.854227 0.235069 -0.463723
vn 0.946665 0.314899 -0.068296
vn 0.945537 0.321075 -0.053575
vn 0.947015 0.312610 -0.073733
vn 0.947820 0.306252 -0.088582
vn 0.805877 0.115125 -0.580783
vn 0.764883 0.305310 -0.567221
vn 0.791714 0.199044 -0.577555
vn 0.816501 -0.027466 -0.576691
vn 0.924429 -0.066932 -0.375433
vn 0.905763 0.145562 -0.398002
vn 0.922698 0.008205 -0.385437
vn 0.909364 -0.231446 -0.345673
vn 0.906541 0.065809 -0.416957
vn 0.906142 0.053040 -0.419636
vn 0.906658 0.070932 -0.415860
vn 0.906795 0.078838 -0.414135
vn 0.888706 0.050707 -0.455665
vn 0.890734 -0.147606 -0.429891
vn 0.893130 -0.010167 -0.449683
vn 0.871593 0.163310 -0.462230
vn 0.809728 0.328921 -0.485954
vn 0.798395 0.346495 -0.492449
vn 0.804106 0.337731 -0.489235
vn 0.815119 0.320274 -0.482707
vn 0.780017 0.410805 -0.472030
vn 0.830037 0.322325 -0.455132
vn 0.791849 0.391537 -0.468694
vn 0.741805 0.467747 -0.480560
vn 0.863890 0.275366 -0.421744
vn 0.857422 0.290505 -0.424776
vn 0.862790 0.277984 -0.422277
vn 0.869117 0.262643 -0.419111
vn 0.823670 0.419268 -0.381813
vn 0.763993 0.490890 -0.418739
vn 0.788135 0.463608 -0.404860
vn 0.846776 0.387198 -0.364757
vn 0.900713 0.407873 -0.149522
vn 0.916277 0.378680 -0.130532
vn 0.907669 0.395200 -0.141256
vn 0.892424 0.422272 -0.158952
vn 0.814861 0.297334 -0.497589
vn 0.813614 0.299550 -0.498299
vn 0.814263 0.298412 -0.497921
vn 0.815370 0.296439 -0.497288
vn 0.672123 0.254256 -0.695417
vn 0.624619 0.258777 -0.736808
vn 0.670774 0.254414 -0.696661
vn 0.718655 0.248508 -0.649445
vn 0.479532 -0.009252 -0.877476
vn 0.474641 0.028426 -0.879720
vn 0.478233 0.001284 -0.878232
vn 0.482571 -0.035996 -0.875117
vn 0.493299 -0.035129 -0.869150
vn 0.493372 -0.027357 -0.869388
vn 0.493307 -0.034696 -0.869163
vn 0.493193 -0.042748 -0.868869
vn 0.287097 -0.024128 -0.957598
vn 0.287434 -0.022689 -0.957532
vn 0.287027 -0.024470 -0.957610
vn 0.286719 -0.025874 -0.957665
vn 0.834447 0.278245 -0.475687
vn 0.827154 0.296565 -0.477352
vn 0.833090 0.281726 -0.476016
vn 0.840129 0.263309 -0.474186
vn 0.765025 0.213205 -0.607684
vn 0.766594 0.201956 -0.609546
vn 0.765086 0.212752 -0.607766
vn 0.763721 0.222147 -0.606120
vn 0.563969 0.100782 -0.819623
vn 0.574971 0.161391 -0.802098
vn 0.552740 0.048543 -0.831939
vn 0.535292 -0.020786 -0.844411
vn 0.911964 0.320448 -0.256192
vn 0.912867 0.318420 -0.255507
vn 0.912179 0.319966 -0.256031
vn 0.911289 0.321959 -0.256702
vn 0.384090 -0.085060 -0.919369
vn 0.383191 -0.089530 -0.919320
vn 0.384264 -0.084187 -0.919377
vn 0.385181 -0.079712 -0.919392
vn -0.014501 0.061415 -0.998007
vn 0.004510 0.104581 -0.994506
vn -0.017956 0.053471 -0.998408
vn -0.035998 0.012303 -0.999276
vn 0.062286 0.083062 -0.994596
vn 0.056627 0.067961 -0.996080
vn 0.064828 0.089897 -0.993839
vn 0.070935 0.106266 -0.991804
vn -0.087039 0.139097 -0.986446
vn -0.089683 0.265776 -0.959854
vn -0.088717 0.211059 -0.973439
vn -0.085545 0.086727 -0.992553
vn -0.094274 0.185489 -0.978114
vn -0.181461 0.204195 -0.961965
vn -0.101850 0.187174 -0.977033
vn -0.007167 0.165430 -0.986196
vn -0.014789 0.071813 -0.997309
vn -0.009754 0.082603 -0.996535
vn -0.016918 0.067289 -0.997590
vn -0.022057 0.056356 -0.998167
vn 0.018590 -0.172858 -0.984771
vn -0.017358 -0.247622 -0.968701
vn 0.017489 -0.175183 -0.984381
vn 0.050270 -0.105771 -0.993119
vn -0.121272 0.105661 -0.986980
vn -0.153242 0.117152 -0.981220
vn -0.124527 0.106855 -0.986446
vn -0.095712 0.096431 -0.990727
vn -0.037268 -0.107520 -0.993504
vn 0.002429 -0.127712 -0.991808
vn -0.033921 -0.109231 -0.993438
vn -0.067217 -0.092100 -0.993478
vn 0.677218 0.245939 -0.693462
vn 0.660302 0.271099 -0.700361
vn 0.667165 0.261023 -0.697680
vn 0.683632 0.236084 -0.690588
vn 0.857086 0.309343 -0.411960
vn 0.910464 0.212055 -0.355089
vn 0.890337 0.252265 -0.379029
vn 0.834357 0.343543 -0.431077
vn 0.820099 0.306623 -0.483136
vn 0.817012 0.305273 -0.489183
vn 0.820729 0.306892 -0.481894
vn 0.823820 0.308264 -0.475704
vn 0.734016 0.357187 -0.577614
vn 0.787059 0.261781 -0.558578
vn 0.752172 0.326781 -0.572234
vn 0.697997 0.412126 -0.585622
vn 0.868025 0.425910 -0.255212
vn 0.872625 0.437051 -0.217973
vn 0.866842 0.423416 -0.263258
vn 0.860679 0.411568 -0.299740
vn 0.837628 0.396728 -0.375482
vn 0.849291 0.406344 -0.337030
vn 0.835057 0.394678 -0.383287
vn 0.821086 0.383822 -0.422491
vn 0.892907 0.387114 -0.229914
vn 0.914368 0.351661 -0.200662
vn 0.903244 0.370632 -0.216290
vn 0.880545 0.405575 -0.245253
vn 0.765366 0.342602 -0.544829
vn 0.815285 0.263625 -0.515569
vn 0.784808 0.313586 -0.534547
vn 0.732837 0.387167 -0.559511
vn 0.716191 0.215670 -0.663745
vn 0.722715 0.191790 -0.664002
vn 0.714687 0.220929 -0.663636
vn 0.707722 0.244275 -0.662917
vn 0.765670 0.286484 -0.575913
vn 0.779866 0.295826 -0.551631
vn 0.764126 0.285488 -0.578453
vn 0.749494 0.276092 -0.601690
vn 0.629551 0.370327 -0.683025
vn 0.656413 0.327210 -0.679746
vn 0.635805 0.360632 -0.682420
vn 0.609274 0.400692 -0.684275
vn 0.456508 0.225764 -0.860600
vn 0.456204 0.236567 -0.857855
vn 0.456622 0.222097 -0.861493
vn 0.456846 0.212283 -0.863845
vn 0.349791 0.004361 -0.936818
vn 0.264745 0.013972 -0.964217
vn 0.341628 0.005297 -0.939820
vn 0.425335 -0.004512 -0.905025
vn 0.273515 -0.151034 -0.949936
vn 0.273109 -0.141253 -0.951556
vn 0.273316 -0.146035 -0.950775
vn 0.273704 -0.155728 -0.949123
vn 0.250139 0.043848 -0.967216
vn 0.128840 0.062921 -0.989667
vn 0.235291 0.046261 -0.970824
vn 0.359660 0.025509 -0.932735
vn 0.249004 0.039601 -0.967693
vn 0.254956 0.109605 -0.960721
vn 0.250178 0.052300 -0.966786
vn 0.243015 -0.019392 -0.969829
vn 0.060540 -0.119789 -0.990952
vn 0.072612 -0.059211 -0.995601
vn 0.065894 -0.093060 -0.993478
vn 0.053599 -0.153800 -0.986647
vn 0.062971 -0.094565 -0.993525
vn 0.146487 -0.127895 -0.980910
vn 0.075138 -0.099482 -0.992198
vn -0.013876 -0.063434 -0.997890
vn 0.051142 -0.178145 -0.982674
vn 0.095985 -0.196535 -0.975787
vn 0.056074 -0.180181 -0.982034
vn 0.016504 -0.163657 -0.986379
vn 0.010209 -0.106672 -0.994242
vn -0.033161 -0.183298 -0.982498
vn 0.010952 -0.105375 -0.994372
vn 0.052412 -0.031092 -0.998141
vn -0.150353 -0.017577 -0.988476
vn -0.176283 -0.056911 -0.982693
vn -0.151679 -0.019545 -0.988237
vn -0.127229 0.017171 -0.991725
vn -0.118096 0.127566 -0.984774
vn -0.104753 0.162024 -0.981211
vn -0.116801 0.130914 -0.984489
vn -0.129499 0.097672 -0.986758
vn -0.204968 0.059155 -0.976979
vn -0.284671 0.104050 -0.952962
vn -0.223925 0.069788 -0.972105
vn -0.146108 0.026317 -0.988919
vn -0.075515 0.207383 -0.975341
vn -0.071226 0.216953 -0.973580
vn -0.076772 0.204602 -0.975830
vn -0.081150 0.194774 -0.977485
vn 0.004114 0.120950 -0.992650
vn 0.005355 0.132848 -0.991122
vn 0.004455 0.124301 -0.992235
vn 0.003133 0.111508 -0.993759
vn -0.017884 0.057973 -0.998158
vn -0.012725 0.085034 -0.996297
vn -0.016601 0.064780 -0.997761
vn -0.022143 0.035573 -0.999122
vn -0.055570 0.063409 -0.996439
vn -0.055433 0.063727 -0.996427
vn -0.055592 0.063346 -0.996442
vn -0.055701 0.063031 -0.996456
vn 0.564828 0.124965 -0.815692
vn 0.560922 0.189791 -0.805820
vn 0.565762 0.097077 -0.818834
vn 0.566161 0.027345 -0.823841
vn 0.463103 0.004020 -0.886295
vn 0.468505 0.053472 -0.881841
vn 0.460431 -0.017418 -0.887525
vn 0.452692 -0.071288 -0.888813
vn 0.298144 -0.000410 -0.954521
vn 0.307706 -0.001257 -0.951481
vn 0.299105 -0.000496 -0.954220
vn 0.289336 0.000360 -0.957228
vn 0.164164 -0.051729 -0.985076
vn 0.190090 -0.057628 -0.980074
vn 0.167326 -0.052440 -0.984506
vn 0.140707 -0.046384 -0.988964
vn 0.830842 0.357925 -0.426136
vn 0.815079 0.384236 -0.433599
vn 0.826293 0.365692 -0.428380
vn 0.841335 0.339360 -0.420702
vn 0.836541 0.417425 -0.354903
vn 0.818971 0.442219 -0.365689
vn 0.828622 0.428801 -0.359884
vn 0.845801 0.403642 -0.348846
vn 0.822440 0.502727 -0.266192
vn 0.812801 0.513256 -0.275541
vn 0.815863 0.509963 -0.272591
vn 0.825269 0.499566 -0.263372
vn 0.864869 0.384766 -0.322423
vn 0.756362 0.508991 -0.410908
vn 0.792101 0.473188 -0.385576
vn 0.901162 0.329014 -0.282236
vn 0.783047 0.432920 -0.446561
vn 0.919190 0.217629 -0.328217
vn 0.854542 0.336508 -0.395627
vn 0.718468 0.502625 -0.480803
vn 0.850191 0.424455 -0.311470
vn 0.861701 0.439219 -0.254081
vn 0.847868 0.421737 -0.321336
vn 0.832720 0.405158 -0.377392
vn 0.846247 0.342749 -0.407909
vn 0.854556 0.324748 -0.405305
vn 0.845253 0.344834 -0.408212
vn 0.836599 0.362603 -0.410635
vn 0.733618 0.332999 -0.592382
vn 0.744363 0.303572 -0.594784
vn 0.731022 0.339796 -0.591731
vn 0.719824 0.367783 -0.588718
vn 0.889226 0.299131 -0.346120
vn 0.870157 0.326856 -0.368772
vn 0.877212 0.316888 -0.360669
vn 0.896614 0.287632 -0.336676
vn 0.799026 0.397298 -0.451343
vn 0.822856 0.361583 -0.438368
vn 0.806644 0.386230 -0.447384
vn 0.781561 0.421598 -0.459801
vn 0.854338 0.378997 -0.355624
vn 0.866544 0.356699 -0.349094
vn 0.853643 0.380224 -0.355982
vn 0.841033 0.401872 -0.362164
vn 0.713019 0.419333 -0.561929
vn 0.716361 0.414390 -0.561345
vn 0.713698 0.418342 -0.561805
vn 0.710383 0.423190 -0.562376
vn 0.587038 0.378120 -0.715829
vn 0.594032 0.364980 -0.716879
vn 0.589024 0.374435 -0.716135
vn 0.582373 0.386713 -0.715049
vn 0.647703 0.378931 -0.660978
vn 0.674316 0.386680 -0.629107
vn 0.646823 0.378688 -0.661979
vn 0.619130 0.370291 -0.692504
vn 0.701677 0.439278 -0.560967
vn 0.716262 0.419998 -0.557289
vn 0.706788 0.432618 -0.559725
vn 0.692434 0.451099 -0.563068
vn 0.760340 0.544178 -0.354617
vn 0.762615 0.541968 -0.353114
vn 0.761447 0.543097 -0.353899
vn 0.759172 0.545311 -0.355378
vn 0.617893 0.654212 -0.436135
vn 0.623823 0.661757 -0.415840
vn 0.617186 0.653340 -0.438438
vn 0.610957 0.645495 -0.458332
vn 0.657678 0.700872 -0.276113
vn 0.642777 0.710067 -0.287476
vn 0.650739 0.705212 -0.281450
vn 0.665990 0.695526 -0.269631
vn 0.727103 0.674195 -0.129548
vn 0.697383 0.697486 -0.164831
vn 0.716400 0.682968 -0.142571
vn 0.747278 0.656323 -0.103996
vn 0.684112 0.569582 -0.455596
vn 0.737212 0.521878 -0.429142
vn 0.704250 0.552285 -0.446109
vn 0.650734 0.596325 -0.470045
vn 0.738956 0.470125 -0.482625
vn 0.772837 0.420444 -0.475342
vn 0.735727 0.474577 -0.483199
vn 0.700281 0.520680 -0.488363
vn 0.865936 0.388025 -0.315580
vn 0.894169 0.336038 -0.295872
vn 0.865629 0.388559 -0.315768
vn 0.836158 0.435773 -0.333080
vn 0.853251 0.450944 -0.261940
vn 0.896319 0.388327 -0.214044
vn 0.872400 0.424778 -0.241832
vn 0.827343 0.483006 -0.286721
vn 0.853030 0.417684 -0.312859
vn 0.897706 0.352052 -0.264921
vn 0.873029 0.390060 -0.292701
vn 0.823794 0.454062 -0.339398
vn 0.806816 0.414684 -0.420814
vn 0.857698 0.362053 -0.365065
vn 0.840201 0.381363 -0.385518
vn 0.788747 0.431086 -0.438229
vn 0.870584 0.366127 -0.328686
vn 0.877914 0.382791 -0.287644
vn 0.868216 0.361322 -0.340070
vn 0.858460 0.343414 -0.380938
vn 0.790617 0.420945 -0.444669
vn 0.822923 0.371203 -0.430124
vn 0.789374 0.422742 -0.445171
vn 0.754377 0.470401 -0.457863
vn 0.787333 0.421537 -0.449904
vn 0.795464 0.412319 -0.444107
vn 0.790527 0.417942 -0.447651
vn 0.782447 0.426951 -0.453309
vn 0.579295 0.282984 -0.764420
vn 0.576518 0.289404 -0.764116
vn 0.578770 0.284230 -0.764356
vn 0.581437 0.277955 -0.764639
vn 0.523748 0.310576 -0.793240
vn 0.522303 0.317492 -0.791454
vn 0.524106 0.308789 -0.793701
vn 0.525412 0.302403 -0.795295
vn 0.515332 0.165819 -0.840796
vn 0.445842 0.160074 -0.880682
vn 0.511952 0.165544 -0.842912
vn 0.579488 0.170379 -0.796972
vn 0.491341 0.201901 -0.847243
vn 0.484404 0.216115 -0.847730
vn 0.487424 0.209971 -0.847544
vn 0.493979 0.196398 -0.847002
vn 0.060288 0.162402 -0.984881
vn 0.073024 0.186573 -0.979723
vn 0.052090 0.146851 -0.987786
vn 0.040283 0.124370 -0.991418
vn 0.077608 0.084961 -0.993357
vn 0.077572 0.084042 -0.993438
vn 0.077614 0.084565 -0.993391
vn 0.077635 0.085421 -0.993316
vn -0.074094 -0.028377 -0.996847
vn -0.125707 -0.005689 -0.992051
vn -0.087016 -0.022699 -0.995948
vn -0.037682 -0.044240 -0.998310
vn -0.061527 -0.037910 -0.997385
vn -0.037138 0.045004 -0.998296
vn -0.051670 -0.004262 -0.998655
vn -0.076433 -0.089269 -0.993071
vn 0.014705 -0.082365 -0.996494
vn 0.025268 -0.015194 -0.999565
vn 0.019742 -0.050506 -0.998529
vn 0.009036 -0.118160 -0.992953
vn -0.046206 -0.158826 -0.986225
vn -0.057034 -0.185595 -0.980970
vn -0.048828 -0.165342 -0.985027
vn -0.038896 -0.140827 -0.989270
vn -0.093488 -0.169631 -0.981063
vn -0.132005 -0.235627 -0.962837
vn -0.098425 -0.178047 -0.979087
vn -0.063067 -0.117422 -0.991078
vn -0.209039 0.027257 -0.977527
vn -0.170001 0.078981 -0.982274
vn -0.198870 0.040832 -0.979175
vn -0.236069 -0.009356 -0.971691
vn -0.201615 -0.131763 -0.970562
vn -0.230759 -0.149174 -0.961508
vn -0.219223 -0.142292 -0.965243
vn -0.219223 -0.142292 -0.965243
vn -0.230759 -0.149174 -0.961508
vn -0.247363 -0.159087 -0.955774
vn -0.201615 -0.131763 -0.970562
vn -0.230759 -0.149174 -0.961508
vn -0.219223 -0.142292 -0.965243
vn -0.219223 -0.142292 -0.965243
vn -0.230759 -0.149174 -0.961508
vn -0.247363 -0.159087 -0.955774
vn -0.186506 -0.071414 -0.979855
vn -0.220833 -0.044577 -0.974292
vn -0.196031 -0.064026 -0.978505
vn -0.164175 -0.088675 -0.982437
vn -0.894253 0.306896 -0.325772
vn -0.895030 0.306021 -0.324459
vn -0.893151 0.308131 -0.327624
vn -0.892337 0.309036 -0.328986
vn -0.897445 0.440683 -0.019761
vn -0.895767 0.444231 -0.016130
vn -0.897346 0.440896 -0.019541
vn -0.898999 0.437336 -0.023172
vn -0.903028 0.415166 0.110354
vn -0.898867 0.431482 0.076555
vn -0.904034 0.410131 0.120481
vn -0.906549 0.392676 0.154839
vn -0.957432 0.107123 -0.268046
vn -0.949118 0.132714 -0.285590
vn -0.956151 0.111282 -0.270910
vn -0.963691 0.085417 -0.252990
vn -0.947342 0.238659 -0.213505
vn -0.932584 0.264281 -0.245851
vn -0.956605 0.220407 -0.190599
vn -0.968798 0.192676 -0.155905
vn -0.965655 0.258396 -0.027246
vn -0.965347 0.259348 -0.029037
vn -0.965937 0.257510 -0.025576
vn -0.966227 0.256590 -0.023811
vn -0.948525 0.309787 0.065823
vn -0.942109 0.335007 0.014221
vn -0.951164 0.291191 0.102448
vn -0.952144 0.263522 0.154847
vn -0.949201 0.288500 0.125640
vn -0.949000 0.286324 0.131975
vn -0.949393 0.291059 0.118060
vn -0.949505 0.293077 0.112014
vn -0.930284 0.366784 0.006443
vn -0.932234 0.361458 0.016950
vn -0.929721 0.368247 0.003538
vn -0.927804 0.373022 -0.005936
vn -0.943675 0.330569 -0.014224
vn -0.942170 0.334036 -0.027141
vn -0.945319 0.326141 0.002063
vn -0.946308 0.322987 0.013456
vn -0.967976 0.240705 -0.071299
vn -0.955012 0.272097 -0.117964
vn -0.976259 0.214158 -0.032486
vn -0.983649 0.179235 0.017570
vn -0.941780 0.289778 0.170527
vn -0.955574 0.257471 0.143482
vn -0.942593 0.287995 0.169050
vn -0.927476 0.318958 0.195076
vn -0.942919 0.310395 0.120659
vn -0.943140 0.307333 0.126623
vn -0.942783 0.312017 0.117498
vn -0.942515 0.314882 0.111867
vn -0.955021 0.294801 0.032065
vn -0.953034 0.302412 0.016502
vn -0.955903 0.290972 0.039800
vn -0.957422 0.283432 0.054860
vn -0.962235 0.263261 0.069265
vn -0.972206 0.229499 0.046328
vn -0.962364 0.262862 0.068983
vn -0.951112 0.295113 0.091072
vn -0.929440 0.366415 -0.043377
vn -0.924605 0.375904 -0.061660
vn -0.931607 0.361817 -0.034607
vn -0.935081 0.353888 -0.019666
vn -0.748216 0.382002 -0.542446
vn -0.723156 0.341753 -0.600208
vn -0.746145 0.378489 -0.547735
vn -0.766672 0.415345 -0.489595
vn -0.603478 0.311369 -0.734073
vn -0.601349 0.314190 -0.734618
vn -0.604023 0.310605 -0.733948
vn -0.606049 0.307913 -0.733413
vn -0.210219 0.396073 -0.893831
vn -0.204790 0.394184 -0.895924
vn -0.209867 0.395929 -0.893978
vn -0.215533 0.397878 -0.891761
vn -0.050758 0.251343 -0.966566
vn 0.089674 0.222054 -0.970902
vn -0.070688 0.255095 -0.964329
vn -0.227747 0.281052 -0.932278
vn -0.135816 0.107979 -0.984832
vn -0.127930 0.211966 -0.968868
vn -0.136162 0.102761 -0.985343
vn -0.142799 -0.009251 -0.989708
vn -0.972957 0.228706 -0.032363
vn -0.967128 0.254285 -0.001503
vn -0.972308 0.231964 -0.028469
vn -0.977507 0.200278 -0.066096
vn -0.968099 0.242317 -0.063765
vn -0.967516 0.245928 -0.058583
vn -0.967968 0.243157 -0.062559
vn -0.968579 0.239142 -0.068313
vn -0.942737 0.330720 -0.043264
vn -0.949897 0.297353 -0.096317
vn -0.945001 0.321997 -0.057374
vn -0.935127 0.354286 -0.004319
vn -0.944858 0.305521 0.117901
vn -0.944210 0.310488 0.109840
vn -0.945315 0.301519 0.124363
vn -0.945793 0.296704 0.132067
vn -0.965089 0.261906 0.002746
vn -0.957395 0.287863 -0.023043
vn -0.964264 0.264945 -0.000229
vn -0.970519 0.239774 0.024523
vn -0.943580 0.294976 0.150485
vn -0.962537 0.247564 0.110613
vn -0.945256 0.291199 0.147291
vn -0.923890 0.335184 0.184606
vn -0.949000 0.312527 0.041533
vn -0.936693 0.343022 0.070302
vn -0.947238 0.317225 0.045916
vn -0.958760 0.283825 0.014899
vn -0.948914 0.228086 -0.218036
vn -0.943793 0.237481 -0.229908
vn -0.950597 0.224886 -0.213988
vn -0.954898 0.216444 -0.203278
vn -0.959633 0.194575 -0.203091
vn -0.952849 0.204394 -0.224280
vn -0.967560 0.181697 -0.175541
vn -0.972602 0.172444 -0.155910
vn -0.853878 0.194511 -0.482761
vn -0.829341 0.230842 -0.508828
vn -0.860737 0.183634 -0.474774
vn -0.882389 0.146644 -0.447086
vn -0.851416 0.185483 -0.490599
vn -0.864061 0.204814 -0.459837
vn -0.852924 0.187680 -0.487132
vn -0.839565 0.168618 -0.516428
vn -0.561626 0.186889 -0.806008
vn -0.551021 0.204828 -0.808963
vn -0.565575 0.180089 -0.804794
vn -0.575171 0.163231 -0.801582
vn -0.383402 -0.036345 -0.922866
vn -0.349529 0.035941 -0.936236
vn -0.408034 -0.092474 -0.908271
vn -0.440535 -0.172336 -0.881038
vn -0.295948 -0.263594 -0.918114
vn -0.202122 -0.269905 -0.941434
vn -0.300733 -0.263208 -0.916669
vn -0.391172 -0.254343 -0.884474
vn -0.463419 -0.027132 -0.885724
vn -0.439222 0.091453 -0.893711
vn -0.462801 -0.023674 -0.886146
vn -0.480299 -0.141316 -0.865646
vn -0.084016 -0.121673 -0.989008
vn -0.085071 -0.059259 -0.994611
vn -0.083547 -0.143381 -0.986135
vn -0.081874 -0.211018 -0.974047
vn -0.047052 -0.189837 -0.980688
vn -0.054800 -0.155296 -0.986347
vn -0.046991 -0.190019 -0.980655
vn -0.039621 -0.222328 -0.974167
vn 0.019992 -0.328858 -0.944168
vn 0.011821 -0.301343 -0.953443
vn 0.020829 -0.331633 -0.943179
vn 0.028823 -0.358316 -0.933155
vn -0.231102 -0.434149 -0.870693
vn -0.233031 -0.429217 -0.872622
vn -0.231699 -0.432614 -0.871298
vn -0.229750 -0.437578 -0.869333
vn -0.132768 -0.436887 -0.889664
vn -0.132976 -0.438512 -0.888833
vn -0.132550 -0.435138 -0.890553
vn -0.132364 -0.433729 -0.891268
vn -0.206851 -0.453797 -0.866765
vn -0.220143 -0.454330 -0.863204
vn -0.207419 -0.453820 -0.866617
vn -0.195812 -0.453311 -0.869578
vn -0.201664 -0.491204 -0.847379
vn -0.215035 -0.491912 -0.843672
vn -0.202142 -0.491231 -0.847249
vn -0.190604 -0.490537 -0.850320
vn -0.101259 -0.506642 -0.856190
vn -0.080401 -0.540354 -0.837588
vn -0.093630 -0.519118 -0.849559
vn -0.114694 -0.484155 -0.867433
vn -0.119744 -0.486738 -0.865302
vn -0.210447 -0.498661 -0.840862
vn -0.112260 -0.485570 -0.866960
vn -0.030474 -0.470932 -0.881643
vn 0.231320 -0.366973 -0.901011
vn 0.212217 -0.318263 -0.923944
vn 0.231444 -0.367251 -0.900867
vn 0.247449 -0.408675 -0.878495
vn -0.105096 -0.366989 -0.924269
vn -0.114099 -0.417322 -0.901567
vn -0.094156 -0.306794 -0.947107
vn -0.086666 -0.265978 -0.960075
vn 0.040653 -0.260641 -0.964580
vn 0.026586 -0.262592 -0.964541
vn 0.040170 -0.260715 -0.964580
vn 0.052369 -0.258974 -0.964464
vn -0.962000 0.268411 0.050122
vn -0.957292 0.288389 0.020567
vn -0.964671 0.253478 0.071821
vn -0.967234 0.232672 0.101595
vn -0.936550 0.350533 0.000046
vn -0.936036 0.351893 -0.002652
vn -0.937523 0.347884 0.005301
vn -0.938015 0.346504 0.007979
vn -0.945426 0.293261 0.142017
vn -0.944812 0.298408 0.135215
vn -0.945531 0.292286 0.143317
vn -0.946048 0.287249 0.149934
vn -0.948306 0.289067 0.130982
vn -0.941637 0.332493 0.052610
vn -0.948671 0.262836 0.175898
vn -0.941527 0.207518 0.265448
vn -0.958522 0.273745 0.079373
vn -0.959522 0.266939 0.089780
vn -0.958281 0.275242 0.077069
vn -0.957124 0.281850 0.066888
vn -0.969462 0.208561 -0.129020
vn -0.969847 0.202952 -0.134932
vn -0.969511 0.207940 -0.129653
vn -0.969099 0.213164 -0.124132
vn -0.964095 0.184326 -0.191164
vn -0.962933 0.186619 -0.194765
vn -0.964750 0.183014 -0.189112
vn -0.965837 0.180820 -0.185644
vn -0.955597 0.194418 -0.221440
vn -0.954675 0.178071 -0.238508
vn -0.955516 0.192546 -0.223418
vn -0.955965 0.208679 -0.206357
vn -0.933167 0.098581 -0.345661
vn -0.934094 0.101486 -0.342299
vn -0.933264 0.098896 -0.345308
vn -0.932339 0.096019 -0.348602
vn -0.915809 0.096474 -0.389854
vn -0.926764 0.074995 -0.368082
vn -0.909529 0.107977 -0.401371
vn -0.898014 0.127765 -0.421007
vn -0.799043 0.067286 -0.597498
vn -0.811060 0.078797 -0.579632
vn -0.801033 0.069158 -0.594612
vn -0.788457 0.057446 -0.612401
vn -0.752443 -0.033939 -0.657783
vn -0.744869 -0.040290 -0.665993
vn -0.751854 -0.034441 -0.658429
vn -0.758638 -0.028665 -0.650881
vn -0.637336 -0.207606 -0.742093
vn -0.645572 -0.275431 -0.712302
vn -0.638246 -0.213863 -0.739530
vn -0.627868 -0.150725 -0.763586
vn -0.489339 -0.344126 -0.801326
vn -0.470482 -0.347860 -0.810950
vn -0.485903 -0.344833 -0.803112
vn -0.505173 -0.340868 -0.792849
vn -0.274777 -0.503276 -0.819275
vn -0.296043 -0.502704 -0.812187
vn -0.276197 -0.503250 -0.818813
vn -0.254451 -0.503618 -0.825605
vn -0.180553 -0.482707 -0.856968
vn -0.183039 -0.491957 -0.851161
vn -0.177086 -0.469808 -0.864824
vn -0.174645 -0.460866 -0.870116
vn -0.056862 -0.483964 -0.873239
vn -0.034829 -0.572774 -0.818973
vn -0.053305 -0.498851 -0.865047
vn -0.072336 -0.416731 -0.906147
vn -0.266897 -0.193736 -0.944051
vn -0.332215 -0.187412 -0.924397
vn -0.277210 -0.192819 -0.941263
vn -0.213820 -0.198137 -0.956568
vn -0.252272 -0.128615 -0.959071
vn -0.202427 -0.135526 -0.969874
vn -0.244040 -0.129790 -0.961041
vn -0.294572 -0.122395 -0.947759
vn 0.022278 -0.164158 -0.986183
vn 0.167181 -0.150650 -0.974349
vn 0.040981 -0.162596 -0.985841
vn -0.102419 -0.172936 -0.979594
vn -0.370143 -0.061646 -0.926927
vn -0.295292 -0.077980 -0.952219
vn -0.352454 -0.065598 -0.933527
vn -0.425065 -0.049074 -0.903832
vn -0.408176 -0.238191 -0.881282
vn -0.413732 -0.247811 -0.876022
vn -0.402378 -0.228274 -0.886557
vn -0.397750 -0.220430 -0.890621
vn -0.586789 -0.347230 -0.731512
vn -0.591220 -0.364049 -0.719671
vn -0.584544 -0.339029 -0.737134
vn -0.579548 -0.321296 -0.748928
vn -0.948956 0.312686 0.041357
vn -0.932532 0.351133 0.084206
vn -0.946847 0.318172 0.047401
vn -0.961600 0.274454 -0.000209
vn -0.954356 0.297989 0.020190
vn -0.952893 0.303098 0.011219
vn -0.955045 0.295437 0.024604
vn -0.956405 0.290075 0.033858
vn -0.965426 0.186321 -0.182310
vn -0.965514 0.186141 -0.182029
vn -0.965380 0.186425 -0.182449
vn -0.965293 0.186597 -0.182735
vn -0.921278 0.113833 -0.371874
vn -0.922521 0.117288 -0.367695
vn -0.921476 0.114401 -0.371208
vn -0.920177 0.110895 -0.375469
vn -0.935593 0.088785 -0.341735
vn -0.942444 0.108886 -0.316138
vn -0.936595 0.091523 -0.338249
vn -0.929031 0.071750 -0.362979
vn -0.865840 -0.025202 -0.499686
vn -0.846657 -0.050941 -0.529695
vn -0.864450 -0.027126 -0.501986
vn -0.880283 -0.004107 -0.474431
vn -0.843193 -0.059364 -0.534323
vn -0.853266 -0.097019 -0.512372
vn -0.844575 -0.064205 -0.531574
vn -0.832918 -0.026186 -0.552776
vn -0.709684 -0.187208 -0.679192
vn -0.714397 -0.194628 -0.672128
vn -0.700935 -0.173741 -0.691740
vn -0.695482 -0.165520 -0.699219
vn -0.700232 -0.196193 -0.686428
vn -0.704705 -0.204676 -0.679337
vn -0.694578 -0.185738 -0.695028
vn -0.689331 -0.176234 -0.702684
vn -0.499024 -0.375099 -0.781201
vn -0.502244 -0.381638 -0.775954
vn -0.493601 -0.364256 -0.789732
vn -0.490264 -0.357599 -0.794836
vn -0.361734 -0.469026 -0.805706
vn -0.358314 -0.505353 -0.785003
vn -0.361394 -0.473014 -0.803525
vn -0.364211 -0.436529 -0.822674
vn -0.325287 -0.405896 -0.854071
vn -0.323335 -0.496319 -0.805681
vn -0.325277 -0.412821 -0.850749
vn -0.324291 -0.327132 -0.887592
vn -0.225342 -0.294213 -0.928795
vn -0.236003 -0.340241 -0.910241
vn -0.219229 -0.268578 -0.937979
vn -0.207179 -0.219416 -0.953380
vn -0.879130 0.323916 -0.349584
vn -0.901822 0.287141 -0.322904
vn -0.827916 0.393801 -0.399345
vn -0.803093 0.422928 -0.419732
vn -0.952609 0.248089 -0.176035
vn -0.934928 0.289016 -0.205860
vn -0.964827 0.214691 -0.151711
vn -0.977715 0.171892 -0.120524
vn -0.879757 0.360855 -0.309535
vn -0.873046 0.352907 -0.336522
vn -0.878747 0.359621 -0.313809
vn -0.884904 0.367430 -0.286252
vn -0.881601 0.357253 -0.308463
vn -0.875291 0.348988 -0.334774
vn -0.880870 0.356274 -0.311667
vn -0.886627 0.364401 -0.284789
vn -0.872732 0.420914 -0.247328
vn -0.846528 0.464673 -0.259751
vn -0.874722 0.417367 -0.246306
vn -0.899183 0.370594 -0.232659
vn -0.856122 0.410324 -0.314149
vn -0.869587 0.383305 -0.311280
vn -0.857519 0.407595 -0.313890
vn -0.844434 0.432300 -0.316305
vn -0.893551 0.384335 -0.232064
vn -0.891991 0.381746 -0.242121
vn -0.893293 0.383890 -0.233787
vn -0.894711 0.386370 -0.224079
vn -0.806519 0.345863 -0.479484
vn -0.819051 0.320127 -0.476103
vn -0.804464 0.349914 -0.479998
vn -0.791152 0.375339 -0.482907
vn -0.847443 0.314917 -0.427397
vn -0.877414 0.240014 -0.415377
vn -0.850646 0.307626 -0.426343
vn -0.816472 0.378969 -0.435609
vn -0.734809 0.224861 -0.639916
vn -0.753092 0.143712 -0.642027
vn -0.738794 0.209049 -0.640688
vn -0.717282 0.286203 -0.635291
vn -0.827761 0.312859 -0.465758
vn -0.868290 0.345756 -0.355703
vn -0.834581 0.318050 -0.449799
vn -0.777175 0.276787 -0.565144
vn -0.751418 0.171710 -0.637093
vn -0.756043 0.163646 -0.633734
vn -0.744667 0.183197 -0.641802
vn -0.739976 0.190998 -0.644946
vn -0.690757 0.117621 -0.713456
vn -0.686090 0.127353 -0.716283
vn -0.697748 0.102580 -0.708961
vn -0.702317 0.092499 -0.705829
vn -0.648260 0.184171 -0.738810
vn -0.630756 0.226173 -0.742289
vn -0.661707 0.149181 -0.734772
vn -0.677443 0.104379 -0.728132
vn -0.577823 0.160506 -0.800224
vn -0.567606 0.210815 -0.795852
vn -0.580115 0.147943 -0.800986
vn -0.588573 0.096210 -0.802699
vn -0.479773 -0.000603 -0.877392
vn -0.416604 0.007193 -0.909059
vn -0.477594 -0.000322 -0.878581
vn -0.537782 -0.008067 -0.843045
vn -0.412383 -0.053980 -0.909410
vn -0.404566 -0.084118 -0.910632
vn -0.410936 -0.059676 -0.909709
vn -0.418433 -0.029544 -0.907767
vn -0.724950 0.180788 -0.664653
vn -0.725252 0.180867 -0.664302
vn -0.724969 0.180787 -0.664632
vn -0.724666 0.180708 -0.664984
vn -0.697227 0.100111 -0.709826
vn -0.683603 0.098052 -0.723238
vn -0.695943 0.099914 -0.711112
vn -0.709412 0.101942 -0.697383
vn -0.446267 0.064355 -0.892583
vn -0.432046 0.113694 -0.894657
vn -0.465503 -0.010440 -0.884985
vn -0.477322 -0.062865 -0.876477
vn -0.294676 -0.011712 -0.955526
vn -0.294627 -0.023754 -0.955317
vn -0.294692 -0.002437 -0.955589
vn -0.294670 0.009536 -0.955551
vn -0.202383 -0.081282 -0.975928
vn -0.205733 -0.125618 -0.970512
vn -0.196333 -0.011476 -0.980470
vn -0.192164 0.030882 -0.980877
vn -0.361579 -0.050891 -0.930951
vn -0.373153 0.024229 -0.927453
vn -0.358892 -0.066629 -0.930998
vn -0.343747 -0.146515 -0.927562
vn -0.257201 -0.107425 -0.960368
vn -0.258535 -0.102221 -0.960578
vn -0.256964 -0.108359 -0.960327
vn -0.255691 -0.113325 -0.960093
vn -0.074385 -0.034180 -0.996644
vn -0.066928 -0.081598 -0.994416
vn -0.080173 0.003427 -0.996775
vn -0.086696 0.046795 -0.995135
vn -0.110798 0.035446 -0.993211
vn -0.109903 0.005926 -0.993925
vn -0.111731 0.070111 -0.991262
vn -0.112522 0.104480 -0.988141
vn -0.918035 0.365604 -0.153447
vn -0.875888 0.433684 -0.211514
vn -0.958279 0.274906 -0.078278
vn -0.983854 0.178968 -0.001109
vn -0.919287 0.357209 -0.165267
vn -0.913809 0.341052 -0.220535
vn -0.918389 0.353900 -0.176965
vn -0.921381 0.368441 -0.123727
vn -0.892119 0.417616 -0.172396
vn -0.877868 0.442980 -0.181979
vn -0.894714 0.412782 -0.170583
vn -0.907990 0.386911 -0.160794
vn -0.869969 0.332669 -0.363986
vn -0.865352 0.341480 -0.366821
vn -0.872242 0.328245 -0.362558
vn -0.876662 0.319488 -0.359710
vn -0.817168 0.299743 -0.492332
vn -0.803823 0.333186 -0.492803
vn -0.818491 0.296243 -0.492253
vn -0.830191 0.263774 -0.491128
vn -0.827111 0.364997 -0.427392
vn -0.814718 0.385821 -0.432871
vn -0.834270 0.352473 -0.423977
vn -0.846828 0.329441 -0.417553
vn -0.882939 0.416322 -0.217012
vn -0.854014 0.461546 -0.240073
vn -0.899778 0.386810 -0.201933
vn -0.928070 0.329863 -0.172851
vn -0.851092 0.345435 -0.395370
vn -0.870234 0.308359 -0.384198
vn -0.842261 0.361376 -0.400006
vn -0.821078 0.397162 -0.409992
vn -0.739766 0.224921 -0.634158
vn -0.737832 0.235245 -0.632664
vn -0.739298 0.227497 -0.633785
vn -0.741195 0.217017 -0.635243
vn -0.784703 0.219322 -0.579776
vn -0.809602 0.223610 -0.542718
vn -0.788690 0.220021 -0.574072
vn -0.760618 0.214996 -0.612567
vn -0.759410 0.236309 -0.606180
vn -0.776457 0.162860 -0.608763
vn -0.762665 0.223760 -0.606855
vn -0.742323 0.295232 -0.601494
vn -0.774404 0.186974 -0.604433
vn -0.776113 0.182862 -0.603498
vn -0.773559 0.188982 -0.604890
vn -0.771792 0.193133 -0.605836
vn -0.650692 0.066343 -0.756438
vn -0.643578 0.090155 -0.760052
vn -0.655463 0.049545 -0.753601
vn -0.662501 0.023195 -0.748702
vn -0.602709 0.006524 -0.797935
vn -0.600910 0.013397 -0.799204
vn -0.604291 0.000382 -0.796764
vn -0.606027 -0.006461 -0.795418
vn -0.689754 0.107207 -0.716063
vn -0.684901 0.122438 -0.718275
vn -0.692801 0.097310 -0.714534
vn -0.697446 0.081731 -0.711961
vn -0.641021 0.106277 -0.760130
vn -0.591889 0.102563 -0.799468
vn -0.634873 0.105837 -0.765333
vn -0.684169 0.109329 -0.721083
vn -0.558378 0.052947 -0.827896
vn -0.558925 0.111762 -0.821652
vn -0.558546 0.060011 -0.827300
vn -0.556112 -0.001661 -0.831106
vn -0.426819 -0.115145 -0.896977
vn -0.432548 -0.092384 -0.896866
vn -0.428315 -0.109252 -0.897001
vn -0.422231 -0.132647 -0.896731
vn -0.377433 -0.075824 -0.922927
vn -0.377799 -0.092905 -0.921215
vn -0.377119 -0.063453 -0.923989
vn -0.376545 -0.045299 -0.925290
vn -0.331704 -0.086210 -0.939436
vn -0.325687 -0.162484 -0.931411
vn -0.333775 -0.051684 -0.941235
vn -0.336925 0.025893 -0.941176
vn -0.064093 0.143705 -0.987543
vn -0.062426 0.134840 -0.988899
vn -0.064545 0.146128 -0.987158
vn -0.066258 0.155228 -0.985654
vn -0.108991 0.088934 -0.990056
vn -0.113043 0.102359 -0.988304
vn -0.109144 0.089500 -0.989989
vn -0.104951 0.075559 -0.991603
vn -0.129176 0.092390 -0.987308
vn -0.132258 0.109772 -0.985118
vn -0.128593 0.089116 -0.987685
vn -0.125183 0.070309 -0.989639
vn -0.234097 0.078482 -0.969040
vn -0.211740 0.084391 -0.973676
vn -0.233679 0.078584 -0.969133
vn -0.256724 0.072423 -0.963767
vn -0.096096 0.045575 -0.994328
vn -0.094110 0.039481 -0.994779
vn -0.096323 0.046350 -0.994270
vn -0.098390 0.052678 -0.993753
vn 0.133836 -0.053876 -0.989538
vn 0.129042 -0.102285 -0.986350
vn 0.132964 -0.062869 -0.989125
vn 0.137509 -0.014371 -0.990396
vn 0.139970 -0.047890 -0.988997
vn 0.133387 -0.066777 -0.988812
vn 0.143603 -0.037272 -0.988933
vn 0.150611 -0.016785 -0.988451
vn -0.067093 0.087710 -0.993884
vn -0.067147 0.087888 -0.993865
vn -0.067093 0.087710 -0.993884
vn -0.067051 0.087531 -0.993903
vn 0.127430 0.355195 -0.926066
vn 0.304577 0.397381 -0.865633
vn 0.130757 0.356086 -0.925260
vn -0.058240 0.298670 -0.952578
vn 0.172959 0.355693 -0.918459
vn 0.160927 0.387577 -0.907682
vn 0.180521 0.335142 -0.924712
vn 0.193579 0.298510 -0.934569
vn 0.288638 0.263006 -0.920606
vn 0.174697 0.324196 -0.929719
vn 0.306973 0.252472 -0.917619
vn 0.393886 0.199821 -0.897176
vn -0.487914 -0.034764 -0.872200
vn -0.496469 0.017754 -0.867873
vn -0.490232 -0.021294 -0.871332
vn -0.480437 -0.074900 -0.873825
vn -0.654469 0.107479 -0.748411
vn -0.581829 0.099237 -0.807235
vn -0.652176 0.107228 -0.750445
vn -0.718677 0.114496 -0.685853
vn -0.699639 0.126448 -0.703218
vn -0.700940 0.119889 -0.703072
vn -0.699354 0.127771 -0.703263
vn -0.698006 0.134399 -0.703367
vn -0.657831 -0.010663 -0.753090
vn -0.655370 0.021396 -0.755005
vn -0.657849 -0.010820 -0.753072
vn -0.659727 -0.045195 -0.750145
vn -0.569166 0.004318 -0.822211
vn -0.565032 0.061681 -0.822760
vn -0.569541 -0.002562 -0.821959
vn -0.571634 -0.063070 -0.818081
vn -0.566903 0.022864 -0.823467
vn -0.553111 0.071546 -0.830029
vn -0.582042 -0.037896 -0.812275
vn -0.593676 -0.092551 -0.799364
vn -0.587546 -0.098837 -0.803132
vn -0.591509 -0.049489 -0.804779
vn -0.588182 -0.091976 -0.803481
vn -0.582893 -0.142038 -0.800038
vn -0.752215 0.124908 -0.646971
vn -0.760191 0.124947 -0.637571
vn -0.752341 0.124920 -0.646822
vn -0.743788 0.124887 -0.656645
vn -0.834516 0.127569 -0.536012
vn -0.827275 0.154197 -0.540222
vn -0.836650 0.119245 -0.534600
vn -0.843212 0.091697 -0.529703
vn -0.832065 0.132022 -0.538738
vn -0.821310 0.174137 -0.543256
vn -0.833421 0.126157 -0.538046
vn -0.842444 0.083397 -0.532291
vn -0.583751 0.359791 -0.727864
vn -0.545944 0.362332 -0.755421
vn -0.602906 0.358158 -0.712901
vn -0.637841 0.354517 -0.683722
vn -0.798139 0.297649 -0.523812
vn -0.837786 0.291710 -0.461540
vn -0.804175 0.296889 -0.514936
vn -0.760943 0.301378 -0.574575
vn -0.814911 0.349390 -0.462435
vn -0.743584 0.345684 -0.572351
vn -0.805242 0.349218 -0.479200
vn -0.875577 0.346735 -0.336362
vn -0.895897 0.306598 -0.321505
vn -0.877658 0.306974 -0.368080
vn -0.891921 0.306768 -0.332221
vn -0.911533 0.305493 -0.275286
vn -0.923045 0.308409 -0.229940
vn -0.913997 0.333136 -0.231580
vn -0.925072 0.302595 -0.229516
vn -0.931853 0.282227 -0.228031
vn -0.831903 0.275385 -0.481769
vn -0.913107 0.266778 -0.308325
vn -0.828769 0.275485 -0.487084
vn -0.625171 0.266743 -0.733491
vn -0.663333 0.313583 -0.679453
vn -0.701377 0.308128 -0.642750
vn -0.647476 0.315535 -0.693695
vn -0.605981 0.319852 -0.728341
vn -0.746096 -0.015321 -0.665662
vn -0.748120 -0.098935 -0.656146
vn -0.744455 0.009829 -0.667601
vn -0.735200 0.096092 -0.671005
vn -0.554816 -0.125800 -0.822407
vn -0.551824 -0.081062 -0.830011
vn -0.555831 -0.146856 -0.818221
vn -0.557192 -0.196023 -0.806915
vn -0.552447 -0.130627 -0.823249
vn -0.551553 -0.130763 -0.823827
vn -0.553212 -0.130507 -0.822754
vn -0.553931 -0.130406 -0.822286
vn -0.457441 0.026615 -0.888842
vn -0.455488 0.029199 -0.889763
vn -0.459752 0.023529 -0.887735
vn -0.461557 0.021145 -0.886859
vn -0.480664 0.027686 -0.876468
vn -0.480680 0.027899 -0.876452
vn -0.480662 0.027655 -0.876470
vn -0.480669 0.027471 -0.876472
vn 0.879629 0.387924 -0.275260
vn 0.951810 0.259487 -0.163476
vn 0.931610 0.302831 -0.200990
vn 0.854834 0.420530 -0.303996
vn 0.979520 0.197782 0.037721
vn 0.986370 0.158097 0.045601
vn 0.974665 0.221220 0.033015
vn 0.968572 0.247182 0.027750
vn 0.884896 0.264692 -0.383271
vn 0.885614 0.261773 -0.383617
vn 0.884736 0.265382 -0.383164
vn 0.884254 0.267338 -0.382916
vn 0.992415 -0.043909 0.114821
vn 0.985315 -0.033459 0.167439
vn 0.993117 -0.045258 0.108025
vn 0.996666 -0.054462 0.060751
vn 0.904264 -0.352452 0.241008
vn 0.861489 -0.441568 0.250708
vn 0.908997 -0.341043 0.239612
vn 0.933039 -0.275694 0.231150
vn 0.980972 -0.167354 -0.098420
vn 0.848522 -0.528935 -0.015437
vn 0.973410 -0.210842 -0.089550
vn 0.984447 0.096549 -0.146771
vn 0.984982 -0.136359 0.105906
vn 0.969252 -0.216958 -0.116104
vn 0.986009 -0.162677 0.036361
vn 0.977959 -0.107658 0.178903
vn 0.959704 -0.271381 -0.072940
vn 0.924786 -0.368513 -0.094703
vn 0.987287 -0.152130 -0.046049
vn 0.996411 -0.079324 -0.029535
vn -0.764300 0.238744 -0.599039
vn -0.808826 0.254127 -0.530302
vn -0.763780 0.238550 -0.599779
vn -0.713328 0.221285 -0.664979
vn -0.833955 0.328855 -0.443140
vn -0.842372 0.337475 -0.420144
vn -0.834153 0.329080 -0.442600
vn -0.824429 0.319527 -0.467140
vn -0.892193 0.333796 -0.304255
vn -0.891897 0.334308 -0.304561
vn -0.892243 0.333700 -0.304216
vn -0.892554 0.333135 -0.303920
vn -0.774007 0.410399 -0.482167
vn -0.786104 0.426836 -0.447048
vn -0.774567 0.411135 -0.480639
vn -0.760817 0.393531 -0.516033
vn -0.748081 0.514295 -0.419375
vn -0.755322 0.533318 -0.380869
vn -0.748973 0.516470 -0.415088
vn -0.740108 0.495748 -0.454393
vn -0.742299 0.477228 -0.470367
vn -0.756419 0.507727 -0.412364
vn -0.743250 0.479132 -0.466917
vn -0.726057 0.446771 -0.522721
vn -0.741630 0.451525 -0.496094
vn -0.749036 0.467375 -0.469580
vn -0.742316 0.452913 -0.493799
vn -0.733856 0.435972 -0.520945
vn -0.890869 0.361650 -0.274886
vn -0.919751 0.314440 -0.234918
vn -0.858507 0.406332 -0.312824
vn -0.823827 0.447494 -0.347935
vn -0.848186 0.335580 -0.409837
vn -0.875361 0.302443 -0.377189
vn -0.804324 0.381976 -0.455146
vn -0.775928 0.408448 -0.480735
vn -0.640789 0.469869 -0.607135
vn -0.658655 0.445516 -0.606374
vn -0.644376 0.465083 -0.607023
vn -0.626404 0.488613 -0.607352
vn -0.419205 0.480861 -0.770091
vn -0.476509 0.497606 -0.724795
vn -0.417840 0.480436 -0.771098
vn -0.355661 0.460104 -0.813517
vn -0.085362 0.578351 -0.811310
vn -0.117866 0.522022 -0.844749
vn -0.067185 0.608201 -0.790934
vn -0.036480 0.655974 -0.753902
vn 0.021073 0.586587 -0.809612
vn 0.017053 0.576059 -0.817230
vn 0.023202 0.592165 -0.805483
vn 0.027060 0.602130 -0.797939
vn 0.092998 0.549915 -0.830027
vn 0.119792 0.548239 -0.827698
vn 0.088380 0.550180 -0.830356
vn 0.061488 0.551361 -0.831997
vn 0.264339 0.550822 -0.791657
vn 0.321749 0.469892 -0.821997
vn 0.251507 0.567612 -0.783940
vn 0.188281 0.643965 -0.741525
vn 0.256541 0.394193 -0.882496
vn 0.184763 0.354512 -0.916616
vn 0.292757 0.413418 -0.862194
vn 0.355779 0.445571 -0.821516
vn 0.177458 0.275674 -0.944729
vn 0.272845 0.208367 -0.939223
vn 0.193489 0.264734 -0.944711
vn 0.096091 0.328919 -0.939457
vn 0.314738 0.337306 -0.887223
vn 0.064840 0.453627 -0.888830
vn 0.297449 0.346594 -0.889605
vn 0.511987 0.215855 -0.831430
vn 0.334682 0.329192 -0.882962
vn 0.142715 0.411877 -0.899994
vn 0.316064 0.338177 -0.886420
vn 0.476595 0.253312 -0.841838
vn 0.083338 -0.052888 -0.995117
vn 0.068809 -0.035016 -0.997015
vn 0.086216 -0.056405 -0.994678
vn 0.099470 -0.072749 -0.992378
vn -0.041373 -0.020416 -0.998935
vn -0.000447 -0.000147 -1.000000
vn -0.053742 -0.026580 -0.998201
vn -0.089939 -0.044507 -0.994952
vn -0.192273 0.086206 -0.977548
vn -0.204064 0.124130 -0.971056
vn -0.195433 0.096284 -0.975979
vn -0.182960 0.056837 -0.981476
vn 0.130728 -0.103137 -0.986039
vn 0.121456 -0.138428 -0.982897
vn 0.133388 -0.092876 -0.986703
vn 0.142848 -0.055693 -0.988177
vn 0.382189 -0.072064 -0.921270
vn 0.388113 -0.035602 -0.920924
vn 0.381472 -0.076308 -0.921225
vn 0.375675 -0.108916 -0.920329
vn -0.058124 0.816149 0.574911
vn -0.070164 0.803730 0.590842
vn -0.060187 0.814060 0.577654
vn -0.048068 0.826144 0.561405
vn -0.326272 0.832820 0.447167
vn -0.309852 0.842099 0.441430
vn -0.332310 0.829308 0.449242
vn -0.349570 0.818979 0.455055
vn 0.058290 0.813436 0.578726
vn 0.037393 0.820069 0.571042
vn 0.056660 0.813963 0.578147
vn 0.077657 0.806884 0.585583
vn 0.429278 0.813405 0.392546
vn 0.428220 0.811098 0.398431
vn 0.428904 0.812627 0.394562
vn 0.429939 0.814889 0.388727
vn 0.035814 0.815726 0.577329
vn 0.032859 0.814606 0.579083
vn 0.036759 0.816096 0.576746
vn 0.039511 0.817137 0.575088
vn 0.440578 0.752211 0.489968
vn 0.446363 0.753007 0.483466
vn 0.442948 0.752552 0.487302
vn 0.437041 0.751713 0.493885
vn 0.452480 0.741850 0.494894
vn 0.432216 0.766777 0.474597
vn 0.449928 0.745087 0.492352
vn 0.469753 0.719064 0.512132
vn 0.446387 0.737249 0.507151
vn 0.431630 0.737235 0.519789
vn 0.442486 0.737260 0.510543
vn 0.456919 0.737063 0.497958
vn 0.578237 0.688201 0.438203
vn 0.611515 0.687576 0.391522
vn 0.588467 0.688248 0.424289
vn 0.555595 0.687361 0.467813
vn 0.545000 0.706187 0.451967
vn 0.535987 0.701367 0.469897
vn 0.549999 0.708768 0.441757
vn 0.557711 0.712671 0.425510
vn 0.377690 0.808738 0.450881
vn 0.363079 0.801299 0.475493
vn 0.375881 0.807827 0.454013
vn 0.389920 0.814525 0.429548
vn 0.367495 0.820084 0.438645
vn 0.360003 0.811011 0.461151
vn 0.370865 0.824100 0.428157
vn 0.377520 0.831867 0.406788
vn -0.542440 0.801866 -0.250541
vn -0.555855 0.772556 -0.306893
vn -0.549792 0.786849 -0.280354
vn -0.534715 0.815532 -0.221330
vn -0.314315 0.822065 0.474779
vn -0.314315 0.822065 0.474779
vn -0.314315 0.822065 0.474779
vn -0.314321 0.822056 0.474790
vn -0.528995 0.778503 0.337783
vn -0.556935 0.757744 0.340069
vn -0.539473 0.770883 0.338687
vn -0.513156 0.789654 0.336329
vn -0.438608 0.777545 0.450608
vn -0.394390 0.818829 0.417103
vn -0.458750 0.756752 0.465699
vn -0.495654 0.715058 0.492970
vn -0.512532 0.790489 0.335319
vn -0.449929 0.830046 0.329525
vn -0.506649 0.794472 0.334847
vn -0.565504 0.751895 0.338910
vn 0.440491 0.733044 -0.518279
vn 0.440007 0.739578 -0.509331
vn 0.440548 0.732107 -0.519555
vn 0.441017 0.725001 -0.529035
vn 0.605271 0.791597 0.083793
vn 0.605405 0.791313 0.085491
vn 0.605311 0.791520 0.084227
vn 0.605169 0.791805 0.082557
vn 0.521278 0.759510 0.389119
vn 0.509624 0.746763 0.427350
vn 0.526537 0.765166 0.370513
vn 0.536252 0.775348 0.333571
vn 0.573978 0.680083 0.456110
vn 0.552684 0.674664 0.489254
vn 0.574132 0.680110 0.455876
vn 0.594472 0.684431 0.422088
vn 0.551611 0.687178 0.472769
vn 0.528933 0.684834 0.501231
vn 0.545544 0.686630 0.480542
vn 0.567613 0.688309 0.451716
vn 0.688575 0.638554 0.343677
vn 0.652888 0.630861 0.419228
vn 0.679772 0.637003 0.363505
vn 0.712655 0.641410 0.284106
vn 0.739367 0.582572 0.337560
vn 0.729055 0.572235 0.375535
vn 0.739921 0.583108 0.335414
vn 0.748639 0.592103 0.298252
vn 0.728027 0.680280 0.084828
vn 0.729648 0.671304 0.130249
vn 0.728811 0.677100 0.101835
vn 0.726442 0.684653 0.059430
vn 0.663024 0.681839 -0.309023
vn 0.604454 0.683890 -0.408572
vn 0.629420 0.684162 -0.368447
vn 0.680184 0.679212 -0.275719
vn 0.664220 0.747531 0.003052
vn 0.686701 0.719638 0.102773
vn 0.669442 0.742492 0.023517
vn 0.646566 0.760599 -0.058669
vn 0.453651 0.633087 -0.627218
vn 0.440697 0.639298 -0.630146
vn 0.456049 0.631923 -0.626653
vn 0.467635 0.626167 -0.623884
vn -0.501652 0.597518 -0.625554
vn -0.493784 0.551597 -0.672249
vn -0.500411 0.589582 -0.634021
vn -0.506565 0.633959 -0.584370
vn -0.673016 0.736649 0.066311
vn -0.673481 0.736010 0.068651
vn -0.672948 0.736738 0.066018
vn -0.672520 0.737305 0.064024
vn -0.724313 0.661493 0.194416
vn -0.718805 0.666466 0.197847
vn -0.722183 0.663422 0.195765
vn -0.727131 0.658905 0.192681
vn -0.741425 0.655546 0.143348
vn -0.705628 0.687699 0.170764
vn -0.725714 0.670155 0.155665
vn -0.758651 0.638530 0.129335
vn -0.710088 0.679734 0.183676
vn -0.693696 0.693168 0.195714
vn -0.703705 0.685051 0.188426
vn -0.718021 0.672955 0.177700
vn -0.729287 0.637600 0.248208
vn -0.783253 0.585076 0.210240
vn -0.745245 0.623058 0.237505
vn -0.693557 0.667628 0.270649
vn -0.620108 0.505684 -0.599792
vn -0.571612 0.529988 -0.626397
vn -0.622299 0.504518 -0.598503
vn -0.663670 0.481143 -0.572751
vn -0.411942 0.526607 -0.743632
vn -0.394163 0.477471 -0.785275
vn -0.417801 0.543447 -0.728085
vn -0.432413 0.587303 -0.684175
vn 0.331034 0.557141 -0.761585
vn 0.294117 0.569234 -0.767768
vn 0.317985 0.561527 -0.763920
vn 0.353363 0.549327 -0.757215
vn 0.603855 0.653274 -0.456720
vn 0.534836 0.673328 -0.510471
vn 0.578508 0.661416 -0.477344
vn 0.636563 0.641265 -0.428448
vn 0.796383 0.555344 -0.239517
vn 0.801998 0.552468 -0.227108
vn 0.798207 0.554434 -0.235519
vn 0.792808 0.557082 -0.247215
vn 0.781747 0.556097 -0.282183
vn 0.807800 0.493175 -0.322859
vn 0.784410 0.550315 -0.286102
vn 0.757573 0.603531 -0.248664
vn 0.767957 0.485022 -0.418324
vn 0.746093 0.494987 -0.445346
vn 0.763969 0.486927 -0.423383
vn 0.785277 0.476320 -0.395549
vn 0.808785 0.480927 -0.338489
vn 0.879256 0.433686 -0.197044
vn 0.831950 0.468305 -0.297572
vn 0.750212 0.504949 -0.426859
vn 0.915566 0.376714 -0.140803
vn 0.903367 0.407976 -0.132224
vn 0.914186 0.380430 -0.139771
vn 0.924568 0.351297 -0.147525
vn 0.944493 0.315572 0.091358
vn 0.954855 0.281205 0.095786
vn 0.946933 0.307869 0.092379
vn 0.935867 0.341206 0.087926
vn 0.951006 0.301965 0.066372
vn 0.960341 0.268931 0.073626
vn 0.954119 0.291437 0.068716
vn 0.943521 0.325636 0.061061
vn 0.926334 0.217061 -0.307878
vn 0.919990 0.249339 -0.302404
vn 0.925449 0.221927 -0.307070
vn 0.931026 0.188786 -0.312330
vn 0.922928 0.210913 -0.322056
vn 0.951126 0.203722 -0.232071
vn 0.931132 0.209226 -0.298694
vn 0.892603 0.215549 -0.395978
vn 0.756739 0.317398 -0.571493
vn 0.809659 0.287717 -0.511538
vn 0.760306 0.315578 -0.567754
vn 0.698450 0.344727 -0.627162
vn 0.471790 0.494111 -0.730253
vn 0.399302 0.517556 -0.756765
vn 0.441198 0.504524 -0.742159
vn 0.507712 0.480864 -0.714841
vn 0.210389 0.541041 -0.814255
vn 0.180649 0.558986 -0.809259
vn 0.204834 0.544435 -0.813409
vn 0.232416 0.527197 -0.817341
vn -0.268070 0.375650 -0.887145
vn -0.275164 0.382491 -0.882035
vn -0.270277 0.377781 -0.885568
vn -0.263480 0.371236 -0.890372
vn -0.547350 0.437009 -0.713744
vn -0.501945 0.463631 -0.730135
vn -0.549504 0.435690 -0.712895
vn -0.591554 0.408771 -0.694961
vn -0.813766 0.410825 -0.411106
vn -0.842006 0.389120 -0.373647
vn -0.813823 0.410785 -0.411032
vn -0.784409 0.430757 -0.446263
vn -0.815481 0.387138 -0.430251
vn -0.815026 0.406967 -0.412444
vn -0.815395 0.393696 -0.424422
vn -0.815470 0.374469 -0.441341
vn -0.836450 0.282364 -0.469705
vn -0.832871 0.322726 -0.449638
vn -0.836607 0.279968 -0.470857
vn -0.838353 0.239094 -0.489897
vn -0.300728 0.792664 0.530327
vn -0.287731 0.804167 0.520121
vn -0.301037 0.792364 0.530600
vn -0.314995 0.779510 0.541426
vn -0.258064 0.808791 0.528451
vn -0.232361 0.801504 0.550998
vn -0.254677 0.807881 0.531476
vn -0.279121 0.814084 0.509273
vn -0.505997 0.769549 0.389565
vn -0.469728 0.793177 0.387589
vn -0.488187 0.781411 0.388678
vn -0.523584 0.757341 0.390248
vn -0.463516 0.783371 0.414106
vn -0.423895 0.813992 0.397153
vn -0.462854 0.783908 0.413830
vn -0.500392 0.751876 0.429292
vn -0.563807 0.726315 0.393178
vn -0.536494 0.699215 0.472518
vn -0.561599 0.724139 0.400286
vn -0.584400 0.745642 0.320149
vn -0.740280 0.652285 0.162818
vn -0.740402 0.644113 0.192155
vn -0.740274 0.652363 0.162530
vn -0.739514 0.659467 0.134986
vn -0.737703 0.654998 0.163618
vn -0.690573 0.697704 0.190572
vn -0.722370 0.669595 0.172695
vn -0.765224 0.626875 0.146491
vn -0.826674 0.549803 -0.119694
vn -0.811960 0.562993 -0.154140
vn -0.826094 0.550358 -0.121141
vn -0.837655 0.538464 -0.091607
vn -0.850765 0.504684 -0.146604
vn -0.862805 0.491084 -0.120017
vn -0.851650 0.503737 -0.144713
vn -0.839102 0.516542 -0.170564
vn -0.551055 0.437082 -0.710842
vn -0.547438 0.414167 -0.727171
vn -0.551918 0.442935 -0.706537
vn -0.554701 0.463281 -0.691142
vn -0.490799 0.324478 -0.808598
vn -0.496969 0.320555 -0.806391
vn -0.490318 0.324769 -0.808773
vn -0.483968 0.328732 -0.810993
vn -0.391553 0.103831 -0.914279
vn -0.360960 0.124053 -0.924294
vn -0.397578 0.099760 -0.912129
vn -0.426349 0.080122 -0.901004
vn 0.600369 0.717255 0.353697
vn 0.578406 0.694087 0.428591
vn 0.600138 0.717001 0.354605
vn 0.618200 0.735510 0.277226
vn 0.580957 0.656072 0.481724
vn 0.561659 0.643425 0.520137
vn 0.590447 0.662082 0.461540
vn 0.607032 0.672191 0.423877
vn 0.701220 0.619340 0.353142
vn 0.642312 0.686997 0.339808
vn 0.689801 0.633385 0.350709
vn 0.740322 0.567102 0.360996
vn 0.869639 0.480557 0.113108
vn 0.879394 0.462845 0.111534
vn 0.871852 0.476617 0.112741
vn 0.862739 0.492598 0.114146
vn 0.910308 0.394590 -0.125053
vn 0.916590 0.388405 -0.094893
vn 0.911148 0.393820 -0.121308
vn 0.904192 0.399573 -0.150924
vn 0.931733 0.237939 -0.274332
vn 0.956207 0.220306 -0.192701
vn 0.929657 0.239180 -0.280235
vn 0.894170 0.256279 -0.367124
vn 0.905405 0.203498 -0.372600
vn 0.918163 0.204141 -0.339564
vn 0.911410 0.203812 -0.357481
vn 0.896528 0.202936 -0.393771
vn 0.752228 0.304672 -0.584233
vn 0.748532 0.366199 -0.552810
vn 0.752046 0.310438 -0.581425
vn 0.752400 0.244225 -0.611758
vn 0.404795 0.312860 -0.859221
vn 0.412418 0.308956 -0.857005
vn 0.406576 0.311947 -0.858711
vn 0.399359 0.315594 -0.860763
vn 0.373791 0.333438 -0.865505
vn 0.429398 0.317618 -0.845421
vn 0.405677 0.324575 -0.854446
vn 0.351341 0.339353 -0.872582
vn 0.166142 0.323330 -0.931587
vn 0.168593 0.322013 -0.931603
vn 0.166978 0.322887 -0.931591
vn 0.164426 0.324255 -0.931570
vn 0.088817 0.263639 -0.960524
vn 0.065717 0.285603 -0.956092
vn 0.093737 0.258892 -0.961347
vn 0.118117 0.235199 -0.964744
vn 0.059907 0.301217 -0.951672
vn 0.051629 0.305309 -0.950853
vn 0.055984 0.303158 -0.951294
vn 0.064544 0.298915 -0.952095
vn 0.327310 0.093307 -0.940299
vn 0.349503 0.128514 -0.928080
vn 0.325073 0.089795 -0.941416
vn 0.302634 0.055173 -0.951509
vn 0.389594 0.116651 -0.913570
vn 0.411367 0.105560 -0.905337
vn 0.394581 0.114128 -0.911746
vn 0.372612 0.125144 -0.919510
vn 0.594046 0.037028 -0.803578
vn 0.628600 0.012815 -0.777623
vn 0.588044 0.041109 -0.807784
vn 0.553056 0.064414 -0.830651
vn 0.663748 0.054045 -0.746001
vn 0.697176 0.044187 -0.715537
vn 0.677309 0.050129 -0.733989
vn 0.642231 0.060098 -0.764152
vn 0.893194 -0.048149 -0.447086
vn 0.894350 0.087797 -0.438667
vn 0.894144 -0.033023 -0.446559
vn 0.876659 -0.176900 -0.447410
vn 0.855069 -0.264317 -0.446088
vn 0.891943 -0.276407 -0.357823
vn 0.836473 -0.258256 -0.483339
vn 0.786936 -0.242188 -0.567518
vn 0.607838 -0.240139 -0.756879
vn 0.636881 -0.177141 -0.750335
vn 0.605200 -0.245540 -0.757260
vn 0.572185 -0.308658 -0.759825
vn 0.430380 -0.283562 -0.856951
vn 0.328221 -0.414257 -0.848918
vn 0.444149 -0.264053 -0.856159
vn 0.520950 -0.144618 -0.841247
vn 0.192079 -0.208409 -0.958995
vn 0.058188 -0.359266 -0.931419
vn 0.190606 -0.210163 -0.958906
vn 0.303499 -0.068305 -0.950380
vn 0.025067 -0.187232 -0.981996
vn -0.049842 -0.151515 -0.987198
vn -0.017351 -0.167126 -0.985783
vn 0.057928 -0.202525 -0.977562
vn 0.005038 -0.195960 -0.980599
vn -0.008309 -0.210180 -0.977627
vn 0.005330 -0.195627 -0.980664
vn 0.018328 -0.181709 -0.983182
vn -0.146708 -0.232688 -0.961422
vn -0.129819 -0.253172 -0.958672
vn -0.151706 -0.226612 -0.962098
vn -0.168688 -0.205653 -0.963977
vn -0.285703 -0.200999 -0.937002
vn -0.225219 -0.149513 -0.962768
vn -0.290362 -0.205002 -0.934700
vn -0.351107 -0.257023 -0.900368
vn -0.440293 -0.143974 -0.886235
vn -0.332312 -0.220207 -0.917103
vn -0.379836 -0.187693 -0.905812
vn -0.481445 -0.112595 -0.869214
vn -0.646918 -0.156740 -0.746277
vn -0.640366 -0.166517 -0.749802
vn -0.644290 -0.160689 -0.747710
vn -0.650464 -0.151364 -0.744302
vn -0.704670 -0.257169 -0.661290
vn -0.735976 -0.196097 -0.647986
vn -0.711410 -0.244669 -0.658811
vn -0.676038 -0.306959 -0.669887
vn -0.614858 -0.209262 -0.760368
vn -0.591980 -0.197027 -0.781499
vn -0.619487 -0.211786 -0.755899
vn -0.642659 -0.224360 -0.732565
vn -0.308578 -0.238597 -0.920788
vn -0.249592 -0.307685 -0.918169
vn -0.315279 -0.230438 -0.920596
vn -0.371143 -0.159544 -0.914767
vn -0.141700 -0.432977 -0.890198
vn -0.121596 -0.455151 -0.882073
vn -0.147973 -0.425949 -0.892564
vn -0.169390 -0.401539 -0.900041
vn -0.060977 -0.466797 -0.882260
vn -0.044267 -0.483871 -0.874019
vn -0.065252 -0.462361 -0.884288
vn -0.082874 -0.443906 -0.892233
vn -0.047202 -0.660077 -0.749714
vn -0.075036 -0.684199 -0.725425
vn -0.052937 -0.665167 -0.744816
vn -0.021618 -0.636852 -0.770683
vn -0.026580 -0.668181 -0.743524
vn -0.126628 -0.607376 -0.784257
vn -0.072454 -0.641610 -0.763601
vn 0.033849 -0.699863 -0.713475
vn 0.129386 -0.449907 -0.883653
vn 0.043096 -0.381353 -0.923425
vn 0.115076 -0.438873 -0.891150
vn 0.204978 -0.505914 -0.837875
vn 0.184810 -0.437975 -0.879786
vn 0.097167 -0.389516 -0.915880
vn 0.146949 -0.417510 -0.896712
vn 0.234344 -0.463645 -0.854469
vn 0.512945 -0.308271 -0.801159
vn 0.434582 -0.269339 -0.859415
vn 0.500053 -0.301878 -0.811676
vn 0.571801 -0.337050 -0.747958
vn 0.560730 -0.296318 -0.773161
vn 0.451078 -0.269108 -0.850946
vn 0.513640 -0.285016 -0.809284
vn 0.620366 -0.309766 -0.720549
vn 0.799096 -0.337778 -0.497344
vn 0.824797 -0.332634 -0.457236
vn 0.809450 -0.335829 -0.481673
vn 0.783133 -0.340438 -0.520388
vn 0.894446 -0.340160 -0.290270
vn 0.912175 -0.333795 -0.237737
vn 0.893190 -0.340543 -0.293670
vn 0.872772 -0.345689 -0.344629
vn 0.908135 -0.300885 -0.291134
vn 0.931170 -0.284539 -0.227946
vn 0.913850 -0.297222 -0.276654
vn 0.890840 -0.310724 -0.331444
vn 0.838440 -0.428792 -0.336387
vn 0.849197 -0.425721 -0.312452
vn 0.837401 -0.429069 -0.338614
vn 0.828133 -0.431354 -0.357952
vn 0.783029 -0.543699 -0.302090
vn 0.760746 -0.555046 -0.336437
vn 0.773978 -0.548515 -0.316369
vn 0.793858 -0.537528 -0.284347
vn 0.693501 -0.674816 -0.252348
vn 0.708792 -0.673443 -0.209975
vn 0.685877 -0.674995 -0.271946
vn 0.665261 -0.674123 -0.320914
vn 0.505230 -0.743523 -0.438083
vn 0.571084 -0.745390 -0.343886
vn 0.520361 -0.744772 -0.417778
vn 0.440802 -0.733567 -0.517274
vn 0.458920 -0.732339 -0.503063
vn 0.476095 -0.714299 -0.512943
vn 0.460078 -0.731142 -0.503746
vn 0.441927 -0.749333 -0.493153
vn 0.163767 -0.661080 -0.732225
vn 0.051936 -0.614848 -0.786934
vn 0.108018 -0.639340 -0.761299
vn 0.221974 -0.680886 -0.697941
vn -0.091568 -0.646708 -0.757221
vn -0.098365 -0.642144 -0.760247
vn -0.093241 -0.645594 -0.757967
vn -0.085397 -0.650798 -0.754433
vn -0.033117 -0.670482 -0.741186
vn -0.031450 -0.669024 -0.742575
vn -0.032932 -0.670300 -0.741359
vn -0.034725 -0.671878 -0.739847
vn -0.273415 -0.646250 -0.712464
vn -0.224052 -0.595842 -0.771215
vn -0.265542 -0.638451 -0.722404
vn -0.316793 -0.687821 -0.653104
vn -0.285957 -0.711954 -0.641366
vn -0.276782 -0.718449 -0.638141
vn -0.284975 -0.712658 -0.641021
vn -0.295094 -0.705383 -0.644480
vn 0.828681 -0.339733 -0.444825
vn 0.869211 -0.337566 -0.361277
vn 0.832206 -0.339688 -0.438229
vn 0.786102 -0.339203 -0.516705
vn 0.686681 -0.670163 -0.281693
vn 0.712772 -0.670008 -0.207472
vn 0.672684 -0.668771 -0.316609
vn 0.637393 -0.662114 -0.394126
vn 0.692492 -0.593972 -0.409454
vn 0.700008 -0.594429 -0.395782
vn 0.692660 -0.594002 -0.409126
vn 0.685841 -0.593486 -0.421185
vn 0.427325 -0.760073 -0.489573
vn 0.430653 -0.760603 -0.485820
vn 0.427966 -0.760180 -0.488847
vn 0.424340 -0.759570 -0.492939
vn 0.147612 -0.782809 -0.604500
vn 0.110145 -0.811495 -0.573885
vn 0.139840 -0.788983 -0.598290
vn 0.179036 -0.756525 -0.628980
vn -0.006597 -0.680950 -0.732300
vn -0.024653 -0.697322 -0.716334
vn -0.010058 -0.684142 -0.729280
vn 0.009907 -0.665503 -0.746330
vn -0.339600 -0.425735 -0.838702
vn -0.301905 -0.451164 -0.839824
vn -0.321568 -0.438047 -0.839469
vn -0.359955 -0.411405 -0.837364
vn -0.042776 -0.086765 -0.995310
vn -0.045966 -0.083938 -0.995410
vn -0.043187 -0.086434 -0.995321
vn -0.040038 -0.089235 -0.995206
vn -0.074959 -0.007484 -0.997159
vn -0.077515 -0.005045 -0.996978
vn -0.075283 -0.007176 -0.997136
vn -0.072729 -0.009585 -0.997306
vn 0.185293 0.017881 -0.982521
vn 0.192832 0.014649 -0.981122
vn 0.188429 0.016555 -0.981947
vn 0.180965 0.019727 -0.983292
vn 0.053826 0.052532 -0.997168
vn 0.083454 0.088216 -0.992599
vn 0.054085 0.052860 -0.997136
vn 0.020517 0.012441 -0.999712
vn 0.035061 0.080369 -0.996148
vn 0.162422 0.025875 -0.986382
vn 0.091405 0.056501 -0.994210
vn -0.024173 0.105130 -0.994165
vn 0.116969 0.040992 -0.992289
vn 0.007149 0.076388 -0.997053
vn 0.051292 0.062291 -0.996739
vn 0.163506 0.025653 -0.986209
vn -0.101068 -0.000255 -0.994880
vn -0.136366 -0.035215 -0.990032
vn -0.102084 -0.001268 -0.994775
vn -0.066937 0.033269 -0.997202
vn -0.063130 0.000942 -0.998005
vn -0.057341 0.006825 -0.998331
vn -0.062982 0.001108 -0.998014
vn -0.069187 -0.005186 -0.997590
vn 0.153558 -0.001056 -0.988139
vn 0.205651 -0.032527 -0.978085
vn 0.163080 -0.006762 -0.986590
vn 0.110606 0.024652 -0.993559
vn -0.122668 0.107515 -0.986607
vn -0.164959 0.122729 -0.978635
vn -0.147196 0.116375 -0.982237
vn -0.104720 0.101044 -0.989355
vn -0.225098 0.100649 -0.969124
vn -0.218442 0.106850 -0.969983
vn -0.225421 0.100343 -0.969080
vn -0.231643 0.094514 -0.968199
vn -0.281041 0.103379 -0.954112
vn -0.348930 0.136959 -0.927087
vn -0.320617 0.122937 -0.939197
vn -0.251469 0.088835 -0.963780
vn -0.178884 0.009753 -0.983822
vn -0.055567 -0.077434 -0.995448
vn -0.134815 -0.021706 -0.990633
vn -0.255217 0.065081 -0.964691
vn 0.258385 -0.114005 -0.959292
vn 0.409901 -0.193826 -0.891298
vn 0.222849 -0.095400 -0.970174
vn 0.061400 -0.011336 -0.998049
vn -0.092383 0.156601 -0.983332
vn -0.129940 0.177263 -0.975548
vn -0.105897 0.164048 -0.980752
vn -0.065708 0.141764 -0.987717
vn 0.206767 0.103848 -0.972863
vn 0.253493 0.085503 -0.963551
vn 0.226479 0.096182 -0.969256
vn 0.176638 0.115455 -0.977481
vn 0.672001 -0.615108 -0.412379
vn 0.656978 -0.614260 -0.437110
vn 0.672304 -0.615115 -0.411875
vn 0.685392 -0.615457 -0.389166
vn 0.493585 -0.717327 -0.491748
vn 0.526782 -0.726004 -0.442062
vn 0.489606 -0.716135 -0.497430
vn 0.447220 -0.701942 -0.554321
vn 0.844717 0.524099 0.108505
vn 0.843705 0.513786 0.155517
vn 0.844714 0.524178 0.108148
vn 0.843882 0.532721 0.063820
vn 0.571853 0.666380 0.478458
vn 0.529580 0.655220 0.538733
vn 0.566376 0.665094 0.486692
vn 0.603853 0.672737 0.427535
vn 0.715722 0.686519 0.128199
vn 0.708703 0.675790 0.202601
vn 0.712641 0.681521 0.166351
vn 0.717435 0.689790 0.097346
vn 0.728162 0.671279 0.138441
vn 0.728603 0.669153 0.146192
vn 0.728192 0.671104 0.139124
vn 0.727717 0.673099 0.131782
vn 0.597909 0.733305 0.323680
vn 0.587285 0.724849 0.360125
vn 0.597752 0.733203 0.324202
vn 0.607071 0.740270 0.288904
vn 0.318058 0.804093 0.502268
vn 0.238883 0.796271 0.555776
vn 0.283815 0.801590 0.526216
vn 0.363358 0.805226 0.468596
vn 0.362379 0.810379 0.460400
vn 0.363065 0.810582 0.459501
vn 0.362580 0.810446 0.460124
vn 0.361891 0.810223 0.461058
vn 0.400259 0.808971 0.430533
vn 0.394390 0.812380 0.429530
vn 0.399245 0.809564 0.430361
vn 0.405313 0.805991 0.431394
vn 0.379754 0.826366 0.415821
vn 0.355879 0.838542 0.412550
vn 0.377100 0.827766 0.415450
vn 0.401671 0.814531 0.418569
vn 0.452513 0.846103 0.281678
vn 0.472836 0.837854 0.272811
vn 0.452390 0.846150 0.281734
vn 0.433003 0.853495 0.289923
vn 0.521339 0.758472 0.391058
vn 0.488874 0.749925 0.445662
vn 0.513867 0.756733 0.404099
vn 0.543746 0.762728 0.350124
vn 0.742761 0.588375 0.319564
vn 0.735976 0.583515 0.343294
vn 0.741927 0.587778 0.322586
vn 0.748038 0.592096 0.299767
vn 0.907510 0.383804 -0.170644
vn 0.919577 0.379508 -0.101742
vn 0.913530 0.382095 -0.139518
vn 0.899250 0.385341 -0.207032
vn 0.902949 0.030125 -0.428690
vn 0.967351 0.043676 -0.249648
vn 0.933015 0.035747 -0.358058
vn 0.834038 0.019400 -0.551365
vn 0.812447 -0.336982 -0.475787
vn 0.821811 -0.337215 -0.459252
vn 0.813661 -0.336998 -0.473696
vn 0.803697 -0.336634 -0.490662
vn 0.711208 -0.550543 -0.437133
vn 0.712785 -0.547673 -0.438169
vn 0.711281 -0.550406 -0.437188
vn 0.709807 -0.553071 -0.436218
vn 0.734596 -0.558438 -0.385378
vn 0.753528 -0.523555 -0.397600
vn 0.736255 -0.555504 -0.386451
vn 0.716423 -0.589061 -0.373826
vn 0.508789 -0.539988 -0.670483
vn 0.599366 -0.545818 -0.585529
vn 0.549897 -0.543599 -0.634124
vn 0.456387 -0.533329 -0.712230
vn 0.780462 -0.529711 -0.332092
vn 0.779113 -0.530041 -0.334724
vn 0.780462 -0.529711 -0.332092
vn 0.781790 -0.529388 -0.329473
vn 0.832221 -0.418170 -0.364063
vn 0.838339 -0.416189 -0.352100
vn 0.832553 -0.418083 -0.363402
vn 0.827430 -0.419655 -0.373163
vn 0.818340 -0.419536 -0.392823
vn 0.790136 -0.426162 -0.440535
vn 0.814839 -0.420459 -0.399063
vn 0.838097 -0.413609 -0.355699
vn 0.828075 -0.423671 -0.367144
vn 0.836751 -0.420819 -0.350370
vn 0.828566 -0.423531 -0.366197
vn 0.821203 -0.425769 -0.379930
vn 0.733785 -0.536925 -0.416258
vn 0.756333 -0.528920 -0.384972
vn 0.744222 -0.533381 -0.402043
vn 0.720703 -0.541036 -0.433436
vn 0.493506 -0.513130 -0.702246
vn 0.463985 -0.509926 -0.724357
vn 0.476701 -0.511365 -0.715026
vn 0.504876 -0.514180 -0.693339
vn 0.511955 -0.513560 -0.688592
vn 0.521541 -0.515947 -0.679554
vn 0.515046 -0.514329 -0.685707
vn 0.505364 -0.511876 -0.694687
vn 0.449688 -0.494794 -0.743612
vn 0.354940 -0.462869 -0.812262
vn 0.411119 -0.482398 -0.773481
vn 0.499565 -0.509410 -0.700669
vn 0.149368 -0.213197 -0.965524
vn 0.084020 -0.281090 -0.955996
vn 0.156172 -0.205966 -0.966017
vn 0.217216 -0.139120 -0.966159
vn -0.012722 -0.223228 -0.974683
vn -0.057018 -0.260455 -0.963801
vn -0.004694 -0.216383 -0.976297
vn 0.037229 -0.180310 -0.982905
vn -0.066125 -0.422220 -0.904078
vn -0.030967 -0.441939 -0.896510
vn -0.052730 -0.429817 -0.901375
vn -0.088875 -0.409042 -0.908177
vn -0.323573 -0.416636 -0.849538
vn -0.203145 -0.482066 -0.852258
vn -0.260283 -0.452406 -0.852984
vn -0.378470 -0.382928 -0.842690
vn -0.615815 -0.298480 -0.729165
vn -0.540872 -0.380409 -0.750164
vn -0.583670 -0.335160 -0.739592
vn -0.653136 -0.252508 -0.713900
vn -0.589887 -0.513412 -0.623251
vn -0.591133 -0.512005 -0.623228
vn -0.590290 -0.512962 -0.623240
vn -0.589058 -0.514363 -0.623251
vn -0.483287 -0.704389 -0.519875
vn -0.434165 -0.745901 -0.505106
vn -0.476781 -0.710154 -0.518037
vn -0.520504 -0.669510 -0.529936
vn 0.065660 -0.211159 -0.975244
vn 0.086457 -0.263856 -0.960680
vn 0.076209 -0.237952 -0.968283
vn 0.054764 -0.183538 -0.981486
vn -0.035893 -0.184780 -0.982124
vn 0.003432 -0.332208 -0.943200
vn -0.025116 -0.226034 -0.973796
vn -0.064423 -0.072779 -0.995265
vn -0.607976 0.339303 -0.717801
vn -0.604254 0.367135 -0.707170
vn -0.606755 0.348917 -0.714217
vn -0.610430 0.317945 -0.725456
vn -0.525469 0.337540 -0.780993
vn -0.527876 0.330254 -0.782483
vn -0.526056 0.335755 -0.781367
vn -0.523468 0.343574 -0.779704
vn -0.454004 0.249416 -0.855379
vn -0.446695 0.262893 -0.855191
vn -0.458758 0.240505 -0.855394
vn -0.467579 0.223700 -0.855177
vn -0.042596 -0.567958 -0.821955
vn -0.053977 -0.602369 -0.796391
vn -0.042835 -0.568675 -0.821446
vn -0.032186 -0.535744 -0.843767
vn 0.024412 -0.433092 -0.901019
vn 0.021506 -0.418489 -0.907967
vn 0.022844 -0.425230 -0.904797
vn 0.025642 -0.439249 -0.897999
vn 0.270348 -0.064970 -0.960568
vn 0.215951 0.039849 -0.975591
vn 0.250232 -0.025479 -0.967851
vn 0.306410 -0.138395 -0.941785
vn 0.052589 -0.250864 -0.966593
vn 0.125043 -0.234463 -0.964049
vn 0.065809 -0.247982 -0.966527
vn -0.010427 -0.263964 -0.964476
vn 0.456870 -0.118597 -0.881592
vn 0.446579 -0.060469 -0.892699
vn 0.460533 -0.141852 -0.876235
vn 0.468136 -0.196695 -0.861487
vn 0.342788 -0.180409 -0.921927
vn 0.343468 -0.183816 -0.921001
vn 0.342788 -0.180446 -0.921920
vn 0.342077 -0.176858 -0.922878
vn -0.658064 -0.157199 -0.736369
vn -0.639908 -0.109608 -0.760594
vn -0.662771 -0.170450 -0.729165
vn -0.677350 -0.214556 -0.703678
vn -0.719668 -0.264730 -0.641870
vn -0.715790 -0.215535 -0.664221
vn -0.718700 -0.249576 -0.648985
vn -0.721066 -0.296440 -0.626249
vn -0.231059 -0.250128 -0.940238
vn -0.230839 -0.248803 -0.940644
vn -0.231114 -0.250478 -0.940131
vn -0.231310 -0.251805 -0.939729
vn -0.077560 -0.400275 -0.913107
vn -0.082689 -0.461028 -0.883525
vn -0.071629 -0.332530 -0.940369
vn -0.066165 -0.272368 -0.959916
vn 0.015385 -0.760417 -0.649252
vn 0.038659 -0.772420 -0.633935
vn 0.018649 -0.762144 -0.647139
vn -0.006086 -0.748717 -0.662862
vn 0.345791 -0.780954 -0.520135
vn 0.322811 -0.801401 -0.503537
vn 0.341642 -0.784737 -0.517174
vn 0.364117 -0.763679 -0.533117
vn -0.337153 -0.436538 -0.834124
vn -0.338682 -0.435317 -0.834143
vn -0.337589 -0.436202 -0.834123
vn -0.335955 -0.437504 -0.834101
vn 0.021041 -0.437281 -0.899079
vn 0.025619 -0.432329 -0.901352
vn 0.021734 -0.436562 -0.899412
vn 0.016872 -0.441775 -0.896967
vn 0.476169 -0.674163 -0.564594
vn 0.498284 -0.677797 -0.540652
vn 0.479635 -0.674766 -0.560929
vn 0.458696 -0.670814 -0.582758
vn 0.409269 -0.055116 -0.910748
vn 0.410787 -0.039676 -0.910868
vn 0.409202 -0.055583 -0.910749
vn 0.407571 -0.071163 -0.910396
vn 0.767131 0.036882 -0.640429
vn 0.762920 0.099449 -0.638799
vn 0.767540 0.026236 -0.640464
vn 0.768143 -0.042122 -0.638891
vn 0.743731 0.037801 -0.667409
vn 0.737380 0.140838 -0.660633
vn 0.743576 0.044441 -0.667173
vn 0.743312 -0.039000 -0.667807
vn 0.499059 -0.124077 -0.857639
vn 0.498613 -0.128507 -0.857246
vn 0.499110 -0.123704 -0.857663
vn 0.499528 -0.119685 -0.857990
vn 0.938398 0.012671 -0.345324
vn 0.936933 0.029152 -0.348292
vn 0.938752 0.008134 -0.344497
vn 0.939869 -0.008103 -0.341438
vn 0.961453 0.109459 0.252244
vn 0.954764 0.095045 0.281766
vn 0.957878 0.101462 0.268654
vn 0.964193 0.116101 0.238439
vn 0.407069 -0.014998 0.913274
vn 0.421447 0.001086 0.906853
vn 0.402636 -0.019934 0.915143
vn 0.388600 -0.035387 0.920727
vn 0.980453 -0.113186 -0.160938
vn 0.982566 -0.123897 -0.138614
vn 0.981514 -0.118174 -0.150552
vn 0.979011 -0.107186 -0.173346
vn 0.977205 -0.155979 -0.144015
vn 0.989658 -0.102230 -0.100624
vn 0.976049 -0.160086 -0.147309
vn 0.957623 -0.215063 -0.191589
vn -0.802946 0.486113 -0.344923
vn -0.802171 0.491678 -0.338783
vn -0.802749 0.487556 -0.343341
vn -0.803506 0.481635 -0.349866
vn -0.187157 0.496840 0.847421
vn -0.196883 0.501447 0.842489
vn -0.188163 0.497308 0.846924
vn -0.179377 0.493112 0.851272
vn 0.956794 0.240930 0.162780
vn 0.955882 0.243223 0.164717
vn 0.956807 0.240902 0.162750
vn 0.957733 0.238550 0.160750
vn 0.895683 0.130808 0.425020
vn 0.926448 0.180604 0.330266
vn 0.911177 0.153842 0.382216
vn 0.875579 0.104647 0.471604
vn 0.855892 0.315242 0.409966
vn 0.873447 0.291961 0.389678
vn 0.855901 0.315214 0.409967
vn 0.837027 0.338371 0.429988
vn 0.885864 0.446424 0.126295
vn 0.882077 0.456650 0.115809
vn 0.886831 0.443703 0.129068
vn 0.890576 0.432699 0.140165
vn 0.887976 0.368604 0.275008
vn 0.901594 0.348432 0.256368
vn 0.886099 0.371274 0.277461
vn 0.871415 0.391205 0.295964
vn -0.543136 0.093709 0.834399
vn -0.545264 0.090075 0.833411
vn -0.542706 0.094474 0.834593
vn -0.540596 0.098108 0.835542
vn 0.668275 0.397012 -0.629118
vn 0.702904 0.380651 -0.600858
vn 0.681653 0.390889 -0.618510
vn 0.646987 0.406325 -0.645220
vn 0.817034 0.523732 0.241165
vn 0.816023 0.515035 0.262386
vn 0.816889 0.522146 0.245063
vn 0.817510 0.529854 0.225683
vn 0.773309 0.427519 -0.468209
vn 0.731877 0.450674 -0.511126
vn 0.761429 0.434519 -0.481061
vn 0.798382 0.411625 -0.439489
vn -0.774052 0.020246 0.632798
vn -0.762107 0.008405 0.647397
vn -0.774960 0.021156 0.631656
vn -0.785294 0.031711 0.618311
vn -0.147154 0.121511 0.981621
vn -0.098435 0.177281 0.979225
vn -0.141107 0.128497 0.981620
vn -0.186674 0.075072 0.979549
vn 0.328447 0.151192 0.932343
vn 0.331408 0.153460 0.930924
vn 0.330172 0.152523 0.931517
vn 0.327227 0.150260 0.932923
vn -0.757413 0.241862 -0.606489
vn -0.717998 0.270850 -0.641185
vn -0.762258 0.238101 -0.601890
vn -0.793785 0.212313 -0.569937
vn 0.301424 0.173098 -0.937646
vn 0.374037 0.139961 -0.916792
vn 0.333500 0.158733 -0.929291
vn 0.263379 0.189633 -0.945871
vn -0.946605 -0.175582 -0.270389
vn -0.952997 -0.151824 -0.262197
vn -0.947041 -0.174038 -0.269861
vn -0.940775 -0.195342 -0.277098
vn 0.336479 0.109710 -0.935278
vn 0.169651 0.183157 -0.968335
vn 0.238962 0.153730 -0.958783
vn 0.400278 0.079133 -0.912971
vn -0.260133 0.077341 -0.962470
vn -0.243384 0.062034 -0.967944
vn -0.255642 0.073203 -0.963996
vn -0.271985 0.088225 -0.958249
vn -0.494960 -0.082722 -0.864969
vn -0.573179 -0.004395 -0.819419
vn -0.532119 -0.046532 -0.845390
vn -0.452960 -0.121727 -0.883182
vn -0.984644 -0.109767 -0.135744
vn -0.977394 -0.161358 -0.136617
vn -0.985036 -0.106302 -0.135663
vn -0.988740 -0.065153 -0.134714
vn -0.980701 -0.024472 0.193977
vn -0.979734 0.001038 0.200301
vn -0.980406 -0.014533 0.196452
vn -0.980929 -0.037004 0.190811
vn -0.954377 -0.091125 -0.284361
vn -0.941254 -0.132366 -0.310678
vn -0.950853 -0.103026 -0.292000
vn -0.961466 -0.064757 -0.267189
vn 0.727727 0.401459 -0.556098
vn 0.801203 0.374315 -0.466864
vn 0.772933 0.385883 -0.503656
vn 0.704973 0.408141 -0.580029
vn 0.467493 -0.263796 -0.843719
vn 0.452150 -0.238028 -0.859595
vn 0.470631 -0.269166 -0.840272
vn 0.486422 -0.296573 -0.821851
vn 0.636092 0.513601 0.575849
vn 0.591246 0.487783 0.642258
vn 0.623021 0.506217 0.596314
vn 0.664254 0.529247 0.527886
vn 0.891710 -0.260004 -0.370475
vn 0.891871 -0.260394 -0.369813
vn 0.891752 -0.260103 -0.370304
vn 0.891591 -0.259714 -0.370965
vn 0.496980 0.462219 0.734414
vn 0.496320 0.463209 0.734237
vn 0.496909 0.462333 0.734391
vn 0.497543 0.461375 0.734564
vn 0.465588 0.461865 0.754923
vn 0.517817 0.479782 0.708290
vn 0.483872 0.468308 0.739294
vn 0.433338 0.450043 0.780820
vn 0.950828 -0.266993 0.156971
vn 0.951332 -0.263306 0.160119
vn 0.950817 -0.267079 0.156896
vn 0.950266 -0.270916 0.153619
vn 0.899658 -0.397461 -0.180667
vn 0.899506 -0.398413 -0.179321
vn 0.899633 -0.397597 -0.180490
vn 0.899802 -0.396587 -0.181864
vn 0.582921 0.297798 0.755989
vn 0.577539 0.296611 0.760572
vn 0.583930 0.298027 0.755120
vn 0.588923 0.299104 0.750804
vn 0.496912 0.322248 0.805751
vn 0.506358 0.322084 0.799915
vn 0.498287 0.322233 0.804907
vn 0.488811 0.322336 0.810656
vn 0.846737 -0.505298 0.166462
vn 0.859021 -0.493096 0.137616
vn 0.851141 -0.501092 0.156417
vn 0.837775 -0.513312 0.186130
vn 0.847693 -0.519074 -0.109445
vn 0.846554 -0.520625 -0.110889
vn 0.847737 -0.519013 -0.109391
vn 0.848872 -0.517460 -0.107946
vn 0.589792 0.376323 0.714512
vn 0.601128 0.378162 0.704016
vn 0.590144 0.376373 0.714195
vn 0.579498 0.374590 0.723785
vn 0.693558 0.328757 0.641012
vn 0.704120 0.303733 0.641842
vn 0.695136 0.325133 0.641151
vn 0.685546 0.346861 0.640090
vn 0.717919 -0.305122 -0.625694
vn 0.726097 -0.314004 -0.611706
vn 0.721502 -0.309009 -0.619635
vn 0.713015 -0.299871 -0.633788
vn 0.707284 -0.334186 -0.622952
vn 0.734796 -0.382255 -0.560318
vn 0.714190 -0.345649 -0.608653
vn 0.684596 -0.298426 -0.665034
vn 0.806480 -0.374345 -0.457663
vn 0.788263 -0.343402 -0.510605
vn 0.798032 -0.359479 -0.483652
vn 0.814178 -0.388901 -0.431127
vn 0.287223 -0.396759 -0.871829
vn 0.283397 -0.391167 -0.875600
vn 0.285908 -0.394832 -0.873134
vn 0.289670 -0.400337 -0.869380
vn 0.962089 0.222597 -0.157593
vn 0.961603 0.225786 -0.156012
vn 0.962041 0.222925 -0.157421
vn 0.962494 0.219854 -0.158964
vn -0.731175 -0.192644 -0.654424
vn -0.717210 -0.230448 -0.657649
vn -0.739275 -0.168873 -0.651885
vn -0.750928 -0.131853 -0.647088
vn 0.200368 0.251909 -0.946781
vn 0.210153 0.246341 -0.946125
vn 0.203743 0.249984 -0.946571
vn 0.194588 0.255169 -0.947114
vn -0.972220 0.202909 -0.116690
vn -0.975051 0.174013 -0.137825
vn -0.973103 0.195207 -0.122332
vn -0.969575 0.222471 -0.102133
vn 0.348450 0.311093 0.884197
vn 0.470030 0.250996 0.846211
vn 0.339862 0.314988 0.886158
vn 0.222745 0.363930 0.904400
vn 0.685455 0.449031 0.573169
vn 0.690346 0.495879 0.526808
vn 0.686307 0.455541 0.566979
vn 0.679065 0.408417 0.609972
vn -0.788419 0.221718 0.573791
vn -0.791528 0.190431 0.580706
vn -0.786252 0.239629 0.569548
vn -0.781950 0.269845 0.561906
vn -0.536440 0.320634 0.780657
vn -0.542351 0.282049 0.791394
vn -0.536673 0.319211 0.781080
vn -0.529347 0.360152 0.768168
vn -0.706877 0.243328 0.664166
vn -0.704906 0.250738 0.663505
vn -0.706111 0.246205 0.663921
vn -0.708039 0.238828 0.664561
vn 0.739055 0.594638 0.316549
vn 0.739023 0.593875 0.318051
vn 0.739059 0.594230 0.317305
vn 0.739090 0.594992 0.315802
vn 0.807224 0.544307 0.228297
vn 0.824884 0.487641 0.285959
vn 0.802160 0.557325 0.214310
vn 0.777685 0.609295 0.154809
vn 0.872890 0.479516 0.090155
vn 0.879783 0.463426 0.105922
vn 0.870784 0.484174 0.085505
vn 0.862721 0.501009 0.068579
vn -0.452555 0.314211 0.834545
vn -0.434321 0.312771 0.844713
vn -0.450973 0.314079 0.835451
vn -0.471120 0.315542 0.823699
vn 0.774419 0.497888 0.390362
vn 0.770282 0.530625 0.353700
vn 0.773500 0.506777 0.380625
vn 0.776264 0.472875 0.416898
vn 0.767046 0.543696 0.340639
vn 0.741418 0.632607 0.223847
vn 0.761331 0.570847 0.307422
vn 0.774853 0.474169 0.418051
vn 0.769895 0.502390 0.393531
vn 0.794051 0.483662 0.368177
vn 0.770834 0.501694 0.392579
vn 0.745059 0.519952 0.417776
vn 0.876401 0.457809 0.149438
vn 0.884823 0.432554 0.173163
vn 0.874088 0.464118 0.143404
vn 0.864181 0.488845 0.119250
vn 0.923649 0.303194 0.234408
vn 0.924144 0.316423 0.214088
vn 0.923855 0.307321 0.228134
vn 0.922967 0.293601 0.248858
vn -0.373529 0.472433 0.798300
vn -0.390715 0.450780 0.802583
vn -0.375613 0.469843 0.798851
vn -0.359108 0.490053 0.794286
vn 0.837545 0.121625 0.532659
vn 0.843864 0.111650 0.524813
vn 0.837025 0.122443 0.533289
vn 0.830309 0.132714 0.541271
vn -0.320791 0.035685 0.946478
vn -0.322268 0.034693 0.946013
vn -0.321572 0.035169 0.946232
vn -0.320063 0.036136 0.946707
vn -0.728057 0.359017 -0.583986
vn -0.749135 0.418640 -0.513359
vn -0.737508 0.383915 -0.555600
vn -0.711496 0.320034 -0.625582
vn 0.306232 0.214764 0.927415
vn 0.337384 0.186452 0.922717
vn 0.306435 0.214563 0.927394
vn 0.274339 0.242842 0.930466
vn -0.591928 0.421427 0.687037
vn -0.567619 0.399838 0.719679
vn -0.590846 0.420447 0.688568
vn -0.612645 0.440008 0.656551
vn -0.631168 0.457613 0.626272
vn -0.699999 0.377822 0.606013
vn -0.656869 0.429416 0.619779
vn -0.590716 0.498773 0.634256
vn -0.455171 0.426749 0.781476
vn -0.463525 0.413566 0.783650
vn -0.457377 0.423306 0.782060
vn -0.449168 0.436019 0.779830
vn -0.501204 0.395065 0.769882
vn -0.497052 0.411306 0.764046
vn -0.502727 0.388900 0.772025
vn -0.506544 0.373014 0.777351
vn 0.605699 0.502237 0.617160
vn 0.607498 0.505826 0.612443
vn 0.606611 0.504089 0.614750
vn 0.604822 0.500529 0.619404
vn 0.238285 0.290076 0.926864
vn 0.223887 0.268181 0.936992
vn 0.232538 0.281312 0.931015
vn 0.246720 0.302882 0.920539
vn -0.341575 0.236728 0.909553
vn -0.376677 0.251983 0.891414
vn -0.347171 0.239170 0.906791
vn -0.309100 0.222470 0.924643
vn 0.331327 0.578192 0.745598
vn 0.331499 0.579864 0.744221
vn 0.331327 0.578348 0.745477
vn 0.331145 0.576694 0.746838
vn -0.950307 -0.092766 0.297171
vn -0.960002 -0.093544 0.263904
vn -0.953869 -0.093071 0.285434
vn -0.943490 -0.092214 0.318313
vn -0.910322 0.074624 0.407119
vn -0.910594 0.053969 0.409764
vn -0.910302 0.075373 0.407025
vn -0.909450 0.099768 0.403668
vn -0.791884 0.343901 -0.504631
vn -0.795956 0.353090 -0.491713
vn -0.794236 0.349192 -0.497246
vn -0.790365 0.340590 -0.509237
vn -0.327167 -0.203796 -0.922729
vn -0.270922 -0.250579 -0.929415
vn -0.312343 -0.216409 -0.924991
vn -0.361471 -0.173994 -0.916005
vn -0.166891 -0.237009 -0.957065
vn -0.159895 -0.242731 -0.956826
vn -0.164205 -0.239197 -0.956986
vn -0.171230 -0.233423 -0.957180
vn 0.664176 0.466099 0.584484
vn 0.665642 0.467879 0.581386
vn 0.663589 0.465395 0.585711
vn 0.662206 0.463730 0.588589
vn 0.281050 0.537441 0.795090
vn 0.262287 0.566825 0.780971
vn 0.278325 0.541800 0.793088
vn 0.296793 0.511655 0.806302
vn 0.408619 0.528574 0.744070
vn 0.422731 0.534180 0.732087
vn 0.414721 0.531030 0.738927
vn 0.401381 0.525665 0.750046
vn -0.577610 0.574010 0.580413
vn -0.597304 0.559798 0.574329
vn -0.588488 0.566237 0.577111
vn -0.568664 0.580268 0.583018
vn 0.660943 0.282463 0.695247
vn 0.681987 0.301866 0.666161
vn 0.672098 0.292676 0.680166
vn 0.650119 0.272672 0.709221
vn 0.908463 0.345543 0.235148
vn 0.908469 0.345381 0.235366
vn 0.908459 0.345513 0.235208
vn 0.908471 0.345650 0.234961
vn -0.189224 0.556798 0.808808
vn -0.176090 0.571931 0.801179
vn -0.186366 0.560101 0.807189
vn -0.198580 0.545803 0.814042
vn 0.760525 0.513342 -0.397594
vn 0.747551 0.522602 -0.409945
vn 0.757453 0.515588 -0.400541
vn 0.770618 0.505853 -0.387635
vn 0.402636 0.502913 0.764829
vn 0.339246 0.498659 0.797654
vn 0.370813 0.501089 0.781926
vn 0.436705 0.504160 0.745058
vn 0.901605 -0.428215 -0.061159
vn 0.900669 -0.367514 -0.231793
vn 0.904721 -0.395429 -0.158480
vn 0.891494 -0.452503 0.021912
vn 0.413771 0.425146 0.805013
vn 0.424883 0.425632 0.798944
vn 0.415456 0.425226 0.804101
vn 0.404918 0.424740 0.809714
vn 0.487907 0.398162 0.776797
vn 0.488376 0.398350 0.776406
vn 0.487673 0.398068 0.776992
vn 0.487259 0.397890 0.777343
vn 0.805611 -0.534135 -0.256302
vn 0.809556 -0.521121 -0.270282
vn 0.804550 -0.537409 -0.252765
vn 0.800094 -0.550526 -0.238268
vn 0.642286 0.334075 0.689828
vn 0.607664 0.327643 0.723460
vn 0.642594 0.334118 0.689521
vn 0.673644 0.339423 0.656502
vn 0.375197 0.474489 0.796296
vn 0.360710 0.504910 0.784190
vn 0.373667 0.477797 0.795036
vn 0.387910 0.446368 0.806401
vn 0.561086 0.423070 0.711473
vn 0.555251 0.419250 0.718280
vn 0.563655 0.424791 0.708411
vn 0.568776 0.428143 0.702273
vn 0.861177 -0.366566 -0.352141
vn 0.854122 -0.348952 -0.385626
vn 0.858326 -0.359111 -0.366491
vn 0.864495 -0.375989 -0.333588
vn 0.933531 0.226593 0.277806
vn 0.934401 0.223731 0.277197
vn 0.933651 0.226204 0.277720
vn 0.932788 0.229041 0.278294
vn 0.304866 -0.400054 -0.864300
vn 0.300816 -0.401985 -0.864823
vn 0.305167 -0.399903 -0.864263
vn 0.309151 -0.397979 -0.863735
vn 0.995415 0.073327 0.061414
vn 0.993035 0.062016 0.100178
vn 0.995712 0.075746 0.053101
vn 0.996038 0.088529 0.008400
vn -0.288163 -0.640643 -0.711715
vn -0.230929 -0.641011 -0.731968
vn -0.285658 -0.640711 -0.712663
vn -0.337605 -0.638364 -0.691747
vn 0.895776 -0.049889 -0.441697
vn 0.907587 0.041766 -0.417782
vn 0.898172 -0.035482 -0.438210
vn 0.878965 -0.128888 -0.459139
vn -0.978894 0.193108 -0.066896
vn -0.978772 0.194035 -0.066008
vn -0.978835 0.193559 -0.066468
vn -0.978947 0.192694 -0.067312
vn -0.936489 0.169827 0.306834
vn -0.941711 0.178745 0.285009
vn -0.936919 0.170537 0.305124
vn -0.931491 0.161985 0.325706
vn -0.782828 0.225707 0.579859
vn -0.806088 0.232204 0.544338
vn -0.786271 0.226659 0.574808
vn -0.762658 0.220030 0.608227
vn -0.472660 0.354213 0.806924
vn -0.461837 0.374694 0.803935
vn -0.466838 0.365314 0.805362
vn -0.477480 0.344926 0.808108
vn -0.428906 0.374061 0.822264
vn -0.427587 0.385990 0.817424
vn -0.429545 0.367760 0.824769
vn -0.430820 0.355201 0.829594
vn -0.490058 0.320898 0.810474
vn -0.501207 0.323705 0.802501
vn -0.492736 0.321586 0.808575
vn -0.480730 0.318493 0.816983
vn -0.421130 0.335767 0.842562
vn -0.425970 0.322679 0.845238
vn -0.422579 0.331915 0.843362
vn -0.418240 0.343437 0.840908
vn -0.546913 0.266101 0.793774
vn -0.568006 0.270387 0.777342
vn -0.552301 0.267205 0.789661
vn -0.530964 0.262812 0.805610
vn 0.496081 0.431293 0.753585
vn 0.538519 0.581813 0.609501
vn 0.519504 0.506728 0.687999
vn 0.467284 0.350799 0.811533
vn 0.629646 0.475819 0.614119
vn 0.629847 0.487428 0.604737
vn 0.629680 0.477102 0.613087
vn 0.629348 0.465403 0.622351
vn 0.901735 0.404017 0.153770
vn 0.881941 0.471327 -0.005607
vn 0.893903 0.443659 0.064064
vn 0.901905 0.372059 0.219408
vn 0.871308 0.455257 0.183203
vn 0.873442 0.427245 0.233582
vn 0.872585 0.443375 0.204971
vn 0.868951 0.469736 0.155798
vn -0.922542 0.010433 0.385755
vn -0.920097 0.009898 0.391565
vn -0.922257 0.010357 0.386438
vn -0.924365 0.010822 0.381356
vn -0.084720 0.668554 0.738822
vn -0.006031 0.670219 0.742139
vn -0.076929 0.668894 0.739367
vn -0.148897 0.664088 0.732678
vn -0.313417 0.255679 0.914548
vn -0.398316 0.287932 0.870884
vn -0.321856 0.258951 0.910688
vn -0.225021 0.220752 0.949018
vn -0.167522 0.124655 0.977956
vn -0.137003 0.172095 0.975507
vn -0.174671 0.113392 0.978076
vn -0.202359 0.069024 0.976876
s off
g beard10
usemtl FBXASC0490SG
f 3/1768/1 1/992/2 2/603/3 4/1381/4
f 7/630/5 5/2548/6 6/2157/7 8/241/8
f 11/2184/9 9/1408/10 10/1019/11 12/1795/12
f 15/1045/13 13/268/14 14/2575/15 16/657/16
f 19/942/17 17/163/18 18/2470/19 20/553/20
f 23/2496/21 21/1718/22 22/1331/23 24/2105/24
f 27/1356/25 25/578/26 26/189/27 28/967/28
f 31/215/29 29/2131/30 30/1743/31 32/2522/32
f 35/112/33 33/2029/34 34/1640/35 36/2419/36
f 39/1665/37 37/891/38 38/502/39 40/1278/40
f 43/528/41 41/2445/42 42/2054/43 44/138/44
f 47/2079/45 45/1304/46 46/917/47 48/1691/48
f 51/1983/49 49/1206/50 50/819/51 52/1594/52
f 55/843/53 53/65/54 54/2373/55 56/455/56
f 59/2396/57 57/1617/58 58/1230/59 60/2006/60
f 63/1253/61 61/478/62 62/88/63 64/866/64
f 67/1159/65 65/384/66 66/2693/67 68/772/68
f 71/16/69 69/1934/70 70/1547/71 72/2325/72
f 75/1570/73 73/795/74 74/407/75 76/1182/76
f 79/430/77 77/2349/78 78/1958/79 80/40/80
f 83/335/81 81/2253/82 82/1863/83 84/2644/84
f 87/1887/85 85/1111/86 86/723/87 88/1500/88
f 91/747/89 89/2668/90 90/2277/91 92/359/92
f 95/2302/93 93/1524/94 94/1135/95 96/1911/96
f 99/2203/97 97/1427/98 98/1038/99 100/1814/100
f 103/1063/101 101/286/102 102/2594/103 104/675/104
f 107/2619/105 105/1839/106 106/1452/107 108/2228/108
f 111/1476/109 109/699/110 110/311/111 112/1087/112
f 115/1374/113 113/596/114 114/208/115 116/985/116
f 119/234/117 117/2150/118 118/1761/119 120/2541/120
f 123/1788/121 121/1012/122 122/623/123 124/1401/124
f 127/650/125 125/2568/126 126/2177/127 128/261/128
f 131/545/129 129/2462/130 130/2071/131 132/155/132
f 135/2098/133 133/1323/134 134/934/135 136/1710/136
f 139/961/137 137/182/138 138/2489/139 140/572/140
f 143/2515/141 141/1737/142 142/1350/143 144/2124/144
f 147/2411/145 145/1632/146 146/1245/147 148/2021/148
f 151/1270/149 149/494/150 150/104/151 152/883/152
f 155/130/153 153/2046/154 154/1657/155 156/2437/156
f 159/1683/157 157/909/158 158/520/159 160/1296/160
f 163/1586/161 161/811/162 162/423/163 164/1198/164
f 167/447/165 165/2365/166 166/1975/167 168/57/168
f 171/1998/169 169/1222/170 170/835/171 172/1609/172
f 175/858/173 173/80/174 174/2388/175 176/470/176
f 179/765/177 177/2686/178 178/2295/179 180/377/180
f 183/2318/181 181/1540/182 182/1152/183 184/1927/184
f 187/1175/185 185/400/186 186/9/187 188/788/188
f 191/33/189 189/1951/190 190/1563/191 192/2342/192
f 195/2637/193 193/1856/194 194/1469/195 196/2246/196
f 199/1493/197 197/716/198 198/328/199 200/1104/200
f 203/352/201 201/2270/202 202/1880/203 204/2661/204
f 207/1904/205 205/1128/206 206/740/207 208/1517/208
f 211/1807/209 209/1031/210 210/643/211 212/1420/212
f 215/668/213 213/2587/214 214/2196/215 216/279/216
f 219/2221/217 217/1445/218 218/1056/219 220/1832/220
f 223/1080/221 221/304/222 222/2612/223 224/692/224
f 227/978/225 225/201/226 226/2508/227 228/589/228
f 231/2534/229 229/1754/230 230/1367/231 232/2143/232
f 235/1394/233 233/616/234 234/227/235 236/1005/236
f 239/254/237 237/2170/238 238/1781/239 240/2561/240
f 243/149/241 241/2065/242 242/1677/243 244/2456/244
f 247/1703/245 245/928/246 246/539/247 248/1316/248
f 251/565/249 249/2482/250 250/2091/251 252/175/252
f 255/2117/253 253/1343/254 254/954/255 256/1730/256
f 259/2017/257 257/1241/258 258/854/259 260/1628/260
f 263/878/261 261/100/262 262/2407/263 264/490/264
f 267/2431/265 265/1652/266 266/1265/267 268/2041/268
f 271/1290/269 269/514/270 270/124/271 272/903/272
f 275/1193/273 273/418/274 274/27/275 276/806/276
f 279/52/277 277/1970/278 278/1581/279 280/2361/280
f 283/1605/281 281/830/282 282/442/283 284/1217/284
f 287/466/285 285/2384/286 286/1994/287 288/76/288
f 291/371/289 289/2289/290 290/1898/291 292/2680/292
f 295/1922/293 293/1146/294 294/759/295 296/1535/296
f 299/783/297 297/4/298 298/2313/299 300/395/300
f 303/2336/301 301/1558/302 302/1170/303 304/1945/304
f 307/2240/305 305/1463/306 306/1074/307 308/1850/308
f 311/1098/309 309/322/310 310/2631/311 312/710/312
f 315/2655/313 313/1874/314 314/1487/315 316/2264/316
f 319/1511/317 317/734/318 318/346/319 320/1122/320
f 323/1413/321 321/636/322 322/247/323 324/1024/324
f 327/273/325 325/2189/326 326/1800/327 328/2580/328
f 331/1826/329 329/1050/330 330/662/331 332/1439/332
f 335/686/333 333/2606/334 334/2215/335 336/298/336
f 339/583/337 337/2501/338 338/2110/339 340/194/340
f 343/2136/341 341/1361/342 342/972/343 344/1748/344
f 347/998/345 345/220/346 346/2527/347 348/609/348
f 351/2554/349 349/1774/350 350/1387/351 352/2163/352
f 355/2450/353 353/1671/354 354/1284/355 356/2059/356
f 359/1309/357 357/533/358 358/143/359 360/922/360
f 363/168/361 361/2084/362 362/1696/363 364/2475/364
f 367/1723/365 365/947/366 366/558/367 368/1336/368
f 371/1622/369 369/848/370 370/460/371 372/1235/372
f 375/484/373 373/2401/374 374/2011/375 376/94/376
f 379/2035/377 377/1259/378 378/872/379 380/1646/380
f 383/897/381 381/118/382 382/2425/383 384/508/384
f 387/800/385 385/21/386 386/2330/387 388/412/388
f 391/2355/389 389/1575/390 390/1187/391 392/1964/392
f 395/1211/393 393/436/394 394/46/395 396/824/396
f 399/70/397 397/1988/398 398/1599/399 400/2378/400
f 403/2674/401 401/1892/402 402/1505/403 404/2283/404
f 407/1529/405 405/753/406 406/365/407 408/1140/408
f 411/389/409 409/2307/410 410/1916/411 412/2698/412
f 415/1939/413 413/1164/414 414/777/415 416/1552/416
f 419/1844/417 417/1068/418 418/680/419 420/1457/420
f 423/704/421 421/2625/422 422/2234/423 424/316/424
f 427/2258/425 425/1481/426 426/1092/427 428/1868/428
f 431/1116/429 429/340/430 430/2649/431 432/728/432
f 435/1018/433 433/240/434 434/2547/435 436/629/436
f 439/2574/437 437/1794/438 438/1407/439 440/2183/440
f 443/1433/441 441/656/442 442/267/443 444/1044/444
f 447/292/445 445/2209/446 446/1820/447 448/2600/448
f 451/188/449 449/2104/450 450/1717/451 452/2495/452
f 455/602/453 453/2521/454 454/2130/455 456/214/456
f 459/2156/457 457/1380/458 458/991/459 460/1767/460
f 463/2053/461 461/1277/462 462/890/463 464/1664/464
f 467/916/465 465/137/466 466/2444/467 468/527/468
f 471/2469/469 469/1690/470 470/1303/471 472/2078/472
f 475/1330/473 473/552/474 474/162/475 476/941/476
f 479/1229/477 477/454/478 478/64/479 480/842/480
f 483/87/481 481/2005/482 482/1616/483 484/2395/484
f 487/1639/485 485/865/486 486/477/487 488/1252/488
f 491/501/489 489/2418/490 490/2028/491 492/111/492
f 495/406/493 493/2324/494 494/1933/495 496/15/496
f 499/1957/497 497/1181/498 498/794/499 500/1569/500
f 503/818/501 501/39/502 502/2348/503 504/429/504
f 507/2372/505 505/1593/506 506/1205/507 508/1982/508
f 511/2276/509 509/1499/510 510/1110/511 512/1886/512
f 515/1134/513 513/358/514 514/2667/515 516/746/516
f 519/2692/517 517/1910/518 518/1523/519 520/2301/520
f 523/1546/521 521/771/522 522/383/523 524/1158/524
f 527/1451/525 525/674/526 526/285/527 528/1062/528
f 531/310/529 529/2227/530 530/1838/531 532/2618/532
f 535/1862/533 533/1086/534 534/698/535 536/1475/536
f 539/722/537 537/2643/538 538/2252/539 540/334/540
f 543/622/541 541/2540/542 542/2149/543 544/233/544
f 547/2176/545 545/1400/546 546/1011/547 548/1787/548
f 551/1037/549 549/260/550 550/2567/551 552/649/552
f 555/2593/553 553/1813/554 554/1426/555 556/2202/556
f 559/2488/557 557/1709/558 558/1322/559 560/2097/560
f 563/1349/561 561/571/562 562/181/563 564/960/564
f 567/207/565 565/2123/566 566/1736/567 568/2514/568
f 571/1760/569 569/984/570 570/595/571 572/1373/572
f 575/1656/573 573/882/574 574/493/575 576/1269/576
f 579/519/577 577/2436/578 578/2045/579 580/129/580
f 583/2070/581 581/1295/582 582/908/583 584/1682/584
f 587/933/585 585/154/586 586/2461/587 588/544/588
f 591/834/589 589/56/590 590/2364/591 592/446/592
f 595/2387/593 593/1608/594 594/1221/595 596/1997/596
f 599/1244/597 597/469/598 598/79/599 600/857/600
f 603/103/601 601/2020/602 602/1631/603 604/2410/604
f 607/8/605 605/1926/606 606/1539/607 608/2317/608
f 611/1562/609 609/787/610 610/399/611 612/1174/612
f 615/422/613 613/2341/614 614/1950/615 616/32/616
f 619/1974/617 617/1197/618 618/810/619 620/1585/620
f 623/1879/621 621/1103/622 622/715/623 624/1492/624
f 627/739/625 625/2660/626 626/2269/627 628/351/628
f 629/1516/629 630/1127/630 631/2294/631
f 631/2294/632 630/1127/633 632/1903/634
f 2701/2701/635 2702/2702/636 631/2294/637
f 2703/2703/638 2704/2704/639 632/1903/640
f 635/1151/641 633/376/642 634/2685/643 636/764/644
f 639/1055/645 637/278/646 638/2586/647 640/667/648
f 643/2611/649 641/1831/650 642/1444/651 644/2220/652
f 647/1468/653 645/691/654 646/303/655 648/1079/656
f 651/327/657 649/2245/658 650/1855/659 652/2636/660
f 655/226/661 653/2142/662 654/1753/663 656/2533/664
f 659/1780/665 657/1004/666 658/615/667 660/1393/668
f 663/642/669 661/2560/670 662/2169/671 664/253/672
f 667/2195/673 665/1419/674 666/1030/675 668/1806/676
f 671/2090/677 669/1315/678 670/927/679 672/1702/680
f 675/953/681 673/174/682 674/2481/683 676/564/684
f 679/2507/685 677/1729/686 678/1342/687 680/2116/688
f 683/1366/689 681/588/690 682/200/691 684/977/692
f 687/1264/693 685/489/694 686/99/695 688/877/696
f 691/123/697 689/2040/698 690/1651/699 692/2430/700
f 695/1676/701 693/902/702 694/513/703 696/1289/704
f 699/538/705 697/2455/706 698/2064/707 700/148/708
f 703/441/709 701/2360/710 702/1969/711 704/51/712
f 707/1993/713 705/1216/714 706/829/715 708/1604/716
f 711/853/717 709/75/718 710/2383/719 712/465/720
f 715/2406/721 713/1627/722 714/1240/723 716/2016/724
f 719/2312/725 717/1534/726 718/1145/727 720/1921/728
f 723/1169/729 721/394/730 722/3/731 724/782/732
f 727/26/733 725/1944/734 726/1557/735 728/2335/736
f 731/1580/737 729/805/738 730/417/739 732/1192/740
f 735/1486/741 733/709/742 734/321/743 736/1097/744
f 739/345/745 737/2263/746 738/1873/747 740/2654/748
f 743/1897/749 741/1121/750 742/733/751 744/1510/752
f 747/758/753 745/2679/754 746/2288/755 748/370/756
f 751/661/757 749/2579/758 750/2188/759 752/272/760
f 755/2214/761 753/1438/762 754/1049/763 756/1825/764
f 759/1073/765 757/297/766 758/2605/767 760/685/768
f 763/2630/769 761/1849/770 762/1462/771 764/2239/772
f 767/2526/773 765/1747/774 766/1360/775 768/2135/776
f 771/1386/777 769/608/778 770/219/779 772/997/780
f 775/246/781 773/2162/782 774/1773/783 776/2553/784
f 779/1799/785 777/1023/786 778/635/787 780/1412/788
f 783/1695/789 781/921/790 782/532/791 784/1308/792
f 787/557/793 785/2474/794 786/2083/795 788/167/796
f 791/2109/797 789/1335/798 790/946/799 792/1722/800
f 795/971/801 793/193/802 794/2500/803 796/582/804
f 799/871/805 797/93/806 798/2400/807 800/483/808
f 803/2424/809 801/1645/810 802/1258/811 804/2034/812
f 807/1283/813 805/507/814 806/117/815 808/896/816
f 811/142/817 809/2058/818 810/1670/819 812/2449/820
f 815/45/821 813/1963/822 814/1574/823 816/2354/824
f 819/1598/825 817/823/826 818/435/827 820/1210/828
f 823/459/829 821/2377/830 822/1987/831 824/69/832
f 827/2010/833 825/1234/834 826/847/835 828/1621/836
f 831/1915/837 829/1139/838 830/752/839 832/1528/840
f 835/776/841 833/2697/842 834/2306/843 836/388/844
f 839/2329/845 837/1551/846 838/1163/847 840/1938/848
f 843/1186/849 841/411/850 842/20/851 844/799/852
f 847/1091/853 845/315/854 846/2624/855 848/703/856
f 851/2648/857 849/1867/858 850/1480/859 852/2257/860
f 855/1504/861 853/727/862 854/339/863 856/1115/864
f 859/364/865 857/2282/866 858/1891/867 860/2673/868
f 863/266/869 861/2182/870 862/1793/871 864/2573/872
f 867/1819/873 865/1043/874 866/655/875 868/1432/876
f 871/679/877 869/2599/878 870/2208/879 872/291/880
f 875/2233/881 873/1456/882 874/1067/883 876/1843/884
f 879/2129/885 877/1355/886 878/966/887 880/1742/888
f 883/990/889 881/213/890 882/2520/891 884/601/892
f 887/2546/893 885/1766/894 886/1379/895 888/2155/896
f 891/1406/897 889/628/898 890/239/899 892/1017/900
f 895/1302/901 893/526/902 894/136/903 896/915/904
f 899/161/905 897/2077/906 898/1689/907 900/2468/908
f 903/1716/909 901/940/910 902/551/911 904/1329/912
f 907/577/913 905/2494/914 906/2103/915 908/187/916
f 911/476/917 909/2394/918 910/2004/919 912/86/920
f 915/2027/921 913/1251/922 914/864/923 916/1638/924
f 919/889/925 917/110/926 918/2417/927 920/500/928
f 923/2443/929 921/1663/930 922/1276/931 924/2052/932
f 927/2347/933 925/1568/934 926/1180/935 928/1956/936
f 931/1204/937 929/428/938 930/38/939 932/817/940
f 935/63/941 933/1981/942 934/1592/943 936/2371/944
f 939/1615/945 937/841/946 938/453/947 940/1228/948
f 943/1522/949 941/745/950 942/357/951 944/1133/952
f 947/382/953 945/2300/954 946/1909/955 948/2691/956
f 951/1932/957 949/1157/958 950/770/959 952/1545/960
f 955/793/961 953/14/962 954/2323/963 956/405/964
f 959/697/965 957/2617/966 958/2226/967 960/309/968
f 963/2251/969 961/1474/970 962/1085/971 964/1861/972
f 967/1109/973 965/333/974 966/2642/975 968/721/976
f 971/2666/977 969/1885/978 970/1498/979 972/2275/980
f 975/2566/981 973/1786/982 974/1399/983 976/2175/984
f 979/1425/985 977/648/986 978/259/987 980/1036/988
f 983/284/989 981/2201/990 982/1812/991 984/2592/992
f 987/1837/993 985/1061/994 986/673/995 988/1450/996
f 991/1735/997 989/959/998 990/570/999 992/1348/1000
f 995/594/1001 993/2513/1002 994/2122/1003 996/206/1004
f 999/2148/1005 997/1372/1006 998/983/1007 1000/1759/1008
f 1003/1010/1009 1001/232/1010 1002/2539/1011 1004/621/1012
f 1007/907/1013 1005/128/1014 1006/2435/1015 1008/518/1016
f 1011/2460/1017 1009/1681/1018 1010/1294/1019 1012/2069/1020
f 1015/1321/1021 1013/543/1022 1014/153/1023 1016/932/1024
f 1019/180/1025 1017/2096/1026 1018/1708/1027 1020/2487/1028
f 1023/762/1029 1021/2683/1030 1022/2292/1031 1024/374/1032
f 1027/2315/1033 1025/1537/1034 1026/1149/1035 1028/1924/1036
f 1031/1172/1037 1029/397/1038 1030/6/1039 1032/785/1040
f 1035/30/1041 1033/1948/1042 1034/1560/1043 1036/2339/1044
f 1039/2634/1045 1037/1853/1046 1038/1466/1047 1040/2243/1048
f 1043/1490/1049 1041/713/1050 1042/325/1051 1044/1101/1052
f 1047/349/1053 1045/2267/1054 1046/1877/1055 1048/2658/1056
f 1051/1901/1057 1049/1125/1058 1050/737/1059 1052/1514/1060
f 1055/1803/1061 1053/1027/1062 1054/639/1063 1056/1416/1064
f 1059/665/1065 1057/2583/1066 1058/2192/1067 1060/276/1068
f 1063/2218/1069 1061/1442/1070 1062/1053/1071 1064/1829/1072
f 1067/1077/1073 1065/301/1074 1066/2609/1075 1068/689/1076
f 1071/975/1077 1069/197/1078 1070/2504/1079 1072/586/1080
f 1075/2530/1081 1073/1751/1082 1074/1364/1083 1076/2139/1084
f 1079/1390/1085 1077/612/1086 1078/223/1087 1080/1001/1088
f 1083/250/1089 1081/2166/1090 1082/1777/1091 1084/2557/1092
f 1087/146/1093 1085/2062/1094 1086/1674/1095 1088/2453/1096
f 1091/1699/1097 1089/925/1098 1090/536/1099 1092/1312/1100
f 1095/561/1101 1093/2478/1102 1094/2087/1103 1096/171/1104
f 1099/2113/1105 1097/1339/1106 1098/950/1107 1100/1726/1108
f 1103/2014/1109 1101/1238/1110 1102/851/1111 1104/1625/1112
f 1107/875/1113 1105/97/1114 1106/2404/1115 1108/487/1116
f 1111/2428/1117 1109/1649/1118 1110/1262/1119 1112/2038/1120
f 1115/1287/1121 1113/511/1122 1114/121/1123 1116/900/1124
f 1119/1190/1125 1117/415/1126 1118/24/1127 1120/803/1128
f 1123/49/1129 1121/1967/1130 1122/1578/1131 1124/2358/1132
f 1127/1602/1133 1125/827/1134 1126/439/1135 1128/1214/1136
f 1131/463/1137 1129/2381/1138 1130/1991/1139 1132/73/1140
f 1135/368/1141 1133/2286/1142 1134/1895/1143 1136/2677/1144
f 1139/1919/1145 1137/1143/1146 1138/756/1147 1140/1532/1148
f 1143/780/1149 1141/1/1150 1142/2310/1151 1144/392/1152
f 1147/2333/1153 1145/1555/1154 1146/1167/1155 1148/1942/1156
f 1151/2237/1157 1149/1460/1158 1150/1071/1159 1152/1847/1160
f 1155/1095/1161 1153/319/1162 1154/2628/1163 1156/707/1164
f 1159/2652/1165 1157/1871/1166 1158/1484/1167 1160/2261/1168
f 1163/1508/1169 1161/731/1170 1162/343/1171 1164/1119/1172
f 1167/1410/1173 1165/632/1174 1166/243/1175 1168/1021/1176
f 1171/270/1177 1169/2186/1178 1170/1797/1179 1172/2577/1180
f 1175/1823/1181 1173/1047/1182 1174/659/1183 1176/1436/1184
f 1179/683/1185 1177/2603/1186 1178/2212/1187 1180/295/1188
f 1183/580/1189 1181/2498/1190 1182/2107/1191 1184/191/1192
f 1187/2133/1193 1185/1358/1194 1186/969/1195 1188/1745/1196
f 1191/994/1197 1189/217/1198 1190/2524/1199 1192/605/1200
f 1195/2550/1201 1193/1770/1202 1194/1383/1203 1196/2159/1204
f 1199/2447/1205 1197/1667/1206 1198/1280/1207 1200/2056/1208
f 1203/1306/1209 1201/530/1210 1202/140/1211 1204/919/1212
f 1207/165/1213 1205/2081/1214 1206/1693/1215 1208/2472/1216
f 1211/1720/1217 1209/944/1218 1210/555/1219 1212/1333/1220
f 1215/1619/1221 1213/845/1222 1214/457/1223 1216/1232/1224
f 1219/480/1225 1217/2398/1226 1218/2008/1227 1220/90/1228
f 1223/2031/1229 1221/1255/1230 1222/868/1231 1224/1642/1232
f 1227/893/1233 1225/114/1234 1226/2421/1235 1228/504/1236
f 1231/797/1237 1229/18/1238 1230/2327/1239 1232/409/1240
f 1235/2351/1241 1233/1572/1242 1234/1184/1243 1236/1960/1244
f 1239/1208/1245 1237/432/1246 1238/42/1247 1240/821/1248
f 1243/67/1249 1241/1985/1250 1242/1596/1251 1244/2375/1252
f 1247/2670/1253 1245/1889/1254 1246/1502/1255 1248/2279/1256
f 1251/1526/1257 1249/749/1258 1250/361/1259 1252/1137/1260
f 1255/386/1261 1253/2304/1262 1254/1913/1263 1256/2695/1264
f 1259/1936/1265 1257/1161/1266 1258/774/1267 1260/1549/1268
f 1263/701/1269 1261/2621/1270 1262/2230/1271 1264/313/1272
f 1267/2255/1273 1265/1478/1274 1266/1089/1275 1268/1865/1276
f 1271/1113/1277 1269/337/1278 1270/2646/1279 1272/725/1280
f 1275/1014/1281 1273/236/1282 1274/2543/1283 1276/625/1284
f 1279/2570/1285 1277/1790/1286 1278/1403/1287 1280/2179/1288
f 1283/1429/1289 1281/652/1290 1282/263/1291 1284/1040/1292
f 1287/288/1293 1285/2205/1294 1286/1816/1295 1288/2596/1296
f 1291/184/1297 1289/2100/1298 1290/1712/1299 1292/2491/1300
f 1295/1739/1301 1293/963/1302 1294/574/1303 1296/1352/1304
f 1299/598/1305 1297/2517/1306 1298/2126/1307 1300/210/1308
f 1303/2152/1309 1301/1376/1310 1302/987/1311 1304/1763/1312
f 1307/2048/1313 1305/1272/1314 1306/885/1315 1308/1659/1316
f 1311/911/1317 1309/132/1318 1310/2439/1319 1312/522/1320
f 1315/2464/1321 1313/1685/1322 1314/1298/1323 1316/2073/1324
f 1319/1325/1325 1317/547/1326 1318/157/1327 1320/936/1328
f 1323/1224/1329 1321/449/1330 1322/59/1331 1324/837/1332
f 1327/82/1333 1325/2000/1334 1326/1611/1335 1328/2390/1336
f 1331/1634/1337 1329/860/1338 1330/472/1339 1332/1247/1340
f 1335/496/1341 1333/2413/1342 1334/2023/1343 1336/106/1344
f 1339/402/1345 1337/2320/1346 1338/1929/1347 1340/11/1348
f 1343/1953/1349 1341/1177/1350 1342/790/1351 1344/1565/1352
f 1347/813/1353 1345/35/1354 1346/2344/1355 1348/425/1356
f 1351/2367/1357 1349/1588/1358 1350/1200/1359 1352/1977/1360
f 1355/2272/1361 1353/1495/1362 1354/1106/1363 1356/1882/1364
f 1359/1130/1365 1357/354/1366 1358/2663/1367 1360/742/1368
f 1363/2688/1369 1361/1906/1370 1362/1519/1371 1364/2297/1372
f 1367/1542/1373 1365/767/1374 1366/379/1375 1368/1154/1376
f 1371/1447/1377 1369/670/1378 1370/281/1379 1372/1058/1380
f 1375/306/1381 1373/2223/1382 1374/1834/1383 1376/2614/1384
f 1379/1858/1385 1377/1082/1386 1378/694/1387 1380/1471/1388
f 1383/718/1389 1381/2639/1390 1382/2248/1391 1384/330/1392
f 1387/618/1393 1385/2536/1394 1386/2145/1395 1388/229/1396
f 1391/2172/1397 1389/1396/1398 1390/1007/1399 1392/1783/1400
f 1395/1033/1401 1393/256/1402 1394/2563/1403 1396/645/1404
f 1399/2589/1405 1397/1809/1406 1398/1422/1407 1400/2198/1408
f 1403/2484/1409 1401/1705/1410 1402/1318/1411 1404/2093/1412
f 1407/1345/1413 1405/567/1414 1406/177/1415 1408/956/1416
f 1411/203/1417 1409/2119/1418 1410/1732/1419 1412/2510/1420
f 1415/1756/1421 1413/980/1422 1414/591/1423 1416/1369/1424
f 1419/420/1425 1417/2338/1426 1418/1947/1427 1420/29/1428
f 1423/1972/1429 1421/1195/1430 1422/808/1431 1424/1583/1432
f 1427/1876/1433 1425/1100/1434 1426/712/1435 1428/1489/1436
f 1431/736/1437 1429/2657/1438 1430/2266/1439 1432/348/1440
f 1435/2291/1441 1433/1513/1442 1434/1124/1443 1436/1900/1444
f 1439/1148/1445 1437/373/1446 1438/2682/1447 1440/761/1448
f 1443/1052/1449 1441/275/1450 1442/2582/1451 1444/664/1452
f 1447/2608/1453 1445/1828/1454 1446/1441/1455 1448/2217/1456
f 1451/1465/1457 1449/688/1458 1450/300/1459 1452/1076/1460
f 1455/324/1461 1453/2242/1462 1454/1852/1463 1456/2633/1464
f 1459/222/1465 1457/2138/1466 1458/1750/1467 1460/2529/1468
f 1463/1776/1469 1461/1000/1470 1462/611/1471 1464/1389/1472
f 1467/638/1473 1465/2556/1474 1466/2165/1475 1468/249/1476
f 1471/2191/1477 1469/1415/1478 1470/1026/1479 1472/1802/1480
f 1475/2086/1481 1473/1311/1482 1474/924/1483 1476/1698/1484
f 1479/949/1485 1477/170/1486 1478/2477/1487 1480/560/1488
f 1483/2503/1489 1481/1725/1490 1482/1338/1491 1484/2112/1492
f 1487/1363/1493 1485/585/1494 1486/196/1495 1488/974/1496
f 1491/1261/1497 1489/486/1498 1490/96/1499 1492/874/1500
f 1495/120/1501 1493/2037/1502 1494/1648/1503 1496/2427/1504
f 1499/1673/1505 1497/899/1506 1498/510/1507 1500/1286/1508
f 1503/535/1509 1501/2452/1510 1502/2061/1511 1504/145/1512
f 1507/438/1513 1505/2357/1514 1506/1966/1515 1508/48/1516
f 1511/1990/1517 1509/1213/1518 1510/826/1519 1512/1601/1520
f 1515/850/1521 1513/72/1522 1514/2380/1523 1516/462/1524
f 1519/2403/1525 1517/1624/1526 1518/1237/1527 1520/2013/1528
f 1523/2309/1529 1521/1531/1530 1522/1142/1531 1524/1918/1532
f 1527/1166/1533 1525/391/1534 1526/2700/1535 1528/779/1536
f 1531/23/1537 1529/1941/1538 1530/1554/1539 1532/2332/1540
f 1535/1577/1541 1533/802/1542 1534/414/1543 1536/1189/1544
f 1539/1483/1545 1537/706/1546 1538/318/1547 1540/1094/1548
f 1543/342/1549 1541/2260/1550 1542/1870/1551 1544/2651/1552
f 1547/1894/1553 1545/1118/1554 1546/730/1555 1548/1507/1556
f 1551/755/1557 1549/2676/1558 1550/2285/1559 1552/367/1560
f 1555/658/1561 1553/2576/1562 1554/2185/1563 1556/269/1564
f 1559/2211/1565 1557/1435/1566 1558/1046/1567 1560/1822/1568
f 1563/1070/1569 1561/294/1570 1562/2602/1571 1564/682/1572
f 1567/2627/1573 1565/1846/1574 1566/1459/1575 1568/2236/1576
f 1571/2523/1577 1569/1744/1578 1570/1357/1579 1572/2132/1580
f 1575/1382/1581 1573/604/1582 1574/216/1583 1576/993/1584
f 1579/242/1585 1577/2158/1586 1578/1769/1587 1580/2549/1588
f 1583/1796/1589 1581/1020/1590 1582/631/1591 1584/1409/1592
f 1587/1692/1593 1585/918/1594 1586/529/1595 1588/1305/1596
f 1591/554/1597 1589/2471/1598 1590/2080/1599 1592/164/1600
f 1595/2106/1601 1593/1332/1602 1594/943/1603 1596/1719/1604
f 1599/968/1605 1597/190/1606 1598/2497/1607 1600/579/1608
f 1603/867/1609 1601/89/1610 1602/2397/1611 1604/479/1612
f 1607/2420/1613 1605/1641/1614 1606/1254/1615 1608/2030/1616
f 1611/1279/1617 1609/503/1618 1610/113/1619 1612/892/1620
f 1615/139/1621 1613/2055/1622 1614/1666/1623 1616/2446/1624
f 1619/41/1625 1617/1959/1626 1618/1571/1627 1620/2350/1628
f 1623/1595/1629 1621/820/1630 1622/431/1631 1624/1207/1632
f 1627/456/1633 1625/2374/1634 1626/1984/1635 1628/66/1636
f 1631/2007/1637 1629/1231/1638 1630/844/1639 1632/1618/1640
f 1635/1912/1641 1633/1136/1642 1634/748/1643 1636/1525/1644
f 1639/773/1645 1637/2694/1646 1638/2303/1647 1640/385/1648
f 1643/2326/1649 1641/1548/1650 1642/1160/1651 1644/1935/1652
f 1647/1183/1653 1645/408/1654 1646/17/1655 1648/796/1656
f 1651/1088/1657 1649/312/1658 1650/2620/1659 1652/700/1660
f 1655/2645/1661 1653/1864/1662 1654/1477/1663 1656/2254/1664
f 1659/1501/1665 1657/724/1666 1658/336/1667 1660/1112/1668
f 1663/360/1669 1661/2278/1670 1662/1888/1671 1664/2669/1672
f 1667/262/1673 1665/2178/1674 1666/1789/1675 1668/2569/1676
f 1671/1815/1677 1669/1039/1678 1670/651/1679 1672/1428/1680
f 1675/676/1681 1673/2595/1682 1674/2204/1683 1676/287/1684
f 1679/2229/1685 1677/1453/1686 1678/1064/1687 1680/1840/1688
f 1683/2125/1689 1681/1351/1690 1682/962/1691 1684/1738/1692
f 1687/986/1693 1685/209/1694 1686/2516/1695 1688/597/1696
f 1691/2542/1697 1689/1762/1698 1690/1375/1699 1692/2151/1700
f 1695/1402/1701 1693/624/1702 1694/235/1703 1696/1013/1704
f 1699/1297/1705 1697/521/1706 1698/131/1707 1700/910/1708
f 1703/156/1709 1701/2072/1710 1702/1684/1711 1704/2463/1712
f 1707/1711/1713 1705/935/1714 1706/546/1715 1708/1324/1716
f 1711/573/1717 1709/2490/1718 1710/2099/1719 1712/183/1720
f 1715/471/1721 1713/2389/1722 1714/1999/1723 1716/81/1724
f 1719/2022/1725 1717/1246/1726 1718/859/1727 1720/1633/1728
f 1723/884/1729 1721/105/1730 1722/2412/1731 1724/495/1732
f 1727/2438/1733 1725/1658/1734 1726/1271/1735 1728/2047/1736
f 1731/2343/1737 1729/1564/1738 1730/1176/1739 1732/1952/1740
f 1735/1199/1741 1733/424/1742 1734/34/1743 1736/812/1744
f 1739/58/1745 1737/1976/1746 1738/1587/1747 1740/2366/1748
f 1743/1610/1749 1741/836/1750 1742/448/1751 1744/1223/1752
f 1747/1518/1753 1745/741/1754 1746/353/1755 1748/1129/1756
f 1751/378/1757 1749/2296/1758 1750/1905/1759 1752/2687/1760
f 1755/1928/1761 1753/1153/1762 1754/766/1763 1756/1541/1764
f 1759/789/1765 1757/10/1766 1758/2319/1767 1760/401/1768
f 1763/693/1769 1761/2613/1770 1762/2222/1771 1764/305/1772
f 1767/2247/1773 1765/1470/1774 1766/1081/1775 1768/1857/1776
f 1771/1105/1777 1769/329/1778 1770/2638/1779 1772/717/1780
f 1775/2662/1781 1773/1881/1782 1774/1494/1783 1776/2271/1784
f 1779/2562/1785 1777/1782/1786 1778/1395/1787 1780/2171/1788
f 1783/1421/1789 1781/644/1790 1782/255/1791 1784/1032/1792
f 1787/280/1793 1785/2197/1794 1786/1808/1795 1788/2588/1796
f 1791/1833/1797 1789/1057/1798 1790/669/1799 1792/1446/1800
f 1795/1731/1801 1793/955/1802 1794/566/1803 1796/1344/1804
f 1799/590/1805 1797/2509/1806 1798/2118/1807 1800/202/1808
f 1803/2144/1809 1801/1368/1810 1802/979/1811 1804/1755/1812
f 1807/1006/1813 1805/228/1814 1806/2535/1815 1808/617/1816
f 1811/904/1817 1809/125/1818 1810/2432/1819 1812/515/1820
f 1815/2457/1821 1813/1678/1822 1814/1291/1823 1816/2066/1824
f 1819/1317/1825 1817/540/1826 1818/150/1827 1820/929/1828
f 1823/176/1829 1821/2092/1830 1822/1704/1831 1824/2483/1832
f 1827/77/1833 1825/1995/1834 1826/1606/1835 1828/2385/1836
f 1831/1629/1837 1829/855/1838 1830/467/1839 1832/1242/1840
f 1835/491/1841 1833/2408/1842 1834/2018/1843 1836/101/1844
f 1839/2042/1845 1837/1266/1846 1838/879/1847 1840/1653/1848
f 1843/1946/1849 1841/1171/1850 1842/784/1851 1844/1559/1852
f 1847/807/1853 1845/28/1854 1846/2337/1855 1848/419/1856
f 1851/2362/1857 1849/1582/1858 1850/1194/1859 1852/1971/1860
f 1855/1218/1861 1853/443/1862 1854/53/1863 1856/831/1864
f 1859/1123/1865 1857/347/1866 1858/2656/1867 1860/735/1868
f 1863/2681/1869 1861/1899/1870 1862/1512/1871 1864/2290/1872
f 1867/1536/1873 1865/760/1874 1866/372/1875 1868/1147/1876
f 1871/396/1877 1869/2314/1878 1870/1923/1879 1872/5/1880
f 1875/299/1881 1873/2216/1882 1874/1827/1883 1876/2607/1884
f 1879/1851/1885 1877/1075/1886 1878/687/1887 1880/1464/1888
f 1883/711/1889 1881/2632/1890 1882/2241/1891 1884/323/1892
f 1887/2265/1893 1885/1488/1894 1886/1099/1895 1888/1875/1896
f 1891/2164/1897 1889/1388/1898 1890/999/1899 1892/1775/1900
f 1895/1025/1901 1893/248/1902 1894/2555/1903 1896/637/1904
f 1899/2581/1905 1897/1801/1906 1898/1414/1907 1900/2190/1908
f 1903/1440/1909 1901/663/1910 1902/274/1911 1904/1051/1912
f 1907/1337/1913 1905/559/1914 1906/169/1915 1908/948/1916
f 1911/195/1917 1909/2111/1918 1910/1724/1919 1912/2502/1920
f 1915/1749/1921 1913/973/1922 1914/584/1923 1916/1362/1924
f 1919/610/1925 1917/2528/1926 1918/2137/1927 1920/221/1928
f 1923/509/1929 1921/2426/1930 1922/2036/1931 1924/119/1932
f 1927/2060/1933 1925/1285/1934 1926/898/1935 1928/1672/1936
f 1931/923/1937 1929/144/1938 1930/2451/1939 1932/534/1940
f 1935/2476/1941 1933/1697/1942 1934/1310/1943 1936/2085/1944
f 1939/2379/1945 1937/1600/1946 1938/1212/1947 1940/1989/1948
f 1943/1236/1949 1941/461/1950 1942/71/1951 1944/849/1952
f 1947/95/1953 1945/2012/1954 1946/1623/1955 1948/2402/1956
f 1951/1647/1957 1949/873/1958 1950/485/1959 1952/1260/1960
f 1955/1553/1961 1953/778/1962 1954/390/1963 1956/1165/1964
f 1959/413/1965 1957/2331/1966 1958/1940/1967 1960/22/1968
f 1963/1965/1969 1961/1188/1970 1962/801/1971 1964/1576/1972
f 1967/825/1973 1965/47/1974 1966/2356/1975 1968/437/1976
f 1971/729/1977 1969/2650/1978 1970/2259/1979 1972/341/1980
f 1975/2284/1981 1973/1506/1982 1974/1117/1983 1976/1893/1984
f 1979/1141/1985 1977/366/1986 1978/2675/1987 1980/754/1988
f 1983/2699/1989 1981/1917/1990 1982/1530/1991 1984/2308/1992
f 1987/2601/1993 1985/1821/1994 1986/1434/1995 1988/2210/1996
f 1991/1458/1997 1989/681/1998 1990/293/1999 1992/1069/2000
f 1995/317/2001 1993/2235/2002 1994/1845/2003 1996/2626/2004
f 1999/1869/2005 1997/1093/2006 1998/705/2007 2000/1482/2008
f 2003/2442/2009 2001/1662/2010 2002/1275/2011 2004/2051/2012
f 2007/1301/2013 2005/525/2014 2006/135/2015 2008/914/2016
f 2011/160/2017 2009/2076/2018 2010/1688/2019 2012/2467/2020
f 2015/1715/2021 2013/939/2022 2014/550/2023 2016/1328/2024
f 2019/1614/2025 2017/840/2026 2018/452/2027 2020/1227/2028
f 2023/475/2029 2021/2393/2030 2022/2003/2031 2024/85/2032
f 2027/2026/2033 2025/1250/2034 2026/863/2035 2028/1637/2036
f 2031/888/2037 2029/109/2038 2030/2416/2039 2032/499/2040
f 2035/792/2041 2033/13/2042 2034/2322/2043 2036/404/2044
f 2039/2346/2045 2037/1567/2046 2038/1179/2047 2040/1955/2048
f 2043/1203/2049 2041/427/2050 2042/37/2051 2044/816/2052
f 2047/62/2053 2045/1980/2054 2046/1591/2055 2048/2370/2056
f 2051/2665/2057 2049/1884/2058 2050/1497/2059 2052/2274/2060
f 2055/1521/2061 2053/744/2062 2054/356/2063 2056/1132/2064
f 2059/381/2065 2057/2299/2066 2058/1908/2067 2060/2690/2068
f 2063/1931/2069 2061/1156/2070 2062/769/2071 2064/1544/2072
f 2067/1836/2073 2065/1060/2074 2066/672/2075 2068/1449/2076
f 2071/696/2077 2069/2616/2078 2070/2225/2079 2072/308/2080
f 2075/2250/2081 2073/1473/2082 2074/1084/2083 2076/1860/2084
f 2079/1108/2085 2077/332/2086 2078/2641/2087 2080/720/2088
f 2083/1009/2089 2081/231/2090 2082/2538/2091 2084/620/2092
f 2087/2565/2093 2085/1785/2094 2086/1398/2095 2088/2174/2096
f 2091/1424/2097 2089/647/2098 2090/258/2099 2092/1035/2100
f 2095/283/2101 2093/2200/2102 2094/1811/2103 2096/2591/2104
f 2099/179/2105 2097/2095/2106 2098/1707/2107 2100/2486/2108
f 2103/1734/2109 2101/958/2110 2102/569/2111 2104/1347/2112
f 2107/593/2113 2105/2512/2114 2106/2121/2115 2108/205/2116
f 2111/2147/2117 2109/1371/2118 2110/982/2119 2112/1758/2120
f 2115/2044/2121 2113/1268/2122 2114/881/2123 2116/1655/2124
f 2119/906/2125 2117/127/2126 2118/2434/2127 2120/517/2128
f 2123/2459/2129 2121/1680/2130 2122/1293/2131 2124/2068/2132
f 2127/1320/2133 2125/542/2134 2126/152/2135 2128/931/2136
f 2131/1220/2137 2129/445/2138 2130/55/2139 2132/833/2140
f 2135/614/2141 2133/2532/2142 2134/2141/2143 2136/225/2144
f 2139/2168/2145 2137/1392/2146 2138/1003/2147 2140/1779/2148
f 2143/1029/2149 2141/252/2150 2142/2559/2151 2144/641/2152
f 2147/2585/2153 2145/1805/2154 2146/1418/2155 2148/2194/2156
f 2151/2480/2157 2149/1701/2158 2150/1314/2159 2152/2089/2160
f 2155/1341/2161 2153/563/2162 2154/173/2163 2156/952/2164
f 2159/199/2165 2157/2115/2166 2158/1728/2167 2160/2506/2168
f 2163/1772/2169 2161/996/2170 2162/607/2171 2164/1385/2172
f 2167/634/2173 2165/2552/2174 2166/2161/2175 2168/245/2176
f 2171/1257/2177 2169/482/2178 2170/92/2179 2172/870/2180
f 2175/116/2181 2173/2033/2182 2174/1644/2183 2176/2423/2184
f 2179/1669/2185 2177/895/2186 2178/506/2187 2180/1282/2188
f 2183/434/2189 2181/2353/2190 2182/1962/2191 2184/44/2192
f 2187/751/2193 2185/2672/2194 2186/2281/2195 2188/363/2196
f 2191/654/2197 2189/2572/2198 2190/2181/2199 2192/265/2200
f 2195/2207/2201 2193/1431/2202 2194/1042/2203 2196/1818/2204
f 2199/1066/2205 2197/290/2206 2198/2598/2207 2200/678/2208
f 2203/2623/2209 2201/1842/2210 2202/1455/2211 2204/2232/2212
f 2207/2519/2213 2205/1741/2214 2206/1354/2215 2208/2128/2216
f 2211/1378/2217 2209/600/2218 2210/212/2219 2212/989/2220
f 2215/238/2221 2213/2154/2222 2214/1765/2223 2216/2545/2224
f 2219/1792/2225 2217/1016/2226 2218/627/2227 2220/1405/2228
f 2223/1687/2229 2221/913/2230 2222/524/2231 2224/1300/2232
f 2227/549/2233 2225/2466/2234 2226/2075/2235 2228/159/2236
f 2231/2102/2237 2229/1327/2238 2230/938/2239 2232/1714/2240
f 2235/965/2241 2233/186/2242 2234/2493/2243 2236/576/2244
f 2239/862/2245 2237/84/2246 2238/2392/2247 2240/474/2248
f 2243/2415/2249 2241/1636/2250 2242/1249/2251 2244/2025/2252
f 2247/1274/2253 2245/498/2254 2246/108/2255 2248/887/2256
f 2251/134/2257 2249/2050/2258 2250/1661/2259 2252/2441/2260
f 2255/36/2261 2253/1954/2262 2254/1566/2263 2256/2345/2264
f 2259/1590/2265 2257/815/2266 2258/426/2267 2260/1202/2268
f 2263/451/2269 2261/2369/2270 2262/1979/2271 2264/61/2272
f 2267/2002/2273 2265/1226/2274 2266/839/2275 2268/1613/2276
f 2271/1907/2277 2269/1131/2278 2270/743/2279 2272/1520/2280
f 2275/768/2281 2273/2689/2282 2274/2298/2283 2276/380/2284
f 2279/2321/2285 2277/1543/2286 2278/1155/2287 2280/1930/2288
f 2283/1178/2289 2281/403/2290 2282/12/2291 2284/791/2292
f 2287/1083/2293 2285/307/2294 2286/2615/2295 2288/695/2296
f 2291/2640/2297 2289/1859/2298 2290/1472/2299 2292/2249/2300
f 2295/1496/2301 2293/719/2302 2294/331/2303 2296/1107/2304
f 2299/355/2305 2297/2273/2306 2298/1883/2307 2300/2664/2308
f 2303/257/2309 2301/2173/2310 2302/1784/2311 2304/2564/2312
f 2307/1810/2313 2305/1034/2314 2306/646/2315 2308/1423/2316
f 2311/671/2317 2309/2590/2318 2310/2199/2319 2312/282/2320
f 2315/2224/2321 2313/1448/2322 2314/1059/2323 2316/1835/2324
f 2319/2120/2325 2317/1346/2326 2318/957/2327 2320/1733/2328
f 2323/981/2329 2321/204/2330 2322/2511/2331 2324/592/2332
f 2327/2537/2333 2325/1757/2334 2326/1370/2335 2328/2146/2336
f 2331/1397/2337 2329/619/2338 2330/230/2339 2332/1008/2340
f 2335/1292/2341 2333/516/2342 2334/126/2343 2336/905/2344
f 2339/151/2345 2337/2067/2346 2338/1679/2347 2340/2458/2348
f 2343/1706/2349 2341/930/2350 2342/541/2351 2344/1319/2352
f 2347/568/2353 2345/2485/2354 2346/2094/2355 2348/178/2356
f 2351/468/2357 2349/2386/2358 2350/1996/2359 2352/78/2360
f 2355/2019/2361 2353/1243/2362 2354/856/2363 2356/1630/2364
f 2359/880/2365 2357/102/2366 2358/2409/2367 2360/492/2368
f 2363/2433/2369 2361/1654/2370 2362/1267/2371 2364/2043/2372
f 2367/2340/2373 2365/1561/2374 2366/1173/2375 2368/1949/2376
f 2371/1196/2377 2369/421/2378 2370/31/2379 2372/809/2380
f 2375/54/2381 2373/1973/2382 2374/1584/2383 2376/2363/2384
f 2379/1607/2385 2377/832/2386 2378/444/2387 2380/1219/2388
f 2383/1515/2389 2381/738/2390 2382/350/2391 2384/1126/2392
f 2387/375/2393 2385/2293/2394 2386/1902/2395 2388/2684/2396
f 2391/1925/2397 2389/1150/2398 2390/763/2399 2392/1538/2400
f 2395/786/2401 2393/7/2402 2394/2316/2403 2396/398/2404
f 2399/690/2405 2397/2610/2406 2398/2219/2407 2400/302/2408
f 2403/2244/2409 2401/1467/2410 2402/1078/2411 2404/1854/2412
f 2407/1102/2413 2405/326/2414 2406/2635/2415 2408/714/2416
f 2411/2659/2417 2409/1878/2418 2410/1491/2419 2412/2268/2420
f 2415/2558/2421 2413/1778/2422 2414/1391/2423 2416/2167/2424
f 2419/1417/2425 2417/640/2426 2418/251/2427 2420/1028/2428
f 2423/277/2429 2421/2193/2430 2422/1804/2431 2424/2584/2432
f 2427/1830/2433 2425/1054/2434 2426/666/2435 2428/1443/2436
f 2431/1727/2437 2429/951/2438 2430/562/2439 2432/1340/2440
f 2435/587/2441 2433/2505/2442 2434/2114/2443 2436/198/2444
f 2439/2140/2445 2437/1365/2446 2438/976/2447 2440/1752/2448
f 2443/1002/2449 2441/224/2450 2442/2531/2451 2444/613/2452
f 2447/901/2453 2445/122/2454 2446/2429/2455 2448/512/2456
f 2451/2454/2457 2449/1675/2458 2450/1288/2459 2452/2063/2460
f 2455/1313/2461 2453/537/2462 2454/147/2463 2456/926/2464
f 2459/172/2465 2457/2088/2466 2458/1700/2467 2460/2479/2468
f 2463/74/2469 2461/1992/2470 2462/1603/2471 2464/2382/2472
f 2467/1626/2473 2465/852/2474 2466/464/2475 2468/1239/2476
f 2471/488/2477 2469/2405/2478 2470/2015/2479 2472/98/2480
f 2475/2039/2481 2473/1263/2482 2474/876/2483 2476/1650/2484
f 2479/1943/2485 2477/1168/2486 2478/781/2487 2480/1556/2488
f 2483/804/2489 2481/25/2490 2482/2334/2491 2484/416/2492
f 2487/2359/2493 2485/1579/2494 2486/1191/2495 2488/1968/2496
f 2491/1215/2497 2489/440/2498 2490/50/2499 2492/828/2500
f 2495/1120/2501 2493/344/2502 2494/2653/2503 2496/732/2504
f 2499/2678/2505 2497/1896/2506 2498/1509/2507 2500/2287/2508
f 2503/1533/2509 2501/757/2510 2502/369/2511 2504/1144/2512
f 2507/393/2513 2505/2311/2514 2506/1920/2515 2508/2/2516
f 2511/296/2517 2509/2213/2518 2510/1824/2519 2512/2604/2520
f 2515/1848/2521 2513/1072/2522 2514/684/2523 2516/1461/2524
f 2519/708/2525 2517/2629/2526 2518/2238/2527 2520/320/2528
f 2523/2262/2529 2521/1485/2530 2522/1096/2531 2524/1872/2532
f 2527/2160/2533 2525/1384/2534 2526/995/2535 2528/1771/2536
f 2531/1022/2537 2529/244/2538 2530/2551/2539 2532/633/2540
f 2535/2578/2541 2533/1798/2542 2534/1411/2543 2536/2187/2544
f 2539/1437/2545 2537/660/2546 2538/271/2547 2540/1048/2548
f 2543/1334/2549 2541/556/2550 2542/166/2551 2544/945/2552
f 2547/192/2553 2545/2108/2554 2546/1721/2555 2548/2499/2556
f 2551/1746/2557 2549/970/2558 2550/581/2559 2552/1359/2560
f 2555/606/2561 2553/2525/2562 2554/2134/2563 2556/218/2564
f 2559/505/2565 2557/2422/2566 2558/2032/2567 2560/115/2568
f 2563/2057/2569 2561/1281/2570 2562/894/2571 2564/1668/2572
f 2567/920/2573 2565/141/2574 2566/2448/2575 2568/531/2576
f 2571/2473/2577 2569/1694/2578 2570/1307/2579 2572/2082/2580
f 2575/2376/2581 2573/1597/2582 2574/1209/2583 2576/1986/2584
f 2579/1233/2585 2577/458/2586 2578/68/2587 2580/846/2588
f 2583/91/2589 2581/2009/2590 2582/1620/2591 2584/2399/2592
f 2587/1643/2593 2585/869/2594 2586/481/2595 2588/1256/2596
f 2591/1550/2597 2589/775/2598 2590/387/2599 2592/1162/2600
f 2595/410/2601 2593/2328/2602 2594/1937/2603 2596/19/2604
f 2599/1961/2605 2597/1185/2606 2598/798/2607 2600/1573/2608
f 2603/822/2609 2601/43/2610 2602/2352/2611 2604/433/2612
f 2607/726/2613 2605/2647/2614 2606/2256/2615 2608/338/2616
f 2611/2280/2617 2609/1503/2618 2610/1114/2619 2612/1890/2620
f 2615/1138/2621 2613/362/2622 2614/2671/2623 2616/750/2624
f 2619/2696/2625 2617/1914/2626 2618/1527/2627 2620/2305/2628
f 2623/2597/2629 2621/1817/2630 2622/1430/2631 2624/2206/2632
f 2627/1454/2633 2625/677/2634 2626/289/2635 2628/1065/2636
f 2631/314/2637 2629/2231/2638 2630/1841/2639 2632/2622/2640
f 2635/1866/2641 2633/1090/2642 2634/702/2643 2636/1479/2644
f 2639/1764/2645 2637/988/2646 2638/599/2647 2640/1377/2648
f 2643/626/2649 2641/2544/2650 2642/2153/2651 2644/237/2652
f 2647/2180/2653 2645/1404/2654 2646/1015/2655 2648/1791/2656
f 2651/1041/2657 2649/264/2658 2650/2571/2659 2652/653/2660
f 2655/937/2661 2653/158/2662 2654/2465/2663 2656/548/2664
f 2659/2492/2665 2657/1713/2666 2658/1326/2667 2660/2101/2668
f 2663/1353/2669 2661/575/2670 2662/185/2671 2664/964/2672
f 2667/211/2673 2665/2127/2674 2666/1740/2675 2668/2518/2676
f 2671/107/2677 2669/2024/2678 2670/1635/2679 2672/2414/2680
f 2675/1660/2681 2673/886/2682 2674/497/2683 2676/1273/2684
f 2679/523/2685 2677/2440/2686 2678/2049/2687 2680/133/2688
f 2683/2074/2689 2681/1299/2690 2682/912/2691 2684/1686/2692
f 2687/1978/2693 2685/1201/2694 2686/814/2695 2688/1589/2696
f 2691/838/2697 2689/60/2698 2690/2368/2699 2692/450/2700
f 2695/2391/2701 2693/1612/2702 2694/1225/2703 2696/2001/2704
f 2699/1248/2705 2697/473/2706 2698/83/2707 2700/861/2708
