# This file uses centimeters as units for non-parametric coordinates.

mtllib beard3.mtl
g default
v 4.050095 153.545745 5.452327
v 4.642970 153.534469 4.686672
v 4.262628 152.999389 5.048597
v 4.455112 153.987197 5.038820
v 4.822848 154.014968 4.365399
v 4.654374 154.431976 4.655085
v 4.701093 153.073592 4.345631
v 4.442211 152.724746 4.845142
v 4.889236 153.708129 4.148620
v 4.213148 154.404693 5.280281
v 3.872233 153.886046 5.562953
v 4.463491 154.825668 4.909037
v 3.951187 154.909850 6.915369
v 3.941954 155.333632 6.711637
v 4.158167 155.028655 6.631129
v 3.832976 155.200362 6.912626
v 3.986352 155.451735 6.474792
v 4.208116 155.134673 6.393462
v 3.741225 155.642943 6.656880
v 3.678122 155.542785 6.838969
v 3.795512 155.624724 6.556731
v 4.219486 154.595015 6.800795
v 4.260345 154.746749 6.533895
v 4.322724 154.857894 6.258610
v 3.804979 154.534880 6.987224
v 3.678200 154.863402 6.926360
v 3.966800 154.678954 6.792037
v 3.523424 154.723891 7.011486
v 3.732520 154.947554 6.761050
v 4.011290 154.813140 6.652794
v 3.450589 154.960006 6.770795
v 3.350440 154.868178 6.854514
v 3.532529 155.036345 6.705750
v 4.141209 154.233397 6.728268
v 4.390911 154.393233 6.575502
v 4.206205 154.739379 6.534345
v 3.486612 154.261763 6.976023
v 3.547995 153.839965 6.893745
v 3.304917 154.072768 7.013692
v 3.844096 153.976271 6.810633
v 3.907948 153.651442 6.601361
v 4.118768 153.745620 6.487528
v 3.584774 154.500487 6.717172
v 3.951842 154.185958 6.440533
v 4.239765 153.884063 6.362393
v 3.468797 154.675185 6.849407
v 3.350440 154.540618 6.979602
v 3.122828 154.292098 7.054519
v 4.594990 154.647338 5.884997
v 3.883478 154.705764 6.646503
v 4.300426 155.097899 6.247666
v 4.169500 154.260405 6.289306
v 4.669602 154.294219 5.597215
v 4.388177 153.951629 6.009289
v 4.817019 155.060241 5.273003
v 4.650236 155.369796 5.491510
v 4.366590 155.815902 5.728226
v 3.931093 155.633819 6.456582
v 3.687304 155.131133 6.831693
v 4.083261 156.161880 5.992255
v 4.551723 154.091796 4.934714
v 5.095911 154.101775 4.162366
v 4.793984 153.640716 4.508021
v 4.827301 154.508208 4.581194
v 5.275918 154.659652 3.742164
v 5.069729 154.987411 4.134946
v 5.283780 153.696472 3.759796
v 4.858064 153.301711 4.173329
v 5.401917 154.259323 3.419892
v 4.676820 154.932769 4.735840
v 4.396682 154.562637 5.057255
v 4.992447 155.388000 4.417184
v 4.304014 154.297194 6.011988
v 3.638098 154.362365 6.729827
v 3.962232 154.787871 6.462192
v 3.994791 153.900771 6.265602
v 4.201597 153.601439 6.003665
v 4.523825 153.910445 5.679762
v 4.436202 154.781859 5.720457
v 4.181071 155.360702 6.037777
v 3.759552 155.094588 6.586155
v 3.450589 154.675521 6.867617
v 4.033522 155.551879 6.055986
v 4.594372 154.392409 5.423151
v 3.661591 153.010253 5.831387
v 3.708757 152.549865 4.889608
v 3.509934 152.417480 5.576906
v 3.866190 153.127868 5.053638
v 3.288725 153.023391 6.431627
v 3.119144 152.419555 6.147453
v 3.681707 153.714202 5.991165
v 3.971697 153.781768 5.299421
v 3.325716 153.553405 6.558901
v 3.526028 152.243911 4.724323
v 3.347397 152.076736 5.333540
v 2.948818 152.079757 5.886156
v 3.984655 155.861434 6.602254
v 4.120691 156.680846 6.137926
v 4.396968 156.089049 6.074195
v 3.764775 156.334868 6.565836
v 4.856056 156.425902 5.527928
v 4.597811 157.017699 5.637181
v 4.995159 155.879638 5.409570
v 4.677803 155.579207 5.992255
v 5.045531 155.388000 5.291212
v 4.874876 154.923675 5.755539
v 4.231468 155.342467 6.574940
v 4.385587 154.725570 6.323697
v 4.284224 153.866881 5.365184
v 3.878531 153.924315 6.037019
v 4.176776 154.339751 5.801846
v 3.997195 153.455718 5.593527
v 4.399173 154.346755 5.133372
v 4.318776 154.916625 5.483056
v 3.941606 154.655715 5.989869
v 3.509528 154.249831 6.223446
v 4.230352 155.114883 5.600763
v 4.178094 153.196136 5.405103
v 4.488327 153.494567 5.077303
v 4.567886 153.971343 4.854128
v 3.396359 153.236403 6.501400
v 4.099530 153.288253 5.861038
v 3.713694 152.830077 5.987468
v 3.816054 153.664351 6.284691
v 4.361645 153.879088 5.628614
v 4.091524 154.200713 6.016978
v 4.466963 153.122161 5.280191
v 4.045771 152.705840 5.484226
v 4.609579 153.710616 5.189075
v 3.455128 154.120086 6.655373
v 3.264864 153.590728 6.664481
v 3.706340 154.617553 6.385271
v 4.273495 154.317611 5.692081
v 4.777639 154.368560 4.928960
v 4.493314 153.919662 5.369506
v 4.557042 154.753631 5.228196
v 4.937109 154.914565 4.471811
v 4.748162 155.315170 4.781363
v 5.034872 153.902465 4.446743
v 4.710826 153.489837 4.842744
v 5.090085 154.523849 4.180468
v 4.288641 155.215026 5.527927
v 4.025404 154.712066 5.887815
v 4.506909 155.706664 5.090914
v 4.985379 156.325759 5.391361
v 4.807373 155.251449 5.455091
v 4.496698 155.788604 5.873897
v 5.057842 155.861434 5.027183
v 5.240636 156.726363 4.763153
v 5.278300 156.334869 4.581064
v 4.720925 156.926665 5.555241
v 4.252308 156.043517 5.955837
v 4.972176 157.227096 4.899721
v 5.072605 154.850844 5.245689
v 5.211062 155.360702 4.917929
v 5.446579 155.861434 4.517333
v 3.789145 152.898147 5.904580
v 3.773209 153.883010 5.846798
v 4.214056 153.419967 5.553549
v 3.418124 153.535567 6.326583
v 3.200882 153.329848 6.587116
v 3.428834 152.655333 6.149394
v 4.240501 152.893691 5.014069
v 3.934579 152.473022 5.267201
v 3.526608 152.072967 5.479052
v 3.213873 153.723815 7.076857
v 3.286708 153.338057 7.147958
v 2.958948 153.573088 7.194468
v 3.548246 153.459807 6.941991
v 3.321637 153.955611 6.819657
v 3.665313 153.672027 6.557309
v 3.059097 153.994643 7.056333
v 2.758650 153.784011 7.209630
v 3.213770 154.104110 6.905888
v 3.707377 153.133010 6.760855
v 3.908996 153.211150 6.618159
v 3.946323 153.354903 6.435808
v 5.250711 156.680846 5.273003
v 4.912758 156.926665 5.518823
v 5.056686 157.090530 5.200167
v 5.115437 156.626205 5.600764
v 4.745463 156.817397 5.691808
v 4.869801 156.535171 5.801061
v 4.790004 157.263518 5.354943
v 4.854235 157.263518 5.236585
v 4.694498 157.154265 5.491510
v 5.357469 156.143676 5.181958
v 5.231249 156.034408 5.618972
v 4.926516 156.152785 5.801061
v 3.875142 156.189193 6.738820
v 3.859257 156.589782 6.429269
v 3.998835 156.243819 6.502104
v 3.772575 156.553374 6.629567
v 3.921524 156.535170 6.329120
v 4.085018 156.298461 6.256284
v 4.191828 155.888747 6.502104
v 4.260338 155.916045 6.256284
v 4.338828 155.551879 6.502104
v 4.412935 155.579207 6.219866
v 4.259534 155.488143 6.838969
v 3.994693 155.870543 6.820760
v 3.612206 152.985671 6.936139
v 3.526544 153.410796 6.739532
v 3.688285 153.102324 6.708076
v 3.350045 153.396880 7.027214
v 3.122828 153.323638 7.274248
v 3.122828 153.732100 6.961433
v 2.931635 153.707717 7.098738
v 3.185876 153.739837 6.838884
v 3.687304 152.518584 7.128151
v 3.829527 152.580520 6.834121
v 3.414171 152.915892 7.252889
v 3.963057 152.766814 6.497376
v 4.798816 156.107253 5.901210
v 4.389399 156.580687 6.110613
v 4.622695 156.598891 5.873897
v 4.551700 156.089049 6.192553
v 4.189768 156.516951 6.338224
v 4.331945 156.116347 6.392851
v 4.341628 156.999495 6.010464
v 4.504046 157.054107 5.828375
v 4.116853 156.881133 6.147031
v 4.865135 155.715758 5.983151
v 4.907501 155.570098 6.274493
v 4.662492 155.642943 6.474792
v 5.232565 155.934264 4.663005
v 5.115848 154.969207 4.653900
v 4.931226 155.224120 4.945242
v 5.395161 155.506362 4.362557
v 5.266768 154.714278 4.335244
v 5.647444 155.123977 4.062110
v 5.628480 155.970702 3.971066
v 5.874860 155.679351 3.697932
v 5.455052 156.544265 4.317035
v 4.969698 156.325759 4.999870
v 4.786894 155.551879 5.172854
v 5.211012 156.990386 4.626587
v 5.481915 157.218002 4.726736
v 5.330503 156.325759 4.954347
v 5.119071 156.890243 5.172854
v 5.535043 156.726363 4.544647
v 5.653906 157.491134 4.198677
v 5.716637 157.017700 4.125842
v 5.767078 156.325759 4.335244
v 5.911456 156.671722 3.907335
v 5.500166 155.979781 4.653900
v 5.307193 157.755157 4.790467
v 5.008165 157.327254 5.245690
v 5.389464 158.028304 4.289722
v 3.285732 154.114455 6.807863
v 3.222000 153.436019 6.850299
v 3.013575 153.695632 6.872284
v 3.589234 153.795211 6.707335
v 3.529786 154.606871 6.587116
v 3.733224 154.286040 6.576807
v 4.070729 153.852782 6.192286
v 3.889848 153.412261 6.362892
v 4.211612 153.035964 5.901745
v 4.388807 153.462279 5.703557
v 3.791282 152.799025 6.174334
v 3.505828 153.076583 6.565793
v 4.738795 155.215026 5.227481
v 4.618383 154.253005 5.187569
v 4.434133 154.509704 5.459299
v 4.919889 154.787124 4.899720
v 4.978219 155.825027 4.854198
v 5.115957 155.251449 4.508228
v 4.454445 155.606505 5.537032
v 4.247247 154.810683 5.620800
v 4.759130 156.271133 5.163750
v 4.812267 154.019546 4.877824
v 5.074434 154.406631 4.581064
v 5.357404 154.960098 4.235095
v 3.304917 152.798858 6.982869
v 2.758650 152.886519 7.495783
v 3.131933 153.143615 7.083541
v 2.913426 152.538893 7.394040
v 3.104619 152.063643 7.130418
v 3.513732 152.235640 6.716466
v 3.514432 153.137725 6.565305
v 3.344147 153.516173 6.586252
v 2.886112 153.548369 7.106048
v 2.531039 153.295043 7.495962
v 3.199992 153.795577 6.509157
v 3.692863 152.586959 6.338252
v 5.155958 156.617110 5.682703
v 4.807595 157.090529 5.937628
v 5.011124 157.108748 5.664495
v 4.920152 156.598891 5.992255
v 4.584009 157.026809 6.147031
v 4.666013 156.626204 6.174344
v 4.711646 157.509337 5.819271
v 4.823730 157.563964 5.609868
v 4.516865 157.390990 5.955837
v 5.208027 156.225616 5.755539
v 5.218092 156.079940 6.046882
v 4.964049 156.152785 6.238075
v 5.661204 157.272628 5.054496
v 5.324721 157.527541 5.300316
v 5.430782 157.682326 4.981660
v 5.558169 157.218001 5.373152
v 5.219695 157.409194 5.482406
v 5.362485 157.126952 5.591659
v 5.173194 157.855315 5.127332
v 5.225224 157.855315 5.018078
v 5.102750 157.746062 5.273004
v 5.810123 156.735458 4.963452
v 5.709270 156.635314 5.400465
v 5.425779 156.744567 5.591659
v -0.154776 153.752028 8.754296
v 0.227611 154.053038 8.786818
v -0.227611 154.077330 8.663394
v 0.273134 153.748946 8.946905
v 0.682834 154.071944 8.638268
v 0.746565 153.754942 8.717508
v 0.200298 154.401549 8.577149
v -0.063731 154.346877 8.525452
v 0.537163 154.369689 8.527099
v 0.364178 153.992674 9.366265
v 0.801192 154.351546 9.086556
v 0.309551 154.410811 9.188060
v 0.828505 153.959242 9.346518
v 1.174475 154.287535 8.797095
v 1.174475 153.907805 8.968560
v 0.974177 154.623168 8.539599
v 0.682834 154.702452 8.703329
v 0.364178 154.659056 8.770808
v -0.254925 153.983214 9.264722
v 0.136567 154.385115 9.163661
v -0.318656 154.389433 9.047412
v 0.172985 154.006636 9.466202
v 0.591790 154.376402 9.015471
v 0.646416 153.987929 9.229255
v 0.109253 154.690230 8.694839
v -0.154776 154.631896 8.660699
v 0.446118 154.645003 8.664989
v -0.373283 154.180922 9.425935
v 0.027313 154.572310 9.143514
v -0.409700 154.493819 9.115262
v 0.063731 154.226805 9.399084
v -0.810296 154.062331 9.078775
v -0.901341 154.394072 8.835006
v -0.482536 154.715575 8.627127
v -0.874028 154.697341 8.512880
v -0.145671 154.737120 8.692960
v 6.032992 158.665588 3.880022
v 6.391584 158.419799 3.634202
v 6.195533 158.829482 3.570470
v 6.237370 158.365157 3.961962
v 6.550821 157.882629 3.543157
v 6.385116 157.773361 3.980170
v 5.898146 158.556350 4.053006
v 6.035687 158.274108 4.171364
v 6.080787 157.882629 4.162260
v 5.922034 159.002471 3.716142
v 5.993981 159.002471 3.597784
v 5.823018 158.893218 3.852708
v 5.979199 157.618591 4.180468
v 5.935279 158.474410 4.116737
v 5.826431 158.019180 4.326140
v 6.115175 158.010085 3.943753
v 5.978327 158.529037 3.907335
v 6.169919 158.073806 3.725246
v 5.765103 158.820388 4.189573
v 5.665628 158.492629 4.335245
v 5.834764 158.847701 4.034798
v 6.137507 157.199783 4.171364
v 6.410889 157.299926 3.925544
v 6.475036 157.773361 3.606888
v -6.043054 157.873519 4.034798
v -5.633333 158.037399 4.444498
v -5.776686 158.137542 4.244200
v -5.842106 157.746063 4.244200
v -6.356844 157.764266 3.870917
v -6.154135 157.554855 4.153155
v -6.463495 157.828002 3.670619
v -6.101667 158.146652 3.779873
v -5.820110 158.374267 3.971066
v -5.570214 158.529037 4.280618
v -5.629202 158.702026 4.107633
v -5.442106 158.401565 4.417184
v -5.155958 156.617110 5.682703
v -4.807595 157.090529 5.937628
v -5.011124 157.108748 5.664495
v -4.920152 156.598891 5.992255
v -4.584009 157.026809 6.147031
v -4.666013 156.626204 6.174344
v -4.711646 157.509337 5.819271
v -4.823730 157.563964 5.609868
v -4.516865 157.390990 5.955837
v -5.208027 156.225616 5.755539
v -5.218092 156.079940 6.046882
v -4.964049 156.152785 6.238075
v -5.661204 157.272628 5.054496
v -5.324721 157.527541 5.300316
v -5.430782 157.682326 4.981660
v -5.558169 157.218001 5.373152
v -5.219695 157.409194 5.482406
v -5.362485 157.126952 5.591659
v -5.173194 157.855315 5.127332
v -5.225224 157.855315 5.018078
v -5.102750 157.746062 5.273004
v -5.810123 156.735458 4.963452
v -5.709270 156.635314 5.400465
v -5.425779 156.744567 5.591659
v 0.127462 153.793303 8.778355
v 0.373283 153.697600 9.510054
v 0.427909 153.785979 8.691734
v 0.081940 153.685423 9.537444
v -0.182089 153.767363 8.649413
v -0.218507 153.638045 9.466008
v 0.172985 154.055541 8.512658
v 0.437014 154.041472 8.445271
v -0.145671 154.066969 8.445850
v 0.018209 153.333693 9.761893
v -0.327760 153.247679 9.783387
v 0.282238 153.362654 9.686623
v 1.247310 153.875487 8.922322
v 1.165370 153.550505 9.376028
v 1.429399 153.532637 9.209221
v 1.001490 153.890974 9.131141
v 0.883132 154.163939 8.899917
v 0.691939 153.892409 9.172529
v 0.600894 154.161559 8.942627
v 1.147161 154.160124 8.729152
v 0.974177 153.187209 9.568246
v 1.256415 153.164778 9.535129
v 0.846714 153.532805 9.442706
v 1.575071 153.077925 9.414580
v -0.782983 153.972395 9.156927
v -0.637312 153.594191 9.481943
v -0.473432 153.956053 9.217846
v -0.955968 153.634703 9.395901
v -1.019699 153.962569 8.929177
v -1.210892 153.621870 9.222444
v -0.655521 154.243803 8.924507
v -0.382387 154.230620 8.986486
v -0.919550 154.244307 8.741462
v -0.773879 153.253752 9.610184
v -1.047012 153.241972 9.560124
v -1.365668 153.176711 9.425962
v -0.628207 152.221526 9.746682
v 0.182089 153.215971 9.477988
v -0.564476 153.227644 9.472548
v 0.127462 152.414564 9.635423
v -1.429399 152.581480 9.182653
v -1.347459 153.381163 9.003217
v -0.464327 154.006834 9.013592
v -1.092535 154.008193 8.773340
v 0.136567 153.994017 9.040563
v -0.537163 152.146864 9.076125
v -1.292833 151.751998 8.319320
v -0.482536 151.643889 8.702300
v -1.338355 152.210387 8.741441
v 0.227611 152.271635 9.182844
v 0.355074 151.702696 8.827299
v -0.537163 152.688567 9.237653
v -1.229101 152.743727 8.921015
v 0.218507 152.716643 9.273899
v -1.110744 151.360762 8.044397
v -0.391492 151.285033 8.321815
v 0.355074 151.256056 8.443364
v -0.691939 152.129149 9.164227
v -1.347459 152.947325 8.846781
v -1.365668 152.312712 8.855618
v -0.728356 152.751616 9.264214
v 0.154776 152.609633 9.363846
v 0.172985 152.019392 9.238721
v -0.609998 153.450118 9.157860
v -1.265519 153.350844 8.798330
v 0.154776 153.281050 9.289909
v -1.238206 151.765776 8.646174
v -0.600894 151.622725 8.956695
v 0.081940 151.603667 8.942815
v 0.118358 149.276977 3.723361
v -0.127462 148.707733 3.732304
v 0.227611 148.895538 3.709433
v -0.236716 149.179153 3.750382
v -0.546267 148.632217 3.671617
v -0.628207 149.032897 3.662585
v -0.391492 149.574005 3.744275
v -0.072836 149.631271 3.690856
v -0.710148 149.439559 3.639010
v 0.755670 149.234863 3.496048
v 0.446118 148.742050 3.629115
v 0.883132 148.857009 3.501869
v 0.409700 149.189895 3.608274
v 0.072836 148.735046 3.666864
v 0.027313 149.145538 3.670637
v 0.309551 149.618133 3.656691
v 0.619103 149.619277 3.519052
v -0.018209 149.560317 3.655910
v -0.928654 150.188201 3.896654
v -0.518954 149.286407 3.750891
v -0.364178 150.062270 3.918312
v -1.210892 149.561172 3.796823
v 0.109253 149.317535 3.737481
v 0.254925 149.971130 3.844519
v -0.109253 150.606796 3.983078
v -0.637312 150.668319 3.967557
v 0.391492 150.511184 3.938969
v -0.364178 149.995162 3.925169
v 0.264029 149.257003 3.739702
v 0.236716 150.054183 3.934744
v -0.464327 149.313873 3.903173
v 0.846714 149.470062 3.608465
v 0.810296 150.153564 3.749204
v 0.327760 150.644073 3.979573
v -0.209402 150.543762 4.006139
v 0.801192 150.707458 3.842201
v 0.000000 150.935027 4.618475
v -0.828505 150.451614 4.082080
v -0.036418 150.446960 4.225104
v -0.801192 150.916732 4.391348
v 0.782983 151.037032 4.486519
v 0.719252 150.588836 4.168149
v 0.091045 151.356155 4.879588
v -0.619103 151.360946 4.790755
v 0.673730 151.445571 4.781127
v -0.710148 149.997131 3.934319
v -0.027313 150.017944 3.967366
v 0.619103 150.138320 3.995554
v -0.000000 151.185988 5.409318
v -0.828505 150.856872 4.695099
v -0.027313 150.877822 4.824428
v -0.819401 151.166381 5.291049
v 0.792088 151.307265 5.312834
v 0.728356 151.011840 4.804116
v 0.091045 151.533462 5.940056
v -0.619103 151.574370 5.856404
v 0.682834 151.645247 5.887280
v -0.710148 150.513900 4.403045
v -0.045522 150.522659 4.453448
v 0.609998 150.718444 4.434416
v -0.546267 151.746214 8.402978
v 0.364178 151.479262 7.874241
v 0.318656 151.788680 8.484311
v -0.437014 151.404555 7.852663
v -1.229101 151.883589 8.240838
v -1.110744 151.603789 7.682959
v -0.573581 152.131087 8.785979
v 0.236716 152.109602 8.783079
v -1.229101 152.286513 8.617688
v 0.391492 151.247451 7.311803
v -0.309551 151.089751 7.249056
v -1.001490 151.289641 7.043554
v -0.773879 151.561965 7.433591
v -1.502235 151.344909 6.638960
v -0.782983 151.309340 6.839372
v -1.493131 151.685591 7.260178
v -0.036418 151.577330 7.682161
v 0.027313 151.356063 7.184217
v -0.819401 151.843001 8.070824
v -1.429399 151.985137 7.898926
v -0.154776 151.828627 8.130906
v -1.356564 151.109420 6.181575
v -0.701043 151.069533 6.394336
v -0.072836 151.067168 6.578591
v 0.009104 151.477416 7.337216
v -0.801192 151.222777 6.433342
v -0.000000 151.133834 6.455628
v -0.864923 151.506316 7.217751
v 0.801192 151.622191 7.361313
v 0.782983 151.374297 6.618027
v 0.091045 151.783751 7.878227
v -0.619103 151.838805 7.777779
v 0.673730 151.908156 7.893124
v -0.673730 150.939025 6.009636
v 0.009104 150.877715 5.955330
v 0.764774 150.988235 5.963770
v 0.118358 151.261641 6.047626
v -0.673730 150.975020 5.295803
v 0.118358 150.968261 5.443199
v -0.701043 151.269729 5.877626
v 0.901341 151.382888 6.054250
v 0.883132 151.157424 5.466878
v 0.191194 151.627349 6.626516
v -0.509849 151.681609 6.496068
v 0.782983 151.743758 6.639420
v -0.546267 150.674911 4.953609
v 0.127462 150.678939 5.025776
v 0.773879 150.859008 5.067150
v -4.738795 155.215026 5.227481
v -4.618383 154.253005 5.187569
v -4.434133 154.509704 5.459299
v -4.919889 154.787124 4.899720
v -4.978219 155.825027 4.854198
v -5.115957 155.251449 4.508228
v -4.454445 155.606505 5.537032
v -4.247247 154.810683 5.620800
v -4.759130 156.271133 5.163750
v -4.812267 154.019546 4.877824
v -5.074434 154.406631 4.581064
v -5.357404 154.960098 4.235095
v -6.422681 158.929641 2.723756
v -6.036683 159.330230 3.388381
v -6.279985 159.412170 2.778383
v -6.149664 158.847701 3.361068
v -6.539285 158.301422 2.596293
v -6.259712 158.219482 3.178978
v -6.603016 158.601883 2.050026
v -6.544177 159.066208 2.077340
v -6.414951 159.557846 2.122862
v -6.182386 159.967544 2.787487
v -6.003980 159.767242 3.324650
v -6.323890 160.049484 2.168384
v -6.276521 158.201263 2.869427
v -5.892444 158.601882 3.534052
v -6.128129 158.683822 2.924054
v -6.025910 158.110244 3.506739
v -6.398037 157.563964 2.741965
v -6.128451 157.482009 3.324650
v -6.401762 158.337844 2.223011
v -6.279857 158.829483 2.268533
v -6.460754 157.873520 2.195698
v -6.012584 159.230087 2.933159
v -5.846659 159.029800 3.470321
v -6.168529 159.321121 2.314055
v -3.304917 152.798858 6.982869
v -2.758650 152.886519 7.495783
v -3.131933 153.143615 7.083541
v -2.913426 152.538893 7.394040
v -3.104619 152.063643 7.130418
v -3.513732 152.235640 6.716466
v -3.514432 153.137725 6.565305
v -3.344147 153.516173 6.586252
v -3.984655 155.861434 6.602254
v -4.120691 156.680846 6.137926
v -4.396968 156.089049 6.074195
v -3.764775 156.334868 6.565836
v -4.856056 156.425902 5.527928
v -4.597811 157.017699 5.637181
v -4.284224 153.866881 5.365184
v -3.878531 153.924315 6.037019
v -4.176776 154.339751 5.801846
v -3.997195 153.455718 5.593527
v -4.399173 154.346755 5.133372
v -4.318776 154.916625 5.483056
v -3.941606 154.655715 5.989869
v -3.509528 154.249831 6.223446
v -4.230352 155.114883 5.600763
v -4.178094 153.196136 5.405103
v -4.488327 153.494567 5.077303
v -4.567886 153.971343 4.854128
v -3.396359 153.236403 6.501400
v -4.099530 153.288253 5.861038
v -3.713694 152.830077 5.987468
v -3.816054 153.664351 6.284691
v -4.361645 153.879088 5.628614
v -4.091524 154.200713 6.016978
v -4.273495 154.317611 5.692081
v -4.777639 154.368560 4.928960
v -4.493314 153.919662 5.369506
v -4.557042 154.753631 5.228196
v -4.937109 154.914565 4.471811
v -4.748162 155.315170 4.781363
v -5.034872 153.902465 4.446743
v -4.710826 153.489837 4.842744
v -5.090085 154.523849 4.180468
v -4.288641 155.215026 5.527927
v -4.025404 154.712066 5.887815
v -4.506909 155.706664 5.090914
v -5.829090 156.917541 3.615992
v -5.599442 155.934264 3.943752
v -5.458848 156.480544 4.253304
v -5.881146 156.425903 3.397485
v -5.616481 157.409194 3.770768
v -5.943674 157.427398 3.033307
v -5.811326 157.928161 3.115247
v -6.076128 156.562484 2.558805
v -5.988984 157.008606 2.696442
v -6.063840 155.998001 3.004886
v -5.734592 155.333373 3.606449
v -5.357808 156.972167 4.307931
v -3.951187 154.909850 6.915369
v -3.941954 155.333632 6.711637
v -4.158167 155.028655 6.631129
v -3.832976 155.200362 6.912626
v -3.986352 155.451735 6.474792
v -4.208116 155.134673 6.393462
v -3.741225 155.642943 6.656880
v -3.678122 155.542785 6.838969
v -3.795512 155.624724 6.556731
v -4.219486 154.595015 6.800795
v -4.260345 154.746749 6.533895
v -4.322724 154.857894 6.258610
v -3.804979 154.534880 6.987224
v -3.678200 154.863402 6.926360
v -3.966800 154.678954 6.792037
v -3.523424 154.723891 7.011486
v -3.732520 154.947554 6.761050
v -4.011290 154.813140 6.652794
v -3.450589 154.960006 6.770795
v -3.350440 154.868178 6.854514
v -3.532529 155.036345 6.705750
v -4.141209 154.233397 6.728268
v -4.390911 154.393233 6.575502
v -4.206205 154.739379 6.534345
v -3.486612 154.261763 6.976023
v -3.547995 153.839965 6.893745
v -3.304917 154.072768 7.013692
v -3.844096 153.976271 6.810633
v -3.907948 153.651442 6.601361
v -4.118768 153.745620 6.487528
v -3.584774 154.500487 6.717172
v -3.951842 154.185958 6.440533
v -4.239765 153.884063 6.362393
v -3.468797 154.675185 6.849407
v -3.350440 154.540618 6.979602
v -3.122828 154.292098 7.054519
v -5.977792 157.764266 2.924054
v -6.009209 156.908447 3.033307
v -5.645704 157.427398 3.488530
v -6.136606 157.372772 2.614502
v -6.077533 158.010086 2.323160
v -6.140984 157.736953 2.195697
v -5.860229 158.319641 3.151665
v -5.649740 157.718749 3.625097
v -5.970053 158.556350 2.459727
v -6.169346 156.462326 2.786995
v -6.246603 156.872024 2.450360
v -6.386258 157.281723 2.040922
v -6.283811 159.430389 2.942263
v -6.281700 159.912902 2.741965
v -6.279125 159.393966 2.787487
v -6.307731 159.949340 2.887636
v -6.218980 159.785461 3.188083
v -6.270211 160.340820 2.805696
v -6.189394 160.213378 3.024203
v -6.269700 160.295303 2.696443
v -6.241310 157.336364 2.004453
v -5.904334 157.309036 2.833009
v -6.114509 157.846206 2.314055
v -6.056846 156.753677 2.413303
v -5.952394 158.274108 2.459727
v -6.126806 158.210388 1.740475
v -6.099206 158.620086 1.931668
v -6.324087 156.817398 1.691837
v -6.170441 156.316665 2.081188
v -6.304529 157.390991 1.220574
v -6.231003 157.791580 1.440028
v -5.806670 157.764266 3.033307
v -4.050095 153.545745 5.452327
v -4.642970 153.534469 4.686672
v -4.262628 152.999389 5.048597
v -4.455112 153.987197 5.038820
v -4.822848 154.014968 4.365399
v -4.654374 154.431976 4.655085
v -4.701093 153.073592 4.345631
v -4.442211 152.724746 4.845142
v -4.889236 153.708129 4.148620
v -4.213148 154.404693 5.280281
v -3.872233 153.886046 5.562953
v -4.463491 154.825668 4.909037
v -4.304014 154.297194 6.011988
v -3.638098 154.362365 6.729827
v -3.962232 154.787871 6.462192
v -3.994791 153.900771 6.265602
v -4.201597 153.601439 6.003665
v -4.523825 153.910445 5.679762
v -4.436202 154.781859 5.720457
v -4.181071 155.360702 6.037777
v -4.551723 154.091796 4.934714
v -5.095911 154.101775 4.162366
v -4.793984 153.640716 4.508021
v -4.827301 154.508208 4.581194
v -5.275918 154.659652 3.742164
v -5.069729 154.987411 4.134946
v -1.520444 153.327757 8.933216
v -2.285218 152.910155 8.430151
v -1.638802 152.797774 9.037365
v -2.185069 153.421141 8.308446
v -2.785963 152.894957 7.712515
v -2.631187 153.387099 7.646198
v -6.050016 156.480545 1.550089
v -6.108745 156.708145 0.847939
v -6.167215 156.107254 1.040702
v -6.078258 157.081436 1.364141
v -6.016978 155.797699 1.716184
v -6.123043 155.469940 1.196413
v -5.423650 154.978301 3.330342
v -5.877350 154.932769 2.557101
v -5.534238 154.441146 2.996350
v -5.729387 155.451736 2.919499
v -5.925208 155.515472 2.127809
v -5.833948 156.043518 2.518788
v -5.790836 155.242324 2.337378
v -6.137000 155.588287 1.594481
v -5.905562 154.960098 1.780437
v -5.974455 155.852325 2.140532
v -6.155884 156.143677 1.362585
v -6.022416 156.462326 1.898470
v -4.594990 154.647338 5.884997
v -3.883478 154.705764 6.646503
v -4.300426 155.097899 6.247666
v -4.169500 154.260405 6.289306
v -4.669602 154.294219 5.597215
v -4.388177 153.951629 6.009289
v -4.817019 155.060241 5.273003
v -4.650236 155.369796 5.491510
v -4.366590 155.815902 5.728226
v -5.004207 154.461074 4.043640
v -5.569903 154.605026 3.264608
v -5.192987 153.955673 3.630959
v -5.391274 155.042037 3.688007
v -5.744348 155.114883 2.954481
v -5.601346 155.579208 3.369270
v -0.828505 151.410735 6.362893
v -1.547757 151.837676 7.015097
v -1.493131 151.602233 6.343054
v -0.855819 151.638930 7.039199
v -0.091045 151.479125 7.053344
v -0.072836 151.325042 6.331753
v -0.919550 151.834136 7.772252
v -1.484026 151.956862 7.655488
v -0.209402 151.755644 7.742141
v -1.374773 151.239501 5.978152
v -0.701043 151.126769 5.919483
v -0.045522 151.106811 5.937607
v -1.966562 151.960692 7.247912
v -2.567456 152.074325 6.190638
v -1.939249 151.667693 6.529169
v -2.603874 152.393157 6.879445
v -1.338355 151.695052 7.460887
v -1.274624 151.491774 6.728469
v -1.948354 152.248152 7.756860
v -2.549248 152.685881 7.354487
v -1.320146 151.985366 7.959774
v -2.412681 151.882079 5.599779
v -1.893727 151.435454 5.821916
v -1.247310 151.232314 6.098045
v -1.547757 151.614333 7.611396
v -2.139547 152.358306 7.782866
v -2.103129 151.914565 7.380168
v -1.620593 151.967864 8.148927
v -0.928654 151.800536 8.395089
v -0.819401 151.498793 7.872692
v -1.584175 152.500929 8.533848
v -2.021189 152.745268 8.129449
v -1.010594 152.273360 8.752515
v -1.875518 151.616576 6.821638
v -1.329251 151.372893 7.006772
v -0.710148 151.257354 7.373542
v -2.712821 151.871566 4.662797
v -3.307024 152.524795 4.792618
v -3.167577 152.184509 4.331321
v -2.845570 152.196563 5.160323
v -2.194174 151.879882 5.524632
v -1.975667 151.590011 4.934663
v -2.996131 152.554320 5.688254
v -3.338927 152.756805 5.259645
v -2.385367 152.283462 6.018851
v -3.112112 151.780227 4.142263
v -2.576561 151.495925 4.394944
v -1.921040 151.296813 4.657797
v -2.731030 152.271117 5.948321
v -1.921040 151.620223 5.727092
v -2.130443 151.902358 6.308275
v -2.558352 151.961593 5.478105
v -3.268640 152.640166 5.666679
v -3.161383 152.440703 5.235887
v -2.967369 152.668105 6.472494
v -2.412681 152.319304 6.851566
v -3.231308 152.960647 6.217885
v -1.984771 151.402450 5.319558
v -2.512830 151.751113 5.074858
v -3.025141 152.092910 4.898861
v -1.465817 151.417510 5.713178
v -2.185069 151.982146 6.085986
v -2.057607 151.688552 5.509303
v -1.565966 151.719146 6.338813
v -0.755670 151.512236 6.522974
v -0.682834 151.269515 5.877701
v -1.684324 152.045317 7.004523
v -2.175965 152.209273 6.653300
v -0.965072 151.846785 7.156721
v -1.948354 151.296065 5.244342
v -1.311042 151.092208 5.353895
v -0.582685 151.023116 5.507144
v -1.056117 151.424468 5.743386
v -0.145671 150.963470 5.335923
v -0.254925 151.270995 5.897155
v -0.928654 151.114165 5.172620
v -1.748055 151.689071 5.461224
v -1.593280 151.452773 4.947063
v -1.238206 151.762237 6.335859
v -0.546267 151.674148 6.495361
v -1.757160 151.972457 6.098522
v -0.218507 150.683761 4.957050
v -0.837610 150.860915 4.752395
v -1.429399 151.113708 4.593948
v -2.094025 151.818420 5.545892
v -2.439994 151.872100 4.622074
v -1.875518 151.591140 5.017547
v -2.621600 152.087127 5.144496
v -1.520444 151.663909 5.820804
v -1.374773 151.322845 5.261895
v -1.720742 152.105941 6.428525
v -2.276114 152.341536 6.125533
v -2.763563 152.572173 5.600967
v -2.358054 151.587722 4.209351
v -1.839100 151.325256 4.502261
v -1.338355 151.077560 4.790459
v -2.818069 152.222396 4.781641
v -1.975667 151.620528 4.637431
v -2.148652 151.930450 5.154047
v -2.612979 151.912734 4.340076
v -3.369438 152.554183 4.465571
v -3.212456 152.322830 4.027446
v -3.070393 152.609374 5.264767
v -2.485517 152.352538 5.612230
v -3.501024 152.808211 5.019617
v -1.993876 151.364410 4.215098
v -2.512830 151.643707 3.948678
v -3.049405 151.938064 3.723835
v -0.992386 151.061340 4.602313
v -1.675220 151.699371 4.883190
v -1.593280 151.371841 4.392122
v -1.065221 151.417602 5.091532
v -0.254925 151.197631 5.280279
v -0.163880 150.890716 4.750623
v -1.165370 151.775298 5.699783
v -1.657011 151.939208 5.398274
v -0.437014 151.559920 5.846906
v -1.493131 150.947448 4.161248
v -0.846714 150.724792 4.303672
v -0.109253 150.649932 4.404445
v -1.702533 151.627685 4.646224
v -0.819401 151.196685 4.586356
v -0.937759 151.474380 4.952123
v -1.538653 151.338973 4.321858
v -2.367158 151.926345 4.414535
v -2.239696 151.679000 4.077878
v -1.921040 152.009261 5.218590
v -1.283728 151.745956 5.481570
v -2.421638 152.315383 4.921746
v -0.874028 150.828887 4.210508
v -1.511340 150.975265 4.010680
v -2.084920 151.215057 3.776127
v -2.485517 152.120055 4.405034
v -2.912943 152.219528 3.552241
v -2.376263 151.886077 3.913154
v -2.916739 152.530776 3.956635
v -1.966562 151.904067 4.707534
v -1.811787 151.567947 4.090776
v -2.057607 152.219817 5.053318
v -2.654817 152.460311 4.833733
v -3.207144 152.776214 4.467203
v -3.013575 151.834793 3.251960
v -2.449099 151.500472 3.572103
v -1.911936 151.182662 3.764736
v -0.773879 149.456649 3.603479
v -0.965072 148.730056 3.419034
v -0.600894 148.943130 3.671780
v -1.083430 149.362930 3.424648
v -1.283728 148.661621 3.123644
v -1.411191 149.241104 3.116250
v -1.247310 149.753005 3.267541
v -0.955968 149.798583 3.449675
v -1.520444 149.676147 3.063231
v -2.512830 149.974960 2.722474
v -2.458203 149.353164 2.716220
v -2.248801 149.790512 2.876561
v -2.758650 149.671920 2.568626
v -2.148652 149.197021 2.875194
v -1.948354 149.562881 2.987729
v -2.012085 150.120315 3.035269
v -2.257905 150.265899 2.853711
v -1.748055 149.925109 3.064089
v -1.301937 149.500244 3.298397
v -1.802682 149.057434 2.976998
v -1.392982 148.928802 3.164868
v -1.602384 149.654251 3.185910
v -2.075816 149.304779 2.838005
v -1.902831 149.859085 3.020924
v -1.502235 150.138732 3.257861
v -1.256415 149.965164 3.378767
v -1.766264 150.298950 3.144448
v -1.292833 149.698638 3.331489
v -1.010594 149.260375 3.511421
v -1.001490 149.708297 3.569744
v -1.338355 149.285934 3.186488
v -0.664625 149.325302 3.722326
v -0.619103 149.710906 3.728167
v -0.937759 150.123321 3.655171
v -1.201788 150.094192 3.417667
v -0.619103 150.119857 3.742806
v -1.866413 150.130264 3.112849
v -1.675220 149.563384 3.170203
v -1.575071 150.004058 3.285801
v -2.030293 149.794296 2.980127
v -1.329251 149.491302 3.316651
v -1.229101 149.872528 3.432671
v -1.438504 150.387359 3.479016
v -1.693429 150.484786 3.284275
v -1.138057 150.277145 3.543937
v -3.532529 150.416595 2.108567
v -4.023905 150.510498 1.871668
v -3.787453 150.154525 2.015786
v -3.696332 150.735061 2.075489
v -4.084732 150.870880 1.750063
v -3.812285 151.092254 1.978550
v -3.404907 151.092590 2.253564
v -3.295813 150.784362 2.297541
v -3.521603 151.374694 2.188797
v -3.395962 150.576187 2.244323
v -3.459693 149.958954 2.170775
v -3.195664 150.308288 2.350885
v -3.678200 150.340057 2.051717
v -3.204768 149.728988 2.316689
v -2.949843 150.007049 2.421994
v -2.913426 150.575454 2.526581
v -3.095515 150.792709 2.387407
v -2.694919 150.324905 2.528138
v -2.467308 149.881271 2.742248
v -3.068202 149.669281 2.468871
v -2.740441 149.406524 2.643133
v -2.704023 150.155288 2.670319
v -3.222977 150.008743 2.345235
v -2.895217 150.451858 2.535424
v -2.458203 150.577331 2.767289
v -2.276114 150.312454 2.839496
v -2.640292 150.817871 2.665678
v -5.408587 154.013245 0.008479
v -5.536798 153.530685 -0.291474
v -5.372529 153.658157 0.099761
v -5.554432 153.995010 -0.355583
v -5.467916 153.184723 -0.134091
v -5.291717 153.284866 0.173341
v -5.217568 153.721893 0.463817
v -5.254761 154.040543 0.355076
v -5.136941 153.385010 0.537519
v -5.504333 154.787125 0.084416
v -5.528605 154.313675 -0.263559
v -5.455059 154.432037 0.163882
v -5.578660 154.768906 -0.296988
v -5.454564 153.958603 -0.109578
v -5.354135 154.058746 0.236206
v -5.375947 154.477554 0.557239
v -5.396571 154.796219 0.449578
v -5.238588 154.177124 0.584029
v -5.690343 155.606506 0.032633
v -5.676616 155.133072 -0.319744
v -5.639447 155.251450 0.108668
v -5.731236 155.597397 -0.357763
v -5.605402 154.778000 -0.169902
v -5.542417 154.878143 0.185663
v -5.601933 155.296966 0.501894
v -5.613008 155.624725 0.406611
v -5.463565 155.005615 0.543478
v -5.265846 152.583832 0.417012
v -5.553573 152.875168 -0.058805
v -5.461137 152.429047 0.091952
v -5.322976 152.929810 0.358032
v -5.521367 153.266663 -0.071135
v -5.309388 153.321289 0.264031
v -5.040316 153.120987 0.658201
v -5.018232 152.802338 0.716057
v -5.064604 153.448746 0.619788
v -5.074750 151.975006 0.869353
v -5.300686 152.265167 0.403358
v -5.249405 151.828171 0.563240
v -5.083202 152.328903 0.802685
v -5.227918 152.656662 0.379597
v -5.047134 152.702194 0.707851
v -4.793616 152.497284 1.093037
v -4.801301 152.171966 1.121898
v -4.814265 152.804245 1.045908
v -4.808778 151.509659 1.105396
v -5.038017 151.974609 0.805554
v -5.069187 151.501572 0.809418
v -4.764204 151.865494 1.158778
v -4.894123 152.330612 0.893516
v -4.656873 152.249145 1.230381
v -4.434170 151.900818 1.465662
v -4.503207 151.579300 1.383105
v -4.374331 152.219299 1.511657
v -4.477175 151.158279 1.528532
v -4.818478 151.530502 1.223206
v -4.766232 151.068847 1.276025
v -4.488502 151.513199 1.544380
v -4.719154 151.914184 1.258485
v -4.425595 151.911880 1.511053
v -4.128587 151.646728 1.790649
v -4.105442 151.963852 1.807405
v -4.151471 151.306808 1.735392
v -4.084904 150.903701 1.839954
v -4.486490 151.129547 1.501357
v -4.303113 150.699142 1.579684
v -4.189257 151.256042 1.833117
v -4.506038 151.520691 1.517687
v -4.236349 151.640304 1.757262
v -3.890237 151.506775 2.066234
v -3.830175 151.181076 2.064501
v -3.948937 151.816360 2.027432
v -3.487006 150.611068 2.260449
v -3.959851 150.665146 1.927560
v -3.714618 150.311401 2.070208
v -3.650638 150.927993 2.227868
v -4.029344 151.035659 1.852222
v -3.757339 151.261032 2.092592
v -3.350190 151.264373 2.363424
v -3.241186 150.958252 2.406881
v -3.466841 151.543808 2.298238
v -2.867903 150.137481 2.559860
v -3.359544 150.231262 2.310229
v -3.122828 149.876159 2.460279
v -3.031784 150.475219 2.524630
v -3.423275 150.608200 2.194434
v -3.150142 150.832916 2.429023
v -2.740441 150.831085 2.715375
v -2.631187 150.510849 2.749366
v -2.858799 151.123519 2.652701
v -1.939249 150.110626 3.129792
v -2.531039 149.864975 2.817551
v -2.203278 149.615371 3.017396
v -2.175965 150.370590 3.036138
v -2.694919 150.195999 2.690781
v -2.376263 150.658187 2.882505
v -5.220655 153.175629 0.611525
v -5.612146 153.312180 -0.043996
v -5.471127 152.793228 0.368771
v -5.335494 153.639954 0.326966
v -5.581315 153.822037 -0.273928
v -5.353703 154.140686 0.062937
v -5.192956 154.022324 0.656793
v -5.012566 153.603531 0.894629
v -5.211275 154.513977 0.420149
v -4.879323 152.759186 1.128411
v -5.355651 152.638458 0.407089
v -5.086493 152.211075 0.849253
v -5.105046 153.157425 0.850053
v -5.448531 153.111893 0.129163
v -5.208530 153.585327 0.482070
v -4.924419 153.667267 1.051315
v -4.714707 153.287674 1.347965
v -5.103322 154.022323 0.776080
v -0.509849 150.108932 3.880866
v -1.301937 149.689071 3.476733
v -0.646416 149.454559 3.725082
v -1.010594 150.392211 3.805136
v -1.738951 150.098602 3.296668
v -1.493131 150.740020 3.605139
v -0.883132 150.967925 3.899722
v -0.464327 150.677032 4.010585
v -1.301937 151.233032 3.762581
v -1.229101 150.739227 3.754753
v -1.729846 149.981002 3.279679
v -1.119848 150.071166 3.757549
v -1.748055 150.778701 3.504757
v -2.230591 150.170257 2.977002
v -2.239696 150.855728 3.124694
v -1.829996 151.368850 3.514005
v -1.383877 151.280395 3.756867
v -2.248801 151.413757 3.245252
v -2.084920 150.625640 3.185474
v -2.867903 150.309036 2.652544
v -2.285218 149.973159 2.972696
v -2.594770 150.967147 3.057924
v -3.177455 150.765853 2.434159
v -2.986261 151.328949 2.776837
v -2.494621 151.556198 3.294926
v -2.002980 151.193283 3.384830
v -2.904321 151.833145 3.098665
v -4.512212 152.062164 1.502929
v -5.162825 152.046677 0.787344
v -4.829798 151.783371 1.186651
v -4.865449 152.523849 1.111289
v -5.249020 152.529190 0.481573
v -5.026960 152.875168 0.815958
v -4.688472 153.261169 1.375787
v -4.341951 152.809738 1.743558
v -4.870908 153.466965 1.070259
v -3.987150 151.661468 2.031229
v -4.699963 151.684540 1.440023
v -4.325242 151.172760 1.746128
v -4.346405 152.108658 1.857954
v -4.810546 152.209625 1.203880
v -4.548790 152.622299 1.632542
v -4.239378 152.498062 2.220678
v -3.932376 151.982498 2.299202
v -4.445225 153.003067 2.048656
v -3.495366 151.331070 2.374538
v -4.360065 151.282730 1.786803
v -3.841087 150.913803 2.076495
v -3.998982 151.652679 2.267843
v -4.609669 151.725311 1.503003
v -4.323202 152.074783 2.040848
v -3.924749 152.191497 2.566257
v -3.394526 151.853042 2.621021
v -4.278502 152.497589 2.397192
v -2.931635 150.755188 2.687276
v -3.732827 150.696533 2.199745
v -3.213873 150.419632 2.421551
v -3.532451 151.236312 2.551244
v -3.965613 151.209579 2.054581
v -3.774259 151.570922 2.301480
v -3.195664 151.935974 2.948146
v -2.795068 151.349884 2.978405
v -3.457211 152.255966 2.806435
v -1.128953 150.764037 3.991943
v -1.802682 151.417983 4.059188
v -1.775369 151.007385 3.807517
v -1.119848 151.127563 4.256620
v -0.245820 150.986068 4.545739
v -0.245820 150.527831 4.171287
v -1.192684 151.636459 4.615252
v -1.720742 151.777999 4.268568
v -0.400596 151.488250 4.848688
v -1.720742 150.639388 3.536165
v -1.147161 150.337478 3.842589
v -0.318656 150.114745 3.978566
v -2.257905 151.173263 3.485228
v -2.685814 151.896835 3.388222
v -2.776859 151.530593 3.105054
v -2.212383 151.579910 3.758379
v -1.465817 151.291152 4.023214
v -1.593280 150.955505 3.717416
v -2.194174 152.070709 4.060217
v -2.748980 152.422851 3.656916
v -1.584175 151.729583 4.268396
v -2.749546 151.009887 2.954527
v -2.339845 150.824111 3.219226
v -1.811787 150.542587 3.536812
v -3.295813 151.685928 2.929861
v -3.726268 152.418731 2.806537
v -3.782279 152.020019 2.603033
v -3.213873 152.050964 3.134527
v -2.476412 151.741790 3.510158
v -2.612979 151.316177 3.229546
v -3.181579 152.562438 3.455402
v -3.578537 152.744247 2.994110
v -2.531039 152.269454 3.798454
v -3.783773 151.636200 2.424484
v -3.368649 151.213958 2.679298
v -2.704023 150.877868 2.959934
v -4.263983 152.083450 2.270488
v -4.644594 152.800262 2.010667
v -4.679609 152.469528 1.742680
v -4.270941 152.495407 2.499525
v -3.592770 152.292541 2.931293
v -3.729180 151.978195 2.683347
v -4.377750 152.985549 2.651808
v -4.727796 153.310608 2.216400
v -3.701783 152.816329 3.060062
v -4.596959 151.964065 1.603748
v -4.309506 151.787017 2.016577
v -3.902035 151.575210 2.443507
v -4.730559 153.037475 1.956424
v -5.001600 153.166885 1.208832
v -4.763884 152.689132 1.642415
v -4.978153 153.458771 1.493851
v -4.399253 152.685791 2.259050
v -4.354529 152.311676 1.997324
v -4.661836 153.463211 2.198595
v -4.905827 153.759811 1.827169
v -4.403286 153.058761 2.568180
v -4.995518 152.730270 1.009467
v -4.862455 152.364029 1.285723
v -4.533149 152.021133 1.630613
v -5.076653 153.557999 0.949491
v -5.335267 154.322784 0.998108
v -5.257510 154.104278 0.684649
v -5.090613 153.803833 1.280938
v -4.802105 153.172867 1.605797
v -4.896857 152.941589 1.265270
v -5.159470 154.186218 1.587285
v -5.321944 154.632324 1.285725
v -4.837001 153.634445 1.846017
v -5.399482 153.776504 0.308926
v -5.256687 153.230240 0.647688
v -5.023312 152.657043 0.955054
v -5.694501 155.360702 0.347720
v -5.924568 156.098144 0.718252
v -5.761577 155.970703 0.276413
v -5.799749 155.488144 0.844947
v -5.597967 154.741577 0.936211
v -5.503684 154.623230 0.420852
v -5.775045 155.779495 1.244835
v -5.843571 156.307541 1.078873
v -5.581927 155.123977 1.327389
v -5.812172 155.770386 -0.073085
v -5.693339 155.133072 -0.083818
v -5.510174 154.486649 0.000324
v -5.625898 154.623230 0.953862
v -5.627456 155.051147 0.279175
v -5.502441 154.459351 0.447347
v -5.780560 155.242325 0.712684
v -5.352079 154.104278 1.079190
v -5.328344 153.913071 0.637806
v -5.552188 154.887253 1.361884
v -5.712257 155.360702 1.146311
v -5.330568 154.359207 1.449869
v -5.687462 154.787125 -0.024152
v -5.619031 154.331894 -0.018146
v -5.354135 153.803833 0.217997
v -5.324790 153.876663 1.170128
v -5.559328 154.823532 1.435321
v -5.580379 154.550384 0.971700
v -5.423040 154.186218 1.744391
v -4.969707 153.607452 2.012124
v -4.933009 153.440811 1.484889
v -5.430608 154.550384 2.136138
v -5.639636 155.123977 1.965806
v -5.033992 154.014755 2.401949
v -5.502743 154.213531 0.584112
v -5.356669 153.803833 0.811458
v -5.124623 153.275772 1.042149
v -4.908373 153.232422 2.067845
v -5.311099 154.076965 1.947503
v -5.139225 153.703674 1.622505
v -4.976655 153.584610 2.420125
v -4.448977 153.138839 2.857861
v -4.409609 152.738113 2.445169
v -4.995784 154.026824 2.865341
v -5.266304 154.368301 2.440400
v -4.541640 153.614334 3.276078
v -5.112960 153.394394 1.438053
v -4.827395 152.878998 1.780838
v -4.437104 152.468582 2.192561
v -4.268693 152.669540 2.781153
v -4.732963 153.381851 2.689352
v -4.663235 153.025283 2.446631
v -4.335012 152.992996 3.064312
v -3.738293 152.702300 3.537128
v -3.672057 152.323532 3.168032
v -4.432423 153.423843 3.511372
v -4.707586 153.662384 3.042241
v -3.913970 153.138046 3.931420
v -4.586868 152.674194 2.185007
v -4.148011 152.320800 2.515753
v -3.639943 152.041793 2.908809
v -3.262579 152.471359 4.044531
v -3.606417 152.549743 3.139109
v -3.120244 152.260803 3.568996
v -3.647419 152.858001 3.520335
v -2.791063 152.311233 4.419011
v -2.585665 151.993835 3.837170
v -3.405000 152.902923 4.479683
v -3.824379 153.171676 3.988049
v -2.946149 152.578536 4.718140
v -3.683829 152.181762 2.842669
v -3.213873 151.940856 3.182598
v -2.731337 151.681655 3.502488
v -4.575409 153.324417 3.361284
v -4.012994 152.573318 3.327377
v -4.058476 152.920699 3.781152
v -4.515050 152.959899 2.978728
v -4.959260 153.822769 2.994619
v -4.902220 153.543563 2.587231
v -4.578996 153.821258 3.764483
v -4.144190 153.424041 4.138088
v -4.900911 154.174362 3.511881
v -4.131094 152.329788 2.982970
v -4.510036 152.680877 2.631095
v -4.892848 153.121780 2.354649
v -3.616661 152.416442 3.669463
v -4.135383 153.106948 3.638823
v -4.006549 152.813812 3.357910
v -3.800419 152.729064 4.112589
v -3.213092 152.453567 4.571765
v -3.010195 152.106658 4.048387
v -3.915560 153.137115 4.545548
v -4.183699 153.353637 4.083163
v -3.403890 152.863479 4.973127
v -3.921167 152.460784 3.108276
v -3.429637 152.134170 3.361072
v -3.031637 151.800704 3.778994
v -5.510281 154.541290 2.247332
v -5.584799 154.741577 1.518054
v -5.470540 154.231735 1.855859
v -5.636630 155.060241 1.826358
v -5.322451 154.104278 2.587371
v -5.215583 153.768570 2.178427
v -5.512837 154.941879 2.602265
v -5.678851 155.306060 2.235821
v -5.275751 154.477554 2.885366
v -5.488343 154.413818 1.201570
v -5.415727 153.995010 1.364285
v -5.168952 153.576980 1.779817
v -4.988459 153.454971 2.753823
v -5.272213 154.395629 2.773934
v -5.224527 154.059021 2.392509
v -5.066133 153.849182 3.234761
v -4.694317 153.411331 3.647647
v -4.648628 153.149703 3.165146
v -5.072273 154.333801 3.539640
v -5.324334 154.787124 3.191462
v -4.626831 153.890838 3.974922
v -5.136812 153.641845 2.039372
v -4.966077 153.306854 2.336567
v -4.636664 152.956131 2.679059
v -4.401448 153.185104 4.359471
v -4.676577 153.353088 3.378774
v -4.322357 152.898879 3.796791
v -4.659708 153.646728 3.793347
v -3.991066 152.956756 4.750896
v -3.841881 152.587341 4.035840
v -4.269328 153.760894 4.697748
v -4.592147 154.144042 4.201518
v -3.883512 153.388991 4.990749
v -4.630555 153.142196 2.959575
v -4.257502 152.782928 3.299333
v -3.787915 152.469833 3.532090
v -3.621668 152.551894 4.665853
v -4.003847 153.283675 4.614589
v -3.924464 152.991851 4.343341
v -3.761526 152.864257 5.088527
v -3.315323 152.442016 5.584132
v -3.095833 152.137221 5.055265
v -3.831647 153.278335 5.519924
v -4.043774 153.530685 5.048390
v -3.447665 152.893401 5.978394
v -3.814089 152.678603 3.989868
v -3.430922 152.309722 4.269289
v -2.919441 151.988662 4.669250
v -3.147223 152.662185 6.405123
v -3.227697 152.275115 5.345292
v -2.921847 152.114898 5.968151
v -3.423906 152.808410 5.674717
v -2.740441 152.597365 6.968794
v -2.458203 152.056731 6.508562
v -3.166348 153.291869 6.692593
v -3.545673 153.351501 5.876785
v -2.776859 153.125365 7.204112
v -3.036112 151.990859 5.121673
v -2.740441 151.783584 5.647073
v -2.276114 151.734252 6.181622
v -2.385367 151.993087 7.034426
v -2.867903 152.842772 7.041595
v -2.804172 152.340133 6.632780
v -2.476412 152.524169 7.500286
v -1.957458 152.180236 7.983003
v -1.784473 151.704024 7.574009
v -2.458203 153.113082 7.753298
v -2.822381 153.217635 7.240296
v -2.012085 152.797743 8.287613
v -2.640292 151.940841 6.108432
v -2.103129 151.638640 6.570976
v -1.593280 151.379226 7.027267
v -1.520444 152.234694 8.559600
v -1.911936 151.775908 7.639171
v -1.347459 151.659636 8.134119
v -2.075816 152.360045 7.921238
v -0.946863 152.183257 8.877240
v -0.737461 151.691939 8.387602
v -1.511340 152.886199 8.717962
v -2.148652 152.983321 8.167041
v -1.001490 152.741896 9.002682
v -1.666115 151.458037 7.260865
v -1.183579 151.334212 7.737534
v -0.573581 151.359206 8.041983
v -2.166860 152.676375 8.164427
v -2.549248 152.182112 7.252492
v -2.066711 152.061476 7.837178
v -2.658501 152.851500 7.485627
v -1.602384 152.584136 8.560021
v -1.529549 151.959960 8.296720
v -2.175965 153.202468 8.171095
v -2.558352 153.314040 7.592129
v -1.611488 153.148207 8.635886
v -2.376263 151.816253 6.990304
v -1.957458 151.661589 7.587546
v -1.420295 151.614928 8.019718
v -3.661591 153.010253 5.831387
v -3.708757 152.549865 4.889608
v -3.509934 152.417480 5.576906
v -3.866190 153.127868 5.053638
v -3.288725 153.023391 6.431627
v -3.119144 152.419555 6.147453
v -3.681707 153.714202 5.991165
v -3.971697 153.781768 5.299421
v -3.325716 153.553405 6.558901
v -3.526028 152.243911 4.724323
v -3.347397 152.076736 5.333540
v -2.948818 152.079757 5.886156
v -4.273708 152.904845 4.551481
v -4.523706 153.784972 4.537299
v -4.526725 153.417587 4.057733
v -4.359559 153.313415 4.918730
v -3.793211 152.837539 5.385351
v -3.716985 152.565459 4.889431
v -4.064511 153.791289 5.270157
v -4.297585 154.119094 4.790446
v -3.595241 153.445891 5.791521
v -4.428377 153.001647 3.673259
v -4.176836 152.558517 4.117713
v -3.630269 152.354858 4.426587
v -3.086410 152.291533 6.683252
v -3.349246 153.115325 6.368910
v -3.391421 152.565566 6.000708
v -3.086410 152.879744 7.004067
v -2.558352 152.618621 7.578869
v -2.567456 152.052962 7.218883
v -2.813277 153.431639 7.199044
v -3.192745 153.475325 6.656156
v -2.439994 153.259032 7.659620
v -3.217417 152.088424 5.749460
v -2.986261 151.805724 6.342648
v -2.458203 151.592864 6.709499
v -2.886112 153.548369 7.106048
v -2.531039 153.295043 7.495962
v -3.199992 153.795577 6.509157
v -3.692863 152.586959 6.338252
v -3.285732 154.114455 6.807863
v -3.222000 153.436019 6.850299
v -3.013575 153.695632 6.872284
v -3.589234 153.795211 6.707335
v -3.529786 154.606871 6.587116
v -3.733224 154.286040 6.576807
v -4.466963 153.122161 5.280191
v -4.045771 152.705840 5.484226
v -4.609579 153.710616 5.189075
v -3.455128 154.120086 6.655373
v -3.264864 153.590728 6.664481
v -3.706340 154.617553 6.385271
v -3.759552 155.094588 6.586155
v -3.450589 154.675521 6.867617
v -4.033522 155.551879 6.055986
v -4.594372 154.392409 5.423151
v -6.256115 158.692917 2.186593
v -6.313955 158.492630 1.458237
v -6.318159 158.146652 1.977191
v -6.286045 158.893219 1.622117
v -6.164001 158.255920 2.705547
v -6.251857 157.627685 2.468831
v -6.165073 159.129928 2.168384
v -6.169116 159.494110 1.613013
v -5.987644 158.638305 2.823905
v -6.387409 158.019180 1.248834
v -6.418853 157.727844 1.594803
v -6.400829 157.172485 2.104548
v -5.283780 153.696472 3.759796
v -4.858064 153.301711 4.173329
v -5.401917 154.259323 3.419892
v -4.676820 154.932769 4.735840
v -4.396682 154.562637 5.057255
v -4.992447 155.388000 4.417184
v -1.939249 152.564894 8.542052
v -2.458203 151.781432 7.547815
v -1.957458 151.654021 8.024588
v -2.540143 152.642516 7.958820
v -2.840590 152.040252 7.013929
v -2.940739 152.738906 7.256703
v -2.348949 153.363494 7.913045
v -1.921040 153.123854 8.477327
v -2.685814 153.457244 7.343283
v -0.609998 153.016920 9.385128
v -1.383877 152.023375 8.954424
v -0.609998 151.970595 9.218725
v -1.429399 152.990096 9.059499
v -1.893727 152.226546 8.481107
v -2.057607 153.009642 8.438046
v -1.374773 153.815581 8.707765
v -0.691939 153.661391 9.061279
v -1.911936 153.881240 8.162391
v -1.602384 152.392409 9.391157
v -2.039398 153.345717 8.608897
v -2.139547 152.606856 8.871800
v -1.465817 153.398482 9.128945
v -0.701043 152.730635 9.641792
v -0.664625 153.524382 9.309970
v -1.320146 153.998229 8.713344
v -0.728356 154.144804 8.903429
v -1.839100 153.884932 8.283284
v -5.811347 157.655013 3.734350
v -5.710203 156.872024 4.107633
v -5.465866 157.309036 4.271513
v -5.896841 157.199783 3.606888
v -5.825067 156.362182 3.989275
v -5.965098 156.671722 3.579574
v -5.917643 157.891723 3.142561
v -5.987391 157.454711 3.115247
v -6.172652 156.953964 3.106143
v -5.673230 158.210388 3.952857
v -5.465046 157.600387 4.408080
v -5.848298 158.447097 3.260919
v -5.481915 157.218002 4.726736
v -5.330503 156.325759 4.954347
v -5.119071 156.890243 5.172854
v -5.535043 156.726363 4.544647
v -5.653906 157.491134 4.198677
v -5.716637 157.017700 4.125842
v -5.767078 156.325759 4.335244
v -5.911456 156.671722 3.907335
v -5.500166 155.979781 4.653900
v -5.307193 157.755157 4.790467
v -5.008165 157.327254 5.245690
v -5.389464 158.028304 4.289722
v -5.232565 155.934264 4.663005
v -5.115848 154.969207 4.653900
v -4.931226 155.224120 4.945242
v -5.395161 155.506362 4.362557
v -5.266768 154.714278 4.335244
v -5.647444 155.123977 4.062110
v -5.628480 155.970702 3.971066
v -5.874860 155.679351 3.697932
v -5.455052 156.544265 4.317035
v -4.969698 156.325759 4.999870
v -4.786894 155.551879 5.172854
v -5.211012 156.990386 4.626587
v -6.641924 161.114700 1.713162
v -6.423722 161.360519 2.004505
v -6.450838 161.387848 1.840624
v -6.669627 161.069198 1.958982
v -6.415319 161.178436 2.086445
v -6.551070 160.914398 2.131967
v -6.712877 160.641281 1.840624
v -6.601681 160.568435 2.031818
v -6.651146 160.768722 1.558386
v -6.784084 160.267990 1.649431
v -6.642634 160.213379 1.886146
v -6.743314 160.368133 1.376297
v -6.577264 159.557846 2.213907
v -6.322890 160.550231 2.805696
v -6.490723 160.550232 2.259429
v -6.230937 159.785461 3.069725
v -6.474697 159.794555 1.467341
v -6.493859 160.504699 1.676744
v -6.342983 161.114700 2.277638
v -6.378430 161.142028 1.940773
v -6.268983 160.969039 2.641816
v -2.439994 153.448134 8.317327
v -2.476412 153.688384 8.032804
v -2.649396 153.420897 8.127884
v -2.285218 153.666258 8.155542
v -2.549248 153.635527 7.850978
v -2.767755 153.392150 7.918598
v -2.285218 153.765242 7.799547
v -2.157756 153.762755 7.916449
v -2.394472 153.752440 7.708153
v -2.585665 153.033339 8.408960
v -2.877008 153.038222 8.255820
v -2.904321 153.244429 7.918261
v -4.798816 156.107253 5.901210
v -4.389399 156.580687 6.110613
v -4.622695 156.598891 5.873897
v -4.551700 156.089049 6.192553
v -4.189768 156.516951 6.338224
v -4.331945 156.116347 6.392851
v -4.341628 156.999495 6.010464
v -4.504046 157.054107 5.828375
v -4.116853 156.881133 6.147031
v -4.865135 155.715758 5.983151
v -4.907501 155.570098 6.274493
v -4.662492 155.642943 6.474792
v -3.612206 152.985671 6.936139
v -3.526544 153.410796 6.739532
v -3.688285 153.102324 6.708076
v -3.350045 153.396880 7.027214
v -3.122828 153.323638 7.274248
v -3.122828 153.732100 6.961433
v -2.931635 153.707717 7.098738
v -3.185876 153.739837 6.838884
v -3.687304 152.518584 7.128151
v -3.829527 152.580520 6.834121
v -3.414171 152.915892 7.252889
v -3.963057 152.766814 6.497376
v -3.875142 156.189193 6.738820
v -3.859257 156.589782 6.429269
v -3.998835 156.243819 6.502104
v -3.772575 156.553374 6.629567
v -3.921524 156.535170 6.329120
v -4.085018 156.298461 6.256284
v -4.191828 155.888747 6.502104
v -4.260338 155.916045 6.256284
v -4.338828 155.551879 6.502104
v -4.412935 155.579207 6.219866
v -4.259534 155.488143 6.838969
v -3.994693 155.870543 6.820760
v -6.316040 158.183074 3.160770
v -6.175440 158.702026 3.124352
v -6.376331 158.246810 2.942263
v -6.124489 158.647399 3.333754
v -6.016066 158.183074 3.552261
v -5.947289 158.993362 3.406590
v -5.846137 158.656509 3.552261
v -6.015359 159.020675 3.251815
v -6.335851 157.363662 3.388381
v -6.632389 157.472930 3.142561
v -6.169074 157.791580 3.397485
v -6.694497 157.946350 2.823905
v -5.250711 156.680846 5.273003
v -4.912758 156.926665 5.518823
v -5.056686 157.090530 5.200167
v -5.115437 156.626205 5.600764
v -4.745463 156.817397 5.691808
v -4.869801 156.535171 5.801061
v -4.790004 157.263518 5.354943
v -4.854235 157.263518 5.236585
v -4.694498 157.154265 5.491510
v -5.357469 156.143676 5.181958
v -5.231249 156.034408 5.618972
v -4.926516 156.152785 5.801061
v -5.797901 157.345458 4.480915
v -5.442928 157.500243 4.908825
v -5.548701 157.609496 4.690318
v -5.620800 157.208892 4.708527
v -6.095718 157.236205 4.307931
v -5.895236 157.017699 4.608378
v -6.195972 157.309036 4.098528
v -5.843833 157.636810 4.207782
v -5.565662 157.855315 4.389871
v -5.332666 158.000991 4.717632
v -5.389566 158.183074 4.544647
v -5.213693 157.864425 4.872407
v -3.213873 153.723815 7.076857
v -3.286708 153.338057 7.147958
v -2.958948 153.573088 7.194468
v -3.548246 153.459807 6.941991
v -3.321637 153.955611 6.819657
v -3.665313 153.672027 6.557309
v -3.059097 153.994643 7.056333
v -2.758650 153.784011 7.209630
v -3.213770 154.104110 6.905888
v -3.707377 153.133010 6.760855
v -3.908996 153.211150 6.618159
v -3.946323 153.354903 6.435808
v -1.993876 153.814665 8.338428
v -2.075816 153.415251 8.513766
v -1.775369 153.798400 8.455899
v -2.239696 153.484908 8.371508
v -2.103129 153.802962 8.044932
v -2.321636 153.471037 8.140220
v -1.784473 154.030409 8.241535
v -1.556862 154.038878 8.361332
v -1.975667 153.972029 8.034339
v -2.276114 152.998564 8.502321
v -2.458203 153.016097 8.398198
v -2.467308 153.106368 8.162686
v -2.995366 153.075484 7.630588
v -2.949843 153.339553 7.235800
v -3.104619 153.027953 7.280201
v -2.776859 153.413069 7.535115
v -2.576561 153.455443 7.733744
v -2.795068 153.095671 7.844599
v -2.603874 153.659056 7.448881
v -2.813277 153.564452 7.208861
v -2.358054 153.702468 7.551040
v -3.195664 152.479903 7.202609
v -3.141037 152.501693 7.492815
v -2.940739 152.518187 7.748826
v -5.551414 156.034408 4.053006
v -5.141455 154.914565 4.180468
v -5.072428 155.506362 4.526438
v -5.608280 155.469940 3.679559
v -5.468853 156.444106 4.125842
v -5.701858 156.726364 3.679723
v -5.579754 157.117843 3.779873
v -3.789145 152.898147 5.904580
v -3.773209 153.883010 5.846798
v -4.214056 153.419967 5.553549
v -3.418124 153.535567 6.326583
v -3.200882 153.329848 6.587116
v -3.428834 152.655333 6.149394
v -4.240501 152.893691 5.014069
v -3.934579 152.473022 5.267201
v -3.526608 152.072967 5.479052
v -1.383877 153.846953 8.939954
v -1.311042 153.468153 9.264526
v -1.101639 153.830367 9.043909
v -1.593280 153.524397 9.104414
v -1.556862 153.840895 8.665601
v -1.793578 153.504347 8.875701
v -1.210892 154.105635 8.752864
v -0.965072 154.100035 8.861011
v -1.420295 154.111327 8.504176
v -1.456713 153.141051 9.335638
v -1.720742 153.144270 9.230564
v -1.984771 153.059218 9.029706
v -6.395665 160.896194 2.587189
v -6.435416 160.677703 2.924054
v -6.324729 161.069198 2.769279
v -6.552449 160.541137 2.605398
v -2.813277 152.321166 7.686706
v -2.257905 152.221098 8.533111
v -1.702533 152.196120 9.026572
v -2.012085 153.783431 8.181070
v -1.365668 153.755950 8.724116
v -2.476412 153.623687 7.578629
v -6.202712 156.562484 2.000783
v -5.843181 156.462326 2.823250
v -6.043265 157.045013 2.350211
v -6.045588 155.943374 2.353245
v -5.846834 157.454712 2.514353
v -6.049294 157.445602 1.804041
v -5.991722 157.846206 2.022713
v -6.353548 159.530532 2.332264
v -6.281627 158.547241 2.751069
v -6.173485 159.066207 2.951368
v -6.357186 159.057083 2.159280
v -6.244366 160.022171 2.505249
v -6.396708 159.803665 1.622117
v -6.353056 160.186050 1.704057
v -6.479353 158.510833 1.977191
v -6.518330 158.237686 2.459727
v -6.385988 158.984268 1.440028
v -6.318229 159.366653 1.549281
v -6.069203 159.430389 3.033307
v -6.323387 156.070846 1.638427
v -6.202518 155.542785 1.991142
v -6.280326 156.671722 1.223398
v -6.177768 157.054107 1.464644
v -5.733305 156.890243 3.051516
v -6.195339 155.988892 0.425326
v -6.070282 156.526047 0.242260
v -6.081335 155.433533 0.671616
v -5.896722 156.872024 1.965681
v -6.004216 157.363662 1.721774
v -5.782307 156.180084 2.207340
v -5.903379 154.477554 2.127947
v -5.613360 154.058746 2.689589
v -5.976904 155.042038 1.735308
v -5.606896 155.852325 3.122856
v -5.353478 155.296966 3.468957
v -5.785342 156.334869 2.712950
v -5.928316 155.633819 2.985005
v -5.822559 156.079940 3.151083
v -5.808551 155.032943 3.367745
v -5.364260 154.341384 3.814926
v -5.030630 155.843230 4.571960
v -6.191103 155.433533 1.039971
v -5.931965 154.823532 1.381607
v -6.210886 155.961578 0.855230
v -5.759063 156.161880 2.556155
v -5.640701 155.588287 2.837259
v -5.908367 156.780990 2.239562
v -1.411191 152.123946 8.751621
v -1.957458 152.930327 8.315111
v -1.957458 152.337111 8.251991
v -1.511340 152.740523 8.897045
v -0.655521 152.570845 9.186489
v -0.628207 152.008666 8.962112
v -1.329251 153.445189 8.799197
v -1.921040 153.335616 8.370014
v -0.691939 153.250075 9.187126
v -1.738951 151.807006 8.045281
v -1.256415 151.620818 8.532175
v -0.582685 151.564284 8.772001
v -5.398500 154.058746 2.679938
v -5.592794 155.060241 2.538832
v -5.541162 154.677856 2.220837
v -5.421165 154.568603 3.089090
v -5.141458 154.072662 3.575939
v -5.103590 153.687149 3.096042
v -5.399099 155.260528 3.368134
v -5.590940 155.588287 2.965877
v -5.165677 154.514251 3.769389
v -5.459270 154.268158 2.032079
v -5.269626 153.831909 2.280523
v -5.032745 153.389953 2.633253
v -4.881833 153.802093 4.055846
v -4.529972 152.995940 4.257965
v -4.518846 153.385329 4.610067
v -4.902382 153.391952 3.747073
v -5.171342 154.314849 3.530353
v -5.135339 153.964035 3.234844
v -4.835186 154.400558 4.253434
v -4.425276 154.028365 4.753979
v -5.055705 154.768905 3.897791
v -4.422339 152.760375 3.917563
v -4.706019 153.070449 3.417205
v -4.991104 153.511795 3.004036
v -6.038290 155.743072 1.522051
v -5.861120 154.896362 1.446493
v -5.819273 155.133072 1.716753
v -6.019357 155.378906 1.019450
v -5.967050 156.234726 1.124145
v -5.935952 155.988892 0.505910
v -5.861841 155.988891 1.957260
v -5.775196 155.415313 2.163175
v -5.932553 156.425903 1.558157
v -5.849519 154.632324 1.130247
v -5.828851 155.114883 0.582854
v -5.915963 155.688446 0.281230
v -5.784590 154.950989 0.984990
v -5.866142 155.779495 1.006120
v -5.878034 155.597397 0.681928
v -5.843722 155.096649 1.439087
v -5.572833 154.477554 1.793280
v -5.533877 154.213531 1.209104
v -5.860250 156.161880 1.416518
v -5.797167 155.606506 1.814278
v -5.605147 155.123977 2.197116
v -5.796172 155.460846 0.304113
v -5.699918 154.896362 0.515484
v -5.558779 154.286362 0.666981
v -5.716660 155.023819 2.464983
v -5.903689 155.196808 1.745580
v -5.770741 154.677856 2.036537
v -5.859185 155.542785 2.044681
v -5.524415 154.577713 2.775250
v -5.556425 154.177124 2.374746
v -5.607172 155.442627 2.744337
v -5.748418 155.825027 2.424948
v -5.476466 154.905471 3.044828
v -5.782309 154.823532 1.454693
v -5.664298 154.404724 1.626468
v -5.484520 153.976806 1.947182
v -6.170870 160.750534 3.160770
v -6.124805 161.269485 2.969577
v -3.931093 155.633819 6.456582
v -3.687304 155.131133 6.831693
v -4.083261 156.161880 5.992255
v -5.620978 154.122482 2.893546
v -5.347573 153.692901 3.391442
v -5.814521 154.814407 2.722125
v -5.202542 155.433532 4.034797
v -4.868180 154.805312 4.244199
v -5.476090 155.916046 3.716141
v -4.985379 156.325759 5.391361
v -4.807373 155.251449 5.455091
v -4.496698 155.788604 5.873897
v -5.057842 155.861434 5.027183
v -5.240636 156.726363 4.763153
v -5.278300 156.334869 4.581064
v -4.720925 156.926665 5.555241
v -4.252308 156.043517 5.955837
v -4.972176 157.227096 4.899721
v -5.072605 154.850844 5.245689
v -5.211062 155.360702 4.917929
v -5.446579 155.861434 4.517333
v -5.723417 156.234725 3.133121
v -5.989141 156.225616 2.410278
v -5.938863 155.770385 2.829597
v -5.882761 156.571579 2.659123
v -5.547586 155.679351 3.488195
v -5.759542 155.133071 3.129362
v -5.685430 156.653518 3.288232
v -5.763693 157.108749 2.860322
v -5.484888 155.961578 3.679723
v -6.079317 155.815902 2.103767
v -6.012074 155.442627 2.358318
v -5.947168 154.787124 2.713231
v 6.170135 159.330230 3.388381
v 6.531127 158.929641 2.723756
v 6.388015 159.412170 2.778383
v 6.286370 158.847701 3.361068
v 6.642643 158.301422 2.596293
v 6.391555 158.219482 3.178978
v 6.668012 158.601883 2.050026
v 6.614316 159.066208 2.077340
v 6.487864 159.557846 2.122862
v 6.288529 159.967544 2.787487
v 6.139196 159.767242 3.324650
v 6.398930 160.049484 2.168384
v 6.030497 158.601882 3.534052
v 6.398025 158.201263 2.869427
v 6.249847 158.683822 2.924054
v 6.161146 158.110244 3.506739
v 6.478082 158.337844 2.223011
v 6.362164 158.829483 2.268533
v 6.496540 157.563964 2.741965
v 6.242523 157.482009 3.324650
v 6.527268 157.873520 2.195698
v 6.129811 159.230087 2.933159
v 5.983947 159.029800 3.470321
v 6.253196 159.321121 2.314055
v 4.539348 154.289443 5.218376
v 5.219095 154.397521 4.590169
v 4.917698 154.769439 4.872407
v 4.837146 153.896453 4.917928
v 5.470243 154.978301 4.225991
v 5.199617 155.360702 4.517333
v 5.567173 153.961883 4.125841
v 5.163756 153.491561 4.398975
v 5.683960 154.605026 3.934648
v 4.566754 155.105773 5.036287
v 4.241442 154.576995 5.291212
v 4.860278 155.733962 4.799571
v 5.926027 156.917541 3.615992
v 5.706707 155.934264 3.943752
v 5.973535 156.425903 3.397485
v 5.543251 156.480544 4.253304
v 5.715664 157.409194 3.770768
v 6.045226 157.427398 3.033307
v 5.929484 157.928161 3.115247
v 6.135209 156.562484 2.559875
v 6.065311 157.008606 2.696442
v 6.140764 155.998001 3.005994
v 5.856001 155.333373 3.606888
v 5.409341 156.972167 4.307931
v 6.088953 157.764266 2.924054
v 6.093871 156.908447 3.033307
v 6.221077 157.372772 2.614502
v 5.749002 157.427398 3.488530
v 6.158364 158.010086 2.323160
v 6.204600 157.736953 2.195697
v 5.987156 158.319641 3.151665
v 5.762881 157.718749 3.625097
v 6.064359 158.556350 2.459727
v 6.238266 156.462326 2.787487
v 6.305824 156.872024 2.450622
v 6.418823 157.281723 2.040922
v 6.306444 159.275604 3.351963
v 6.426782 159.976638 2.869428
v 6.320476 159.730819 3.306441
v 6.408552 159.448577 2.924054
v 6.383954 159.922027 2.660025
v 6.386753 159.393966 2.696443
v 6.386483 160.359039 2.796592
v 6.284805 160.176940 3.106143
v 6.379102 160.286209 2.641816
v 6.361137 158.865905 3.534053
v 6.535353 158.747543 3.206292
v 6.548839 158.984268 2.687338
v 5.994638 157.309036 2.833009
v 6.272815 157.336364 2.004504
v 6.191395 157.846206 2.314055
v 6.110946 156.753677 2.414204
v 6.311302 156.817398 1.694952
v 6.190641 156.316665 2.086444
v 6.045933 158.274108 2.459727
v 6.156023 158.210388 1.740475
v 6.155790 158.620086 1.931668
v 6.257330 157.390991 1.221521
v 6.215813 157.791580 1.440028
v 5.916714 157.764266 3.033307
v 4.160736 153.424651 5.465383
v 4.763326 153.505737 4.672216
v 4.569303 153.964324 5.027182
v 4.342825 152.931289 5.019232
v 4.963367 154.009277 4.362557
v 4.787364 154.429656 4.653900
v 4.796824 153.033950 4.329046
v 4.515810 152.658614 4.819562
v 5.017830 153.698638 4.144050
v 4.314569 154.364120 5.209272
v 3.932900 153.823958 5.535859
v 4.566147 154.825439 4.908825
v 4.671913 154.076736 4.927033
v 5.238730 154.101348 4.162259
v 4.967415 154.508163 4.581064
v 4.918778 153.623016 4.499124
v 5.410994 154.659652 3.743454
v 5.210968 154.987411 4.134946
v 1.520444 153.263594 8.927541
v 2.285218 152.820921 8.419645
v 2.185069 153.337203 8.299527
v 1.638802 152.732130 9.033065
v 2.785963 152.755614 7.696413
v 2.631187 153.270613 7.631628
v 6.031205 156.480545 1.558385
v 6.046033 156.708145 0.857342
v 6.040497 157.081436 1.367192
v 6.130180 156.107254 1.057640
v 6.019903 155.797699 1.731370
v 6.108355 155.469940 1.221520
v 5.544096 154.978301 3.333754
v 5.946551 154.932769 2.568980
v 5.810122 155.451736 2.924053
v 5.640221 154.441146 3.005993
v 5.961035 155.515472 2.141070
v 5.887646 156.043518 2.523457
v 5.843073 155.242324 2.350473
v 6.134949 155.588287 1.613012
v 6.005225 155.852325 2.150175
v 5.933362 154.960098 1.804205
v 6.129084 156.143677 1.376296
v 6.031301 156.462326 1.904355
v 5.149532 154.461074 4.043901
v 5.689398 154.605026 3.270023
v 5.518131 155.042037 3.688828
v 5.313047 153.955520 3.634201
v 5.840268 155.114883 2.960471
v 5.708161 155.579208 3.370172
v 0.600894 151.592131 7.587802
v -0.209402 151.212569 6.997733
v 0.528058 151.326079 7.024357
v -0.154776 151.551665 7.596459
v 1.347459 151.755934 7.679773
v 1.347459 151.551894 7.181857
v 0.619103 151.882720 8.214341
v -0.027313 151.870284 8.185185
v 1.274624 151.996901 8.150613
v -0.118358 151.006362 6.521913
v 0.564476 151.081542 6.570139
v 1.219997 151.207717 6.690480
v 0.828505 151.385161 6.367083
v 1.547757 151.815032 7.021177
v 0.855819 151.621871 7.050780
v 1.493131 151.577849 6.357858
v 0.009104 151.532790 7.006875
v -0.009104 151.376510 6.275593
v 0.919550 151.826598 7.773020
v 1.484026 151.935332 7.664406
v 0.127462 151.744750 7.721634
v 1.383877 151.214446 5.979669
v 0.701043 151.105590 5.900347
v -0.045522 151.158797 5.892350
v 1.966562 151.936156 7.245624
v 2.567456 152.020263 6.195004
v 2.603874 152.324614 6.872315
v 1.939249 151.638701 6.539348
v 1.338355 151.676558 7.480128
v 1.274624 151.472731 6.743124
v 1.948354 152.204528 7.749159
v 2.549248 152.582747 7.339737
v 1.320146 151.971068 7.975754
v 2.412681 151.828094 5.611858
v 1.893727 151.405517 5.827825
v 1.247310 151.207305 6.099459
v 1.547757 151.593871 7.620286
v 2.139547 152.299315 7.772655
v 1.629697 151.920470 8.172287
v 2.103129 151.880736 7.374370
v 0.892237 151.805342 8.408261
v 0.810296 151.518492 7.859687
v 1.584175 152.452544 8.526681
v 2.057607 152.674376 8.171054
v 1.010594 152.269164 8.754817
v 1.875518 151.593520 6.833949
v 1.329251 151.357512 7.020644
v 0.710148 151.251738 7.366409
v 0.455223 151.803359 8.493498
v 1.274624 151.665358 7.767266
v 1.283728 151.997618 8.325668
v 0.482536 151.481993 7.917430
v -0.254925 151.754714 8.520656
v -0.209402 151.418334 7.968414
v 0.455223 152.189299 8.869132
v 1.238206 152.294920 8.662972
v -0.236716 152.189940 8.875230
v 1.201788 151.422866 7.170371
v 0.509849 151.186919 7.283481
v -0.182089 151.079375 7.367521
v 2.713128 151.804290 4.691140
v 3.332231 152.437408 4.779270
v 2.849695 152.117492 5.167637
v 3.177455 152.112899 4.348232
v 2.194174 151.835830 5.537355
v 1.975667 151.551009 4.952799
v 3.004470 152.468215 5.678344
v 3.368649 152.671294 5.237486
v 2.385367 152.234130 6.024746
v 3.113724 151.716491 4.182206
v 2.576561 151.446410 4.434819
v 1.921040 151.271819 4.684134
v 2.731337 152.199553 5.949459
v 1.921040 151.588012 5.733601
v 2.558352 151.897948 5.490540
v 2.130443 151.873916 6.315200
v 3.286708 152.545913 5.647577
v 3.177455 152.347762 5.222636
v 2.968052 152.571792 6.462156
v 2.412681 152.264052 6.845228
v 3.241186 152.859923 6.203259
v 1.984771 151.372008 5.328213
v 2.512830 151.689498 5.097241
v 3.031784 152.009872 4.908745
v 1.465817 151.392547 5.713076
v 2.185069 151.948226 6.093878
v 1.565966 151.693465 6.345287
v 2.057607 151.652190 5.519972
v 0.755670 151.492507 6.519642
v 0.682834 151.224608 5.897371
v 0.965072 151.828917 7.177110
v 1.684324 152.026458 7.011615
v 2.175965 152.175963 6.653442
v 1.948354 151.269851 5.252078
v 1.311042 151.067901 5.343036
v 0.582685 151.010818 5.490463
v 1.056117 151.393676 5.739446
v 0.145671 150.963149 5.329221
v 0.928654 151.098800 5.154949
v 0.254925 151.268661 5.892135
v 1.748055 151.661330 5.465754
v 1.593280 151.427795 4.948932
v 1.238206 151.736190 6.340405
v 0.546267 151.663054 6.497666
v 1.757160 151.942519 6.109563
v 0.218507 150.682586 4.947670
v 0.837610 150.850555 4.736584
v 1.429399 151.096786 4.592984
v 2.094025 151.778869 5.556933
v 2.439994 151.810989 4.650661
v 2.622083 152.018355 5.161624
v 1.875518 151.556258 5.029416
v 1.520444 151.633040 5.825583
v 1.374773 151.299239 5.254161
v 1.720742 152.077422 6.427936
v 2.276114 152.297713 6.131142
v 2.767755 152.493880 5.596088
v 2.358054 151.540221 4.250728
v 1.839100 151.299972 4.528855
v 1.338355 151.061904 4.784922
v 2.822381 152.149825 4.798811
v 1.984771 151.583083 4.667726
v 2.612979 151.848373 4.375210
v 2.148652 151.885543 5.174798
v 3.395962 152.475143 4.457944
v 3.222977 152.256469 4.047510
v 3.086410 152.523299 5.251882
v 2.485517 152.290130 5.618697
v 3.541633 152.722167 4.993338
v 1.993876 151.339935 4.255304
v 2.512830 151.592086 3.998034
v 3.049993 151.877578 3.774111
v 0.983281 151.084731 4.541193
v 1.675220 151.666503 4.889998
v 1.065221 151.401046 5.071564
v 1.593280 151.348937 4.407937
v 0.254925 151.196654 5.262530
v 0.154776 150.932555 4.689513
v 0.437014 151.551345 5.841617
v 1.165370 151.744826 5.699674
v 1.657011 151.913085 5.403324
v 1.493131 150.935134 4.165740
v 0.837610 150.734695 4.250777
v 0.109253 150.649886 4.399602
v 1.702533 151.590835 4.660455
v 0.819401 151.188842 4.578161
v 1.538653 151.320159 4.337548
v 0.937759 151.461883 4.941802
v 2.367158 151.865371 4.446039
v 2.239696 151.632003 4.119755
v 1.921040 151.969558 5.231435
v 1.283728 151.718062 5.478735
v 2.421785 152.251723 4.940557
v 0.874028 150.824691 4.208532
v 1.511340 150.964767 4.022404
v 2.084920 151.196639 3.824648
v 2.485517 152.053512 4.433537
v 2.913426 152.154357 3.594315
v 2.922530 152.462798 3.972473
v 2.376263 151.828277 3.958561
v 1.966562 151.854385 4.730608
v 1.811787 151.539382 4.128775
v 2.658501 152.394302 4.846033
v 3.232082 152.703582 4.456983
v 2.057607 152.171294 5.072480
v 3.013575 151.780364 3.325921
v 2.449099 151.463821 3.636608
v 1.911936 151.168701 3.807019
v 0.746565 149.562454 3.523047
v 0.937759 148.849243 3.355599
v 1.056117 149.473525 3.357959
v 0.564476 149.050460 3.612524
v 1.256415 148.836685 3.131554
v 1.392982 149.409515 3.136325
v 1.219997 149.918655 3.268624
v 0.928654 149.969100 3.436695
v 1.493131 149.854583 3.102643
v 2.476412 150.102935 2.843010
v 2.430890 149.485778 2.832945
v 2.722232 149.795684 2.705545
v 2.221487 149.899581 2.960101
v 2.112234 149.328094 2.958023
v 1.921040 149.669723 3.032274
v 1.984771 150.223480 3.085387
v 2.221487 150.387115 2.953014
v 1.720742 150.028701 3.082358
v 1.238206 149.662002 3.373430
v 1.738951 149.232223 3.108582
v 1.538653 149.827941 3.293284
v 1.329251 149.100280 3.258390
v 2.012085 149.480789 3.007651
v 1.839100 150.029266 3.162784
v 1.447608 150.306091 3.358381
v 1.192684 150.135085 3.458878
v 1.702533 150.461990 3.263581
v 1.311042 149.745452 3.306973
v 1.001490 149.270843 3.443969
v 1.356564 149.323471 3.174606
v 1.010594 149.739791 3.515840
v 0.619103 149.330062 3.617590
v 0.628207 149.738448 3.679348
v 0.955968 150.164321 3.608816
v 1.219997 150.139953 3.394125
v 0.637312 150.157958 3.706389
v 1.921040 150.254653 3.221791
v 1.738951 149.692565 3.265009
v 2.094025 149.914550 3.115757
v 1.629697 150.129165 3.361834
v 1.392982 149.619750 3.357462
v 1.292833 150.000488 3.478243
v 1.502235 150.505294 3.531936
v 1.757160 150.601104 3.368529
v 1.192684 150.391754 3.578742
v 3.441484 150.412399 2.315381
v 3.933125 150.505539 2.060569
v 3.605364 150.725433 2.275734
v 3.696409 150.153350 2.222732
v 3.996856 150.863708 1.938499
v 3.723722 151.079422 2.168661
v 3.314022 151.072586 2.453888
v 3.204768 150.770202 2.495132
v 3.432380 151.341018 2.370119
v 3.304917 150.555053 2.406352
v 3.377753 149.948181 2.340135
v 3.587156 150.325592 2.214806
v 3.104619 150.291656 2.512656
v 3.113724 149.720138 2.485784
v 2.867903 150.003326 2.583640
v 2.831486 150.552215 2.679521
v 3.013575 150.765853 2.547679
v 2.612979 150.304977 2.672140
v 2.412681 149.983764 2.885886
v 3.013575 149.770675 2.629690
v 2.649396 150.249389 2.821706
v 2.685814 149.503418 2.796047
v 3.168350 150.109619 2.517185
v 2.840590 150.553375 2.697986
v 2.403576 150.670089 2.889888
v 2.221487 150.397521 2.962742
v 2.576561 150.898956 2.804130
v 5.499091 153.949493 -0.016686
v 5.626554 153.466965 -0.326237
v 5.644762 153.931305 -0.380864
v 5.462673 153.594421 0.074359
v 5.553718 153.120987 -0.171462
v 5.380733 153.221146 0.147194
v 5.307898 153.658157 0.438537
v 5.344315 153.976807 0.320179
v 5.225957 153.321289 0.502568
v 5.579513 154.778000 0.019732
v 5.608345 154.304565 -0.326237
v 5.658479 154.759796 -0.362655
v 5.540952 154.422928 0.101672
v 5.535509 153.949493 -0.171462
v 5.435360 154.049652 0.174508
v 5.453350 154.468460 0.493164
v 5.463323 154.787125 0.383910
v 5.324130 154.167999 0.520477
v 5.708338 155.606506 0.001523
v 5.730530 155.142181 -0.344446
v 5.750563 155.597397 -0.389968
v 5.678269 155.251450 0.083463
v 5.673488 154.787125 -0.189670
v 5.599556 154.887253 0.165403
v 5.625302 155.306061 0.474955
v 5.622379 155.624725 0.374806
v 5.504338 155.005615 0.520477
v 5.317002 152.574722 0.494904
v 5.608345 152.866074 0.010627
v 5.380733 152.929809 0.432127
v 5.508195 152.419952 0.162240
v 5.581031 153.257568 0.001523
v 5.371629 153.312180 0.338388
v 5.098495 153.120987 0.734677
v 5.080286 152.793228 0.798270
v 5.125808 153.439651 0.693762
v 5.162226 151.938171 0.890212
v 5.398942 152.228760 0.399918
v 5.171330 152.292496 0.804024
v 5.335211 151.782638 0.573128
v 5.326106 152.620254 0.364358
v 5.144017 152.665771 0.699130
v 4.879988 152.450546 1.102072
v 4.889092 152.134628 1.149663
v 4.916406 152.766693 1.042608
v 4.788943 151.614807 1.263669
v 5.025660 152.075882 0.945115
v 4.752526 151.968811 1.312346
v 5.043868 151.604156 0.956393
v 4.889092 152.431427 1.028586
v 4.652377 152.350876 1.376673
v 4.415661 152.005752 1.624427
v 4.479392 151.686599 1.546839
v 4.351930 152.313034 1.664714
v 4.388348 151.172027 1.699924
v 4.743421 151.537628 1.383613
v 4.406556 151.533096 1.710218
v 4.679690 151.079101 1.439518
v 4.652377 151.929123 1.414966
v 4.351930 151.920044 1.670887
v 4.042378 151.658081 1.959747
v 4.060587 151.331878 1.920882
v 4.024169 151.980621 1.970729
v 4.024169 150.931961 2.065073
v 4.442974 151.151916 1.709228
v 4.142527 151.269745 2.037559
v 4.251781 150.726669 1.798697
v 4.461183 151.539871 1.710327
v 4.197154 151.659851 1.960223
v 3.842080 151.520538 2.280630
v 3.778349 151.200195 2.289693
v 3.896707 151.828354 2.231749
v 3.423275 150.663482 2.461897
v 3.905811 150.721084 2.119070
v 3.596260 150.972244 2.420882
v 3.659991 150.371429 2.273184
v 3.978647 151.096527 2.031732
v 3.696409 151.303238 2.274027
v 3.295813 151.298629 2.562036
v 3.186559 150.999862 2.606355
v 3.414171 151.572082 2.475613
v 2.813277 150.239776 2.782991
v 3.304917 150.330062 2.534339
v 2.986261 150.569580 2.754935
v 3.068202 149.982864 2.692747
v 3.368649 150.701126 2.426398
v 3.095515 150.917755 2.658317
v 2.694919 150.914138 2.920921
v 2.576561 150.604782 2.953199
v 2.804172 151.195877 2.856863
v 1.902831 150.157989 3.212763
v 2.494621 149.920318 2.979989
v 2.139547 150.416030 3.152968
v 2.166860 149.670577 3.148692
v 2.658501 150.241851 2.848390
v 2.339845 150.702301 3.020817
v 1.902831 150.828765 3.215020
v 1.720742 150.576797 3.283241
v 2.094025 151.057800 3.119644
v 5.289689 153.175629 0.658910
v 5.681180 153.312180 0.001523
v 5.408047 153.639954 0.374806
v 5.535509 152.793228 0.414217
v 5.653867 153.822037 -0.226088
v 5.426105 154.140686 0.110776
v 5.261396 154.022323 0.702566
v 5.080286 153.603531 0.939493
v 5.272954 154.513977 0.465850
v 4.934615 152.758331 1.190395
v 5.417151 152.638458 0.454926
v 5.171330 153.157425 0.898558
v 5.134912 152.211075 0.919440
v 5.517300 153.111893 0.174508
v 5.280584 153.585327 0.529581
v 4.989242 153.667267 1.094358
v 4.770735 153.286300 1.395715
v 5.170352 154.022323 0.820924
v 0.518954 150.119262 3.893616
v 1.301937 149.696258 3.459274
v 1.010594 150.394714 3.778417
v 0.655521 149.446533 3.730732
v 1.738951 150.102432 3.320265
v 1.493131 150.736404 3.617016
v 0.883132 150.970413 3.907109
v 0.464327 150.676284 4.007987
v 1.301937 151.231307 3.786646
v 1.229101 150.739120 3.752921
v 1.729846 149.986312 3.304592
v 1.748055 150.772399 3.528665
v 1.119848 150.074325 3.724234
v 2.230591 150.177581 3.072199
v 2.239696 150.852523 3.213145
v 1.829996 151.350707 3.561691
v 1.383877 151.276183 3.785615
v 2.248801 151.390777 3.318000
v 2.084920 150.624832 3.260966
v 2.867903 150.323791 2.792616
v 2.594770 150.957672 3.157670
v 2.285218 149.983337 3.076149
v 3.177455 150.768920 2.583023
v 2.986261 151.306442 2.892021
v 2.494621 151.521621 3.368982
v 2.002980 151.178283 3.443718
v 2.904321 151.784927 3.177007
v 4.543123 152.063171 1.595411
v 5.207748 152.046936 0.857846
v 4.916406 152.523392 1.181677
v 4.861779 151.784942 1.278253
v 5.307898 152.529190 0.533224
v 5.089391 152.875168 0.869457
v 4.743421 153.259781 1.424527
v 4.379243 152.806823 1.815731
v 4.934615 153.466965 1.114961
v 3.996856 151.658996 2.139948
v 4.725212 151.686981 1.536775
v 4.370139 152.107437 1.949654
v 4.333721 151.180755 1.860716
v 4.861779 152.209503 1.285932
v 4.588645 152.620025 1.708046
v 4.260885 152.491058 2.298845
v 3.942229 151.965728 2.394459
v 4.479392 153.000396 2.108744
v 3.496111 151.318801 2.505107
v 4.370139 151.289261 1.897868
v 4.005960 151.641220 2.373303
v 3.842080 150.920669 2.211066
v 4.634168 151.727661 1.600358
v 4.342825 152.071182 2.131399
v 3.933125 152.165527 2.646188
v 3.395962 151.818862 2.719696
v 4.297303 152.487960 2.470260
v 2.931635 150.755340 2.822981
v 3.732827 150.703628 2.341623
v 3.532529 151.219513 2.681778
v 3.213873 150.431167 2.571746
v 3.969543 151.212158 2.175829
v 3.778349 151.557159 2.415718
v 3.195664 151.886871 3.028572
v 2.795068 151.323745 3.078100
v 3.459693 152.209625 2.873596
v 1.128953 150.762893 3.985250
v 1.802682 151.394225 4.096821
v 1.119848 151.122573 4.262914
v 1.775369 150.995895 3.835834
v 0.245820 150.985442 4.538286
v 0.264029 150.525756 4.146487
v 1.192684 151.626647 4.617706
v 1.720742 151.741256 4.295688
v 0.400596 151.485366 4.836903
v 1.720742 150.633361 3.550837
v 1.147161 150.339523 3.812827
v 0.336865 150.112411 3.944926
v 2.257905 151.157287 3.556467
v 2.685814 151.842636 3.450266
v 2.212383 151.543624 3.809093
v 2.776859 151.494979 3.194004
v 1.465817 151.280044 4.045650
v 1.593280 150.947860 3.740552
v 2.194174 152.011565 4.094629
v 2.749546 152.354247 3.684583
v 1.584175 151.701232 4.290995
v 2.749546 150.997833 3.064341
v 2.339845 150.821609 3.309086
v 1.811787 150.538497 3.558199
v 3.304917 151.642883 3.027360
v 3.732827 152.379898 2.866539
v 3.213873 151.995407 3.201699
v 3.787453 151.988815 2.691221
v 2.476412 151.695449 3.569670
v 2.612979 151.289581 3.316518
v 3.186559 152.499984 3.481809
v 3.587156 152.699356 3.031274
v 2.531039 152.201568 3.831460
v 3.787453 151.616317 2.542747
v 3.368649 151.194488 2.811156
v 2.704023 150.871353 3.070610
v 4.279094 152.075241 2.357545
v 4.679690 152.798507 2.075244
v 4.288198 152.483642 2.569509
v 4.716108 152.468109 1.819456
v 3.596260 152.246566 2.992021
v 3.732827 151.943771 2.771288
v 4.406556 152.977249 2.700424
v 4.768302 153.308548 2.255106
v 3.714618 152.774826 3.093518
v 4.625063 151.964554 1.696600
v 4.324616 151.785141 2.113582
v 3.905811 151.555816 2.551126
v 4.770735 153.035583 2.010132
v 5.062077 153.166504 1.257343
v 5.034404 153.458236 1.535005
v 4.807153 152.687561 1.710411
v 4.424766 152.681350 2.328770
v 4.379243 152.308853 2.083228
v 4.703618 153.461136 2.232980
v 4.956635 153.759063 1.859887
v 4.433702 153.052795 2.616123
v 5.052973 152.729889 1.068856
v 4.907301 152.363159 1.362562
v 4.561332 152.021438 1.723242
v 5.144017 153.557998 0.994209
v 5.386434 154.322784 1.039431
v 5.151873 153.803833 1.321669
v 5.323884 154.104278 0.729879
v 4.852674 153.171188 1.654940
v 4.952824 152.940414 1.321182
v 5.210552 154.186218 1.622116
v 5.355462 154.632324 1.321669
v 4.885600 153.633041 1.880249
v 5.471778 153.776504 0.356597
v 5.326106 153.230240 0.694694
v 5.080286 152.656936 1.015629
v 5.706578 155.360702 0.383910
v 5.886629 156.098144 0.738984
v 5.789349 155.488144 0.875551
v 5.737615 155.970703 0.301970
v 5.625637 154.741577 0.975700
v 5.556829 154.623230 0.465850
v 5.759986 155.779495 1.267043
v 5.805413 156.307541 1.094058
v 5.593742 155.123977 1.358087
v 5.808732 155.770386 -0.043999
v 5.731745 155.133072 -0.043999
v 5.576680 154.486649 0.047045
v 5.658409 154.623230 0.993909
v 5.660350 155.051147 0.320179
v 5.783798 155.242325 0.748089
v 5.561567 154.459351 0.493164
v 5.410517 154.104278 1.121371
v 5.398298 153.913071 0.684357
v 5.573627 154.887253 1.394505
v 5.709667 155.360702 1.175998
v 5.375491 154.359207 1.485549
v 5.741228 154.787125 0.019732
v 5.688063 154.331894 0.028836
v 5.426255 153.803833 0.265552
v 5.387112 153.876663 1.212416
v 5.584324 154.823532 1.467341
v 5.473578 154.186218 1.776892
v 5.617325 154.550384 1.012118
v 5.019191 153.606338 2.043700
v 4.989073 153.440033 1.526765
v 5.486745 154.550384 2.159279
v 5.675843 155.123977 1.986295
v 5.101342 154.014404 2.423308
v 5.566193 154.213531 0.629730
v 5.425728 153.803833 0.857342
v 5.189540 153.275772 1.088545
v 4.950951 153.230789 2.108443
v 5.366582 154.076965 1.977190
v 5.031908 153.583633 2.444510
v 5.194661 153.703674 1.658834
v 4.487144 153.129486 2.892523
v 4.433870 152.731796 2.508276
v 5.081168 154.026077 2.878531
v 5.339418 154.368301 2.459726
v 4.620768 153.606521 3.282718
v 5.171162 153.394134 1.479873
v 4.870884 152.877487 1.839943
v 4.461183 152.465026 2.269790
v 4.288198 152.652740 2.836503
v 4.781904 153.379989 2.715861
v 4.369998 152.973281 3.096811
v 4.697214 153.023193 2.494612
v 3.760140 152.651443 3.555291
v 3.678200 152.274353 3.217021
v 4.509296 153.404434 3.514054
v 4.780944 153.659957 3.053898
v 3.969543 153.086593 3.924466
v 4.615959 152.672409 2.253240
v 4.160736 152.304046 2.590909
v 3.641782 151.998703 2.984861
v 3.277604 152.406356 4.056702
v 3.614469 152.500091 3.178366
v 3.669096 152.808898 3.534626
v 3.122828 152.196700 3.608128
v 2.795068 152.241653 4.438734
v 2.585665 151.930862 3.879230
v 3.441484 152.829910 4.462379
v 3.878498 153.119170 3.978958
v 2.958948 152.503692 4.717690
v 3.687304 152.140518 2.913232
v 3.213873 151.886657 3.254214
v 2.731337 151.631118 3.570094
v 4.645876 153.309555 3.370736
v 4.033274 152.529998 3.359073
v 4.551658 152.946044 3.014585
v 4.106110 152.869460 3.783690
v 5.042090 153.822189 3.005993
v 4.959004 153.542572 2.609639
v 4.692112 153.811721 3.761663
v 4.232095 153.381484 4.121745
v 5.020146 154.174179 3.515843
v 4.142527 152.298721 3.039944
v 4.534019 152.672714 2.688727
v 4.941256 153.120422 2.394800
v 3.632678 152.359985 3.694210
v 4.188049 153.065994 3.643375
v 3.842080 152.662490 4.106283
v 4.033274 152.772720 3.381423
v 3.232082 152.373275 4.569437
v 3.013575 152.038802 4.078190
v 3.987751 153.073089 4.522294
v 4.268813 153.310638 4.068678
v 3.441484 152.779357 4.948279
v 3.933125 152.420898 3.154454
v 3.432380 152.078170 3.413568
v 3.031784 151.743438 3.833615
v 5.572070 154.541290 2.268532
v 5.613747 154.741577 1.549281
v 5.667570 155.060241 1.849728
v 5.521928 154.231735 1.886145
v 5.402922 154.104278 2.605397
v 5.274013 153.767944 2.204801
v 5.589174 154.941879 2.614502
v 5.725402 155.306060 2.250324
v 5.374486 154.477554 2.896740
v 5.529316 154.413818 1.239729
v 5.471694 153.995010 1.403609
v 5.221323 153.576477 1.814789
v 5.048888 153.453903 2.773813
v 5.364315 154.395629 2.787486
v 5.161552 153.848648 3.242709
v 5.294797 154.058746 2.414204
v 4.786448 153.395782 3.646897
v 4.703133 153.137191 3.186155
v 5.205765 154.333404 3.543156
v 5.439794 154.787124 3.197187
v 4.751875 153.881591 3.971066
v 5.189404 153.641113 2.069289
v 5.011120 153.305511 2.369246
v 4.669901 152.950851 2.723774
v 4.496954 153.138000 4.340398
v 4.752498 153.340728 3.386561
v 4.769561 153.634185 3.789187
v 4.379243 152.852538 3.799368
v 4.060587 152.884734 4.725063
v 3.878498 152.521056 4.035544
v 4.391019 153.729186 4.681928
v 4.726537 154.138351 4.198677
v 3.960438 153.331435 4.965772
v 4.676522 153.133651 2.988485
v 4.288198 152.748550 3.326972
v 3.805662 152.417236 3.558531
v 3.659991 152.465743 4.646948
v 4.087900 153.226638 4.589719
v 3.814767 152.783736 5.061308
v 3.987751 152.927245 4.326165
v 3.332231 152.343123 5.564110
v 3.104619 152.048415 5.057409
v 3.887603 153.201812 5.493267
v 4.132998 153.479476 5.025237
v 3.468797 152.792769 5.959463
v 3.851185 152.614852 3.989083
v 3.450589 152.234664 4.275914
v 2.922530 151.917098 4.692355
v 3.150142 152.555205 6.392224
v 3.241186 152.180068 5.332582
v 3.450589 152.713012 5.651968
v 2.922530 152.035094 5.966131
v 2.740441 152.509032 6.966116
v 2.458203 152.012481 6.509884
v 3.168350 153.183989 6.674256
v 3.578051 153.271651 5.856154
v 2.776859 153.015059 7.188401
v 3.040888 151.905364 5.128960
v 2.740441 151.712142 5.653666
v 2.276114 151.701110 6.189012
v 2.385367 151.940474 7.026366
v 2.867903 152.735213 7.035282
v 2.476412 152.430159 7.486850
v 2.804172 152.261306 6.627515
v 1.957458 152.135436 7.974359
v 1.784473 151.675246 7.578826
v 2.458203 153.004256 7.739420
v 2.822381 153.102645 7.224016
v 2.012085 152.725859 8.276803
v 2.640292 151.883147 6.113617
v 2.103129 151.604476 6.576231
v 1.593280 151.360732 7.041593
v 1.493131 152.215422 8.520768
v 1.875518 151.718764 7.594200
v 2.066711 152.312865 7.902408
v 1.311042 151.650908 8.088233
v 0.928654 152.196013 8.862291
v 0.719252 151.704253 8.363654
v 1.511340 152.823103 8.714277
v 2.148652 152.905272 8.155768
v 1.037908 152.744780 9.019733
v 1.666115 151.438979 7.273929
v 1.183579 151.325347 7.743570
v 0.573581 151.371443 8.040273
v 0.537163 151.623045 8.564395
v 1.283728 152.308974 8.794411
v 0.537163 152.142653 9.054264
v 1.219997 151.834837 8.404473
v -0.309551 152.060484 8.893794
v -0.291343 151.642333 8.424431
v 0.573581 152.753371 9.248441
v 1.238206 152.776442 8.920677
v -0.209402 152.655302 9.211601
v 1.110744 151.445754 7.995811
v 0.409700 151.275374 8.066269
v -0.291343 151.380889 7.950068
v 2.166860 152.605178 8.153033
v 2.549248 152.094847 7.239755
v 2.658501 152.730590 7.469685
v 2.066711 152.015746 7.828342
v 1.602384 152.530180 8.552694
v 1.529549 151.934737 8.297061
v 2.175965 153.119155 8.159776
v 2.558352 153.202071 7.577547
v 1.611488 153.075331 8.630752
v 2.376263 151.769622 6.984209
v 1.957458 151.630141 7.586277
v 1.420295 151.609755 8.026140
v 3.696409 152.914229 5.806377
v 3.751036 152.459243 4.864379
v 3.933125 153.058135 5.026296
v 3.532529 152.316176 5.550790
v 3.295813 152.911254 6.413923
v 3.122828 152.327224 6.138824
v 3.723722 153.557845 5.900812
v 4.050690 153.736144 5.279517
v 3.295813 153.461394 6.504016
v 3.550738 152.153747 4.713519
v 3.359544 151.979034 5.320443
v 2.949843 151.997970 5.883666
v 4.351930 152.841979 4.529557
v 4.647232 153.763412 4.526438
v 4.460707 153.263152 4.894715
v 4.626877 153.388534 4.045626
v 3.842080 152.747603 5.355422
v 3.760140 152.475326 4.863903
v 4.150233 153.747939 5.250616
v 4.410948 154.101302 4.781362
v 3.632678 153.371764 5.770200
v 4.488003 152.964614 3.678701
v 4.224467 152.494277 4.113488
v 3.659991 152.273193 4.420437
v 3.095515 152.184157 6.671657
v 3.359544 153.006591 6.350517
v 3.086410 152.757308 6.986506
v 3.405066 152.460158 5.983243
v 2.558352 152.509368 7.564210
v 2.567456 151.970839 7.206671
v 2.813277 153.324675 7.182804
v 3.195664 153.376906 6.637764
v 2.439994 153.154784 7.654495
v 3.222977 151.990340 5.737583
v 2.986261 151.723098 6.339768
v 2.458203 151.544860 6.706590
v 6.333277 158.692917 2.186593
v 6.325314 158.492630 1.458237
v 6.332480 158.893219 1.622117
v 6.369737 158.146652 1.977191
v 6.276895 158.255920 2.705547
v 6.335469 157.627685 2.468831
v 6.241900 159.129928 2.168384
v 6.211423 159.494110 1.613013
v 6.103585 158.638305 2.823905
v 6.361017 158.019180 1.248834
v 6.417061 157.727844 1.594803
v 6.436576 157.172485 2.104653
v 5.398344 153.695510 3.761663
v 4.962168 153.279250 4.162821
v 5.521037 154.259063 3.424798
v 4.795377 154.932769 4.735840
v 4.495212 154.557326 5.054496
v 5.116255 155.388000 4.417184
v 1.939249 152.498000 8.531768
v 2.458203 151.710204 7.538324
v 2.540143 152.529997 7.945345
v 1.957458 151.623061 8.018158
v 2.840590 151.950698 7.003625
v 2.940739 152.614486 7.240404
v 2.348949 153.267455 7.900628
v 1.921040 153.041747 8.470490
v 2.685814 153.347716 7.327781
v 0.609998 153.022932 9.386458
v 1.383877 152.010375 8.955946
v 1.429399 152.937987 9.055890
v 0.609998 151.979262 9.223476
v 1.893727 152.177626 8.471554
v 2.057607 152.926421 8.429549
v 1.374773 153.763075 8.704127
v 0.691939 153.641615 9.067518
v 1.911936 153.817458 8.158736
v 1.493131 152.371580 9.502225
v 1.930144 153.297957 8.685624
v 1.356564 153.369658 9.234250
v 2.030293 152.553359 8.971438
v 0.509849 152.695006 9.517554
v 0.500745 153.475966 9.296458
v 1.210892 153.983260 8.801319
v 0.609998 154.145689 8.915226
v 1.729846 153.854674 8.365822
v 5.794134 158.210388 3.952857
v 5.537345 157.309036 4.271513
v 5.926801 157.655013 3.734350
v 5.539587 157.600387 4.408080
v 5.976892 158.447097 3.260919
v 6.038217 157.891723 3.142561
v 5.803666 157.509338 4.125842
v 5.687208 156.753677 4.417184
v 5.849157 157.035903 4.053006
v 5.623959 157.227096 4.608378
v 5.475472 157.764266 4.672109
v 5.302016 156.835601 4.936138
v 5.163450 157.254424 5.054496
v 5.542645 158.046508 4.216887
v 5.696670 156.034408 4.508228
v 5.909785 156.334869 4.271513
v 5.519078 156.435012 4.763153
v 6.053797 156.689941 3.834499
v 5.248103 154.969207 4.653900
v 5.320229 155.934264 4.663005
v 5.036422 155.224120 4.945242
v 5.519247 155.506362 4.362557
v 5.411782 154.714278 4.335244
v 5.775551 155.123977 4.062110
v 5.734325 155.970702 3.971066
v 5.988464 155.679351 3.697932
v 5.526495 156.544265 4.317035
v 5.012646 156.325759 4.999870
v 4.714853 155.597396 5.090914
v 5.219623 156.990386 4.626587
v -1.593280 154.394484 8.560496
v -1.593280 154.679030 8.351350
v -1.784473 154.385024 8.429231
v -1.429399 154.641524 8.438077
v -1.738951 154.705840 8.157733
v -1.893727 154.439696 8.193497
v 1.775369 154.304595 8.457013
v 1.775369 154.641188 8.226271
v 1.593280 154.605559 8.320108
v 1.985866 154.297835 8.312089
v 1.931239 154.673491 8.002358
v 2.113328 154.351821 8.043957
v -1.292833 154.318434 8.649411
v -1.283728 154.671599 8.398543
v -1.529549 154.320128 8.498685
v -1.092535 154.632155 8.498890
v -1.465817 154.706633 8.160160
v -1.657011 154.383650 8.200977
v 1.283728 154.186827 8.737516
v 1.283728 154.639708 8.422047
v 1.037908 154.584181 8.554596
v 1.575071 154.184035 8.550677
v 1.502235 154.690077 8.123506
v 1.748055 154.262847 8.176538
v -1.383877 153.966185 8.348080
v -1.119848 154.289900 8.649604
v -1.411191 154.354552 8.344830
v -1.074326 153.888976 8.682471
v -0.710148 154.339171 8.803909
v -0.673730 153.939955 8.790894
v -0.755670 154.709654 8.636345
v -1.037908 154.726683 8.489937
v -1.201788 154.693572 8.306212
v 0.955968 153.856551 8.543244
v 1.356564 154.277937 8.519062
v 0.919550 154.261321 8.673791
v 1.365668 153.879088 8.486354
v 1.629697 154.366698 8.205961
v 1.611488 153.980025 8.097307
v 1.183579 154.654921 8.423129
v 0.937759 154.621733 8.495265
v 1.438504 154.692092 8.203008
v -0.418805 153.928435 9.153593
v -0.027313 154.373106 9.024219
v -0.455223 154.313017 8.971153
v 0.018209 153.976668 9.152329
v -0.855819 153.912398 8.792478
v -0.946863 154.291930 8.672334
v -0.528058 154.651289 8.588126
v -0.919550 154.664488 8.476568
v -0.191194 154.648619 8.661109
v 0.309551 153.809386 8.833365
v 0.782983 154.213927 8.811860
v 0.282238 154.248534 8.866033
v 0.773879 153.771941 8.866967
v 1.183579 154.239119 8.562483
v 1.165370 153.834273 8.539045
v 1.019699 154.662459 8.469533
v 0.710148 154.683257 8.613414
v 0.391492 154.628768 8.618774
v -0.273134 153.753905 8.999460
v 0.118358 154.154479 9.053782
v -0.336865 154.201109 8.940266
v 0.154776 153.714262 9.195363
v 0.573581 154.195204 8.916693
v 0.628207 153.767546 8.971914
v 0.091045 154.587294 8.733797
v -0.172985 154.536940 8.673315
v 0.437014 154.549773 8.686633
v 6.487335 161.360519 2.004505
v 6.684834 161.114700 1.704057
v 6.504839 161.387848 1.840624
v 6.725527 161.069198 1.958982
v 6.483535 161.169342 2.095549
v 6.609464 160.905304 2.131967
v 6.683885 160.768722 1.558386
v 6.760475 160.641281 1.849729
v 6.662326 160.568435 2.031818
v 6.763394 160.368133 1.367192
v 6.818826 160.267990 1.649431
v 6.686011 160.213379 1.895251
v 6.653705 159.557846 2.213907
v 6.429552 160.550231 2.805696
v 6.348545 159.785461 3.069725
v 6.567518 160.550232 2.259429
v 6.504041 159.794555 1.467341
v 6.534491 160.504699 1.676744
v 6.422233 161.114700 2.277638
v 6.438348 161.142028 1.940773
v 6.368741 160.969039 2.641816
v 2.439994 153.352965 8.305991
v 2.476412 153.595656 8.020971
v 2.285218 153.582289 8.146138
v 2.649396 153.304930 8.115976
v 2.549248 153.533782 7.838643
v 2.767755 153.265227 7.904966
v 2.285218 153.683074 7.800972
v 2.157756 153.686858 7.910918
v 2.394472 153.664214 7.707928
v 2.585665 152.923430 8.398248
v 2.877008 152.901854 8.243599
v 2.904321 153.103896 7.903777
v 0.573581 154.132460 9.137838
v 1.065221 153.586745 9.393102
v 0.764774 154.199400 9.007417
v 0.846714 153.580321 9.425597
v 0.409700 154.054579 9.108084
v 0.691939 153.539534 9.396436
v -0.619103 153.895430 9.270328
v -0.382387 154.197661 9.227483
v -0.491641 154.216856 9.074891
v -0.473432 153.822508 9.458596
v -0.227611 154.129561 9.262285
v -0.291343 153.747221 9.567859
v -0.136567 154.333235 8.949296
v -0.236716 154.358382 8.842153
v -0.054627 154.299376 9.038684
v -0.773879 153.506972 9.364997
v -0.591790 153.385054 9.571575
v -0.327760 153.552946 9.618849
v 6.305571 157.791580 3.397485
v 6.259720 158.647399 3.333754
v 6.152143 158.192184 3.543157
v 6.446990 158.183074 3.160770
v 6.305122 158.702026 3.124352
v 6.500564 158.246810 2.942263
v 6.084224 158.993362 3.406590
v 5.984614 158.665588 3.552261
v 6.147577 159.020675 3.251815
v 6.455669 157.372772 3.388381
v 6.736589 157.472930 3.142561
v 6.803788 157.946350 2.823905
v 5.942837 157.645904 4.198677
v 5.604116 157.609496 4.690318
v 5.871233 157.336364 4.480915
v 5.664230 157.864425 4.389871
v 5.444835 157.491134 4.908825
v 5.647354 157.199783 4.708527
v 6.179381 157.236205 4.307931
v 5.956327 157.008605 4.617482
v 5.404207 158.000991 4.717632
v 5.478726 158.192184 4.535543
v 5.251080 157.864425 4.872407
v 6.302590 157.309036 4.089424
v 2.002980 153.754119 8.341708
v 2.030293 153.320982 8.547768
v 2.248801 153.409087 8.370196
v 1.711638 153.725203 8.502604
v 2.139547 153.719695 7.953763
v 2.358054 153.374922 8.061732
v 1.793578 153.974303 8.247393
v 1.493131 153.989180 8.402829
v 2.039398 153.901015 7.971476
v 2.230591 152.900420 8.536284
v 2.467308 152.912673 8.396283
v 2.476412 153.014662 8.089271
v 2.995366 152.927260 7.613485
v 2.949843 153.221923 7.218219
v 2.776859 153.291045 7.519681
v 3.104619 152.895720 7.261414
v 2.576561 153.344405 7.720107
v 2.795068 152.956893 7.829436
v 2.603874 153.560759 7.435315
v 2.813277 153.461409 7.192787
v 2.358054 153.617964 7.540722
v 3.195664 152.343871 7.184920
v 3.141037 152.351760 7.474366
v 2.940739 152.368926 7.732254
v 5.656597 156.034408 4.053006
v 5.284715 154.914565 4.180468
v 5.728591 155.469940 3.679723
v 5.189966 155.506362 4.526438
v 5.547506 156.444106 4.125842
v 5.792288 156.726364 3.679723
v 5.669333 157.117843 3.779873
v 3.823871 152.795974 5.878016
v 3.832976 153.689742 5.804750
v 3.432380 153.447341 6.306936
v 4.178945 153.297622 5.412029
v 3.204768 153.225524 6.568997
v 3.441484 152.547835 6.133602
v 4.315512 152.822799 4.985296
v 3.978647 152.377364 5.236213
v 3.541633 151.967986 5.456109
v 1.556862 153.783522 8.652023
v 1.593280 153.462447 9.108517
v 1.793578 153.432555 8.869125
v 1.383877 153.797423 8.936657
v 1.210892 154.067564 8.751187
v 1.101639 153.788619 9.065287
v 0.965072 154.060362 8.870018
v 1.420295 154.066374 8.502004
v 1.456713 153.090239 9.341785
v 1.720742 153.076811 9.224335
v 1.311042 153.422484 9.271629
v 1.984771 152.974654 9.023932
v 6.535666 160.677703 2.924054
v 6.482705 160.896194 2.596294
v 6.429111 161.069198 2.778383
v 6.638190 160.550232 2.614503
v 6.627972 160.186050 2.996890
v 6.678391 160.058578 2.660025
v 6.617990 159.685302 3.042412
v 6.739039 159.594253 2.778383
v 6.493817 159.721725 3.306441
v 6.425740 160.249786 3.224501
v 6.298708 160.741424 3.142561
v -0.537163 153.260207 9.346215
v 0.382387 152.206419 9.441018
v 0.345969 153.161742 9.430871
v -0.355074 152.170302 9.297999
v 1.128953 152.351439 9.265505
v 1.229101 153.153532 9.225844
v 0.364178 153.984557 9.025126
v -0.437014 153.873763 9.019151
v 1.110744 154.006453 8.740988
v 2.257905 152.155348 8.523911
v 1.702533 152.146971 9.024159
v 2.813277 152.191069 7.671092
v 2.012085 153.714537 8.176407
v 1.365668 153.702223 8.711445
v 2.476412 153.528868 7.565655
v 6.218680 156.562484 2.004504
v 5.912219 156.462326 2.823905
v 6.088812 155.943374 2.359577
v 6.100384 157.045013 2.350473
v 5.931272 157.454712 2.514353
v 6.063381 157.445602 1.804206
v 6.040506 157.846206 2.022713
v 6.438043 159.530532 2.332264
v 6.396190 158.547241 2.751069
v 6.433216 159.057083 2.159280
v 6.293105 159.066207 2.951368
v 6.338001 160.022171 2.505249
v 6.436674 159.803665 1.622117
v 6.397277 160.186050 1.704057
v 6.537597 158.510833 1.977191
v 6.611919 158.237686 2.459727
v 6.410394 158.984268 1.440028
v 6.356110 159.366653 1.549281
v 6.189384 159.430389 3.033307
v 6.231074 156.671722 1.230625
v 6.147419 157.054107 1.467341
v 6.309036 156.070846 1.649430
v 6.224161 155.542785 2.004504
v 5.813694 156.890243 3.051516
v 6.158715 155.988892 0.447642
v 6.012307 156.526047 0.256448
v 6.069526 155.433533 0.702566
v 5.914999 156.872024 1.968086
v 6.006789 157.363662 1.722266
v 5.815756 156.180084 2.213906
v 5.954347 154.477554 2.150175
v 5.697627 154.058746 2.705546
v 6.008370 155.042038 1.758683
v 5.690943 155.852325 3.124352
v 5.471303 155.296966 3.470321
v 5.848404 156.334869 2.714651
v 5.926886 155.032943 3.370172
v 5.498128 154.341277 3.816290
v 6.007854 155.633819 2.987784
v 5.907641 156.079940 3.151665
v 5.130606 155.843230 4.571960
v 6.173721 155.433533 1.066745
v 5.949417 154.823532 1.412714
v 6.175314 155.961578 0.875551
v 5.813940 156.161880 2.559875
v 5.713228 155.588287 2.842113
v 5.950300 156.780990 2.241220
v 0.136567 152.523451 9.311564
v 0.837610 151.930800 8.933710
v 0.892237 152.536910 9.110743
v 0.136567 151.891341 9.125542
v -0.573581 152.536696 9.098030
v -0.537163 151.959197 8.963662
v 0.018209 153.212645 9.299542
v 0.883132 153.200423 9.182034
v -0.546267 153.094893 9.144845
v 0.782983 151.607817 8.662302
v 0.145671 151.520125 8.846167
v -0.528058 151.593016 8.772560
v 1.411191 152.103255 8.751621
v 1.957458 152.856078 8.304809
v 1.511340 152.684844 8.893869
v 1.957458 152.285399 8.242078
v 0.655521 152.578764 9.189568
v 0.628207 152.019682 8.967890
v 1.411191 153.377486 8.892724
v 1.921040 153.253981 8.364089
v 0.691939 153.245909 9.197846
v 1.738951 151.779738 8.043193
v 1.256415 151.621764 8.545039
v 0.573581 151.614592 8.696991
v 5.483304 154.058746 2.696442
v 5.660908 155.060241 2.550771
v 5.533153 154.568603 3.097038
v 5.599149 154.677856 2.241219
v 5.262797 154.072540 3.579574
v 5.188361 153.686386 3.106142
v 5.515386 155.260528 3.370172
v 5.671045 155.588287 2.969576
v 5.302793 154.514251 3.770768
v 5.515204 154.268158 2.059130
v 5.332918 153.831512 2.304950
v 5.087672 153.388855 2.656810
v 5.012528 153.795318 4.053005
v 4.615819 152.948699 4.243260
v 5.001472 153.380035 3.744934
v 4.630949 153.347045 4.590884
v 5.295038 154.314849 3.534052
v 5.236095 153.963516 3.242709
v 4.980285 154.400298 4.253304
v 4.554631 154.010253 4.744944
v 5.196206 154.768905 3.898230
v 4.479392 152.710494 3.917555
v 4.767353 153.051864 3.430664
v 5.062378 153.510391 3.017792
v 6.030596 155.743072 1.540176
v 5.878678 154.896362 1.476445
v 6.007784 155.378906 1.048536
v 5.841473 155.133072 1.740474
v 5.931238 156.234726 1.139580
v 5.903678 155.988892 0.529582
v 5.879720 155.988891 1.968086
v 5.816078 155.415313 2.177488
v 5.917422 156.425903 1.567490
v 5.874629 154.632324 1.166893
v 5.841733 155.114883 0.620626
v 5.905937 155.688446 0.311075
v 5.805986 154.950989 1.021222
v 5.844195 155.779495 1.030327
v 5.854847 155.096649 1.467341
v 5.864134 155.597397 0.711671
v 5.616353 154.477554 1.822414
v 5.583450 154.213531 1.248833
v 5.841647 156.161880 1.430923
v 5.814071 155.606506 1.831519
v 5.652527 155.123977 2.213906
v 5.801905 155.460846 0.338388
v 5.730683 154.896362 0.556895
v 5.617668 154.286362 0.711671
v 5.779415 155.023819 2.477935
v 5.924204 155.196808 1.767788
v 5.890214 155.542785 2.059130
v 5.817121 154.677856 2.059130
v 5.617467 154.577713 2.787486
v 5.626946 154.177124 2.395995
v 5.676639 155.442627 2.751069
v 5.798460 155.825027 2.432413
v 5.583951 154.905471 3.051516
v 5.804170 154.823532 1.485549
v 5.705659 154.404724 1.658534
v 5.540542 153.976806 1.977190
v 6.246201 161.260375 2.960472
v 5.716312 154.122482 2.905844
v 5.444033 153.692413 3.397485
v 5.897236 154.814407 2.732860
v 5.331205 155.433532 4.034797
v 5.009434 154.805312 4.244199
v 5.580328 155.916046 3.716141
v 0.336865 152.797346 9.761101
v 0.983281 153.807127 9.110153
v 0.254925 153.755721 9.341084
v 1.119848 153.089125 9.363593
v -0.737461 153.087233 9.537834
v -0.609998 153.804457 9.160358
v 0.045522 154.517363 8.908443
v -0.373283 154.424147 8.844013
v 0.573581 154.431715 8.813885
v 5.805217 156.234725 3.133456
v 6.035379 156.225616 2.414204
v 5.946803 156.571579 2.660024
v 6.007669 155.770385 2.833009
v 5.655663 155.679351 3.488530
v 5.866013 155.133071 3.133456
v 5.771212 156.653518 3.288232
v 5.844514 157.108749 2.860322
v 5.586696 155.961578 3.679723
v 6.106394 155.815902 2.113757
v 6.069767 155.442627 2.368682
v 6.026116 154.787124 2.723755
v 3.687304 155.606505 7.678249
v 3.887603 155.333373 7.675962
v 4.087900 155.615615 7.495283
v 3.487006 155.360701 7.961125
v 3.924020 155.879637 7.356917
v 4.215363 155.870543 7.212736
v 3.304917 155.743071 7.844260
v 3.022679 155.674040 8.152534
v 3.659991 155.906966 7.491630
v 4.424766 155.524550 7.361901
v 4.634168 155.815902 7.224703
v 4.670586 155.988890 7.042542
v 4.452079 155.916045 7.108596
v 4.843570 155.825026 7.113506
v 4.916406 156.089049 6.931241
v 4.160736 155.570098 7.401727
v 4.424766 156.143676 6.835708
v 4.879045 156.289351 6.685421
v 3.869394 155.825026 7.357892
v 3.578051 155.560988 7.645035
v 4.206258 156.134566 6.959281
v 5.271217 156.116347 6.875387
v 5.243083 156.325759 6.747925
v 5.158205 156.435012 6.556768
v 4.260885 155.715758 7.246616
v 4.534019 155.542784 7.242432
v 4.716108 155.815902 7.014066
v 3.960438 155.378905 7.511442
v 4.315512 155.943374 6.835993
v 4.761095 156.016204 6.722192
v 3.769244 155.706664 7.394827
v 3.477902 155.542784 7.685956
v 4.087900 155.961577 6.997632
v 5.071005 155.861434 6.921095
v 5.161570 156.089049 6.784424
v 5.105615 156.216521 6.611447
v -3.332231 155.524932 7.830544
v -3.468797 155.272719 7.832399
v -3.086410 155.319960 8.116801
v -3.714618 155.542784 7.612848
v -3.614469 155.806807 7.462337
v -3.887492 155.806807 7.294192
v -2.968052 155.661132 7.986301
v -2.640292 155.643904 8.273355
v -3.359544 155.815901 7.610176
v -3.987751 155.433532 7.448968
v -4.232932 155.715758 7.257774
v -4.303800 155.906966 7.057476
v -4.120337 156.098143 6.848074
v -4.519441 155.998000 6.902700
v -4.105074 155.843230 7.157625
v -4.540131 156.243819 6.629567
v -3.550738 155.752181 7.472509
v -3.778349 155.488143 7.512699
v -3.204768 155.489058 7.797256
v -3.940404 156.089049 7.021058
v -4.762424 155.961577 6.747925
v -4.756877 156.189193 6.602254
v -4.404914 155.706664 7.121207
v -4.714298 156.325759 6.411060
v -3.887603 155.633818 7.330610
v -4.087900 155.433532 7.312401
v -3.541633 155.308425 7.649266
v -4.295627 155.706664 7.039267
v -3.995031 155.879638 6.902700
v -4.382742 155.934264 6.720611
v -3.423275 155.624724 7.529383
v -3.104619 155.471373 7.839417
v -3.786970 155.897857 7.084789
v -4.593775 155.715758 6.866283
v -4.698369 155.952468 6.665985
v -4.684187 156.116347 6.493000
v 1.092535 156.460783 9.411512
v 2.075816 155.971434 9.150404
v 1.766264 156.355071 9.143863
v 1.365668 156.105299 9.445947
v 2.558352 155.818312 8.859172
v 2.267009 156.208769 8.888133
v 0.846714 156.812315 9.277532
v 1.429399 156.749709 9.129134
v 1.839100 155.634642 9.439647
v 2.521934 155.532759 9.127594
v 1.948354 156.620116 8.945881
v 2.940739 155.419569 8.824463
v -2.157756 156.648055 8.816063
v -1.392982 157.261702 8.971712
v -1.839100 157.165007 8.593459
v -1.684324 156.821608 9.184191
v -1.392982 156.276900 9.400416
v -1.993876 156.210722 9.171387
v -1.110744 156.821638 9.377312
v 2.221487 156.680571 8.796913
v 2.276114 156.982848 8.444613
v 1.948354 157.055678 8.792095
v 2.694919 156.478591 8.385607
v 2.066711 155.970793 9.193311
v 2.731337 155.999999 8.790312
v 1.593280 156.623442 9.114930
v -2.558352 155.927290 8.670704
v -2.439994 155.647841 8.941069
v -2.139547 156.106093 8.951349
v -2.849695 155.580748 8.626535
v -2.795068 155.888747 8.277504
v -3.049993 155.588561 8.208524
v 2.858799 155.910750 8.498751
v 3.568947 155.570098 7.989657
v 3.304917 155.780455 8.035155
v 3.150142 155.570098 8.440532
v 3.933125 155.652022 7.612199
v 3.641782 155.761290 7.656542
v -1.311042 156.403349 9.414468
v -2.057607 155.868514 9.140874
v -1.547757 155.966185 9.344078
v -1.820891 156.316130 9.179410
v -2.348949 155.757750 8.791103
v -2.121338 156.183165 8.816969
v -0.974177 156.888747 9.409058
v -1.529549 156.738448 9.087350
v -2.248801 155.482787 9.002007
v -1.775369 155.588606 9.332407
v -2.021189 156.371397 8.820836
v -2.521934 155.407942 8.625022
v 2.367158 155.984496 8.829958
v 3.141037 155.570098 8.362926
v 2.767755 155.935286 8.487177
v 2.767755 155.623030 8.700283
v 3.304917 155.597396 7.971770
v 3.040888 155.815932 8.141890
v 2.012085 156.358687 8.915553
v 2.321636 156.401885 8.722759
v 3.414171 155.306059 8.247018
v 3.104619 155.256987 8.603735
v 2.494621 156.388808 8.549000
v 3.605364 155.406203 7.887138
v -3.777847 156.234725 7.286871
v -3.177455 156.316664 8.076140
v -3.341335 156.252928 7.489713
v -3.650887 156.170989 7.930489
v -2.795068 156.301146 8.524376
v -3.213873 155.943373 8.489176
v -2.713128 156.529326 7.963101
v -3.141037 156.289351 7.603360
v -2.367158 156.833159 8.147734
v -4.284456 156.262023 7.130312
v -4.115214 155.998000 7.740310
v -3.659991 155.697554 8.276085
v 4.433870 156.280226 7.321417
v 3.814767 156.371276 7.734325
v 4.242676 156.252928 7.769041
v 4.124318 156.380385 7.294708
v 3.141037 156.490904 8.067070
v 3.769244 156.262450 8.161691
v 3.013575 156.604247 7.632854
v 3.523424 156.354323 7.369146
v 2.631187 156.917525 7.872936
v 5.025660 156.298461 7.505181
v 4.907301 156.271132 7.933963
v 4.534019 156.170989 8.264862
v -0.628207 156.290694 9.567888
v -0.965072 157.223936 9.171553
v -1.201788 156.352553 9.419278
v -0.391492 157.261397 9.397322
v -1.429399 155.792494 9.395983
v -0.846714 155.774245 9.601653
v -0.072836 156.291731 9.632076
v 0.100149 157.064711 9.379112
v -0.309551 155.848448 9.722492
v -0.655521 157.238982 9.570306
v -0.063731 156.712447 9.852544
v 0.063731 157.201018 9.688664
v -0.928654 156.617323 9.662101
v -1.301937 157.106368 9.296483
v -1.502235 156.592543 9.497138
v -1.010594 156.186034 9.712670
v -1.657011 156.098357 9.536321
v -0.236716 156.299956 9.805220
v -0.418805 157.611998 9.297172
v 0.091045 157.601256 9.451948
v -0.983281 157.593779 9.083943
v -1.420295 157.122191 9.238130
v -1.028803 156.388533 9.547293
v -0.755670 157.150145 9.443296
v -1.793578 156.359358 9.344820
v -2.021189 156.844573 8.858880
v -2.203278 156.201872 9.000233
v -1.001490 157.675719 8.914638
v -0.364178 157.602873 9.251650
v -1.729846 157.323378 8.592247
v -1.493131 155.740187 9.533970
v -2.285218 155.643355 9.254498
v -2.531039 155.682188 8.869808
v -3.405066 155.715758 7.849215
v -3.332231 155.389433 8.129219
v -3.049993 155.597396 8.266059
v -3.714618 155.624724 7.659725
v -3.687304 155.879637 7.304047
v -4.023206 155.906966 7.157625
v -3.141037 155.897856 7.872263
v -2.813277 155.961577 8.219667
v -3.423275 155.916045 7.563040
v -3.832976 155.388381 7.840459
v -4.178866 155.670226 7.430759
v -4.429351 155.988890 6.948223
v -2.476412 156.006514 8.800355
v -2.995366 155.454680 8.650418
v -2.585665 155.425810 9.010393
v -2.048502 155.513991 9.312604
v -0.828505 157.347990 9.123541
v -0.446118 157.405501 9.734186
v 0.072836 157.602873 9.333589
v -0.336865 157.703017 9.242545
v 0.081940 157.116423 9.761499
v -0.482536 156.567351 10.152991
v 0.036418 156.500349 10.162096
v -0.755670 157.356795 9.597620
v -0.528058 157.721251 9.133292
v -1.065221 156.500807 9.888962
v -1.921040 156.465758 8.927575
v -2.239696 156.355834 8.659431
v -2.722232 155.284087 8.812376
v -3.104619 155.302901 8.525943
v -2.576561 156.203200 8.281158
v -3.295813 155.389525 8.140537
v -3.131933 155.852324 8.587832
v -1.948354 156.710066 9.016796
v -2.622083 156.404662 8.650596
v -2.467308 155.970702 8.938990
v -3.578051 155.488143 8.479343
v -2.877008 155.456435 8.868386
v -3.659991 155.952468 7.889874
v -4.151632 155.852324 7.822250
v -3.159246 156.207396 7.870073
v -1.356564 157.603377 8.679784
v -2.148652 157.089842 8.311829
v -2.922530 156.298461 7.782759
v -2.658501 155.879637 8.437899
v -2.467308 155.584471 8.739517
v -2.294323 155.917250 8.706349
v -2.877008 155.517485 8.368889
v -2.940739 155.788603 7.986576
v -3.177455 155.561370 7.938933
v -2.658501 156.089049 8.091906
v -2.276114 156.368865 8.486151
v -1.902831 156.526686 8.670137
v -2.658501 155.233443 8.717446
v -3.059097 155.258971 8.259061
v -3.405066 155.380431 7.893138
v -2.421785 155.877455 8.873209
v -2.740441 156.052626 8.450985
v -2.940739 155.706664 8.514452
v -2.185069 156.346465 8.797003
v -2.694919 155.467619 8.877397
v -3.168350 155.381606 8.495571
v -2.886112 156.207396 7.943787
v -2.521934 156.461623 8.288798
v -3.077306 155.934264 7.902890
v -3.304917 155.733962 8.022060
v -3.596260 155.551879 7.957898
v -2.112234 156.786589 8.655422
v -3.823871 155.570098 7.914046
v -3.778349 155.998000 7.525901
v -4.132939 155.916045 7.394341
v -3.423275 155.743071 8.077555
v -4.433386 155.733962 7.448968
v -4.547983 155.988890 7.057476
v -3.605158 156.125457 7.178440
v -3.341335 156.143676 7.524016
v -3.949350 156.107253 7.011954
v -4.184069 156.079940 6.893596
v -4.515327 156.189193 6.720611
v -2.913426 156.161879 7.864700
v -1.802682 157.186034 9.101471
v -1.465817 156.657896 9.462598
v -1.001490 157.395049 9.292192
v -2.257905 156.468550 9.309899
v -2.367158 156.756087 8.665190
v -2.740441 156.194106 8.795829
v -1.138057 157.675719 8.839924
v -0.446118 157.766768 9.187919
v -1.839100 157.398665 8.467376
v -1.802682 156.042021 9.414602
v -2.594770 155.772826 9.215635
v -3.250291 155.688445 8.731058
v -2.704023 156.138381 8.712858
v -3.823871 155.943373 7.923554
v -3.095515 155.633818 8.623953
v -3.323126 156.116347 7.999052
v -4.122091 156.152785 7.157625
v -3.768718 156.125457 7.203148
v -2.166860 156.854445 8.509507
v -2.977157 156.298461 7.910888
v -3.487006 156.079940 7.248024
v -1.192684 157.575575 9.258083
v -0.500745 157.712141 9.251650
v -0.819401 157.794081 8.908567
v -0.746565 157.400511 9.661350
v -2.002980 156.622877 9.513489
v -1.438504 156.724440 9.872010
v -1.866413 157.287520 8.961144
v -0.983281 157.839598 8.646455
v -2.421785 156.402174 9.137849
v 0.318656 156.487181 9.634037
v 0.864923 156.994933 9.333382
v 0.318656 157.169737 9.488367
v 0.910446 156.428404 9.516666
v 0.782983 155.845488 9.483199
v 0.218507 155.925490 9.699806
v -0.355074 156.497450 9.615519
v -0.127462 157.304839 9.488367
v -0.300447 155.896025 9.742177
v 1.010594 156.331267 9.553065
v 1.383877 157.247420 9.062525
v 0.619103 157.212370 9.454182
v 1.684324 156.445937 9.264414
v 2.012085 155.892821 9.250555
v 1.274624 155.785475 9.620871
v 0.409700 156.378020 9.688418
v 0.209402 157.140990 9.524784
v 0.591790 155.891646 9.802580
v 1.110744 157.006132 9.419763
v 0.609998 156.435057 9.816127
v 1.392982 156.423964 9.646823
v 0.300447 157.029143 9.706873
v 1.757160 157.019713 9.039639
v 2.185069 156.310759 9.088134
v 0.874028 157.575575 9.179083
v 0.118358 157.546355 9.442843
v 1.429399 157.602873 8.829386
v 0.746565 155.812971 9.847397
v 1.911936 155.766447 9.678850
v 2.676710 155.655653 9.275494
v 1.802682 157.179228 8.918030
v 1.793578 156.382399 9.205123
v 2.694919 156.290678 8.831559
v 0.965072 157.290999 9.321841
v 1.347459 157.630202 8.771493
v 0.691939 157.693938 9.278025
v 2.385367 156.965788 8.398189
v 3.304917 156.053191 8.149645
v 2.057607 157.425627 8.279611
v 2.694919 155.628600 9.221284
v 3.377753 155.652022 8.759099
v 3.814767 155.761290 8.147560
v 3.195664 155.915434 8.273021
v 3.623573 155.497252 8.312183
v 3.277604 155.353362 8.785235
v 1.365668 157.049223 9.057832
v 2.585665 155.442503 9.188046
v 0.874028 156.489699 9.943589
v 0.182089 157.230315 9.688664
v 0.382387 156.505415 10.080155
v 0.600894 157.354231 9.697925
v 1.110744 157.318144 9.457834
v 1.365668 156.444762 9.817219
v 2.521934 156.347060 8.496381
v 2.968052 156.131835 8.140837
v 3.523424 155.287856 8.324377
v 3.960438 155.433531 7.903910
v 3.350440 155.973082 7.757016
v 4.361034 155.652022 7.609644
v 2.394472 156.875273 8.772276
v 3.778349 156.207396 8.262489
v 3.195664 156.467620 8.205224
v 3.031784 156.278075 8.761436
v 4.424766 156.170989 7.640314
v 3.778349 156.207396 7.518758
v 1.884622 157.593779 8.346922
v 2.685814 156.867278 7.969785
v 4.606854 156.079939 8.163783
v 3.687304 155.815901 8.790783
v 3.623573 156.262023 7.370928
v 5.052973 156.243819 7.632382
v 3.687304 155.679351 7.683391
v 3.596260 155.342467 7.911109
v 4.033274 155.615615 7.570082
v 3.277604 155.542784 8.021145
v 4.069692 155.934264 7.257265
v 4.470287 155.906966 7.172269
v 3.459693 155.815901 7.722151
v 3.068202 155.776320 8.040156
v 3.814767 156.007109 7.335264
v 3.842080 155.233229 7.829528
v 4.333721 155.551879 7.527167
v 4.879988 155.870543 7.149846
v 3.350440 155.633818 8.350433
v 3.295813 155.948287 7.974157
v 2.877008 156.089125 8.368563
v 3.723722 155.697554 8.033729
v 4.251781 155.697554 7.920682
v 3.805662 155.406203 8.250119
v 3.614469 155.934264 7.357742
v 3.587156 155.870543 7.596969
v 3.031784 156.219069 7.819887
v 3.969543 155.743071 7.650760
v 4.497601 155.852324 7.554714
v 2.321636 156.879485 8.401206
v 4.588645 155.770384 7.671545
v 4.288198 155.961577 7.340507
v 3.924020 155.761290 7.672571
v 4.752526 156.016204 7.333817
v 5.116704 155.943373 7.431194
v 5.107599 156.125457 7.112606
v 4.816257 156.143676 6.913852
v 5.043212 156.262023 6.766637
v 4.115214 156.089049 7.027300
v 4.515810 156.061721 6.989770
v 3.842080 156.070845 7.157686
v 3.395962 156.071563 7.456600
v 2.130443 157.129561 8.895989
v 1.921040 156.253676 9.374779
v 2.831486 156.252669 9.001510
v 1.074326 157.156004 9.437975
v 2.795068 156.630202 8.426380
v 3.459693 156.093962 8.472514
v 3.450589 155.697554 8.855256
v 4.269989 155.970702 8.357873
v 2.767755 155.726790 9.330962
v 1.511340 157.630202 8.642692
v 0.637312 157.666609 9.143141
v 1.939249 157.584670 8.293138
v 3.323126 156.051161 7.982200
v 4.488497 156.070845 7.629044
v 3.896707 156.098143 7.610734
v 3.996856 155.715758 8.019456
v 4.561332 156.170989 7.062811
v 4.197154 156.098143 7.088580
v 2.713128 156.666793 8.054966
v 3.350440 156.203200 7.510657
v 4.952824 156.089049 7.450658
v 4.479392 155.724868 7.808997
v 3.896707 156.170989 7.129137
v 5.025660 156.189193 6.939872
v 1.620593 157.418990 9.175654
v 0.737461 157.639311 9.138118
v 0.974177 157.518034 9.489578
v 1.210892 157.739455 8.785048
v 2.367158 156.670470 9.157698
v 1.802682 156.598006 9.609263
v 2.148652 157.314040 8.780101
v 1.383877 157.775862 8.504000
v 2.858799 156.553282 8.718749
v 0.136567 157.573668 9.461053
v 0.746565 156.699217 9.498479
v 0.628207 157.354018 9.293876
v -0.009104 156.793883 9.743291
v -0.400596 157.510710 9.233441
v -0.892237 156.644438 9.509461
v 0.427909 155.880415 9.718761
v -0.172985 155.965605 9.927292
v -0.901341 155.914824 9.743117
v -4.995159 155.879638 5.409570
v -4.677803 155.579207 5.992255
v -5.045531 155.388000 5.291212
v -4.874876 154.923675 5.755539
v -4.231468 155.342467 6.574940
v -4.385587 154.725570 6.323697
v -6.386908 158.774856 3.188083
v -6.417936 158.938736 2.833009
v -6.259959 158.856796 3.415695
v -6.196510 159.312026 3.233606
v -6.298172 160.249786 3.233606
v -6.518421 160.186050 3.005994
v -6.360907 159.730819 3.324650
v -6.504040 159.685302 3.042412
v -6.591057 160.049484 2.641816
v -6.646706 159.594253 2.760174
v 0.227611 154.293181 8.795623
v 0.345969 154.297194 8.817015
v 0.291343 154.315611 8.594859
v 0.355074 154.329054 8.597372
v 0.582685 154.290602 8.806747
v 0.509849 154.323424 8.622717
v 0.518954 157.675719 9.246697
v 0.910446 157.611998 9.066749
v 0.163880 157.602873 9.333589
v 5.789141 156.872024 4.107633
v 6.001585 157.199783 3.606888
v 5.911925 156.362182 3.989275
v 6.061348 156.671722 3.579574
v 6.092316 157.454711 3.115247
v 6.262155 156.953964 3.106143
v -4.070729 153.852782 6.192286
v -3.889848 153.412261 6.362892
v -4.211612 153.035964 5.901745
v -4.388807 153.462279 5.703557
v -3.791282 152.799025 6.174334
v -3.505828 153.076583 6.565793
v -1.939249 150.791625 3.111341
v -1.757160 150.535751 3.218042
v -2.130443 151.025711 3.005860
v -4.251727 155.834120 7.612848
v -3.541633 155.406584 8.431329
v -4.473585 156.180083 6.975537
vt 0.392600 -0.310500
vt 0.220700 -0.260700
vt 0.823700 0.160600
vt 0.744600 -0.148400
vt 0.314900 -0.437500
vt 0.376060 0.684587
vt 0.305200 -0.313500
vt 0.007800 -0.314500
vt 0.305200 -0.313500
vt 0.877900 0.209500
vt 0.177500 -0.261700
vt 0.766600 -0.294900
vt 0.877900 0.209500
vt 0.161951 0.736856
vt 0.020200 -0.443400
vt 0.376060 0.684587
vt 0.855000 0.207000
vt 0.906300 -0.298800
vt 0.823700 0.160600
vt 0.877900 0.209500
vt 1.828100 0.202600
vt 0.223100 -0.313500
vt 0.192458 0.543153
vt 0.188400 -0.372100
vt 0.007800 -0.314500
vt 0.009761 0.685722
vt 0.019900 -0.085900
vt 0.562000 -0.370100
vt 0.482200 -0.088900
vt 0.858900 -0.351600
vt 0.758800 -0.205100
vt 0.031100 -0.034200
vt 0.877900 0.209500
vt 0.177900 -0.197300
vt 0.418000 -0.195300
vt 0.305200 -0.313500
vt 1.920900 0.132300
vt 0.181900 -0.450200
vt 0.182700 -0.319300
vt 1.754900 -0.352500
vt 1.818400 0.150900
vt 0.177500 -0.261700
vt 0.423300 -0.058600
vt 0.077362 0.678660
vt 0.307400 -0.370100
vt 0.100300 -0.254900
vt 0.481000 -0.047900
vt 0.095400 -0.146500
vt 0.594700 -0.277300
vt 0.188400 -0.372100
vt 0.101300 -0.315400
vt 0.212500 -0.370100
vt 0.182700 -0.319300
vt 0.308305 0.623929
vt 0.220700 -0.260700
vt 0.307400 -0.370100
vt 0.832000 0.200700
vt 1.019500 -0.201200
vt 0.186600 -0.047900
vt 0.392600 -0.431600
vt 0.223100 -0.313500
vt 0.492200 -0.382800
vt 0.852100 0.161600
vt 1.755900 -0.405300
vt 0.428000 -0.432600
vt 0.220700 -0.260700
vt 0.021600 -0.152300
vt 0.223100 -0.313500
vt 0.188400 -0.372100
vt 1.882800 0.042500
vt 0.294098 0.758195
vt 0.221984 0.557436
vt 0.021600 -0.152300
vt 0.988300 0.096700
vt 1.019500 -0.201200
vt 0.428000 -0.432600
vt 0.924300 0.140100
vt 0.307400 -0.370100
vt 0.877900 0.209500
vt 0.100300 -0.254900
vt 0.886700 0.106000
vt 0.223100 -0.313500
vt 0.988300 0.096700
vt 0.990200 -0.144500
vt 0.869100 -0.193400
vt 0.297400 -0.247100
vt 0.179400 -0.207000
vt 1.760700 -0.293000
vt 0.546900 -0.269500
vt 0.158657 0.736856
vt 0.853500 -0.171900
vt 0.177500 -0.261700
vt 1.890600 0.209000
vt 0.928700 -0.137700
vt 1.100600 -0.089800
vt 1.841800 0.037100
vt 0.297400 -0.247100
vt 0.223100 -0.313500
vt 0.181900 -0.450200
vt 0.873000 -0.077100
vt 0.229242 0.755494
vt 0.021600 -0.152300
vt 0.181900 -0.450200
vt 0.983900 -0.079100
vt 0.883800 0.514600
vt 0.714800 -0.049800
vt 0.220700 -0.260700
vt 0.100300 -0.254900
vt 0.587900 -0.147500
vt 0.212500 -0.370100
vt 0.182700 -0.319300
vt 0.949200 0.144000
vt 0.220700 -0.260700
vt 0.025000 -0.084000
vt 0.410200 -0.146500
vt 0.297400 -0.247100
vt 0.181900 -0.450200
vt 0.928200 -0.073200
vt 1.093800 -0.215800
vt 1.098600 -0.157200
vt 0.307400 -0.370100
vt 0.212500 -0.370100
vt 0.098900 -0.030300
vt 0.230168 0.698859
vt 0.100300 -0.254900
vt 0.839400 0.032700
vt 0.213900 -0.435500
vt 0.307400 -0.370100
vt 0.099100 -0.220700
vt 0.182700 -0.319300
vt 0.006800 -0.367200
vt 0.983900 -0.203100
vt 0.099500 -0.089800
vt 0.393800 -0.365200
vt 0.982900 0.149400
vt 0.179400 -0.207000
vt 0.868200 -0.139600
vt 0.307400 -0.370100
vt 0.869100 -0.193400
vt 0.307400 -0.370100
vt 0.006800 -0.367200
vt 0.486600 -0.264600
vt 0.839400 0.032700
vt 0.182700 -0.319300
vt 1.818400 0.150900
vt 0.392600 -0.310500
vt 0.869100 -0.193400
vt 0.546900 -0.269500
vt 0.307400 -0.370100
vt 0.006800 -0.367200
vt 0.297741 0.688551
vt 1.752900 -0.356400
vt 0.923800 -0.204100
vt 0.082562 0.677443
vt 0.294098 0.758195
vt 0.562000 -0.376000
vt 1.181600 -0.160200
vt 0.373000 -0.254900
vt 0.221984 0.557436
vt 0.869100 -0.193400
vt 0.810100 0.110800
vt 0.977500 0.037600
vt 1.019500 -0.201200
vt 0.307400 -0.370100
vt 0.182700 -0.319300
vt 0.025300 -0.257800
vt 0.888700 0.049800
vt 0.416500 -0.063500
vt 0.095400 -0.146500
vt 0.101300 -0.369100
vt 0.810100 0.110800
vt 0.227061 0.686636
vt 0.588900 -0.433600
vt 1.025400 -0.041000
vt 0.307400 -0.370100
vt 0.734900 -0.277300
vt 0.391906 0.556928
vt 0.920900 0.094200
vt 0.101300 -0.369100
vt 0.305200 -0.313500
vt 1.855500 -0.415000
vt 0.877900 0.209500
vt 0.393800 -0.365200
vt 0.868200 -0.139600
vt 0.888700 0.050800
vt 0.028200 -0.209000
vt 1.180700 -0.172900
vt 0.006800 -0.367200
vt 0.101300 -0.369100
vt 0.392600 -0.310500
vt 1.855500 -0.293000
vt 0.006800 -0.367200
vt 0.091300 -0.028300
vt 0.818800 0.372100
vt 1.181600 -0.161100
vt 0.220700 -0.260700
vt 0.861800 -0.111300
vt 0.810100 0.110800
vt 0.666500 -0.268600
vt 0.007800 -0.314500
vt 0.855000 0.207000
vt 0.392600 -0.431600
vt 0.025300 -0.257800
vt 0.869100 -0.193400
vt 0.188400 -0.372100
vt 0.928700 -0.137700
vt 0.955100 -0.173800
vt 0.549300 -0.182600
vt 0.006800 -0.367200
vt 0.007800 -0.314500
vt 1.804700 0.093300
vt 1.802700 -0.416000
vt 0.024700 -0.085900
vt 1.763700 -0.416000
vt 0.345257 0.553414
vt 0.101300 -0.315400
vt 0.869100 -0.193400
vt 0.888700 0.050800
vt 1.754900 -0.352500
vt 0.983900 -0.079100
vt 0.092800 -0.207000
vt 0.223100 -0.313500
vt 0.223100 -0.313500
vt 0.025300 -0.257800
vt 0.391906 0.556928
vt 1.850600 0.090800
vt 0.007800 -0.314500
vt 1.176800 -0.214800
vt 0.101300 -0.369100
vt 0.101300 -0.315400
vt 0.031100 -0.034200
vt 0.888700 0.050800
vt 0.223100 -0.313500
vt 0.101300 -0.369100
vt 0.186600 -0.047900
vt 0.392600 -0.310500
vt 0.983900 -0.079100
vt 0.391906 0.556928
vt 0.179400 -0.207000
vt 0.810100 0.110800
vt 0.297400 -0.247100
vt 0.927200 -0.190400
vt 0.045295 0.574077
vt 0.791000 0.049800
vt 0.177500 -0.261700
vt 0.027100 -0.066400
vt 0.983900 -0.079100
vt 0.791000 0.049800
vt 0.223100 -0.313500
vt 0.392600 -0.431600
vt 1.018600 -0.127000
vt 1.098600 -0.156300
vt 0.213900 -0.435500
vt 0.990200 -0.144500
vt 0.100300 -0.254900
vt 0.393800 -0.365200
vt 0.007300 -0.340800
vt 0.791000 0.049800
vt 0.101300 -0.369100
vt 0.181900 -0.450200
vt 0.392600 -0.431600
vt 0.308305 0.623929
vt 0.006800 -0.367200
vt 0.229242 0.755494
vt 0.212500 -0.370100
vt 0.098000 -0.086900
vt 0.990200 -0.144500
vt 0.100300 -0.254900
vt 0.868200 -0.139600
vt 0.007800 -0.314500
vt 0.924300 0.140100
vt 0.007800 -0.314500
vt 0.584000 -0.323200
vt 0.888700 0.049800
vt 0.928700 -0.137700
vt 0.791000 0.049800
vt 0.868200 -0.139600
vt 0.811000 -0.339800
vt 0.297400 -0.247100
vt 0.873000 -0.077100
vt 0.810500 -0.413100
vt 0.950200 0.094700
vt 1.759800 -0.291000
vt 0.791000 0.049800
vt 0.179400 -0.207000
vt 0.568400 -0.195300
vt 1.754900 -0.352500
vt 0.923800 -0.204100
vt 0.019814 0.625090
vt 1.100600 -0.036100
vt 0.928200 -0.073200
vt 0.297400 -0.247100
vt 0.951200 -0.404300
vt 0.007800 -0.314500
vt 1.826200 0.200700
vt 0.294098 0.758195
vt 1.807600 -0.350600
vt 1.018600 -0.156300
vt 0.667000 -0.445300
vt 0.983900 -0.203100
vt 0.095900 -0.147500
vt 0.197658 0.545466
vt 0.941400 -0.084000
vt 0.810100 0.111300
vt 0.847700 0.108400
vt 0.392600 -0.431600
vt 0.213900 -0.435500
vt 0.185400 -0.095700
vt 0.020200 -0.443400
vt 0.392600 -0.431600
vt 0.028200 -0.209000
vt 0.392728 0.569358
vt 0.852100 0.160600
vt 0.028200 -0.209000
vt 0.549800 -0.058600
vt 1.981400 0.134800
vt 1.806600 0.092300
vt 0.101300 -0.315400
vt 0.888700 0.161600
vt 0.314900 -0.437500
vt 0.888700 0.161600
vt 0.095700 -0.151400
vt 0.020200 -0.443400
vt 1.100600 -0.082000
vt 0.888700 0.161600
vt 0.297400 -0.247100
vt 0.846700 0.108400
vt 0.982900 0.149400
vt 0.031100 -0.034200
vt 0.007800 -0.314500
vt 0.846700 0.108400
vt 0.928700 -0.137700
vt 0.100300 -0.254900
vt 0.097500 -0.449200
vt 0.292914 0.687749
vt 0.101300 -0.315400
vt 0.988300 0.096700
vt 0.846700 0.108400
vt 0.297400 -0.247100
vt 0.228000 -0.110400
vt 0.100300 -0.254900
vt 0.221984 0.557436
vt 0.085856 0.742822
vt 0.233629 0.629083
vt 0.233629 0.629083
vt 1.759800 -0.291000
vt 0.098900 -0.030300
vt 0.483400 -0.144500
vt 1.755900 -0.405300
vt 0.549800 -0.087900
vt 0.423600 -0.276400
vt 0.213900 -0.435500
vt 0.382950 0.617586
vt 0.020200 -0.443400
vt 0.186600 -0.047900
vt 0.020200 -0.443400
vt 0.297741 0.688551
vt 0.382950 0.617586
vt 0.839400 0.032700
vt 0.314900 -0.437500
vt 0.025300 -0.257800
vt 1.848600 0.036600
vt 0.012500 -0.041000
vt 0.891100 0.452100
vt 0.213900 -0.435500
vt 0.666500 -0.268600
vt 0.553700 -0.186500
vt 0.423600 -0.276400
vt 0.097500 -0.449200
vt 0.101300 -0.315400
vt 1.855500 0.146000
vt 0.392600 -0.310500
vt 0.092800 -0.207000
vt 0.990200 -0.144500
vt 1.020500 -0.097700
vt 0.869100 -0.193400
vt 0.373000 -0.254900
vt 0.020200 -0.443400
vt 1.093800 -0.215800
vt 0.560100 -0.414100
vt 0.392600 -0.310500
vt 0.101300 -0.369100
vt 1.100600 -0.036100
vt 0.097500 -0.449200
vt 1.100600 -0.089800
vt 0.240600 -0.036100
vt 0.020200 -0.443400
vt 0.233629 0.629083
vt 0.020200 -0.443400
vt 0.983900 -0.079100
vt 0.549800 -0.087900
vt 0.758300 -0.338900
vt 0.888700 0.161600
vt 0.229877 0.558916
vt 1.180700 -0.090800
vt 0.990200 -0.144500
vt 0.888700 0.162600
vt 1.887700 0.088900
vt 0.928200 -0.073200
vt 0.855000 0.207000
vt 1.816400 -0.418900
vt 0.373000 -0.254900
vt 0.873000 -0.077100
vt 0.823700 0.160600
vt 1.101600 -0.125000
vt 0.014787 0.635804
vt 0.212500 -0.370100
vt 0.852100 0.160600
vt 0.223100 -0.313500
vt 0.877900 0.209500
vt 0.376060 0.684587
vt 0.183965 0.673912
vt 0.305200 -0.313500
vt 0.583500 -0.325200
vt 0.877900 0.209500
vt 0.182700 -0.319300
vt 1.855500 -0.293000
vt 1.855500 -0.415000
vt 0.177500 -0.261700
vt 0.184000 -0.154300
vt 0.294098 0.758195
vt 0.314900 -0.437500
vt 0.038535 0.570425
vt 0.181900 -0.450200
vt 0.229242 0.755494
vt 0.314900 -0.437500
vt 0.813000 -0.192400
vt 0.983900 -0.203100
vt 0.928200 -0.073200
vt 0.177500 -0.261700
vt 0.236054 0.745856
vt 1.752900 -0.354500
vt 0.823700 0.160600
vt 0.868200 -0.139600
vt 0.314900 -0.437500
vt 0.100300 -0.254900
vt 0.230168 0.698859
vt 1.093800 -0.215800
vt 0.418000 -0.195300
vt 0.305200 -0.313500
vt 0.181900 -0.450200
vt 0.106136 0.551432
vt 0.177500 -0.261700
vt 0.212500 -0.370100
vt 0.423300 -0.058600
vt 0.220700 -0.260700
vt 0.163684 0.734543
vt 0.019900 -0.085900
vt 0.188400 -0.372100
vt 0.185200 -0.098600
vt 0.923800 -0.204100
vt 0.188400 -0.372100
vt 0.868200 -0.139600
vt 0.307400 -0.370100
vt 0.410900 -0.188500
vt 0.185200 -0.098600
vt 0.373000 -0.254900
vt 1.176800 -0.043900
vt 0.869100 -0.193400
vt 0.181900 -0.450200
vt 0.392600 -0.431600
vt 0.182700 -0.319300
vt 0.832000 0.200700
vt 0.923800 -0.204100
vt 1.860400 -0.357400
vt 0.228253 0.553591
vt 0.549800 -0.087900
vt 0.085856 0.747570
vt 1.018600 -0.156300
vt 0.392600 -0.431600
vt 0.223100 -0.313500
vt 0.315967 0.652514
vt 1.100600 -0.036100
vt 0.188400 -0.372100
vt 0.182700 -0.319300
vt 0.381300 -0.098600
vt 1.804700 0.093300
vt 0.852100 0.161600
vt 0.230168 0.698859
vt 0.221984 0.557436
vt -0.005493 0.736856
vt 0.223100 -0.313500
vt 1.021500 -0.085900
vt 0.181900 -0.450200
vt 1.093800 -0.215800
vt 1.818400 0.150900
vt 0.177500 -0.261700
vt 0.305200 -0.313500
vt 1.855500 -0.293000
vt 0.188400 -0.372100
vt 0.177500 -0.261700
vt 0.563500 -0.343800
vt 1.855500 -0.293000
vt 0.558100 -0.103500
vt 1.184600 -0.133800
vt 1.893600 0.146000
vt 0.212500 -0.370100
vt 0.220700 -0.260700
vt 0.418000 -0.195300
vt 1.755900 -0.405300
vt 0.393800 -0.365200
vt 1.804700 0.041500
vt 0.098100 -0.080100
vt 0.946300 0.189500
vt 1.802700 -0.416000
vt 0.392600 -0.310500
vt 0.888700 0.162600
vt 0.928700 -0.137700
vt 0.006800 -0.367200
vt 0.410200 -0.146500
vt 1.100600 -0.082000
vt 0.181900 -0.450200
vt 0.869100 -0.193400
vt 0.182700 -0.319300
vt 1.802700 -0.416000
vt 0.099500 -0.089800
vt 0.387397 0.655221
vt 0.182700 -0.319300
vt 0.869100 -0.193400
vt 0.220700 -0.260700
vt 0.188400 -0.372100
vt 0.230168 0.698859
vt 0.038535 0.570425
vt 0.161951 0.734543
vt 0.928700 -0.137700
vt 1.093800 -0.215800
vt 0.181900 -0.450200
vt 0.100300 -0.254900
vt 0.876000 -0.189500
vt 0.098200 0.623000
vt 0.299800 -0.022500
vt -0.007226 0.734543
vt 0.213900 -0.435500
vt 0.182404 0.604880
vt 0.020200 -0.443400
vt 0.186600 -0.047900
vt 0.850600 -0.391600
vt 1.887700 0.088900
vt 0.092800 -0.207000
vt 0.983900 -0.079100
vt 0.179400 -0.207000
vt 0.099500 -0.089800
vt 1.804700 0.041500
vt 0.082562 0.744040
vt 0.294098 0.758195
vt 1.804700 0.041500
vt 0.846700 0.517600
vt 0.392600 -0.310500
vt 0.488500 -0.205100
vt 0.392600 -0.310500
vt 1.181600 -0.097700
vt 0.025300 -0.257800
vt 0.983900 -0.079100
vt 1.019500 -0.201200
vt 0.546900 -0.269500
vt 0.308295 0.749582
vt 0.791000 0.049800
vt 0.097500 -0.449200
vt 0.839400 0.032700
vt 0.395500 -0.190400
vt 0.393800 -0.365200
vt 0.182700 -0.319300
vt 0.392600 -0.310500
vt 0.373000 -0.254900
vt 0.036900 -0.210000
vt 0.392728 0.569358
vt 0.006800 -0.367200
vt 0.546900 -0.269500
vt 0.224512 0.552573
vt 0.307400 -0.370100
vt 1.019500 -0.201200
vt 0.182900 -0.083000
vt 0.392600 -0.310500
vt 0.221984 0.557436
vt 0.810100 0.110800
vt 0.392600 -0.310500
vt 0.552200 -0.137700
vt 0.990200 -0.144500
vt 0.212500 -0.370100
vt 0.025300 -0.257800
vt 0.868200 -0.139600
vt 1.855500 0.146000
vt 0.587900 -0.147500
vt 0.314900 -0.437500
vt 1.841800 0.037100
vt 0.182700 -0.319300
vt 0.868200 -0.139600
vt 1.100600 -0.036100
vt 0.486600 -0.148400
vt 0.101100 -0.142600
vt 0.025300 -0.257800
vt 0.873000 -0.077100
vt 0.179400 -0.207000
vt 0.227061 0.686636
vt 0.305200 -0.313500
vt 0.667000 -0.445300
vt 0.031100 -0.034200
vt 1.022500 -0.085900
vt 0.949200 0.144000
vt 0.182700 -0.319300
vt 0.418000 -0.195300
vt 0.923800 -0.204100
vt 0.739300 -0.423800
vt 1.093800 -0.215800
vt 0.094349 0.610846
vt 0.928200 -0.073200
vt 0.663600 -0.051800
vt 0.373000 -0.254900
vt 0.869100 -0.193400
vt 0.393800 -0.365200
vt 0.314900 -0.437500
vt 0.928700 -0.137700
vt 0.028200 -0.209000
vt 0.307400 -0.370100
vt 0.667000 -0.445300
vt 1.807600 -0.350600
vt 0.006800 -0.367200
vt 0.923800 -0.204100
vt 0.392600 -0.310500
vt 0.101300 -0.369100
vt 0.382950 0.617586
vt 0.983900 -0.203100
vt 0.393800 -0.365200
vt 1.025400 -0.041000
vt 0.888700 0.050800
vt 0.488300 -0.050800
vt 0.345257 0.553414
vt 0.393800 -0.365200
vt 0.019814 0.625090
vt 1.928700 0.181200
vt 0.031100 -0.034200
vt 0.223100 -0.313500
vt 0.025300 -0.257800
vt 0.391906 0.556928
vt 1.176800 -0.214800
vt 0.007800 -0.314500
vt 0.944800 0.183100
vt 0.376060 0.684587
vt 0.104700 -0.032200
vt 1.865200 -0.348600
vt 0.376060 0.684587
vt 0.580100 -0.377900
vt 0.297400 -0.247100
vt 1.176800 -0.214800
vt 0.023700 -0.154300
vt 0.927200 -0.190400
vt 0.101300 -0.315400
vt 0.791000 0.049800
vt 0.928200 -0.073200
vt 0.084122 0.741605
vt 1.098600 -0.157200
vt 0.101300 -0.369100
vt 1.889600 0.148400
vt 0.181900 -0.450200
vt 0.560100 -0.414100
vt 0.308305 0.623929
vt 1.857400 0.206100
vt 0.313301 0.558916
vt 0.092800 -0.207000
vt 1.806600 -0.287100
vt 1.759800 -0.291000
vt 0.667000 -0.098600
vt 0.392600 -0.310500
vt 1.018600 -0.151400
vt 0.944800 0.183100
vt 0.199218 0.543153
vt 0.092800 -0.207000
vt 1.754900 -0.352500
vt 1.100600 -0.096700
vt 1.863300 -0.400400
vt 0.036900 -0.210000
vt 0.229542 0.654254
vt 0.092800 -0.207000
vt 0.101300 -0.369100
vt 0.181900 -0.450200
vt 0.883800 0.514600
vt 1.763700 -0.416000
vt 0.181900 -0.450200
vt 0.006800 -0.367200
vt 0.220700 -0.260700
vt 0.089322 0.746475
vt 0.007800 -0.314500
vt 0.182700 -0.319300
vt 0.031100 -0.034200
vt 0.184000 -0.154300
vt 0.297400 -0.247100
vt 1.818400 0.150900
vt 0.299800 -0.022500
vt 0.028200 -0.209000
vt 0.990200 -0.144500
vt 1.889600 0.148400
vt 0.233629 0.629083
vt 0.373000 -0.254900
vt 0.941400 -0.084000
vt 0.003000 0.685722
vt 0.990200 -0.144500
vt 0.486600 -0.102500
vt 0.023300 -0.149400
vt 0.184000 -0.154300
vt 0.873000 -0.077100
vt 0.549800 -0.058600
vt 0.031100 -0.034200
vt 0.097500 -0.449200
vt 0.213900 -0.435500
vt 0.852100 0.160600
vt 0.928700 -0.137700
vt 0.392600 -0.431600
vt 0.020200 -0.443400
vt 1.916000 0.088900
vt 0.230168 0.698859
vt 0.888700 0.161600
vt 0.395500 -0.190400
vt 1.806600 -0.287100
vt 0.183200 -0.140600
vt 0.928200 -0.073200
vt 0.983900 -0.079100
vt 0.314900 -0.437500
vt 0.234586 0.750254
vt 0.576700 -0.355500
vt 0.392600 -0.431600
vt 0.185200 -0.098600
vt 0.891100 0.452100
vt 0.983900 -0.203100
vt 0.928200 -0.073200
vt 0.952100 0.089800
vt 0.009761 0.685722
vt 0.868200 -0.139600
vt 0.097500 -0.449200
vt 1.181600 -0.161100
vt 0.101300 -0.315400
vt 0.846700 0.108400
vt 0.373000 -0.254900
vt 0.031100 -0.034200
vt 1.176800 -0.043900
vt 0.007800 -0.314500
vt 0.185200 -0.098600
vt 0.983900 -0.203100
vt 0.314900 -0.437500
vt 0.176300 0.743200
vt 0.868200 -0.139600
vt 0.106000 0.743700
vt 0.097500 -0.449200
vt 0.419400 -0.390600
vt 0.813500 -0.120100
vt 0.116363 0.599036
vt 0.101300 -0.315400
vt 0.297400 -0.247100
vt 0.373000 -0.254900
vt 0.098900 -0.030300
vt 0.868200 -0.139600
vt 1.850600 0.090800
vt 0.297400 -0.247100
vt 0.869100 -0.193400
vt 0.818800 0.372100
vt 0.393800 -0.365200
vt 0.233629 0.629083
vt 0.186600 -0.047900
vt 0.307400 -0.370100
vt 0.920900 0.094200
vt 0.923800 -0.204100
vt 1.860400 -0.357400
vt 0.558600 -0.321300
vt 0.305200 -0.313500
vt 0.186600 -0.047900
vt 0.188400 -0.372100
vt 0.213900 -0.435500
vt 0.393800 -0.365200
vt 1.176800 -0.043900
vt 1.848600 0.036600
vt 0.227207 0.704809
vt 0.223100 -0.313500
vt 0.559100 -0.146500
vt 0.305200 -0.313500
vt 0.931200 0.179700
vt 0.213900 -0.435500
vt 0.020200 -0.443400
vt 0.095400 -0.146500
vt 0.179400 -0.207000
vt 1.098600 -0.156300
vt 0.041828 0.575173
vt 0.097500 -0.449200
vt 0.373000 -0.254900
vt 0.020200 -0.443400
vt 0.417200 -0.322300
vt 0.161951 0.736856
vt 0.373000 -0.254900
vt 1.855500 -0.415000
vt 0.919900 0.040000
vt 0.185400 -0.095700
vt 0.097500 -0.449200
vt 0.233629 0.629083
vt 0.311948 0.560761
vt 1.755900 -0.405300
vt 0.924300 0.140100
vt 1.802700 -0.416000
vt 0.855000 0.207000
vt 0.099500 -0.089800
vt 0.492200 -0.382800
vt 0.182300 -0.163100
vt 1.176800 -0.043900
vt 0.212500 -0.370100
vt 0.382950 0.617586
vt 0.823700 0.160600
vt 1.857400 0.206100
vt 0.886700 0.106000
vt 0.855000 0.207000
vt 0.760700 -0.119100
vt 0.305200 -0.313500
vt 0.188400 -0.372100
vt 0.928700 -0.137700
vt 0.097500 -0.449200
vt 0.888700 0.161600
vt 0.305200 -0.313500
vt 0.294098 0.758195
vt 0.213900 -0.435500
vt 0.482200 -0.088900
vt 0.877900 0.209500
vt 1.018600 -0.151400
vt 0.955100 -0.173800
vt 1.848600 0.036600
vt 0.097500 -0.449200
vt 1.100600 -0.036100
vt 0.387694 0.559778
vt 0.983900 -0.079100
vt 0.007800 -0.314500
vt 0.967300 0.184600
vt 0.028200 -0.209000
vt 1.848600 0.036600
vt 0.314900 -0.437500
vt 1.860400 -0.357400
vt 0.181900 -0.450200
vt 0.230168 0.698859
vt 0.855000 0.207000
vt 0.944800 0.183100
vt 0.220700 -0.260700
vt 0.983900 -0.079100
vt 0.188400 -0.372100
vt 0.192458 0.543153
vt 1.760700 -0.298800
vt 0.297741 0.688551
vt 0.886700 0.106000
vt 0.734900 -0.277300
vt 0.177500 -0.261700
vt 0.886700 0.105000
vt 0.100300 -0.254900
vt 0.181900 -0.450200
vt 0.098900 -0.030300
vt 1.828100 0.202600
vt 0.098900 -0.030300
vt 0.188400 -0.372100
vt 0.391906 0.556928
vt 0.919900 0.040000
vt 0.212500 -0.370100
vt 0.143404 0.546684
vt 0.413600 -0.098600
vt 0.220700 -0.260700
vt 0.100300 -0.254900
vt 1.804700 0.093300
vt 1.855500 -0.293000
vt 1.176800 -0.043900
vt 1.804700 0.093300
vt 0.181900 -0.450200
vt 0.095700 -0.151400
vt 0.990200 -0.144500
vt 0.392600 -0.431600
vt 0.188400 -0.372100
vt 0.868200 -0.139600
vt 0.832000 0.200700
vt 0.851100 0.448200
vt 0.228253 0.553591
vt 0.024800 -0.142600
vt 0.392600 -0.431600
vt 1.863300 -0.345700
vt 0.868200 -0.139600
vt 0.873000 -0.077100
vt 0.182700 -0.319300
vt 0.559100 -0.146500
vt 0.928700 -0.137700
vt 0.294098 0.758195
vt 0.739300 -0.423800
vt 1.802700 -0.416000
vt 0.177500 -0.261700
vt 0.924300 0.140100
vt 0.868200 -0.139600
vt 0.928200 -0.073200
vt 0.873000 -0.077100
vt 0.869100 -0.193400
vt 1.019500 -0.201200
vt 0.223100 -0.313500
vt 1.759800 -0.291000
vt 0.229877 0.558916
vt 0.175644 0.677443
vt 0.297400 -0.247100
vt 0.928700 -0.137700
vt 0.664600 -0.151400
vt 1.807600 -0.350600
vt 0.038535 0.571642
vt 0.923800 -0.204100
vt 0.101300 -0.315400
vt 0.188400 -0.372100
vt 0.177500 -0.261700
vt 1.806600 -0.283200
vt 1.759800 -0.291000
vt 0.307400 -0.370100
vt 0.177500 -0.261700
vt 0.186600 -0.047900
vt 0.949200 0.144000
vt 0.228607 0.654254
vt 0.212500 -0.370100
vt 0.181900 -0.450200
vt 0.923800 -0.204100
vt 0.983900 -0.203100
vt 0.928200 -0.073200
vt 0.393800 -0.365200
vt 1.804700 0.041500
vt 0.886700 0.106000
vt 1.018600 -0.127000
vt 0.888700 0.162600
vt 0.181900 -0.450200
vt 0.106136 0.551432
vt 0.100300 -0.254900
vt 0.840300 0.032700
vt 1.853500 -0.293900
vt 0.212500 -0.370100
vt 0.546900 -0.269500
vt 0.220700 -0.260700
vt 0.100300 -0.254900
vt 1.018600 -0.156300
vt 0.297400 -0.247100
vt 0.766600 -0.294900
vt 0.953600 0.037600
vt 0.852100 0.160600
vt 0.182700 -0.319300
vt 1.093800 -0.215800
vt 0.667000 -0.205100
vt 0.877900 0.209500
vt 0.307400 -0.370100
vt 0.772500 -0.395500
vt 0.212500 -0.370100
vt 0.367941 0.735476
vt 0.220700 -0.260700
vt 0.024700 -0.085900
vt 0.100300 -0.254900
vt 0.188400 -0.372100
vt 0.212500 -0.370100
vt 0.098900 -0.030300
vt 0.181900 -0.450200
vt 0.772500 -0.395500
vt 0.876000 -0.189500
vt 0.230168 0.698859
vt 0.877900 0.209500
vt 0.212500 -0.370100
vt 1.857400 0.206100
vt 0.839400 0.032700
vt 0.100300 -0.254900
vt 0.546900 -0.269500
vt 1.098600 -0.156300
vt 0.587900 -0.147500
vt 0.099500 -0.089800
vt 0.192458 0.543153
vt 0.393800 -0.365200
vt 0.182700 -0.319300
vt 0.212500 -0.370100
vt 0.560100 -0.414100
vt 0.392600 -0.310500
vt 0.025300 -0.257800
vt 0.006800 -0.367200
vt 1.954100 0.132300
vt 0.311948 0.560761
vt 0.950200 0.094700
vt 1.973600 0.181200
vt 0.025300 -0.257800
vt 0.182700 -0.319300
vt 0.392600 -0.310500
vt 1.804700 0.041500
vt 1.019500 -0.201200
vt 0.928700 -0.137700
vt 0.025300 -0.257800
vt 0.006800 -0.367200
vt 0.297741 0.688551
vt 0.384371 0.613941
vt 0.967300 0.184600
vt 0.953600 0.037600
vt 0.373000 -0.254900
vt 0.373000 -0.254900
vt 0.019900 -0.085900
vt 0.307400 -0.370100
vt 0.221984 0.557436
vt 0.983900 -0.203100
vt 0.919400 0.038100
vt 0.417500 -0.380900
vt 1.755900 -0.405300
vt 0.025300 -0.257800
vt 0.220700 -0.260700
vt 0.181900 -0.450200
vt 1.890600 0.209000
vt 0.314900 -0.437500
vt 0.095400 -0.146500
vt 0.558100 -0.318400
vt 0.220700 -0.260700
vt 0.486600 -0.148400
vt 0.101300 -0.369100
vt 0.488500 -0.323200
vt 0.305200 -0.313500
vt 0.667000 -0.445300
vt 0.594700 -0.277300
vt 0.950200 0.094700
vt 0.810100 0.110800
vt 0.034000 0.741000
vt 0.101300 -0.369100
vt 0.305200 -0.313500
vt 0.305200 -0.313500
vt 1.973600 0.181200
vt 1.180700 -0.090800
vt 0.022700 -0.142600
vt 0.224512 0.552573
vt 0.393800 -0.365200
vt 0.990200 -0.144500
vt 0.314900 -0.437500
vt 0.101300 -0.369100
vt 0.594700 -0.277300
vt 0.488300 -0.319300
vt 1.184600 -0.133800
vt 0.006800 -0.367200
vt 0.189165 0.604880
vt 0.990200 -0.144500
vt 1.851600 -0.287100
vt 0.006800 -0.367200
vt 0.873000 -0.077100
vt 0.809600 0.447300
vt 0.983900 -0.079100
vt 0.179400 -0.207000
vt 0.883800 0.514600
vt 0.025300 -0.257800
vt 0.919900 0.040000
vt 0.928200 -0.073200
vt 0.983900 -0.079100
vt 0.170444 0.727360
vt 0.392600 -0.310500
vt 0.025300 -0.257800
vt 0.021600 -0.152300
vt 0.488300 -0.050800
vt 0.007800 -0.314500
vt 0.185200 -0.100600
vt 0.888700 0.050800
vt 0.988300 0.096700
vt 0.846700 0.517600
vt 0.580100 -0.377900
vt 0.928200 -0.073200
vt 0.726600 -0.098600
vt 1.100600 -0.087900
vt 0.031100 -0.034200
vt 0.873000 -0.077100
vt 0.025300 -0.257800
vt 0.297741 0.688551
vt 0.006800 -0.367200
vt 0.560100 -0.414100
vt 0.165500 0.562700
vt 0.007800 -0.314500
vt 0.101300 -0.369100
vt 0.101300 -0.315400
vt 0.560100 -0.414100
vt 1.861300 -0.401400
vt 0.983900 -0.203100
vt 0.392600 -0.310500
vt 0.833000 0.201700
vt 0.297400 -0.247100
vt 0.868200 -0.139600
vt 0.664600 -0.378900
vt 0.919900 0.040000
vt 0.101300 -0.315400
vt 0.769000 -0.075200
vt 0.098900 -0.030300
vt 0.177500 -0.261700
vt 0.924300 0.140100
vt 0.791000 0.049800
vt 0.868200 -0.139600
vt 1.857400 0.206100
vt 0.025300 -0.257800
vt 0.012300 0.687000
vt 0.392600 -0.310500
vt 0.392600 -0.431600
vt 0.308305 0.623929
vt 0.869100 -0.193400
vt 1.018600 -0.157200
vt 0.098100 -0.080100
vt 0.923800 -0.204100
vt 0.101300 -0.369100
vt 0.297400 -0.247100
vt 0.805700 -0.286100
vt 1.850600 0.090800
vt 0.212500 -0.370100
vt 0.099500 -0.089800
vt 0.179400 -0.207000
vt 0.392600 -0.310500
vt 0.100300 -0.254900
vt 0.805700 -0.286100
vt 0.101300 -0.369100
vt 1.101600 -0.125000
vt 0.492200 -0.382800
vt 0.949200 0.144000
vt 0.948200 -0.303700
vt 0.983900 -0.079100
vt 0.025300 -0.257800
vt 0.212500 -0.370100
vt 0.007800 -0.314500
vt 0.182700 -0.319300
vt 0.552200 -0.137700
vt 0.212500 -0.370100
vt 0.007800 -0.314500
vt 0.182700 -0.319300
vt 1.018600 -0.156300
vt 0.924300 0.140100
vt 0.212500 -0.370100
vt 0.101300 -0.315400
vt 1.806600 -0.287100
vt 1.755900 -0.405300
vt 1.890600 0.209000
vt 1.855500 -0.415000
vt 1.889600 0.148400
vt 0.101300 -0.369100
vt 1.882800 0.042500
vt 0.182700 -0.319300
vt 0.847700 0.108400
vt 0.307400 -0.370100
vt 0.919900 0.040000
vt 1.855500 -0.293000
vt 1.020500 -0.097700
vt 0.213900 -0.435500
vt 0.007800 -0.314500
vt 0.019900 -0.085900
vt 0.486600 -0.102500
vt 0.392600 -0.431600
vt 0.020200 -0.443400
vt 0.184000 -0.154300
vt 0.818800 0.372100
vt 0.588900 -0.433600
vt 0.568400 -0.195300
vt 0.297400 -0.247100
vt 0.097500 -0.449200
vt 0.852100 0.160600
vt 0.869100 -0.193400
vt 0.667000 -0.098600
vt 0.734900 -0.277300
vt 0.928700 -0.137700
vt 1.916000 0.088900
vt 0.308023 0.617257
vt 0.931200 0.179700
vt 0.314900 -0.437500
vt 0.888700 0.161600
vt 0.416500 -0.063500
vt 1.818400 0.150900
vt 0.028200 -0.209000
vt 1.802700 -0.416000
vt 1.176800 -0.214800
vt 0.988300 0.096700
vt 0.097500 -0.449200
vt 1.181600 -0.096700
vt 0.213900 -0.435500
vt 0.020200 -0.443400
vt 0.983900 -0.079100
vt 0.037100 0.557100
vt 0.734900 -0.277300
vt 0.185200 -0.098600
vt 0.919900 0.040000
vt 0.106136 0.548997
vt 0.307400 -0.370100
vt 0.792000 0.048800
vt 0.833000 0.201700
vt 0.185200 -0.098600
vt 0.185200 -0.100600
vt 1.021500 -0.085900
vt 0.846700 0.108400
vt 0.021600 -0.152300
vt 0.852100 0.160600
vt 0.382950 0.617586
vt 0.967300 0.184600
vt 0.489700 -0.204100
vt 0.664600 -0.380900
vt 1.181600 -0.089800
vt 0.920900 0.094200
vt 0.983900 -0.079100
vt 0.483400 -0.144500
vt 0.307400 -0.370100
vt 1.882800 0.042500
vt 0.182300 -0.163100
vt 0.297400 -0.247100
vt 0.186600 -0.047900
vt 0.990200 -0.144500
vt 0.213900 -0.435500
vt 0.020200 -0.443400
vt 0.382950 0.617586
vt 0.386130 0.613197
vt 0.006800 -0.367200
vt 0.562000 -0.376000
vt 0.951200 0.039100
vt 0.392600 -0.431600
vt 0.990200 -0.144500
vt 0.213900 -0.435500
vt 0.950200 0.094700
vt 0.594700 -0.277300
vt 0.859400 -0.331100
vt 0.314900 -0.437500
vt 0.387277 0.667193
vt 1.019500 -0.201200
vt 0.221984 0.557436
vt 0.227207 0.704809
vt 0.223100 -0.313500
vt 0.859400 -0.331100
vt 0.082562 0.677443
vt 0.990200 -0.144500
vt 0.868200 -0.139600
vt 0.023700 -0.154300
vt 0.928200 -0.073200
vt 0.748000 -0.352500
vt 0.872600 -0.408200
vt 0.873000 -0.077100
vt 0.392600 -0.310500
vt 0.576700 -0.355500
vt 0.358211 0.745244
vt 0.020200 -0.443400
vt 0.183100 -0.148400
vt 0.311948 0.560761
vt 1.754900 -0.352500
vt 0.923800 -0.204100
vt 0.928200 -0.073200
vt 0.101300 -0.369100
vt 0.097500 -0.449200
vt 0.213900 -0.435500
vt 0.923800 -0.204100
vt 0.020200 -0.443400
vt 1.848600 0.036600
vt 0.233629 0.629083
vt 0.410200 -0.146500
vt 0.983900 -0.203100
vt 0.928200 -0.073200
vt 0.977500 0.037600
vt 0.823700 0.160600
vt 0.382950 0.617586
vt 0.097500 -0.449200
vt 0.204418 0.545466
vt 0.041828 0.575173
vt 0.177500 -0.261700
vt 0.373000 -0.254900
vt 0.021548 0.625090
vt 0.212500 -0.370100
vt 0.852100 0.160600
vt 0.223100 -0.313500
vt 0.382950 0.617586
vt 0.823700 0.160600
vt 0.177500 -0.261700
vt 0.745100 -0.377900
vt 0.188400 -0.372100
vt 0.161951 0.734543
vt 0.097500 -0.449200
vt 0.303911 0.666103
vt 0.584000 -0.323200
vt 0.855000 0.207000
vt 0.314900 -0.437500
vt 0.020200 -0.443400
vt 1.100600 -0.091800
vt 1.804700 0.093300
vt 0.877900 0.209500
vt 1.019500 -0.201200
vt 1.025400 -0.041000
vt 0.314900 -0.437500
vt 0.100300 -0.254900
vt 0.955100 -0.173800
vt 0.810100 0.520500
vt 0.188400 -0.372100
vt 0.106136 0.548997
vt 0.177500 -0.261700
vt 0.228000 -0.110400
vt 1.176800 -0.043900
vt 0.886700 0.106000
vt 0.100300 -0.254900
vt 0.230168 0.698859
vt 0.185400 -0.093800
vt 1.025400 -0.041000
vt 0.305200 -0.313500
vt 0.007800 -0.314500
vt 0.867700 -0.086900
vt 0.177500 -0.261700
vt 0.823700 0.160600
vt 1.093800 -0.215800
vt 0.097500 -0.449200
vt 0.101300 -0.341800
vt 0.182404 0.606097
vt 0.314900 -0.437500
vt 0.100300 -0.254900
vt 0.928700 -0.137700
vt 0.911100 -0.424800
vt 0.101400 -0.211900
vt 0.553700 -0.186500
vt 0.019900 -0.085900
vt 0.374796 0.742320
vt 0.101300 -0.315400
vt 0.212500 -0.370100
vt 0.413600 -0.098600
vt 0.855000 0.207000
vt 0.022600 -0.041000
vt 0.095400 -0.146500
vt 0.877900 0.209500
vt 0.186600 -0.047900
vt 1.759800 -0.291000
vt 0.181900 -0.450200
vt 0.188400 -0.372100
vt 0.182700 -0.319300
vt 0.488500 -0.205100
vt 0.212500 -0.370100
vt 0.096300 -0.140600
vt 0.220700 -0.260700
vt 0.307400 -0.370100
vt 0.100300 -0.254900
vt 0.850100 -0.071300
vt 0.391906 0.556928
vt 0.223100 -0.313500
vt 0.886700 0.106000
vt 0.229242 0.755494
vt 0.095700 -0.151400
vt 0.038535 0.571642
vt 0.886700 0.106000
vt 0.240600 -0.036100
vt 0.823700 0.160600
vt 0.223100 -0.313500
vt 0.346776 0.552019
vt 0.099100 0.683800
vt 0.188400 -0.372100
vt 0.497600 -0.439500
vt 0.101300 -0.341800
vt 1.859400 0.210000
vt 0.188400 -0.372100
vt 0.177500 -0.261700
vt 0.886700 0.106000
vt 0.230168 0.698859
vt 0.990200 -0.144500
vt 0.106136 0.551432
vt 0.393800 -0.365200
vt 0.177500 -0.261700
vt 0.990200 -0.144500
vt 0.223100 -0.313500
vt 0.832000 0.200700
vt 0.873000 -0.077100
vt 0.734900 -0.277300
vt 0.983900 -0.079100
vt 0.931200 0.179700
vt 0.393800 -0.365200
vt 0.092800 -0.207000
vt 0.549300 -0.182600
vt 0.010700 0.623000
vt 0.221984 0.557436
vt 0.212500 -0.370100
vt 0.990200 -0.144500
vt 0.944800 0.183100
vt 0.181900 -0.450200
vt 0.983900 -0.079100
vt 0.873000 -0.077100
vt 0.928200 -0.073200
vt 0.847700 -0.291000
vt 0.177500 -0.261700
vt 1.019500 -0.201200
vt 0.100300 -0.254900
vt 0.928200 -0.073200
vt 0.924300 0.140100
vt 0.025300 -0.257800
vt 0.888700 0.161600
vt 0.873000 -0.077100
vt 1.828100 0.202600
vt 0.346776 0.552019
vt 1.887700 0.088900
vt 1.808600 -0.351600
vt 0.213900 -0.435500
vt 0.213900 -0.435500
vt 0.020200 -0.443400
vt 0.839400 0.032700
vt 0.182700 -0.319300
vt 0.212500 -0.370100
vt 0.220700 -0.260700
vt 0.944800 0.183100
vt 0.294098 0.758195
vt 1.806600 -0.287100
vt 0.983900 -0.203100
vt 0.928200 -0.073200
vt 0.179400 -0.207000
vt 1.855500 -0.415000
vt 0.098900 -0.030300
vt 0.299906 0.558916
vt 0.868200 -0.139600
vt 0.307400 -0.370100
vt 0.007300 -0.340800
vt 0.220700 -0.260700
vt 0.084122 0.741605
vt 0.823700 0.160600
vt 0.868200 -0.139600
vt 0.020200 -0.443400
vt 0.101100 -0.142600
vt 0.392600 -0.310500
vt 0.395173 0.550438
vt 0.182300 -0.163100
vt 1.093800 -0.215800
vt 0.381300 -0.098600
vt 0.384371 0.613941
vt 1.887700 0.088900
vt 0.923800 -0.204100
vt 0.855000 0.207000
vt 0.497600 -0.439500
vt 0.393800 -0.365200
vt 0.839400 0.032700
vt 0.307400 -0.370100
vt 0.412400 -0.355500
vt 0.983900 -0.079100
vt 0.025300 -0.257800
vt 0.307400 -0.370100
vt 1.760700 -0.293000
vt 0.923800 -0.204100
vt 1.810500 -0.353500
vt 0.181900 -0.450200
vt 1.860400 -0.357400
vt 0.948200 -0.303700
vt 0.580100 -0.376000
vt 0.977500 0.037600
vt 0.025300 -0.257800
vt 0.014600 -0.196300
vt 0.923800 -0.204100
vt 0.367941 0.735476
vt 1.860400 -0.357400
vt 0.594700 -0.277300
vt 0.101300 -0.369100
vt 0.558100 -0.103500
vt 0.305200 -0.313500
vt 0.810100 0.110800
vt 0.185500 -0.345700
vt 0.314900 -0.437500
vt 0.307400 -0.370100
vt 0.101300 -0.369100
vt 0.311948 0.560761
vt 0.666500 -0.268600
vt 0.082562 0.676225
vt 1.855500 -0.293000
vt 0.558100 -0.103500
vt 0.560100 -0.414100
vt 0.808100 -0.066400
vt 0.558100 -0.103500
vt 0.228000 -0.110400
vt 0.410900 -0.188500
vt 0.596200 -0.106400
vt 0.911600 -0.352500
vt 1.755900 -0.405300
vt 0.888700 0.050800
vt 0.810100 0.110800
vt 0.774900 -0.175800
vt 0.393800 -0.365200
vt 1.849600 0.088900
vt 0.888700 0.050800
vt 0.928700 -0.137700
vt 0.393800 -0.365200
vt 0.233629 0.629083
vt 0.025300 -0.257800
vt 0.006800 -0.367200
vt 0.851100 0.448200
vt 0.392600 -0.431600
vt 1.019500 -0.201200
vt 0.308305 0.623929
vt 0.188400 -0.372100
vt 0.983900 -0.079100
vt 0.888700 0.050800
vt 0.982900 0.149400
vt 0.382950 0.617586
vt 0.006800 -0.367200
vt 0.358211 0.745244
vt 1.752900 -0.356400
vt 1.807600 -0.350600
vt 0.296490 0.686920
vt 0.223100 -0.313500
vt 1.889600 0.148400
vt 0.031100 -0.034200
vt 0.919900 0.040000
vt 0.098900 -0.030300
vt 0.297400 -0.247100
vt 1.101600 -0.125000
vt 0.101300 -0.369100
vt 0.308305 0.623929
vt 0.101300 -0.315400
vt 0.004561 0.741605
vt 0.489300 -0.350600
vt 0.983900 -0.079100
vt 0.092800 -0.207000
vt 0.240600 -0.036100
vt 0.791000 0.049800
vt 0.223100 -0.313500
vt 0.977500 0.037600
vt 0.025300 -0.257800
vt 0.101300 -0.369100
vt 0.186600 -0.047900
vt 0.888700 0.050800
vt 0.185698 0.603784
vt 0.392600 -0.310500
vt 0.766600 -0.294900
vt 0.101300 -0.369100
vt 0.392600 -0.431600
vt 0.181900 -0.450200
vt 0.184000 -0.154300
vt 0.182404 0.604880
vt 0.560100 -0.414100
vt 0.101300 -0.315400
vt 0.041828 0.576391
vt 0.559100 -0.146500
vt 0.220700 -0.260700
vt 0.990200 -0.144500
vt 0.220700 -0.260700
vt 0.100300 -0.254900
vt 0.791000 0.049800
vt 0.101300 -0.369100
vt 0.180671 0.679878
vt 0.951200 0.039100
vt 0.386498 0.569358
vt 1.855500 -0.293000
vt 0.025300 -0.257800
vt 0.220700 -0.260700
vt 0.990200 -0.144500
vt 0.183965 0.673912
vt 0.811000 -0.339800
vt 0.868200 -0.139600
vt 0.497600 -0.439500
vt 0.667000 -0.098600
vt 0.873000 -0.077100
vt 1.882800 0.042500
vt 0.185200 -0.100600
vt 0.872600 -0.408200
vt 1.754900 -0.352500
vt 1.818400 0.150900
vt 0.923800 -0.204100
vt 0.220700 -0.260700
vt 0.294910 0.555604
vt 0.294098 0.758195
vt 0.928200 -0.073200
vt 0.297400 -0.247100
vt 0.308305 0.623929
vt 0.179400 -0.207000
vt 1.818400 0.150900
vt 0.007800 -0.314500
vt 0.097500 -0.449200
vt 1.802700 -0.416000
vt 0.417500 -0.380900
vt 0.869100 -0.193400
vt 1.807600 -0.350600
vt 0.923800 -0.204100
vt 0.983900 -0.203100
vt 0.928200 -0.073200
vt 0.212500 -0.370100
vt 1.807600 -0.350600
vt 0.098900 -0.030300
vt 0.385641 0.667269
vt 0.906700 0.376000
vt 0.007800 -0.314500
vt 0.392600 -0.431600
vt 0.373000 -0.254900
vt 1.857400 0.206100
vt 0.923800 -0.204100
vt 0.588900 -0.433600
vt 0.983900 -0.203100
vt 0.022600 -0.041000
vt -0.005493 0.736856
vt 0.213900 -0.435500
vt 0.020200 -0.443400
vt 0.734900 -0.277300
vt 0.185200 -0.098600
vt 0.307400 -0.370100
vt 0.888700 0.161600
vt 0.098900 -0.030300
vt 1.882800 0.042500
vt 0.392600 -0.431600
vt 0.381300 -0.098600
vt 0.852100 0.161600
vt 0.664600 -0.328100
vt 1.100600 -0.091800
vt 0.020200 -0.443400
vt 1.093800 -0.215800
vt 0.097500 -0.449200
vt 0.492200 -0.380900
vt 0.305200 -0.313500
vt 0.392600 -0.431600
vt 0.744600 -0.148400
vt 0.833000 0.201700
vt 0.852100 0.160600
vt 0.101300 -0.315400
vt 0.373000 -0.254900
vt 0.417200 -0.322300
vt 0.846700 0.108400
vt 1.981400 0.134800
vt 0.603500 -0.060500
vt 0.097500 -0.449200
vt 1.850600 0.090800
vt 0.101300 -0.315400
vt 0.297400 -0.247100
vt 0.488500 -0.205100
vt 0.888700 0.161600
vt 0.911100 -0.424800
vt 0.410900 -0.188500
vt 0.950200 0.094700
vt 1.951200 0.184100
vt 0.102843 0.551432
vt 0.393800 -0.365200
vt 1.810500 -0.353500
vt 1.759800 -0.291000
vt 0.588900 -0.433600
vt 1.855500 -0.415000
vt 0.307400 -0.370100
vt 1.754900 -0.352500
vt 0.392600 -0.310500
vt 0.382950 0.617586
vt 0.305200 -0.313500
vt 0.297400 -0.247100
vt 1.887700 0.089400
vt 0.184100 -0.047900
vt 0.297741 0.688551
vt 0.180671 0.675129
vt 0.213900 -0.435500
vt 0.846700 0.108400
vt 0.020200 -0.443400
vt 0.192458 0.594288
vt 0.223100 -0.313500
vt 1.855500 0.146000
vt 0.185400 -0.093800
vt 0.213900 -0.435500
vt 1.857400 0.206100
vt 0.020200 -0.443400
vt 1.850600 0.090800
vt 1.176800 -0.043900
vt 1.983400 0.040000
vt 0.488500 -0.323200
vt 0.092800 -0.207000
vt 0.097500 -0.449200
vt 0.990200 -0.144500
vt 0.031100 -0.034200
vt 0.097500 -0.449200
vt 1.950200 0.090800
vt 0.373000 -0.254900
vt 0.101300 -0.369100
vt 0.179400 -0.207000
vt 1.181600 -0.163100
vt 0.020200 -0.443400
vt 0.101110 0.548997
vt 0.952100 0.089800
vt 0.983900 -0.079100
vt 0.840300 0.032700
vt 0.758300 -0.338900
vt 0.382950 0.617586
vt 0.584000 -0.323200
vt 0.990200 -0.144500
vt 0.101300 -0.369100
vt 0.758300 -0.338900
vt -0.005493 0.736856
vt 1.098600 -0.163100
vt 0.983900 -0.079100
vt 0.873000 -0.077100
vt 0.177500 -0.261700
vt 0.308023 0.617257
vt 0.212500 -0.370100
vt 0.223100 -0.313500
vt 0.927200 -0.190400
vt 0.977500 0.037600
vt 0.928700 -0.137700
vt 0.960000 -0.343800
vt 0.811000 -0.339800
vt 0.095400 -0.146500
vt 0.097500 -0.449200
vt 1.806600 -0.287100
vt 1.890600 0.209000
vt 0.873000 -0.077100
vt 0.888700 0.161600
vt 0.305200 -0.313500
vt 0.983900 -0.079100
vt 1.983400 0.040000
vt 0.486600 -0.148400
vt 1.855500 -0.415000
vt 0.223100 -0.313500
vt 0.743700 -0.328100
vt 0.181900 -0.450200
vt 0.307400 -0.221700
vt 1.806600 -0.287100
vt 0.983900 -0.203100
vt 0.928200 -0.073200
vt 0.082562 0.744040
vt 0.416500 -0.063500
vt 0.558100 -0.318400
vt 0.868200 -0.139600
vt 0.373000 -0.254900
vt 0.486600 -0.102500
vt 0.181900 0.628400
vt 0.372861 0.741086
vt 0.188400 -0.372100
vt 0.075629 0.680973
vt 0.867700 -0.086900
vt 0.179400 -0.207000
vt 0.977500 0.037600
vt 0.832000 0.200700
vt 0.097500 -0.449200
vt 0.314900 -0.437500
vt 0.100300 -0.254900
vt 0.181900 -0.450200
vt 0.663600 -0.051800
vt 0.548300 -0.056600
vt 0.486600 -0.102500
vt 0.983900 -0.203100
vt 0.188400 -0.372100
vt 0.095400 -0.146500
vt 0.982900 0.149400
vt 0.294098 0.758195
vt 0.497600 -0.439500
vt 0.097500 -0.449200
vt 0.220700 -0.260700
vt 0.868200 -0.139600
vt 0.855000 0.207000
vt 0.100300 -0.254900
vt 0.095400 -0.146500
vt 0.488300 -0.319300
vt 1.855500 0.146000
vt 0.568400 -0.195300
vt 0.373000 -0.254900
vt 0.588900 -0.433600
vt 0.092616 0.610846
vt 0.869100 -0.193400
vt 0.181900 -0.450200
vt 0.022700 -0.142600
vt 0.392600 -0.431600
vt 0.923800 -0.204100
vt 1.860400 -0.357400
vt 0.212500 -0.370100
vt 0.100300 -0.254900
vt 0.392600 -0.431600
vt 0.223100 -0.313500
vt 0.886700 0.106000
vt 0.229242 0.755494
vt 0.188400 -0.372100
vt 0.923800 -0.204100
vt 0.182700 -0.319300
vt 0.832000 0.200700
vt 1.099600 -0.151400
vt 0.012500 -0.041000
vt 0.230168 0.698859
vt 0.092800 -0.207000
vt 0.019814 0.625090
vt 0.392600 -0.431600
vt 0.832000 0.200700
vt 0.189165 0.606097
vt 1.816400 -0.418900
vt 0.188400 -0.372100
vt 0.305200 -0.313500
vt 0.223100 -0.313500
vt 0.666500 -0.268600
vt 0.950200 0.094700
vt 0.314900 -0.437500
vt 1.815400 -0.421900
vt 0.313301 0.558916
vt 0.101300 -0.315400
vt 0.188400 -0.372100
vt 0.909200 -0.070300
vt 0.021600 -0.152300
vt 1.855500 -0.415000
vt 0.177500 -0.261700
vt 0.549300 -0.182600
vt 0.092800 -0.207000
vt 0.840300 0.032700
vt 0.181900 -0.450200
vt 0.308305 0.623929
vt 0.393800 -0.365200
vt 0.177500 -0.261700
vt 0.492200 -0.380900
vt 0.919900 0.040000
vt 1.752900 -0.354500
vt 0.031100 -0.034200
vt 0.886700 0.106000
vt 0.100300 -0.254900
vt 0.020200 -0.443400
vt 0.221984 0.557436
vt 0.181900 -0.450200
vt 0.220700 -0.260700
vt 0.967300 0.184600
vt 0.100300 -0.254900
vt 0.297400 -0.247100
vt 0.031100 -0.034200
vt 0.941400 -0.084000
vt 0.177500 -0.261700
vt 0.212500 -0.370100
vt 0.220700 -0.260700
vt 0.745100 -0.377000
vt 0.221984 0.557436
vt 0.212500 -0.370100
vt 1.025400 -0.041000
vt 0.855000 0.207000
vt 0.916000 0.090300
vt 0.213900 -0.435500
vt 0.020200 -0.443400
vt 0.212500 -0.370100
vt 0.869100 -0.193400
vt 0.412400 -0.355500
vt 0.100300 -0.254900
vt 0.297741 0.688551
vt 0.372105 0.746787
vt 0.099500 -0.089800
vt 0.181900 -0.450200
vt 0.020200 -0.443400
vt 0.497600 -0.439500
vt 0.393800 -0.365200
vt 0.182700 -0.319300
vt 1.759800 -0.291000
vt 0.020200 -0.443400
vt 1.860400 -0.357400
vt 0.392600 -0.310500
vt 0.006800 -0.367200
vt 0.186600 -0.047900
vt 0.983900 -0.079100
vt 0.177500 -0.261700
vt 0.839400 0.032700
vt 0.181900 -0.450200
vt 1.804700 0.041500
vt 0.020200 -0.443400
vt 0.182700 -0.319300
vt 0.020200 -0.443400
vt 0.855000 0.207000
vt 0.025300 -0.257800
vt 0.006800 -0.367200
vt 1.021500 -0.085900
vt 0.097500 -0.449200
vt 0.424100 -0.101600
vt 0.558600 -0.321300
vt 1.763700 -0.413100
vt 1.855500 -0.293000
vt 0.221984 0.557436
vt 0.179400 -0.207000
vt 1.020500 -0.097700
vt 0.392600 -0.310500
vt 0.006800 -0.367200
vt 0.990200 -0.144500
vt 0.560100 -0.414100
vt 0.851100 0.448200
vt 0.916000 0.090300
vt 1.855500 -0.293000
vt 0.307400 -0.370100
vt 0.990200 -0.144500
vt 0.931200 0.179700
vt 0.025300 -0.257800
vt 0.758800 -0.205100
vt 0.868200 -0.139600
vt 0.101300 -0.369100
vt 0.100300 -0.254900
vt 0.873000 -0.077100
vt 0.185400 -0.093800
vt 0.358211 0.745244
vt 0.007800 -0.314500
vt 0.184000 -0.154300
vt 0.418000 -0.195300
vt 0.307400 -0.370100
vt 0.028200 -0.209000
vt 1.802700 -0.416000
vt 0.923800 -0.204100
vt 0.413600 -0.098600
vt 1.093800 -0.215800
vt 0.868200 -0.139600
vt 0.949200 0.144000
vt 0.928200 -0.073200
vt 0.667000 -0.445300
vt 0.311948 0.560761
vt 0.810100 0.110800
vt 0.009761 0.685722
vt 0.869100 -0.193400
vt 1.802700 -0.416000
vt 0.393800 -0.365200
vt 0.392600 -0.310500
vt 0.099100 0.683800
vt 0.101300 -0.369100
vt 1.807600 -0.350600
vt 0.928200 -0.073200
vt 0.311948 0.560761
vt 0.417200 -0.322300
vt 0.873000 -0.077100
vt 0.006800 -0.367200
vt 0.413600 -0.098600
vt 1.759800 -0.291000
vt 0.186600 -0.047900
vt 0.393800 -0.365200
vt 1.754900 -0.352500
vt 0.923800 -0.204100
vt 0.982900 0.149400
vt 0.920900 0.094200
vt 0.983900 -0.203100
vt 1.986300 0.090300
vt 0.739300 -0.423800
vt 0.944800 0.183100
vt 1.828100 0.202600
vt 0.417200 -0.322300
vt 1.176800 -0.214800
vt 0.025300 -0.257800
vt 0.888700 0.050800
vt 0.950200 0.094700
vt 0.951200 0.039100
vt 0.307400 -0.370100
vt 1.755900 -0.405300
vt 0.025300 -0.257800
vt 1.100600 -0.082000
vt 1.954100 0.132300
vt 0.313301 0.558916
vt 0.392600 -0.310500
vt 0.392600 -0.431600
vt 0.007800 -0.314500
vt 0.419400 -0.390600
vt 0.988300 0.096700
vt 0.393800 -0.365200
vt 0.489700 -0.204100
vt 0.766600 -0.294900
vt 0.931200 0.179700
vt 1.184600 -0.133800
vt 0.006800 -0.367200
vt 0.766600 -0.294900
vt 0.007800 -0.314500
vt 0.098900 -0.030300
vt 0.296490 0.686920
vt 0.190898 0.543153
vt 0.098900 -0.030300
vt 0.007800 -0.314500
vt 0.025300 -0.257800
vt 0.308305 0.623929
vt 0.229877 0.558916
vt 1.804700 0.041500
vt 0.714800 -0.049800
vt 0.186600 -0.047900
vt 0.977500 0.037600
vt 0.025300 -0.257800
vt 0.392600 -0.431600
vt 1.986300 0.090300
vt 0.014600 -0.196300
vt 0.028200 -0.209000
vt 0.560100 -0.414100
vt 0.928700 -0.137700
vt 1.176800 -0.214800
vt 0.392600 -0.310500
vt 0.098200 0.623000
vt 0.182404 0.673912
vt 1.100600 -0.087900
vt 0.307400 -0.370100
vt 0.188400 -0.372100
vt 0.183100 -0.148400
vt 0.006800 -0.367200
vt 0.101300 -0.315400
vt 0.212500 -0.370100
vt 0.983900 -0.203100
vt 0.949200 0.144000
vt 0.229242 0.755494
vt 0.791000 0.049800
vt 0.926300 0.178700
vt 0.181900 -0.450200
vt 0.213900 -0.435500
vt 0.092800 -0.207000
vt 0.931200 0.179700
vt 0.007800 -0.314500
vt 1.100600 -0.036100
vt 0.194192 0.540718
vt 1.755900 -0.405300
vt 0.179400 -0.207000
vt 0.082562 0.550215
vt 1.022500 -0.085900
vt 1.890600 0.209000
vt 1.180700 -0.172900
vt 0.104900 0.547400
vt 0.212500 -0.370100
vt 1.882800 0.042500
vt 0.886700 0.105000
vt 0.230168 0.698859
vt 0.165418 0.736856
vt 0.308969 0.755770
vt 0.960000 -0.343800
vt 0.182700 -0.319300
vt 0.869100 -0.193400
vt 0.853500 -0.171900
vt 0.101300 -0.315400
vt 0.385641 0.667269
vt 0.184000 -0.154300
vt 0.297400 -0.247100
vt 0.664600 -0.330100
vt 0.594700 -0.277300
vt 0.230168 0.698859
vt 1.176800 -0.214800
vt 0.007800 -0.314500
vt 0.990200 -0.144500
vt 0.392600 -0.431600
vt 0.186600 -0.047900
vt 0.184000 -0.154300
vt 0.373000 -0.254900
vt 0.873000 -0.077100
vt 0.023700 -0.154300
vt 0.809600 0.447300
vt 0.664600 -0.328100
vt 0.926300 0.178700
vt 1.949200 0.029800
vt 0.928700 -0.137700
vt 0.410900 -0.188500
vt 1.806600 -0.287100
vt 0.873000 -0.077100
vt 1.889600 0.148400
vt 0.852100 0.160600
vt -0.007226 0.734543
vt 0.486600 -0.264600
vt 0.983900 -0.079100
vt 0.809600 0.447300
vt 0.423300 -0.058600
vt 0.928700 -0.137700
vt 0.020200 -0.443400
vt 0.928200 -0.073200
vt 0.186600 -0.047900
vt 0.873000 -0.077100
vt 0.308100 -0.111300
vt 0.104700 -0.032200
vt 0.305200 -0.313500
vt 0.007800 -0.314500
vt 0.983900 -0.203100
vt 1.176800 -0.214800
vt 0.920900 0.094200
vt 1.855500 0.146000
vt 0.097500 -0.449200
vt 0.101300 -0.315400
vt 0.983900 -0.203100
vt 0.373000 -0.254900
vt 0.488500 -0.205100
vt 1.100600 -0.036100
vt 0.664600 -0.380900
vt 0.868200 -0.139600
vt 0.322364 0.753083
vt 0.182700 0.685100
vt 0.869100 -0.193400
vt 0.101300 -0.315400
vt 0.297400 -0.247100
vt 0.393800 -0.365200
vt 0.846700 0.108400
vt 0.923800 -0.204100
vt 0.382950 0.617586
vt 0.006800 -0.367200
vt 0.919900 0.040000
vt 0.297400 -0.247100
vt 0.869100 -0.193400
vt 0.315967 0.652514
vt 0.393800 -0.365200
vt 0.923800 -0.204100
vt 0.022600 -0.041000
vt 0.314900 -0.437500
vt 0.489700 -0.204100
vt 0.185200 -0.104500
vt 0.223100 -0.313500
vt 0.025300 -0.257800
vt 0.667000 -0.205100
vt 0.305200 -0.313500
vt 0.297741 0.688551
vt 0.182600 -0.158200
vt 0.203900 -0.190400
vt 0.596200 -0.106400
vt 0.392600 -0.310500
vt 0.025300 -0.257800
vt 0.314900 -0.437500
vt 0.097500 -0.449200
vt 0.213900 -0.435500
vt 1.889600 0.148400
vt 0.020200 -0.443400
vt 1.806600 -0.287100
vt 0.392600 -0.310500
vt 0.177500 -0.261700
vt 0.410200 -0.146500
vt 0.314900 -0.437500
vt 0.886700 0.105000
vt 0.376060 0.684587
vt 0.386130 0.613197
vt 0.982900 0.149400
vt 0.025300 -0.257800
vt 0.011321 0.686939
vt 0.233629 0.629083
vt 0.101110 0.548997
vt 0.376060 0.684587
vt 0.378221 0.665005
vt 1.176800 -0.214800
vt 0.027100 -0.066400
vt 1.887700 0.088900
vt 1.855500 -0.293000
vt 0.087589 0.747570
vt 0.097500 -0.449200
vt 1.855500 0.146000
vt 0.744100 -0.331100
vt 1.820300 0.151400
vt 0.311948 0.560761
vt 0.373000 -0.254900
vt 1.857400 0.206100
vt 1.176800 -0.043900
vt 0.297400 -0.247100
vt 0.212500 -0.370100
vt 0.558600 -0.321300
vt 0.099500 -0.089800
vt 0.220700 -0.260700
vt 0.373000 -0.254900
vt 0.927200 -0.190400
vt 0.869100 -0.193400
vt 0.382950 0.617586
vt 0.497600 -0.439500
vt 0.726600 -0.098600
vt 0.001267 0.690592
vt 0.928700 -0.137700
vt 0.097500 -0.449200
vt 0.924300 0.140100
vt 0.823700 0.160600
vt 0.855000 0.207000
vt 0.305200 -0.313500
vt 0.483400 -0.144500
vt 0.373000 -0.254900
vt 0.486600 -0.148400
vt 0.855000 0.207000
vt 0.497600 -0.439500
vt 0.726600 -0.098600
vt 1.759800 -0.291000
vt 0.213900 -0.435500
vt 0.855000 0.207000
vt 0.667000 -0.098600
vt 0.869100 -0.193400
vt 0.223100 -0.313500
vt 0.358211 0.745244
vt 0.314900 -0.437500
vt 0.028200 -0.209000
vt 0.031100 -0.034200
vt -0.003933 0.739291
vt 0.177500 -0.261700
vt 0.877900 0.209500
vt 1.860400 -0.357400
vt 0.358211 0.745244
vt 0.869100 -0.193400
vt 0.185200 -0.098600
vt 0.855000 0.207000
vt 0.305200 -0.313500
vt 0.007800 -0.314500
vt 0.944800 0.183100
vt 0.305200 -0.313500
vt 1.850600 0.090800
vt 0.177500 -0.261700
vt 0.038535 0.570425
vt 0.028200 -0.209000
vt 0.850600 -0.391600
vt 1.890600 0.209000
vt 0.099500 -0.089800
vt 0.305200 -0.313500
vt 0.983900 -0.079100
vt 0.188400 -0.372100
vt 0.028200 -0.209000
vt 1.804700 0.093300
vt 0.229522 0.620563
vt 0.180671 0.675129
vt 0.482200 -0.088900
vt 0.832000 0.200700
vt 0.990200 -0.144500
vt 0.182700 -0.319300
vt 0.391906 0.556928
vt 1.098600 -0.156300
vt 1.022500 -0.085900
vt 0.100300 -0.254900
vt 0.919900 0.040000
vt 0.229242 0.755494
vt 0.182700 -0.319300
vt 1.020500 -0.097700
vt 1.181600 -0.161100
vt 0.886700 0.106000
vt 0.847700 -0.291000
vt 0.322364 0.753083
vt 1.802700 -0.416000
vt 1.093800 -0.215800
vt 0.228607 0.654254
vt 0.990200 -0.144500
vt 0.223100 -0.313500
vt 0.868200 -0.139600
vt 0.928200 -0.073200
vt 0.188400 -0.372100
vt 0.873000 -0.077100
vt 0.177500 -0.261700
vt 0.363500 -0.030300
vt 0.223100 -0.313500
vt 0.085856 0.747570
vt 0.094349 0.610846
vt 0.928700 -0.137700
vt 0.412400 -0.355500
vt 1.754900 -0.352500
vt 0.011321 0.686939
vt 0.188400 -0.372100
vt 0.873000 -0.077100
vt 0.182700 -0.319300
vt 0.101300 -0.315400
vt 0.909200 -0.070300
vt 0.158657 0.736856
vt 0.810100 0.110800
vt 0.374796 0.742320
vt 1.855500 0.146000
vt 1.755900 -0.405300
vt 0.031100 -0.034200
vt 0.923800 -0.204100
vt 0.983900 -0.203100
vt 0.928200 -0.073200
vt 0.393800 -0.365200
vt 0.014600 -0.196300
vt 1.018600 -0.127000
vt 0.869100 -0.193400
vt 0.663600 -0.051800
vt 0.185200 -0.098600
vt 0.075629 0.680973
vt 1.807600 -0.350600
vt 1.176800 -0.043900
vt 0.497600 -0.439500
vt 1.760700 -0.298800
vt 0.941400 -0.084000
vt 0.021548 0.625090
vt 0.177500 -0.261700
vt 0.182700 -0.319300
vt 0.188400 -0.372100
vt 0.100300 -0.254900
vt 0.553700 -0.186500
vt 0.181900 -0.450200
vt 0.944800 0.183100
vt 0.810100 0.110800
vt 0.983900 -0.203100
vt 0.212500 -0.370100
vt 0.220700 -0.260700
vt 0.810100 0.520500
vt 0.372105 0.746787
vt 0.181900 -0.450200
vt 1.176800 -0.043900
vt 0.097500 -0.449200
vt 0.393800 -0.365200
vt 0.307400 -0.370100
vt 0.179400 -0.207000
vt 1.025400 -0.041000
vt 0.177500 -0.261700
vt 0.180671 0.675129
vt 0.297400 -0.247100
vt 0.311948 0.560761
vt 0.097500 -0.449200
vt 0.009700 -0.112300
vt 0.182700 -0.319300
vt 0.393800 -0.365200
vt 0.307400 -0.370100
vt 0.873000 -0.077100
vt 0.928700 -0.137700
vt 0.423600 -0.276400
vt 0.006800 -0.367200
vt 0.097500 -0.449200
vt 1.850600 0.090800
vt 0.393800 -0.365200
vt 1.100600 -0.087900
vt 0.373000 -0.254900
vt 1.883800 0.040000
vt 0.664600 -0.151400
vt 0.025300 -0.257800
vt 1.759800 -0.291000
vt 0.307400 -0.370100
vt 0.745100 -0.377900
vt 0.006800 -0.367200
vt 1.755900 -0.405300
vt 0.987800 0.086400
vt 0.791000 0.049800
vt 0.097500 -0.449200
vt 0.189165 0.604880
vt 0.024800 -0.142600
vt 0.373000 -0.254900
vt 1.759800 -0.291000
vt 0.087589 0.616811
vt 1.181600 -0.089800
vt 0.839400 0.032700
vt 0.100300 -0.254900
vt 0.486600 -0.264600
vt 0.410200 -0.146500
vt 0.019900 -0.085900
vt 0.967300 0.184600
vt 0.305200 -0.313500
vt 0.792000 0.048800
vt 0.311948 0.560761
vt 1.019500 -0.201200
vt 0.549800 -0.058600
vt 0.373000 -0.254900
vt 0.158657 0.736856
vt 0.230168 0.698859
vt 0.021600 -0.152300
vt 0.393800 -0.365200
vt 0.869100 -0.193400
vt 0.314900 -0.437500
vt 0.314900 -0.437500
vt 0.919400 0.038100
vt 1.828100 0.202600
vt 0.305200 -0.313500
vt 0.558600 -0.321300
vt 0.486600 -0.264600
vt 0.415800 -0.142600
vt 0.967300 0.184600
vt 0.990200 -0.144500
vt 0.869100 -0.193400
vt 1.763700 -0.413100
vt 0.391906 0.556928
vt 1.828100 0.202600
vt 0.873000 -0.077100
vt 1.807600 -0.290000
vt 0.098900 -0.030300
vt 0.739300 -0.423800
vt 0.392600 -0.431600
vt 1.180700 -0.089800
vt 0.393800 -0.365200
vt 0.873000 -0.077100
vt 0.031100 -0.034200
vt 0.393800 -0.365200
vt 0.990200 -0.144500
vt 0.006800 -0.367200
vt 0.983900 -0.079100
vt 0.392600 -0.431600
vt 0.092800 -0.207000
vt 0.928700 -0.137700
vt 0.928200 -0.073200
vt 0.559100 -0.146500
vt 0.223100 -0.313500
vt 0.810100 0.110800
vt 1.176800 -0.043900
vt 0.307400 -0.370100
vt 0.025300 -0.257800
vt 0.888700 0.050800
vt 0.006800 -0.367200
vt 0.873000 -0.077100
vt 0.216482 0.558916
vt 0.010700 0.623000
vt 0.007800 -0.314500
vt 1.181600 -0.097700
vt 0.393800 -0.365200
vt 0.101300 -0.315400
vt 1.806600 -0.287100
vt 0.392600 -0.310500
vt 0.983900 -0.203100
vt 0.928200 -0.073200
vt 0.006800 -0.367200
vt 1.855500 -0.415000
vt 0.007800 -0.314500
vt 0.308305 0.623929
vt 0.376060 0.684587
vt 0.186600 -0.047900
vt 0.560100 -0.414100
vt 0.092800 -0.207000
vt 0.983900 -0.203100
vt 0.186600 -0.047900
vt -0.003933 0.738074
vt 0.223100 -0.313500
vt 0.868200 -0.139600
vt 0.101300 -0.369100
vt 0.021600 -0.152300
vt 0.098900 -0.030300
vt 0.101300 -0.369100
vt 0.177500 -0.261700
vt 0.791000 0.049800
vt 0.101300 -0.315400
vt 0.395173 0.550438
vt 0.392600 -0.310500
vt 0.392600 -0.310500
vt 1.181600 -0.163100
vt 0.923800 -0.204100
vt 1.802700 -0.416000
vt 0.188400 -0.372100
vt 0.101300 -0.315400
vt 0.869100 -0.193400
vt 0.744600 -0.148400
vt 0.489300 -0.350600
vt 0.100300 -0.254900
vt 0.101300 -0.369100
vt 0.392600 -0.431600
vt 0.846700 0.108400
vt 0.492200 -0.382800
vt 1.860400 -0.357400
vt 0.213900 -0.435500
vt 0.166900 -0.035200
vt 0.161951 0.734543
vt 0.987800 0.039600
vt 1.851600 -0.287100
vt 0.923800 -0.204100
vt 1.860400 -0.357400
vt 0.021600 -0.152300
vt 1.180700 -0.090800
vt 0.392600 -0.310500
vt 0.182700 -0.319300
vt 1.021500 -0.085900
vt 0.212500 -0.370100
vt 0.792000 0.048800
vt 0.297400 -0.247100
vt 0.308305 0.623929
vt 0.007800 -0.314500
vt 0.182700 -0.319300
vt 0.194192 0.540718
vt 0.376060 0.684587
vt 0.007800 -0.314500
vt 0.488500 -0.323200
vt 0.373000 -0.254900
vt 1.861300 -0.401400
vt 0.309899 0.617832
vt 0.100300 -0.254900
vt 0.297400 -0.247100
vt 0.213900 -0.435500
vt 0.019900 -0.085900
vt 0.588900 -0.433600
vt 1.818400 0.150900
vt 0.928700 -0.137700
vt 0.873000 -0.077100
vt 0.987800 0.039600
vt 0.734900 -0.277300
vt 0.867200 -0.307600
vt 0.392600 -0.431600
vt 1.802700 -0.416000
vt 0.028200 -0.209000
vt 0.025300 -0.257800
vt 0.852100 0.160600
vt 0.423300 -0.058600
vt 0.888700 0.161600
vt 0.392600 -0.431600
vt 0.229447 0.752432
vt 0.928700 -0.137700
vt 0.095400 -0.146500
vt 1.019500 -0.201200
vt 1.859400 0.143600
vt 0.097500 -0.449200
vt 1.176800 -0.214800
vt 0.869100 -0.193400
vt 0.305200 -0.313500
vt 0.367941 0.735476
vt 1.807600 -0.350600
vt 0.101300 -0.315400
vt 0.185500 -0.345700
vt 0.373000 -0.254900
vt 1.882800 0.042500
vt 0.852100 0.160600
vt 0.846700 0.108400
vt 1.849600 0.088900
vt 0.931200 0.179700
vt 0.297400 -0.247100
vt 0.983900 -0.079100
vt 0.850600 -0.391600
vt 0.423300 -0.058600
vt 0.163684 0.734543
vt 0.101300 -0.315400
vt 0.739300 -0.423800
vt 0.373000 -0.254900
vt 0.307400 -0.370100
vt 0.307400 -0.370100
vt 0.967300 0.184600
vt 0.823700 0.160600
vt 0.006800 -0.367200
vt 0.931200 0.179700
vt 0.305200 -0.313500
vt 0.423300 -0.058600
vt 0.025300 -0.257800
vt 0.213900 -0.435500
vt 1.100600 -0.036100
vt 0.221984 0.557436
vt 0.488500 -0.205100
vt 0.223100 -0.313500
vt 0.091300 -0.028300
vt 0.413600 -0.098600
vt 0.006800 -0.367200
vt 1.855500 -0.293000
vt 0.810100 0.111300
vt 0.387277 0.667193
vt 0.213900 -0.435500
vt 0.990200 -0.144500
vt 0.847700 -0.291000
vt 1.857400 0.206100
vt 1.890600 0.209000
vt 0.868200 -0.139600
vt 0.213900 -0.435500
vt 0.021600 -0.152300
vt 0.020200 -0.443400
vt 0.873000 -0.077100
vt 0.358211 0.745244
vt 1.882800 0.042500
vt 0.305200 -0.313500
vt 0.297400 -0.247100
vt 0.950200 0.094700
vt 1.754900 -0.352500
vt 0.886700 0.105000
vt 0.873000 -0.077100
vt 0.373000 -0.254900
vt 0.104900 0.547400
vt 0.428000 -0.432600
vt 0.223100 -0.313500
vt 1.802700 -0.416000
vt 0.213900 -0.435500
vt 0.923800 -0.204100
vt 0.098900 -0.030300
vt 0.020200 -0.443400
vt 1.807600 -0.350600
vt 0.084122 0.741605
vt 0.983900 -0.203100
vt 0.928200 -0.073200
vt 1.807600 -0.350600
vt 0.428000 -0.432600
vt 0.009700 -0.112300
vt 0.101300 -0.315400
vt 0.869100 -0.193400
vt 0.906700 0.376000
vt 0.856400 0.374000
vt 0.101300 -0.369100
vt 1.807600 -0.350600
vt 0.181900 -0.450200
vt 0.391895 0.552578
vt 1.807600 -0.350600
vt 0.423600 -0.276400
vt 0.923800 -0.204100
vt 0.212500 -0.370100
vt 0.983900 -0.203100
vt 0.179400 -0.207000
vt 0.099500 -0.089800
vt 0.220700 -0.260700
vt 0.392600 -0.310500
vt 0.951200 0.039100
vt 0.101300 -0.369100
vt 1.890600 0.209000
vt 0.855000 0.207000
vt 0.305200 -0.313500
vt 0.983900 -0.203100
vt 0.220700 -0.260700
vt 0.016521 0.635804
vt 1.920900 0.132300
vt 0.823700 0.160600
vt 0.358211 0.745244
vt 0.372861 0.741086
vt 1.887700 0.088900
vt 0.278282 0.750627
vt 0.019900 -0.085900
vt 0.100300 -0.254900
vt 0.990200 -0.144500
vt 0.667000 -0.205100
vt 0.377216 0.629283
vt 0.021548 0.634709
vt 0.877900 0.209500
vt 0.188400 -0.372100
vt 0.951200 0.039100
vt 0.548300 -0.056600
vt 0.664600 -0.378900
vt 0.007800 -0.314500
vt 0.098900 -0.030300
vt 0.951200 0.039100
vt 0.176300 0.743200
vt 0.177500 -0.261700
vt 0.314900 -0.437500
vt 0.664600 -0.151400
vt 0.184000 -0.154300
vt 0.223100 -0.313500
vt 0.823700 0.160600
vt 0.181900 -0.450200
vt 0.391906 0.556928
vt 0.007800 -0.314500
vt 1.025400 -0.041000
vt 0.220700 -0.260700
vt 0.100300 -0.254900
vt 0.095400 -0.146500
vt 0.395500 -0.190400
vt 0.229522 0.620563
vt 0.877900 0.209500
vt 0.181900 -0.450200
vt 1.855500 -0.415000
vt 1.754900 -0.352500
vt 0.212500 -0.370100
vt 0.486600 -0.264600
vt 0.100300 -0.254900
vt 0.392600 -0.431600
vt 0.928700 -0.137700
vt 0.832000 0.200700
vt 0.229242 0.755494
vt 1.100600 -0.087900
vt 0.188400 -0.372100
vt 0.663600 -0.051800
vt 0.182700 -0.319300
vt 0.180671 0.675129
vt 0.886700 0.106000
vt 0.185200 -0.098600
vt 0.548300 -0.056600
vt 0.021600 -0.152300
vt 0.188400 -0.372100
vt 0.177500 -0.261700
vt 0.223100 -0.313500
vt 1.025400 -0.041000
vt 0.099800 -0.114300
vt 0.188400 -0.372100
vt 0.358211 0.745244
vt 0.182700 -0.319300
vt 0.428000 -0.432600
vt 0.886700 0.106000
vt 1.848600 0.036600
vt 0.488300 -0.050800
vt 1.025400 -0.041000
vt 0.181900 -0.450200
vt 0.181900 0.628400
vt 0.181900 -0.450200
vt 0.886700 0.106000
vt 0.177500 -0.261700
vt 0.307400 -0.221700
vt 0.379936 0.551181
vt 0.990200 -0.144500
vt 0.220700 -0.260700
vt 0.100300 -0.254900
vt 0.177500 -0.261700
vt 0.297400 -0.247100
vt 0.297400 -0.247100
vt 0.983900 -0.079100
vt 0.810100 0.110800
vt 0.177500 -0.261700
vt 0.098900 -0.030300
vt 0.928700 -0.137700
vt 0.100300 -0.254900
vt 0.317083 0.758661
vt 0.212500 -0.370100
vt 0.177500 -0.261700
vt 0.931200 0.179700
vt 0.220700 -0.260700
vt 0.873000 -0.077100
vt 0.213900 -0.435500
vt 0.983900 -0.079100
vt 0.823700 0.160600
vt 0.297741 0.688551
vt 0.983900 -0.203100
vt 0.297400 -0.247100
vt 0.181900 -0.450200
vt 0.928200 -0.073200
vt 1.855500 -0.415000
vt 0.213900 -0.435500
vt 0.182700 -0.319300
vt 0.221984 0.557436
vt 0.092800 -0.207000
vt 0.213900 -0.435500
vt 1.025400 -0.041000
vt 0.212500 -0.370100
vt 0.982900 0.149400
vt 0.220700 -0.260700
vt 0.100300 -0.254900
vt 0.928700 -0.137700
vt 0.983900 -0.203100
vt 0.006800 -0.367200
vt 0.839400 0.032700
vt 0.101109 0.548997
vt 0.839400 0.032700
vt 0.311948 0.560761
vt 0.424100 -0.101600
vt 0.839400 0.032700
vt 0.213900 -0.435500
vt 0.020200 -0.443400
vt 0.025300 -0.257800
vt 0.745100 -0.377900
vt 1.181600 -0.161100
vt 0.182300 -0.163100
vt 0.297400 -0.247100
vt 0.983900 -0.203100
vt 0.486600 -0.264600
vt 0.238656 0.750254
vt 0.967300 0.184600
vt 0.311948 0.560761
vt 0.868200 -0.139600
vt 0.234586 0.750254
vt 0.839400 0.032700
vt 0.392600 -0.310500
vt 0.832000 0.200700
vt 0.006800 -0.367200
vt 0.177500 -0.261700
vt 0.813500 -0.120100
vt 0.486600 -0.264600
vt 0.181900 -0.450200
vt 0.743700 -0.328100
vt 0.392600 -0.310500
vt 0.488500 -0.323200
vt 0.025300 -0.257800
vt 0.075629 0.679878
vt 0.832000 0.200700
vt 0.923800 -0.204100
vt 0.951200 0.039100
vt 0.019900 -0.085900
vt 0.307400 -0.370100
vt 0.805700 -0.286100
vt 0.392600 -0.310500
vt 0.101300 -0.369100
vt 0.839400 0.032700
vt 0.486600 -0.102500
vt 0.031100 -0.034200
vt 0.488500 -0.323200
vt 0.977500 0.037600
vt 0.549800 -0.058600
vt 1.100600 -0.096700
vt 0.307400 -0.370100
vt 0.314900 -0.437500
vt 0.548300 -0.056600
vt 1.098600 -0.156300
vt 0.311948 0.560761
vt 0.810100 0.110800
vt 0.415800 -0.142600
vt 1.025400 -0.041000
vt 0.018200 -0.085900
vt 0.603500 -0.060500
vt 0.237390 0.739416
vt 0.092800 -0.207000
vt 1.806600 -0.287100
vt 0.951200 0.039100
vt 0.101300 -0.369100
vt 1.755900 -0.405300
vt 1.855500 -0.415000
vt 0.810100 0.110800
vt 0.393800 -0.365200
vt 0.233629 0.629083
vt 0.186600 -0.047900
vt -0.007226 0.734543
vt 0.392600 -0.431600
vt 0.007800 -0.314500
vt 1.019500 -0.201200
vt 0.666500 -0.268600
vt 0.230603 0.703988
vt 1.025400 -0.041000
vt 0.867200 -0.307600
vt 0.928700 -0.137700
vt 0.382950 0.617586
vt 0.101300 -0.315400
vt 0.393800 -0.365200
vt 0.869100 -0.193400
vt 0.188400 -0.372100
vt 0.923800 -0.204100
vt 0.082562 0.683408
vt 1.181600 -0.089800
vt 0.888700 0.050800
vt 0.025300 -0.257800
vt 0.760700 -0.119100
vt 0.489300 -0.350600
vt 0.031100 -0.034200
vt 0.007800 -0.314500
vt 1.860400 -0.357400
vt 0.101300 -0.315400
vt 0.988300 0.096700
vt 0.177500 -0.261700
vt 0.983900 -0.079100
vt 0.185200 -0.104500
vt 0.363502 0.739954
vt 0.232907 0.750285
vt 0.223100 -0.313500
vt 0.025300 -0.257800
vt 0.392600 -0.431600
vt 0.948700 0.138200
vt 0.553700 -0.186500
vt 0.418000 -0.195300
vt 0.177500 -0.261700
vt 0.562000 -0.376000
vt 0.174000 -0.192400
vt 1.850600 0.090800
vt 0.888700 0.050800
vt 0.664600 -0.380900
vt 0.186600 -0.047900
vt 0.028200 -0.209000
vt 0.877900 0.209500
vt 1.176800 -0.214800
vt 0.946300 0.189500
vt 0.106000 0.743700
vt 0.177500 -0.261700
vt 0.392600 -0.310500
vt 0.007300 -0.340800
vt 0.101300 -0.369100
vt 0.023300 -0.149400
vt 0.181900 -0.450200
vt 0.587900 -0.147500
vt 0.976100 0.183600
vt 1.855500 -0.293000
vt 0.213900 -0.435500
vt 0.025300 -0.257800
vt 0.220700 -0.260700
vt 0.990200 -0.144500
vt 0.392600 -0.310500
vt 0.307400 -0.221700
vt 0.100300 -0.254900
vt 0.393800 -0.365200
vt 0.868200 -0.139600
vt 0.092616 0.610846
vt 0.791000 0.049800
vt 0.016521 0.635804
vt 0.034000 0.741000
vt 0.792000 0.048800
vt 0.212500 -0.370100
vt 0.228607 0.654254
vt 0.846700 0.108400
vt 0.220700 -0.260700
vt 0.859400 -0.331100
vt 1.093800 -0.215800
vt 0.868200 -0.139600
vt 0.179400 -0.207000
vt 1.887700 0.088900
vt 0.948700 0.138200
vt 0.224011 0.620158
vt 0.920900 0.094200
vt 0.928700 -0.137700
vt 0.101300 -0.315400
vt 0.928200 -0.073200
vt 0.951200 0.039100
vt 0.297400 -0.247100
vt 0.873000 -0.077100
vt 0.423600 -0.276400
vt 0.810500 -0.413100
vt 1.759800 -0.291000
vt 0.546900 -0.269500
vt 1.808600 -0.351600
vt 0.392600 -0.431600
vt 0.373000 -0.254900
vt 0.923800 -0.204100
vt 0.309899 0.617832
vt 0.909200 -0.070300
vt 0.983900 -0.203100
vt 0.213900 -0.435500
vt 0.976100 0.183600
vt 0.020200 -0.443400
vt 0.392600 -0.431600
vt 0.983900 -0.203100
vt 0.920900 0.094200
vt 0.977500 0.037600
vt 0.019900 -0.085900
vt 0.847700 0.108400
vt 0.213900 -0.435500
vt 0.852100 0.160600
vt 0.229447 0.752432
vt 0.307400 -0.370100
vt 0.876000 -0.189500
vt 0.165500 0.562700
vt 0.553700 -0.186500
vt 0.888700 0.161600
vt 1.101600 -0.125000
vt 0.305200 -0.313500
vt 0.392600 -0.431600
vt 0.772500 -0.395500
vt 0.020200 -0.443400
vt 0.185500 -0.345700
vt 1.883800 0.040000
vt 0.307400 -0.370100
vt 1.180700 -0.089800
vt 0.314900 -0.437500
vt 0.097500 -0.449200
vt 0.924300 0.140100
vt 0.020200 -0.443400
vt 0.888700 0.049800
vt 0.101300 -0.315400
vt 0.012300 0.687000
vt 0.182600 -0.158200
vt 0.166900 -0.035200
vt 0.302572 0.652514
vt 0.846700 0.108400
vt 0.888700 0.161600
vt 0.297400 -0.247100
vt 0.106136 0.548997
vt 0.373000 -0.254900
vt 1.754900 -0.352500
vt 0.185200 -0.098600
vt 1.020500 -0.096700
vt 0.174000 -0.192400
vt 0.297400 -0.247100
vt 0.928700 -0.137700
vt 0.087589 0.616811
vt 0.028200 -0.209000
vt 0.213900 -0.435500
vt 0.393800 -0.365200
vt 0.580100 -0.376000
vt 1.176800 -0.214800
vt 0.950200 0.094700
vt 1.100600 -0.087900
vt 0.314900 -0.437500
vt 0.846700 0.108400
vt 0.025300 -0.257800
vt 0.413600 -0.098600
vt 0.223100 -0.313500
vt 0.233629 0.629083
vt 1.755900 -0.405300
vt 0.392600 -0.310500
vt 0.392600 -0.310500
vt 0.358211 0.745244
vt 0.089322 0.616811
vt 0.305200 -0.313500
vt 1.018600 -0.156300
vt 0.213900 -0.435500
vt 1.100600 -0.036100
vt 0.101400 -0.211900
vt 1.820300 0.151400
vt 0.376060 0.684587
vt 0.101300 -0.369100
vt 0.322364 0.753083
vt 0.025300 -0.257800
vt 0.358211 0.745244
vt 0.224011 0.620158
vt 0.092800 -0.207000
vt 0.020200 -0.443400
vt 0.667000 -0.205100
vt 0.423600 -0.276400
vt 0.031100 -0.034200
vt 1.180700 -0.090800
vt 0.101300 -0.315400
vt 0.886700 0.106000
vt 1.887700 0.088900
vt 0.102600 -0.079100
vt 0.186600 -0.047900
vt 0.097500 -0.449200
vt 0.101300 -0.369100
vt 0.869100 -0.193400
vt 0.990200 -0.144500
vt 0.179400 -0.207000
vt 0.391895 0.552578
vt 0.373000 -0.254900
vt 0.373000 -0.254900
vt 0.220700 -0.260700
vt 0.928700 -0.137700
vt 0.233407 0.625979
vt 0.094349 0.610846
vt 1.805700 0.040500
vt 0.097500 -0.449200
vt 1.882800 0.042500
vt 0.873000 -0.077100
vt 0.229242 0.755494
vt 0.983900 -0.079100
vt 0.179400 -0.207000
vt 0.220700 -0.260700
vt 0.855000 0.207000
vt 0.419400 -0.390600
vt 0.823700 0.160600
vt 0.223100 -0.313500
vt 0.358211 0.745244
vt 0.314900 -0.437500
vt 0.184000 -0.154300
vt 0.928200 -0.073200
vt 0.177500 -0.261700
vt 0.231586 0.554353
vt 0.278282 0.750627
vt 0.758800 -0.205100
vt 0.100300 -0.254900
vt 0.382511 0.655221
vt 0.481000 -0.047900
vt 0.358211 0.745244
vt 0.928700 -0.137700
vt 0.376060 0.684587
vt 0.377216 0.629283
vt 0.877900 0.209500
vt 0.305200 -0.313500
vt 0.839400 0.032700
vt 0.098900 -0.030300
vt 0.305200 -0.313500
vt 1.093800 -0.215800
vt 0.977500 0.037600
vt 0.769000 -0.075200
vt 1.857400 0.206100
vt 1.828100 0.202600
vt 0.558100 -0.103500
vt 0.184000 -0.154300
vt 0.552200 -0.137700
vt 0.983900 -0.203100
vt 0.188400 -0.372100
vt 0.220700 -0.260700
vt 0.868200 -0.139600
vt 0.203900 -0.190400
vt 0.832000 0.200700
vt 0.869100 -0.193400
vt 0.181900 -0.450200
vt 0.888700 0.050800
vt 0.832000 0.200700
vt 0.185200 -0.098600
vt 0.832000 0.200700
vt 0.009700 -0.112300
vt 0.428000 -0.432600
vt 0.220700 -0.260700
vt 0.184100 -0.047900
vt 0.392600 -0.431600
vt 0.183965 0.673912
vt 0.832000 0.200700
vt 0.923800 -0.204100
vt 0.185200 -0.098600
vt 1.176800 -0.043900
vt 0.182900 -0.083000
vt 1.018600 -0.159200
vt 0.097900 -0.092800
vt 0.392600 -0.431600
vt 0.223100 -0.313500
vt 0.805700 -0.286100
vt 0.085856 0.745257
vt 1.893600 0.146000
vt 0.944800 0.183100
vt 0.314900 -0.437500
vt 0.308100 -0.111300
vt 1.806600 -0.287100
vt 0.182700 -0.319300
vt 1.804700 0.041500
vt 1.855500 0.146000
vt 0.101300 -0.315400
vt 0.230168 0.698859
vt 1.855500 -0.415000
vt 0.886700 0.106000
vt 0.294098 0.758195
vt 0.021600 -0.152300
vt 0.488300 -0.050800
vt 0.223100 -0.313500
vt 0.832000 0.200700
vt 0.003000 0.684626
vt 1.806600 -0.287100
vt 0.714800 -0.049800
vt 0.308305 0.623929
vt 0.092800 -0.207000
vt 0.379936 0.551181
vt 1.022500 -0.085900
vt 0.220700 -0.260700
vt 0.868200 -0.139600
vt 0.230603 0.703988
vt 1.184600 -0.133800
vt 1.019500 -0.201200
vt 0.232170 0.553164
vt 0.393800 -0.365200
vt 0.177500 -0.261700
vt 0.486600 -0.148400
vt 0.562000 -0.376000
vt 0.181900 -0.450200
vt 1.891600 0.209000
vt 0.315967 0.652514
vt 0.428000 -0.432600
vt 1.855500 0.146000
vt 0.596200 -0.106400
vt 0.186600 -0.047900
vt 0.869100 -0.193400
vt 0.220700 -0.260700
vt 0.031100 -0.034200
vt 0.419400 -0.390600
vt 0.855000 0.207000
vt 0.100300 -0.254900
vt 0.486600 -0.264600
vt 0.928700 -0.137700
vt 0.748000 -0.352500
vt 1.025400 -0.041000
vt 0.182700 -0.319300
vt 0.297741 0.688551
vt 0.416500 -0.063500
vt 0.297741 0.688551
vt 0.181900 -0.450200
vt 0.229242 0.755494
vt 0.497600 -0.439500
vt 0.307400 -0.370100
vt 0.023700 -0.154300
vt 1.860400 -0.357400
vt 0.212500 -0.370100
vt 0.847700 0.108400
vt 1.754900 -0.352500
vt 0.100300 -0.254900
vt 0.839400 0.032700
vt 0.983900 -0.079100
vt 0.856400 0.374000
vt 0.182700 -0.319300
vt 0.424100 -0.101600
vt 0.305200 -0.313500
vt 0.850600 -0.391600
vt 1.099600 -0.151400
vt 0.580100 -0.377900
vt 0.983900 -0.079100
vt 1.176800 -0.043900
vt 0.393800 -0.365200
vt 0.373000 -0.254900
vt 0.743700 -0.328100
vt 0.546900 -0.269500
vt 0.025300 -0.257800
vt 0.307400 -0.370100
vt 0.363500 -0.030300
vt 0.850600 -0.391600
vt 0.097500 -0.449200
vt 1.815400 -0.421900
vt 0.393800 -0.365200
vt 0.810100 0.520500
vt 0.990200 -0.144500
vt 0.101109 0.553867
vt 0.025300 -0.257800
vt 0.949200 0.144000
vt 0.100300 -0.254900
vt 0.297741 0.688551
vt 1.887700 0.089400
vt 0.417200 -0.322300
vt 0.920900 0.094200
vt 0.185400 -0.093800
vt 0.888700 0.162600
vt 0.222677 0.659513
vt 0.179400 -0.207000
vt 0.101300 -0.369100
vt 0.840300 0.032700
vt 0.990200 -0.144500
vt 0.305200 -0.313500
vt 0.486600 -0.102500
vt 0.212500 -0.370100
vt 0.868200 -0.139600
vt 1.865200 -0.348600
vt 1.018600 -0.157200
vt 0.486600 -0.264600
vt 0.847700 -0.291000
vt 0.810500 -0.413100
vt 0.859400 -0.331100
vt 0.847700 -0.291000
vt 0.928700 -0.137700
vt 0.101300 -0.369100
vt 1.889600 0.148400
vt 0.967300 0.184600
vt 0.811000 -0.339800
vt 0.095400 -0.146500
vt 0.873000 -0.077100
vt 0.370515 0.698927
vt 1.889600 0.148400
vt 0.486600 -0.148400
vt 1.759800 -0.291000
vt 0.949200 0.144000
vt 1.754900 -0.352500
vt 0.923800 -0.204100
vt 0.166900 -0.035200
vt 1.863300 -0.400400
vt 0.101300 -0.369100
vt 0.663600 -0.355500
vt 0.983900 -0.203100
vt 0.928200 -0.073200
vt 0.393800 -0.365200
vt 0.583500 -0.325200
vt 1.928700 0.181200
vt 0.888700 0.050800
vt 0.393800 -0.365200
vt 1.807600 -0.350600
vt 0.739300 -0.423800
vt 0.877900 0.209500
vt 0.810100 0.110800
vt 0.983900 -0.203100
vt 0.006800 -0.367200
vt 0.099100 -0.220700
vt 0.392600 -0.431600
vt 0.006800 -0.367200
vt 0.666500 -0.268600
vt 0.177500 -0.261700
vt 0.233629 0.629083
vt 0.951200 -0.404300
vt 0.185698 0.606097
vt 1.850600 0.090800
vt 0.203900 -0.190400
vt 0.025300 -0.257800
vt 0.006800 -0.367200
vt 0.888700 0.050800
vt 0.006800 -0.367200
vt 0.082562 0.676225
vt 0.370515 0.698927
vt 0.183200 -0.140600
vt 0.212523 0.555604
vt 1.859400 0.210000
vt 0.182700 0.685100
vt 1.804700 0.093300
vt 1.826200 0.200700
vt 0.092800 -0.207000
vt 0.428000 -0.432600
vt 0.223100 -0.313500
vt 0.025300 -0.257800
vt 0.101300 -0.369100
vt 0.037100 0.557100
vt 0.392600 -0.431600
vt 0.923300 0.136700
vt 0.101300 -0.315400
vt 0.101300 -0.369100
vt 0.181900 -0.450200
vt 0.391906 0.556928
vt 1.018600 -0.159200
vt 0.873000 -0.077100
vt 1.176800 -0.043900
vt 0.392600 -0.310500
vt 0.025000 -0.084000
vt 0.982900 0.149400
vt 0.297400 -0.247100
vt 0.392600 -0.431600
vt 0.424100 -0.101600
vt 0.308100 -0.111300
vt 0.101300 -0.315400
vt 0.603500 -0.060500
vt 0.317083 0.758661
vt 0.417200 -0.322300
vt 0.101300 -0.369100
vt 0.392600 -0.431600
vt 0.850100 -0.071300
vt 0.181900 -0.450200
vt -0.000466 0.740509
vt 0.185698 0.603784
vt 0.213900 -0.435500
vt 0.197658 0.545466
vt 1.759800 -0.291000
vt 1.755900 -0.405300
vt 1.804700 0.041500
vt 1.754900 -0.352500
vt 0.181900 -0.450200
vt 0.019900 -0.085900
vt 0.177900 -0.197300
vt 0.867700 -0.086900
vt 0.949200 0.144000
vt 0.099500 -0.089800
vt 0.739300 -0.423800
vt 0.744600 -0.148400
vt 0.294098 0.758195
vt 0.082562 0.676225
vt 0.091300 -0.028300
vt 0.007800 -0.314500
vt 0.923300 0.136700
vt 0.007800 -0.314500
vt 0.182700 -0.319300
vt 0.563500 -0.343800
vt 0.316942 0.757078
vt 1.100600 -0.036100
vt 0.888700 0.049800
vt 0.007800 -0.314500
vt 0.990200 -0.144500
vt 0.869100 -0.193400
vt 0.392600 -0.431600
vt 0.373000 -0.254900
vt 0.101300 -0.315400
vt 0.909200 -0.070300
vt 0.007800 -0.314500
vt 0.020200 -0.443400
vt 0.286774 0.626640
vt 0.087589 0.616811
vt 0.101300 -0.369100
vt 0.307400 -0.370100
vt 0.745100 -0.377000
vt 0.983900 -0.079100
vt 1.181600 -0.160200
vt 0.758300 -0.338900
vt 0.392600 -0.310500
vt 0.392600 -0.431600
vt 0.805700 -0.286100
vt 0.562000 -0.370100
vt 0.213900 -0.435500
vt 0.020200 -0.443400
vt 0.392600 -0.431600
vt 0.482200 -0.088900
vt 0.928200 -0.073200
vt 0.553700 -0.186500
vt 0.096300 -0.140600
vt 0.873000 -0.077100
vt 0.876000 -0.189500
vt 0.004561 0.688157
vt 0.888700 0.161600
vt 0.097500 -0.449200
vt 0.363500 -0.030300
vt 0.305200 -0.313500
vt -0.005493 0.736856
vt 0.823700 0.160600
vt 0.373000 -0.254900
vt 0.020200 -0.443400
vt 0.949200 0.144000
vt 0.928200 -0.073200
vt 1.855500 -0.293000
vt 1.855500 -0.415000
vt 0.098900 -0.030300
vt 0.314900 -0.437500
vt 1.804700 0.093300
vt 0.101300 -0.315400
vt 0.097500 -0.449200
vt 1.949200 0.029800
vt 0.095900 -0.147500
vt 0.983900 -0.203100
vt 1.100600 -0.036100
vt 0.868200 -0.139600
vt 1.951200 0.184100
vt 0.549300 -0.182600
vt 0.931200 0.179700
vt 0.823700 0.160600
vt 1.176800 -0.214800
vt 1.802700 -0.416000
vt 0.852100 0.160600
vt 0.423600 -0.276400
vt 0.305200 -0.313500
vt 0.097500 -0.449200
vt 0.101300 -0.315400
vt 0.393800 -0.365200
vt 0.923800 -0.204100
vt 0.297400 -0.247100
vt 0.006800 -0.367200
vt 0.568400 -0.195300
vt 0.393800 -0.365200
vt 0.082562 0.677443
vt 0.393800 -0.365200
vt 1.100600 -0.082000
vt 0.213900 -0.435500
vt 0.314900 -0.437500
vt 0.020200 -0.443400
vt 0.923800 -0.204100
vt 1.860400 -0.357400
vt 0.025300 -0.257800
vt 1.805700 0.040500
vt 0.387397 0.655221
vt 0.006800 -0.367200
vt 0.177900 -0.197300
vt 0.284952 0.691791
vt 0.213900 -0.435500
vt 1.100600 -0.036100
vt 0.098000 -0.086900
vt 0.846700 0.108400
vt 0.297400 -0.247100
vt 1.848600 0.036600
vt 0.097500 -0.449200
vt 0.549800 -0.087900
vt 1.806600 -0.287100
vt 0.373000 -0.254900
vt 0.376060 0.684587
vt 0.025300 -0.257800
vt 0.419400 -0.390600
vt 0.020200 -0.443400
vt 0.030041 0.597818
vt 0.808100 -0.066400
vt 0.985400 0.138700
vt 1.176800 -0.214800
vt 1.855500 -0.293000
vt 0.099500 -0.089800
vt 1.181600 -0.161100
vt 0.311948 0.560761
vt 0.297400 -0.247100
vt 0.021548 0.625090
vt 0.099500 -0.089800
vt 0.220700 -0.260700
vt 0.920900 0.094200
vt 0.861800 -0.111300
vt 0.558600 -0.321300
vt 0.233407 0.625979
vt 1.863300 -0.345700
vt 0.392728 0.569358
vt 0.038535 0.571642
vt 0.928700 -0.137700
vt 0.097500 -0.449200
vt 0.229242 0.755494
vt 0.305200 -0.313500
vt 1.755900 -0.405300
vt 0.982900 0.149400
vt 0.373000 -0.254900
vt 0.423600 -0.276400
vt 0.823700 0.160600
vt 0.189165 0.604880
vt 1.802700 -0.416000
vt 0.855000 0.207000
vt 0.102600 -0.079100
vt 0.314900 -0.437500
vt 0.774900 -0.175800
vt 0.229242 0.755494
vt 0.231586 0.554353
vt 0.869100 -0.193400
vt 0.223100 -0.313500
vt 0.314900 -0.437500
vt 0.376060 0.684587
vt 0.552200 -0.137700
vt 0.188400 -0.372100
vt 0.095400 -0.146500
vt 0.177500 -0.261700
vt 1.890600 0.209000
vt 1.806600 -0.283200
vt 0.197658 0.544249
vt 0.314900 -0.437500
vt 0.020200 -0.443400
vt 0.184000 -0.154300
vt 0.181900 -0.450200
vt 0.186600 -0.047900
vt 0.314900 -0.437500
vt 1.100600 -0.036100
vt 0.906700 0.376000
vt 0.305200 -0.313500
vt 0.546900 -0.269500
vt 0.007800 -0.314500
vt 0.983900 -0.079100
vt 0.028200 -0.209000
vt 0.188400 -0.372100
vt 0.082562 0.744040
vt 0.855000 0.207000
vt 0.100300 -0.254900
vt 1.853500 -0.293900
vt 0.099800 -0.114300
vt 0.832000 0.200700
vt 0.314900 -0.437500
vt 0.846700 0.517600
vt 1.025400 -0.041000
vt 0.182700 -0.319300
vt 0.823700 0.160600
vt 0.212500 -0.370100
vt 0.299800 -0.022500
vt 0.220700 -0.260700
vt 0.307400 -0.370100
vt 0.314900 -0.437500
vt 0.100300 -0.254900
vt 0.041828 0.576391
vt 0.181900 -0.450200
vt 0.667000 -0.445300
vt 0.391906 0.556928
vt 1.100600 -0.036100
vt 0.188400 -0.372100
vt 0.101300 -0.315400
vt 0.188400 -0.372100
vt 0.229242 0.755494
vt 0.307400 -0.370100
vt 1.828100 0.202600
vt 0.877900 0.209500
vt 0.212500 -0.370100
vt 0.098100 -0.080100
vt 1.855500 -0.293000
vt 0.558100 -0.103500
vt 0.092616 0.610846
vt 0.185200 -0.098600
vt 0.990200 -0.144500
vt 0.886700 0.106000
vt 0.182700 -0.319300
vt 0.868200 -0.139600
vt 0.488300 -0.050800
vt 0.212500 -0.370100
vt 0.852100 0.161600
vt 0.358211 0.745244
vt 0.563500 -0.343800
vt 0.410200 -0.146500
vt 0.488500 -0.205100
vt 0.596200 -0.106400
vt 0.223100 -0.313500
vt 0.810500 -0.413100
vt 0.092800 -0.207000
vt 0.188400 -0.372100
vt 0.873000 -0.077100
vt 0.182700 -0.319300
vt 0.758800 -0.205100
vt 1.020500 -0.096700
vt 0.188400 -0.372100
vt 0.811000 -0.339800
vt 0.294098 0.758195
vt 0.031100 -0.034200
vt 0.488300 -0.050800
vt 0.664600 -0.330100
vt 0.223100 -0.313500
vt 0.923800 -0.204100
vt 0.101300 -0.315400
vt 0.983900 -0.203100
vt 0.928200 -0.073200
vt 0.428000 -0.432600
vt 0.177500 -0.261700
vt 0.489700 -0.204100
vt 0.100300 -0.254900
vt 0.856400 0.374000
vt 1.807600 -0.350600
vt 1.818400 0.150900
vt 0.099500 -0.089800
vt 1.176800 -0.043900
vt 1.807600 -0.350600
vt 0.428000 -0.432600
vt 0.232170 0.553164
vt 0.177500 -0.261700
vt 0.212500 -0.370100
vt 0.220700 -0.260700
vt 0.213900 -0.435500
vt 0.497600 -0.439500
vt 0.983900 -0.203100
vt 0.823700 0.160600
vt 0.027100 -0.066400
vt 1.891600 0.209000
vt 1.093800 -0.215800
vt 0.220700 -0.260700
vt 0.021600 -0.152300
vt 0.297741 0.688551
vt 0.990200 -0.144500
vt 0.772500 -0.395500
vt 0.182700 -0.319300
vt 0.100300 -0.254900
vt 1.859400 0.143600
vt 0.006800 -0.367200
vt 0.363682 0.743870
vt 0.906300 -0.298800
vt 0.839400 0.032700
vt 0.213900 -0.435500
vt 0.223100 -0.313500
vt 0.182700 -0.319300
vt 0.307400 -0.370100
vt 0.006800 -0.367200
vt 0.546900 -0.269500
vt 0.179400 -0.207000
vt 0.097500 -0.449200
vt 0.223100 -0.313500
vt 0.373000 -0.254900
vt 0.177204 0.676225
vt 0.392600 -0.310500
vt 0.928200 -0.073200
vt 1.100600 -0.036100
vt 0.014787 0.635804
vt 0.714800 -0.049800
vt 0.019900 -0.085900
vt 1.889600 0.148400
vt 0.097500 -0.449200
vt 1.754900 -0.352500
vt 0.417200 -0.322300
vt 0.097500 -0.449200
vt 0.182700 -0.319300
vt 0.664600 -0.328100
vt 1.025400 -0.041000
vt 0.373000 -0.254900
vt 1.806600 -0.287100
vt 0.028200 -0.209000
vt 1.848600 0.036600
vt 0.028200 -0.209000
vt 0.099100 -0.220700
vt 0.810500 -0.413100
vt 0.025300 -0.257800
vt 0.006800 -0.367200
vt 0.297741 0.688551
vt 0.663600 -0.355500
vt 0.594700 -0.277300
vt 0.486600 -0.264600
vt 0.095400 -0.146500
vt 0.307400 -0.370100
vt 0.221984 0.557436
vt 0.019900 -0.085900
vt 0.559100 -0.146500
vt 0.305200 -0.313500
vt 0.004561 0.688157
vt 0.080829 0.696436
vt 0.481000 -0.047900
vt 0.314900 -0.437500
vt 0.307400 -0.370100
vt 0.726600 -0.098600
vt 0.237390 0.739416
vt 0.095400 -0.146500
vt 0.810100 0.110800
vt 0.987800 0.086400
vt 0.305200 -0.313500
vt 1.804700 0.093300
vt 0.006800 -0.367200
vt 1.018600 -0.127000
vt 1.918000 0.039600
vt 0.028200 -0.209000
vt 0.027100 -0.066400
vt 0.967300 0.184600
vt 0.314900 -0.437500
vt 0.391906 0.556928
vt 0.101300 -0.369100
vt 1.860400 -0.357400
vt 0.744100 -0.331100
vt 0.021600 -0.152300
vt 0.092800 -0.207000
vt 0.990200 -0.144500
vt 0.314900 -0.437500
vt 0.220700 -0.260700
vt 0.983900 -0.079100
vt 0.007800 -0.314500
vt 0.184000 -0.154300
vt 1.181600 -0.096700
vt 0.928200 -0.073200
vt 0.928700 -0.137700
vt 0.758300 -0.338900
vt 0.810100 0.111300
vt 0.920900 0.094200
vt 0.873000 -0.077100
vt 0.007800 -0.314500
vt 0.988300 0.096700
vt 0.603500 -0.060500
vt 0.308305 0.623929
vt 0.393800 -0.365200
vt 0.928700 -0.137700
vt 0.188400 -0.372100
vt 0.415800 -0.142600
vt 0.955100 -0.173800
vt 1.806600 -0.287100
vt 0.025300 -0.257800
vt 0.928200 -0.073200
vt 0.006800 -0.367200
vt 1.855500 -0.415000
vt 0.232907 0.750285
vt 0.308305 0.623929
vt 0.492200 -0.382800
vt 0.813000 -0.192400
vt 0.188400 -0.372100
vt 0.101300 -0.315400
vt 0.891100 0.452100
vt 1.918000 0.039600
vt 0.983900 -0.203100
vt 0.549800 -0.058600
vt 0.868200 -0.139600
vt 0.391906 0.556928
vt 0.358211 0.745244
vt 0.098900 -0.030300
vt 0.007800 -0.314500
vt 0.019900 -0.085900
vt 1.806600 0.092300
vt 0.101300 -0.369100
vt 0.983900 -0.203100
vt 0.391906 0.556928
vt 0.667000 -0.445300
vt 0.188400 -0.372100
vt 0.297400 -0.247100
vt 0.549800 -0.058600
vt 1.180700 -0.090800
vt 0.868200 -0.139600
vt 0.101300 -0.315400
vt 0.220700 -0.260700
vt 0.177500 -0.261700
vt 1.181600 -0.089800
vt 0.888700 0.050800
vt 0.213900 -0.435500
vt 0.869100 -0.193400
vt 0.007800 -0.314500
vt 0.392600 -0.310500
vt 0.100300 -0.254900
vt 0.098100 -0.080100
vt 0.923800 -0.204100
vt 0.791000 0.049800
vt 1.807600 -0.290000
vt 0.085856 0.616811
vt 0.212500 -0.370100
vt 0.867700 -0.086900
vt 0.212500 -0.370100
vt 0.392600 -0.310500
vt 0.220700 -0.260700
vt 0.983900 -0.079100
vt 0.846700 0.108400
vt 0.483400 -0.144500
vt 0.213900 -0.435500
vt 0.095700 -0.151400
vt 0.020200 -0.443400
vt 0.559100 -0.146500
vt 1.950200 0.090800
vt -0.000466 0.740509
vt 0.316942 0.757078
vt 0.791000 0.049800
vt 1.176800 -0.214800
vt 0.101300 -0.315400
vt 0.297400 -0.247100
vt 0.007800 -0.314500
vt 0.588900 -0.433600
vt 0.373000 -0.254900
vt 0.791000 0.049800
vt 1.806600 -0.287100
vt 1.755900 -0.405300
vt 1.855500 -0.415000
vt 0.007800 -0.314500
vt 0.846700 0.108400
vt 0.234586 0.750254
vt 0.101300 -0.369100
vt 0.229242 0.755494
vt 0.028200 -0.209000
vt 0.392600 -0.431600
vt 0.184000 -0.154300
vt 0.810100 0.111300
vt 0.664600 -0.151400
vt 0.028200 -0.209000
vt 0.951200 0.039100
vt 0.852100 0.160600
vt 0.028200 -0.209000
vt 0.387397 0.655221
vt 0.852100 0.160600
vt 0.305200 -0.313500
vt 0.869100 -0.193400
vt 0.562000 -0.376000
vt 0.185698 0.603784
vt 0.923800 -0.204100
vt 0.373000 -0.254900
vt 0.020200 -0.443400
vt 0.197658 0.545466
vt 0.666500 -0.268600
vt 1.098600 -0.163100
vt 0.314900 -0.437500
vt 0.888700 0.161600
vt 0.018200 -0.085900
vt 0.392600 -0.431600
vt 0.286774 0.626640
vt 1.860400 -0.357400
vt 0.213900 -0.435500
vt 0.852100 0.160600
vt 0.415800 -0.142600
vt 0.020200 -0.443400
vt 0.097500 -0.449200
vt 0.983900 -0.079100
vt 1.860400 -0.357400
vt 0.097900 -0.092800
vt 0.101300 -0.315400
vt 0.297400 -0.247100
vt 0.373000 -0.254900
vt 0.031100 -0.034200
vt 0.101300 -0.341800
vt 0.982900 0.149400
vt 0.006800 -0.367200
vt 0.305200 -0.313500
vt 0.297400 -0.247100
vt 0.097500 -0.449200
vt 0.950200 0.094700
vt 0.292914 0.687749
vt 0.101300 -0.315400
vt 0.297400 -0.247100
vt 0.983900 -0.079100
vt 0.393800 -0.365200
vt 0.888700 0.161600
vt 0.314900 -0.437500
vt 0.006800 -0.367200
vt 0.988300 0.096700
vt 0.233629 0.629083
vt 0.393800 -0.365200
vt 0.990200 -0.144500
vt 0.092800 -0.207000
vt 0.098900 -0.030300
vt 0.944800 0.183100
vt 0.868200 -0.139600
vt 0.314900 -0.437500
vt 0.305200 -0.313500
vt 0.297400 -0.247100
vt 0.284952 0.691791
vt 0.213900 -0.435500
vt 0.020200 -0.443400
vt 0.924300 0.140100
vt 1.848600 0.036600
vt 0.392600 -0.431600
vt 0.846700 0.108400
vt 0.859400 -0.331100
vt 0.873000 -0.077100
vt 0.314900 -0.437500
vt -0.002200 0.698871
vt 0.928700 -0.137700
vt 0.373000 -0.254900
vt 0.376060 0.684587
vt 1.802700 -0.416000
vt 0.928700 -0.137700
vt 0.868200 -0.139600
vt 0.928200 -0.073200
vt 0.873000 -0.077100
vt 0.985400 0.138700
vt 0.869100 -0.193400
vt 1.759800 -0.291000
vt 1.828100 0.202600
vt 0.097500 -0.449200
vt 0.911600 -0.352500
vt 0.833000 0.201700
vt 0.097500 -0.449200
vt 0.373000 -0.254900
vt 0.923800 -0.204100
vt 0.423600 -0.276400
vt 0.373000 -0.254900
vt 0.177204 0.676225
vt 0.852100 0.160600
vt 0.011321 0.686939
vt 0.877900 0.209500
vt 0.020200 -0.443400
vt 0.233629 0.629083
vt 0.305200 -0.313500
vt 0.983900 -0.203100
vt 0.392600 -0.310500
vt 0.988300 0.096700
vt 0.423600 -0.276400
vt 0.481000 -0.047900
vt 0.294098 0.758195
vt 0.223100 -0.313500
vt 0.772500 -0.395500
vt 1.887700 0.088900
vt 0.099800 -0.114300
vt 0.314900 -0.437500
vt 1.021500 -0.085900
vt 0.311948 0.560761
vt 0.858900 -0.351600
vt 0.177500 -0.261700
vt 0.373000 -0.254900
vn 0.871588 -0.081698 0.483384
vn 0.803407 0.026390 0.594845
vn 0.763001 -0.030788 0.645664
vn 0.839863 -0.179695 0.512190
vn 0.860776 -0.198708 0.468594
vn 0.839863 -0.179695 0.512190
vn 0.801465 -0.113298 0.587211
vn 0.817530 0.102096 0.566764
vn 0.901080 -0.176787 0.395982
vn 0.871588 -0.081698 0.483384
vn 0.839863 -0.179695 0.512190
vn 0.860776 -0.198708 0.468594
vn 0.704881 0.040600 0.708163
vn 0.555179 0.020686 0.831473
vn 0.689958 -0.090309 0.718194
vn 0.763001 -0.030788 0.645664
vn 0.704881 0.040600 0.708163
vn 0.763001 -0.030788 0.645664
vn 0.803407 0.026390 0.594845
vn 0.765171 0.025387 0.643327
vn 0.707920 0.458617 0.537140
vn 0.707490 0.361922 0.607017
vn 0.696065 0.317495 0.643965
vn 0.814798 0.331996 0.475271
vn 0.751283 0.519683 0.406820
vn 0.707920 0.458617 0.537140
vn 0.814798 0.331996 0.475271
vn 0.861111 0.351593 0.367246
vn 0.734004 0.515120 0.442594
vn 0.745008 0.439023 0.502217
vn 0.707490 0.361922 0.607017
vn 0.707920 0.458617 0.537140
vn 0.746325 0.562318 0.356088
vn 0.734004 0.515120 0.442594
vn 0.707920 0.458617 0.537140
vn 0.751283 0.519683 0.406820
vn 0.814798 0.331996 0.475271
vn 0.696065 0.317495 0.643965
vn 0.811948 0.295004 0.503700
vn 0.916507 0.239105 0.320691
vn 0.861111 0.351593 0.367246
vn 0.814798 0.331996 0.475271
vn 0.916507 0.239105 0.320691
vn 0.906400 0.241703 0.346438
vn 0.246711 0.582897 0.774186
vn 0.040097 0.465203 0.884296
vn 0.558693 0.237697 0.794583
vn 0.600422 0.340403 0.723615
vn 0.431113 0.697008 0.572993
vn 0.246711 0.582897 0.774186
vn 0.600422 0.340403 0.723615
vn 0.563447 0.449251 0.693327
vn -0.151273 0.677275 0.720010
vn -0.063491 0.669306 0.740269
vn 0.040097 0.465203 0.884296
vn 0.246711 0.582897 0.774186
vn -0.023188 0.760271 0.649192
vn -0.151273 0.677275 0.720010
vn 0.246711 0.582897 0.774186
vn 0.431113 0.697008 0.572993
vn 0.600422 0.340403 0.723615
vn 0.558693 0.237697 0.794583
vn 0.537709 0.076199 0.839680
vn 0.528415 0.184111 0.828783
vn 0.563447 0.449251 0.693327
vn 0.600422 0.340403 0.723615
vn 0.528415 0.184111 0.828783
vn 0.568841 0.371928 0.733546
vn 0.386736 -0.218422 0.895950
vn 0.638733 0.031194 0.768796
vn 0.443624 0.114699 0.888843
vn 0.293912 -0.057712 0.954089
vn 0.638733 0.031194 0.768796
vn 0.386736 -0.218422 0.895950
vn 0.538596 -0.344903 0.768736
vn 0.657795 0.066121 0.750289
vn 0.777090 0.279108 0.564118
vn 0.443624 0.114699 0.888843
vn 0.638733 0.031194 0.768796
vn 0.737089 0.351401 0.577249
vn 0.657795 0.066121 0.750289
vn 0.475779 0.230302 0.848879
vn 0.737089 0.351401 0.577249
vn 0.638733 0.031194 0.768796
vn 0.740081 0.189767 0.645189
vn 0.454477 0.157023 0.876809
vn 0.443624 0.114699 0.888843
vn 0.777090 0.279108 0.564118
vn 0.293912 -0.057712 0.954089
vn 0.443624 0.114699 0.888843
vn 0.454477 0.157023 0.876809
vn 0.274930 0.024690 0.961147
vn 0.697969 0.018597 0.715886
vn 0.731498 -0.090702 0.675784
vn 0.822310 -0.032889 0.568088
vn 0.733938 0.144707 0.663623
vn 0.731498 -0.090702 0.675784
vn 0.769017 0.027624 0.638631
vn 0.841031 -0.105898 0.530521
vn 0.822310 -0.032889 0.568088
vn 0.864138 0.126905 0.486991
vn 0.816996 0.234426 0.526842
vn 0.822310 -0.032889 0.568088
vn 0.841031 -0.105898 0.530521
vn 0.816996 0.234426 0.526842
vn 0.781495 0.289097 0.552891
vn 0.733938 0.144707 0.663623
vn 0.822310 -0.032889 0.568088
vn 0.736581 0.217692 0.640358
vn 0.777429 0.081814 0.623628
vn 0.697969 0.018597 0.715886
vn 0.733938 0.144707 0.663623
vn 0.736581 0.217692 0.640358
vn 0.733938 0.144707 0.663623
vn 0.781495 0.289097 0.552891
vn 0.786221 0.252098 0.564184
vn 0.858923 -0.084984 0.505005
vn 0.786591 0.004395 0.617459
vn 0.744406 -0.053007 0.665621
vn 0.796276 -0.236702 0.556702
vn 0.899562 -0.037566 0.435175
vn 0.836260 -0.071803 0.543611
vn 0.786591 0.004395 0.617459
vn 0.858923 -0.084984 0.505005
vn 0.877340 -0.166312 0.450128
vn 0.858923 -0.084984 0.505005
vn 0.796276 -0.236702 0.556702
vn 0.786065 -0.381087 0.486698
vn 0.928975 -0.057903 0.365585
vn 0.899562 -0.037566 0.435175
vn 0.858923 -0.084984 0.505005
vn 0.877340 -0.166312 0.450128
vn 0.754694 0.004594 0.656061
vn 0.669887 0.043499 0.741188
vn 0.744406 -0.053007 0.665621
vn 0.786591 0.004395 0.617459
vn 0.754694 0.004594 0.656061
vn 0.786591 0.004395 0.617459
vn 0.836260 -0.071803 0.543611
vn 0.788439 -0.210193 0.578085
vn 0.663142 -0.046893 0.747023
vn 0.691003 -0.122095 0.712466
vn 0.770121 -0.019196 0.637609
vn 0.704345 0.067999 0.706594
vn 0.701403 -0.114301 0.703541
vn 0.789135 -0.029597 0.613506
vn 0.770121 -0.019196 0.637609
vn 0.691003 -0.122095 0.712466
vn 0.704345 0.067999 0.706594
vn 0.770121 -0.019196 0.637609
vn 0.826814 0.084694 0.556063
vn 0.651954 0.254695 0.714203
vn 0.663142 -0.046893 0.747023
vn 0.704345 0.067999 0.706594
vn 0.687313 0.153104 0.710042
vn 0.637690 0.028306 0.769773
vn 0.704345 0.067999 0.706594
vn 0.651954 0.254695 0.714203
vn 0.605092 0.317308 0.730192
vn 0.687313 0.153104 0.710042
vn 0.789135 -0.029597 0.613506
vn 0.872994 0.075098 0.481915
vn 0.826814 0.084694 0.556063
vn 0.770121 -0.019196 0.637609
vn 0.886678 -0.427788 0.175498
vn 0.930556 -0.243885 0.273104
vn 0.893187 -0.240476 0.379984
vn 0.828701 -0.459529 0.319510
vn 0.828701 -0.459529 0.319510
vn 0.893187 -0.240476 0.379984
vn 0.814099 -0.279210 0.509200
vn 0.725602 -0.511497 0.460296
vn 0.930556 -0.243885 0.273104
vn 0.880070 -0.276108 0.386318
vn 0.893275 -0.158892 0.420490
vn 0.893187 -0.240476 0.379984
vn 0.893187 -0.240476 0.379984
vn 0.893275 -0.158892 0.420490
vn 0.841171 -0.147672 0.520215
vn 0.814099 -0.279210 0.509200
vn 0.846386 -0.517307 0.126590
vn 0.886678 -0.427788 0.175498
vn 0.828701 -0.459529 0.319510
vn 0.796465 -0.543813 0.264407
vn 0.796465 -0.543813 0.264407
vn 0.828701 -0.459529 0.319510
vn 0.725602 -0.511497 0.460296
vn 0.645476 -0.635197 0.424128
vn 0.647870 0.230689 0.725980
vn 0.569664 0.321061 0.756573
vn 0.660582 0.285691 0.694272
vn 0.688414 0.241609 0.683894
vn 0.647870 0.230689 0.725980
vn 0.688414 0.241609 0.683894
vn 0.680917 0.123892 0.721806
vn 0.641776 0.147383 0.752596
vn 0.688414 0.241609 0.683894
vn 0.762492 0.175590 0.622715
vn 0.782713 0.092306 0.615499
vn 0.680917 0.123892 0.721806
vn 0.762492 0.175590 0.622715
vn 0.803540 0.053701 0.592824
vn 0.844708 0.061695 0.531660
vn 0.782713 0.092306 0.615499
vn 0.803540 0.053701 0.592824
vn 0.762492 0.175590 0.622715
vn 0.723990 0.146400 0.674096
vn 0.735602 -0.070809 0.673703
vn 0.762492 0.175590 0.622715
vn 0.688414 0.241609 0.683894
vn 0.660582 0.285691 0.694272
vn 0.723990 0.146400 0.674096
vn 0.672200 -0.150099 0.724994
vn 0.711094 -0.170293 0.682162
vn 0.812039 -0.106507 0.573802
vn 0.779658 -0.052699 0.623984
vn 0.779658 -0.052699 0.623984
vn 0.812039 -0.106507 0.573802
vn 0.893253 -0.026097 0.448797
vn 0.852732 0.047597 0.520176
vn 0.672200 -0.150099 0.724994
vn 0.779658 -0.052699 0.623984
vn 0.604009 0.063103 0.794476
vn 0.439300 0.000694 0.898340
vn 0.779658 -0.052699 0.623984
vn 0.852732 0.047597 0.520176
vn 0.759721 0.108609 0.641115
vn 0.604009 0.063103 0.794476
vn 0.678088 -0.095713 0.728722
vn 0.775003 -0.045897 0.630288
vn 0.812039 -0.106507 0.573802
vn 0.711094 -0.170293 0.682162
vn 0.775003 -0.045897 0.630288
vn 0.848592 0.033790 0.527968
vn 0.893253 -0.026097 0.448797
vn 0.812039 -0.106507 0.573802
vn 0.730757 -0.258226 0.631913
vn 0.675100 -0.141408 0.724047
vn 0.625880 -0.239629 0.742194
vn 0.681516 -0.372005 0.630197
vn 0.775842 -0.130397 0.617305
vn 0.713712 -0.042803 0.699131
vn 0.675100 -0.141408 0.724047
vn 0.730757 -0.258226 0.631913
vn 0.767974 -0.253494 0.588181
vn 0.730757 -0.258226 0.631913
vn 0.681516 -0.372005 0.630197
vn 0.708719 -0.423674 0.564107
vn 0.798650 -0.152087 0.582261
vn 0.775842 -0.130397 0.617305
vn 0.730757 -0.258226 0.631913
vn 0.767974 -0.253494 0.588181
vn 0.646477 -0.062496 0.760369
vn 0.552523 -0.161087 0.817783
vn 0.625880 -0.239629 0.742194
vn 0.675100 -0.141408 0.724047
vn 0.646477 -0.062496 0.760369
vn 0.675100 -0.141408 0.724047
vn 0.713712 -0.042803 0.699131
vn 0.678978 0.023996 0.733766
vn 0.837266 0.027586 0.546100
vn 0.788139 0.106006 0.606300
vn 0.752643 0.068806 0.654823
vn 0.806749 -0.070004 0.586733
vn 0.861646 0.070595 0.502575
vn 0.808932 0.112102 0.577115
vn 0.788139 0.106006 0.606300
vn 0.837266 0.027586 0.546100
vn 0.859578 -0.055494 0.507982
vn 0.837266 0.027586 0.546100
vn 0.806749 -0.070004 0.586733
vn 0.814381 -0.208816 0.541460
vn 0.889918 0.041911 0.454191
vn 0.861646 0.070595 0.502575
vn 0.837266 0.027586 0.546100
vn 0.859578 -0.055494 0.507982
vn 0.754081 0.130996 0.643586
vn 0.684388 0.119911 0.719190
vn 0.752643 0.068806 0.654823
vn 0.788139 0.106006 0.606300
vn 0.754081 0.130996 0.643586
vn 0.788139 0.106006 0.606300
vn 0.808932 0.112102 0.577115
vn 0.781339 0.136213 0.609061
vn 0.739787 0.049602 0.671011
vn 0.840988 0.030303 0.540204
vn 0.796480 0.048092 0.602750
vn 0.600894 0.040110 0.798322
vn 0.840988 0.030303 0.540204
vn 0.842972 0.032202 0.536994
vn 0.848758 0.119602 0.515078
vn 0.796480 0.048092 0.602750
vn 0.600894 0.040110 0.798322
vn 0.796480 0.048092 0.602750
vn 0.736108 0.190689 0.649448
vn 0.436051 0.150814 0.887195
vn 0.796480 0.048092 0.602750
vn 0.848758 0.119602 0.515078
vn 0.793965 0.272412 0.543517
vn 0.736108 0.190689 0.649448
vn 0.714278 0.160199 0.681281
vn 0.751681 0.159702 0.639900
vn 0.840988 0.030303 0.540204
vn 0.739787 0.049602 0.671011
vn 0.751681 0.159702 0.639900
vn 0.687500 0.196801 0.699009
vn 0.842972 0.032202 0.536994
vn 0.840988 0.030303 0.540204
vn 0.665583 0.023211 0.745963
vn 0.756503 0.015504 0.653807
vn 0.751707 -0.264789 0.604006
vn 0.711544 -0.162106 0.683686
vn 0.751707 -0.264789 0.604006
vn 0.756503 0.015504 0.653807
vn 0.725688 -0.076807 0.683724
vn 0.705110 -0.357289 0.612507
vn 0.827488 -0.358850 0.431845
vn 0.711544 -0.162106 0.683686
vn 0.751707 -0.264789 0.604006
vn 0.783797 -0.407746 0.468407
vn 0.783797 -0.407746 0.468407
vn 0.751707 -0.264789 0.604006
vn 0.705110 -0.357289 0.612507
vn 0.735515 -0.457976 0.499276
vn 0.519106 0.119433 0.846324
vn 0.683151 0.190807 0.704909
vn 0.484342 0.258756 0.835738
vn 0.313528 0.191812 0.930004
vn 0.683151 0.190807 0.704909
vn 0.741257 0.400066 0.538967
vn 0.750905 0.296642 0.590038
vn 0.484342 0.258756 0.835738
vn 0.313528 0.191812 0.930004
vn 0.484342 0.258756 0.835738
vn 0.443680 0.254205 0.859376
vn 0.326302 0.190304 0.925911
vn 0.484342 0.258756 0.835738
vn 0.750905 0.296642 0.590038
vn 0.687802 0.249096 0.681821
vn 0.443680 0.254205 0.859376
vn 0.633115 -0.116914 0.765177
vn 0.718687 0.234280 0.654678
vn 0.683151 0.190807 0.704909
vn 0.519106 0.119433 0.846324
vn 0.718687 0.234280 0.654678
vn 0.713091 0.398480 0.576814
vn 0.741257 0.400066 0.538967
vn 0.683151 0.190807 0.704909
vn 0.542221 0.502117 0.673702
vn 0.682697 0.354130 0.639153
vn 0.802584 0.323393 0.501275
vn 0.660211 0.487813 0.571105
vn 0.423701 0.488193 0.762984
vn 0.499688 0.284092 0.818293
vn 0.682697 0.354130 0.639153
vn 0.542221 0.502117 0.673702
vn 0.571224 0.554008 0.605622
vn 0.542221 0.502117 0.673702
vn 0.660211 0.487813 0.571105
vn 0.626569 0.677275 0.385628
vn 0.428594 0.501594 0.751472
vn 0.423701 0.488193 0.762984
vn 0.542221 0.502117 0.673702
vn 0.571224 0.554008 0.605622
vn 0.682697 0.354130 0.639153
vn 0.767427 0.159592 0.620956
vn 0.889923 0.169903 0.423285
vn 0.802584 0.323393 0.501275
vn 0.499688 0.284092 0.818293
vn 0.504118 0.072001 0.860628
vn 0.767427 0.159592 0.620956
vn 0.682697 0.354130 0.639153
vn 0.827235 0.391802 0.402709
vn 0.823608 0.358425 0.439547
vn 0.769706 0.403004 0.495117
vn 0.787378 0.420688 0.450619
vn 0.787378 0.420688 0.450619
vn 0.820705 0.428402 0.378042
vn 0.839707 0.416714 0.348197
vn 0.827235 0.391802 0.402709
vn 0.823318 0.418608 0.383295
vn 0.873411 0.384301 0.299109
vn 0.820705 0.428402 0.378042
vn 0.787378 0.420688 0.450619
vn 0.873411 0.384301 0.299109
vn 0.823318 0.418608 0.383295
vn 0.879105 0.377797 0.290593
vn 0.880704 0.373101 0.291816
vn 0.823318 0.418608 0.383295
vn 0.739219 0.460318 0.491592
vn 0.804167 0.452301 0.385667
vn 0.879105 0.377797 0.290593
vn 0.787378 0.420688 0.450619
vn 0.769706 0.403004 0.495117
vn 0.739219 0.460318 0.491592
vn 0.823318 0.418608 0.383295
vn 0.758317 0.403136 0.512286
vn 0.687229 0.410834 0.599109
vn 0.792198 0.317030 0.521454
vn 0.803703 0.317594 0.503186
vn 0.631763 0.486217 0.603712
vn 0.459318 0.474281 0.751056
vn 0.585079 0.400485 0.705191
vn 0.687229 0.410834 0.599109
vn 0.731228 0.498633 0.465479
vn 0.631763 0.486217 0.603712
vn 0.687229 0.410834 0.599109
vn 0.758317 0.403136 0.512286
vn 0.792198 0.317030 0.521454
vn 0.733058 0.330055 0.594718
vn 0.795196 0.312216 0.519792
vn 0.808377 0.303978 0.504107
vn 0.733058 0.330055 0.594718
vn 0.792198 0.317030 0.521454
vn 0.687229 0.410834 0.599109
vn 0.585079 0.400485 0.705191
vn 0.803703 0.317594 0.503186
vn 0.792198 0.317030 0.521454
vn 0.808377 0.303978 0.504107
vn 0.779361 0.306990 0.546217
vn 0.623337 0.312719 0.716699
vn 0.675332 0.398920 0.620314
vn 0.694368 0.278790 0.663422
vn 0.662373 0.250977 0.705885
vn 0.626442 0.375434 0.683096
vn 0.635222 0.395311 0.663492
vn 0.675332 0.398920 0.620314
vn 0.623337 0.312719 0.716699
vn 0.571311 0.239094 0.785136
vn 0.623337 0.312719 0.716699
vn 0.662373 0.250977 0.705885
vn 0.669741 0.231318 0.705648
vn 0.472224 0.330214 0.817290
vn 0.626442 0.375434 0.683096
vn 0.623337 0.312719 0.716699
vn 0.571311 0.239094 0.785136
vn 0.675332 0.398920 0.620314
vn 0.716781 0.560602 0.414668
vn 0.790506 0.482300 0.377474
vn 0.694368 0.278790 0.663422
vn 0.635222 0.395311 0.663492
vn 0.613201 0.526406 0.588966
vn 0.716781 0.560602 0.414668
vn 0.675332 0.398920 0.620314
vn 0.785501 -0.113213 0.608416
vn 0.785585 -0.032186 0.617916
vn 0.763704 -0.009603 0.645495
vn 0.740545 -0.055716 0.669694
vn 0.751448 -0.143115 0.644084
vn 0.728491 -0.021097 0.684731
vn 0.785585 -0.032186 0.617916
vn 0.785501 -0.113213 0.608416
vn 0.821099 0.045200 0.568993
vn 0.785585 -0.032186 0.617916
vn 0.728491 -0.021097 0.684731
vn 0.763759 0.093303 0.638723
vn 0.803769 0.033507 0.593997
vn 0.763704 -0.009603 0.645495
vn 0.785585 -0.032186 0.617916
vn 0.821099 0.045200 0.568993
vn 0.740545 -0.055716 0.669694
vn 0.763704 -0.009603 0.645495
vn 0.733697 0.020001 0.679182
vn 0.746117 -0.026806 0.665275
vn 0.763704 -0.009603 0.645495
vn 0.803769 0.033507 0.593997
vn 0.763108 0.055112 0.643917
vn 0.733697 0.020001 0.679182
vn 0.811682 0.024198 0.583598
vn 0.845639 0.044501 0.531897
vn 0.822409 0.085490 0.562436
vn 0.708972 0.062294 0.702480
vn 0.845639 0.044501 0.531897
vn 0.850179 0.105795 0.515755
vn 0.853786 0.172293 0.491288
vn 0.822409 0.085490 0.562436
vn 0.850179 0.105795 0.515755
vn 0.845639 0.044501 0.531897
vn 0.763611 0.138297 0.630692
vn 0.840225 0.187200 0.508898
vn 0.845639 0.044501 0.531897
vn 0.811682 0.024198 0.583598
vn 0.780413 0.062507 0.622132
vn 0.763611 0.138297 0.630692
vn 0.708972 0.062294 0.702480
vn 0.822409 0.085490 0.562436
vn 0.836324 0.182901 0.516827
vn 0.736924 0.072192 0.672110
vn 0.822409 0.085490 0.562436
vn 0.853786 0.172293 0.491288
vn 0.848779 0.272887 0.452887
vn 0.836324 0.182901 0.516827
vn 0.453203 -0.102401 0.885506
vn 0.543245 -0.044017 0.838420
vn 0.394409 0.083802 0.915106
vn 0.172297 0.029686 0.984598
vn 0.543245 -0.044017 0.838420
vn 0.440083 0.070701 0.895170
vn 0.374104 0.122417 0.919272
vn 0.394409 0.083802 0.915106
vn 0.543245 -0.044017 0.838420
vn 0.685780 -0.164905 0.708881
vn 0.737710 -0.061698 0.672293
vn 0.440083 0.070701 0.895170
vn 0.737710 -0.061698 0.672293
vn 0.685780 -0.164905 0.708881
vn 0.719232 -0.179310 0.671233
vn 0.776034 -0.081504 0.625402
vn 0.685780 -0.164905 0.708881
vn 0.628661 -0.225792 0.744180
vn 0.656093 -0.292484 0.695697
vn 0.719232 -0.179310 0.671233
vn 0.685780 -0.164905 0.708881
vn 0.543245 -0.044017 0.838420
vn 0.453203 -0.102401 0.885506
vn 0.628661 -0.225792 0.744180
vn 0.738692 -0.127093 0.661953
vn 0.801409 -0.068196 0.594216
vn 0.728382 -0.024794 0.684723
vn 0.669377 -0.086301 0.737894
vn 0.801409 -0.068196 0.594216
vn 0.824715 -0.002597 0.565542
vn 0.799256 0.023995 0.600511
vn 0.728382 -0.024794 0.684723
vn 0.669377 -0.086301 0.737894
vn 0.728382 -0.024794 0.684723
vn 0.664135 0.009492 0.747553
vn 0.550644 -0.052411 0.833093
vn 0.728382 -0.024794 0.684723
vn 0.799256 0.023995 0.600511
vn 0.738877 0.046906 0.672206
vn 0.664135 0.009492 0.747553
vn 0.761594 -0.144304 0.631784
vn 0.794013 -0.077394 0.602955
vn 0.801409 -0.068196 0.594216
vn 0.738692 -0.127093 0.661953
vn 0.824715 -0.002597 0.565542
vn 0.801409 -0.068196 0.594216
vn 0.794013 -0.077394 0.602955
vn 0.725514 0.012406 0.688096
vn 0.669458 0.182108 0.720182
vn 0.745888 0.014705 0.665909
vn 0.788905 0.073416 0.610114
vn 0.712420 0.239505 0.659617
vn 0.762027 -0.057909 0.644951
vn 0.810788 0.007302 0.585294
vn 0.788905 0.073416 0.610114
vn 0.745888 0.014705 0.665909
vn 0.712420 0.239505 0.659617
vn 0.788905 0.073416 0.610114
vn 0.815099 0.176091 0.551911
vn 0.679044 0.368410 0.634959
vn 0.669458 0.182108 0.720182
vn 0.712420 0.239505 0.659617
vn 0.688596 0.317585 0.651901
vn 0.599830 0.282922 0.748438
vn 0.712420 0.239505 0.659617
vn 0.679044 0.368410 0.634959
vn 0.684487 0.382919 0.620364
vn 0.688596 0.317585 0.651901
vn 0.810788 0.007302 0.585294
vn 0.865005 0.068321 0.497091
vn 0.815099 0.176091 0.551911
vn 0.788905 0.073416 0.610114
vn 0.643000 0.299815 0.704742
vn 0.672418 0.292995 0.679711
vn 0.749187 0.214990 0.626497
vn 0.747046 0.277271 0.604189
vn 0.571472 0.304774 0.761926
vn 0.574984 0.258986 0.776093
vn 0.672418 0.292995 0.679711
vn 0.643000 0.299815 0.704742
vn 0.625731 0.340416 0.701839
vn 0.643000 0.299815 0.704742
vn 0.747046 0.277271 0.604189
vn 0.755370 0.353281 0.551914
vn 0.436689 0.373887 0.818237
vn 0.571472 0.304774 0.761926
vn 0.643000 0.299815 0.704742
vn 0.625731 0.340416 0.701839
vn 0.672418 0.292995 0.679711
vn 0.730999 0.477892 0.487094
vn 0.819379 0.397773 0.412789
vn 0.749187 0.214990 0.626497
vn 0.574984 0.258986 0.776093
vn 0.600847 0.457951 0.655183
vn 0.730999 0.477892 0.487094
vn 0.672418 0.292995 0.679711
vn 0.576133 0.537334 0.615908
vn 0.724018 0.384300 0.572810
vn 0.816986 0.358097 0.451996
vn 0.670309 0.520098 0.529324
vn 0.492383 0.523680 0.695211
vn 0.580009 0.309998 0.753319
vn 0.724018 0.384300 0.572810
vn 0.576133 0.537334 0.615908
vn 0.583604 0.589307 0.558681
vn 0.576133 0.537334 0.615908
vn 0.670309 0.520098 0.529324
vn 0.629471 0.684675 0.367404
vn 0.462598 0.549597 0.695663
vn 0.492383 0.523680 0.695211
vn 0.576133 0.537334 0.615908
vn 0.583604 0.589307 0.558681
vn 0.724018 0.384300 0.572810
vn 0.801359 0.192497 0.566365
vn 0.903020 0.209908 0.374826
vn 0.816986 0.358097 0.451996
vn 0.580009 0.309998 0.753319
vn 0.555601 0.079407 0.827649
vn 0.801359 0.192497 0.566365
vn 0.724018 0.384300 0.572810
vn -0.309453 0.272652 0.910988
vn -0.004193 0.389790 0.920894
vn -0.128620 0.324515 0.937095
vn -0.242656 0.202290 0.948787
vn 0.319218 0.381849 0.867348
vn -0.128620 0.324515 0.937095
vn -0.004193 0.389790 0.920894
vn 0.425569 0.276068 0.861788
vn -0.242104 0.344475 0.907040
vn -0.128620 0.324515 0.937095
vn -0.029504 0.498297 0.866504
vn -0.282694 0.521494 0.805064
vn -0.128620 0.324515 0.937095
vn 0.319218 0.381849 0.867348
vn 0.224296 0.454572 0.862007
vn -0.029504 0.498297 0.866504
vn 0.150812 0.467546 0.871009
vn 0.374099 0.475101 0.796448
vn 0.391520 0.582538 0.712293
vn 0.197590 0.591398 0.781797
vn 0.606888 0.520095 0.600990
vn 0.391520 0.582538 0.712293
vn 0.374099 0.475101 0.796448
vn 0.733148 0.267853 0.625100
vn 0.509985 0.671589 0.537479
vn 0.312105 0.747492 0.586384
vn 0.391520 0.582538 0.712293
vn 0.606888 0.520095 0.600990
vn 0.197590 0.591398 0.781797
vn 0.391520 0.582538 0.712293
vn 0.312105 0.747492 0.586384
vn -0.016411 0.832881 0.553209
vn -0.316315 0.481602 0.817315
vn -0.016428 0.565728 0.824428
vn -0.009802 0.676280 0.736580
vn -0.211089 0.639795 0.738988
vn 0.274608 0.665402 0.694141
vn -0.009802 0.676280 0.736580
vn -0.016428 0.565728 0.824428
vn 0.418519 0.458037 0.784248
vn -0.211089 0.639795 0.738988
vn -0.009802 0.676280 0.736580
vn -0.036104 0.826143 0.562302
vn -0.279109 0.831809 0.479783
vn -0.009802 0.676280 0.736580
vn 0.274608 0.665402 0.694141
vn 0.170603 0.796205 0.580477
vn -0.036104 0.826143 0.562302
vn -0.367241 0.579813 0.727290
vn -0.014902 0.571198 0.820677
vn -0.160509 0.754901 0.635894
vn -0.369422 0.696800 0.614814
vn -0.580930 0.431847 0.689948
vn -0.367241 0.579813 0.727290
vn -0.369422 0.696800 0.614814
vn -0.446414 0.600800 0.663140
vn -0.446414 0.600800 0.663140
vn -0.369422 0.696800 0.614814
vn -0.277087 0.793445 0.541911
vn -0.241505 0.677828 0.694423
vn -0.369422 0.696800 0.614814
vn -0.160509 0.754901 0.635894
vn -0.182894 0.869196 0.459400
vn -0.277087 0.793445 0.541911
vn 0.570859 0.510593 0.642973
vn 0.711389 0.387792 0.586126
vn 0.803995 0.343890 0.485111
vn 0.664804 0.484034 0.568988
vn 0.711389 0.387792 0.586126
vn 0.788164 0.183403 0.587504
vn 0.886771 0.212821 0.410297
vn 0.803995 0.343890 0.485111
vn 0.482588 0.521446 0.703706
vn 0.580504 0.314703 0.750984
vn 0.711389 0.387792 0.586126
vn 0.570859 0.510593 0.642973
vn 0.580504 0.314703 0.750984
vn 0.528943 0.041804 0.847627
vn 0.788164 0.183403 0.587504
vn 0.711389 0.387792 0.586126
vn 0.664804 0.484034 0.568988
vn 0.631993 0.670397 0.388782
vn 0.580606 0.553112 0.597465
vn 0.570859 0.510593 0.642973
vn 0.570859 0.510593 0.642973
vn 0.580606 0.553112 0.597465
vn 0.459318 0.509829 0.727394
vn 0.482588 0.521446 0.703706
vn 0.694346 0.179136 0.696989
vn 0.848099 0.230791 0.476931
vn 0.826773 0.224093 0.515974
vn 0.755633 0.110190 0.645660
vn 0.848099 0.230791 0.476931
vn 0.857821 0.323418 0.399430
vn 0.918326 0.281401 0.278371
vn 0.826773 0.224093 0.515974
vn 0.755633 0.110190 0.645660
vn 0.826773 0.224093 0.515974
vn 0.761324 0.268899 0.589982
vn 0.570045 0.181902 0.801224
vn 0.826773 0.224093 0.515974
vn 0.918326 0.281401 0.278371
vn 0.860090 0.318294 0.398666
vn 0.761324 0.268899 0.589982
vn 0.614235 0.226221 0.756002
vn 0.654927 0.279307 0.702181
vn 0.848099 0.230791 0.476931
vn 0.694346 0.179136 0.696989
vn 0.654927 0.279307 0.702181
vn 0.636499 0.369897 0.676790
vn 0.857821 0.323418 0.399430
vn 0.848099 0.230791 0.476931
vn -0.638566 0.339955 0.690409
vn -0.641352 0.159801 0.750421
vn -0.663776 0.257084 0.702360
vn -0.710834 0.302233 0.635115
vn -0.641352 0.159801 0.750421
vn -0.638566 0.339955 0.690409
vn -0.519524 0.627991 0.579416
vn -0.500983 0.462900 0.731259
vn -0.638566 0.339955 0.690409
vn -0.682599 0.410220 0.604796
vn -0.579991 0.553303 0.597884
vn -0.519524 0.627991 0.579416
vn -0.710834 0.302233 0.635115
vn -0.759128 0.373614 0.533045
vn -0.682599 0.410220 0.604796
vn -0.638566 0.339955 0.690409
vn -0.709605 0.259606 0.655031
vn -0.794177 0.228716 0.563002
vn -0.759128 0.373614 0.533045
vn -0.710834 0.302233 0.635115
vn -0.710834 0.302233 0.635115
vn -0.663776 0.257084 0.702360
vn -0.585884 0.266299 0.765392
vn -0.709605 0.259606 0.655031
vn -0.749185 0.214990 0.626499
vn -0.672416 0.292997 0.679713
vn -0.643002 0.299813 0.704742
vn -0.747045 0.277272 0.604189
vn -0.672416 0.292997 0.679713
vn -0.574984 0.258986 0.776092
vn -0.571473 0.304775 0.761926
vn -0.643002 0.299813 0.704742
vn -0.747045 0.277272 0.604189
vn -0.643002 0.299813 0.704742
vn -0.625731 0.340416 0.701839
vn -0.755346 0.353270 0.551953
vn -0.643002 0.299813 0.704742
vn -0.571473 0.304775 0.761926
vn -0.436689 0.373887 0.818237
vn -0.625731 0.340416 0.701839
vn -0.819377 0.397773 0.412794
vn -0.730997 0.477891 0.487096
vn -0.672416 0.292997 0.679713
vn -0.749185 0.214990 0.626499
vn -0.730997 0.477891 0.487096
vn -0.600830 0.457922 0.655218
vn -0.574984 0.258986 0.776092
vn -0.672416 0.292997 0.679713
vn -0.816988 0.358098 0.451991
vn -0.724020 0.384304 0.572804
vn -0.576141 0.537336 0.615899
vn -0.670313 0.520101 0.529315
vn -0.724020 0.384304 0.572804
vn -0.580008 0.310008 0.753317
vn -0.492390 0.523687 0.695201
vn -0.576141 0.537336 0.615899
vn -0.670313 0.520101 0.529315
vn -0.576141 0.537336 0.615899
vn -0.583608 0.589311 0.558672
vn -0.629474 0.684678 0.367394
vn -0.576141 0.537336 0.615899
vn -0.492390 0.523687 0.695201
vn -0.462603 0.549602 0.695655
vn -0.583608 0.589311 0.558672
vn -0.903020 0.209908 0.374826
vn -0.801359 0.192497 0.566365
vn -0.724020 0.384304 0.572804
vn -0.816988 0.358098 0.451991
vn -0.801359 0.192497 0.566365
vn -0.555601 0.079408 0.827649
vn -0.580008 0.310008 0.753317
vn -0.724020 0.384304 0.572804
vn -0.072884 0.598007 0.798170
vn -0.104006 0.527597 0.843104
vn 0.103105 0.501608 0.858929
vn 0.243324 0.610041 0.754085
vn -0.104006 0.527597 0.843104
vn -0.072884 0.598007 0.798170
vn -0.372788 0.525499 0.764775
vn -0.248822 0.577680 0.777415
vn 0.058416 0.654059 0.754185
vn -0.072884 0.598007 0.798170
vn 0.243324 0.610041 0.754085
vn 0.228880 0.617188 0.752789
vn -0.253207 0.603720 0.755916
vn -0.372788 0.525499 0.764775
vn -0.072884 0.598007 0.798170
vn 0.058416 0.654059 0.754185
vn -0.030177 0.557507 0.829624
vn -0.104006 0.527597 0.843104
vn -0.248822 0.577680 0.777415
vn -0.118501 0.620642 0.775088
vn 0.157703 0.458435 0.874624
vn 0.103105 0.501608 0.858929
vn -0.104006 0.527597 0.843104
vn -0.030177 0.557507 0.829624
vn 0.536318 0.591130 0.602435
vn 0.315211 0.622622 0.716229
vn 0.328710 0.517652 0.789928
vn 0.468195 0.543489 0.696716
vn 0.259524 0.646817 0.717129
vn 0.104394 0.625971 0.772828
vn 0.099398 0.611184 0.785222
vn 0.315211 0.622622 0.716229
vn 0.481316 0.608814 0.630619
vn 0.259524 0.646817 0.717129
vn 0.315211 0.622622 0.716229
vn 0.536318 0.591130 0.602435
vn 0.328710 0.517652 0.789928
vn 0.138797 0.485799 0.862980
vn 0.144805 0.372307 0.916744
vn 0.324675 0.418376 0.848261
vn 0.138797 0.485799 0.862980
vn 0.328710 0.517652 0.789928
vn 0.315211 0.622622 0.716229
vn 0.099398 0.611184 0.785222
vn 0.468195 0.543489 0.696716
vn 0.328710 0.517652 0.789928
vn 0.324675 0.418376 0.848261
vn 0.431918 0.452016 0.780467
vn -0.360820 0.622231 0.694722
vn -0.378306 0.521034 0.765120
vn -0.183392 0.495217 0.849192
vn -0.145309 0.614510 0.775412
vn -0.586894 0.578184 0.566797
vn -0.508169 0.548310 0.664169
vn -0.378306 0.521034 0.765120
vn -0.360820 0.622231 0.694722
vn -0.298980 0.651793 0.696977
vn -0.360820 0.622231 0.694722
vn -0.145309 0.614510 0.775412
vn -0.156302 0.630871 0.759981
vn -0.522872 0.602710 0.602782
vn -0.586894 0.578184 0.566797
vn -0.360820 0.622231 0.694722
vn -0.298980 0.651793 0.696977
vn -0.378306 0.521034 0.765120
vn -0.379027 0.424003 0.822533
vn -0.208326 0.386581 0.898418
vn -0.183392 0.495217 0.849192
vn -0.508169 0.548310 0.664169
vn -0.467982 0.460165 0.754481
vn -0.379027 0.424003 0.822533
vn -0.378306 0.521034 0.765120
vn -0.225787 0.226111 0.947573
vn 0.101905 0.165581 0.980917
vn 0.023304 0.335463 0.941765
vn -0.240109 0.350180 0.905385
vn -0.498326 0.224579 0.837398
vn -0.225787 0.226111 0.947573
vn -0.240109 0.350180 0.905385
vn -0.441889 0.335411 0.832006
vn -0.441889 0.335411 0.832006
vn -0.240109 0.350180 0.905385
vn -0.211588 0.464721 0.859805
vn -0.350421 0.394516 0.849448
vn -0.240109 0.350180 0.905385
vn 0.023304 0.335463 0.941765
vn -0.017798 0.469223 0.882900
vn -0.211588 0.464721 0.859805
vn -0.218804 -0.434020 0.873929
vn -0.374186 -0.471967 0.798268
vn -0.377322 -0.626906 0.681629
vn -0.219086 -0.646809 0.730506
vn -0.083783 -0.365841 0.926899
vn -0.218804 -0.434020 0.873929
vn -0.219086 -0.646809 0.730506
vn -0.099286 -0.603197 0.791388
vn -0.216306 -0.258691 0.941430
vn -0.423278 -0.206798 0.882083
vn -0.374186 -0.471967 0.798268
vn -0.218804 -0.434020 0.873929
vn -0.074607 -0.230417 0.970228
vn -0.216306 -0.258691 0.941430
vn -0.218804 -0.434020 0.873929
vn -0.083783 -0.365841 0.926899
vn -0.219086 -0.646809 0.730506
vn -0.377322 -0.626906 0.681629
vn -0.360174 -0.679298 0.639397
vn -0.197505 -0.721524 0.663622
vn -0.099286 -0.603197 0.791388
vn -0.219086 -0.646809 0.730506
vn -0.197505 -0.721524 0.663622
vn -0.151414 -0.645726 0.748407
vn -0.320914 -0.270289 0.907722
vn -0.363798 -0.005518 0.931462
vn -0.520101 0.067708 0.851417
vn -0.454691 -0.169193 0.874431
vn -0.111690 -0.062986 0.991745
vn -0.363798 -0.005518 0.931462
vn -0.320914 -0.270289 0.907722
vn -0.085099 -0.352511 0.931930
vn -0.321500 0.165903 0.932263
vn -0.519760 0.173675 0.836472
vn -0.520101 0.067708 0.851417
vn -0.363798 -0.005518 0.931462
vn -0.111898 0.117881 0.986703
vn -0.321500 0.165903 0.932263
vn -0.363798 -0.005518 0.931462
vn -0.111690 -0.062986 0.991745
vn -0.320914 -0.270289 0.907722
vn -0.454691 -0.169193 0.874431
vn -0.470999 -0.396508 0.787998
vn -0.263392 -0.435174 0.860958
vn -0.085099 -0.352511 0.931930
vn -0.320914 -0.270289 0.907722
vn -0.263392 -0.435174 0.860958
vn -0.000398 -0.562182 0.827013
vn 0.077397 0.137568 0.987464
vn -0.058814 0.080995 0.994978
vn -0.047294 0.055992 0.997311
vn 0.055203 0.095916 0.993858
vn -0.058814 0.080995 0.994978
vn -0.246310 0.064393 0.967050
vn -0.189088 0.046391 0.980864
vn -0.047294 0.055992 0.997311
vn 0.077397 0.137568 0.987464
vn 0.120412 0.256662 0.958971
vn -0.107800 0.126633 0.986075
vn -0.058814 0.080995 0.994978
vn -0.246310 0.064393 0.967050
vn -0.058814 0.080995 0.994978
vn -0.107800 0.126633 0.986075
vn -0.328391 0.088502 0.940387
vn 0.290992 0.147747 0.945249
vn 0.218798 0.097212 0.970916
vn 0.173595 0.171482 0.969772
vn 0.248806 0.191615 0.949410
vn 0.218798 0.097212 0.970916
vn 0.116009 0.093312 0.988855
vn 0.119897 0.138633 0.983059
vn 0.173595 0.171482 0.969772
vn 0.290992 0.147747 0.945249
vn 0.371301 0.166204 0.913516
vn 0.190299 0.094008 0.977215
vn 0.218798 0.097212 0.970916
vn 0.116009 0.093312 0.988855
vn 0.218798 0.097212 0.970916
vn 0.190299 0.094008 0.977215
vn -0.023083 0.138677 0.990069
vn -0.061099 -0.088882 0.994166
vn -0.018501 -0.085813 0.996140
vn -0.021096 -0.130315 0.991248
vn -0.018390 -0.089814 0.995789
vn -0.018390 -0.089814 0.995789
vn -0.021096 -0.130315 0.991248
vn 0.051101 -0.136010 0.989389
vn 0.073390 -0.112192 0.990973
vn -0.061099 -0.088882 0.994166
vn -0.018390 -0.089814 0.995789
vn 0.014302 -0.092531 0.995607
vn -0.029508 -0.120024 0.992332
vn 0.073390 -0.112192 0.990973
vn 0.030110 -0.131910 0.990804
vn 0.014302 -0.092531 0.995607
vn -0.018390 -0.089814 0.995789
vn 0.070501 -0.072021 0.994908
vn 0.196788 0.011285 0.980381
vn 0.186485 -0.115971 0.975589
vn 0.134973 -0.096155 0.986173
vn 0.134973 -0.096155 0.986173
vn 0.186485 -0.115971 0.975589
vn 0.289086 -0.139578 0.947073
vn 0.295102 -0.097385 0.950490
vn 0.070501 -0.072021 0.994908
vn 0.134973 -0.096155 0.986173
vn 0.182600 -0.069810 0.980706
vn 0.070631 -0.108030 0.991635
vn 0.295102 -0.097385 0.950490
vn 0.270624 -0.094408 0.958045
vn 0.182600 -0.069810 0.980706
vn 0.134973 -0.096155 0.986173
vn -0.005802 -0.550804 0.834615
vn -0.178183 -0.541902 0.821336
vn -0.172599 -0.450916 0.875719
vn 0.015985 -0.534010 0.845327
vn 0.178615 -0.550330 0.815619
vn -0.005802 -0.550804 0.834615
vn 0.015985 -0.534010 0.845327
vn 0.114599 -0.497690 0.859751
vn 0.050300 -0.538622 0.841045
vn -0.097907 -0.618461 0.779692
vn -0.178183 -0.541902 0.821336
vn -0.005802 -0.550804 0.834615
vn 0.194494 -0.518899 0.832416
vn 0.050300 -0.538622 0.841045
vn -0.005802 -0.550804 0.834615
vn 0.178615 -0.550330 0.815619
vn 0.015985 -0.534010 0.845327
vn -0.172599 -0.450916 0.875719
vn -0.127109 -0.381182 0.915720
vn 0.020201 -0.460795 0.887277
vn 0.114599 -0.497690 0.859751
vn 0.015985 -0.534010 0.845327
vn 0.020201 -0.460795 0.887277
vn -0.001212 -0.309792 0.950804
vn 0.073598 -0.867878 0.491295
vn -0.057716 -0.864201 0.499826
vn -0.063516 -0.796668 0.601070
vn 0.056114 -0.815301 0.576313
vn 0.185434 -0.849844 0.493334
vn 0.073598 -0.867878 0.491295
vn 0.056114 -0.815301 0.576313
vn 0.173609 -0.831878 0.527105
vn 0.094994 -0.836652 0.539434
vn -0.110502 -0.786133 0.608099
vn -0.057716 -0.864201 0.499826
vn 0.073598 -0.867878 0.491295
vn 0.208667 -0.828485 0.519683
vn 0.094994 -0.836652 0.539434
vn 0.073598 -0.867878 0.491295
vn 0.185434 -0.849844 0.493334
vn 0.056114 -0.815301 0.576313
vn -0.063516 -0.796668 0.601070
vn -0.067381 -0.685322 0.725116
vn 0.060599 -0.742703 0.666873
vn 0.173609 -0.831878 0.527105
vn 0.056114 -0.815301 0.576313
vn 0.060599 -0.742703 0.666873
vn 0.243492 -0.809403 0.534396
vn -0.151892 -0.781681 0.604900
vn -0.119903 -0.900491 0.418017
vn 0.043703 -0.912333 0.407111
vn -0.009078 -0.793225 0.608861
vn -0.299495 -0.759426 0.577560
vn -0.323199 -0.880927 0.345701
vn -0.119903 -0.900491 0.418017
vn -0.151892 -0.781681 0.604900
vn -0.183410 -0.674197 0.715415
vn -0.151892 -0.781681 0.604900
vn -0.009078 -0.793225 0.608861
vn -0.013800 -0.658901 0.752103
vn -0.305902 -0.642816 0.702290
vn -0.299495 -0.759426 0.577560
vn -0.151892 -0.781681 0.604900
vn -0.183410 -0.674197 0.715415
vn -0.119903 -0.900491 0.418017
vn -0.093694 -0.920221 0.380018
vn 0.094698 -0.924708 0.368710
vn 0.043703 -0.912333 0.407111
vn -0.323199 -0.880927 0.345701
vn -0.322399 -0.891653 0.317828
vn -0.093694 -0.920221 0.380018
vn -0.119903 -0.900491 0.418017
vn -0.153492 -0.917802 0.366168
vn -0.263191 -0.878503 0.398702
vn -0.180110 -0.915617 0.359453
vn -0.138799 -0.923819 0.356783
vn -0.111901 -0.911453 0.395892
vn -0.153492 -0.917802 0.366168
vn -0.138799 -0.923819 0.356783
vn -0.103800 -0.928771 0.355823
vn -0.157384 -0.907576 0.389276
vn -0.307887 -0.860168 0.406592
vn -0.263191 -0.878503 0.398702
vn -0.153492 -0.917802 0.366168
vn -0.087602 -0.903892 0.418695
vn -0.157384 -0.907576 0.389276
vn -0.153492 -0.917802 0.366168
vn -0.111901 -0.911453 0.395892
vn -0.138799 -0.923819 0.356783
vn -0.180110 -0.915617 0.359453
vn -0.170104 -0.918175 0.357797
vn -0.158122 -0.910001 0.383269
vn -0.103800 -0.928771 0.355823
vn -0.138799 -0.923819 0.356783
vn -0.158122 -0.910001 0.383269
vn -0.104499 -0.919255 0.379539
vn 0.035991 -0.927279 0.372636
vn -0.078791 -0.928191 0.363666
vn -0.081197 -0.921575 0.379613
vn 0.053794 -0.927221 0.370631
vn 0.162899 -0.916884 0.364401
vn 0.035991 -0.927279 0.372636
vn 0.053794 -0.927221 0.370631
vn 0.198790 -0.926961 0.318159
vn 0.059098 -0.888960 0.454156
vn -0.150286 -0.829234 0.538317
vn -0.078791 -0.928191 0.363666
vn 0.035991 -0.927279 0.372636
vn 0.154501 -0.882500 0.444210
vn 0.059098 -0.888960 0.454156
vn 0.035991 -0.927279 0.372636
vn 0.162899 -0.916884 0.364401
vn 0.053794 -0.927221 0.370631
vn -0.081197 -0.921575 0.379613
vn -0.069391 -0.877688 0.474183
vn 0.063509 -0.897815 0.435770
vn 0.198790 -0.926961 0.318159
vn 0.053794 -0.927221 0.370631
vn 0.063509 -0.897815 0.435770
vn 0.131400 -0.874888 0.466160
vn 0.022001 -0.883926 0.467109
vn -0.113101 -0.874791 0.471114
vn -0.106890 -0.848722 0.517925
vn 0.052911 -0.872422 0.485882
vn 0.174188 -0.884598 0.432603
vn 0.022001 -0.883926 0.467109
vn 0.052911 -0.872422 0.485882
vn 0.213205 -0.881828 0.420622
vn 0.035194 -0.853442 0.519998
vn -0.166382 -0.804583 0.570055
vn -0.113101 -0.874791 0.471114
vn 0.022001 -0.883926 0.467109
vn 0.154706 -0.852397 0.499486
vn 0.035194 -0.853442 0.519998
vn 0.022001 -0.883926 0.467109
vn 0.174188 -0.884598 0.432603
vn 0.052911 -0.872422 0.485882
vn -0.106890 -0.848722 0.517925
vn -0.102203 -0.794787 0.598221
vn 0.053110 -0.825700 0.561604
vn 0.213205 -0.881828 0.420622
vn 0.052911 -0.872422 0.485882
vn 0.053110 -0.825700 0.561604
vn 0.178110 -0.802944 0.568821
vn -0.728385 -0.024788 0.684720
vn -0.801412 -0.068192 0.594212
vn -0.738695 -0.127094 0.661950
vn -0.669381 -0.086301 0.737889
vn -0.799259 0.023995 0.600508
vn -0.824718 -0.002596 0.565539
vn -0.801412 -0.068192 0.594212
vn -0.728385 -0.024788 0.684720
vn -0.664137 0.009492 0.747551
vn -0.728385 -0.024788 0.684720
vn -0.669381 -0.086301 0.737889
vn -0.550641 -0.052410 0.833095
vn -0.738881 0.046905 0.672201
vn -0.799259 0.023995 0.600508
vn -0.728385 -0.024788 0.684720
vn -0.664137 0.009492 0.747551
vn -0.801412 -0.068192 0.594212
vn -0.794014 -0.077394 0.602953
vn -0.761591 -0.144304 0.631788
vn -0.738695 -0.127094 0.661950
vn -0.794014 -0.077394 0.602953
vn -0.801412 -0.068192 0.594212
vn -0.824718 -0.002596 0.565539
vn -0.725520 0.012406 0.688089
vn -0.946843 0.172418 0.271587
vn -0.914636 0.134909 0.381103
vn -0.913695 0.196883 0.355526
vn -0.934179 0.219492 0.281304
vn -0.956653 0.098198 0.274175
vn -0.914315 0.028586 0.403994
vn -0.914636 0.134909 0.381103
vn -0.946843 0.172418 0.271587
vn -0.946843 0.172418 0.271587
vn -0.966723 0.179199 0.182579
vn -0.980667 0.122893 0.152281
vn -0.956653 0.098198 0.274175
vn -0.966723 0.179199 0.182579
vn -0.946843 0.172418 0.271587
vn -0.934179 0.219492 0.281304
vn -0.955464 0.205979 0.211332
vn -0.913695 0.196883 0.355526
vn -0.929871 0.164175 0.329222
vn -0.944380 0.186280 0.271011
vn -0.934179 0.219492 0.281304
vn -0.955464 0.205979 0.211332
vn -0.934179 0.219492 0.281304
vn -0.944380 0.186280 0.271011
vn -0.959509 0.174971 0.220745
vn -0.947584 0.174103 0.267904
vn -0.916801 0.139118 0.374328
vn -0.916110 0.198006 0.348621
vn -0.933172 0.218803 0.285157
vn -0.957621 0.093900 0.272296
vn -0.915227 0.015900 0.402625
vn -0.916801 0.139118 0.374328
vn -0.947584 0.174103 0.267904
vn -0.933172 0.218803 0.285157
vn -0.954186 0.202702 0.220093
vn -0.967175 0.173492 0.185668
vn -0.947584 0.174103 0.267904
vn -0.947584 0.174103 0.267904
vn -0.967175 0.173492 0.185668
vn -0.980725 0.121902 0.152702
vn -0.957621 0.093900 0.272296
vn -0.916110 0.198006 0.348621
vn -0.939686 0.146006 0.309311
vn -0.943246 0.189183 0.272942
vn -0.933172 0.218803 0.285157
vn -0.954186 0.202702 0.220093
vn -0.933172 0.218803 0.285157
vn -0.943246 0.189183 0.272942
vn -0.955385 0.191492 0.224880
vn -0.788902 0.073414 0.610118
vn -0.745889 0.014705 0.665908
vn -0.669464 0.182112 0.720175
vn -0.712420 0.239505 0.659618
vn -0.788902 0.073414 0.610118
vn -0.810787 0.007302 0.585296
vn -0.762027 -0.057909 0.644950
vn -0.745889 0.014705 0.665908
vn -0.815096 0.176090 0.551915
vn -0.788902 0.073414 0.610118
vn -0.712420 0.239505 0.659618
vn -0.679043 0.368409 0.634961
vn -0.660584 0.285691 0.694269
vn -0.569672 0.321102 0.756549
vn -0.647872 0.230690 0.725978
vn -0.688414 0.241607 0.683895
vn -0.680914 0.123892 0.721808
vn -0.688414 0.241607 0.683895
vn -0.647872 0.230690 0.725978
vn -0.641776 0.147383 0.752597
vn -0.812038 -0.106495 0.573806
vn -0.711097 -0.170294 0.682159
vn -0.672201 -0.150099 0.724994
vn -0.779658 -0.052698 0.623984
vn -0.893251 -0.026104 0.448799
vn -0.812038 -0.106495 0.573806
vn -0.779658 -0.052698 0.623984
vn -0.852731 0.047597 0.520177
vn -0.604009 0.063102 0.794476
vn -0.779658 -0.052698 0.623984
vn -0.672201 -0.150099 0.724994
vn -0.439300 0.000694 0.898340
vn -0.759720 0.108609 0.641116
vn -0.852731 0.047597 0.520177
vn -0.779658 -0.052698 0.623984
vn -0.604009 0.063102 0.794476
vn -0.812038 -0.106495 0.573806
vn -0.775003 -0.045898 0.630288
vn -0.678092 -0.095715 0.728718
vn -0.711097 -0.170294 0.682159
vn -0.893251 -0.026104 0.448799
vn -0.848588 0.033789 0.527973
vn -0.775003 -0.045898 0.630288
vn -0.812038 -0.106495 0.573806
vn -0.625877 -0.239628 0.742197
vn -0.675066 -0.141387 0.724083
vn -0.730757 -0.258228 0.631912
vn -0.681482 -0.372007 0.630232
vn -0.675066 -0.141387 0.724083
vn -0.713711 -0.042803 0.699131
vn -0.775843 -0.130398 0.617304
vn -0.730757 -0.258228 0.631912
vn -0.752641 0.068805 0.654827
vn -0.788138 0.106001 0.606302
vn -0.837267 0.027597 0.546097
vn -0.806749 -0.070004 0.586733
vn -0.788138 0.106001 0.606302
vn -0.808933 0.112102 0.577114
vn -0.861648 0.070595 0.502572
vn -0.837267 0.027597 0.546097
vn -0.806749 -0.070004 0.586733
vn -0.837267 0.027597 0.546097
vn -0.859579 -0.055494 0.507981
vn -0.814381 -0.208816 0.541460
vn -0.837267 0.027597 0.546097
vn -0.861648 0.070595 0.502572
vn -0.889920 0.041910 0.454187
vn -0.859579 -0.055494 0.507981
vn -0.752641 0.068805 0.654827
vn -0.684382 0.119910 0.719196
vn -0.754078 0.130995 0.643589
vn -0.788138 0.106001 0.606302
vn -0.808933 0.112102 0.577114
vn -0.788138 0.106001 0.606302
vn -0.754078 0.130995 0.643589
vn -0.781339 0.136213 0.609061
vn -0.907583 0.078703 0.412430
vn -0.940674 0.001415 0.339309
vn -0.877617 -0.046202 0.477131
vn -0.820756 0.028400 0.570572
vn -0.845642 0.198619 0.495419
vn -0.896286 0.160477 0.413422
vn -0.946183 0.094641 0.309485
vn -0.907583 0.078703 0.412430
vn -0.964242 0.130219 0.230825
vn -0.933012 0.060122 0.354788
vn -0.940674 0.001415 0.339309
vn -0.980566 0.038307 0.192414
vn -0.933012 0.060122 0.354788
vn -0.889594 -0.026508 0.455983
vn -0.877617 -0.046202 0.477131
vn -0.940674 0.001415 0.339309
vn -0.907583 0.078703 0.412430
vn -0.820756 0.028400 0.570572
vn -0.788410 0.126603 0.601981
vn -0.845642 0.198619 0.495419
vn -0.907583 0.078703 0.412430
vn -0.946183 0.094641 0.309485
vn -0.980566 0.038307 0.192414
vn -0.940674 0.001415 0.339309
vn -0.696056 0.317492 0.643976
vn -0.707480 0.361918 0.607031
vn -0.707922 0.458625 0.537132
vn -0.814667 0.332246 0.475322
vn -0.814667 0.332246 0.475322
vn -0.707922 0.458625 0.537132
vn -0.751295 0.519692 0.406788
vn -0.861116 0.351595 0.367234
vn -0.707480 0.361918 0.607031
vn -0.745007 0.439023 0.502219
vn -0.734013 0.515128 0.442569
vn -0.707922 0.458625 0.537132
vn -0.707922 0.458625 0.537132
vn -0.734013 0.515128 0.442569
vn -0.746340 0.562329 0.356037
vn -0.751295 0.519692 0.406788
vn -0.811949 0.295005 0.503697
vn -0.696056 0.317492 0.643976
vn -0.814667 0.332246 0.475322
vn -0.916510 0.239105 0.320685
vn -0.916510 0.239105 0.320685
vn -0.814667 0.332246 0.475322
vn -0.861116 0.351595 0.367234
vn -0.906403 0.241703 0.346429
vn -0.558679 0.237694 0.794594
vn -0.040098 0.465191 0.884302
vn -0.246715 0.582899 0.774184
vn -0.600411 0.340401 0.723626
vn -0.600411 0.340401 0.723626
vn -0.246715 0.582899 0.774184
vn -0.431114 0.697024 0.572973
vn -0.563446 0.449249 0.693328
vn -0.040098 0.465191 0.884302
vn 0.063488 0.669288 0.740285
vn 0.151271 0.677287 0.719999
vn -0.246715 0.582899 0.774184
vn -0.246715 0.582899 0.774184
vn 0.151271 0.677287 0.719999
vn 0.023188 0.760308 0.649148
vn -0.431114 0.697024 0.572973
vn -0.537670 0.076191 0.839706
vn -0.558679 0.237694 0.794594
vn -0.600411 0.340401 0.723626
vn -0.528393 0.184107 0.828798
vn -0.528393 0.184107 0.828798
vn -0.600411 0.340401 0.723626
vn -0.563446 0.449249 0.693328
vn -0.568841 0.371928 0.733546
vn -0.443619 0.114699 0.888846
vn -0.638732 0.031190 0.768797
vn -0.386741 -0.218425 0.895948
vn -0.293912 -0.057712 0.954089
vn -0.538609 -0.344913 0.768723
vn -0.386741 -0.218425 0.895948
vn -0.638732 0.031190 0.768797
vn -0.657800 0.066117 0.750285
vn -0.638732 0.031190 0.768797
vn -0.443619 0.114699 0.888846
vn -0.777085 0.279104 0.564127
vn -0.737082 0.351396 0.577261
vn -0.737082 0.351396 0.577261
vn -0.475779 0.230302 0.848879
vn -0.657800 0.066117 0.750285
vn -0.638732 0.031190 0.768797
vn -0.443619 0.114699 0.888846
vn -0.454483 0.157025 0.876806
vn -0.740088 0.189768 0.645180
vn -0.777085 0.279104 0.564127
vn -0.454483 0.157025 0.876806
vn -0.443619 0.114699 0.888846
vn -0.293912 -0.057712 0.954089
vn -0.274930 0.024690 0.961147
vn -0.932753 0.091511 0.348709
vn -0.964545 0.135600 0.226418
vn -0.900784 0.099312 0.422759
vn -0.890492 -0.009988 0.454889
vn -0.975021 0.155704 0.158401
vn -0.967111 0.180599 0.179109
vn -0.964545 0.135600 0.226418
vn -0.932753 0.091511 0.348709
vn -0.957741 0.045094 0.284076
vn -0.932753 0.091511 0.348709
vn -0.890492 -0.009988 0.454889
vn -0.956042 -0.148398 0.252908
vn -0.977184 0.131495 0.166795
vn -0.975021 0.155704 0.158401
vn -0.932753 0.091511 0.348709
vn -0.957741 0.045094 0.284076
vn -0.964545 0.135600 0.226418
vn -0.945623 0.137096 0.294961
vn -0.933105 0.102797 0.344598
vn -0.900784 0.099312 0.422759
vn -0.967111 0.180599 0.179109
vn -0.838986 0.256300 0.480014
vn -0.945623 0.137096 0.294961
vn -0.964545 0.135600 0.226418
vn -0.991759 0.095608 0.085283
vn -0.993154 0.088971 0.075691
vn -0.984241 0.015820 -0.176123
vn -0.992215 0.119100 -0.036410
vn -0.955954 0.078274 0.282887
vn -0.850057 0.279515 0.446401
vn -0.975306 0.178395 0.130204
vn -0.993154 0.088971 0.075691
vn -0.993154 0.088971 0.075691
vn -0.975306 0.178395 0.130204
vn -0.990406 0.110418 -0.083089
vn -0.984241 0.015820 -0.176123
vn -0.985629 0.047796 0.162024
vn -0.955724 -0.032698 0.292442
vn -0.937901 0.000713 0.346902
vn -0.961482 0.145195 0.233391
vn -0.950996 0.180200 0.251265
vn -0.981810 -0.061915 0.179488
vn -0.988182 0.109988 0.106766
vn -0.961482 0.145195 0.233391
vn -0.955724 -0.032698 0.292442
vn -0.985629 0.047796 0.162024
vn -0.986977 0.004897 0.160787
vn -0.963604 -0.019312 0.266635
vn -0.985629 0.047796 0.162024
vn -0.990472 0.136099 0.021014
vn -0.994494 0.104705 -0.004300
vn -0.986977 0.004897 0.160787
vn -0.961482 0.145195 0.233391
vn -0.937901 0.000713 0.346902
vn -0.924415 0.083289 0.372184
vn -0.950996 0.180200 0.251265
vn -0.961482 0.145195 0.233391
vn -0.988182 0.109988 0.106766
vn -0.990472 0.136099 0.021014
vn -0.985629 0.047796 0.162024
vn -0.689960 -0.090309 0.718192
vn -0.763002 -0.030789 0.645662
vn -0.839865 -0.179696 0.512188
vn -0.801467 -0.113299 0.587209
vn -0.763002 -0.030789 0.645662
vn -0.803407 0.026396 0.594845
vn -0.871590 -0.081703 0.483380
vn -0.839865 -0.179696 0.512188
vn -0.801467 -0.113299 0.587209
vn -0.839865 -0.179696 0.512188
vn -0.860776 -0.198708 0.468593
vn -0.817530 0.102096 0.566764
vn -0.839865 -0.179696 0.512188
vn -0.871590 -0.081703 0.483380
vn -0.901081 -0.176787 0.395979
vn -0.860776 -0.198708 0.468593
vn -0.689960 -0.090309 0.718192
vn -0.555179 0.020686 0.831473
vn -0.704882 0.040600 0.708161
vn -0.763002 -0.030789 0.645662
vn -0.803407 0.026396 0.594845
vn -0.763002 -0.030789 0.645662
vn -0.704882 0.040600 0.708161
vn -0.765173 0.025387 0.643324
vn -0.770122 -0.019206 0.637608
vn -0.691007 -0.122096 0.712462
vn -0.663144 -0.046893 0.747022
vn -0.704346 0.068002 0.706592
vn -0.770122 -0.019206 0.637608
vn -0.789136 -0.029598 0.613504
vn -0.701410 -0.114303 0.703534
vn -0.691007 -0.122096 0.712462
vn -0.826813 0.084693 0.556065
vn -0.770122 -0.019206 0.637608
vn -0.704346 0.068002 0.706592
vn -0.651954 0.254694 0.714203
vn -0.744402 -0.053007 0.665624
vn -0.786589 0.004398 0.617461
vn -0.858922 -0.084983 0.505006
vn -0.796276 -0.236702 0.556702
vn -0.786589 0.004398 0.617461
vn -0.836260 -0.071803 0.543611
vn -0.899562 -0.037566 0.435175
vn -0.858922 -0.084983 0.505006
vn -0.628443 0.347290 0.696024
vn -0.721291 0.354278 0.595169
vn -0.762437 0.158691 0.627301
vn -0.675583 0.154826 0.720845
vn -0.721291 0.354278 0.595169
vn -0.797603 0.372018 0.474797
vn -0.831717 0.133027 0.539027
vn -0.762437 0.158691 0.627301
vn -0.988688 0.026206 0.147681
vn -0.992706 -0.031006 0.116506
vn -0.995773 0.083407 -0.038471
vn -0.999655 -0.000411 0.026262
vn -0.980565 -0.013800 0.195706
vn -0.988688 0.026206 0.147681
vn -0.999655 -0.000411 0.026262
vn -0.997075 -0.074999 -0.014703
vn -0.859311 -0.121101 0.496909
vn -0.917987 -0.034288 0.395125
vn -0.955318 -0.145105 0.257512
vn -0.897524 -0.223002 0.380421
vn -0.917987 -0.034288 0.395125
vn -0.959884 -0.040905 0.277398
vn -0.990613 -0.026502 0.134099
vn -0.955318 -0.145105 0.257512
vn -0.932561 -0.188191 0.308082
vn -0.944361 -0.063701 0.322684
vn -0.979191 -0.147702 0.139173
vn -0.934520 -0.315393 0.164921
vn -0.944361 -0.063701 0.322684
vn -0.970401 -0.002607 0.241485
vn -0.996237 0.008006 0.086305
vn -0.979191 -0.147702 0.139173
vn -0.822313 -0.032895 0.568083
vn -0.731499 -0.090703 0.675783
vn -0.697969 0.018598 0.715886
vn -0.733937 0.144704 0.663624
vn -0.841033 -0.105898 0.530518
vn -0.769020 0.027623 0.638627
vn -0.731499 -0.090703 0.675783
vn -0.822313 -0.032895 0.568083
vn -0.822313 -0.032895 0.568083
vn -0.816996 0.234426 0.526842
vn -0.864140 0.126905 0.486988
vn -0.841033 -0.105898 0.530518
vn -0.733937 0.144704 0.663624
vn -0.781494 0.289097 0.552893
vn -0.816996 0.234426 0.526842
vn -0.822313 -0.032895 0.568083
vn -0.772791 -0.193008 0.604601
vn -0.841352 -0.137293 0.522760
vn -0.885904 -0.204393 0.416409
vn -0.847615 -0.183382 0.497915
vn -0.841352 -0.137293 0.522760
vn -0.879414 -0.115596 0.461811
vn -0.919299 -0.115315 0.376287
vn -0.885904 -0.204393 0.416409
vn -0.160293 -0.914945 0.370382
vn -0.212406 -0.950821 0.225438
vn -0.272906 -0.941129 0.199497
vn -0.268493 -0.875953 0.400772
vn -0.143105 -0.962152 0.231915
vn -0.212406 -0.950821 0.225438
vn -0.160293 -0.914945 0.370382
vn -0.055001 -0.944491 0.323900
vn -0.173704 -0.966818 0.187324
vn -0.248411 -0.956211 0.154770
vn -0.272906 -0.941129 0.199497
vn -0.212406 -0.950821 0.225438
vn -0.121399 -0.961612 0.246097
vn -0.173704 -0.966818 0.187324
vn -0.212406 -0.950821 0.225438
vn -0.143105 -0.962152 0.231915
vn -0.160293 -0.914945 0.370382
vn -0.268493 -0.875953 0.400772
vn -0.191319 -0.797747 0.571837
vn -0.068196 -0.873299 0.482388
vn -0.055001 -0.944491 0.323900
vn -0.160293 -0.914945 0.370382
vn -0.068196 -0.873299 0.482388
vn -0.025205 -0.885897 0.463197
vn -0.590204 -0.743513 0.314402
vn -0.701634 -0.647824 0.296706
vn -0.639970 -0.755571 0.139827
vn -0.522094 -0.830976 0.192087
vn -0.470181 -0.814990 0.338704
vn -0.590204 -0.743513 0.314402
vn -0.522094 -0.830976 0.192087
vn -0.357000 -0.913302 0.196036
vn -0.584199 -0.714402 0.385153
vn -0.736971 -0.556316 0.383909
vn -0.701634 -0.647824 0.296706
vn -0.590204 -0.743513 0.314402
vn -0.491963 -0.762165 0.420806
vn -0.584199 -0.714402 0.385153
vn -0.590204 -0.743513 0.314402
vn -0.470181 -0.814990 0.338704
vn -0.522094 -0.830976 0.192087
vn -0.639970 -0.755571 0.139827
vn -0.648892 -0.755299 0.091993
vn -0.569117 -0.802715 0.178198
vn -0.357000 -0.913302 0.196036
vn -0.522094 -0.830976 0.192087
vn -0.569117 -0.802715 0.178198
vn -0.423379 -0.867269 0.261904
vn -0.451699 -0.833180 0.319028
vn -0.571894 -0.613190 0.544917
vn -0.702978 -0.481721 0.523227
vn -0.585812 -0.713704 0.383994
vn -0.363295 -0.719491 0.591904
vn -0.571894 -0.613190 0.544917
vn -0.451699 -0.833180 0.319028
vn -0.299200 -0.885004 0.356718
vn -0.607474 -0.415226 0.677173
vn -0.742715 -0.302809 0.597228
vn -0.702978 -0.481721 0.523227
vn -0.571894 -0.613190 0.544917
vn -0.433307 -0.530730 0.728403
vn -0.607474 -0.415226 0.677173
vn -0.571894 -0.613190 0.544917
vn -0.363295 -0.719491 0.591904
vn -0.451699 -0.833180 0.319028
vn -0.585812 -0.713704 0.383994
vn -0.508600 -0.848387 0.146856
vn -0.380898 -0.903575 0.196133
vn -0.299200 -0.885004 0.356718
vn -0.451699 -0.833180 0.319028
vn -0.380898 -0.903575 0.196133
vn -0.357323 -0.885310 0.297569
vn -0.624731 -0.640504 0.446615
vn -0.659263 -0.687716 0.304004
vn -0.724699 -0.636651 0.263605
vn -0.736244 -0.536689 0.412200
vn -0.550975 -0.771511 0.318116
vn -0.659263 -0.687716 0.304004
vn -0.624731 -0.640504 0.446615
vn -0.477005 -0.747380 0.462481
vn -0.665223 -0.678426 0.311797
vn -0.754295 -0.596732 0.273770
vn -0.724699 -0.636651 0.263605
vn -0.659263 -0.687716 0.304004
vn -0.598444 -0.718116 0.355209
vn -0.665223 -0.678426 0.311797
vn -0.659263 -0.687716 0.304004
vn -0.550975 -0.771511 0.318116
vn -0.624731 -0.640504 0.446615
vn -0.736244 -0.536689 0.412200
vn -0.694442 -0.421386 0.583253
vn -0.543850 -0.588271 0.598468
vn -0.477005 -0.747380 0.462481
vn -0.624731 -0.640504 0.446615
vn -0.543850 -0.588271 0.598468
vn -0.474514 -0.628793 0.616000
vn -0.674501 -0.703096 0.225177
vn -0.641091 -0.712672 0.284782
vn -0.598707 -0.739038 0.308823
vn -0.639479 -0.753198 0.154142
vn -0.698206 -0.654298 0.290519
vn -0.681073 -0.682967 0.264000
vn -0.641091 -0.712672 0.284782
vn -0.674501 -0.703096 0.225177
vn -0.757987 -0.640764 0.121973
vn -0.674501 -0.703096 0.225177
vn -0.639479 -0.753198 0.154142
vn -0.670533 -0.721923 0.170915
vn -0.769012 -0.594145 0.235823
vn -0.698206 -0.654298 0.290519
vn -0.674501 -0.703096 0.225177
vn -0.757987 -0.640764 0.121973
vn -0.641091 -0.712672 0.284782
vn -0.656385 -0.683990 0.318301
vn -0.601267 -0.692811 0.398109
vn -0.598707 -0.739038 0.308823
vn -0.681073 -0.682967 0.264000
vn -0.626783 -0.627610 0.461789
vn -0.656385 -0.683990 0.318301
vn -0.641091 -0.712672 0.284782
vn -0.390590 -0.809507 0.438336
vn -0.419610 -0.862303 0.283480
vn -0.515722 -0.814811 0.264788
vn -0.519518 -0.726226 0.450219
vn -0.295794 -0.910391 0.289300
vn -0.419610 -0.862303 0.283480
vn -0.390590 -0.809507 0.438336
vn -0.240501 -0.886028 0.396375
vn -0.429102 -0.854517 0.292697
vn -0.544897 -0.792832 0.272954
vn -0.515722 -0.814811 0.264788
vn -0.419610 -0.862303 0.283480
vn -0.325700 -0.894897 0.305090
vn -0.429102 -0.854517 0.292697
vn -0.419610 -0.862303 0.283480
vn -0.295794 -0.910391 0.289300
vn -0.390590 -0.809507 0.438336
vn -0.519518 -0.726226 0.450219
vn -0.466510 -0.630239 0.620619
vn -0.301896 -0.780085 0.548020
vn -0.240501 -0.886028 0.396375
vn -0.390590 -0.809507 0.438336
vn -0.301896 -0.780085 0.548020
vn -0.192697 -0.853894 0.483460
vn -0.367814 -0.862511 0.347546
vn -0.407392 -0.834400 0.371225
vn -0.260196 -0.826733 0.498810
vn -0.239991 -0.881298 0.407085
vn -0.491896 -0.825002 0.278225
vn -0.510621 -0.806457 0.298151
vn -0.407392 -0.834400 0.371225
vn -0.367814 -0.862511 0.347546
vn -0.380612 -0.862122 0.334485
vn -0.367814 -0.862511 0.347546
vn -0.239991 -0.881298 0.407085
vn -0.213106 -0.872794 0.439110
vn -0.490896 -0.821598 0.289825
vn -0.491896 -0.825002 0.278225
vn -0.367814 -0.862511 0.347546
vn -0.380612 -0.862122 0.334485
vn -0.407392 -0.834400 0.371225
vn -0.436310 -0.807512 0.396935
vn -0.302082 -0.786818 0.538204
vn -0.260196 -0.826733 0.498810
vn -0.510621 -0.806457 0.298151
vn -0.458277 -0.729286 0.508059
vn -0.436310 -0.807512 0.396935
vn -0.407392 -0.834400 0.371225
vn -0.535696 -0.793406 0.289028
vn -0.649996 -0.712574 0.264091
vn -0.594177 -0.764267 0.250698
vn -0.544518 -0.798315 0.257283
vn -0.465697 -0.822630 0.326200
vn -0.535696 -0.793406 0.289028
vn -0.544518 -0.798315 0.257283
vn -0.575523 -0.756595 0.310383
vn -0.530714 -0.736980 0.418573
vn -0.654094 -0.637121 0.407722
vn -0.535696 -0.793406 0.289028
vn -0.465697 -0.822630 0.326200
vn -0.649996 -0.712574 0.264091
vn -0.535696 -0.793406 0.289028
vn -0.654094 -0.637121 0.407722
vn -0.748231 -0.540009 0.385409
vn -0.544518 -0.798315 0.257283
vn -0.594177 -0.764267 0.250698
vn -0.609280 -0.713195 0.346599
vn -0.583096 -0.741577 0.331757
vn -0.575523 -0.756595 0.310383
vn -0.544518 -0.798315 0.257283
vn -0.583096 -0.741577 0.331757
vn -0.578315 -0.745443 0.331462
vn -0.594696 -0.748780 0.292688
vn -0.615606 -0.730194 0.296388
vn -0.554097 -0.745466 0.370483
vn -0.557684 -0.771427 0.306412
vn -0.646298 -0.739872 0.186785
vn -0.663350 -0.708776 0.240004
vn -0.615606 -0.730194 0.296388
vn -0.594696 -0.748780 0.292688
vn -0.584035 -0.739007 0.335815
vn -0.594696 -0.748780 0.292688
vn -0.557684 -0.771427 0.306412
vn -0.581344 -0.757791 0.296297
vn -0.619613 -0.739605 0.262801
vn -0.646298 -0.739872 0.186785
vn -0.594696 -0.748780 0.292688
vn -0.584035 -0.739007 0.335815
vn -0.615606 -0.730194 0.296388
vn -0.631683 -0.696000 0.341410
vn -0.574606 -0.708968 0.408892
vn -0.554097 -0.745466 0.370483
vn -0.663350 -0.708776 0.240004
vn -0.617882 -0.608701 0.497699
vn -0.631683 -0.696000 0.341410
vn -0.615606 -0.730194 0.296388
vn -0.389319 -0.728708 0.563397
vn -0.429618 -0.787387 0.442097
vn -0.525295 -0.750715 0.400615
vn -0.539295 -0.649193 0.536386
vn -0.303502 -0.844589 0.441084
vn -0.429618 -0.787387 0.442097
vn -0.389319 -0.728708 0.563397
vn -0.209610 -0.835291 0.508284
vn -0.436060 -0.804681 0.402914
vn -0.534214 -0.753663 0.382893
vn -0.525295 -0.750715 0.400615
vn -0.429618 -0.787387 0.442097
vn -0.339405 -0.842182 0.418968
vn -0.436060 -0.804681 0.402914
vn -0.429618 -0.787387 0.442097
vn -0.303502 -0.844589 0.441084
vn -0.389319 -0.728708 0.563397
vn -0.539295 -0.649193 0.536386
vn -0.475313 -0.560706 0.678002
vn -0.283704 -0.731092 0.620497
vn -0.209610 -0.835291 0.508284
vn -0.389319 -0.728708 0.563397
vn -0.283704 -0.731092 0.620497
vn -0.141301 -0.838310 0.526565
vn -0.455190 -0.777294 0.434299
vn -0.442884 -0.687168 0.575894
vn -0.371780 -0.716941 0.589725
vn -0.384703 -0.833108 0.397409
vn -0.520798 -0.722923 0.454039
vn -0.531826 -0.701016 0.475119
vn -0.442884 -0.687168 0.575894
vn -0.455190 -0.777294 0.434299
vn -0.534424 -0.795723 0.284983
vn -0.455190 -0.777294 0.434299
vn -0.384703 -0.833108 0.397409
vn -0.444314 -0.883529 0.148194
vn -0.577940 -0.711316 0.400017
vn -0.520798 -0.722923 0.454039
vn -0.455190 -0.777294 0.434299
vn -0.534424 -0.795723 0.284983
vn -0.442884 -0.687168 0.575894
vn -0.447885 -0.593190 0.668973
vn -0.374190 -0.620701 0.688994
vn -0.371780 -0.716941 0.589725
vn -0.531826 -0.701016 0.475119
vn -0.524918 -0.558723 0.642099
vn -0.447885 -0.593190 0.668973
vn -0.442884 -0.687168 0.575894
vn -0.650961 -0.701578 0.289894
vn -0.773876 -0.594114 0.219418
vn -0.759517 -0.427803 0.490019
vn -0.632791 -0.625970 0.455783
vn -0.570383 -0.728100 0.380176
vn -0.650961 -0.701578 0.289894
vn -0.632791 -0.625970 0.455783
vn -0.577796 -0.633999 0.514000
vn -0.555286 -0.685583 0.470781
vn -0.643722 -0.718498 0.263406
vn -0.650961 -0.701578 0.289894
vn -0.570383 -0.728100 0.380176
vn -0.773876 -0.594114 0.219418
vn -0.650961 -0.701578 0.289894
vn -0.643722 -0.718498 0.263406
vn -0.579913 -0.812660 0.057312
vn -0.632791 -0.625970 0.455783
vn -0.759517 -0.427803 0.490019
vn -0.684291 -0.327378 0.651590
vn -0.611528 -0.426704 0.666301
vn -0.577796 -0.633999 0.514000
vn -0.632791 -0.625970 0.455783
vn -0.611528 -0.426704 0.666301
vn -0.563601 -0.423138 0.709442
vn -0.499260 0.062912 0.864165
vn -0.563071 0.037184 0.825571
vn -0.596607 -0.042283 0.801419
vn -0.548086 0.008793 0.836376
vn -0.563071 0.037184 0.825571
vn -0.626502 -0.030384 0.778827
vn -0.653515 -0.085900 0.752023
vn -0.596607 -0.042283 0.801419
vn -0.499260 0.062912 0.864165
vn -0.495132 0.174164 0.851182
vn -0.569393 0.081881 0.817978
vn -0.563071 0.037184 0.825571
vn -0.626502 -0.030384 0.778827
vn -0.563071 0.037184 0.825571
vn -0.569393 0.081881 0.817978
vn -0.554649 0.000017 0.832085
vn -0.538820 0.022601 0.842117
vn -0.516015 -0.021608 0.856307
vn -0.525396 -0.044312 0.849703
vn -0.494999 -0.028806 0.868416
vn -0.494999 -0.028806 0.868416
vn -0.525396 -0.044312 0.849703
vn -0.460315 -0.053993 0.886113
vn -0.354904 -0.055995 0.933224
vn -0.538820 0.022601 0.842117
vn -0.494999 -0.028806 0.868416
vn -0.408807 0.002095 0.912618
vn -0.541891 0.158803 0.825310
vn -0.354904 -0.055995 0.933224
vn -0.176196 -0.056090 0.982756
vn -0.408807 0.002095 0.912618
vn -0.494999 -0.028806 0.868416
vn -0.406794 -0.075272 0.910414
vn -0.430890 -0.050600 0.900985
vn -0.474805 -0.091013 0.875372
vn -0.443116 -0.078883 0.892987
vn -0.430890 -0.050600 0.900985
vn -0.479667 -0.041697 0.876459
vn -0.522303 -0.079891 0.849010
vn -0.474805 -0.091013 0.875372
vn -0.406794 -0.075272 0.910414
vn -0.459184 -0.045478 0.887177
vn -0.424726 -0.022206 0.905049
vn -0.430890 -0.050600 0.900985
vn -0.479667 -0.041697 0.876459
vn -0.430890 -0.050600 0.900985
vn -0.424726 -0.022206 0.905049
vn -0.415537 -0.064600 0.907279
vn -0.637206 -0.039313 0.769690
vn -0.690392 -0.124405 0.712658
vn -0.578896 -0.052506 0.813709
vn -0.513988 -0.014599 0.857673
vn -0.513988 -0.014599 0.857673
vn -0.578896 -0.052506 0.813709
vn -0.435698 0.046488 0.898892
vn -0.351094 0.044605 0.935277
vn -0.637206 -0.039313 0.769690
vn -0.513988 -0.014599 0.857673
vn -0.460496 -0.007765 0.887628
vn -0.637797 0.044082 0.768942
vn -0.351094 0.044605 0.935277
vn -0.274015 0.022901 0.961453
vn -0.460496 -0.007765 0.887628
vn -0.513988 -0.014599 0.857673
vn -0.528297 -0.070366 0.846139
vn -0.496431 -0.044504 0.866935
vn -0.441227 -0.070622 0.894612
vn -0.472827 -0.129214 0.871630
vn -0.472827 -0.129214 0.871630
vn -0.441227 -0.070622 0.894612
vn -0.391605 -0.095897 0.915122
vn -0.379206 -0.144193 0.914008
vn -0.528297 -0.070366 0.846139
vn -0.472827 -0.129214 0.871630
vn -0.449276 -0.143475 0.881797
vn -0.588594 -0.026794 0.807984
vn -0.379206 -0.144193 0.914008
vn -0.256203 -0.147197 0.955350
vn -0.449276 -0.143475 0.881797
vn -0.472827 -0.129214 0.871630
vn -0.501530 -0.002795 0.865136
vn -0.550380 0.006793 0.834887
vn -0.564299 0.112504 0.817869
vn -0.467214 0.133294 0.874039
vn -0.550380 0.006793 0.834887
vn -0.626485 0.052012 0.777696
vn -0.646392 0.122712 0.753073
vn -0.564299 0.112504 0.817869
vn -0.501530 -0.002795 0.865136
vn -0.592418 -0.019596 0.805392
vn -0.566516 0.014806 0.823918
vn -0.550380 0.006793 0.834887
vn -0.626485 0.052012 0.777696
vn -0.550380 0.006793 0.834887
vn -0.566516 0.014806 0.823918
vn -0.590420 0.012316 0.807002
vn -0.555214 0.041004 0.830696
vn -0.578514 -0.000407 0.815672
vn -0.568379 -0.002901 0.822762
vn -0.515690 -0.015710 0.856631
vn -0.515690 -0.015710 0.856631
vn -0.568379 -0.002901 0.822762
vn -0.483723 -0.006489 0.875197
vn -0.380989 -0.054014 0.923001
vn -0.555214 0.041004 0.830696
vn -0.515690 -0.015710 0.856631
vn -0.442190 -0.008010 0.896886
vn -0.517909 0.186703 0.834813
vn -0.380989 -0.054014 0.923001
vn -0.249974 -0.115413 0.961350
vn -0.442190 -0.008010 0.896886
vn -0.515690 -0.015710 0.856631
vn -0.421289 0.023264 0.906628
vn -0.459105 0.056623 0.886575
vn -0.508184 0.063900 0.858875
vn -0.463748 0.089775 0.881407
vn -0.459105 0.056623 0.886575
vn -0.524118 0.110697 0.844421
vn -0.563567 0.093489 0.820763
vn -0.508184 0.063900 0.858875
vn -0.421289 0.023264 0.906628
vn -0.432281 0.043494 0.900689
vn -0.451281 0.088491 0.887984
vn -0.459105 0.056623 0.886575
vn -0.524118 0.110697 0.844421
vn -0.459105 0.056623 0.886575
vn -0.451281 0.088491 0.887984
vn -0.487301 0.089493 0.868636
vn -0.922378 0.014015 0.386033
vn -0.928629 0.014516 0.370725
vn -0.923155 -0.004503 0.384402
vn -0.912244 -0.038514 0.407833
vn -0.912244 -0.038514 0.407833
vn -0.923155 -0.004503 0.384402
vn -0.893514 -0.051197 0.446107
vn -0.881398 -0.106601 0.460190
vn -0.922378 0.014015 0.386033
vn -0.912244 -0.038514 0.407833
vn -0.911638 -0.059346 0.406688
vn -0.913298 0.034788 0.405803
vn -0.881398 -0.106601 0.460190
vn -0.899506 -0.128497 0.417586
vn -0.911638 -0.059346 0.406688
vn -0.912244 -0.038514 0.407833
vn -0.975183 -0.057145 0.213899
vn -0.978244 -0.082625 0.190296
vn -0.976188 -0.098026 0.193515
vn -0.966967 -0.126884 0.221080
vn -0.966967 -0.126884 0.221080
vn -0.976188 -0.098026 0.193515
vn -0.955521 -0.147430 0.255427
vn -0.920912 -0.229129 0.315310
vn -0.975183 -0.057145 0.213899
vn -0.966967 -0.126884 0.221080
vn -0.943203 -0.162820 0.289582
vn -0.957206 0.043424 0.286130
vn -0.920912 -0.229129 0.315310
vn -0.844695 -0.346893 0.407622
vn -0.943203 -0.162820 0.289582
vn -0.966967 -0.126884 0.221080
vn -0.990106 -0.071898 0.120502
vn -0.991645 -0.088012 0.094309
vn -0.987779 -0.109720 0.110702
vn -0.982214 -0.140206 0.124891
vn -0.982214 -0.140206 0.124891
vn -0.987779 -0.109720 0.110702
vn -0.973992 -0.152697 0.167399
vn -0.948327 -0.230416 0.218137
vn -0.990106 -0.071898 0.120502
vn -0.982214 -0.140206 0.124891
vn -0.966172 -0.173621 0.190701
vn -0.981301 0.030813 0.189999
vn -0.948327 -0.230416 0.218137
vn -0.873491 -0.357906 0.330025
vn -0.966172 -0.173621 0.190701
vn -0.982214 -0.140206 0.124891
vn -0.819521 -0.031099 0.572205
vn -0.815046 0.029927 0.578622
vn -0.874587 0.013165 0.484689
vn -0.858239 -0.025278 0.512628
vn -0.815046 0.029927 0.578622
vn -0.822956 0.115893 0.556158
vn -0.868013 0.101283 0.486102
vn -0.874587 0.013165 0.484689
vn -0.819521 -0.031099 0.572205
vn -0.786826 0.038214 0.615990
vn -0.784394 0.045600 0.618584
vn -0.815046 0.029927 0.578622
vn -0.822956 0.115893 0.556158
vn -0.815046 0.029927 0.578622
vn -0.784394 0.045600 0.618584
vn -0.821336 -0.005080 0.570422
vn -0.820516 0.054593 0.569011
vn -0.814877 0.121286 0.566802
vn -0.880099 0.102992 0.463485
vn -0.880023 0.039329 0.473301
vn -0.814877 0.121286 0.566802
vn -0.828801 0.153810 0.537988
vn -0.874088 0.169133 0.455373
vn -0.880099 0.102992 0.463485
vn -0.820516 0.054593 0.569011
vn -0.702906 0.059089 0.708824
vn -0.761474 0.089600 0.641973
vn -0.814877 0.121286 0.566802
vn -0.828801 0.153810 0.537988
vn -0.814877 0.121286 0.566802
vn -0.761474 0.089600 0.641973
vn -0.819826 0.011931 0.572488
vn -0.729825 -0.016495 0.683435
vn -0.733706 0.018877 0.679204
vn -0.762734 0.068781 0.643045
vn -0.750868 0.028920 0.659818
vn -0.733706 0.018877 0.679204
vn -0.736465 0.058187 0.673969
vn -0.772561 0.110988 0.625165
vn -0.762734 0.068781 0.643045
vn -0.729825 -0.016495 0.683435
vn -0.667038 -0.057577 0.742796
vn -0.680611 -0.004697 0.732630
vn -0.733706 0.018877 0.679204
vn -0.736465 0.058187 0.673969
vn -0.733706 0.018877 0.679204
vn -0.680611 -0.004697 0.732630
vn -0.694395 0.016291 0.719410
vn -0.629991 -0.044302 0.775338
vn -0.634830 0.033422 0.771928
vn -0.687990 0.036301 0.724812
vn -0.670795 -0.004797 0.741628
vn -0.634830 0.033422 0.771928
vn -0.632316 0.126814 0.764261
vn -0.664520 0.122682 0.737131
vn -0.687990 0.036301 0.724812
vn -0.607248 0.021406 0.794224
vn -0.676431 0.017591 0.736296
vn -0.632316 0.126814 0.764261
vn -0.634830 0.033422 0.771928
vn -0.629991 -0.044302 0.775338
vn -0.529518 -0.085415 0.843987
vn -0.607248 0.021406 0.794224
vn -0.634830 0.033422 0.771928
vn -0.668272 -0.137421 0.731114
vn -0.665392 -0.058109 0.744229
vn -0.731916 -0.115210 0.671585
vn -0.716988 -0.158092 0.678922
vn -0.665392 -0.058109 0.744229
vn -0.673787 0.058778 0.736584
vn -0.718010 -0.003002 0.696026
vn -0.731916 -0.115210 0.671585
vn -0.668272 -0.137421 0.731114
vn -0.621384 -0.077488 0.779665
vn -0.640697 -0.017591 0.767593
vn -0.665392 -0.058109 0.744229
vn -0.673787 0.058778 0.736584
vn -0.665392 -0.058109 0.744229
vn -0.640697 -0.017591 0.767593
vn -0.681051 -0.010700 0.732158
vn -0.554158 -0.060927 0.830179
vn -0.574412 0.015077 0.818427
vn -0.679767 -0.024920 0.733005
vn -0.622686 -0.029378 0.781920
vn -0.574412 0.015077 0.818427
vn -0.635911 0.121119 0.762199
vn -0.715394 0.072324 0.694968
vn -0.679767 -0.024920 0.733005
vn -0.554158 -0.060927 0.830179
vn -0.507793 0.023395 0.861161
vn -0.522477 0.067588 0.849970
vn -0.574412 0.015077 0.818427
vn -0.635911 0.121119 0.762199
vn -0.574412 0.015077 0.818427
vn -0.522477 0.067588 0.849970
vn -0.577967 0.020196 0.815810
vn -0.496895 -0.002904 0.867806
vn -0.551276 0.009098 0.834273
vn -0.564505 0.109194 0.818176
vn -0.466088 0.137482 0.873991
vn -0.551276 0.009098 0.834273
vn -0.626768 0.053085 0.777396
vn -0.646689 0.121707 0.752981
vn -0.564505 0.109194 0.818176
vn -0.496895 -0.002904 0.867806
vn -0.563391 -0.028902 0.825685
vn -0.559983 0.012986 0.828402
vn -0.551276 0.009098 0.834273
vn -0.626768 0.053085 0.777396
vn -0.551276 0.009098 0.834273
vn -0.559983 0.012986 0.828402
vn -0.590404 0.012312 0.807014
vn -0.429108 0.057723 0.901407
vn -0.458128 0.088980 0.884422
vn -0.517410 0.082900 0.851712
vn -0.480983 0.125323 0.867727
vn -0.458128 0.088980 0.884422
vn -0.523190 0.136718 0.841178
vn -0.568331 0.107511 0.815746
vn -0.517410 0.082900 0.851712
vn -0.849213 0.090730 0.520198
vn -0.901762 0.110799 0.417791
vn -0.854542 0.187783 0.484248
vn -0.825355 0.188503 0.532218
vn -0.901762 0.110799 0.417791
vn -0.928421 0.142867 0.342964
vn -0.879847 0.213481 0.424611
vn -0.854542 0.187783 0.484248
vn -0.849213 0.090730 0.520198
vn -0.798260 -0.006588 0.602278
vn -0.923544 0.065297 0.377893
vn -0.901762 0.110799 0.417791
vn -0.928421 0.142867 0.342964
vn -0.901762 0.110799 0.417791
vn -0.923544 0.065297 0.377893
vn -0.953335 0.101604 0.284304
vn -0.806723 -0.024698 0.590414
vn -0.841116 0.032617 0.539870
vn -0.865442 0.009185 0.500925
vn -0.831658 0.018196 0.554990
vn -0.841116 0.032617 0.539870
vn -0.894115 0.079093 0.440797
vn -0.899814 0.088493 0.427205
vn -0.865442 0.009185 0.500925
vn -0.806723 -0.024698 0.590414
vn -0.800002 0.000004 0.599998
vn -0.849873 0.018506 0.526663
vn -0.841116 0.032617 0.539870
vn -0.894115 0.079093 0.440797
vn -0.841116 0.032617 0.539870
vn -0.849873 0.018506 0.526663
vn -0.879392 -0.091588 0.467205
vn -0.320204 -0.147266 0.935833
vn -0.352794 -0.140896 0.925032
vn -0.421802 -0.154113 0.893494
vn -0.386077 -0.079417 0.919041
vn -0.352794 -0.140896 0.925032
vn -0.437789 -0.120182 0.891009
vn -0.486198 -0.156986 0.859632
vn -0.421802 -0.154113 0.893494
vn -0.320204 -0.147266 0.935833
vn -0.342415 -0.144112 0.928431
vn -0.352001 -0.089490 0.931712
vn -0.352794 -0.140896 0.925032
vn -0.437789 -0.120182 0.891009
vn -0.352794 -0.140896 0.925032
vn -0.352001 -0.089490 0.931712
vn -0.386676 -0.108003 0.915870
vn -0.490479 -0.111003 0.864354
vn -0.514016 -0.107488 0.851019
vn -0.535879 -0.163574 0.828297
vn -0.568994 -0.074121 0.818994
vn -0.514016 -0.107488 0.851019
vn -0.603171 -0.097332 0.791651
vn -0.587514 -0.160616 0.793114
vn -0.535879 -0.163574 0.828297
vn -0.490479 -0.111003 0.864354
vn -0.512777 -0.120974 0.849956
vn -0.543725 -0.072567 0.836120
vn -0.514016 -0.107488 0.851019
vn -0.603171 -0.097332 0.791651
vn -0.514016 -0.107488 0.851019
vn -0.543725 -0.072567 0.836120
vn -0.566878 -0.108279 0.816655
vn -0.476492 -0.177818 0.861009
vn -0.575883 -0.188502 0.795503
vn -0.620967 -0.128394 0.773249
vn -0.549568 -0.044970 0.834238
vn -0.575883 -0.188502 0.795503
vn -0.684813 -0.180509 0.706008
vn -0.713494 -0.113001 0.691489
vn -0.620967 -0.128394 0.773249
vn -0.476492 -0.177818 0.861009
vn -0.389803 -0.188190 0.901464
vn -0.573514 -0.203895 0.793416
vn -0.575883 -0.188502 0.795503
vn -0.684813 -0.180509 0.706008
vn -0.575883 -0.188502 0.795503
vn -0.573514 -0.203895 0.793416
vn -0.629376 -0.308510 0.713237
vn -0.741604 -0.017016 0.670622
vn -0.795915 0.004310 0.605394
vn -0.791347 0.083016 0.605704
vn -0.732420 0.066082 0.677639
vn -0.795915 0.004310 0.605394
vn -0.849701 0.013108 0.527102
vn -0.844013 0.097269 0.527429
vn -0.791347 0.083016 0.605704
vn -0.741604 -0.017016 0.670622
vn -0.738618 -0.050994 0.672193
vn -0.809163 -0.022585 0.587150
vn -0.795915 0.004310 0.605394
vn -0.849701 0.013108 0.527102
vn -0.795915 0.004310 0.605394
vn -0.809163 -0.022585 0.587150
vn -0.846185 -0.008214 0.532826
vn -0.697790 -0.204108 0.686606
vn -0.772079 -0.186077 0.607676
vn -0.726109 -0.015258 0.687410
vn -0.642110 -0.000167 0.766613
vn -0.772079 -0.186077 0.607676
vn -0.851891 -0.146971 0.502675
vn -0.805286 0.000610 0.592886
vn -0.726109 -0.015258 0.687410
vn -0.697790 -0.204108 0.686606
vn -0.753628 -0.340201 0.562413
vn -0.833377 -0.247813 0.494035
vn -0.772079 -0.186077 0.607676
vn -0.851891 -0.146971 0.502675
vn -0.772079 -0.186077 0.607676
vn -0.833377 -0.247813 0.494035
vn -0.875620 -0.217196 0.431410
vn -0.497288 -0.300336 0.813943
vn -0.624514 -0.326702 0.709400
vn -0.711602 -0.141613 0.688163
vn -0.584358 -0.090109 0.806477
vn -0.624514 -0.326702 0.709400
vn -0.751811 -0.290185 0.592092
vn -0.784687 -0.147008 0.602208
vn -0.711602 -0.141613 0.688163
vn -0.497288 -0.300336 0.813943
vn -0.356215 -0.303815 0.883633
vn -0.623554 -0.328030 0.709631
vn -0.624514 -0.326702 0.709400
vn -0.751811 -0.290185 0.592092
vn -0.624514 -0.326702 0.709400
vn -0.623554 -0.328030 0.709631
vn -0.689975 -0.420710 0.589014
vn -0.517693 -0.238470 0.821660
vn -0.638878 -0.148200 0.754898
vn -0.646193 -0.206494 0.734707
vn -0.544589 -0.192687 0.816269
vn -0.638878 -0.148200 0.754898
vn -0.744111 -0.031500 0.667313
vn -0.766078 -0.068232 0.639116
vn -0.646193 -0.206494 0.734707
vn -0.517693 -0.238470 0.821660
vn -0.530024 -0.226083 0.817289
vn -0.626800 -0.154017 0.763807
vn -0.638878 -0.148200 0.754898
vn -0.744111 -0.031500 0.667313
vn -0.638878 -0.148200 0.754898
vn -0.626800 -0.154017 0.763807
vn -0.683509 -0.176832 0.708199
vn -0.394194 -0.438504 0.807666
vn -0.386012 -0.534701 0.751724
vn -0.485308 -0.429801 0.761412
vn -0.418008 -0.519409 0.745308
vn -0.315314 -0.561715 0.764887
vn -0.386012 -0.534701 0.751724
vn -0.394194 -0.438504 0.807666
vn -0.283051 -0.453256 0.845246
vn -0.418909 -0.490386 0.764223
vn -0.586698 -0.246717 0.771308
vn -0.485308 -0.429801 0.761412
vn -0.386012 -0.534701 0.751724
vn -0.323507 -0.540904 0.776380
vn -0.418909 -0.490386 0.764223
vn -0.386012 -0.534701 0.751724
vn -0.315314 -0.561715 0.764887
vn -0.394194 -0.438504 0.807666
vn -0.418008 -0.519409 0.745308
vn -0.473318 -0.477237 0.740415
vn -0.391609 -0.283806 0.875270
vn -0.283051 -0.453256 0.845246
vn -0.394194 -0.438504 0.807666
vn -0.391609 -0.283806 0.875270
vn -0.255001 -0.320690 0.912213
vn -0.584092 -0.365626 0.724675
vn -0.622377 -0.360023 0.695004
vn -0.727004 -0.301096 0.617095
vn -0.711036 -0.232713 0.663530
vn -0.476277 -0.473828 0.740707
vn -0.622377 -0.360023 0.695004
vn -0.584092 -0.365626 0.724675
vn -0.487641 -0.367008 0.792156
vn -0.649992 -0.348129 0.675512
vn -0.723101 -0.336806 0.603064
vn -0.727004 -0.301096 0.617095
vn -0.622377 -0.360023 0.695004
vn -0.505114 -0.451835 0.735327
vn -0.649992 -0.348129 0.675512
vn -0.622377 -0.360023 0.695004
vn -0.476277 -0.473828 0.740707
vn -0.584092 -0.365626 0.724675
vn -0.711036 -0.232713 0.663530
vn -0.685244 -0.225212 0.692618
vn -0.582300 -0.320214 0.747255
vn -0.487641 -0.367008 0.792156
vn -0.584092 -0.365626 0.724675
vn -0.582300 -0.320214 0.747255
vn -0.540067 -0.031806 0.841021
vn -0.632559 -0.244517 0.734902
vn -0.632396 -0.286006 0.719914
vn -0.712930 -0.181925 0.677225
vn -0.693432 -0.244923 0.677617
vn -0.579981 -0.324318 0.747288
vn -0.632396 -0.286006 0.719914
vn -0.632559 -0.244517 0.734902
vn -0.563790 -0.288307 0.773964
vn -0.669370 -0.292382 0.682977
vn -0.754027 -0.011824 0.656737
vn -0.712930 -0.181925 0.677225
vn -0.632396 -0.286006 0.719914
vn -0.595867 -0.377016 0.709085
vn -0.669370 -0.292382 0.682977
vn -0.632396 -0.286006 0.719914
vn -0.579981 -0.324318 0.747288
vn -0.632559 -0.244517 0.734902
vn -0.693432 -0.244923 0.677617
vn -0.706031 -0.248811 0.663034
vn -0.629801 -0.254115 0.734014
vn -0.563790 -0.288307 0.773964
vn -0.632559 -0.244517 0.734902
vn -0.629801 -0.254115 0.734014
vn -0.559539 -0.315519 0.766397
vn -0.732385 -0.350615 0.583680
vn -0.710603 -0.329331 0.621759
vn -0.838607 -0.299880 0.454764
vn -0.840343 -0.278106 0.465275
vn -0.608680 -0.295398 0.736376
vn -0.710603 -0.329331 0.621759
vn -0.732385 -0.350615 0.583680
vn -0.671679 -0.234302 0.702815
vn -0.747818 -0.336327 0.572409
vn -0.838305 -0.318011 0.442848
vn -0.838607 -0.299880 0.454764
vn -0.710603 -0.329331 0.621759
vn -0.578087 -0.299097 0.759181
vn -0.747818 -0.336327 0.572409
vn -0.710603 -0.329331 0.621759
vn -0.608680 -0.295398 0.736376
vn -0.732385 -0.350615 0.583680
vn -0.840343 -0.278106 0.465275
vn -0.840399 -0.274179 0.467500
vn -0.782216 -0.286520 0.553213
vn -0.671679 -0.234302 0.702815
vn -0.732385 -0.350615 0.583680
vn -0.782216 -0.286520 0.553213
vn -0.742489 -0.047105 0.668200
vn -0.873874 -0.227011 0.429895
vn -0.908125 -0.200102 0.367788
vn -0.922283 -0.197982 0.331960
vn -0.860911 -0.271519 0.430243
vn -0.798706 -0.385476 0.462036
vn -0.873874 -0.227011 0.429895
vn -0.860911 -0.271519 0.430243
vn -0.787437 -0.347507 0.509099
vn -0.881873 -0.145710 0.448407
vn -0.878999 -0.237702 0.413351
vn -0.908125 -0.200102 0.367788
vn -0.873874 -0.227011 0.429895
vn -0.839500 -0.278741 0.466416
vn -0.881873 -0.145710 0.448407
vn -0.873874 -0.227011 0.429895
vn -0.798706 -0.385476 0.462036
vn -0.860911 -0.271519 0.430243
vn -0.922283 -0.197982 0.331960
vn -0.925233 -0.148593 0.349091
vn -0.869559 -0.200091 0.451476
vn -0.787437 -0.347507 0.509099
vn -0.860911 -0.271519 0.430243
vn -0.869559 -0.200091 0.451476
vn -0.796017 -0.220771 0.563576
vn -0.923493 -0.148793 0.353583
vn -0.911315 -0.331183 0.244587
vn -0.946083 -0.280576 0.161878
vn -0.954811 -0.223610 0.195790
vn -0.922324 -0.207487 0.325987
vn -0.911315 -0.331183 0.244587
vn -0.923493 -0.148793 0.353583
vn -0.898703 -0.094900 0.428168
vn -0.915523 -0.321474 0.241810
vn -0.952520 -0.189360 0.238431
vn -0.946083 -0.280576 0.161878
vn -0.911315 -0.331183 0.244587
vn -0.894400 -0.300089 0.331656
vn -0.915523 -0.321474 0.241810
vn -0.911315 -0.331183 0.244587
vn -0.922324 -0.207487 0.325987
vn -0.923493 -0.148793 0.353583
vn -0.954811 -0.223610 0.195790
vn -0.893145 -0.030783 0.448714
vn -0.871104 0.000189 0.491098
vn -0.898703 -0.094900 0.428168
vn -0.923493 -0.148793 0.353583
vn -0.871104 0.000189 0.491098
vn -0.871795 -0.125595 0.473496
vn -0.977327 -0.208807 -0.035089
vn -0.968432 -0.249204 0.006103
vn -0.988649 -0.147010 -0.031009
vn -0.982935 -0.121304 -0.138289
vn -0.966226 -0.257607 -0.006847
vn -0.968432 -0.249204 0.006103
vn -0.977327 -0.208807 -0.035089
vn -0.969625 -0.244422 0.009203
vn -0.970070 -0.186599 0.155385
vn -0.981039 -0.057806 0.184989
vn -0.988649 -0.147010 -0.031009
vn -0.968432 -0.249204 0.006103
vn -0.946446 -0.250302 0.203935
vn -0.970070 -0.186599 0.155385
vn -0.968432 -0.249204 0.006103
vn -0.966226 -0.257607 -0.006847
vn -0.977327 -0.208807 -0.035089
vn -0.982935 -0.121304 -0.138289
vn -0.983278 -0.113514 0.142404
vn -0.972355 -0.208604 0.104926
vn -0.969625 -0.244422 0.009203
vn -0.977327 -0.208807 -0.035089
vn -0.972355 -0.208604 0.104926
vn -0.964550 -0.244003 0.100525
vn -0.941492 -0.322896 0.096601
vn -0.964663 -0.263488 -0.000684
vn -0.976371 -0.215766 0.012001
vn -0.963448 -0.242016 0.114880
vn -0.914239 -0.378904 0.143525
vn -0.941492 -0.322896 0.096601
vn -0.963448 -0.242016 0.114880
vn -0.945106 -0.290821 0.148987
vn -0.930563 -0.251195 0.266373
vn -0.952800 -0.251010 0.170778
vn -0.964663 -0.263488 -0.000684
vn -0.941492 -0.322896 0.096601
vn -0.874106 -0.362516 0.323298
vn -0.930563 -0.251195 0.266373
vn -0.941492 -0.322896 0.096601
vn -0.914239 -0.378904 0.143525
vn -0.963448 -0.242016 0.114880
vn -0.976371 -0.215766 0.012001
vn -0.951165 -0.114173 0.286792
vn -0.944745 -0.199632 0.260010
vn -0.945106 -0.290821 0.148987
vn -0.963448 -0.242016 0.114880
vn -0.944745 -0.199632 0.260010
vn -0.909719 -0.383401 0.159419
vn -0.876915 -0.459439 0.141197
vn -0.908551 -0.392396 0.143388
vn -0.955513 -0.291726 0.043483
vn -0.938522 -0.309797 0.152321
vn -0.797893 -0.557971 0.228113
vn -0.908551 -0.392396 0.143388
vn -0.876915 -0.459439 0.141197
vn -0.824890 -0.511807 0.240019
vn -0.921452 -0.356872 0.153519
vn -0.922189 -0.386273 -0.018986
vn -0.955513 -0.291726 0.043483
vn -0.908551 -0.392396 0.143388
vn -0.805883 -0.488394 0.334701
vn -0.921452 -0.356872 0.153519
vn -0.908551 -0.392396 0.143388
vn -0.797893 -0.557971 0.228113
vn -0.876915 -0.459439 0.141197
vn -0.938522 -0.309797 0.152321
vn -0.944936 -0.304804 0.119121
vn -0.917524 -0.327710 0.225291
vn -0.824890 -0.511807 0.240019
vn -0.876915 -0.459439 0.141197
vn -0.917524 -0.327710 0.225291
vn -0.864712 -0.186611 0.466314
vn -0.848989 -0.448812 0.278901
vn -0.831651 -0.469428 0.296637
vn -0.892168 -0.419780 0.166795
vn -0.922160 -0.371168 0.108884
vn -0.768159 -0.519973 0.373577
vn -0.831651 -0.469428 0.296637
vn -0.848989 -0.448812 0.278901
vn -0.800592 -0.435342 0.411741
vn -0.838452 -0.446783 0.312063
vn -0.882563 -0.402505 0.243046
vn -0.892168 -0.419780 0.166795
vn -0.831651 -0.469428 0.296637
vn -0.766993 -0.520603 0.375093
vn -0.838452 -0.446783 0.312063
vn -0.831651 -0.469428 0.296637
vn -0.768159 -0.519973 0.373577
vn -0.848989 -0.448812 0.278901
vn -0.922160 -0.371168 0.108884
vn -0.926037 -0.285204 0.247211
vn -0.843202 -0.423996 0.330511
vn -0.800592 -0.435342 0.411741
vn -0.848989 -0.448812 0.278901
vn -0.843202 -0.423996 0.330511
vn -0.823600 -0.338517 0.455070
vn -0.740809 -0.530207 0.412411
vn -0.753765 -0.546587 0.364802
vn -0.820861 -0.468367 0.326833
vn -0.787883 -0.464521 0.404303
vn -0.690519 -0.587010 0.422614
vn -0.753765 -0.546587 0.364802
vn -0.740809 -0.530207 0.412411
vn -0.704295 -0.540885 0.459796
vn -0.768381 -0.545384 0.334882
vn -0.870756 -0.391986 0.296870
vn -0.820861 -0.468367 0.326833
vn -0.753765 -0.546587 0.364802
vn -0.688902 -0.615404 0.383005
vn -0.768381 -0.545384 0.334882
vn -0.753765 -0.546587 0.364802
vn -0.690519 -0.587010 0.422614
vn -0.740809 -0.530207 0.412411
vn -0.787883 -0.464521 0.404303
vn -0.776686 -0.494217 0.390524
vn -0.722486 -0.547882 0.421710
vn -0.704295 -0.540885 0.459796
vn -0.740809 -0.530207 0.412411
vn -0.722486 -0.547882 0.421710
vn -0.720776 -0.506377 0.473355
vn -0.706810 -0.667225 0.235011
vn -0.831805 -0.515185 0.206605
vn -0.803111 -0.434411 0.407799
vn -0.668581 -0.646273 0.367874
vn -0.593425 -0.755501 0.277608
vn -0.706810 -0.667225 0.235011
vn -0.668581 -0.646273 0.367874
vn -0.652191 -0.628595 0.423693
vn -0.768000 -0.582322 0.266602
vn -0.724292 -0.672733 0.151104
vn -0.831805 -0.515185 0.206605
vn -0.706810 -0.667225 0.235011
vn -0.654402 -0.657803 0.372899
vn -0.768000 -0.582322 0.266602
vn -0.706810 -0.667225 0.235011
vn -0.593425 -0.755501 0.277608
vn -0.668581 -0.646273 0.367874
vn -0.803111 -0.434411 0.407799
vn -0.740023 -0.349216 0.574817
vn -0.685912 -0.447896 0.573510
vn -0.652191 -0.628595 0.423693
vn -0.668581 -0.646273 0.367874
vn -0.685912 -0.447896 0.573510
vn -0.685088 -0.335020 0.646851
vn -0.796210 -0.485577 0.360922
vn -0.815417 -0.481706 0.321021
vn -0.748748 -0.501613 0.433313
vn -0.763725 -0.523417 0.377835
vn -0.850356 -0.465277 0.245788
vn -0.857885 -0.450703 0.246781
vn -0.815417 -0.481706 0.321021
vn -0.796210 -0.485577 0.360922
vn -0.774300 -0.446622 0.448316
vn -0.796210 -0.485577 0.360922
vn -0.763725 -0.523417 0.377835
vn -0.773122 -0.462499 0.434024
vn -0.817202 -0.442986 0.368707
vn -0.850356 -0.465277 0.245788
vn -0.796210 -0.485577 0.360922
vn -0.774300 -0.446622 0.448316
vn -0.815417 -0.481706 0.321021
vn -0.829377 -0.435383 0.350109
vn -0.760980 -0.444372 0.472697
vn -0.748748 -0.501613 0.433313
vn -0.857885 -0.450703 0.246781
vn -0.776250 -0.346265 0.526817
vn -0.829377 -0.435383 0.350109
vn -0.815417 -0.481706 0.321021
vn -0.713305 -0.663924 0.224500
vn -0.766826 -0.605547 0.212816
vn -0.832808 -0.534800 0.142899
vn -0.816911 -0.524828 0.239190
vn -0.657601 -0.690096 0.302206
vn -0.766826 -0.605547 0.212816
vn -0.713305 -0.663924 0.224500
vn -0.728761 -0.597388 0.334716
vn -0.785310 -0.551032 0.282226
vn -0.817212 -0.551207 0.168329
vn -0.832808 -0.534800 0.142899
vn -0.766826 -0.605547 0.212816
vn -0.686983 -0.617987 0.382291
vn -0.785310 -0.551032 0.282226
vn -0.766826 -0.605547 0.212816
vn -0.657601 -0.690096 0.302206
vn -0.713305 -0.663924 0.224500
vn -0.816911 -0.524828 0.239190
vn -0.782130 -0.538510 0.313497
vn -0.701502 -0.649721 0.292845
vn -0.728761 -0.597388 0.334716
vn -0.713305 -0.663924 0.224500
vn -0.701502 -0.649721 0.292845
vn -0.828610 -0.320899 0.458725
vn -0.957808 -0.268811 0.101708
vn -0.961701 -0.273798 0.012905
vn -0.964977 -0.258673 -0.043672
vn -0.940506 -0.339095 0.021518
vn -0.932114 -0.327690 0.154215
vn -0.957808 -0.268811 0.101708
vn -0.940506 -0.339095 0.021518
vn -0.885217 -0.460211 0.067807
vn -0.945398 -0.297415 0.133295
vn -0.921702 -0.386894 0.027912
vn -0.961701 -0.273798 0.012905
vn -0.957808 -0.268811 0.101708
vn -0.929438 -0.265819 0.255902
vn -0.945398 -0.297415 0.133295
vn -0.957808 -0.268811 0.101708
vn -0.932114 -0.327690 0.154215
vn -0.940506 -0.339095 0.021518
vn -0.964977 -0.258673 -0.043672
vn -0.969428 -0.236195 -0.066486
vn -0.947446 -0.319700 0.011717
vn -0.885217 -0.460211 0.067807
vn -0.940506 -0.339095 0.021518
vn -0.947446 -0.319700 0.011717
vn -0.884481 -0.459579 0.080505
vn -0.857291 -0.501206 0.117663
vn -0.894017 -0.376810 0.242381
vn -0.930690 -0.346392 0.117599
vn -0.931883 -0.354728 0.075912
vn -0.833518 -0.439111 0.335306
vn -0.894017 -0.376810 0.242381
vn -0.857291 -0.501206 0.117663
vn -0.784664 -0.596358 0.169293
vn -0.890197 -0.347615 0.294471
vn -0.895212 -0.416307 0.159008
vn -0.930690 -0.346392 0.117599
vn -0.894017 -0.376810 0.242381
vn -0.815263 -0.328401 0.476969
vn -0.890197 -0.347615 0.294471
vn -0.894017 -0.376810 0.242381
vn -0.833518 -0.439111 0.335306
vn -0.857291 -0.501206 0.117663
vn -0.931883 -0.354728 0.075912
vn -0.923241 -0.377415 0.072007
vn -0.857091 -0.506682 0.093109
vn -0.784664 -0.596358 0.169293
vn -0.857291 -0.501206 0.117663
vn -0.857091 -0.506682 0.093109
vn -0.798393 -0.580004 0.161756
vn -0.832026 -0.396735 0.387730
vn -0.919430 -0.256689 0.297924
vn -0.873468 -0.471010 0.123304
vn -0.739542 -0.664375 0.108087
vn -0.738891 -0.469889 0.482953
vn -0.832026 -0.396735 0.387730
vn -0.739542 -0.664375 0.108087
vn -0.656862 -0.742275 0.132512
vn -0.820573 -0.204574 0.533675
vn -0.865428 -0.281609 0.414404
vn -0.919430 -0.256689 0.297924
vn -0.832026 -0.396735 0.387730
vn -0.705340 -0.226109 0.671841
vn -0.820573 -0.204574 0.533675
vn -0.832026 -0.396735 0.387730
vn -0.738891 -0.469889 0.482953
vn -0.739542 -0.664375 0.108087
vn -0.873468 -0.471010 0.123304
vn -0.810112 -0.582696 0.064683
vn -0.694799 -0.718929 0.019891
vn -0.656862 -0.742275 0.132512
vn -0.739542 -0.664375 0.108087
vn -0.694799 -0.718929 0.019891
vn -0.642671 -0.764680 0.047301
vn -0.797434 -0.594494 0.103330
vn -0.872871 -0.451564 0.184896
vn -0.901130 -0.404928 0.154913
vn -0.881016 -0.444921 0.160798
vn -0.787028 -0.575321 0.222696
vn -0.872871 -0.451564 0.184896
vn -0.797434 -0.594494 0.103330
vn -0.676283 -0.731700 0.085187
vn -0.882804 -0.397813 0.249804
vn -0.885211 -0.430281 0.176803
vn -0.901130 -0.404928 0.154913
vn -0.872871 -0.451564 0.184896
vn -0.832411 -0.461287 0.307093
vn -0.882804 -0.397813 0.249804
vn -0.872871 -0.451564 0.184896
vn -0.787028 -0.575321 0.222696
vn -0.797434 -0.594494 0.103330
vn -0.881016 -0.444921 0.160798
vn -0.835812 -0.543490 0.077703
vn -0.711361 -0.701171 0.048219
vn -0.676283 -0.731700 0.085187
vn -0.797434 -0.594494 0.103330
vn -0.711361 -0.701171 0.048219
vn -0.604174 -0.796671 0.017000
vn -0.851496 -0.379185 0.362180
vn -0.898214 -0.336921 0.282306
vn -0.815588 -0.542894 0.200207
vn -0.732094 -0.614397 0.294201
vn -0.775297 -0.435413 0.457526
vn -0.851496 -0.379185 0.362180
vn -0.732094 -0.614397 0.294201
vn -0.618805 -0.688718 0.377819
vn -0.875641 -0.229395 0.425006
vn -0.874899 -0.311133 0.371144
vn -0.898214 -0.336921 0.282306
vn -0.851496 -0.379185 0.362180
vn -0.830147 -0.245485 0.500593
vn -0.875641 -0.229395 0.425006
vn -0.851496 -0.379185 0.362180
vn -0.775297 -0.435413 0.457526
vn -0.732094 -0.614397 0.294201
vn -0.815588 -0.542894 0.200207
vn -0.774397 -0.607313 0.177427
vn -0.707865 -0.653326 0.268500
vn -0.618805 -0.688718 0.377819
vn -0.732094 -0.614397 0.294201
vn -0.707865 -0.653326 0.268500
vn -0.572902 -0.734012 0.364705
vn -0.729491 -0.627379 0.272468
vn -0.822276 -0.354094 0.445510
vn -0.845520 -0.296288 0.444194
vn -0.801596 -0.516813 0.300580
vn -0.757504 -0.457589 0.465617
vn -0.822276 -0.354094 0.445510
vn -0.729491 -0.627379 0.272468
vn -0.666896 -0.686486 0.289804
vn -0.833209 -0.181005 0.522494
vn -0.843954 -0.160692 0.511781
vn -0.845520 -0.296288 0.444194
vn -0.822276 -0.354094 0.445510
vn -0.799324 -0.259409 0.542022
vn -0.833209 -0.181005 0.522494
vn -0.822276 -0.354094 0.445510
vn -0.757504 -0.457589 0.465617
vn -0.729491 -0.627379 0.272468
vn -0.801596 -0.516813 0.300580
vn -0.713684 -0.679303 0.170888
vn -0.623920 -0.763808 0.165292
vn -0.666896 -0.686486 0.289804
vn -0.729491 -0.627379 0.272468
vn -0.623920 -0.763808 0.165292
vn -0.622705 -0.760388 0.184524
vn -0.608590 -0.381223 0.695908
vn -0.720954 -0.359764 0.592280
vn -0.587408 -0.679401 0.439735
vn -0.421673 -0.719384 0.551977
vn -0.422798 -0.450697 0.786202
vn -0.608590 -0.381223 0.695908
vn -0.421673 -0.719384 0.551977
vn -0.223679 -0.747072 0.625980
vn -0.628468 -0.210303 0.748866
vn -0.667397 -0.311301 0.676515
vn -0.720954 -0.359764 0.592280
vn -0.608590 -0.381223 0.695908
vn -0.504258 -0.211577 0.837233
vn -0.628468 -0.210303 0.748866
vn -0.608590 -0.381223 0.695908
vn -0.422798 -0.450697 0.786202
vn -0.421673 -0.719384 0.551977
vn -0.587408 -0.679401 0.439735
vn -0.519300 -0.784594 0.338732
vn -0.422112 -0.779208 0.463311
vn -0.223679 -0.747072 0.625980
vn -0.421673 -0.719384 0.551977
vn -0.422112 -0.779208 0.463311
vn -0.254908 -0.764333 0.592298
vn -0.719282 -0.225473 0.657111
vn -0.842266 -0.135622 0.521722
vn -0.752178 -0.492400 0.437916
vn -0.696230 -0.470827 0.541835
vn -0.610872 -0.263593 0.746561
vn -0.719282 -0.225473 0.657111
vn -0.696230 -0.470827 0.541835
vn -0.624760 -0.464698 0.627479
vn -0.762661 0.000401 0.646798
vn -0.841629 0.046694 0.538033
vn -0.842266 -0.135622 0.521722
vn -0.719282 -0.225473 0.657111
vn -0.628089 -0.071704 0.774830
vn -0.762661 0.000401 0.646798
vn -0.719282 -0.225473 0.657111
vn -0.610872 -0.263593 0.746561
vn -0.696230 -0.470827 0.541835
vn -0.752178 -0.492400 0.437916
vn -0.722624 -0.580635 0.375071
vn -0.705838 -0.529009 0.471108
vn -0.624760 -0.464698 0.627479
vn -0.696230 -0.470827 0.541835
vn -0.705838 -0.529009 0.471108
vn -0.549712 -0.616855 0.563300
vn -0.893186 -0.240476 0.379987
vn -0.930554 -0.243885 0.273111
vn -0.886677 -0.427788 0.175502
vn -0.828702 -0.459534 0.319501
vn -0.814097 -0.279208 0.509205
vn -0.893186 -0.240476 0.379987
vn -0.828702 -0.459534 0.319501
vn -0.725602 -0.511498 0.460295
vn -0.893274 -0.158892 0.420494
vn -0.880068 -0.276107 0.386324
vn -0.930554 -0.243885 0.273111
vn -0.893186 -0.240476 0.379987
vn -0.841187 -0.147701 0.520182
vn -0.893274 -0.158892 0.420494
vn -0.893186 -0.240476 0.379987
vn -0.814097 -0.279208 0.509205
vn -0.828702 -0.459534 0.319501
vn -0.886677 -0.427788 0.175502
vn -0.846386 -0.517306 0.126590
vn -0.796467 -0.543815 0.264395
vn -0.725602 -0.511498 0.460295
vn -0.828702 -0.459534 0.319501
vn -0.796467 -0.543815 0.264395
vn -0.645481 -0.635203 0.424113
vn -0.839867 -0.486796 0.240110
vn -0.870799 -0.221714 0.438807
vn -0.914159 -0.083294 0.396706
vn -0.933921 -0.329509 0.138619
vn -0.733209 -0.437582 0.520507
vn -0.870799 -0.221714 0.438807
vn -0.839867 -0.486796 0.240110
vn -0.645809 -0.701827 0.300617
vn -0.762115 0.018897 0.647166
vn -0.806349 0.125825 0.577901
vn -0.914159 -0.083294 0.396706
vn -0.870799 -0.221714 0.438807
vn -0.705421 -0.151008 0.692516
vn -0.762115 0.018897 0.647166
vn -0.870799 -0.221714 0.438807
vn -0.733209 -0.437582 0.520507
vn -0.839867 -0.486796 0.240110
vn -0.933921 -0.329509 0.138619
vn -0.921110 -0.381410 0.077994
vn -0.789785 -0.574689 0.214411
vn -0.645809 -0.701827 0.300617
vn -0.839867 -0.486796 0.240110
vn -0.789785 -0.574689 0.214411
vn -0.558034 -0.787821 0.260645
vn -0.867543 -0.330690 0.371502
vn -0.865948 -0.037603 0.498718
vn -0.912278 -0.047699 0.406784
vn -0.922862 -0.282010 0.262289
vn -0.785905 -0.147304 0.600545
vn -0.865948 -0.037603 0.498718
vn -0.867543 -0.330690 0.371502
vn -0.748299 -0.455593 0.482166
vn -0.806468 0.118891 0.579202
vn -0.835530 -0.067219 0.545317
vn -0.912278 -0.047699 0.406784
vn -0.865948 -0.037603 0.498718
vn -0.753492 0.076597 0.652980
vn -0.806468 0.118891 0.579202
vn -0.865948 -0.037603 0.498718
vn -0.785905 -0.147304 0.600545
vn -0.867543 -0.330690 0.371502
vn -0.922862 -0.282010 0.262289
vn -0.908325 -0.379108 0.176699
vn -0.835429 -0.456107 0.306636
vn -0.748299 -0.455593 0.482166
vn -0.867543 -0.330690 0.371502
vn -0.835429 -0.456107 0.306636
vn -0.622631 -0.670701 0.403101
vn -0.688602 0.317588 0.651894
vn -0.712420 0.239505 0.659618
vn -0.669464 0.182112 0.720175
vn -0.599842 0.282929 0.748426
vn -0.684487 0.382919 0.620363
vn -0.679043 0.368409 0.634961
vn -0.712420 0.239505 0.659618
vn -0.688602 0.317588 0.651894
vn -0.815096 0.176090 0.551915
vn -0.865002 0.068321 0.497095
vn -0.810787 0.007302 0.585296
vn -0.788902 0.073414 0.610118
vn -0.394412 0.083802 0.915105
vn -0.543244 -0.044018 0.838420
vn -0.453206 -0.102401 0.885505
vn -0.172302 0.029687 0.984597
vn -0.374104 0.122417 0.919272
vn -0.440083 0.070701 0.895170
vn -0.543244 -0.044018 0.838420
vn -0.394412 0.083802 0.915105
vn -0.681482 -0.372007 0.630232
vn -0.730757 -0.258228 0.631912
vn -0.767975 -0.253494 0.588179
vn -0.708720 -0.423674 0.564107
vn -0.730757 -0.258228 0.631912
vn -0.775843 -0.130398 0.617304
vn -0.798652 -0.152088 0.582258
vn -0.767975 -0.253494 0.588179
vn -0.625877 -0.239628 0.742197
vn -0.552517 -0.161086 0.817787
vn -0.646475 -0.062496 0.760371
vn -0.675066 -0.141387 0.724083
vn -0.713711 -0.042803 0.699131
vn -0.675066 -0.141387 0.724083
vn -0.646475 -0.062496 0.760371
vn -0.678978 0.023997 0.733767
vn -0.687315 0.153104 0.710040
vn -0.704346 0.068002 0.706592
vn -0.663144 -0.046893 0.747022
vn -0.637693 0.028306 0.769770
vn -0.605092 0.317307 0.730192
vn -0.651954 0.254694 0.714203
vn -0.704346 0.068002 0.706592
vn -0.687315 0.153104 0.710040
vn -0.826813 0.084693 0.556065
vn -0.872991 0.075097 0.481920
vn -0.789136 -0.029598 0.613504
vn -0.770122 -0.019206 0.637608
vn -0.974019 0.145514 0.173531
vn -0.992499 0.112790 0.047162
vn -0.997364 0.072490 -0.003200
vn -0.994972 0.072504 0.069097
vn -0.962351 0.145999 0.229269
vn -0.974019 0.145514 0.173531
vn -0.994972 0.072504 0.069097
vn -0.987421 0.089001 0.130688
vn -0.966032 0.198997 0.164870
vn -0.980024 0.179506 0.085619
vn -0.992499 0.112790 0.047162
vn -0.974019 0.145514 0.173531
vn -0.896319 0.264917 0.355573
vn -0.966032 0.198997 0.164870
vn -0.974019 0.145514 0.173531
vn -0.962351 0.145999 0.229269
vn -0.991501 0.129690 -0.010336
vn -0.990333 0.127302 0.055082
vn -0.994972 0.072504 0.069097
vn -0.997364 0.072490 -0.003200
vn -0.990333 0.127302 0.055082
vn -0.979987 0.151105 0.129585
vn -0.987421 0.089001 0.130688
vn -0.994972 0.072504 0.069097
vn -0.796276 -0.236702 0.556702
vn -0.858922 -0.084983 0.505006
vn -0.877340 -0.166312 0.450128
vn -0.786065 -0.381087 0.486698
vn -0.858922 -0.084983 0.505006
vn -0.899562 -0.037566 0.435175
vn -0.928975 -0.057903 0.365585
vn -0.877340 -0.166312 0.450128
vn -0.744402 -0.053007 0.665624
vn -0.669879 0.043498 0.741195
vn -0.754691 0.004594 0.656065
vn -0.786589 0.004398 0.617461
vn -0.836260 -0.071803 0.543611
vn -0.786589 0.004398 0.617461
vn -0.754691 0.004594 0.656065
vn -0.788439 -0.210193 0.578085
vn -0.740405 -0.091995 0.665836
vn -0.799510 -0.072893 0.596213
vn -0.784984 -0.324591 0.527675
vn -0.709806 -0.339213 0.617341
vn -0.799510 -0.072893 0.596213
vn -0.881467 -0.032898 0.471098
vn -0.865480 -0.276277 0.417870
vn -0.784984 -0.324591 0.527675
vn -0.740405 -0.091995 0.665836
vn -0.791914 0.084280 0.604789
vn -0.795112 0.186475 0.577083
vn -0.799510 -0.072893 0.596213
vn -0.881467 -0.032898 0.471098
vn -0.799510 -0.072893 0.596213
vn -0.795112 0.186475 0.577083
vn -0.833796 0.197802 0.515422
vn -0.382188 0.111295 0.917358
vn -0.555015 0.098810 0.825951
vn -0.526570 -0.126993 0.840593
vn -0.335390 -0.145389 0.930793
vn -0.555015 0.098810 0.825951
vn -0.715111 0.109998 0.690302
vn -0.712394 -0.105694 0.693775
vn -0.526570 -0.126993 0.840593
vn -0.382188 0.111295 0.917358
vn -0.387309 0.349081 0.853308
vn -0.575981 0.313973 0.754762
vn -0.555015 0.098810 0.825951
vn -0.715111 0.109998 0.690302
vn -0.555015 0.098810 0.825951
vn -0.575981 0.313973 0.754762
vn -0.681227 0.277372 0.677492
vn -0.529500 0.274489 0.802674
vn -0.502077 0.399730 0.766900
vn -0.652091 0.393204 0.648203
vn -0.617006 0.311693 0.722600
vn -0.340446 0.299976 0.891129
vn -0.325107 0.433609 0.840410
vn -0.502077 0.399730 0.766900
vn -0.529500 0.274489 0.802674
vn -0.325107 0.433609 0.840410
vn -0.406906 0.444369 0.798100
vn -0.500080 0.501501 0.705986
vn -0.502077 0.399730 0.766900
vn -0.502077 0.399730 0.766900
vn -0.500080 0.501501 0.705986
vn -0.637908 0.497681 0.587697
vn -0.652091 0.393204 0.648203
vn -0.911940 0.071107 0.404116
vn -0.939290 0.087105 0.331885
vn -0.845300 0.112998 0.522207
vn -0.823483 0.040293 0.565908
vn -0.886031 0.091911 0.454425
vn -0.845300 0.112998 0.522207
vn -0.939290 0.087105 0.331885
vn -0.898223 0.125202 0.421331
vn -0.971659 0.089725 0.218696
vn -0.940162 0.155902 0.302969
vn -0.939290 0.087105 0.331885
vn -0.911940 0.071107 0.404116
vn -0.940162 0.155902 0.302969
vn -0.803492 0.282713 0.523902
vn -0.898223 0.125202 0.421331
vn -0.939290 0.087105 0.331885
vn -0.916516 0.039906 0.398002
vn -0.911940 0.071107 0.404116
vn -0.823483 0.040293 0.565908
vn -0.930570 -0.155406 0.331495
vn -0.964302 0.092824 0.248004
vn -0.971659 0.089725 0.218696
vn -0.911940 0.071107 0.404116
vn -0.916516 0.039906 0.398002
vn -0.822408 0.085498 0.562436
vn -0.845637 0.044505 0.531900
vn -0.811680 0.024198 0.583602
vn -0.708971 0.062295 0.702481
vn -0.853788 0.172294 0.491284
vn -0.850180 0.105795 0.515753
vn -0.845637 0.044505 0.531900
vn -0.822408 0.085498 0.562436
vn -0.763610 0.138306 0.630691
vn -0.845637 0.044505 0.531900
vn -0.850180 0.105795 0.515753
vn -0.840077 0.187450 0.509052
vn -0.780413 0.062507 0.622132
vn -0.811680 0.024198 0.583602
vn -0.845637 0.044505 0.531900
vn -0.763610 0.138306 0.630691
vn -0.836327 0.182901 0.516821
vn -0.822408 0.085498 0.562436
vn -0.708971 0.062295 0.702481
vn -0.736930 0.072193 0.672103
vn -0.848781 0.272888 0.452883
vn -0.853788 0.172294 0.491284
vn -0.822408 0.085498 0.562436
vn -0.836327 0.182901 0.516821
vn -0.763705 -0.009598 0.645494
vn -0.785586 -0.032189 0.617915
vn -0.785506 -0.113213 0.608410
vn -0.740548 -0.055717 0.669690
vn -0.785586 -0.032189 0.617915
vn -0.728494 -0.021097 0.684727
vn -0.751454 -0.143115 0.644077
vn -0.785506 -0.113213 0.608410
vn -0.728494 -0.021097 0.684727
vn -0.785586 -0.032189 0.617915
vn -0.821098 0.045200 0.568995
vn -0.763759 0.093303 0.638723
vn -0.785586 -0.032189 0.617915
vn -0.763705 -0.009598 0.645494
vn -0.803769 0.033506 0.593998
vn -0.821098 0.045200 0.568995
vn -0.733697 0.020001 0.679182
vn -0.763705 -0.009598 0.645494
vn -0.740548 -0.055717 0.669690
vn -0.746117 -0.026807 0.665275
vn -0.763108 0.055111 0.643917
vn -0.803769 0.033506 0.593998
vn -0.763705 -0.009598 0.645494
vn -0.733697 0.020001 0.679182
vn -0.947259 0.319921 -0.018754
vn -0.882356 0.324386 0.340914
vn -0.759231 0.500226 0.416344
vn -0.844397 0.487483 0.222157
vn -0.882356 0.324386 0.340914
vn -0.768195 0.133183 0.626210
vn -0.535289 0.354133 0.766848
vn -0.759231 0.500226 0.416344
vn -0.973594 0.072390 0.216507
vn -0.872737 -0.040621 0.486499
vn -0.768195 0.133183 0.626210
vn -0.882356 0.324386 0.340914
vn -0.882356 0.324386 0.340914
vn -0.947259 0.319921 -0.018754
vn -0.974352 0.191796 -0.117693
vn -0.973594 0.072390 0.216507
vn -0.979816 0.099905 0.173147
vn -0.871428 -0.086425 0.482850
vn -0.872737 -0.040621 0.486499
vn -0.973594 0.072390 0.216507
vn -0.973594 0.072390 0.216507
vn -0.974352 0.191796 -0.117693
vn -0.966222 0.242908 -0.086089
vn -0.979816 0.099905 0.173147
vn -0.991210 0.094190 0.092909
vn -0.937152 0.052201 0.344996
vn -0.942607 0.143889 0.301312
vn -0.978194 0.168076 0.122016
vn -0.993715 0.068688 -0.088390
vn -0.991210 0.094190 0.092909
vn -0.978194 0.168076 0.122016
vn -0.997870 0.064307 0.010992
vn -0.997870 0.064307 0.010992
vn -0.978194 0.168076 0.122016
vn -0.962811 0.219015 0.158202
vn -0.983990 0.134192 0.117289
vn -0.978194 0.168076 0.122016
vn -0.942607 0.143889 0.301312
vn -0.927282 0.247470 0.280904
vn -0.962811 0.219015 0.158202
vn -0.612301 0.466393 0.638408
vn -0.253173 0.811283 0.526995
vn -0.512710 0.783081 0.352012
vn -0.716925 0.502029 0.483720
vn -0.716925 0.502029 0.483720
vn -0.512710 0.783081 0.352012
vn -0.758793 0.640897 0.116122
vn -0.751315 0.562092 0.345801
vn -0.253173 0.811283 0.526995
vn -0.247584 0.916920 0.312984
vn -0.203014 0.948367 0.243690
vn -0.512710 0.783081 0.352012
vn -0.512710 0.783081 0.352012
vn -0.203014 0.948367 0.243690
vn -0.413794 0.902569 0.118927
vn -0.758793 0.640897 0.116122
vn -0.716925 0.502029 0.483720
vn -0.571826 0.502212 0.648690
vn -0.512704 0.421818 0.747799
vn -0.612301 0.466393 0.638408
vn -0.751315 0.562092 0.345801
vn -0.709394 0.560015 0.427953
vn -0.571826 0.502212 0.648690
vn -0.716925 0.502029 0.483720
vn -0.694368 0.278790 0.663422
vn -0.675335 0.398916 0.620314
vn -0.623335 0.312721 0.716700
vn -0.662373 0.250976 0.705885
vn -0.675335 0.398916 0.620314
vn -0.635223 0.395311 0.663492
vn -0.626441 0.375434 0.683097
vn -0.623335 0.312721 0.716700
vn -0.662373 0.250976 0.705885
vn -0.623335 0.312721 0.716700
vn -0.571304 0.239100 0.785138
vn -0.669741 0.231318 0.705648
vn -0.623335 0.312721 0.716700
vn -0.626441 0.375434 0.683097
vn -0.472221 0.330214 0.817292
vn -0.571304 0.239100 0.785138
vn -0.790503 0.482302 0.377479
vn -0.716781 0.560602 0.414669
vn -0.675335 0.398916 0.620314
vn -0.694368 0.278790 0.663422
vn -0.716781 0.560602 0.414669
vn -0.613200 0.526407 0.588966
vn -0.635223 0.395311 0.663492
vn -0.675335 0.398916 0.620314
vn -0.792194 0.317027 0.521462
vn -0.687228 0.410836 0.599110
vn -0.758315 0.403135 0.512290
vn -0.803701 0.317593 0.503189
vn -0.585080 0.400491 0.705187
vn -0.459341 0.474305 0.751026
vn -0.631773 0.486228 0.603693
vn -0.687228 0.410836 0.599110
vn -0.687228 0.410836 0.599110
vn -0.631773 0.486228 0.603693
vn -0.731229 0.498633 0.465478
vn -0.758315 0.403135 0.512290
vn -0.795196 0.312216 0.519792
vn -0.733048 0.330049 0.594734
vn -0.792194 0.317027 0.521462
vn -0.808377 0.303978 0.504107
vn -0.687228 0.410836 0.599110
vn -0.792194 0.317027 0.521462
vn -0.733048 0.330049 0.594734
vn -0.585080 0.400491 0.705187
vn -0.808377 0.303978 0.504107
vn -0.792194 0.317027 0.521462
vn -0.803701 0.317593 0.503189
vn -0.779361 0.306990 0.546217
vn -0.769699 0.403001 0.495130
vn -0.823601 0.358421 0.439564
vn -0.827233 0.391802 0.402712
vn -0.787374 0.420688 0.450627
vn -0.839711 0.416716 0.348186
vn -0.820703 0.428402 0.378044
vn -0.787374 0.420688 0.450627
vn -0.827233 0.391802 0.402712
vn -0.820703 0.428402 0.378044
vn -0.873406 0.384300 0.299126
vn -0.823316 0.418605 0.383303
vn -0.787374 0.420688 0.450627
vn -0.879104 0.377797 0.290596
vn -0.823316 0.418605 0.383303
vn -0.873406 0.384300 0.299126
vn -0.880698 0.373100 0.291833
vn -0.804171 0.452303 0.385656
vn -0.739218 0.460317 0.491593
vn -0.823316 0.418605 0.383303
vn -0.879104 0.377797 0.290596
vn -0.739218 0.460317 0.491593
vn -0.769699 0.403001 0.495130
vn -0.787374 0.420688 0.450627
vn -0.823316 0.418605 0.383303
vn -0.844976 0.227908 0.483811
vn -0.829471 0.229590 0.509181
vn -0.914973 0.290489 0.280073
vn -0.857824 0.323424 0.399419
vn -0.774107 0.104621 0.624351
vn -0.547719 0.189603 0.814896
vn -0.773507 0.283403 0.566895
vn -0.829471 0.229590 0.509181
vn -0.829471 0.229590 0.509181
vn -0.773507 0.283403 0.566895
vn -0.866122 0.334918 0.371029
vn -0.914973 0.290489 0.280073
vn -0.602582 0.219796 0.767192
vn -0.693576 0.170608 0.699889
vn -0.844976 0.227908 0.483811
vn -0.646183 0.275369 0.711773
vn -0.829471 0.229590 0.509181
vn -0.844976 0.227908 0.483811
vn -0.693576 0.170608 0.699889
vn -0.774107 0.104621 0.624351
vn -0.646183 0.275369 0.711773
vn -0.844976 0.227908 0.483811
vn -0.857824 0.323424 0.399419
vn -0.636489 0.369913 0.676791
vn -0.802584 0.323392 0.501275
vn -0.682737 0.354098 0.639128
vn -0.542218 0.502118 0.673703
vn -0.660208 0.487810 0.571109
vn -0.682737 0.354098 0.639128
vn -0.499691 0.284093 0.818291
vn -0.423701 0.488193 0.762984
vn -0.542218 0.502118 0.673703
vn -0.660208 0.487810 0.571109
vn -0.542218 0.502118 0.673703
vn -0.571221 0.554006 0.605627
vn -0.626566 0.677272 0.385638
vn -0.542218 0.502118 0.673703
vn -0.423701 0.488193 0.762984
vn -0.428593 0.501596 0.751472
vn -0.571221 0.554006 0.605627
vn -0.889923 0.169903 0.423285
vn -0.767429 0.159592 0.620953
vn -0.682737 0.354098 0.639128
vn -0.802584 0.323392 0.501275
vn -0.767429 0.159592 0.620953
vn -0.504124 0.072002 0.860624
vn -0.499691 0.284093 0.818291
vn -0.682737 0.354098 0.639128
vn -0.657017 0.349604 0.667911
vn -0.679615 0.158591 0.716221
vn -0.699272 0.316293 0.641075
vn -0.725396 0.356071 0.589079
vn -0.679615 0.158591 0.716221
vn -0.657017 0.349604 0.667911
vn -0.539973 0.597235 0.593076
vn -0.541501 0.417003 0.729990
vn -0.657017 0.349604 0.667911
vn -0.681908 0.418203 0.600089
vn -0.590322 0.528207 0.610342
vn -0.539973 0.597235 0.593076
vn -0.725396 0.356071 0.589079
vn -0.753722 0.403897 0.518431
vn -0.681908 0.418203 0.600089
vn -0.657017 0.349604 0.667911
vn -0.722480 0.271896 0.635685
vn -0.803438 0.178076 0.568133
vn -0.753722 0.403897 0.518431
vn -0.725396 0.356071 0.589079
vn -0.725396 0.356071 0.589079
vn -0.699272 0.316293 0.641075
vn -0.605566 0.324590 0.726588
vn -0.722480 0.271896 0.635685
vn -0.484332 0.258758 0.835743
vn -0.683144 0.190803 0.704917
vn -0.519135 0.119394 0.846312
vn -0.313520 0.191807 0.930008
vn -0.750908 0.296642 0.590034
vn -0.741249 0.400062 0.538981
vn -0.683144 0.190803 0.704917
vn -0.484332 0.258758 0.835743
vn -0.443693 0.254212 0.859368
vn -0.484332 0.258758 0.835743
vn -0.313520 0.191807 0.930008
vn -0.326297 0.190300 0.925914
vn -0.687826 0.249107 0.681793
vn -0.750908 0.296642 0.590034
vn -0.484332 0.258758 0.835743
vn -0.443693 0.254212 0.859368
vn -0.683144 0.190803 0.704917
vn -0.718682 0.234278 0.654683
vn -0.633116 -0.116914 0.765177
vn -0.519135 0.119394 0.846312
vn -0.741249 0.400062 0.538981
vn -0.713086 0.398477 0.576823
vn -0.718682 0.234278 0.654683
vn -0.683144 0.190803 0.704917
vn -0.615903 0.533517 0.579675
vn -0.741496 0.398088 0.540102
vn -0.549979 0.299817 0.779508
vn -0.405213 0.491410 0.770921
vn -0.815322 0.514353 0.265879
vn -0.871008 0.427908 0.241329
vn -0.741496 0.398088 0.540102
vn -0.615903 0.533517 0.579675
vn -0.508884 0.609516 0.607888
vn -0.615903 0.533517 0.579675
vn -0.405213 0.491410 0.770921
vn -0.424978 0.548976 0.719736
vn -0.737637 0.589854 0.328578
vn -0.815322 0.514353 0.265879
vn -0.615903 0.533517 0.579675
vn -0.508884 0.609516 0.607888
vn -0.741496 0.398088 0.540102
vn -0.751407 0.304213 0.585527
vn -0.511508 0.229596 0.828037
vn -0.549979 0.299817 0.779508
vn -0.751407 0.304213 0.585527
vn -0.741496 0.398088 0.540102
vn -0.871008 0.427908 0.241329
vn -0.936885 0.315177 0.151360
vn -0.833663 0.277000 0.477784
vn -0.710467 0.543458 0.447092
vn -0.815356 0.477373 0.327581
vn -0.935200 0.244874 0.255809
vn -0.625899 0.598208 0.500397
vn -0.710467 0.543458 0.447092
vn -0.833663 0.277000 0.477784
vn -0.724403 0.298905 0.621206
vn -0.579892 0.492982 0.648609
vn -0.772645 0.432712 0.464521
vn -0.815356 0.477373 0.327581
vn -0.710467 0.543458 0.447092
vn -0.516084 0.576198 0.633761
vn -0.579892 0.492982 0.648609
vn -0.710467 0.543458 0.447092
vn -0.625899 0.598208 0.500397
vn -0.966216 0.158416 0.203300
vn -0.921475 0.142409 0.361391
vn -0.833663 0.277000 0.477784
vn -0.935200 0.244874 0.255809
vn -0.921475 0.142409 0.361391
vn -0.800389 0.088501 0.592913
vn -0.724403 0.298905 0.621206
vn -0.833663 0.277000 0.477784
vn -0.833309 -0.053009 0.550260
vn -0.869711 -0.085786 0.486049
vn -0.784477 -0.166193 0.597474
vn -0.745255 -0.118398 0.656184
vn -0.775371 0.081800 0.626186
vn -0.811863 0.118083 0.571781
vn -0.872924 0.049794 0.485309
vn -0.833309 -0.053009 0.550260
vn -0.751709 -0.264790 0.604004
vn -0.756507 0.015497 0.653802
vn -0.665583 0.023211 0.745963
vn -0.711545 -0.162107 0.683685
vn -0.725693 -0.076810 0.683718
vn -0.756507 0.015497 0.653802
vn -0.751709 -0.264790 0.604004
vn -0.705112 -0.357290 0.612504
vn -0.751709 -0.264790 0.604004
vn -0.711545 -0.162107 0.683685
vn -0.827526 -0.358817 0.431801
vn -0.783799 -0.407747 0.468402
vn -0.705112 -0.357290 0.612504
vn -0.751709 -0.264790 0.604004
vn -0.783799 -0.407747 0.468402
vn -0.735518 -0.457978 0.499270
vn -0.507619 0.597862 0.620390
vn -0.562896 0.488001 0.667086
vn -0.382498 0.447802 0.808189
vn -0.288108 0.585526 0.757729
vn -0.718531 0.553399 0.421264
vn -0.681670 0.513504 0.521190
vn -0.562896 0.488001 0.667086
vn -0.507619 0.597862 0.620390
vn -0.459808 0.626827 0.629019
vn -0.507619 0.597862 0.620390
vn -0.288108 0.585526 0.757729
vn -0.333792 0.586082 0.738302
vn -0.663879 0.586621 0.463832
vn -0.718531 0.553399 0.421264
vn -0.507619 0.597862 0.620390
vn -0.459808 0.626827 0.629019
vn -0.562896 0.488001 0.667086
vn -0.563391 0.406994 0.718990
vn -0.392385 0.352283 0.849665
vn -0.382498 0.447802 0.808189
vn -0.681670 0.513504 0.521190
vn -0.662700 0.440298 0.605777
vn -0.563391 0.406994 0.718990
vn -0.562896 0.488001 0.667086
vn -0.926662 0.359955 0.108300
vn -0.942329 0.275581 0.189922
vn -0.831491 0.348782 0.432405
vn -0.850779 0.341285 0.399624
vn -0.839225 0.027302 0.543098
vn -0.763319 0.058199 0.643395
vn -0.762437 0.158691 0.627301
vn -0.831717 0.133027 0.539027
vn -0.763319 0.058199 0.643395
vn -0.675935 0.046619 0.735485
vn -0.675583 0.154826 0.720845
vn -0.762437 0.158691 0.627301
vn -0.628443 0.347290 0.696024
vn -0.573293 0.463578 0.675597
vn -0.678921 0.453000 0.577804
vn -0.721291 0.354278 0.595169
vn -0.797603 0.372018 0.474797
vn -0.721291 0.354278 0.595169
vn -0.678921 0.453000 0.577804
vn -0.762853 0.494000 0.417157
vn -0.979801 0.078099 0.184093
vn -0.950580 -0.013613 0.310182
vn -0.929580 0.009416 0.368499
vn -0.946724 0.179794 0.267186
vn -0.928536 0.226026 0.294504
vn -0.976618 -0.027476 0.213219
vn -0.979026 0.149511 0.138397
vn -0.946724 0.179794 0.267186
vn -0.986264 0.080198 0.144403
vn -0.996637 0.078000 0.025096
vn -0.963988 0.188397 0.187708
vn -0.941282 0.123581 0.314191
vn -0.965806 0.137219 0.219975
vn -0.987390 0.089587 0.130516
vn -0.998788 -0.006593 0.048783
vn -0.986264 0.080198 0.144403
vn -0.963988 0.188397 0.187708
vn -0.996637 0.078000 0.025096
vn -0.966659 0.237389 0.096006
vn -0.869102 0.470794 0.151709
vn -0.996637 0.078000 0.025096
vn -0.998917 0.004592 -0.046309
vn -0.984501 0.172794 -0.030013
vn -0.966659 0.237389 0.096006
vn -0.986264 0.080198 0.144403
vn -0.941282 0.123581 0.314191
vn -0.919685 0.162208 0.357587
vn -0.965806 0.137219 0.219975
vn -0.986264 0.080198 0.144403
vn -0.998788 -0.006593 0.048783
vn -0.998917 0.004592 -0.046309
vn -0.996637 0.078000 0.025096
vn -0.950580 -0.013613 0.310182
vn -0.979801 0.078099 0.184093
vn -0.983340 0.035491 0.178279
vn -0.958658 0.009403 0.284404
vn -0.979801 0.078099 0.184093
vn -0.982026 0.183307 0.044975
vn -0.987481 0.156189 0.022053
vn -0.983340 0.035491 0.178279
vn -0.946724 0.179794 0.267186
vn -0.929580 0.009416 0.368499
vn -0.910687 0.100479 0.400691
vn -0.928536 0.226026 0.294504
vn -0.946724 0.179794 0.267186
vn -0.979026 0.149511 0.138397
vn -0.982026 0.183307 0.044975
vn -0.979801 0.078099 0.184093
vn -0.995773 0.083407 -0.038471
vn -0.970786 0.170108 -0.169227
vn -0.998801 -0.005813 -0.048620
vn -0.999655 -0.000411 0.026262
vn -0.999655 -0.000411 0.026262
vn -0.998801 -0.005813 -0.048620
vn -0.988044 -0.142309 -0.059309
vn -0.997075 -0.074999 -0.014703
vn -0.992706 -0.031006 0.116506
vn -0.988688 0.026206 0.147681
vn -0.970552 -0.006401 0.240808
vn -0.980021 -0.094017 0.175269
vn -0.980565 -0.013800 0.195706
vn -0.933542 -0.007813 0.358383
vn -0.970552 -0.006401 0.240808
vn -0.988688 0.026206 0.147681
vn -0.897524 -0.223002 0.380421
vn -0.955318 -0.145105 0.257512
vn -0.960731 -0.208399 0.183210
vn -0.929877 -0.183900 0.318605
vn -0.955318 -0.145105 0.257512
vn -0.990613 -0.026502 0.134099
vn -0.995460 -0.084084 0.044613
vn -0.960731 -0.208399 0.183210
vn -0.859311 -0.121101 0.496909
vn -0.845879 -0.057995 0.530213
vn -0.903903 -0.003392 0.427724
vn -0.917987 -0.034288 0.395125
vn -0.959884 -0.040905 0.277398
vn -0.917987 -0.034288 0.395125
vn -0.903903 -0.003392 0.427724
vn -0.944827 -0.088830 0.315295
vn -0.906572 0.054691 0.418492
vn -0.837066 -0.026262 0.546472
vn -0.869711 -0.085786 0.486049
vn -0.934610 -0.027600 0.354602
vn -0.837066 -0.026262 0.546472
vn -0.771744 -0.126201 0.623285
vn -0.784477 -0.166193 0.597474
vn -0.869711 -0.085786 0.486049
vn -0.833309 -0.053009 0.550260
vn -0.745255 -0.118398 0.656184
vn -0.671291 0.028207 0.740657
vn -0.775371 0.081800 0.626186
vn -0.833309 -0.053009 0.550260
vn -0.872924 0.049794 0.485309
vn -0.934610 -0.027600 0.354602
vn -0.869711 -0.085786 0.486049
vn -0.934520 -0.315393 0.164921
vn -0.979191 -0.147702 0.139173
vn -0.984018 -0.171317 0.048565
vn -0.936578 -0.337106 0.095822
vn -0.979191 -0.147702 0.139173
vn -0.996237 0.008006 0.086305
vn -0.999708 -0.018908 0.015080
vn -0.984018 -0.171317 0.048565
vn -0.932561 -0.188191 0.308082
vn -0.959552 -0.080509 0.269773
vn -0.934317 -0.034412 0.354778
vn -0.944361 -0.063701 0.322684
vn -0.970401 -0.002607 0.241485
vn -0.944361 -0.063701 0.322684
vn -0.934317 -0.034412 0.354778
vn -0.955174 -0.060759 0.289742
vn -0.547384 -0.361256 0.754894
vn -0.629322 -0.053189 0.775322
vn -0.730931 -0.014025 0.682307
vn -0.709215 -0.259319 0.655567
vn -0.330974 -0.183047 0.925716
vn -0.629322 -0.053189 0.775322
vn -0.547384 -0.361256 0.754894
vn -0.307096 -0.385168 0.870252
vn -0.591505 0.175492 0.786972
vn -0.599004 -0.061405 0.798388
vn -0.730931 -0.014025 0.682307
vn -0.629322 -0.053189 0.775322
vn -0.407123 0.082700 0.909622
vn -0.591505 0.175492 0.786972
vn -0.629322 -0.053189 0.775322
vn -0.330974 -0.183047 0.925716
vn -0.547384 -0.361256 0.754894
vn -0.709215 -0.259319 0.655567
vn -0.696611 -0.470300 0.541804
vn -0.513256 -0.450521 0.730478
vn -0.307096 -0.385168 0.870252
vn -0.547384 -0.361256 0.754894
vn -0.513256 -0.450521 0.730478
vn -0.338393 -0.394123 0.854492
vn -0.902994 -0.426674 0.050518
vn -0.954730 -0.216223 0.204301
vn -0.972839 -0.199486 0.117431
vn -0.968579 -0.247301 -0.026417
vn -0.904186 -0.344586 0.252406
vn -0.954730 -0.216223 0.204301
vn -0.902994 -0.426674 0.050518
vn -0.857209 -0.498313 0.129913
vn -0.956088 -0.167485 0.240508
vn -0.941714 -0.255110 0.219300
vn -0.972839 -0.199486 0.117431
vn -0.954730 -0.216223 0.204301
vn -0.926842 -0.214314 0.308274
vn -0.956088 -0.167485 0.240508
vn -0.954730 -0.216223 0.204301
vn -0.904186 -0.344586 0.252406
vn -0.902994 -0.426674 0.050518
vn -0.968579 -0.247301 -0.026417
vn -0.940049 -0.333897 -0.069426
vn -0.859175 -0.510510 -0.034621
vn -0.857209 -0.498313 0.129913
vn -0.902994 -0.426674 0.050518
vn -0.859175 -0.510510 -0.034621
vn -0.890901 -0.449522 0.065007
vn -0.886113 -0.227483 0.403802
vn -0.891471 -0.433970 0.130189
vn -0.851695 -0.467770 0.236234
vn -0.850219 -0.244675 0.466113
vn -0.927998 -0.221904 0.299296
vn -0.924792 -0.372495 0.077502
vn -0.891471 -0.433970 0.130189
vn -0.886113 -0.227483 0.403802
vn -0.850365 -0.128478 0.510267
vn -0.886113 -0.227483 0.403802
vn -0.850219 -0.244675 0.466113
vn -0.746807 -0.069313 0.661419
vn -0.894001 -0.147178 0.423202
vn -0.927998 -0.221904 0.299296
vn -0.886113 -0.227483 0.403802
vn -0.850365 -0.128478 0.510267
vn -0.891471 -0.433970 0.130189
vn -0.839577 -0.543201 -0.006636
vn -0.810028 -0.581719 0.073875
vn -0.851695 -0.467770 0.236234
vn -0.924792 -0.372495 0.077502
vn -0.884234 -0.447318 0.134305
vn -0.839577 -0.543201 -0.006636
vn -0.891471 -0.433970 0.130189
vn -0.991488 -0.062899 0.113995
vn -0.975145 -0.154308 -0.158999
vn -0.963263 -0.241501 0.117483
vn -0.943671 -0.223289 0.244186
vn -0.988511 0.083789 -0.125799
vn -0.988313 -0.050072 -0.143976
vn -0.975145 -0.154308 -0.158999
vn -0.991488 -0.062899 0.113995
vn -0.969539 -0.035797 0.242307
vn -0.991488 -0.062899 0.113995
vn -0.943671 -0.223289 0.244186
vn -0.988942 -0.133108 0.065397
vn -0.990458 0.130292 0.044915
vn -0.988511 0.083789 -0.125799
vn -0.991488 -0.062899 0.113995
vn -0.969539 -0.035797 0.242307
vn -0.975145 -0.154308 -0.158999
vn -0.940783 -0.204092 -0.270691
vn -0.965890 -0.247612 -0.075794
vn -0.963263 -0.241501 0.117483
vn -0.988313 -0.050072 -0.143976
vn -0.991963 -0.119799 0.040722
vn -0.940783 -0.204092 -0.270691
vn -0.975145 -0.154308 -0.158999
vn -0.956131 -0.275013 -0.100904
vn -0.971717 -0.234226 0.030082
vn -0.995920 -0.080400 -0.040990
vn -0.984204 -0.167006 -0.058754
vn -0.937930 -0.330705 0.104509
vn -0.971717 -0.234226 0.030082
vn -0.956131 -0.275013 -0.100904
vn -0.954031 -0.299709 0.000180
vn -0.971717 -0.234226 0.030082
vn -0.987795 -0.101803 0.117890
vn -0.998958 -0.043186 -0.014782
vn -0.995920 -0.080400 -0.040990
vn -0.940666 -0.241614 0.238263
vn -0.987795 -0.101803 0.117890
vn -0.971717 -0.234226 0.030082
vn -0.937930 -0.330705 0.104509
vn -0.956131 -0.275013 -0.100904
vn -0.984204 -0.167006 -0.058754
vn -0.963705 -0.213910 -0.159737
vn -0.957146 -0.260582 -0.126368
vn -0.954031 -0.299709 0.000180
vn -0.956131 -0.275013 -0.100904
vn -0.957146 -0.260582 -0.126368
vn -0.976743 -0.213414 0.020695
vn -0.958679 -0.141895 0.246577
vn -0.966834 -0.108704 0.231120
vn -0.972810 -0.223285 0.061518
vn -0.950827 -0.305606 0.050321
vn -0.940380 -0.238272 0.242718
vn -0.958679 -0.141895 0.246577
vn -0.950827 -0.305606 0.050321
vn -0.932765 -0.351671 0.079230
vn -0.951184 -0.058098 0.303106
vn -0.950952 -0.127410 0.281881
vn -0.966834 -0.108704 0.231120
vn -0.958679 -0.141895 0.246577
vn -0.943715 -0.136183 0.301424
vn -0.951184 -0.058098 0.303106
vn -0.958679 -0.141895 0.246577
vn -0.940380 -0.238272 0.242718
vn -0.950827 -0.305606 0.050321
vn -0.972810 -0.223285 0.061518
vn -0.937473 -0.329075 -0.113377
vn -0.921530 -0.381392 -0.072960
vn -0.932765 -0.351671 0.079230
vn -0.950827 -0.305606 0.050321
vn -0.921530 -0.381392 -0.072960
vn -0.908835 -0.415387 -0.038384
vn -0.850779 0.341285 0.399624
vn -0.831491 0.348782 0.432405
vn -0.707211 0.342114 0.618717
vn -0.803903 0.278283 0.525641
vn -0.697969 0.018598 0.715886
vn -0.777429 0.081814 0.623628
vn -0.736580 0.217692 0.640360
vn -0.733937 0.144704 0.663624
vn -0.781494 0.289097 0.552893
vn -0.733937 0.144704 0.663624
vn -0.736580 0.217692 0.640360
vn -0.786219 0.252098 0.564186
vn -0.847615 -0.183382 0.497915
vn -0.885904 -0.204393 0.416409
vn -0.892572 -0.243669 0.379396
vn -0.874914 -0.040392 0.482591
vn -0.885904 -0.204393 0.416409
vn -0.919299 -0.115315 0.376287
vn -0.933875 -0.175986 0.311298
vn -0.892572 -0.243669 0.379396
vn -0.772791 -0.193008 0.604601
vn -0.681500 -0.146192 0.717067
vn -0.810714 -0.121996 0.572590
vn -0.841352 -0.137293 0.522760
vn -0.879414 -0.115596 0.461811
vn -0.841352 -0.137293 0.522760
vn -0.810714 -0.121996 0.572590
vn -0.855603 -0.159005 0.492606
vn -0.796481 0.048092 0.602749
vn -0.840985 0.030298 0.540210
vn -0.739783 0.049601 0.671015
vn -0.600896 0.040111 0.798320
vn -0.848759 0.119601 0.515077
vn -0.842971 0.032202 0.536995
vn -0.840985 0.030298 0.540210
vn -0.796481 0.048092 0.602749
vn -0.736112 0.190689 0.649444
vn -0.796481 0.048092 0.602749
vn -0.600896 0.040111 0.798320
vn -0.436055 0.150815 0.887192
vn -0.793969 0.272413 0.543512
vn -0.848759 0.119601 0.515077
vn -0.796481 0.048092 0.602749
vn -0.736112 0.190689 0.649444
vn -0.840985 0.030298 0.540210
vn -0.751678 0.159701 0.639903
vn -0.714272 0.160197 0.681287
vn -0.739783 0.049601 0.671015
vn -0.842971 0.032202 0.536995
vn -0.687503 0.196801 0.699005
vn -0.751678 0.159701 0.639903
vn -0.840985 0.030298 0.540210
vn -0.924273 0.013542 0.381491
vn -0.952269 0.037097 0.302999
vn -0.967557 0.072597 0.241998
vn -0.949090 0.002803 0.314993
vn -0.884498 -0.007892 0.466478
vn -0.924273 0.013542 0.381491
vn -0.949090 0.002803 0.314993
vn -0.933872 -0.035671 0.355825
vn -0.946905 0.004025 0.321487
vn -0.954956 0.107303 0.276668
vn -0.952269 0.037097 0.302999
vn -0.924273 0.013542 0.381491
vn -0.914050 -0.047406 0.402821
vn -0.946905 0.004025 0.321487
vn -0.924273 0.013542 0.381491
vn -0.884498 -0.007892 0.466478
vn -0.949090 0.002803 0.314993
vn -0.967557 0.072597 0.241998
vn -0.990404 -0.021597 0.136508
vn -0.978432 -0.085396 0.188093
vn -0.933872 -0.035671 0.355825
vn -0.949090 0.002803 0.314993
vn -0.978432 -0.085396 0.188093
vn -0.956873 0.036534 0.288199
vn 0.916394 0.192246 0.351088
vn 0.914641 0.134907 0.381092
vn 0.946844 0.172425 0.271582
vn 0.934179 0.219500 0.281301
vn 0.956658 0.098205 0.274156
vn 0.946844 0.172425 0.271582
vn 0.914641 0.134907 0.381092
vn 0.914303 0.028590 0.404020
vn 0.980661 0.122883 0.152331
vn 0.966715 0.179196 0.182623
vn 0.946844 0.172425 0.271582
vn 0.956658 0.098205 0.274156
vn 0.966715 0.179196 0.182623
vn 0.955471 0.205987 0.211293
vn 0.934179 0.219500 0.281301
vn 0.946844 0.172425 0.271582
vn 0.916394 0.192246 0.351088
vn 0.934179 0.219500 0.281301
vn 0.946005 0.182914 0.267613
vn 0.940503 0.142902 0.308276
vn 0.955471 0.205987 0.211293
vn 0.959511 0.174998 0.220713
vn 0.946005 0.182914 0.267613
vn 0.934179 0.219500 0.281301
vn 0.916105 0.198039 0.348614
vn 0.916824 0.139067 0.374291
vn 0.947587 0.174106 0.267891
vn 0.933164 0.218806 0.285181
vn 0.933164 0.218806 0.285181
vn 0.947587 0.174106 0.267891
vn 0.967174 0.173484 0.185684
vn 0.954179 0.202716 0.220112
vn 0.916824 0.139067 0.374291
vn 0.915223 0.015881 0.402635
vn 0.957618 0.093892 0.272309
vn 0.947587 0.174106 0.267891
vn 0.947587 0.174106 0.267891
vn 0.957618 0.093892 0.272309
vn 0.980720 0.121916 0.152726
vn 0.967174 0.173484 0.185684
vn 0.916105 0.198039 0.348614
vn 0.933164 0.218806 0.285181
vn 0.943318 0.188911 0.272879
vn 0.939684 0.146024 0.309307
vn 0.954179 0.202716 0.220112
vn 0.955378 0.191488 0.224910
vn 0.943318 0.188911 0.272879
vn 0.933164 0.218806 0.285181
vn 0.558305 0.065414 0.827053
vn 0.689071 -0.130793 0.712794
vn 0.728364 -0.037312 0.684173
vn 0.622127 0.091399 0.777563
vn 0.622127 0.091399 0.777563
vn 0.728364 -0.037312 0.684173
vn 0.760704 0.010799 0.649009
vn 0.659108 0.045320 0.750682
vn 0.689071 -0.130793 0.712794
vn 0.707300 -0.264487 0.655571
vn 0.757605 -0.116532 0.642227
vn 0.728364 -0.037312 0.684173
vn 0.728364 -0.037312 0.684173
vn 0.757605 -0.116532 0.642227
vn 0.797248 -0.017370 0.603402
vn 0.760704 0.010799 0.649009
vn 0.558305 0.065414 0.827053
vn 0.622127 0.091399 0.777563
vn 0.530396 0.135805 0.836802
vn 0.390740 0.177121 0.903300
vn 0.659108 0.045320 0.750682
vn 0.607069 -0.008513 0.794604
vn 0.530396 0.135805 0.836802
vn 0.622127 0.091399 0.777563
vn 0.907220 0.080211 0.412938
vn 0.822906 0.038197 0.566893
vn 0.879562 -0.047893 0.473368
vn 0.940674 0.001393 0.339310
vn 0.843994 0.196687 0.498988
vn 0.907220 0.080211 0.412938
vn 0.946178 0.094605 0.309510
vn 0.896288 0.160500 0.413411
vn 0.940674 0.001393 0.339310
vn 0.933013 0.060110 0.354788
vn 0.964240 0.130208 0.230840
vn 0.980566 0.038292 0.192414
vn 0.933013 0.060110 0.354788
vn 0.940674 0.001393 0.339310
vn 0.879562 -0.047893 0.473368
vn 0.889577 -0.026503 0.456016
vn 0.907220 0.080211 0.412938
vn 0.843994 0.196687 0.498988
vn 0.782283 0.142994 0.606289
vn 0.822906 0.038197 0.566893
vn 0.907220 0.080211 0.412938
vn 0.940674 0.001393 0.339310
vn 0.980566 0.038292 0.192414
vn 0.946178 0.094605 0.309510
vn 0.932767 0.091496 0.348674
vn 0.890499 -0.010012 0.454875
vn 0.900790 0.099502 0.422702
vn 0.964560 0.135582 0.226367
vn 0.975029 0.155669 0.158384
vn 0.932767 0.091496 0.348674
vn 0.964560 0.135582 0.226367
vn 0.967116 0.180593 0.179091
vn 0.957742 0.045063 0.284078
vn 0.956032 -0.148431 0.252924
vn 0.890499 -0.010012 0.454875
vn 0.932767 0.091496 0.348674
vn 0.977192 0.131469 0.166767
vn 0.957742 0.045063 0.284078
vn 0.932767 0.091496 0.348674
vn 0.975029 0.155669 0.158384
vn 0.964560 0.135582 0.226367
vn 0.900790 0.099502 0.422702
vn 0.933098 0.102822 0.344609
vn 0.945617 0.137101 0.294977
vn 0.967116 0.180593 0.179091
vn 0.964560 0.135582 0.226367
vn 0.945617 0.137101 0.294977
vn 0.839017 0.256283 0.479969
vn 0.936900 0.187593 0.295005
vn 0.993637 0.090899 0.066500
vn 0.993138 0.088210 0.076787
vn 0.958841 0.078009 0.273019
vn 0.993637 0.090899 0.066500
vn 0.989698 0.138823 -0.035021
vn 0.986668 0.014381 -0.162110
vn 0.993138 0.088210 0.076787
vn 0.958841 0.078009 0.273019
vn 0.993138 0.088210 0.076787
vn 0.975316 0.181812 0.125310
vn 0.838815 0.305107 0.450887
vn 0.993138 0.088210 0.076787
vn 0.986668 0.014381 -0.162110
vn 0.989891 0.103191 -0.097299
vn 0.975316 0.181812 0.125310
vn 0.891092 0.293068 0.346506
vn 0.915281 0.300479 0.268278
vn 0.993637 0.090899 0.066500
vn 0.936900 0.187593 0.295005
vn 0.989698 0.138823 -0.035021
vn 0.993637 0.090899 0.066500
vn 0.915281 0.300479 0.268278
vn 0.911894 0.360390 0.196390
vn 0.937904 0.000671 0.346894
vn 0.955732 -0.032687 0.292417
vn 0.985628 0.047821 0.162018
vn 0.961480 0.145195 0.233398
vn 0.986980 0.004880 0.160768
vn 0.985628 0.047821 0.162018
vn 0.955732 -0.032687 0.292417
vn 0.963614 -0.019296 0.266602
vn 0.950990 0.180199 0.251289
vn 0.961480 0.145195 0.233398
vn 0.988175 0.109994 0.106823
vn 0.981808 -0.061893 0.179507
vn 0.985628 0.047821 0.162018
vn 0.986980 0.004880 0.160768
vn 0.994494 0.104710 -0.004285
vn 0.990475 0.136085 0.020988
vn 0.961480 0.145195 0.233398
vn 0.950990 0.180199 0.251289
vn 0.924411 0.083281 0.372195
vn 0.937904 0.000671 0.346894
vn 0.961480 0.145195 0.233398
vn 0.985628 0.047821 0.162018
vn 0.990475 0.136085 0.020988
vn 0.988175 0.109994 0.106823
vn 0.709347 -0.058310 0.702444
vn 0.816158 -0.138972 0.560868
vn 0.848992 -0.178661 0.497286
vn 0.764225 0.013274 0.644813
vn 0.764225 0.013274 0.644813
vn 0.848992 -0.178661 0.497286
vn 0.871584 -0.081694 0.483391
vn 0.790726 0.025899 0.611622
vn 0.816158 -0.138972 0.560868
vn 0.817502 0.102108 0.566802
vn 0.860798 -0.198653 0.468576
vn 0.848992 -0.178661 0.497286
vn 0.848992 -0.178661 0.497286
vn 0.860798 -0.198653 0.468576
vn 0.901080 -0.176789 0.395979
vn 0.871584 -0.081694 0.483391
vn 0.709347 -0.058310 0.702444
vn 0.764225 0.013274 0.644813
vn 0.683277 0.089193 0.724691
vn 0.506014 0.126606 0.853183
vn 0.790726 0.025899 0.611622
vn 0.742916 -0.003801 0.669374
vn 0.683277 0.089193 0.724691
vn 0.764225 0.013274 0.644813
vn 0.744404 -0.053014 0.665622
vn 0.796282 -0.236710 0.556689
vn 0.858922 -0.085009 0.505001
vn 0.786570 0.004402 0.617485
vn 0.786570 0.004402 0.617485
vn 0.858922 -0.085009 0.505001
vn 0.899565 -0.037563 0.435168
vn 0.836256 -0.071810 0.543616
vn 0.626138 0.350023 0.696732
vn 0.675649 0.154774 0.720793
vn 0.762420 0.158706 0.627318
vn 0.721276 0.354311 0.595168
vn 0.721276 0.354311 0.595168
vn 0.762420 0.158706 0.627318
vn 0.831728 0.133015 0.539014
vn 0.797585 0.372034 0.474813
vn 0.988681 0.026218 0.147723
vn 0.999653 -0.000364 0.026322
vn 0.995772 0.083398 -0.038497
vn 0.992706 -0.030994 0.116510
vn 0.980564 -0.013779 0.195714
vn 0.997077 -0.074986 -0.014679
vn 0.999653 -0.000364 0.026322
vn 0.988681 0.026218 0.147723
vn 0.859313 -0.121106 0.496904
vn 0.897524 -0.223012 0.380415
vn 0.954468 -0.145207 0.260586
vn 0.918001 -0.034286 0.395093
vn 0.918001 -0.034286 0.395093
vn 0.954468 -0.145207 0.260586
vn 0.990016 -0.022786 0.139104
vn 0.959887 -0.040901 0.277388
vn 0.932558 -0.188211 0.308079
vn 0.934517 -0.315420 0.164892
vn 0.979188 -0.147712 0.139182
vn 0.944355 -0.063676 0.322706
vn 0.944355 -0.063676 0.322706
vn 0.979188 -0.147712 0.139182
vn 0.996239 0.007980 0.086280
vn 0.970393 -0.002575 0.241520
vn 0.772803 -0.192990 0.604592
vn 0.847623 -0.183399 0.497895
vn 0.885904 -0.204392 0.416411
vn 0.841350 -0.137297 0.522762
vn 0.841350 -0.137297 0.522762
vn 0.885904 -0.204392 0.416411
vn 0.919303 -0.115278 0.376289
vn 0.879412 -0.115610 0.461810
vn 0.115395 -0.916608 0.382772
vn 0.020497 -0.902638 0.429913
vn 0.087598 -0.921594 0.378143
vn 0.126511 -0.919043 0.373304
vn 0.156492 -0.902607 0.401012
vn 0.115395 -0.916608 0.382772
vn 0.126511 -0.919043 0.373304
vn 0.147797 -0.912935 0.380403
vn 0.112408 -0.903394 0.413816
vn -0.026016 -0.886636 0.461736
vn 0.020497 -0.902638 0.429913
vn 0.115395 -0.916608 0.382772
vn 0.175381 -0.886689 0.427812
vn 0.112408 -0.903394 0.413816
vn 0.115395 -0.916608 0.382772
vn 0.156492 -0.902607 0.401012
vn 0.126511 -0.919043 0.373304
vn 0.087598 -0.921594 0.378143
vn 0.091498 -0.919115 0.383217
vn 0.089003 -0.897976 0.430949
vn 0.147797 -0.912935 0.380403
vn 0.126511 -0.919043 0.373304
vn 0.089003 -0.897976 0.430949
vn 0.058197 -0.858488 0.509520
vn 0.118089 -0.919758 0.374300
vn 0.268087 -0.873869 0.405563
vn 0.273702 -0.940705 0.200403
vn 0.182311 -0.959214 0.216036
vn 0.055015 -0.979565 0.193456
vn -0.034600 -0.940826 0.337119
vn 0.118089 -0.919758 0.374300
vn 0.182311 -0.959214 0.216036
vn 0.180110 -0.965616 0.187474
vn 0.182311 -0.959214 0.216036
vn 0.273702 -0.940705 0.200403
vn 0.245685 -0.957263 0.152600
vn 0.084897 -0.975087 0.204936
vn 0.055015 -0.979565 0.193456
vn 0.182311 -0.959214 0.216036
vn 0.180110 -0.965616 0.187474
vn 0.118089 -0.919758 0.374300
vn 0.008995 -0.871487 0.490336
vn 0.188069 -0.798395 0.572011
vn 0.268087 -0.873869 0.405563
vn -0.034600 -0.940826 0.337119
vn -0.065103 -0.875791 0.478280
vn 0.008995 -0.871487 0.490336
vn 0.118089 -0.919758 0.374300
vn 0.591872 -0.742484 0.313695
vn 0.522314 -0.830904 0.191800
vn 0.639968 -0.755578 0.139796
vn 0.701632 -0.647825 0.296709
vn 0.473778 -0.813010 0.338450
vn 0.356800 -0.913594 0.195036
vn 0.522314 -0.830904 0.191800
vn 0.591872 -0.742484 0.313695
vn 0.586238 -0.713104 0.384459
vn 0.591872 -0.742484 0.313695
vn 0.701632 -0.647825 0.296709
vn 0.736983 -0.556292 0.383920
vn 0.496586 -0.759706 0.419820
vn 0.473778 -0.813010 0.338450
vn 0.591872 -0.742484 0.313695
vn 0.586238 -0.713104 0.384459
vn 0.522314 -0.830904 0.191800
vn 0.569100 -0.802723 0.178217
vn 0.648890 -0.755300 0.091995
vn 0.639968 -0.755578 0.139796
vn 0.356800 -0.913594 0.195036
vn 0.423374 -0.867269 0.261915
vn 0.569100 -0.802723 0.178217
vn 0.522314 -0.830904 0.191800
vn 0.438687 -0.843102 0.311020
vn 0.585827 -0.713695 0.383987
vn 0.698482 -0.503528 0.508510
vn 0.567140 -0.619100 0.543201
vn 0.316071 -0.743615 0.589182
vn 0.274893 -0.891981 0.358892
vn 0.438687 -0.843102 0.311020
vn 0.567140 -0.619100 0.543201
vn 0.601302 -0.408687 0.686594
vn 0.567140 -0.619100 0.543201
vn 0.698482 -0.503528 0.508510
vn 0.679708 -0.442399 0.585047
vn 0.405096 -0.522771 0.750072
vn 0.316071 -0.743615 0.589182
vn 0.567140 -0.619100 0.543201
vn 0.601302 -0.408687 0.686594
vn 0.438687 -0.843102 0.311020
vn 0.375104 -0.903599 0.206894
vn 0.508590 -0.848385 0.146900
vn 0.585827 -0.713695 0.383987
vn 0.274893 -0.891981 0.358892
vn 0.368596 -0.868706 0.330887
vn 0.375104 -0.903599 0.206894
vn 0.438687 -0.843102 0.311020
vn 0.178786 -0.761065 0.623551
vn 0.200001 -0.884841 0.420780
vn 0.291102 -0.876287 0.383902
vn 0.303801 -0.747045 0.591294
vn 0.080116 -0.749323 0.657341
vn 0.117686 -0.880269 0.459648
vn 0.200001 -0.884841 0.420780
vn 0.178786 -0.761065 0.623551
vn 0.148394 -0.672451 0.725113
vn 0.178786 -0.761065 0.623551
vn 0.303801 -0.747045 0.591294
vn 0.283897 -0.677208 0.678817
vn 0.039693 -0.640283 0.767112
vn 0.080116 -0.749323 0.657341
vn 0.178786 -0.761065 0.623551
vn 0.148394 -0.672451 0.725113
vn 0.200001 -0.884841 0.420780
vn 0.253012 -0.891312 0.376229
vn 0.312595 -0.897295 0.311683
vn 0.291102 -0.876287 0.383902
vn 0.117686 -0.880269 0.459648
vn 0.173504 -0.885513 0.431003
vn 0.253012 -0.891312 0.376229
vn 0.200001 -0.884841 0.420780
vn 0.624710 -0.640528 0.446611
vn 0.736239 -0.536703 0.412193
vn 0.724706 -0.636641 0.263609
vn 0.659273 -0.687705 0.304007
vn 0.551000 -0.771502 0.318095
vn 0.476977 -0.747390 0.462495
vn 0.624710 -0.640528 0.446611
vn 0.659273 -0.687705 0.304007
vn 0.665209 -0.678437 0.311802
vn 0.659273 -0.687705 0.304007
vn 0.724706 -0.636641 0.263609
vn 0.754299 -0.596703 0.273821
vn 0.598398 -0.718148 0.355224
vn 0.551000 -0.771502 0.318095
vn 0.659273 -0.687705 0.304007
vn 0.665209 -0.678437 0.311802
vn 0.624710 -0.640528 0.446611
vn 0.543861 -0.588262 0.598467
vn 0.694424 -0.421390 0.583271
vn 0.736239 -0.536703 0.412193
vn 0.476977 -0.747390 0.462495
vn 0.474486 -0.628832 0.615982
vn 0.543861 -0.588262 0.598467
vn 0.624710 -0.640528 0.446611
vn 0.674471 -0.703119 0.225196
vn 0.639485 -0.753197 0.154122
vn 0.598741 -0.739020 0.308802
vn 0.641059 -0.712700 0.284783
vn 0.698202 -0.654293 0.290542
vn 0.674471 -0.703119 0.225196
vn 0.641059 -0.712700 0.284783
vn 0.681053 -0.682973 0.264036
vn 0.757982 -0.640770 0.121973
vn 0.670528 -0.721935 0.170885
vn 0.639485 -0.753197 0.154122
vn 0.674471 -0.703119 0.225196
vn 0.769039 -0.594117 0.235804
vn 0.757982 -0.640770 0.121973
vn 0.674471 -0.703119 0.225196
vn 0.698202 -0.654293 0.290542
vn 0.641059 -0.712700 0.284783
vn 0.598741 -0.739020 0.308802
vn 0.601303 -0.692789 0.398093
vn 0.656367 -0.684008 0.318301
vn 0.681053 -0.682973 0.264036
vn 0.641059 -0.712700 0.284783
vn 0.656367 -0.684008 0.318301
vn 0.626789 -0.627564 0.461843
vn 0.402517 -0.803223 0.439104
vn 0.519530 -0.726217 0.450219
vn 0.514370 -0.815467 0.265401
vn 0.418801 -0.862722 0.283401
vn 0.308904 -0.902606 0.299800
vn 0.266001 -0.883392 0.385827
vn 0.402517 -0.803223 0.439104
vn 0.418801 -0.862722 0.283401
vn 0.418801 -0.862722 0.283401
vn 0.429205 -0.855416 0.289909
vn 0.326701 -0.896492 0.299281
vn 0.308904 -0.902606 0.299800
vn 0.514370 -0.815467 0.265401
vn 0.544904 -0.792841 0.272914
vn 0.429205 -0.855416 0.289909
vn 0.418801 -0.862722 0.283401
vn 0.402517 -0.803223 0.439104
vn 0.318103 -0.788490 0.526397
vn 0.466518 -0.630237 0.620614
vn 0.519530 -0.726217 0.450219
vn 0.266001 -0.883392 0.385827
vn 0.182385 -0.894099 0.409051
vn 0.318103 -0.788490 0.526397
vn 0.402517 -0.803223 0.439104
vn 0.367426 -0.861811 0.349686
vn 0.241222 -0.880732 0.407583
vn 0.260203 -0.826717 0.498831
vn 0.407394 -0.834404 0.371215
vn 0.491913 -0.825002 0.278196
vn 0.367426 -0.861811 0.349686
vn 0.407394 -0.834404 0.371215
vn 0.510658 -0.806448 0.298112
vn 0.380910 -0.860816 0.337495
vn 0.218217 -0.872910 0.436360
vn 0.241222 -0.880732 0.407583
vn 0.367426 -0.861811 0.349686
vn 0.489766 -0.821463 0.292111
vn 0.380910 -0.860816 0.337495
vn 0.367426 -0.861811 0.349686
vn 0.491913 -0.825002 0.278196
vn 0.407394 -0.834404 0.371215
vn 0.260203 -0.826717 0.498831
vn 0.302103 -0.786814 0.538198
vn 0.436305 -0.807526 0.396912
vn 0.510658 -0.806448 0.298112
vn 0.407394 -0.834404 0.371215
vn 0.436305 -0.807526 0.396912
vn 0.458289 -0.729265 0.508079
vn 0.535378 -0.793303 0.289897
vn 0.544527 -0.798304 0.257298
vn 0.594164 -0.764282 0.250683
vn 0.649994 -0.712581 0.264076
vn 0.466496 -0.821411 0.328125
vn 0.575525 -0.756586 0.310400
vn 0.544527 -0.798304 0.257298
vn 0.535378 -0.793303 0.289897
vn 0.535378 -0.793303 0.289897
vn 0.652273 -0.637983 0.409290
vn 0.528677 -0.736486 0.422005
vn 0.466496 -0.821411 0.328125
vn 0.649994 -0.712581 0.264076
vn 0.748224 -0.540030 0.385393
vn 0.652273 -0.637983 0.409290
vn 0.535378 -0.793303 0.289897
vn 0.544527 -0.798304 0.257298
vn 0.583076 -0.741578 0.331789
vn 0.609284 -0.713194 0.346593
vn 0.594164 -0.764282 0.250683
vn 0.575525 -0.756586 0.310400
vn 0.578323 -0.745464 0.331400
vn 0.583076 -0.741578 0.331789
vn 0.544527 -0.798304 0.257298
vn 0.595499 -0.748094 0.292808
vn 0.559040 -0.768804 0.310507
vn 0.557269 -0.745020 0.366601
vn 0.617198 -0.729696 0.294297
vn 0.646264 -0.739902 0.186785
vn 0.595499 -0.748094 0.292808
vn 0.617198 -0.729696 0.294297
vn 0.663374 -0.708761 0.239987
vn 0.584018 -0.739010 0.335839
vn 0.581420 -0.757695 0.296393
vn 0.559040 -0.768804 0.310507
vn 0.595499 -0.748094 0.292808
vn 0.619592 -0.739619 0.262811
vn 0.584018 -0.739010 0.335839
vn 0.595499 -0.748094 0.292808
vn 0.646264 -0.739902 0.186785
vn 0.617198 -0.729696 0.294297
vn 0.557269 -0.745020 0.366601
vn 0.577271 -0.711373 0.400883
vn 0.631666 -0.696002 0.341438
vn 0.663374 -0.708761 0.239987
vn 0.617198 -0.729696 0.294297
vn 0.631666 -0.696002 0.341438
vn 0.617916 -0.608692 0.497668
vn 0.357147 -0.743326 0.565608
vn 0.465618 -0.672012 0.575847
vn 0.502776 -0.770420 0.392007
vn 0.423179 -0.812686 0.400576
vn 0.298199 -0.870789 0.390901
vn 0.228497 -0.817280 0.529001
vn 0.357147 -0.743326 0.565608
vn 0.423179 -0.812686 0.400576
vn 0.423179 -0.812686 0.400576
vn 0.434313 -0.807320 0.399508
vn 0.339095 -0.844864 0.413787
vn 0.298199 -0.870789 0.390901
vn 0.502776 -0.770420 0.392007
vn 0.534189 -0.753685 0.382886
vn 0.434313 -0.807320 0.399508
vn 0.423179 -0.812686 0.400576
vn 0.357147 -0.743326 0.565608
vn 0.263994 -0.682134 0.681910
vn 0.394497 -0.554681 0.732599
vn 0.465618 -0.672012 0.575847
vn 0.228497 -0.817280 0.529001
vn 0.205880 -0.721497 0.661102
vn 0.263994 -0.682134 0.681910
vn 0.357147 -0.743326 0.565608
vn 0.455189 -0.777288 0.434312
vn 0.384666 -0.833121 0.397418
vn 0.371805 -0.716932 0.589719
vn 0.442876 -0.687183 0.575882
vn 0.520801 -0.722954 0.453988
vn 0.455189 -0.777288 0.434312
vn 0.442876 -0.687183 0.575882
vn 0.531854 -0.701041 0.475052
vn 0.534412 -0.795719 0.285018
vn 0.444316 -0.883520 0.148240
vn 0.384666 -0.833121 0.397418
vn 0.455189 -0.777288 0.434312
vn 0.577947 -0.711313 0.400014
vn 0.534412 -0.795719 0.285018
vn 0.455189 -0.777288 0.434312
vn 0.520801 -0.722954 0.453988
vn 0.442876 -0.687183 0.575882
vn 0.371805 -0.716932 0.589719
vn 0.374192 -0.620701 0.688993
vn 0.447891 -0.593178 0.668980
vn 0.531854 -0.701041 0.475052
vn 0.442876 -0.687183 0.575882
vn 0.447891 -0.593178 0.668980
vn 0.524931 -0.558730 0.642081
vn 0.650957 -0.701578 0.289901
vn 0.632759 -0.625989 0.455801
vn 0.759515 -0.427811 0.490016
vn 0.773893 -0.594097 0.219402
vn 0.570390 -0.728072 0.380219
vn 0.577797 -0.633997 0.514001
vn 0.632759 -0.625989 0.455801
vn 0.650957 -0.701578 0.289901
vn 0.643729 -0.718501 0.263380
vn 0.650957 -0.701578 0.289901
vn 0.773893 -0.594097 0.219402
vn 0.579948 -0.812635 0.057308
vn 0.555280 -0.685574 0.470799
vn 0.570390 -0.728072 0.380219
vn 0.650957 -0.701578 0.289901
vn 0.643729 -0.718501 0.263380
vn 0.632759 -0.625989 0.455801
vn 0.611518 -0.426706 0.666309
vn 0.684288 -0.327394 0.651585
vn 0.759515 -0.427811 0.490016
vn 0.577797 -0.633997 0.514001
vn 0.563629 -0.423108 0.709438
vn 0.611518 -0.426706 0.666309
vn 0.632759 -0.625989 0.455801
vn 0.480386 0.017793 0.876877
vn 0.541366 0.018086 0.840592
vn 0.550197 -0.027505 0.834582
vn 0.506206 -0.001876 0.862410
vn 0.506206 -0.001876 0.862410
vn 0.550197 -0.027505 0.834582
vn 0.578310 -0.068996 0.812894
vn 0.551009 -0.033627 0.833822
vn 0.480386 0.017793 0.876877
vn 0.506206 -0.001876 0.862410
vn 0.519899 0.020072 0.853992
vn 0.491611 0.014689 0.870691
vn 0.551009 -0.033627 0.833822
vn 0.535120 0.000606 0.844776
vn 0.519899 0.020072 0.853992
vn 0.506206 -0.001876 0.862410
vn 0.521570 0.019890 0.852977
vn 0.477106 -0.026217 0.878455
vn 0.508873 -0.027811 0.860392
vn 0.521529 -0.014090 0.853117
vn 0.477106 -0.026217 0.878455
vn 0.345954 -0.042112 0.937306
vn 0.439769 -0.028599 0.897656
vn 0.508873 -0.027811 0.860392
vn 0.521570 0.019890 0.852977
vn 0.521352 0.129893 0.843398
vn 0.401920 -0.006687 0.915650
vn 0.477106 -0.026217 0.878455
vn 0.345954 -0.042112 0.937306
vn 0.477106 -0.026217 0.878455
vn 0.401920 -0.006687 0.915650
vn 0.176166 -0.056087 0.982761
vn 0.395597 -0.081595 0.914793
vn 0.439800 -0.065398 0.895711
vn 0.470557 -0.088616 0.877908
vn 0.421586 -0.057112 0.904988
vn 0.421586 -0.057112 0.904988
vn 0.470557 -0.088616 0.877908
vn 0.522282 -0.079903 0.849021
vn 0.485998 -0.037505 0.873155
vn 0.395597 -0.081595 0.914793
vn 0.421586 -0.057112 0.904988
vn 0.429900 -0.020819 0.902636
vn 0.455400 -0.063606 0.888012
vn 0.485998 -0.037505 0.873155
vn 0.438811 -0.034111 0.897932
vn 0.429900 -0.020819 0.902636
vn 0.421586 -0.057112 0.904988
vn 0.600932 -0.074382 0.795832
vn 0.483921 -0.077887 0.871639
vn 0.499072 -0.100971 0.860658
vn 0.631413 -0.142631 0.762216
vn 0.483921 -0.077887 0.871639
vn 0.354096 -0.067186 0.932793
vn 0.379777 -0.081672 0.921466
vn 0.499072 -0.100971 0.860658
vn 0.600932 -0.074382 0.795832
vn 0.621626 0.018389 0.783098
vn 0.451003 -0.038091 0.891709
vn 0.483921 -0.077887 0.871639
vn 0.354096 -0.067186 0.932793
vn 0.483921 -0.077887 0.871639
vn 0.451003 -0.038091 0.891709
vn 0.274882 -0.006402 0.961457
vn 0.538322 -0.058208 0.840727
vn 0.478995 -0.123397 0.869101
vn 0.426822 -0.064306 0.902046
vn 0.502752 -0.024015 0.864097
vn 0.478995 -0.123397 0.869101
vn 0.387397 -0.154481 0.908878
vn 0.379483 -0.116894 0.917784
vn 0.426822 -0.064306 0.902046
vn 0.538322 -0.058208 0.840727
vn 0.592198 -0.040404 0.804779
vn 0.454907 -0.132695 0.880597
vn 0.478995 -0.123397 0.869101
vn 0.387397 -0.154481 0.908878
vn 0.478995 -0.123397 0.869101
vn 0.454907 -0.132695 0.880597
vn 0.245592 -0.124670 0.961323
vn 0.503306 -0.002695 0.864104
vn 0.476137 0.145813 0.867198
vn 0.573594 0.102584 0.812691
vn 0.554422 0.001798 0.832234
vn 0.554422 0.001798 0.832234
vn 0.573594 0.102584 0.812691
vn 0.649796 0.111994 0.751813
vn 0.626016 0.057905 0.777658
vn 0.503306 -0.002695 0.864104
vn 0.554422 0.001798 0.832234
vn 0.559216 0.021993 0.828730
vn 0.563355 -0.028920 0.825709
vn 0.626016 0.057905 0.777658
vn 0.588009 0.040108 0.807859
vn 0.559216 0.021993 0.828730
vn 0.554422 0.001798 0.832234
vn 0.557797 0.042705 0.828878
vn 0.518088 -0.016208 0.855174
vn 0.561441 0.001307 0.827516
vn 0.583166 0.009392 0.812299
vn 0.518088 -0.016208 0.855174
vn 0.390446 -0.054100 0.919035
vn 0.483589 -0.006497 0.875271
vn 0.561441 0.001307 0.827516
vn 0.557797 0.042705 0.828878
vn 0.526615 0.177401 0.831388
vn 0.449942 -0.012174 0.892975
vn 0.518088 -0.016208 0.855174
vn 0.390446 -0.054100 0.919035
vn 0.518088 -0.016208 0.855174
vn 0.449942 -0.012174 0.892975
vn 0.251898 -0.117200 0.960631
vn 0.427497 0.027395 0.903602
vn 0.476697 0.097699 0.873622
vn 0.513197 0.055104 0.856500
vn 0.455080 0.055883 0.888695
vn 0.455080 0.055883 0.888695
vn 0.513197 0.055104 0.856500
vn 0.562590 0.079800 0.822875
vn 0.516673 0.113194 0.848667
vn 0.427497 0.027395 0.903602
vn 0.455080 0.055883 0.888695
vn 0.445567 0.096985 0.889980
vn 0.450905 0.055802 0.890826
vn 0.516673 0.113194 0.848667
vn 0.473498 0.091991 0.875978
vn 0.445567 0.096985 0.889980
vn 0.455080 0.055883 0.888695
vn 0.922392 0.013816 0.386007
vn 0.913793 -0.040119 0.404194
vn 0.925126 -0.008720 0.379559
vn 0.928588 0.007253 0.371041
vn 0.913793 -0.040119 0.404194
vn 0.882596 -0.109962 0.457091
vn 0.897766 -0.054304 0.437113
vn 0.925126 -0.008720 0.379559
vn 0.922392 0.013816 0.386007
vn 0.909075 0.049761 0.413650
vn 0.909582 -0.058615 0.411370
vn 0.913793 -0.040119 0.404194
vn 0.882596 -0.109962 0.457091
vn 0.913793 -0.040119 0.404194
vn 0.909582 -0.058615 0.411370
vn 0.893676 -0.136108 0.427573
vn 0.975863 -0.063984 0.208802
vn 0.967044 -0.136512 0.214919
vn 0.977678 -0.108361 0.180008
vn 0.976322 -0.101909 0.190816
vn 0.967044 -0.136512 0.214919
vn 0.917130 -0.246105 0.313537
vn 0.955107 -0.161597 0.248309
vn 0.977678 -0.108361 0.180008
vn 0.975863 -0.063984 0.208802
vn 0.957206 0.043392 0.286135
vn 0.943607 -0.169591 0.284331
vn 0.967044 -0.136512 0.214919
vn 0.917130 -0.246105 0.313537
vn 0.967044 -0.136512 0.214919
vn 0.943607 -0.169591 0.284331
vn 0.851412 -0.351592 0.389206
vn 0.991215 -0.067888 0.113510
vn 0.981719 -0.142313 0.126392
vn 0.989016 -0.106094 0.102917
vn 0.994830 -0.072489 0.071129
vn 0.981719 -0.142313 0.126392
vn 0.947711 -0.232778 0.218310
vn 0.973868 -0.155024 0.165981
vn 0.989016 -0.106094 0.102917
vn 0.991215 -0.067888 0.113510
vn 0.981293 0.031678 0.189895
vn 0.966834 -0.171015 0.189701
vn 0.981719 -0.142313 0.126392
vn 0.947711 -0.232778 0.218310
vn 0.981719 -0.142313 0.126392
vn 0.966834 -0.171015 0.189701
vn 0.879780 -0.351380 0.320187
vn 0.822618 -0.027619 0.567924
vn 0.858270 -0.025286 0.512575
vn 0.874742 0.012610 0.484424
vn 0.814952 0.032496 0.578616
vn 0.814952 0.032496 0.578616
vn 0.874742 0.012610 0.484424
vn 0.868584 0.102222 0.484884
vn 0.822914 0.119324 0.555494
vn 0.822618 -0.027619 0.567924
vn 0.814952 0.032496 0.578616
vn 0.788390 0.049308 0.613197
vn 0.803137 0.054304 0.593314
vn 0.822914 0.119324 0.555494
vn 0.821281 -0.005216 0.570500
vn 0.788390 0.049308 0.613197
vn 0.814952 0.032496 0.578616
vn 0.819508 0.080523 0.567383
vn 0.880332 0.038300 0.472809
vn 0.869888 0.126808 0.476670
vn 0.808909 0.144920 0.569793
vn 0.808909 0.144920 0.569793
vn 0.869888 0.126808 0.476670
vn 0.865706 0.185316 0.464985
vn 0.830421 0.147600 0.537229
vn 0.819508 0.080523 0.567383
vn 0.808909 0.144920 0.569793
vn 0.766106 0.097900 0.635214
vn 0.715330 0.099519 0.691664
vn 0.830421 0.147600 0.537229
vn 0.826528 -0.014090 0.562720
vn 0.766106 0.097900 0.635214
vn 0.808909 0.144920 0.569793
vn 0.736185 -0.015522 0.676602
vn 0.762199 0.029287 0.646680
vn 0.772201 0.072791 0.631195
vn 0.738996 0.020977 0.673384
vn 0.738996 0.020977 0.673384
vn 0.772201 0.072791 0.631195
vn 0.781531 0.116418 0.612908
vn 0.739010 0.064409 0.670608
vn 0.736185 -0.015522 0.676602
vn 0.738996 0.020977 0.673384
vn 0.676524 0.000710 0.736420
vn 0.667063 -0.057611 0.742770
vn 0.739010 0.064409 0.670608
vn 0.681106 0.032687 0.731455
vn 0.676524 0.000710 0.736420
vn 0.738996 0.020977 0.673384
vn 0.633927 -0.039396 0.772389
vn 0.670788 -0.004794 0.741633
vn 0.688708 0.034699 0.724208
vn 0.634319 0.036098 0.772228
vn 0.634319 0.036098 0.772228
vn 0.688708 0.034699 0.724208
vn 0.664305 0.122896 0.737289
vn 0.630406 0.128909 0.765487
vn 0.633927 -0.039396 0.772389
vn 0.634319 0.036098 0.772228
vn 0.610600 0.025601 0.791525
vn 0.551775 -0.061803 0.831700
vn 0.630406 0.128909 0.765487
vn 0.676670 0.017138 0.736087
vn 0.610600 0.025601 0.791525
vn 0.634319 0.036098 0.772228
vn 0.665713 -0.136005 0.733709
vn 0.707390 -0.151306 0.690439
vn 0.727332 -0.096501 0.679468
vn 0.670686 -0.063711 0.739000
vn 0.670686 -0.063711 0.739000
vn 0.727332 -0.096501 0.679468
vn 0.724415 0.004493 0.689349
vn 0.684380 0.045209 0.727723
vn 0.665713 -0.136005 0.733709
vn 0.670686 -0.063711 0.739000
vn 0.645481 -0.016803 0.763591
vn 0.632832 -0.080312 0.770113
vn 0.684380 0.045209 0.727723
vn 0.675442 0.010608 0.737336
vn 0.645481 -0.016803 0.763591
vn 0.670686 -0.063711 0.739000
vn 0.549101 -0.069818 0.832835
vn 0.614444 -0.020316 0.788699
vn 0.676218 -0.026410 0.736228
vn 0.579901 0.009291 0.814634
vn 0.579901 0.009291 0.814634
vn 0.676218 -0.026410 0.736228
vn 0.712125 0.081603 0.697294
vn 0.640909 0.135187 0.755619
vn 0.549101 -0.069818 0.832835
vn 0.579901 0.009291 0.814634
vn 0.534561 0.064479 0.842667
vn 0.501020 0.001296 0.865435
vn 0.640909 0.135187 0.755619
vn 0.597256 0.032799 0.801380
vn 0.534561 0.064479 0.842667
vn 0.579901 0.009291 0.814634
vn 0.501207 -0.009592 0.865274
vn 0.474873 0.150281 0.867128
vn 0.579772 0.092699 0.809488
vn 0.558377 0.000984 0.829587
vn 0.558377 0.000984 0.829587
vn 0.579772 0.092699 0.809488
vn 0.657376 0.114795 0.744768
vn 0.632416 0.066089 0.771805
vn 0.501207 -0.009592 0.865274
vn 0.558377 0.000984 0.829587
vn 0.561220 0.016108 0.827510
vn 0.552842 -0.040002 0.832325
vn 0.632416 0.066089 0.771805
vn 0.597852 0.026089 0.801182
vn 0.561220 0.016108 0.827510
vn 0.558377 0.000984 0.829587
vn 0.423695 0.059003 0.903881
vn 0.473005 0.137806 0.870216
vn 0.515368 0.099389 0.851186
vn 0.459493 0.081685 0.884417
vn 0.459493 0.081685 0.884417
vn 0.515368 0.099389 0.851186
vn 0.570199 0.113001 0.813698
vn 0.522329 0.125502 0.843458
vn 0.423695 0.059003 0.903881
vn 0.459493 0.081685 0.884417
vn 0.447297 0.116304 0.886791
vn 0.432723 0.075908 0.898326
vn 0.522329 0.125502 0.843458
vn 0.479416 0.114741 0.870054
vn 0.447297 0.116304 0.886791
vn 0.459493 0.081685 0.884417
vn 0.849198 0.090650 0.520236
vn 0.825379 0.188533 0.532169
vn 0.854516 0.187763 0.484301
vn 0.901758 0.110809 0.417796
vn 0.901758 0.110809 0.417796
vn 0.854516 0.187763 0.484301
vn 0.879753 0.213756 0.424668
vn 0.928393 0.142944 0.343008
vn 0.849198 0.090650 0.520236
vn 0.901758 0.110809 0.417796
vn 0.923529 0.065329 0.377923
vn 0.798232 -0.006592 0.602314
vn 0.928393 0.142944 0.343008
vn 0.953340 0.101581 0.284296
vn 0.923529 0.065329 0.377923
vn 0.901758 0.110809 0.417796
vn 0.806730 -0.024678 0.590405
vn 0.831646 0.018169 0.555009
vn 0.865442 0.009200 0.500925
vn 0.841118 0.032612 0.539868
vn 0.841118 0.032612 0.539868
vn 0.865442 0.009200 0.500925
vn 0.899820 0.088512 0.427188
vn 0.894116 0.079121 0.440791
vn 0.806730 -0.024678 0.590405
vn 0.841118 0.032612 0.539868
vn 0.849864 0.018505 0.526677
vn 0.799994 0.000019 0.600008
vn 0.894116 0.079121 0.440791
vn 0.879406 -0.091553 0.467186
vn 0.849864 0.018505 0.526677
vn 0.841118 0.032612 0.539868
vn 0.347029 -0.125446 0.929427
vn 0.420509 -0.066864 0.904821
vn 0.439586 -0.144607 0.886484
vn 0.375530 -0.132107 0.917347
vn 0.375530 -0.132107 0.917347
vn 0.439586 -0.144607 0.886484
vn 0.486195 -0.157032 0.859625
vn 0.437797 -0.120225 0.890999
vn 0.347029 -0.125446 0.929427
vn 0.375530 -0.132107 0.917347
vn 0.356507 -0.078092 0.931023
vn 0.314307 -0.097728 0.944278
vn 0.437797 -0.120225 0.890999
vn 0.386688 -0.108000 0.915865
vn 0.356507 -0.078092 0.931023
vn 0.375530 -0.132107 0.917347
vn 0.490490 -0.110965 0.864353
vn 0.568993 -0.074108 0.818996
vn 0.535897 -0.163583 0.828284
vn 0.514001 -0.107530 0.851023
vn 0.514001 -0.107530 0.851023
vn 0.535897 -0.163583 0.828284
vn 0.587541 -0.160586 0.793100
vn 0.603157 -0.097305 0.791665
vn 0.490490 -0.110965 0.864353
vn 0.514001 -0.107530 0.851023
vn 0.543694 -0.072619 0.836136
vn 0.512794 -0.121002 0.849942
vn 0.603157 -0.097305 0.791665
vn 0.566849 -0.108319 0.816670
vn 0.543694 -0.072619 0.836136
vn 0.514001 -0.107530 0.851023
vn 0.476513 -0.177805 0.861000
vn 0.549530 -0.044986 0.834262
vn 0.620969 -0.128388 0.773249
vn 0.575875 -0.188513 0.795507
vn 0.575875 -0.188513 0.795507
vn 0.620969 -0.128388 0.773249
vn 0.713517 -0.112969 0.691471
vn 0.684822 -0.180487 0.706005
vn 0.476513 -0.177805 0.861000
vn 0.575875 -0.188513 0.795507
vn 0.573494 -0.203917 0.793425
vn 0.389784 -0.188212 0.901468
vn 0.684822 -0.180487 0.706005
vn 0.629350 -0.308479 0.713274
vn 0.573494 -0.203917 0.793425
vn 0.575875 -0.188513 0.795507
vn 0.741615 -0.016995 0.670610
vn 0.732437 0.066090 0.677620
vn 0.791334 0.083006 0.605724
vn 0.795902 0.004289 0.605411
vn 0.795902 0.004289 0.605411
vn 0.791334 0.083006 0.605724
vn 0.844018 0.097301 0.527414
vn 0.849700 0.013112 0.527103
vn 0.741615 -0.016995 0.670610
vn 0.795902 0.004289 0.605411
vn 0.809152 -0.022604 0.587165
vn 0.738603 -0.050998 0.672209
vn 0.849700 0.013112 0.527103
vn 0.846207 -0.008199 0.532791
vn 0.809152 -0.022604 0.587165
vn 0.795902 0.004289 0.605411
vn 0.697790 -0.204105 0.686608
vn 0.642131 -0.000218 0.766595
vn 0.723910 -0.019895 0.689608
vn 0.770548 -0.186485 0.609491
vn 0.770548 -0.186485 0.609491
vn 0.723910 -0.019895 0.689608
vn 0.800171 -0.001883 0.599770
vn 0.849883 -0.144387 0.506805
vn 0.697790 -0.204105 0.686608
vn 0.770548 -0.186485 0.609491
vn 0.833353 -0.247788 0.494089
vn 0.753618 -0.340211 0.562421
vn 0.849883 -0.144387 0.506805
vn 0.875622 -0.217184 0.431414
vn 0.833353 -0.247788 0.494089
vn 0.770548 -0.186485 0.609491
vn 0.497318 -0.300316 0.813932
vn 0.584365 -0.090078 0.806476
vn 0.711654 -0.141610 0.688110
vn 0.624498 -0.326707 0.709412
vn 0.624498 -0.326707 0.709412
vn 0.711654 -0.141610 0.688110
vn 0.784690 -0.146991 0.602209
vn 0.751785 -0.290201 0.592118
vn 0.497318 -0.300316 0.813932
vn 0.624498 -0.326707 0.709412
vn 0.623407 -0.327710 0.709908
vn 0.356225 -0.303838 0.883621
vn 0.751785 -0.290201 0.592118
vn 0.690019 -0.420727 0.588950
vn 0.623407 -0.327710 0.709908
vn 0.624498 -0.326707 0.709412
vn 0.517691 -0.238479 0.821659
vn 0.544607 -0.192717 0.816250
vn 0.646207 -0.206501 0.734693
vn 0.638888 -0.148184 0.754893
vn 0.638888 -0.148184 0.754893
vn 0.646207 -0.206501 0.734693
vn 0.766100 -0.068185 0.639095
vn 0.744095 -0.031503 0.667330
vn 0.517691 -0.238479 0.821659
vn 0.638888 -0.148184 0.754893
vn 0.626791 -0.154001 0.763818
vn 0.529516 -0.225708 0.817722
vn 0.744095 -0.031503 0.667330
vn 0.683505 -0.176786 0.708215
vn 0.626791 -0.154001 0.763818
vn 0.638888 -0.148184 0.754893
vn 0.390895 -0.440853 0.807991
vn 0.418009 -0.519434 0.745290
vn 0.485310 -0.429807 0.761407
vn 0.385955 -0.534676 0.751772
vn 0.312811 -0.566635 0.762282
vn 0.271190 -0.469682 0.840152
vn 0.390895 -0.440853 0.807991
vn 0.385955 -0.534676 0.751772
vn 0.418919 -0.490388 0.764216
vn 0.385955 -0.534676 0.751772
vn 0.485310 -0.429807 0.761407
vn 0.586703 -0.246697 0.771311
vn 0.323494 -0.540874 0.776406
vn 0.312811 -0.566635 0.762282
vn 0.385955 -0.534676 0.751772
vn 0.418919 -0.490388 0.764216
vn 0.390895 -0.440853 0.807991
vn 0.383097 -0.288698 0.877434
vn 0.473302 -0.477230 0.740430
vn 0.418009 -0.519434 0.745290
vn 0.271190 -0.469682 0.840152
vn 0.235816 -0.344525 0.908677
vn 0.383097 -0.288698 0.877434
vn 0.390895 -0.440853 0.807991
vn 0.584085 -0.365589 0.724699
vn 0.711026 -0.232726 0.663537
vn 0.726995 -0.301108 0.617099
vn 0.622414 -0.359986 0.694990
vn 0.476306 -0.473811 0.740699
vn 0.487660 -0.366975 0.792160
vn 0.584085 -0.365589 0.724699
vn 0.622414 -0.359986 0.694990
vn 0.649999 -0.348108 0.675516
vn 0.622414 -0.359986 0.694990
vn 0.726995 -0.301108 0.617099
vn 0.723104 -0.336808 0.603060
vn 0.505127 -0.451815 0.735330
vn 0.476306 -0.473811 0.740699
vn 0.622414 -0.359986 0.694990
vn 0.649999 -0.348108 0.675516
vn 0.584085 -0.365589 0.724699
vn 0.582270 -0.320182 0.747292
vn 0.685241 -0.225186 0.692630
vn 0.711026 -0.232726 0.663537
vn 0.487660 -0.366975 0.792160
vn 0.540099 -0.031779 0.841001
vn 0.582270 -0.320182 0.747292
vn 0.584085 -0.365589 0.724699
vn 0.631693 -0.244112 0.735781
vn 0.698133 -0.236603 0.675743
vn 0.713923 -0.179102 0.676932
vn 0.630275 -0.280101 0.724083
vn 0.577963 -0.323782 0.749082
vn 0.561194 -0.291594 0.774619
vn 0.631693 -0.244112 0.735781
vn 0.630275 -0.280101 0.724083
vn 0.669384 -0.292387 0.682960
vn 0.630275 -0.280101 0.724083
vn 0.713923 -0.179102 0.676932
vn 0.754057 -0.011811 0.656703
vn 0.595890 -0.376982 0.709083
vn 0.577963 -0.323782 0.749082
vn 0.630275 -0.280101 0.724083
vn 0.669384 -0.292387 0.682960
vn 0.631693 -0.244112 0.735781
vn 0.627392 -0.264730 0.732323
vn 0.707191 -0.243702 0.663695
vn 0.698133 -0.236603 0.675743
vn 0.561194 -0.291594 0.774619
vn 0.559497 -0.315493 0.766438
vn 0.627392 -0.264730 0.732323
vn 0.631693 -0.244112 0.735781
vn 0.732389 -0.350598 0.583684
vn 0.840325 -0.278106 0.465307
vn 0.838592 -0.299894 0.454783
vn 0.710604 -0.329289 0.621781
vn 0.608699 -0.295389 0.736363
vn 0.671701 -0.234282 0.702801
vn 0.732389 -0.350598 0.583684
vn 0.710604 -0.329289 0.621781
vn 0.747816 -0.336312 0.572420
vn 0.710604 -0.329289 0.621781
vn 0.838592 -0.299894 0.454783
vn 0.838332 -0.317999 0.442805
vn 0.578088 -0.299094 0.759182
vn 0.608699 -0.295389 0.736363
vn 0.710604 -0.329289 0.621781
vn 0.747816 -0.336312 0.572420
vn 0.732389 -0.350598 0.583684
vn 0.782223 -0.286486 0.553220
vn 0.840395 -0.274199 0.467495
vn 0.840325 -0.278106 0.465307
vn 0.671701 -0.234282 0.702801
vn 0.742491 -0.047105 0.668198
vn 0.782223 -0.286486 0.553220
vn 0.732389 -0.350598 0.583684
vn 0.873880 -0.227008 0.429885
vn 0.860927 -0.271557 0.430188
vn 0.922277 -0.197968 0.331986
vn 0.908114 -0.200126 0.367803
vn 0.798669 -0.385484 0.462093
vn 0.787422 -0.347515 0.509117
vn 0.860927 -0.271557 0.430188
vn 0.873880 -0.227008 0.429885
vn 0.881884 -0.145666 0.448400
vn 0.873880 -0.227008 0.429885
vn 0.908114 -0.200126 0.367803
vn 0.879028 -0.237664 0.413312
vn 0.839520 -0.278664 0.466427
vn 0.798669 -0.385484 0.462093
vn 0.873880 -0.227008 0.429885
vn 0.881884 -0.145666 0.448400
vn 0.860927 -0.271557 0.430188
vn 0.869558 -0.200083 0.451481
vn 0.925229 -0.148587 0.349105
vn 0.922277 -0.197968 0.331986
vn 0.787422 -0.347515 0.509117
vn 0.795988 -0.220825 0.563595
vn 0.869558 -0.200083 0.451481
vn 0.860927 -0.271557 0.430188
vn 0.923490 -0.148794 0.353592
vn 0.954809 -0.223602 0.195810
vn 0.946073 -0.280592 0.161907
vn 0.911302 -0.331203 0.244607
vn 0.922310 -0.207519 0.326006
vn 0.898685 -0.094882 0.428209
vn 0.923490 -0.148794 0.353592
vn 0.911302 -0.331203 0.244607
vn 0.915516 -0.321505 0.241797
vn 0.911302 -0.331203 0.244607
vn 0.946073 -0.280592 0.161907
vn 0.952521 -0.189396 0.238398
vn 0.894377 -0.300096 0.331713
vn 0.922310 -0.207519 0.326006
vn 0.911302 -0.331203 0.244607
vn 0.915516 -0.321505 0.241797
vn 0.923490 -0.148794 0.353592
vn 0.871096 0.000207 0.491113
vn 0.893139 -0.030774 0.448727
vn 0.954809 -0.223602 0.195810
vn 0.898685 -0.094882 0.428209
vn 0.871795 -0.125578 0.473502
vn 0.871096 0.000207 0.491113
vn 0.923490 -0.148794 0.353592
vn 0.977327 -0.208806 -0.035102
vn 0.982934 -0.121304 -0.138299
vn 0.988651 -0.146998 -0.030999
vn 0.968431 -0.249206 0.006110
vn 0.966222 -0.257621 -0.006811
vn 0.969631 -0.244401 0.009206
vn 0.977327 -0.208806 -0.035102
vn 0.968431 -0.249206 0.006110
vn 0.970072 -0.186561 0.155420
vn 0.968431 -0.249206 0.006110
vn 0.988651 -0.146998 -0.030999
vn 0.981044 -0.057794 0.184967
vn 0.946444 -0.250339 0.203898
vn 0.966222 -0.257621 -0.006811
vn 0.968431 -0.249206 0.006110
vn 0.970072 -0.186561 0.155420
vn 0.977327 -0.208806 -0.035102
vn 0.972359 -0.208611 0.104876
vn 0.983280 -0.113490 0.142411
vn 0.982934 -0.121304 -0.138299
vn 0.969631 -0.244401 0.009206
vn 0.964556 -0.243995 0.100493
vn 0.972359 -0.208611 0.104876
vn 0.977327 -0.208806 -0.035102
vn 0.941490 -0.322900 0.096600
vn 0.963457 -0.241974 0.114889
vn 0.976364 -0.215798 0.011990
vn 0.964666 -0.263476 -0.000691
vn 0.914242 -0.378895 0.143529
vn 0.945111 -0.290797 0.149005
vn 0.963457 -0.241974 0.114889
vn 0.941490 -0.322900 0.096600
vn 0.930564 -0.251181 0.266381
vn 0.941490 -0.322900 0.096600
vn 0.964666 -0.263476 -0.000691
vn 0.952796 -0.251005 0.170812
vn 0.874103 -0.362516 0.323304
vn 0.914242 -0.378895 0.143529
vn 0.941490 -0.322900 0.096600
vn 0.930564 -0.251181 0.266381
vn 0.963457 -0.241974 0.114889
vn 0.944748 -0.199601 0.260021
vn 0.951164 -0.114214 0.286780
vn 0.976364 -0.215798 0.011990
vn 0.945111 -0.290797 0.149005
vn 0.909715 -0.383408 0.159428
vn 0.944748 -0.199601 0.260021
vn 0.963457 -0.241974 0.114889
vn 0.876929 -0.459409 0.141204
vn 0.938524 -0.309790 0.152327
vn 0.955513 -0.291725 0.043494
vn 0.908554 -0.392380 0.143413
vn 0.797892 -0.557975 0.228105
vn 0.824902 -0.511801 0.239991
vn 0.876929 -0.459409 0.141204
vn 0.908554 -0.392380 0.143413
vn 0.921453 -0.356883 0.153489
vn 0.908554 -0.392380 0.143413
vn 0.955513 -0.291725 0.043494
vn 0.922176 -0.386304 -0.019015
vn 0.805886 -0.488399 0.334687
vn 0.797892 -0.557975 0.228105
vn 0.908554 -0.392380 0.143413
vn 0.921453 -0.356883 0.153489
vn 0.876929 -0.459409 0.141204
vn 0.917530 -0.327689 0.225297
vn 0.944930 -0.304837 0.119092
vn 0.938524 -0.309790 0.152327
vn 0.824902 -0.511801 0.239991
vn 0.864716 -0.186613 0.466307
vn 0.917530 -0.327689 0.225297
vn 0.876929 -0.459409 0.141204
vn 0.848993 -0.448800 0.278907
vn 0.922154 -0.371174 0.108911
vn 0.892155 -0.419818 0.166770
vn 0.831654 -0.469438 0.296616
vn 0.768155 -0.519968 0.373592
vn 0.800634 -0.435300 0.411703
vn 0.848993 -0.448800 0.278907
vn 0.831654 -0.469438 0.296616
vn 0.838452 -0.446770 0.312080
vn 0.831654 -0.469438 0.296616
vn 0.892155 -0.419818 0.166770
vn 0.882561 -0.402540 0.242998
vn 0.766998 -0.520586 0.375106
vn 0.768155 -0.519968 0.373592
vn 0.831654 -0.469438 0.296616
vn 0.838452 -0.446770 0.312080
vn 0.848993 -0.448800 0.278907
vn 0.843201 -0.424011 0.330494
vn 0.926051 -0.285154 0.247219
vn 0.922154 -0.371174 0.108911
vn 0.800634 -0.435300 0.411703
vn 0.823603 -0.338497 0.455080
vn 0.843201 -0.424011 0.330494
vn 0.848993 -0.448800 0.278907
vn 0.740799 -0.530207 0.412428
vn 0.787900 -0.464476 0.404321
vn 0.820863 -0.468376 0.326816
vn 0.753786 -0.546584 0.364764
vn 0.690495 -0.587028 0.422629
vn 0.704317 -0.540891 0.459755
vn 0.740799 -0.530207 0.412428
vn 0.753786 -0.546584 0.364764
vn 0.768379 -0.545390 0.334878
vn 0.753786 -0.546584 0.364764
vn 0.820863 -0.468376 0.326816
vn 0.870765 -0.391955 0.296883
vn 0.688917 -0.615394 0.382993
vn 0.690495 -0.587028 0.422629
vn 0.753786 -0.546584 0.364764
vn 0.768379 -0.545390 0.334878
vn 0.740799 -0.530207 0.412428
vn 0.722483 -0.547890 0.421705
vn 0.776691 -0.494220 0.390510
vn 0.787900 -0.464476 0.404321
vn 0.704317 -0.540891 0.459755
vn 0.720766 -0.506398 0.473348
vn 0.722483 -0.547890 0.421705
vn 0.740799 -0.530207 0.412428
vn 0.706800 -0.667234 0.235017
vn 0.668560 -0.646276 0.367907
vn 0.803093 -0.434424 0.407820
vn 0.831782 -0.515222 0.206604
vn 0.593375 -0.755520 0.277662
vn 0.652179 -0.628599 0.423705
vn 0.668560 -0.646276 0.367907
vn 0.706800 -0.667234 0.235017
vn 0.768000 -0.582326 0.266594
vn 0.706800 -0.667234 0.235017
vn 0.831782 -0.515222 0.206604
vn 0.724312 -0.672713 0.151093
vn 0.654423 -0.657778 0.372905
vn 0.593375 -0.755520 0.277662
vn 0.706800 -0.667234 0.235017
vn 0.768000 -0.582326 0.266594
vn 0.668560 -0.646276 0.367907
vn 0.685891 -0.447635 0.573739
vn 0.740011 -0.349221 0.574829
vn 0.803093 -0.434424 0.407820
vn 0.652179 -0.628599 0.423705
vn 0.685078 -0.334969 0.646889
vn 0.685891 -0.447635 0.573739
vn 0.668560 -0.646276 0.367907
vn 0.796216 -0.485610 0.360864
vn 0.763752 -0.523417 0.377780
vn 0.748733 -0.501645 0.433303
vn 0.815416 -0.481709 0.321019
vn 0.850357 -0.465264 0.245811
vn 0.796216 -0.485610 0.360864
vn 0.815416 -0.481709 0.321019
vn 0.856570 -0.449585 0.253300
vn 0.774312 -0.446602 0.448317
vn 0.773127 -0.462527 0.433986
vn 0.763752 -0.523417 0.377780
vn 0.796216 -0.485610 0.360864
vn 0.817201 -0.442991 0.368704
vn 0.774312 -0.446602 0.448317
vn 0.796216 -0.485610 0.360864
vn 0.850357 -0.465264 0.245811
vn 0.815416 -0.481709 0.321019
vn 0.748733 -0.501645 0.433303
vn 0.760990 -0.444369 0.472685
vn 0.828303 -0.434705 0.353478
vn 0.856570 -0.449585 0.253300
vn 0.815416 -0.481709 0.321019
vn 0.828303 -0.434705 0.353478
vn 0.764982 -0.339783 0.547129
vn 0.713305 -0.663923 0.224502
vn 0.816917 -0.524795 0.239242
vn 0.832798 -0.534809 0.142920
vn 0.766847 -0.605527 0.212798
vn 0.657611 -0.690093 0.302191
vn 0.728775 -0.597392 0.334679
vn 0.713305 -0.663923 0.224502
vn 0.766847 -0.605527 0.212798
vn 0.785334 -0.551008 0.282207
vn 0.766847 -0.605527 0.212798
vn 0.832798 -0.534809 0.142920
vn 0.817223 -0.551195 0.168316
vn 0.686985 -0.617983 0.382293
vn 0.657611 -0.690093 0.302191
vn 0.766847 -0.605527 0.212798
vn 0.785334 -0.551008 0.282207
vn 0.713305 -0.663923 0.224502
vn 0.701515 -0.649716 0.292823
vn 0.782123 -0.538520 0.313497
vn 0.816917 -0.524795 0.239242
vn 0.728775 -0.597392 0.334679
vn 0.828639 -0.320908 0.458666
vn 0.701515 -0.649716 0.292823
vn 0.713305 -0.663923 0.224502
vn 0.957813 -0.268792 0.101706
vn 0.940509 -0.339089 0.021498
vn 0.964968 -0.258704 -0.043698
vn 0.961700 -0.273802 0.012894
vn 0.932104 -0.327736 0.154181
vn 0.885203 -0.460239 0.067788
vn 0.940509 -0.339089 0.021498
vn 0.957813 -0.268792 0.101706
vn 0.945401 -0.297400 0.133307
vn 0.957813 -0.268792 0.101706
vn 0.961700 -0.273802 0.012894
vn 0.921698 -0.386904 0.027902
vn 0.929439 -0.265806 0.255910
vn 0.932104 -0.327736 0.154181
vn 0.957813 -0.268792 0.101706
vn 0.945401 -0.297400 0.133307
vn 0.940509 -0.339089 0.021498
vn 0.947443 -0.319709 0.011704
vn 0.969435 -0.236171 -0.066484
vn 0.964968 -0.258704 -0.043698
vn 0.885203 -0.460239 0.067788
vn 0.884463 -0.459619 0.080473
vn 0.947443 -0.319709 0.011704
vn 0.940509 -0.339089 0.021498
vn 0.857289 -0.501206 0.117680
vn 0.932086 -0.354302 0.075396
vn 0.931547 -0.346004 0.111807
vn 0.892852 -0.381182 0.239825
vn 0.833510 -0.439110 0.335326
vn 0.784648 -0.596377 0.169300
vn 0.857289 -0.501206 0.117680
vn 0.892852 -0.381182 0.239825
vn 0.890332 -0.354111 0.286205
vn 0.892852 -0.381182 0.239825
vn 0.931547 -0.346004 0.111807
vn 0.900448 -0.408287 0.149983
vn 0.813609 -0.333567 0.476208
vn 0.833510 -0.439110 0.335326
vn 0.892852 -0.381182 0.239825
vn 0.890332 -0.354111 0.286205
vn 0.857289 -0.501206 0.117680
vn 0.857094 -0.506680 0.093087
vn 0.923238 -0.377423 0.071999
vn 0.932086 -0.354302 0.075396
vn 0.784648 -0.596377 0.169300
vn 0.798393 -0.580007 0.161740
vn 0.857094 -0.506680 0.093087
vn 0.857289 -0.501206 0.117680
vn 0.831093 -0.400346 0.386016
vn 0.739546 -0.664367 0.108113
vn 0.873472 -0.471004 0.123297
vn 0.920602 -0.257005 0.294009
vn 0.738918 -0.469890 0.482912
vn 0.656874 -0.742269 0.132490
vn 0.739546 -0.664367 0.108113
vn 0.831093 -0.400346 0.386016
vn 0.822008 -0.210558 0.529120
vn 0.831093 -0.400346 0.386016
vn 0.920602 -0.257005 0.294009
vn 0.870626 -0.275853 0.407328
vn 0.703577 -0.231625 0.671810
vn 0.738918 -0.469890 0.482912
vn 0.831093 -0.400346 0.386016
vn 0.822008 -0.210558 0.529120
vn 0.739546 -0.664367 0.108113
vn 0.694825 -0.718904 0.019886
vn 0.810096 -0.582716 0.064704
vn 0.873472 -0.471004 0.123297
vn 0.656874 -0.742269 0.132490
vn 0.642519 -0.764840 0.046794
vn 0.694825 -0.718904 0.019886
vn 0.739546 -0.664367 0.108113
vn 0.797472 -0.594448 0.103295
vn 0.881022 -0.444902 0.160819
vn 0.901137 -0.404916 0.154902
vn 0.872869 -0.451571 0.184886
vn 0.787013 -0.575329 0.222728
vn 0.676270 -0.731708 0.085214
vn 0.797472 -0.594448 0.103295
vn 0.872869 -0.451571 0.184886
vn 0.882815 -0.397792 0.249797
vn 0.872869 -0.451571 0.184886
vn 0.901137 -0.404916 0.154902
vn 0.885181 -0.430336 0.176818
vn 0.832417 -0.461273 0.307099
vn 0.787013 -0.575329 0.222728
vn 0.872869 -0.451571 0.184886
vn 0.882815 -0.397792 0.249797
vn 0.797472 -0.594448 0.103295
vn 0.711347 -0.701186 0.048208
vn 0.835822 -0.543475 0.077694
vn 0.881022 -0.444902 0.160819
vn 0.676270 -0.731708 0.085214
vn 0.604170 -0.796674 0.017026
vn 0.711347 -0.701186 0.048208
vn 0.797472 -0.594448 0.103295
vn 0.852609 -0.377997 0.360799
vn 0.732173 -0.614592 0.293598
vn 0.815605 -0.542869 0.200202
vn 0.898214 -0.336916 0.282311
vn 0.778984 -0.431020 0.455418
vn 0.617732 -0.690413 0.376479
vn 0.732173 -0.614592 0.293598
vn 0.852609 -0.377997 0.360799
vn 0.875641 -0.229397 0.425007
vn 0.852609 -0.377997 0.360799
vn 0.898214 -0.336916 0.282311
vn 0.874923 -0.311110 0.371106
vn 0.832208 -0.241375 0.499167
vn 0.778984 -0.431020 0.455418
vn 0.852609 -0.377997 0.360799
vn 0.875641 -0.229397 0.425007
vn 0.732173 -0.614592 0.293598
vn 0.707839 -0.653354 0.268499
vn 0.774423 -0.607290 0.177393
vn 0.815605 -0.542869 0.200202
vn 0.617732 -0.690413 0.376479
vn 0.572916 -0.734012 0.364683
vn 0.707839 -0.653354 0.268499
vn 0.732173 -0.614592 0.293598
vn 0.729029 -0.627938 0.272417
vn 0.801094 -0.518914 0.298290
vn 0.844579 -0.295082 0.446782
vn 0.820945 -0.355419 0.446908
vn 0.757481 -0.457608 0.465636
vn 0.666896 -0.686497 0.289778
vn 0.729029 -0.627938 0.272417
vn 0.820945 -0.355419 0.446908
vn 0.832079 -0.179891 0.524674
vn 0.820945 -0.355419 0.446908
vn 0.844579 -0.295082 0.446782
vn 0.843926 -0.151196 0.514713
vn 0.799308 -0.259426 0.542038
vn 0.757481 -0.457608 0.465636
vn 0.820945 -0.355419 0.446908
vn 0.832079 -0.179891 0.524674
vn 0.729029 -0.627938 0.272417
vn 0.623906 -0.763813 0.165318
vn 0.713681 -0.679300 0.170909
vn 0.801094 -0.518914 0.298290
vn 0.666896 -0.686497 0.289778
vn 0.622703 -0.760398 0.184489
vn 0.623906 -0.763813 0.165318
vn 0.729029 -0.627938 0.272417
vn 0.602014 -0.418383 0.680099
vn 0.432496 -0.701478 0.566459
vn 0.567890 -0.684789 0.456688
vn 0.697212 -0.394411 0.598612
vn 0.438496 -0.489285 0.753871
vn 0.248591 -0.729505 0.637201
vn 0.432496 -0.701478 0.566459
vn 0.602014 -0.418383 0.680099
vn 0.638181 -0.258792 0.725087
vn 0.602014 -0.418383 0.680099
vn 0.697212 -0.394411 0.598612
vn 0.664710 -0.330115 0.670213
vn 0.536093 -0.277972 0.797079
vn 0.438496 -0.489285 0.753871
vn 0.602014 -0.418383 0.680099
vn 0.638181 -0.258792 0.725087
vn 0.432496 -0.701478 0.566459
vn 0.453110 -0.737819 0.500314
vn 0.523701 -0.766295 0.372195
vn 0.567890 -0.684789 0.456688
vn 0.248591 -0.729505 0.637201
vn 0.270542 -0.736738 0.619696
vn 0.453110 -0.737819 0.500314
vn 0.432496 -0.701478 0.566459
vn 0.130803 -0.741376 0.658219
vn 0.367510 -0.648691 0.666435
vn 0.406873 -0.419504 0.811462
vn 0.157802 -0.494593 0.854679
vn -0.117083 -0.589979 0.798885
vn -0.157116 -0.790188 0.592383
vn 0.130803 -0.741376 0.658219
vn 0.157802 -0.494593 0.854679
vn 0.214998 -0.273523 0.937529
vn 0.157802 -0.494593 0.854679
vn 0.406873 -0.419504 0.811462
vn 0.450380 -0.183986 0.873674
vn -0.074501 -0.365327 0.927893
vn -0.117083 -0.589979 0.798885
vn 0.157802 -0.494593 0.854679
vn 0.214998 -0.273523 0.937529
vn 0.130803 -0.741376 0.658219
vn 0.012812 -0.845952 0.533105
vn 0.316215 -0.769394 0.555014
vn 0.367510 -0.648691 0.666435
vn -0.157116 -0.790188 0.592383
vn -0.217306 -0.863420 0.455284
vn 0.012812 -0.845952 0.533105
vn 0.130803 -0.741376 0.658219
vn 0.719277 -0.225499 0.657107
vn 0.696253 -0.470829 0.541805
vn 0.752188 -0.492414 0.437883
vn 0.842276 -0.135620 0.521708
vn 0.610869 -0.263585 0.746566
vn 0.624776 -0.464677 0.627479
vn 0.696253 -0.470829 0.541805
vn 0.719277 -0.225499 0.657107
vn 0.762666 0.000388 0.646793
vn 0.719277 -0.225499 0.657107
vn 0.842276 -0.135620 0.521708
vn 0.841631 0.046698 0.538031
vn 0.628102 -0.071701 0.774821
vn 0.610869 -0.263585 0.746566
vn 0.719277 -0.225499 0.657107
vn 0.762666 0.000388 0.646793
vn 0.696253 -0.470829 0.541805
vn 0.705820 -0.529017 0.471126
vn 0.722633 -0.580611 0.375091
vn 0.752188 -0.492414 0.437883
vn 0.624776 -0.464677 0.627479
vn 0.549675 -0.616895 0.563292
vn 0.705820 -0.529017 0.471126
vn 0.696253 -0.470829 0.541805
vn 0.891175 -0.229530 0.391309
vn 0.828706 -0.459518 0.319514
vn 0.886678 -0.427791 0.175492
vn 0.930423 -0.244937 0.272613
vn 0.820721 -0.240513 0.518238
vn 0.725600 -0.511498 0.460298
vn 0.828706 -0.459518 0.319514
vn 0.891175 -0.229530 0.391309
vn 0.887502 -0.150603 0.435499
vn 0.891175 -0.229530 0.391309
vn 0.930423 -0.244937 0.272613
vn 0.884718 -0.273709 0.377304
vn 0.830460 -0.101398 0.547773
vn 0.820721 -0.240513 0.518238
vn 0.891175 -0.229530 0.391309
vn 0.887502 -0.150603 0.435499
vn 0.828706 -0.459518 0.319514
vn 0.796454 -0.543829 0.264408
vn 0.846396 -0.517290 0.126589
vn 0.886678 -0.427791 0.175492
vn 0.725600 -0.511498 0.460298
vn 0.645477 -0.635223 0.424089
vn 0.796454 -0.543829 0.264408
vn 0.828706 -0.459518 0.319514
vn 0.839875 -0.486784 0.240106
vn 0.933921 -0.329510 0.138615
vn 0.914159 -0.083302 0.396703
vn 0.870801 -0.221729 0.438796
vn 0.733202 -0.437608 0.520493
vn 0.645825 -0.701819 0.300600
vn 0.839875 -0.486784 0.240106
vn 0.870801 -0.221729 0.438796
vn 0.762099 0.018895 0.647185
vn 0.870801 -0.221729 0.438796
vn 0.914159 -0.083302 0.396703
vn 0.806345 0.125799 0.577912
vn 0.705421 -0.150981 0.692522
vn 0.733202 -0.437608 0.520493
vn 0.870801 -0.221729 0.438796
vn 0.762099 0.018895 0.647185
vn 0.839875 -0.486784 0.240106
vn 0.789762 -0.574722 0.214407
vn 0.921101 -0.381430 0.078005
vn 0.933921 -0.329510 0.138615
vn 0.645825 -0.701819 0.300600
vn 0.558026 -0.787833 0.260625
vn 0.789762 -0.574722 0.214407
vn 0.839875 -0.486784 0.240106
vn 0.867307 -0.332301 0.370614
vn 0.926367 -0.277986 0.254101
vn 0.913087 -0.043384 0.405451
vn 0.865429 -0.033209 0.499930
vn 0.784509 -0.149101 0.601926
vn 0.743706 -0.460194 0.484895
vn 0.867307 -0.332301 0.370614
vn 0.865429 -0.033209 0.499930
vn 0.808779 0.121102 0.575509
vn 0.865429 -0.033209 0.499930
vn 0.913087 -0.043384 0.405451
vn 0.835543 -0.067209 0.545299
vn 0.756994 0.074100 0.649207
vn 0.784509 -0.149101 0.601926
vn 0.865429 -0.033209 0.499930
vn 0.808779 0.121102 0.575509
vn 0.867307 -0.332301 0.370614
vn 0.831445 -0.465791 0.302882
vn 0.908955 -0.381376 0.168384
vn 0.926367 -0.277986 0.254101
vn 0.743706 -0.460194 0.484895
vn 0.622589 -0.670736 0.403108
vn 0.831445 -0.465791 0.302882
vn 0.867307 -0.332301 0.370614
vn 0.973715 0.143112 0.177193
vn 0.994973 0.072498 0.069092
vn 0.997871 0.065205 -0.001091
vn 0.992743 0.105910 0.056961
vn 0.962353 0.145990 0.229269
vn 0.987424 0.088976 0.130677
vn 0.994973 0.072498 0.069092
vn 0.973715 0.143112 0.177193
vn 0.963502 0.203590 0.173824
vn 0.973715 0.143112 0.177193
vn 0.992743 0.105910 0.056961
vn 0.976429 0.193802 0.095007
vn 0.896298 0.264916 0.355625
vn 0.962353 0.145990 0.229269
vn 0.973715 0.143112 0.177193
vn 0.963502 0.203590 0.173824
vn 0.994973 0.072498 0.069092
vn 0.990335 0.127285 0.055088
vn 0.991500 0.129703 -0.010294
vn 0.997871 0.065205 -0.001091
vn 0.990335 0.127285 0.055088
vn 0.994973 0.072498 0.069092
vn 0.987424 0.088976 0.130677
vn 0.979980 0.151122 0.129621
vn 0.796282 -0.236710 0.556689
vn 0.786077 -0.381072 0.486689
vn 0.877347 -0.166294 0.450120
vn 0.858922 -0.085009 0.505001
vn 0.858922 -0.085009 0.505001
vn 0.877347 -0.166294 0.450120
vn 0.928975 -0.057894 0.365587
vn 0.899565 -0.037563 0.435168
vn 0.744404 -0.053014 0.665622
vn 0.786570 0.004402 0.617485
vn 0.754678 0.004595 0.656080
vn 0.669859 0.043490 0.741214
vn 0.836256 -0.071810 0.543616
vn 0.788451 -0.210197 0.578067
vn 0.754678 0.004595 0.656080
vn 0.786570 0.004402 0.617485
vn 0.740433 -0.092006 0.665803
vn 0.709822 -0.339201 0.617330
vn 0.784964 -0.324605 0.527697
vn 0.799515 -0.072918 0.596204
vn 0.799515 -0.072918 0.596204
vn 0.784964 -0.324605 0.527697
vn 0.865465 -0.276294 0.417891
vn 0.881451 -0.032929 0.471127
vn 0.740433 -0.092006 0.665803
vn 0.799515 -0.072918 0.596204
vn 0.795101 0.186493 0.577091
vn 0.791932 0.084305 0.604762
vn 0.881451 -0.032929 0.471127
vn 0.833793 0.197803 0.515426
vn 0.795101 0.186493 0.577091
vn 0.799515 -0.072918 0.596204
vn 0.382171 0.111320 0.917362
vn 0.335382 -0.145445 0.930787
vn 0.526550 -0.126989 0.840606
vn 0.555033 0.098796 0.825940
vn 0.555033 0.098796 0.825940
vn 0.526550 -0.126989 0.840606
vn 0.712393 -0.105695 0.693776
vn 0.715099 0.110011 0.690312
vn 0.382171 0.111320 0.917362
vn 0.555033 0.098796 0.825940
vn 0.575967 0.313992 0.754765
vn 0.387294 0.349107 0.853304
vn 0.715099 0.110011 0.690312
vn 0.681206 0.277360 0.677518
vn 0.575967 0.313992 0.754765
vn 0.555033 0.098796 0.825940
vn 0.409606 0.279468 0.868401
vn 0.610636 0.326714 0.721375
vn 0.659207 0.395730 0.639409
vn 0.408108 0.397342 0.821929
vn 0.100498 0.242006 0.965056
vn 0.409606 0.279468 0.868401
vn 0.408108 0.397342 0.821929
vn 0.148596 0.375898 0.914670
vn 0.148596 0.375898 0.914670
vn 0.408108 0.397342 0.821929
vn 0.421304 0.508123 0.751209
vn 0.281921 0.409810 0.867511
vn 0.408108 0.397342 0.821929
vn 0.659207 0.395730 0.639409
vn 0.641212 0.502318 0.580106
vn 0.421304 0.508123 0.751209
vn 0.916520 0.039895 0.397994
vn 0.930584 -0.155405 0.331455
vn 0.823490 0.040298 0.565898
vn 0.911946 0.071093 0.404104
vn 0.964305 0.092785 0.248005
vn 0.916520 0.039895 0.397994
vn 0.911946 0.071093 0.404104
vn 0.971664 0.089689 0.218691
vn 0.860767 0.177900 0.476899
vn 0.814207 0.073292 0.575930
vn 0.851429 0.051728 0.521912
vn 0.864728 0.102906 0.491585
vn 0.865154 0.167004 0.472884
vn 0.716256 0.036584 0.696878
vn 0.667794 0.042806 0.743114
vn 0.814207 0.073292 0.575930
vn 0.868401 0.267105 0.417773
vn 0.865154 0.167004 0.472884
vn 0.814207 0.073292 0.575930
vn 0.860767 0.177900 0.476899
vn 0.851429 0.051728 0.521912
vn 0.811578 0.019607 0.583915
vn 0.760668 0.062479 0.646127
vn 0.735999 0.138313 0.662703
vn 0.811578 0.019607 0.583915
vn 0.851429 0.051728 0.521912
vn 0.814207 0.073292 0.575930
vn 0.667794 0.042806 0.743114
vn 0.864728 0.102906 0.491585
vn 0.851429 0.051728 0.521912
vn 0.735999 0.138313 0.662703
vn 0.845389 0.198508 0.495895
vn 0.785646 -0.109521 0.608905
vn 0.782598 -0.029804 0.621814
vn 0.758985 -0.001693 0.651105
vn 0.659818 -0.054902 0.749417
vn 0.751427 -0.143089 0.644114
vn 0.728499 -0.021102 0.684722
vn 0.782598 -0.029804 0.621814
vn 0.785646 -0.109521 0.608905
vn 0.821112 0.045220 0.568973
vn 0.782598 -0.029804 0.621814
vn 0.728499 -0.021102 0.684722
vn 0.763736 0.093304 0.638751
vn 0.782598 -0.029804 0.621814
vn 0.821112 0.045220 0.568973
vn 0.785696 0.044800 0.616989
vn 0.758985 -0.001693 0.651105
vn 0.691009 0.029791 0.722232
vn 0.358593 -0.040305 0.932624
vn 0.659818 -0.054902 0.749417
vn 0.758985 -0.001693 0.651105
vn 0.751020 0.074415 0.656072
vn 0.691009 0.029791 0.722232
vn 0.758985 -0.001693 0.651105
vn 0.785696 0.044800 0.616989
vn -0.468191 0.485685 0.738178
vn -0.297414 0.524691 0.797649
vn -0.523004 0.511097 0.682090
vn -0.634001 0.469898 0.614197
vn -0.634001 0.469898 0.614197
vn -0.523004 0.511097 0.682090
vn -0.698518 0.477682 0.532816
vn -0.765581 0.438976 0.470304
vn 0.457300 0.485316 0.745215
vn 0.627100 0.478279 0.614813
vn 0.524190 0.515183 0.678094
vn 0.308614 0.519016 0.797107
vn 0.627100 0.478279 0.614813
vn 0.763907 0.451175 0.461397
vn 0.700781 0.488386 0.519985
vn 0.524190 0.515183 0.678094
vn -0.436491 0.490703 0.754113
vn -0.308925 0.516433 0.798663
vn -0.506719 0.521626 0.686398
vn -0.615185 0.485628 0.621058
vn -0.615185 0.485628 0.621058
vn -0.506719 0.521626 0.686398
vn -0.694111 0.495273 0.522412
vn -0.781618 0.443014 0.439104
vn 0.435287 0.493366 0.753070
vn 0.611196 0.487251 0.623719
vn 0.512570 0.522860 0.681095
vn 0.306983 0.521581 0.796062
vn 0.611196 0.487251 0.623719
vn 0.767841 0.451284 0.454712
vn 0.694697 0.494978 0.521914
vn 0.512570 0.522860 0.681095
vn -0.743275 -0.011803 0.668881
vn -0.533280 0.004165 0.845928
vn -0.569121 0.164894 0.805550
vn -0.715397 0.193903 0.671274
vn -0.365193 0.175391 0.914260
vn -0.569121 0.164894 0.805550
vn -0.533280 0.004165 0.845928
vn -0.280064 -0.021523 0.959740
vn -0.407918 0.348983 0.843691
vn -0.568372 0.382219 0.728602
vn -0.569121 0.164894 0.805550
vn -0.365193 0.175391 0.914260
vn -0.715397 0.193903 0.671274
vn -0.569121 0.164894 0.805550
vn -0.568372 0.382219 0.728602
vn -0.712698 0.437378 0.548418
vn 0.234882 -0.117711 0.964870
vn 0.492981 -0.060199 0.867955
vn 0.527204 0.140586 0.838029
vn 0.316114 0.080523 0.945298
vn 0.759394 0.154412 0.632042
vn 0.527204 0.140586 0.838029
vn 0.492981 -0.060199 0.867955
vn 0.867666 -0.139701 0.477116
vn 0.316114 0.080523 0.945298
vn 0.527204 0.140586 0.838029
vn 0.407465 0.407635 0.817194
vn 0.201298 0.415491 0.887043
vn 0.527204 0.140586 0.838029
vn 0.759394 0.154412 0.632042
vn 0.605227 0.393430 0.692036
vn 0.407465 0.407635 0.817194
vn -0.365885 0.325198 0.871995
vn -0.030507 0.301927 0.952843
vn -0.156466 0.528082 0.834654
vn -0.364797 0.478774 0.798561
vn -0.582011 0.200695 0.788026
vn -0.365885 0.325198 0.871995
vn -0.364797 0.478774 0.798561
vn -0.449402 0.376900 0.809928
vn -0.449402 0.376900 0.809928
vn -0.364797 0.478774 0.798561
vn -0.276585 0.599082 0.751399
vn -0.241307 0.438723 0.865617
vn -0.364797 0.478774 0.798561
vn -0.156466 0.528082 0.834654
vn -0.174002 0.698395 0.694239
vn -0.276585 0.599082 0.751399
vn 0.017894 0.057827 0.998166
vn 0.262194 0.094580 0.960369
vn 0.298866 0.226681 0.926982
vn 0.087817 0.206878 0.974418
vn 0.544045 0.198494 0.815239
vn 0.298866 0.226681 0.926982
vn 0.262194 0.094580 0.960369
vn 0.656372 -0.038989 0.753430
vn 0.439397 0.378794 0.814521
vn 0.225584 0.440998 0.868696
vn 0.298866 0.226681 0.926982
vn 0.544045 0.198494 0.815239
vn 0.087817 0.206878 0.974418
vn 0.298866 0.226681 0.926982
vn 0.225584 0.440998 0.868696
vn -0.083016 0.535122 0.840686
vn -0.312209 0.182918 0.932237
vn -0.012184 0.255087 0.966841
vn -0.007777 0.391674 0.920071
vn -0.214393 0.365893 0.905626
vn 0.267605 0.404682 0.874426
vn -0.007777 0.391674 0.920071
vn -0.012184 0.255087 0.966841
vn 0.410697 0.171906 0.895420
vn -0.214393 0.365893 0.905626
vn -0.007777 0.391674 0.920071
vn -0.028882 0.596520 0.802078
vn -0.300720 0.638305 0.708614
vn -0.007777 0.391674 0.920071
vn 0.267605 0.404682 0.874426
vn 0.180495 0.561697 0.807415
vn -0.028882 0.596520 0.802078
vn 0.761899 0.502597 0.408540
vn 0.881677 0.319283 0.347424
vn 0.948789 0.315392 -0.018080
vn 0.847446 0.482375 0.221698
vn 0.545379 0.349788 0.761715
vn 0.753600 0.120483 0.646198
vn 0.881677 0.319283 0.347424
vn 0.761899 0.502597 0.408540
vn 0.881677 0.319283 0.347424
vn 0.970213 0.066994 0.232806
vn 0.975084 0.190205 -0.114165
vn 0.948789 0.315392 -0.018080
vn 0.753600 0.120483 0.646198
vn 0.863199 -0.042420 0.503078
vn 0.970213 0.066994 0.232806
vn 0.881677 0.319283 0.347424
vn 0.970213 0.066994 0.232806
vn 0.980029 0.096298 0.173984
vn 0.966268 0.243684 -0.083335
vn 0.975084 0.190205 -0.114165
vn 0.863199 -0.042420 0.503078
vn 0.865592 -0.100008 0.490662
vn 0.980029 0.096298 0.173984
vn 0.970213 0.066994 0.232806
vn 0.991207 0.094220 0.092911
vn 0.978197 0.168077 0.121986
vn 0.942603 0.143916 0.301310
vn 0.937144 0.052183 0.345018
vn 0.993713 0.068699 -0.088407
vn 0.997870 0.064300 0.010975
vn 0.978197 0.168077 0.121986
vn 0.991207 0.094220 0.092911
vn 0.997870 0.064300 0.010975
vn 0.983989 0.134207 0.117282
vn 0.962813 0.218996 0.158213
vn 0.978197 0.168077 0.121986
vn 0.978197 0.168077 0.121986
vn 0.962813 0.218996 0.158213
vn 0.927270 0.247498 0.280918
vn 0.942603 0.143916 0.301310
vn 0.612296 0.466400 0.638408
vn 0.716934 0.502000 0.483737
vn 0.515159 0.780959 0.353150
vn 0.252325 0.809538 0.530076
vn 0.716934 0.502000 0.483737
vn 0.751305 0.562094 0.345820
vn 0.759487 0.639895 0.117112
vn 0.515159 0.780959 0.353150
vn 0.252325 0.809538 0.530076
vn 0.515159 0.780959 0.353150
vn 0.201188 0.946852 0.250987
vn 0.232801 0.917907 0.321326
vn 0.515159 0.780959 0.353150
vn 0.759487 0.639895 0.117112
vn 0.418703 0.900121 0.120288
vn 0.201188 0.946852 0.250987
vn 0.512720 0.421811 0.747793
vn 0.571785 0.502197 0.648738
vn 0.716934 0.502000 0.483737
vn 0.612296 0.466400 0.638408
vn 0.571785 0.502197 0.648738
vn 0.709453 0.560013 0.427858
vn 0.751305 0.562094 0.345820
vn 0.716934 0.502000 0.483737
vn -0.086814 0.613022 0.785281
vn -0.069185 0.416457 0.906519
vn 0.148005 0.495186 0.856088
vn 0.144702 0.761075 0.632318
vn -0.377139 0.441592 0.814102
vn -0.276904 0.334098 0.900945
vn -0.069185 0.416457 0.906519
vn -0.086814 0.613022 0.785281
vn -0.631380 0.451796 0.630270
vn -0.450186 0.454827 0.768417
vn -0.265504 0.716295 0.645313
vn -0.445732 0.786128 0.428166
vn -0.450186 0.454827 0.768417
vn -0.331421 0.418098 0.845786
vn 0.059297 0.606286 0.793033
vn -0.265504 0.716295 0.645313
vn -0.445732 0.786128 0.428166
vn -0.265504 0.716295 0.645313
vn -0.162590 0.899834 0.404801
vn -0.206215 0.888009 0.410994
vn -0.265504 0.716295 0.645313
vn 0.059297 0.606286 0.793033
vn -0.027922 0.863415 0.503721
vn -0.162590 0.899834 0.404801
vn -0.630305 0.336727 0.699522
vn -0.529476 0.313876 0.788122
vn -0.450186 0.454827 0.768417
vn -0.631380 0.451796 0.630270
vn -0.331421 0.418098 0.845786
vn -0.450186 0.454827 0.768417
vn -0.529476 0.313876 0.788122
vn -0.367307 0.282712 0.886092
vn 0.694360 0.179055 0.696996
vn 0.848095 0.230808 0.476930
vn 0.826625 0.229395 0.513876
vn 0.755611 0.110210 0.645683
vn 0.848095 0.230808 0.476930
vn 0.857824 0.323469 0.399382
vn 0.914959 0.290502 0.280104
vn 0.826625 0.229395 0.513876
vn 0.755611 0.110210 0.645683
vn 0.826625 0.229395 0.513876
vn 0.774408 0.280175 0.567269
vn 0.570039 0.181899 0.801229
vn 0.826625 0.229395 0.513876
vn 0.914959 0.290502 0.280104
vn 0.866135 0.334935 0.370983
vn 0.774408 0.280175 0.567269
vn 0.614222 0.226225 0.756012
vn 0.654884 0.279306 0.702221
vn 0.848095 0.230808 0.476930
vn 0.694360 0.179055 0.696996
vn 0.654884 0.279306 0.702221
vn 0.636494 0.369902 0.676792
vn 0.857824 0.323469 0.399382
vn 0.848095 0.230808 0.476930
vn 0.681989 0.406415 0.608045
vn 0.753519 0.374995 0.539989
vn 0.707776 0.307715 0.635897
vn 0.642334 0.330340 0.691580
vn 0.663091 0.260110 0.701893
vn 0.647350 0.151802 0.746923
vn 0.642334 0.330340 0.691580
vn 0.707776 0.307715 0.635897
vn 0.647350 0.151802 0.746923
vn 0.502486 0.466959 0.727638
vn 0.520587 0.614782 0.592480
vn 0.642334 0.330340 0.691580
vn 0.753519 0.374995 0.539989
vn 0.792310 0.207088 0.573899
vn 0.706107 0.264308 0.656928
vn 0.707776 0.307715 0.635897
vn 0.707776 0.307715 0.635897
vn 0.706107 0.264308 0.656928
vn 0.581879 0.287994 0.760576
vn 0.663091 0.260110 0.701893
vn 0.584321 0.529075 0.615344
vn 0.681989 0.406415 0.608045
vn 0.642334 0.330340 0.691580
vn 0.520587 0.614782 0.592480
vn 0.617505 0.534026 0.577498
vn 0.402284 0.489500 0.773665
vn 0.524863 0.291919 0.799564
vn 0.735026 0.398842 0.548326
vn 0.847638 0.468309 0.249394
vn 0.617505 0.534026 0.577498
vn 0.735026 0.398842 0.548326
vn 0.873990 0.428754 0.228716
vn 0.495400 0.619875 0.608551
vn 0.413180 0.548319 0.727068
vn 0.402284 0.489500 0.773665
vn 0.617505 0.534026 0.577498
vn 0.797210 0.515632 0.313975
vn 0.495400 0.619875 0.608551
vn 0.617505 0.534026 0.577498
vn 0.847638 0.468309 0.249394
vn 0.735026 0.398842 0.548326
vn 0.524863 0.291919 0.799564
vn 0.515712 0.225730 0.826491
vn 0.760046 0.293520 0.579807
vn 0.873990 0.428754 0.228716
vn 0.735026 0.398842 0.548326
vn 0.760046 0.293520 0.579807
vn 0.953990 0.274216 0.121278
vn 0.833659 0.277023 0.477777
vn 0.935198 0.244911 0.255782
vn 0.815373 0.477339 0.327589
vn 0.710453 0.543499 0.447064
vn 0.625891 0.598191 0.500428
vn 0.724397 0.298923 0.621204
vn 0.833659 0.277023 0.477777
vn 0.710453 0.543499 0.447064
vn 0.579904 0.493018 0.648570
vn 0.710453 0.543499 0.447064
vn 0.815373 0.477339 0.327589
vn 0.772609 0.432704 0.464589
vn 0.516096 0.576183 0.633764
vn 0.625891 0.598191 0.500428
vn 0.710453 0.543499 0.447064
vn 0.579904 0.493018 0.648570
vn 0.833659 0.277023 0.477777
vn 0.921469 0.142388 0.361413
vn 0.966220 0.158389 0.203301
vn 0.935198 0.244911 0.255782
vn 0.921469 0.142388 0.361413
vn 0.833659 0.277023 0.477777
vn 0.724397 0.298923 0.621204
vn 0.800388 0.088507 0.592912
vn 0.833277 -0.053010 0.550308
vn 0.745285 -0.118393 0.656150
vn 0.784454 -0.166215 0.597499
vn 0.869685 -0.085793 0.486095
vn 0.775378 0.081803 0.626177
vn 0.833277 -0.053010 0.550308
vn 0.872901 0.049783 0.485352
vn 0.811851 0.118089 0.571798
vn 0.775670 -0.232321 0.586824
vn 0.823316 -0.070498 0.563187
vn 0.764816 0.028716 0.643608
vn 0.758520 0.018179 0.651396
vn 0.725717 -0.076807 0.683692
vn 0.705101 -0.357287 0.612518
vn 0.775670 -0.232321 0.586824
vn 0.758520 0.018179 0.651396
vn 0.775670 -0.232321 0.586824
vn 0.783808 -0.407708 0.468422
vn 0.852641 -0.255743 0.455630
vn 0.823316 -0.070498 0.563187
vn 0.705101 -0.357287 0.612518
vn 0.735482 -0.458014 0.499289
vn 0.783808 -0.407708 0.468422
vn 0.775670 -0.232321 0.586824
vn 0.725878 0.550480 0.412399
vn 0.524853 0.598657 0.605094
vn 0.568099 0.488915 0.661986
vn 0.688218 0.514401 0.511612
vn 0.463853 0.635061 0.617687
vn 0.324291 0.612597 0.720805
vn 0.319095 0.591489 0.740486
vn 0.524853 0.598657 0.605094
vn 0.670099 0.581814 0.460934
vn 0.463853 0.635061 0.617687
vn 0.524853 0.598657 0.605094
vn 0.725878 0.550480 0.412399
vn 0.568099 0.488915 0.661986
vn 0.388594 0.451615 0.803143
vn 0.408511 0.344613 0.845199
vn 0.576928 0.398943 0.712740
vn 0.388594 0.451615 0.803143
vn 0.568099 0.488915 0.661986
vn 0.524853 0.598657 0.605094
vn 0.319095 0.591489 0.740486
vn 0.688218 0.514401 0.511612
vn 0.568099 0.488915 0.661986
vn 0.576928 0.398943 0.712740
vn 0.662698 0.440278 0.605794
vn 0.829168 0.348188 0.437316
vn 0.937734 0.287305 0.195222
vn 0.932154 0.347371 0.102093
vn 0.853612 0.323321 0.408423
vn 0.904022 0.166095 0.393899
vn 0.974019 0.111899 0.196891
vn 0.937734 0.287305 0.195222
vn 0.829168 0.348188 0.437316
vn 0.974019 0.111899 0.196891
vn 0.904022 0.166095 0.393899
vn 0.929085 0.110392 0.353007
vn 0.904840 0.232789 0.356475
vn 0.904022 0.166095 0.393899
vn 0.733217 0.254900 0.630412
vn 0.857376 0.115785 0.501498
vn 0.929085 0.110392 0.353007
vn 0.829168 0.348188 0.437316
vn 0.698503 0.341138 0.629062
vn 0.733217 0.254900 0.630412
vn 0.904022 0.166095 0.393899
vn -0.089902 0.223909 0.970455
vn -0.188502 -0.079292 0.978867
vn 0.029503 -0.023007 0.999300
vn 0.076805 0.196001 0.977591
vn 0.076805 0.196001 0.977591
vn 0.029503 -0.023007 0.999300
vn 0.233285 0.006225 0.972389
vn 0.246602 0.228029 0.941908
vn -0.089902 0.223909 0.970455
vn 0.076805 0.196001 0.977591
vn 0.127698 0.436704 0.890496
vn -0.075906 0.445276 0.892170
vn 0.246602 0.228029 0.941908
vn 0.302309 0.463891 0.832715
vn 0.127698 0.436704 0.890496
vn 0.076805 0.196001 0.977591
vn 0.675649 0.154774 0.720793
vn 0.675979 0.046577 0.735448
vn 0.763297 0.058195 0.643421
vn 0.762420 0.158706 0.627318
vn 0.762420 0.158706 0.627318
vn 0.763297 0.058195 0.643421
vn 0.839221 0.027297 0.543104
vn 0.831728 0.133015 0.539014
vn 0.626138 0.350023 0.696732
vn 0.721276 0.354311 0.595168
vn 0.677210 0.454957 0.578274
vn 0.564097 0.473287 0.676605
vn 0.797585 0.372034 0.474813
vn 0.763365 0.494074 0.416131
vn 0.677210 0.454957 0.578274
vn 0.721276 0.354311 0.595168
vn 0.979802 0.078089 0.184091
vn 0.948658 0.173289 0.264612
vn 0.929591 0.009373 0.368474
vn 0.950574 -0.013583 0.310200
vn 0.933363 0.215587 0.286978
vn 0.948658 0.173289 0.264612
vn 0.980039 0.148480 0.132203
vn 0.979323 -0.020707 0.201242
vn 0.986266 0.080204 0.144386
vn 0.941287 0.123588 0.314174
vn 0.963992 0.188393 0.187691
vn 0.996635 0.078019 0.025138
vn 0.965794 0.137217 0.220029
vn 0.986266 0.080204 0.144386
vn 0.998788 -0.006602 0.048779
vn 0.987393 0.089613 0.130478
vn 0.963992 0.188393 0.187691
vn 0.869100 0.470805 0.151683
vn 0.966660 0.237390 0.095995
vn 0.996635 0.078019 0.025138
vn 0.996635 0.078019 0.025138
vn 0.966660 0.237390 0.095995
vn 0.984499 0.172804 -0.030021
vn 0.998917 0.004609 -0.046302
vn 0.986266 0.080204 0.144386
vn 0.965794 0.137217 0.220029
vn 0.919693 0.162182 0.357579
vn 0.941287 0.123588 0.314174
vn 0.986266 0.080204 0.144386
vn 0.996635 0.078019 0.025138
vn 0.998917 0.004609 -0.046302
vn 0.998788 -0.006602 0.048779
vn 0.979802 0.078089 0.184091
vn 0.983338 0.035481 0.178291
vn 0.987478 0.156198 0.022107
vn 0.982025 0.183298 0.045042
vn 0.983338 0.035481 0.178291
vn 0.979802 0.078089 0.184091
vn 0.950574 -0.013583 0.310200
vn 0.958663 0.009414 0.284388
vn 0.948658 0.173289 0.264612
vn 0.933363 0.215587 0.286978
vn 0.911723 0.094417 0.399809
vn 0.929591 0.009373 0.368474
vn 0.948658 0.173289 0.264612
vn 0.979802 0.078089 0.184091
vn 0.982025 0.183298 0.045042
vn 0.980039 0.148480 0.132203
vn 0.995772 0.083398 -0.038497
vn 0.999653 -0.000364 0.026322
vn 0.998803 -0.005764 -0.048566
vn 0.970793 0.170107 -0.169186
vn 0.999653 -0.000364 0.026322
vn 0.997077 -0.074986 -0.014679
vn 0.988044 -0.142307 -0.059306
vn 0.998803 -0.005764 -0.048566
vn 0.992706 -0.030994 0.116510
vn 0.980049 -0.093919 0.175164
vn 0.970551 -0.006365 0.240811
vn 0.988681 0.026218 0.147723
vn 0.980564 -0.013779 0.195714
vn 0.988681 0.026218 0.147723
vn 0.970551 -0.006365 0.240811
vn 0.933532 -0.007804 0.358409
vn 0.897524 -0.223012 0.380415
vn 0.929883 -0.183877 0.318600
vn 0.958969 -0.212477 0.187700
vn 0.954468 -0.145207 0.260586
vn 0.954468 -0.145207 0.260586
vn 0.958969 -0.212477 0.187700
vn 0.994973 -0.083084 0.055903
vn 0.990016 -0.022786 0.139104
vn 0.859313 -0.121106 0.496904
vn 0.918001 -0.034286 0.395093
vn 0.903913 -0.003389 0.427703
vn 0.845895 -0.058019 0.530184
vn 0.959887 -0.040901 0.277388
vn 0.944831 -0.088805 0.315290
vn 0.903913 -0.003389 0.427703
vn 0.918001 -0.034286 0.395093
vn 0.784454 -0.166215 0.597499
vn 0.771770 -0.126175 0.623258
vn 0.837072 -0.026296 0.546461
vn 0.869685 -0.085793 0.486095
vn 0.869685 -0.085793 0.486095
vn 0.837072 -0.026296 0.546461
vn 0.906569 0.054689 0.418499
vn 0.934611 -0.027600 0.354600
vn 0.833277 -0.053010 0.550308
vn 0.775378 0.081803 0.626177
vn 0.671335 0.028203 0.740618
vn 0.745285 -0.118393 0.656150
vn 0.833277 -0.053010 0.550308
vn 0.869685 -0.085793 0.486095
vn 0.934611 -0.027600 0.354600
vn 0.872901 0.049783 0.485352
vn 0.934517 -0.315420 0.164892
vn 0.936575 -0.337110 0.095830
vn 0.984021 -0.171285 0.048617
vn 0.979188 -0.147712 0.139182
vn 0.979188 -0.147712 0.139182
vn 0.984021 -0.171285 0.048617
vn 0.999707 -0.018909 0.015092
vn 0.996239 0.007980 0.086280
vn 0.932558 -0.188211 0.308079
vn 0.944355 -0.063676 0.322706
vn 0.934312 -0.034371 0.354794
vn 0.959542 -0.080481 0.269818
vn 0.970393 -0.002575 0.241520
vn 0.955005 -0.061288 0.290188
vn 0.934312 -0.034371 0.354794
vn 0.944355 -0.063676 0.322706
vn 0.006393 -0.134710 0.990865
vn 0.007379 -0.435023 0.900389
vn 0.255914 -0.458976 0.850793
vn 0.228489 -0.160089 0.960294
vn -0.281372 -0.161001 0.945996
vn -0.221010 -0.367153 0.903523
vn 0.007379 -0.435023 0.900389
vn 0.006393 -0.134710 0.990865
vn -0.034292 -0.027515 0.999033
vn 0.006393 -0.134710 0.990865
vn 0.228489 -0.160089 0.960294
vn 0.131688 -0.104102 0.985810
vn -0.274474 -0.047299 0.960431
vn -0.281372 -0.161001 0.945996
vn 0.006393 -0.134710 0.990865
vn -0.034292 -0.027515 0.999033
vn 0.007379 -0.435023 0.900389
vn 0.056402 -0.563977 0.823862
vn 0.259390 -0.601110 0.755899
vn 0.255914 -0.458976 0.850793
vn -0.221010 -0.367153 0.903523
vn -0.144091 -0.453356 0.879605
vn 0.056402 -0.563977 0.823862
vn 0.007379 -0.435023 0.900389
vn 0.549030 -0.357399 0.755534
vn 0.709210 -0.259272 0.655590
vn 0.766595 -0.052798 0.639956
vn 0.621705 -0.111387 0.775291
vn 0.331497 -0.187781 0.924580
vn 0.264667 -0.429800 0.863263
vn 0.549030 -0.357399 0.755534
vn 0.621705 -0.111387 0.775291
vn 0.584016 0.044195 0.810538
vn 0.621705 -0.111387 0.775291
vn 0.766595 -0.052798 0.639956
vn 0.731892 -0.035290 0.680506
vn 0.360193 -0.003397 0.932872
vn 0.331497 -0.187781 0.924580
vn 0.621705 -0.111387 0.775291
vn 0.584016 0.044195 0.810538
vn 0.549030 -0.357399 0.755534
vn 0.488080 -0.477684 0.730476
vn 0.699080 -0.467102 0.541389
vn 0.709210 -0.259272 0.655590
vn 0.264667 -0.429800 0.863263
vn 0.191697 -0.549265 0.813364
vn 0.488080 -0.477684 0.730476
vn 0.549030 -0.357399 0.755534
vn 0.902978 -0.426711 0.050491
vn 0.968583 -0.247288 -0.026393
vn 0.972835 -0.199519 0.117402
vn 0.954725 -0.216243 0.204301
vn 0.904188 -0.344586 0.252399
vn 0.857211 -0.498309 0.129911
vn 0.902978 -0.426711 0.050491
vn 0.954725 -0.216243 0.204301
vn 0.956089 -0.167495 0.240496
vn 0.954725 -0.216243 0.204301
vn 0.972835 -0.199519 0.117402
vn 0.941708 -0.255129 0.219305
vn 0.926851 -0.214264 0.308282
vn 0.904188 -0.344586 0.252399
vn 0.954725 -0.216243 0.204301
vn 0.956089 -0.167495 0.240496
vn 0.902978 -0.426711 0.050491
vn 0.859189 -0.510487 -0.034595
vn 0.940048 -0.333904 -0.069407
vn 0.968583 -0.247288 -0.026393
vn 0.857211 -0.498309 0.129911
vn 0.890903 -0.449517 0.065015
vn 0.859189 -0.510487 -0.034595
vn 0.902978 -0.426711 0.050491
vn 0.886121 -0.227477 0.403786
vn 0.851727 -0.246616 0.462322
vn 0.851647 -0.467864 0.236222
vn 0.891477 -0.433952 0.130207
vn 0.928004 -0.221866 0.299308
vn 0.886121 -0.227477 0.403786
vn 0.891477 -0.433952 0.130207
vn 0.924791 -0.372498 0.077499
vn 0.851591 -0.129720 0.507904
vn 0.755702 -0.075901 0.650502
vn 0.851727 -0.246616 0.462322
vn 0.886121 -0.227477 0.403786
vn 0.894016 -0.147161 0.423178
vn 0.851591 -0.129720 0.507904
vn 0.886121 -0.227477 0.403786
vn 0.928004 -0.221866 0.299308
vn 0.891477 -0.433952 0.130207
vn 0.851647 -0.467864 0.236222
vn 0.810010 -0.581742 0.073895
vn 0.839582 -0.543193 -0.006595
vn 0.924791 -0.372498 0.077499
vn 0.891477 -0.433952 0.130207
vn 0.839582 -0.543193 -0.006595
vn 0.884228 -0.447329 0.134304
vn 0.991488 -0.062884 0.114002
vn 0.943675 -0.223274 0.244184
vn 0.963260 -0.241505 0.117500
vn 0.975153 -0.154284 -0.158973
vn 0.988511 0.083796 -0.125797
vn 0.991488 -0.062884 0.114002
vn 0.975153 -0.154284 -0.158973
vn 0.988308 -0.050089 -0.144006
vn 0.969538 -0.035807 0.242311
vn 0.988940 -0.133124 0.065387
vn 0.943675 -0.223274 0.244184
vn 0.991488 -0.062884 0.114002
vn 0.990459 0.130293 0.044886
vn 0.969538 -0.035807 0.242311
vn 0.991488 -0.062884 0.114002
vn 0.988511 0.083796 -0.125797
vn 0.975153 -0.154284 -0.158973
vn 0.963260 -0.241505 0.117500
vn 0.965890 -0.247610 -0.075799
vn 0.940778 -0.204105 -0.270701
vn 0.988308 -0.050089 -0.144006
vn 0.975153 -0.154284 -0.158973
vn 0.940778 -0.204105 -0.270701
vn 0.991964 -0.119801 0.040697
vn 0.955873 -0.275471 -0.102094
vn 0.985712 -0.155683 -0.064294
vn 0.996360 -0.075286 -0.039985
vn 0.972457 -0.229998 0.037804
vn 0.936724 -0.332502 0.109500
vn 0.951481 -0.307708 -0.000300
vn 0.955873 -0.275471 -0.102094
vn 0.972457 -0.229998 0.037804
vn 0.972457 -0.229998 0.037804
vn 0.996360 -0.075286 -0.039985
vn 0.998957 -0.043197 -0.014796
vn 0.987793 -0.101798 0.117908
vn 0.940662 -0.241606 0.238289
vn 0.936724 -0.332502 0.109500
vn 0.972457 -0.229998 0.037804
vn 0.987793 -0.101798 0.117908
vn 0.955873 -0.275471 -0.102094
vn 0.953099 -0.268219 -0.140217
vn 0.963210 -0.209025 -0.168926
vn 0.985712 -0.155683 -0.064294
vn 0.951481 -0.307708 -0.000300
vn 0.976743 -0.213412 0.020702
vn 0.953099 -0.268219 -0.140217
vn 0.955873 -0.275471 -0.102094
vn 0.958676 -0.141889 0.246593
vn 0.950823 -0.305624 0.050300
vn 0.972805 -0.223315 0.061489
vn 0.966834 -0.108701 0.231120
vn 0.940375 -0.238333 0.242678
vn 0.932756 -0.351703 0.079193
vn 0.950823 -0.305624 0.050300
vn 0.958676 -0.141889 0.246593
vn 0.951185 -0.058105 0.303101
vn 0.958676 -0.141889 0.246593
vn 0.966834 -0.108701 0.231120
vn 0.950949 -0.127385 0.281902
vn 0.943718 -0.136218 0.301397
vn 0.940375 -0.238333 0.242678
vn 0.958676 -0.141889 0.246593
vn 0.951185 -0.058105 0.303101
vn 0.950823 -0.305624 0.050300
vn 0.921522 -0.381407 -0.072982
vn 0.937468 -0.329081 -0.113400
vn 0.972805 -0.223315 0.061489
vn 0.932756 -0.351703 0.079193
vn 0.908834 -0.415388 -0.038384
vn 0.921522 -0.381407 -0.072982
vn 0.950823 -0.305624 0.050300
vn 0.853612 0.323321 0.408423
vn 0.792792 0.274380 0.544239
vn 0.698503 0.341138 0.629062
vn 0.829168 0.348188 0.437316
vn 0.847623 -0.183399 0.497895
vn 0.874915 -0.040399 0.482588
vn 0.892572 -0.243665 0.379397
vn 0.885904 -0.204392 0.416411
vn 0.885904 -0.204392 0.416411
vn 0.892572 -0.243665 0.379397
vn 0.933869 -0.176024 0.311294
vn 0.919303 -0.115278 0.376289
vn 0.772803 -0.192990 0.604592
vn 0.841350 -0.137297 0.522762
vn 0.810687 -0.122016 0.572624
vn 0.681467 -0.146213 0.717095
vn 0.879412 -0.115610 0.461810
vn 0.855614 -0.158985 0.492593
vn 0.810687 -0.122016 0.572624
vn 0.841350 -0.137297 0.522762
vn 0.101295 0.368088 0.924257
vn 0.319134 0.338396 0.885235
vn 0.258095 0.427671 0.866305
vn 0.062005 0.435309 0.898143
vn -0.119294 0.403239 0.907286
vn 0.101295 0.368088 0.924257
vn 0.062005 0.435309 0.898143
vn -0.172372 0.447592 0.877467
vn -0.172372 0.447592 0.877467
vn 0.062005 0.435309 0.898143
vn -0.003694 0.486897 0.873451
vn -0.245501 0.479912 0.842267
vn 0.062005 0.435309 0.898143
vn 0.258095 0.427671 0.866305
vn 0.232299 0.500810 0.833803
vn -0.003694 0.486897 0.873451
vn 0.924268 0.013484 0.381505
vn 0.947995 0.007096 0.318206
vn 0.967553 0.072635 0.242002
vn 0.952269 0.037111 0.302996
vn 0.884492 -0.007898 0.466488
vn 0.931623 -0.037218 0.361514
vn 0.947995 0.007096 0.318206
vn 0.924268 0.013484 0.381505
vn 0.946909 0.003995 0.321477
vn 0.924268 0.013484 0.381505
vn 0.952269 0.037111 0.302996
vn 0.954957 0.107281 0.276674
vn 0.914043 -0.047406 0.402838
vn 0.884492 -0.007898 0.466488
vn 0.924268 0.013484 0.381505
vn 0.946909 0.003995 0.321477
vn 0.947995 0.007096 0.318206
vn 0.978167 -0.072960 0.194592
vn 0.990483 -0.009722 0.137295
vn 0.967553 0.072635 0.242002
vn 0.931623 -0.037218 0.361514
vn 0.955016 0.027280 0.295298
vn 0.978167 -0.072960 0.194592
vn 0.947995 0.007096 0.318206
vn 0.419014 0.492492 0.762810
vn 0.501090 0.502884 0.704284
vn 0.429982 0.355599 0.829858
vn 0.333005 0.449432 0.828926
vn 0.326402 0.600514 0.729962
vn 0.419014 0.492492 0.762810
vn 0.333005 0.449432 0.828926
vn 0.145116 0.699274 0.699970
vn 0.488905 0.534614 0.689318
vn 0.556738 0.536845 0.633909
vn 0.501090 0.502884 0.704284
vn 0.419014 0.492492 0.762810
vn 0.391399 0.549901 0.737846
vn 0.488905 0.534614 0.689318
vn 0.419014 0.492492 0.762810
vn 0.326402 0.600514 0.729962
vn 0.333005 0.449432 0.828926
vn 0.429982 0.355599 0.829858
vn 0.389984 0.178004 0.903453
vn 0.132064 0.631911 0.763706
vn 0.145116 0.699274 0.699970
vn 0.333005 0.449432 0.828926
vn 0.132064 0.631911 0.763706
vn 0.063372 0.717193 0.693987
vn 0.130204 0.648980 0.749581
vn 0.239216 0.521215 0.819213
vn 0.104690 0.554188 0.825782
vn 0.007429 0.655116 0.755492
vn 0.088520 0.770815 0.630879
vn 0.130204 0.648980 0.749581
vn 0.007429 0.655116 0.755492
vn -0.130577 0.773917 0.619679
vn 0.255214 0.550891 0.794597
vn 0.290321 0.530813 0.796211
vn 0.239216 0.521215 0.819213
vn 0.130204 0.648980 0.749581
vn 0.226203 0.719607 0.656504
vn 0.255214 0.550891 0.794597
vn 0.130204 0.648980 0.749581
vn 0.088520 0.770815 0.630879
vn 0.007429 0.655116 0.755492
vn 0.104690 0.554188 0.825782
vn 0.088639 0.532516 0.841766
vn -0.093336 0.720501 0.687144
vn -0.130577 0.773917 0.619679
vn 0.007429 0.655116 0.755492
vn -0.093336 0.720501 0.687144
vn -0.177308 0.819889 0.544375
vn 0.230011 0.635512 0.737034
vn 0.296489 0.495772 0.816275
vn 0.271485 0.480898 0.833686
vn 0.072805 0.705558 0.704903
vn 0.156123 0.841199 0.517697
vn 0.230011 0.635512 0.737034
vn 0.072805 0.705558 0.704903
vn -0.152546 0.814320 0.560011
vn 0.282090 0.577906 0.765800
vn 0.406313 0.543189 0.734748
vn 0.296489 0.495772 0.816275
vn 0.230011 0.635512 0.737034
vn 0.295608 0.779987 0.551576
vn 0.282090 0.577906 0.765800
vn 0.230011 0.635512 0.737034
vn 0.156123 0.841199 0.517697
vn 0.072805 0.705558 0.704903
vn 0.271485 0.480898 0.833686
vn 0.159693 0.479931 0.862650
vn -0.148081 0.722032 0.675826
vn -0.152546 0.814320 0.560011
vn 0.072805 0.705558 0.704903
vn -0.148081 0.722032 0.675826
vn -0.234798 0.745696 0.623545
vn -0.447774 0.454092 0.770259
vn -0.461916 0.376810 0.802900
vn -0.505341 0.296481 0.810388
vn -0.487062 0.476591 0.731869
vn -0.396988 0.565394 0.723001
vn -0.292770 0.648020 0.703104
vn -0.461916 0.376810 0.802900
vn -0.447774 0.454092 0.770259
vn -0.458691 0.521775 0.719273
vn -0.447774 0.454092 0.770259
vn -0.487062 0.476591 0.731869
vn -0.507092 0.517939 0.688910
vn -0.399975 0.540666 0.740068
vn -0.396988 0.565394 0.723001
vn -0.447774 0.454092 0.770259
vn -0.458691 0.521775 0.719273
vn -0.461916 0.376810 0.802900
vn -0.304360 0.585762 0.751165
vn -0.543212 0.109376 0.832441
vn -0.505341 0.296481 0.810388
vn -0.292770 0.648020 0.703104
vn -0.247382 0.654260 0.714665
vn -0.304360 0.585762 0.751165
vn -0.461916 0.376810 0.802900
vn -0.227522 0.737106 0.636324
vn -0.216096 0.744804 0.631324
vn -0.338386 0.574878 0.744990
vn -0.316230 0.582228 0.749005
vn -0.363033 0.484012 0.796203
vn -0.316230 0.582228 0.749005
vn -0.365592 0.466396 0.805492
vn -0.371453 0.459316 0.806878
vn -0.421217 0.638613 0.644011
vn -0.227522 0.737106 0.636324
vn -0.316230 0.582228 0.749005
vn -0.363033 0.484012 0.796203
vn -0.525219 0.433648 0.732185
vn -0.356517 0.470127 0.807389
vn -0.338386 0.574878 0.744990
vn -0.329807 0.706403 0.626276
vn -0.356517 0.470127 0.807389
vn -0.365592 0.466396 0.805492
vn -0.316230 0.582228 0.749005
vn -0.338386 0.574878 0.744990
vn -0.216096 0.744804 0.631324
vn -0.267602 0.807415 0.525805
vn -0.329807 0.706403 0.626276
vn -0.338386 0.574878 0.744990
vn -0.377701 0.565423 0.733239
vn -0.331525 0.624791 0.706914
vn -0.456840 0.393432 0.797814
vn -0.403746 0.445630 0.799001
vn -0.290152 0.776627 0.559162
vn -0.090073 0.786097 0.611505
vn -0.331525 0.624791 0.706914
vn -0.377701 0.565423 0.733239
vn -0.369777 0.514496 0.773666
vn -0.377701 0.565423 0.733239
vn -0.403746 0.445630 0.799001
vn -0.459214 0.471716 0.752732
vn -0.429155 0.697305 0.574101
vn -0.290152 0.776627 0.559162
vn -0.377701 0.565423 0.733239
vn -0.369777 0.514496 0.773666
vn -0.331525 0.624791 0.706914
vn -0.132792 0.711996 0.689512
vn -0.433767 0.455474 0.777425
vn -0.456840 0.393432 0.797814
vn -0.090073 0.786097 0.611505
vn -0.075705 0.725824 0.683702
vn -0.132792 0.711996 0.689512
vn -0.331525 0.624791 0.706914
vn 0.385604 0.573883 0.722473
vn 0.412719 0.466809 0.782146
vn 0.487326 0.508619 0.709803
vn 0.456808 0.492233 0.740968
vn 0.456808 0.492233 0.740968
vn 0.487326 0.508619 0.709803
vn 0.558910 0.556413 0.614837
vn 0.515362 0.436186 0.737661
vn 0.456808 0.492233 0.740968
vn 0.339494 0.365783 0.866572
vn 0.351895 0.535677 0.767607
vn 0.385604 0.573883 0.722473
vn 0.418505 0.453508 0.786882
vn 0.536151 0.549184 0.641045
vn 0.487326 0.508619 0.709803
vn 0.412719 0.466809 0.782146
vn 0.339494 0.365783 0.866572
vn 0.456808 0.492233 0.740968
vn 0.515362 0.436186 0.737661
vn 0.430192 0.275880 0.859549
vn 0.536151 0.549184 0.641045
vn 0.580300 0.566405 0.585181
vn 0.558910 0.556413 0.614837
vn 0.487326 0.508619 0.709803
vn -0.651324 0.511829 0.560185
vn -0.533040 0.484130 0.693892
vn -0.465988 0.614491 0.636597
vn -0.594999 0.629110 0.500197
vn -0.463033 0.288421 0.838101
vn -0.402501 0.469904 0.785610
vn -0.533040 0.484130 0.693892
vn -0.560879 0.346987 0.751675
vn 0.571002 0.543686 0.615111
vn 0.640221 0.616659 0.458093
vn 0.661673 0.603981 0.444292
vn 0.548472 0.478370 0.685814
vn 0.571002 0.543686 0.615111
vn 0.446979 0.445793 0.775550
vn 0.458722 0.490797 0.740738
vn 0.553199 0.556483 0.619917
vn -0.636185 0.581385 0.507208
vn -0.644409 0.507516 0.571983
vn -0.580465 0.463795 0.669294
vn -0.587588 0.507211 0.630457
vn -0.691566 0.605015 0.394579
vn -0.673222 0.621795 0.400178
vn -0.644409 0.507516 0.571983
vn -0.636185 0.581385 0.507208
vn 0.618107 0.624589 0.477318
vn 0.608690 0.550407 0.571444
vn 0.473924 0.660210 0.582682
vn 0.581694 0.651770 0.486649
vn 0.581694 0.651770 0.486649
vn 0.473924 0.660210 0.582682
vn 0.214093 0.807996 0.548914
vn 0.423913 0.838176 0.343160
vn -0.522810 0.333312 0.784584
vn -0.638698 0.474817 0.605486
vn -0.646725 0.245801 0.722031
vn -0.498569 0.166707 0.850669
vn -0.638698 0.474817 0.605486
vn -0.757621 0.483488 0.438463
vn -0.790990 0.329725 0.515380
vn -0.646725 0.245801 0.722031
vn -0.638698 0.474817 0.605486
vn -0.522810 0.333312 0.784584
vn -0.553210 0.485009 0.677292
vn -0.595586 0.609478 0.523272
vn -0.732313 0.242810 0.636208
vn -0.603473 0.414984 0.680888
vn -0.498569 0.166707 0.850669
vn -0.646725 0.245801 0.722031
vn -0.725894 0.536005 0.431018
vn -0.757621 0.483488 0.438463
vn -0.638698 0.474817 0.605486
vn -0.595586 0.609478 0.523272
vn -0.732313 0.242810 0.636208
vn -0.646725 0.245801 0.722031
vn -0.790990 0.329725 0.515380
vn -0.810418 0.244716 0.532295
vn 0.605707 0.526126 0.596917
vn 0.613878 0.523124 0.591181
vn 0.668541 0.565730 0.482704
vn 0.671388 0.523273 0.524809
vn 0.671388 0.523273 0.524809
vn 0.668541 0.565730 0.482704
vn 0.637915 0.665803 0.387003
vn 0.697198 0.612042 0.373256
vn 0.671388 0.523273 0.524809
vn 0.606714 0.288526 0.740710
vn 0.598307 0.372109 0.709622
vn 0.605707 0.526126 0.596917
vn 0.643684 0.598220 0.477288
vn 0.668541 0.565730 0.482704
vn 0.613878 0.523124 0.591181
vn 0.637700 0.467466 0.612221
vn 0.694381 0.471781 0.543376
vn 0.606714 0.288526 0.740710
vn 0.671388 0.523273 0.524809
vn 0.697198 0.612042 0.373256
vn 0.643684 0.598220 0.477288
vn 0.532687 0.702010 0.472680
vn 0.637915 0.665803 0.387003
vn 0.668541 0.565730 0.482704
vn -0.039482 0.996305 0.076270
vn -0.377965 0.807373 0.453091
vn -0.355101 0.909459 0.216303
vn -0.078514 0.985634 -0.149538
vn -0.377965 0.807373 0.453091
vn -0.445388 0.591514 0.672117
vn -0.421218 0.741281 0.522569
vn -0.355101 0.909459 0.216303
vn -0.078514 0.985634 -0.149538
vn -0.355101 0.909459 0.216303
vn -0.456300 0.848582 -0.267766
vn 0.259012 0.471885 -0.842756
vn -0.355101 0.909459 0.216303
vn -0.421218 0.741281 0.522569
vn -0.491631 0.848911 0.194031
vn -0.456300 0.848582 -0.267766
vn -0.202616 0.938221 0.280515
vn -0.454152 0.709874 0.538354
vn -0.377965 0.807373 0.453091
vn -0.039482 0.996305 0.076270
vn -0.454152 0.709874 0.538354
vn -0.491654 0.493780 0.717258
vn -0.445388 0.591514 0.672117
vn -0.377965 0.807373 0.453091
vn 0.088309 0.989707 0.112609
vn 0.232201 0.963272 0.134869
vn 0.216625 0.951544 0.218260
vn 0.079610 0.993873 0.076676
vn 0.079610 0.993873 0.076676
vn 0.216625 0.951544 0.218260
vn 0.262699 0.845138 0.465544
vn 0.148377 0.966290 0.210401
vn 0.232201 0.963272 0.134869
vn -0.039884 0.614674 -0.787773
vn 0.269614 0.876534 -0.398743
vn 0.216625 0.951544 0.218260
vn 0.216625 0.951544 0.218260
vn 0.269614 0.876534 -0.398743
vn 0.332579 0.941894 0.047191
vn 0.262699 0.845138 0.465544
vn -0.042632 0.997913 0.048504
vn 0.088309 0.989707 0.112609
vn 0.079610 0.993873 0.076676
vn -0.017801 0.994517 0.103049
vn -0.017801 0.994517 0.103049
vn 0.079610 0.993873 0.076676
vn 0.148377 0.966290 0.210401
vn 0.043685 0.940455 0.337100
vn -0.206423 0.222907 0.952734
vn -0.166390 0.290867 0.942184
vn -0.338693 0.314097 0.886922
vn -0.265600 0.219891 0.938672
vn -0.310810 0.173302 0.934539
vn -0.285698 0.247113 0.925911
vn -0.206423 0.222907 0.952734
vn -0.265600 0.219891 0.938672
vn -0.166390 0.290867 0.942184
vn -0.206423 0.222907 0.952734
vn -0.084093 0.258959 0.962221
vn 0.151599 0.315493 0.936740
vn -0.285698 0.247113 0.925911
vn -0.247494 0.370106 0.895415
vn -0.084093 0.258959 0.962221
vn -0.206423 0.222907 0.952734
vn -0.287586 0.506985 0.812564
vn -0.302698 0.265713 0.915298
vn -0.190396 0.216811 0.957467
vn -0.152107 0.497170 0.854216
vn -0.426120 0.490609 0.760082
vn -0.340227 0.345134 0.874716
vn -0.302698 0.265713 0.915298
vn -0.287586 0.506985 0.812564
vn -0.265298 0.199707 0.943257
vn -0.302698 0.265713 0.915298
vn -0.340227 0.345134 0.874716
vn -0.334979 0.237584 0.911780
vn -0.196655 0.024465 0.980168
vn -0.190396 0.216811 0.957467
vn -0.302698 0.265713 0.915298
vn -0.265298 0.199707 0.943257
vn -0.201898 0.656398 0.726897
vn -0.287586 0.506985 0.812564
vn -0.152107 0.497170 0.854216
vn -0.237093 0.532573 0.812498
vn -0.396283 0.627563 0.670167
vn -0.426120 0.490609 0.760082
vn -0.287586 0.506985 0.812564
vn -0.201898 0.656398 0.726897
vn -0.498593 0.519906 0.693616
vn -0.530211 0.366632 0.764498
vn -0.364576 0.287784 0.885587
vn -0.357002 0.506708 0.784727
vn -0.655516 0.524911 0.542925
vn -0.707694 0.450696 0.544098
vn -0.530211 0.366632 0.764498
vn -0.498593 0.519906 0.693616
vn -0.423383 0.653763 0.627169
vn -0.498593 0.519906 0.693616
vn -0.357002 0.506708 0.784727
vn -0.323585 0.626254 0.709295
vn -0.591104 0.663519 0.458628
vn -0.655516 0.524911 0.542925
vn -0.498593 0.519906 0.693616
vn -0.423383 0.653763 0.627169
vn -0.530211 0.366632 0.764498
vn -0.638718 0.411125 0.650397
vn -0.374392 0.256488 0.891092
vn -0.364576 0.287784 0.885587
vn -0.707694 0.450696 0.544098
vn -0.750236 0.455304 0.479421
vn -0.638718 0.411125 0.650397
vn -0.530211 0.366632 0.764498
vn -0.494604 0.620812 0.608243
vn -0.359819 0.702594 0.613916
vn -0.515125 0.524818 0.677652
vn -0.546851 0.562982 0.619681
vn -0.306093 0.778705 0.547654
vn -0.170408 0.793479 0.584254
vn -0.359819 0.702594 0.613916
vn -0.494604 0.620812 0.608243
vn -0.486593 0.658943 0.573604
vn -0.494604 0.620812 0.608243
vn -0.546851 0.562982 0.619681
vn -0.596618 0.571027 0.563893
vn -0.519998 0.680407 0.516380
vn -0.306093 0.778705 0.547654
vn -0.494604 0.620812 0.608243
vn -0.486593 0.658943 0.573604
vn -0.359819 0.702594 0.613916
vn -0.201605 0.770818 0.604314
vn -0.321379 0.673061 0.666111
vn -0.515125 0.524818 0.677652
vn -0.201605 0.770818 0.604314
vn -0.359819 0.702594 0.613916
vn -0.170408 0.793479 0.584254
vn -0.148514 0.787447 0.598224
vn -0.642046 0.519933 0.563423
vn -0.560879 0.346987 0.751675
vn -0.533040 0.484130 0.693892
vn -0.651324 0.511829 0.560185
vn -0.602821 0.465482 0.648023
vn -0.559495 0.396566 0.727805
vn -0.560879 0.346987 0.751675
vn -0.642046 0.519933 0.563423
vn -0.463033 0.288421 0.838101
vn -0.560879 0.346987 0.751675
vn -0.559495 0.396566 0.727805
vn -0.510808 0.409791 0.755742
vn -0.402501 0.469904 0.785610
vn -0.378106 0.576536 0.724322
vn -0.465988 0.614491 0.636597
vn -0.533040 0.484130 0.693892
vn -0.090900 0.698908 0.709411
vn 0.213996 0.583784 0.783200
vn 0.203597 0.774904 0.598392
vn -0.092197 0.864384 0.494308
vn -0.140699 0.532568 0.834611
vn 0.059945 0.606668 0.792692
vn 0.213996 0.583784 0.783200
vn -0.090900 0.698908 0.709411
vn -0.092197 0.864384 0.494308
vn -0.208923 0.837401 0.505085
vn -0.371096 0.661691 0.651501
vn -0.090900 0.698908 0.709411
vn -0.140699 0.532568 0.834611
vn -0.090900 0.698908 0.709411
vn -0.371096 0.661691 0.651501
vn -0.418676 0.466271 0.779296
vn -0.636185 0.581385 0.507208
vn -0.587588 0.507211 0.630457
vn -0.601610 0.554998 0.574494
vn -0.636063 0.597075 0.488800
vn -0.569303 0.338495 0.749209
vn -0.580465 0.463795 0.669294
vn -0.644409 0.507516 0.571983
vn -0.639416 0.543746 0.543587
vn -0.636063 0.597075 0.488800
vn -0.680115 0.562977 0.469575
vn -0.691566 0.605015 0.394579
vn -0.636185 0.581385 0.507208
vn -0.639416 0.543746 0.543587
vn -0.644409 0.507516 0.571983
vn -0.673222 0.621795 0.400178
vn -0.592419 0.665118 0.454596
vn -0.497804 0.532430 0.684624
vn -0.420082 0.325690 0.847029
vn -0.527401 0.543081 0.653384
vn -0.590809 0.671494 0.447260
vn -0.420082 0.325690 0.847029
vn -0.497804 0.532430 0.684624
vn -0.443701 0.602871 0.663081
vn -0.401723 0.382211 0.832186
vn -0.391600 0.755390 0.525391
vn -0.211582 0.759225 0.615477
vn -0.443701 0.602871 0.663081
vn -0.497804 0.532430 0.684624
vn -0.590809 0.671494 0.447260
vn -0.403610 0.911641 0.077528
vn -0.391600 0.755390 0.525391
vn -0.497804 0.532430 0.684624
vn -0.590809 0.671494 0.447260
vn -0.527401 0.543081 0.653384
vn -0.574298 0.636829 0.514423
vn -0.635978 0.684804 0.355774
vn -0.491010 0.866511 0.089817
vn -0.403610 0.911641 0.077528
vn -0.590809 0.671494 0.447260
vn -0.635978 0.684804 0.355774
vn -0.659482 0.516907 0.545794
vn -0.688571 0.414970 0.594701
vn -0.593122 0.433532 0.678422
vn -0.523958 0.486445 0.699171
vn -0.679969 0.577896 0.451307
vn -0.584396 0.540097 0.605621
vn -0.688571 0.414970 0.594701
vn -0.659482 0.516907 0.545794
vn -0.659482 0.516907 0.545794
vn -0.572808 0.522798 0.631326
vn -0.702027 0.613396 0.361805
vn -0.679969 0.577896 0.451307
vn -0.523958 0.486445 0.699171
vn -0.519400 0.485789 0.703017
vn -0.572808 0.522798 0.631326
vn -0.659482 0.516907 0.545794
vn -0.688571 0.414970 0.594701
vn -0.674486 0.388010 0.628106
vn -0.648903 0.383977 0.656876
vn -0.593122 0.433532 0.678422
vn -0.584396 0.540097 0.605621
vn -0.492375 0.547771 0.676398
vn -0.674486 0.388010 0.628106
vn -0.688571 0.414970 0.594701
vn -0.560763 0.532695 0.633862
vn -0.635815 0.493219 0.593696
vn -0.641965 0.577561 0.504286
vn -0.602798 0.561273 0.567105
vn -0.561295 0.506007 0.654908
vn -0.560763 0.532695 0.633862
vn -0.602798 0.561273 0.567105
vn -0.585266 0.538299 0.606381
vn -0.720996 0.561897 0.405508
vn -0.634491 0.657822 0.405821
vn -0.641965 0.577561 0.504286
vn -0.653181 0.556591 0.513382
vn -0.602798 0.561273 0.567105
vn -0.641965 0.577561 0.504286
vn -0.634491 0.657822 0.405821
vn -0.490686 0.700507 0.518186
vn -0.585266 0.538299 0.606381
vn -0.602798 0.561273 0.567105
vn -0.490686 0.700507 0.518186
vn -0.463773 0.652071 0.599765
vn -0.653181 0.556591 0.513382
vn -0.641965 0.577561 0.504286
vn -0.635815 0.493219 0.593696
vn -0.722934 0.370154 0.583397
vn -0.418708 0.644342 0.639927
vn -0.366884 0.730352 0.576179
vn -0.321322 0.821632 0.470822
vn -0.303607 0.807088 0.506391
vn -0.325513 0.720692 0.612083
vn -0.418708 0.644342 0.639927
vn -0.303607 0.807088 0.506391
vn -0.116593 0.879827 0.460771
vn -0.228019 0.945077 0.234175
vn -0.254927 0.918137 0.303377
vn -0.321322 0.821632 0.470822
vn -0.294581 0.846618 0.443238
vn -0.303607 0.807088 0.506391
vn -0.321322 0.821632 0.470822
vn -0.254927 0.918137 0.303377
vn -0.117533 0.915436 0.384920
vn -0.116593 0.879827 0.460771
vn -0.303607 0.807088 0.506391
vn -0.117533 0.915436 0.384920
vn 0.015791 0.858742 0.512164
vn -0.294581 0.846618 0.443238
vn -0.321322 0.821632 0.470822
vn -0.366884 0.730352 0.576179
vn -0.350131 0.783427 0.513469
vn -0.514914 0.669298 0.535634
vn -0.548943 0.425234 0.719609
vn -0.364591 0.374604 0.852494
vn -0.401198 0.674912 0.619301
vn -0.679200 0.653092 0.334901
vn -0.656124 0.555388 0.510926
vn -0.548943 0.425234 0.719609
vn -0.514914 0.669298 0.535634
vn -0.410005 0.771895 0.485875
vn -0.514914 0.669298 0.535634
vn -0.401198 0.674912 0.619301
vn -0.396918 0.740836 0.541866
vn -0.575621 0.760622 0.300192
vn -0.679200 0.653092 0.334901
vn -0.514914 0.669298 0.535634
vn -0.410005 0.771895 0.485875
vn -0.548943 0.425234 0.719609
vn -0.572895 0.404595 0.712808
vn -0.309401 0.115204 0.943927
vn -0.364591 0.374604 0.852494
vn -0.572895 0.404595 0.712808
vn -0.548943 0.425234 0.719609
vn -0.656124 0.555388 0.510926
vn -0.507085 0.595582 0.623014
vn -0.512564 0.629768 0.583670
vn -0.355201 0.909293 0.216839
vn -0.508247 0.598411 0.619346
vn -0.497885 0.438775 0.748055
vn -0.355201 0.909293 0.216839
vn 0.106906 0.992818 -0.053707
vn -0.229685 0.889384 0.395273
vn -0.508247 0.598411 0.619346
vn -0.355201 0.909293 0.216839
vn -0.512564 0.629768 0.583670
vn -0.541866 0.742499 0.393798
vn -0.470293 0.882385 -0.014848
vn 0.032707 0.997604 -0.060964
vn 0.106906 0.992818 -0.053707
vn -0.355201 0.909293 0.216839
vn -0.470293 0.882385 -0.014848
vn -0.397778 0.802871 0.444038
vn -0.336404 0.755799 0.561783
vn -0.185085 0.879295 0.438844
vn -0.305457 0.891963 0.333314
vn -0.591791 0.633080 0.498993
vn -0.490477 0.718363 0.493343
vn -0.336404 0.755799 0.561783
vn -0.397778 0.802871 0.444038
vn -0.305457 0.891963 0.333314
vn -0.396114 0.837204 0.377072
vn -0.559892 0.706612 0.432690
vn -0.397778 0.802871 0.444038
vn -0.591791 0.633080 0.498993
vn -0.397778 0.802871 0.444038
vn -0.559892 0.706612 0.432690
vn -0.690093 0.586803 0.423597
vn 0.142708 0.167230 0.975535
vn 0.206787 0.144232 0.967696
vn 0.279303 0.297590 0.912924
vn 0.155480 0.208978 0.965481
vn 0.269490 -0.026395 0.962641
vn 0.206787 0.144232 0.967696
vn 0.142708 0.167230 0.975535
vn 0.175400 0.138204 0.974748
vn 0.155480 0.208978 0.965481
vn 0.045796 0.160193 0.986023
vn 0.015498 0.203160 0.979023
vn 0.142708 0.167230 0.975535
vn 0.175400 0.138204 0.974748
vn 0.142708 0.167230 0.975535
vn 0.015498 0.203160 0.979023
vn 0.071407 0.252625 0.964926
vn 0.312500 0.303331 0.900186
vn 0.351418 0.322699 0.878846
vn 0.397716 0.372626 0.838434
vn 0.289620 0.293115 0.911155
vn 0.379898 0.291187 0.878002
vn 0.351418 0.322699 0.878846
vn 0.312500 0.303331 0.900186
vn 0.345505 0.333388 0.877199
vn 0.289620 0.293115 0.911155
vn 0.121401 0.272017 0.954604
vn 0.225914 0.278711 0.933425
vn 0.312500 0.303331 0.900186
vn 0.345505 0.333388 0.877199
vn 0.312500 0.303331 0.900186
vn 0.225914 0.278711 0.933425
vn 0.289621 0.367735 0.883680
vn 0.365724 0.526737 0.767329
vn 0.308198 0.477198 0.822980
vn 0.258303 0.313813 0.913674
vn 0.340697 0.413802 0.844212
vn 0.495816 0.533129 0.685521
vn 0.365724 0.526737 0.767329
vn 0.340697 0.413802 0.844212
vn 0.514305 0.545912 0.661415
vn 0.383490 0.533779 0.753668
vn 0.275487 0.546871 0.790594
vn 0.308198 0.477198 0.822980
vn 0.365724 0.526737 0.767329
vn 0.465003 0.545106 0.697590
vn 0.383490 0.533779 0.753668
vn 0.365724 0.526737 0.767329
vn 0.495816 0.533129 0.685521
vn 0.340697 0.413802 0.844212
vn 0.258303 0.313813 0.913674
vn 0.189094 0.146015 0.971042
vn 0.422320 0.484120 0.766338
vn 0.514305 0.545912 0.661415
vn 0.340697 0.413802 0.844212
vn 0.422320 0.484120 0.766338
vn 0.433689 0.614006 0.659477
vn 0.535181 0.590750 0.603818
vn 0.535801 0.500686 0.679876
vn 0.431603 0.438717 0.788192
vn 0.535993 0.628315 0.563855
vn 0.535801 0.500686 0.679876
vn 0.535181 0.590750 0.603818
vn 0.510487 0.647071 0.566305
vn 0.599421 0.477915 0.642099
vn 0.632166 0.676271 0.378184
vn 0.535181 0.590750 0.603818
vn 0.535993 0.628315 0.563855
vn 0.537714 0.752181 0.380903
vn 0.622701 0.665001 0.412331
vn 0.510487 0.647071 0.566305
vn 0.535181 0.590750 0.603818
vn 0.632166 0.676271 0.378184
vn 0.535993 0.628315 0.563855
vn 0.431603 0.438717 0.788192
vn 0.427678 0.547478 0.719277
vn 0.519620 0.699003 0.491314
vn 0.537714 0.752181 0.380903
vn 0.535993 0.628315 0.563855
vn 0.519620 0.699003 0.491314
vn 0.397443 0.813734 0.424118
vn 0.640221 0.616659 0.458093
vn 0.571002 0.543686 0.615111
vn 0.553199 0.556483 0.619917
vn 0.593886 0.678171 0.432878
vn 0.584832 0.625440 0.516524
vn 0.593886 0.678171 0.432878
vn 0.553199 0.556483 0.619917
vn 0.549723 0.537195 0.639707
vn 0.446979 0.445793 0.775550
vn 0.571002 0.543686 0.615111
vn 0.548472 0.478370 0.685814
vn 0.455487 0.412503 0.788906
vn 0.549723 0.537195 0.639707
vn 0.553199 0.556483 0.619917
vn 0.458722 0.490797 0.740738
vn 0.481721 0.512089 0.711133
vn 0.239608 0.476516 0.845884
vn 0.112295 0.610081 0.784341
vn -0.102993 0.545299 0.831890
vn 0.239015 0.573035 0.783902
vn 0.239608 0.476516 0.845884
vn 0.252210 0.495635 0.831105
vn 0.366092 0.652395 0.663594
vn 0.112295 0.610081 0.784341
vn 0.581694 0.651770 0.486649
vn 0.617820 0.590624 0.519097
vn 0.621515 0.620349 0.478420
vn 0.618107 0.624589 0.477318
vn 0.508386 0.641200 0.574811
vn 0.251523 0.778001 0.575718
vn 0.473924 0.660210 0.582682
vn 0.608690 0.550407 0.571444
vn 0.617820 0.590624 0.519097
vn 0.581694 0.651770 0.486649
vn 0.423913 0.838176 0.343160
vn 0.585328 0.714197 0.383815
vn 0.251523 0.778001 0.575718
vn -0.012479 0.808553 0.588292
vn 0.214093 0.807996 0.548914
vn 0.473924 0.660210 0.582682
vn 0.527100 0.750245 0.399123
vn 0.394413 0.669908 0.629016
vn 0.238420 0.946864 0.215881
vn 0.410685 0.910382 0.050419
vn 0.410685 0.910382 0.050419
vn 0.238420 0.946864 0.215881
vn 0.069098 0.991973 0.105903
vn 0.216402 0.966307 -0.139362
vn 0.410685 0.910382 0.050419
vn 0.553386 0.831158 -0.054222
vn 0.583540 0.779391 0.228105
vn 0.527100 0.750245 0.399123
vn 0.091425 0.964483 0.247817
vn 0.238420 0.946864 0.215881
vn 0.394413 0.669908 0.629016
vn 0.306223 0.622427 0.720286
vn 0.391104 0.920097 0.021427
vn 0.553386 0.831158 -0.054222
vn 0.410685 0.910382 0.050419
vn 0.216402 0.966307 -0.139362
vn 0.091425 0.964483 0.247817
vn -0.112667 0.971961 0.206392
vn 0.069098 0.991973 0.105903
vn 0.238420 0.946864 0.215881
vn 0.360746 0.563307 0.743335
vn 0.463087 0.497994 0.733179
vn 0.419723 0.430203 0.799224
vn 0.260710 0.574008 0.776238
vn 0.243873 0.667015 0.704001
vn 0.360746 0.563307 0.743335
vn 0.260710 0.574008 0.776238
vn 0.134502 0.680387 0.720405
vn 0.403986 0.576315 0.710392
vn 0.487585 0.505488 0.711858
vn 0.463087 0.497994 0.733179
vn 0.360746 0.563307 0.743335
vn 0.343909 0.625202 0.700607
vn 0.403986 0.576315 0.710392
vn 0.360746 0.563307 0.743335
vn 0.243873 0.667015 0.704001
vn 0.260710 0.574008 0.776238
vn 0.419723 0.430203 0.799224
vn 0.369495 0.395787 0.840730
vn 0.197184 0.613573 0.764622
vn 0.134502 0.680387 0.720405
vn 0.260710 0.574008 0.776238
vn 0.197184 0.613573 0.764622
vn 0.093088 0.685910 0.721708
vn 0.395911 0.731615 0.554973
vn 0.178229 0.941139 0.287213
vn 0.486405 0.802823 0.344798
vn 0.624974 0.691280 0.362685
vn -0.002180 0.937083 0.349101
vn 0.178229 0.941139 0.287213
vn 0.395911 0.731615 0.554973
vn 0.343880 0.418848 0.840424
vn 0.528796 0.802431 0.276548
vn 0.578352 0.753693 0.312178
vn 0.486405 0.802823 0.344798
vn 0.450904 0.854401 0.258232
vn 0.178229 0.941139 0.287213
vn 0.055406 0.970845 0.233216
vn 0.450904 0.854401 0.258232
vn 0.486405 0.802823 0.344798
vn -0.002180 0.937083 0.349101
vn -0.148326 0.942235 0.300319
vn 0.055406 0.970845 0.233216
vn 0.178229 0.941139 0.287213
vn 0.578352 0.753693 0.312178
vn 0.709649 0.620407 0.333906
vn 0.624974 0.691280 0.362685
vn 0.486405 0.802823 0.344798
vn -0.047476 0.833903 0.549865
vn -0.072069 0.898213 0.433612
vn -0.023220 0.903388 0.428196
vn 0.063031 0.864823 0.498105
vn 0.022096 0.845060 0.534214
vn -0.097348 0.918770 0.382603
vn -0.072069 0.898213 0.433612
vn -0.047476 0.833903 0.549865
vn -0.180246 0.933290 0.310614
vn -0.072069 0.898213 0.433612
vn -0.097348 0.918770 0.382603
vn -0.213909 0.894517 0.392533
vn 0.077919 0.939519 0.333515
vn 0.117018 0.887811 0.445082
vn -0.023220 0.903388 0.428196
vn -0.087895 0.960908 0.262545
vn -0.072069 0.898213 0.433612
vn -0.180246 0.933290 0.310614
vn -0.087895 0.960908 0.262545
vn -0.023220 0.903388 0.428196
vn 0.117018 0.887811 0.445082
vn 0.253289 0.851201 0.459675
vn 0.063031 0.864823 0.498105
vn -0.023220 0.903388 0.428196
vn 0.516521 0.680740 0.519422
vn 0.415670 0.651052 0.635099
vn 0.392190 0.490801 0.778011
vn 0.496619 0.621740 0.605648
vn 0.496619 0.621740 0.605648
vn 0.388492 0.727606 0.565388
vn 0.595089 0.745282 0.300706
vn 0.516521 0.680740 0.519422
vn 0.443796 0.619722 0.647295
vn 0.158713 0.726769 0.668294
vn 0.388492 0.727606 0.565388
vn 0.496619 0.621740 0.605648
vn 0.496619 0.621740 0.605648
vn 0.392190 0.490801 0.778011
vn 0.422806 0.512636 0.747288
vn 0.443796 0.619722 0.647295
vn 0.397383 0.773270 0.494106
vn 0.408925 0.713732 0.568654
vn 0.415670 0.651052 0.635099
vn 0.516521 0.680740 0.519422
vn 0.543603 0.777382 0.316502
vn 0.397383 0.773270 0.494106
vn 0.516521 0.680740 0.519422
vn 0.595089 0.745282 0.300706
vn 0.315427 0.587521 0.745201
vn 0.199804 0.572088 0.795483
vn 0.164137 0.812657 0.559149
vn 0.105938 0.978140 0.178937
vn 0.105938 0.978140 0.178937
vn 0.164137 0.812657 0.559149
vn -0.018806 0.991348 0.129904
vn -0.064197 0.997167 -0.039203
vn 0.105938 0.978140 0.178937
vn 0.239881 0.945092 -0.221944
vn 0.411594 0.850996 0.326184
vn 0.315427 0.587521 0.745201
vn 0.091431 0.930693 0.354189
vn 0.164137 0.812657 0.559149
vn 0.199804 0.572088 0.795483
vn 0.348094 0.382070 0.856068
vn 0.198691 0.968667 0.149020
vn 0.239881 0.945092 -0.221944
vn 0.105938 0.978140 0.178937
vn -0.064197 0.997167 -0.039203
vn 0.091431 0.930693 0.354189
vn 0.011188 0.980892 0.194230
vn -0.018806 0.991348 0.129904
vn 0.164137 0.812657 0.559149
vn 0.427602 0.745627 0.511073
vn 0.303810 0.875726 0.375237
vn 0.211399 0.932114 0.294065
vn 0.324909 0.879419 0.347931
vn 0.561705 0.624186 0.543028
vn 0.427602 0.745627 0.511073
vn 0.324909 0.879419 0.347931
vn 0.487315 0.598006 0.636327
vn 0.303810 0.875726 0.375237
vn 0.427602 0.745627 0.511073
vn 0.532176 0.726580 0.434592
vn 0.391249 0.862807 0.320136
vn 0.561705 0.624186 0.543028
vn 0.605413 0.638322 0.475416
vn 0.532176 0.726580 0.434592
vn 0.427602 0.745627 0.511073
vn -0.001122 0.397912 0.917423
vn 0.009700 0.321792 0.946761
vn 0.351607 0.245703 0.903329
vn 0.445976 0.376480 0.812015
vn -0.346315 0.442614 0.827139
vn -0.281302 0.383893 0.879486
vn 0.009700 0.321792 0.946761
vn -0.001122 0.397912 0.917423
vn 0.009700 0.321792 0.946761
vn -0.001402 0.266396 0.963863
vn 0.333604 0.158994 0.929209
vn 0.351607 0.245703 0.903329
vn -0.281302 0.383893 0.879486
vn -0.251891 0.347088 0.903372
vn -0.001402 0.266396 0.963863
vn 0.009700 0.321792 0.946761
vn -0.782712 0.092305 0.615502
vn -0.762493 0.175592 0.622713
vn -0.688414 0.241607 0.683895
vn -0.680914 0.123892 0.721808
vn -0.844708 0.061695 0.531659
vn -0.803539 0.053701 0.592826
vn -0.762493 0.175592 0.622713
vn -0.782712 0.092305 0.615502
vn -0.723989 0.146400 0.674098
vn -0.762493 0.175592 0.622713
vn -0.803539 0.053701 0.592826
vn -0.735599 -0.070809 0.673707
vn -0.660584 0.285691 0.694269
vn -0.688414 0.241607 0.683895
vn -0.762493 0.175592 0.622713
vn -0.723989 0.146400 0.674098
vn -0.992215 0.119100 -0.036410
vn -0.928613 0.316484 0.193688
vn -0.916774 0.288911 0.275781
vn -0.991759 0.095608 0.085283
vn -0.889778 0.290493 0.352007
vn -0.929270 0.197586 0.312117
vn -0.991759 0.095608 0.085283
vn -0.916774 0.288911 0.275781
vn -0.993154 0.088971 0.075691
vn -0.991759 0.095608 0.085283
vn -0.929270 0.197586 0.312117
vn -0.955954 0.078274 0.282887
vn -0.831491 0.348782 0.432405
vn -0.898577 0.165613 0.406363
vn -0.722131 0.257321 0.642116
vn -0.707211 0.342114 0.618717
vn -0.898577 0.165613 0.406363
vn -0.929579 0.105202 0.353294
vn -0.852850 0.117404 0.508786
vn -0.722131 0.257321 0.642116
vn -0.929579 0.105202 0.353294
vn -0.898577 0.165613 0.406363
vn -0.971245 0.113814 0.209116
vn -0.902189 0.237924 0.359788
vn -0.898577 0.165613 0.406363
vn -0.831491 0.348782 0.432405
vn -0.942329 0.275581 0.189922
vn -0.971245 0.113814 0.209116
vn -0.086814 0.613022 0.785281
vn -0.070680 0.923966 0.375888
vn -0.168296 0.912515 0.372817
vn -0.377139 0.441592 0.814102
vn -0.070680 0.923966 0.375888
vn -0.122469 0.972957 0.195848
vn -0.223307 0.960029 0.168757
vn -0.168296 0.912515 0.372817
vn -0.122469 0.972957 0.195848
vn -0.070680 0.923966 0.375888
vn 0.045784 0.935737 0.349715
vn 0.017610 0.974159 0.225175
vn -0.070680 0.923966 0.375888
vn -0.086814 0.613022 0.785281
vn 0.144702 0.761075 0.632318
vn 0.045784 0.935737 0.349715
vn 0.168997 0.852307 0.494987
vn 0.112295 0.610081 0.784341
vn 0.366092 0.652395 0.663594
vn 0.344986 0.846774 0.404918
vn -0.115101 0.784811 0.608953
vn -0.102993 0.545299 0.831890
vn 0.112295 0.610081 0.784341
vn 0.168997 0.852307 0.494987
vn 0.845301 0.113002 0.522204
vn 0.939289 0.087107 0.331885
vn 0.911946 0.071093 0.404104
vn 0.823490 0.040298 0.565898
vn 0.886036 0.091899 0.454417
vn 0.898242 0.125208 0.421289
vn 0.939289 0.087107 0.331885
vn 0.845301 0.113002 0.522204
vn 0.940150 0.155908 0.303003
vn 0.939289 0.087107 0.331885
vn 0.898242 0.125208 0.421289
vn 0.803507 0.282697 0.523888
vn 0.971664 0.089689 0.218691
vn 0.911946 0.071093 0.404104
vn 0.939289 0.087107 0.331885
vn 0.940150 0.155908 0.303003
vn -0.737708 -0.061698 0.672294
vn -0.685779 -0.164906 0.708882
vn -0.543244 -0.044018 0.838420
vn -0.440083 0.070701 0.895170
vn -0.719230 -0.179310 0.671234
vn -0.685779 -0.164906 0.708882
vn -0.737708 -0.061698 0.672294
vn -0.776031 -0.081504 0.625406
vn -0.656093 -0.292484 0.695697
vn -0.628661 -0.225792 0.744180
vn -0.685779 -0.164906 0.708882
vn -0.719230 -0.179310 0.671234
vn -0.453206 -0.102401 0.885505
vn -0.543244 -0.044018 0.838420
vn -0.685779 -0.164906 0.708882
vn -0.628661 -0.225792 0.744180
vn -0.429108 0.057723 0.901407
vn -0.454028 0.087403 0.886690
vn -0.449298 0.118500 0.885488
vn -0.458128 0.088980 0.884422
vn -0.449298 0.118500 0.885488
vn -0.475788 0.086994 0.875248
vn -0.523190 0.136718 0.841178
vn -0.458128 0.088980 0.884422
vn -0.461688 0.718290 0.520484
vn -0.482588 0.525605 0.700605
vn -0.497885 0.438775 0.748055
vn -0.508247 0.598411 0.619346
vn -0.229685 0.889384 0.395273
vn -0.204193 0.827884 0.522411
vn -0.461688 0.718290 0.520484
vn -0.508247 0.598411 0.619346
vn 0.839863 -0.179695 0.512190
vn 0.763001 -0.030788 0.645664
vn 0.689958 -0.090309 0.718194
vn 0.801465 -0.113298 0.587211
s off
g beard3
usemtl olgierd:grp017SG
f 5/2744/1 6/1827/2 4/2392/3 2/798/4
f 7/1524/5 2/798/6 3/3021/7 8/3146/8
f 9/380/9 5/2744/10 2/798/11 7/1524/12
f 10/2003/13 11/2243/14 1/1588/15 4/2392/16
f 10/2003/17 4/2392/18 6/1827/19 12/2799/20
f 14/1101/21 16/328/22 13/337/23 15/2860/24
f 17/77/25 14/1101/26 15/2860/27 18/1181/28
f 19/1379/29 20/2292/30 16/328/31 14/1101/32
f 21/2447/33 19/1379/34 14/1101/35 17/77/36
f 15/2860/37 13/337/38 22/1928/39 23/1897/40
f 18/1181/41 15/2860/42 23/1897/43 24/1477/44
f 26/63/45 28/2617/46 25/304/47 27/305/48
f 29/918/49 26/63/50 27/305/51 30/2478/52
f 31/1821/53 32/1584/54 28/2617/55 26/63/56
f 33/3119/57 31/1821/58 26/63/59 29/918/60
f 27/305/61 25/304/62 34/2777/63 35/922/64
f 30/2478/65 27/305/66 35/922/67 36/3201/68
f 38/538/69 40/751/70 37/2193/71 39/1120/72
f 40/751/73 38/538/74 41/1122/75 42/769/76
f 43/3433/77 37/2193/78 40/751/79 44/3143/80
f 42/769/81 45/975/82 44/3143/83 40/751/84
f 46/2297/85 47/1078/86 37/2193/87 43/3433/88
f 39/1120/89 37/2193/90 47/1078/91 48/1118/92
f 50/2162/93 52/1085/94 49/1654/95 51/669/96
f 52/1085/97 54/3005/98 53/2168/99 49/1654/100
f 55/3614/101 56/1964/102 49/1654/103 53/2168/104
f 56/1964/105 57/2327/106 51/669/107 49/1654/108
f 58/2876/109 59/2231/110 50/2162/111 51/669/112
f 58/2876/113 51/669/114 57/2327/115 60/458/116
f 62/957/117 64/1051/118 61/3743/119 63/2874/120
f 65/2163/121 66/2379/122 64/1051/123 62/957/124
f 67/526/125 62/957/126 63/2874/127 68/163/128
f 69/2017/129 65/2163/130 62/957/131 67/526/132
f 70/3287/133 71/2629/134 61/3743/135 64/1051/136
f 70/3287/137 64/1051/138 66/2379/139 72/860/140
f 74/1849/141 76/1399/142 73/863/143 75/3593/144
f 77/2230/145 78/2312/146 73/863/147 76/1399/148
f 75/3593/149 73/863/150 79/1213/151 80/246/152
f 74/1849/153 75/3593/154 81/1570/155 82/2010/156
f 75/3593/157 80/246/158 83/702/159 81/1570/160
f 78/2312/161 84/2147/162 79/1213/163 73/863/164
f 86/1603/165 88/2064/166 85/3081/167 87/1125/168
f 87/1125/169 85/3081/170 89/2316/171 90/1946/172
f 88/2064/173 92/3054/174 91/893/175 85/3081/176
f 85/3081/177 91/893/178 93/3584/179 89/2316/180
f 94/2564/181 86/1603/182 87/1125/183 95/584/184
f 95/584/185 87/1125/186 90/1946/187 96/3442/188
f 98/3400/189 100/2437/190 97/1858/191 99/1689/192
f 98/3400/193 99/1689/194 101/1429/195 102/3566/196
f 99/1689/197 104/3009/198 103/877/199 101/1429/200
f 104/3009/201 106/2454/202 105/2741/203 103/877/204
f 106/2454/205 104/3009/206 107/3405/207 108/499/208
f 104/3009/209 99/1689/210 97/1858/211 107/3405/212
f 110/3074/213 112/2648/214 109/1320/215 111/1086/216
f 111/1086/217 109/1320/218 113/1991/219 114/3521/220
f 110/3074/221 111/1086/222 115/2349/223 116/2749/224
f 111/1086/225 114/3521/226 117/1476/227 115/2349/228
f 118/1539/229 119/373/230 109/1320/231 112/2648/232
f 119/373/233 120/3359/234 113/1991/235 109/1320/236
f 122/2537/237 124/3421/238 121/3113/239 123/2858/240
f 125/3215/241 126/3527/242 124/3421/243 122/2537/244
f 127/596/245 122/2537/246 123/2858/247 128/1137/248
f 129/1889/249 125/3215/250 122/2537/251 127/596/252
f 130/2710/253 131/1006/254 121/3113/255 124/3421/256
f 130/2710/257 124/3421/258 126/3527/259 132/1144/260
f 134/1179/261 136/1993/262 133/1649/263 135/1048/264
f 137/2646/265 138/3055/266 136/1993/267 134/1179/268
f 139/1005/269 134/1179/270 135/1048/271 140/1560/272
f 141/2301/273 137/2646/274 134/1179/275 139/1005/276
f 142/3126/277 143/1427/278 133/1649/279 136/1993/280
f 142/3126/281 136/1993/282 138/3055/283 144/1566/284
f 146/2922/285 148/3499/286 145/516/287 147/2958/288
f 148/3499/289 150/2281/290 149/3477/291 145/516/292
f 147/2958/293 145/516/294 151/3570/295 152/235/296
f 145/516/297 149/3477/298 153/2727/299 151/3570/300
f 154/2785/301 155/1632/302 148/3499/303 146/2922/304
f 155/1632/305 156/827/306 150/2281/307 148/3499/308
f 158/1251/309 160/2396/310 157/3668/311 159/1432/312
f 157/3668/313 160/2396/314 161/1040/315 162/1390/316
f 163/1816/317 159/1432/318 157/3668/319 164/821/320
f 164/821/321 157/3668/322 162/1390/323 165/389/324
f 167/3740/325 169/226/326 166/1623/327 168/3100/328
f 169/226/329 171/861/330 170/2401/331 166/1623/332
f 168/3100/333 166/1623/334 172/2089/335 173/3344/336
f 166/1623/337 170/2401/338 174/848/339 172/2089/340
f 175/2429/341 176/828/342 169/226/343 167/3740/344
f 176/828/345 177/546/346 171/861/347 169/226/348
f 179/2430/349 181/2863/350 178/81/351 180/2844/352
f 182/2547/353 183/1450/354 181/2863/355 179/2430/356
f 184/833/357 179/2430/358 180/2844/359 185/2557/360
f 186/1738/361 182/2547/362 179/2430/363 184/833/364
f 181/2863/365 188/1408/366 187/2747/367 178/81/368
f 183/1450/369 189/2774/370 188/1408/371 181/2863/372
f 191/637/373 193/1177/374 190/2631/375 192/1861/376
f 192/1861/377 195/794/378 194/1346/379 191/637/380
f 196/1200/381 197/2789/382 195/794/383 192/1861/384
f 197/2789/385 196/1200/386 198/2513/387 199/852/388
f 196/1200/389 201/3544/390 200/1421/391 198/2513/392
f 192/1861/393 190/2631/394 201/3544/395 196/1200/396
f 203/3238/397 205/3726/398 202/2368/399 204/2191/400
f 207/796/401 208/3728/402 206/393/403 205/3726/404
f 209/1697/405 207/796/406 205/3726/407 203/3238/408
f 202/2368/409 212/805/410 210/185/411 211/1375/412
f 212/805/413 202/2368/414 205/3726/415 206/393/416
f 204/2191/417 202/2368/418 211/1375/419 213/3595/420
f 215/3657/421 217/338/422 214/1334/423 216/325/424
f 218/19/425 219/2702/426 217/338/427 215/3657/428
f 220/2132/429 215/3657/430 216/325/431 221/33/432
f 222/1745/433 218/19/434 215/3657/435 220/2132/436
f 217/338/437 224/2657/438 223/232/439 214/1334/440
f 219/2702/441 225/258/442 224/2657/443 217/338/444
f 227/699/445 229/1302/446 226/2094/447 228/736/448
f 230/2509/449 231/1348/450 229/1302/451 227/699/452
f 232/3450/453 229/1302/454 231/1348/455 233/186/456
f 234/2271/457 226/2094/458 229/1302/459 232/3450/460
f 228/736/461 226/2094/462 235/1478/463 236/1927/464
f 226/2094/465 234/2271/466 237/631/467 235/1478/468
f 239/1135/469 241/1716/470 238/2510/471 240/1170/472
f 241/1716/473 243/2990/474 242/448/475 238/2510/476
f 243/2990/477 241/1716/478 244/2627/479 245/613/480
f 241/1716/481 239/1135/482 246/136/483 244/2627/484
f 240/1170/485 238/2510/486 247/1920/487 248/2343/488
f 238/2510/489 242/448/490 249/1052/491 247/1920/492
f 251/308/493 253/266/494 250/3245/495 252/757/496
f 253/266/497 255/942/498 254/2889/499 250/3245/500
f 253/266/501 257/301/502 256/2759/503 255/942/504
f 256/2759/505 257/301/506 258/3529/507 259/2750/508
f 257/301/509 261/2840/510 260/1032/511 258/3529/512
f 257/301/513 253/266/514 251/308/515 261/2840/516
f 263/1988/517 265/2554/518 262/3310/519 264/450/520
f 265/2554/521 267/73/522 266/1295/523 262/3310/524
f 264/450/525 262/3310/526 268/1386/527 269/1812/528
f 262/3310/529 266/1295/530 270/1782/531 268/1386/532
f 271/593/533 272/673/534 265/2554/535 263/1988/536
f 267/73/537 265/2554/538 272/673/539 273/3637/540
f 275/2047/541 277/1222/542 274/1311/543 276/2972/544
f 278/2914/545 279/2998/546 274/1311/547 277/1222/548
f 276/2972/549 274/1311/550 280/1015/551 281/3161/552
f 275/2047/553 276/2972/554 282/2300/555 283/2705/556
f 276/2972/557 281/3161/558 284/2680/559 282/2300/560
f 279/2998/561 285/314/562 280/1015/563 274/1311/564
f 287/2411/565 289/2843/566 286/2586/567 288/2823/568
f 290/2522/569 291/1431/570 289/2843/571 287/2411/572
f 292/806/573 287/2411/574 288/2823/575 293/2533/576
f 294/463/577 290/2522/578 287/2411/579 292/806/580
f 289/2843/581 296/143/582 295/2723/583 286/2586/584
f 291/1431/585 297/1512/586 296/143/587 289/2843/588
f 299/2817/589 301/2034/590 298/2988/591 300/3233/592
f 302/2918/593 303/1865/594 301/2034/595 299/2817/596
f 304/17/597 299/2817/598 300/3233/599 305/2935/600
f 306/868/601 302/2918/602 299/2817/603 304/17/604
f 301/2034/605 308/559/606 307/3135/607 298/2988/608
f 303/1865/609 309/1950/610 308/559/611 301/2034/612
f 310/948/613 313/3492/614 311/1665/615 312/1652/616
f 314/1209/617 311/1665/618 313/3492/619 315/3060/620
f 312/1652/621 311/1665/622 316/1097/623 317/1915/624
f 311/1665/625 314/1209/626 318/3091/627 316/1097/628
f 319/3333/629 322/3560/630 320/2662/631 321/2725/632
f 323/3313/633 320/2662/634 322/3560/635 324/91/636
f 325/1315/637 326/1442/638 320/2662/639 323/3313/640
f 321/2725/641 320/2662/642 326/1442/643 327/1072/644
f 328/2827/645 331/3409/646 329/3417/647 330/3539/648
f 332/3090/649 329/3417/650 331/3409/651 333/2436/652
f 330/3539/653 329/3417/654 334/2975/655 335/12/656
f 329/3417/657 332/3090/658 336/2464/659 334/2975/660
f 337/1598/661 340/3129/662 338/1972/663 339/1447/664
f 341/1529/665 337/1598/666 339/1447/667 342/3745/668
f 342/3745/669 339/1447/670 343/18/671 344/2713/672
f 339/1447/673 338/1972/674 345/1419/675 343/18/676
f 346/1585/677 349/3625/678 347/1773/679 348/3651/680
f 349/3625/681 351/359/682 350/2956/683 347/1773/684
f 352/1324/685 353/240/686 349/3625/687 346/1585/688
f 353/240/689 354/2259/690 351/359/691 349/3625/692
f 348/3651/693 356/951/694 355/3022/695 346/1585/696
f 346/1585/697 355/3022/698 357/2670/699 352/1324/700
f 358/1322/701 361/331/702 359/3639/703 360/321/704
f 361/331/705 363/2690/706 362/3/707 359/3639/708
f 360/321/709 359/3639/710 364/2117/711 365/20/712
f 359/3639/713 362/3/714 366/2959/715 364/2117/716
f 367/218/717 368/2642/718 361/331/719 358/1322/720
f 368/2642/721 369/248/722 363/2690/723 361/331/724
f 370/970/725 373/3541/726 371/1075/727 372/3068/728
f 373/3541/729 370/970/730 374/1515/731 375/1126/732
f 370/970/733 377/3734/734 376/1662/735 374/1515/736
f 372/3068/737 378/1467/738 377/3734/739 370/970/740
f 379/1890/741 380/982/742 378/1467/743 372/3068/744
f 372/3068/745 371/1075/746 381/1148/747 379/1890/748
f 382/2164/749 385/1173/750 383/705/751 384/1150/752
f 385/1173/753 387/3513/754 386/803/755 383/705/756
f 384/1150/757 383/705/758 388/2916/759 389/817/760
f 383/705/761 386/803/762 390/2566/763 388/2916/764
f 391/1045/765 392/3460/766 385/1173/767 382/2164/768
f 392/3460/769 393/1076/770 387/3513/771 385/1173/772
f 394/2573/773 397/1589/774 395/1141/775 396/1569/776
f 397/1589/777 399/171/778 398/1250/779 395/1141/780
f 396/1569/781 395/1141/782 400/3330/783 401/1263/784
f 395/1141/785 398/1250/786 402/2966/787 400/3330/788
f 403/1466/789 404/126/790 397/1589/791 394/2573/792
f 404/126/793 405/1489/794 399/171/795 397/1589/796
f 406/2084/797 409/2137/798 407/2080/799 408/1475/800
f 409/2137/801 406/2084/802 410/687/803 411/477/804
f 412/1626/805 406/2084/806 408/1475/807 413/1669/808
f 414/2944/809 410/687/810 406/2084/811 412/1626/812
f 415/3291/813 409/2137/814 411/477/815 416/2983/816
f 417/2473/817 407/2080/818 409/2137/819 415/3291/820
f 418/145/821 421/1718/822 419/2246/823 420/3247/824
f 422/1558/825 424/2466/826 423/653/827 421/1718/828
f 425/3716/829 422/1558/830 421/1718/831 418/145/832
f 419/2246/833 428/2786/834 426/1527/835 427/3698/836
f 428/2786/837 419/2246/838 421/1718/839 423/653/840
f 420/3247/841 419/2246/842 427/3698/843 429/502/844
f 430/2019/845 433/3131/846 431/2893/847 432/3478/848
f 434/1540/849 435/1262/850 433/3131/851 430/2019/852
f 436/2465/853 430/2019/854 432/3478/855 437/2515/856
f 438/21/857 434/1540/858 430/2019/859 436/2465/860
f 433/3131/861 440/1232/862 439/1571/863 431/2893/864
f 435/1262/865 441/915/866 440/1232/867 433/3131/868
f 442/3491/869 445/34/870 443/1171/871 444/2581/872
f 446/1932/873 442/3491/874 444/2581/875 447/2237/876
f 447/2237/877 444/2581/878 448/2456/879 449/1301/880
f 444/2581/881 443/1171/882 450/2841/883 448/2456/884
f 451/3047/885 454/576/886 452/3007/887 453/1313/888
f 455/2483/889 451/3047/890 453/1313/891 456/1550/892
f 457/1089/893 458/693/894 454/576/895 451/3047/896
f 459/2/897 457/1089/898 451/3047/899 455/2483/900
f 453/1313/901 452/3007/902 460/202/903 461/738/904
f 456/1550/905 453/1313/906 461/738/907 462/3606/908
f 463/620/909 466/216/910 464/416/911 465/765/912
f 467/1851/913 466/216/914 463/620/915 468/509/916
f 469/3069/917 470/2065/918 464/416/919 466/216/920
f 471/1365/921 469/3069/922 466/216/923 467/1851/924
f 463/620/925 465/765/926 472/2502/927 473/1542/928
f 468/509/929 463/620/930 473/1542/931 474/3608/932
f 475/184/933 478/878/934 476/3644/935 477/513/936
f 478/878/937 480/3452/938 479/1947/939 476/3644/940
f 475/184/941 482/3158/942 481/649/943 478/878/944
f 480/3452/945 478/878/946 481/649/947 483/1103/948
f 484/3002/949 487/3705/950 485/2720/951 486/3336/952
f 487/3705/953 489/2529/954 488/989/955 485/2720/956
f 484/3002/957 491/2241/958 490/3473/959 487/3705/960
f 489/2529/961 487/3705/962 490/3473/963 492/1411/964
f 493/219/965 496/1899/966 494/3260/967 495/2425/968
f 495/2425/969 494/3260/970 497/2559/971 498/1426/972
f 493/219/973 495/2425/974 499/660/975 500/1807/976
f 498/1426/977 501/417/978 499/660/979 495/2425/980
f 502/3040/981 505/2194/982 503/2359/983 504/1472/984
f 504/1472/985 503/2359/986 506/1607/987 507/3526/988
f 502/3040/989 504/1472/990 508/3487/991 509/2115/992
f 507/3526/993 510/3243/994 508/3487/995 504/1472/996
f 511/1581/997 514/550/998 512/1338/999 513/3375/1000
f 515/771/1001 511/1581/1002 513/3375/1003 516/407/1004
f 517/3163/1005 518/1557/1006 514/550/1007 511/1581/1008
f 519/2095/1009 517/3163/1010 511/1581/1011 515/771/1012
f 513/3375/1013 512/1338/1014 520/2302/1015 521/2833/1016
f 516/407/1017 513/3375/1018 521/2833/1019 522/1953/1020
f 523/2014/1021 526/965/1022 524/501/1023 525/45/1024
f 527/1208/1025 523/2014/1026 525/45/1027 528/801/1028
f 529/3579/1029 530/1989/1030 526/965/1031 523/2014/1032
f 531/2511/1033 529/3579/1034 523/2014/1035 527/1208/1036
f 525/45/1037 524/501/1038 532/1461/1039 533/3246/1040
f 528/801/1041 525/45/1042 533/3246/1043 534/2371/1044
f 535/2423/1045 538/78/1046 536/914/1047 537/506/1048
f 539/1622/1049 540/1246/1050 538/78/1051 535/2423/1052
f 541/241/1053 535/2423/1054 537/506/1055 542/2393/1056
f 543/2904/1057 539/1622/1058 535/2423/1059 541/241/1060
f 538/78/1061 545/3650/1062 544/1905/1063 536/914/1064
f 540/1246/1065 546/2764/1066 545/3650/1067 538/78/1068
f 547/2825/1069 550/1810/1070 548/1347/1071 549/3387/1072
f 551/2048/1073 547/2825/1074 549/3387/1075 552/1659/1076
f 553/643/1077 554/2802/1078 550/1810/1079 547/2825/1080
f 555/3311/1081 553/643/1082 547/2825/1083 551/2048/1084
f 549/3387/1085 548/1347/1086 556/2311/1087 557/320/1088
f 552/1659/1089 549/3387/1090 557/320/1091 558/3177/1092
f 559/3236/1093 562/974/1094 560/1767/1095 561/56/1096
f 563/2455/1097 559/3236/1098 561/56/1099 564/2092/1100
f 565/1067/1101 566/3206/1102 562/974/1103 559/3236/1104
f 567/2519/1105 565/1067/1106 559/3236/1107 563/2455/1108
f 561/56/1109 560/1767/1110 568/2707/1111 569/717/1112
f 564/2092/1113 561/56/1114 569/717/1115 570/3588/1116
f 571/3640/1117 574/1397/1118 572/2199/1119 573/454/1120
f 575/2866/1121 571/3640/1122 573/454/1123 576/2507/1124
f 577/1479/1125 578/3619/1126 574/1397/1127 571/3640/1128
f 579/2915/1129 577/1479/1130 571/3640/1131 575/2866/1132
f 573/454/1133 572/2199/1134 580/3124/1135 581/1149/1136
f 576/2507/1137 573/454/1138 581/1149/1139 582/253/1140
f 583/3188/1141 586/2417/1142 584/1852/1143 585/1567/1144
f 587/2399/1145 588/1174/1146 586/2417/1147 583/3188/1148
f 589/2487/1149 583/3188/1150 585/1567/1151 590/2895/1152
f 591/1635/1153 587/2399/1154 583/3188/1155 589/2487/1156
f 586/2417/1157 593/539/1158 592/1695/1159 584/1852/1160
f 593/539/1161 586/2417/1162 588/1174/1163 594/3520/1164
f 595/1675/1165 598/2066/1166 596/2457/1167 597/2679/1168
f 599/1596/1169 600/35/1170 598/2066/1171 595/1675/1172
f 595/1675/1173 602/1507/1174 601/3228/1175 599/1596/1176
f 602/1507/1177 595/1675/1178 597/2679/1179 603/3393/1180
f 596/2457/1181 605/2006/1182 604/2588/1183 597/2679/1184
f 603/3393/1185 597/2679/1186 604/2588/1187 606/2277/1188
f 607/2111/1189 610/1234/1190 608/2865/1191 609/3082/1192
f 611/2024/1193 612/439/1194 610/1234/1195 607/2111/1196
f 609/3082/1197 614/2945/1198 613/2315/1199 607/2111/1200
f 607/2111/1201 613/2315/1202 615/367/1203 611/2024/1204
f 608/2865/1205 617/2412/1206 616/2991/1207 609/3082/1208
f 614/2945/1209 609/3082/1210 616/2991/1211 618/2683/1212
f 619/3229/1213 622/1943/1214 620/2734/1215 621/3663/1216
f 619/3229/1217 624/3687/1218 623/1094/1219 622/1943/1220
f 625/1725/1221 619/3229/1222 621/3663/1223 626/114/1224
f 627/1879/1225 630/2449/1226 628/3420/1227 629/1704/1228
f 631/1443/1229 629/1704/1230 628/3420/1231 632/3580/1232
f 633/3607/1233 636/1186/1234 634/1624/1235 635/3391/1236
f 637/3036/1237 633/3607/1238 635/3391/1239 638/2079/1240
f 639/849/1241 635/3391/1242 634/1624/1243 640/1304/1244
f 641/32/1245 638/2079/1246 635/3391/1247 639/849/1248
f 633/3607/1249 643/2696/1250 642/87/1251 636/1186/1252
f 637/3036/1253 644/1933/1254 643/2696/1255 633/3607/1256
f 645/414/1257 648/1980/1258 646/1069/1259 647/1420/1260
f 648/1980/1261 650/2085/1262 649/1787/1263 646/1069/1264
f 651/1257/1265 654/1575/1266 652/2026/1267 653/642/1268
f 654/1575/1269 656/2665/1270 655/2255/1271 652/2026/1272
f 653/642/1273 652/2026/1274 657/615/1275 658/2400/1276
f 652/2026/1277 655/2255/1278 659/3118/1279 657/615/1280
f 651/1257/1281 661/1021/1282 660/199/1283 654/1575/1284
f 656/2665/1285 654/1575/1286 660/199/1287 662/1163/1288
f 663/3226/1289 666/3605/1290 664/3658/1291 665/3165/1292
f 667/3507/1293 669/2687/1294 668/467/1295 663/3226/1296
f 670/208/1297 672/1910/1298 666/3605/1299 671/577/1300
f 672/1910/1301 673/1445/1302 664/3658/1303 666/3605/1304
f 663/3226/1305 665/3165/1306 674/1151/1307 667/3507/1308
f 663/3226/1309 668/467/1310 671/577/1311 666/3605/1312
f 675/3683/1313 678/3669/1314 676/1948/1315 677/3674/1316
f 677/3674/1317 676/1948/1318 679/883/1319 680/2018/1320
f 678/3669/1321 682/3095/1322 681/2218/1323 676/1948/1324
f 676/1948/1325 681/2218/1326 683/3257/1327 679/883/1328
f 684/1491/1329 675/3683/1330 677/3674/1331 685/2698/1332
f 685/2698/1333 677/3674/1334 680/2018/1335 686/1070/1336
f 687/3632/1337 690/3445/1338 688/3402/1339 689/1124/1340
f 689/1124/1341 688/3402/1342 691/507/1343 692/2068/1344
f 690/3445/1345 694/1169/1346 693/1405/1347 688/3402/1348
f 688/3402/1349 693/1405/1350 695/182/1351 691/507/1352
f 696/2384/1353 687/3632/1354 689/1124/1355 697/1764/1356
f 697/1764/1357 689/1124/1358 692/2068/1359 698/274/1360
f 699/2984/1361 702/1593/1362 700/1370/1363 701/691/1364
f 703/1967/1365 700/1370/1366 702/1593/1367 704/362/1368
f 702/1593/1369 699/2984/1370 705/486/1371 706/211/1372
f 706/211/1373 707/1817/1374 704/362/1375 702/1593/1376
f 699/2984/1377 709/657/1378 708/1891/1379 705/486/1380
f 709/657/1381 699/2984/1382 701/691/1383 710/1963/1384
f 711/1801/1385 714/998/1386 712/420/1387 713/456/1388
f 715/986/1389 716/3528/1390 714/998/1391 711/1801/1392
f 717/1073/1393 711/1801/1394 713/456/1395 718/1494/1396
f 719/231/1397 715/986/1398 711/1801/1399 717/1073/1400
f 714/998/1401 721/2885/1402 720/285/1403 712/420/1404
f 716/3528/1405 722/2140/1406 721/2885/1407 714/998/1408
f 723/3289/1409 726/932/1410 724/433/1411 725/3120/1412
f 727/1366/1413 729/936/1414 728/1791/1415 726/932/1416
f 726/932/1417 728/1791/1418 730/2659/1419 724/433/1420
f 731/1480/1421 734/2201/1422 732/3000/1423 733/3274/1424
f 735/473/1425 737/3052/1426 736/2266/1427 733/3274/1428
f 734/2201/1429 731/1480/1430 738/2940/1431 739/58/1432
f 731/1480/1433 741/495/1434 740/644/1435 738/2940/1436
f 733/3274/1437 732/3000/1438 742/1279/1439 735/473/1440
f 733/3274/1441 736/2266/1442 741/495/1443 731/1480/1444
f 743/1892/1445 746/2667/1446 744/2369/1447 745/3298/1448
f 746/2667/1449 748/3314/1450 747/3010/1451 744/2369/1452
f 745/3298/1453 744/2369/1454 749/3034/1455 750/3437/1456
f 744/2369/1457 747/3010/1458 751/1934/1459 749/3034/1460
f 743/1892/1461 753/3723/1462 752/3498/1463 746/2667/1464
f 748/3314/1465 746/2667/1466 752/3498/1467 754/555/1468
f 755/322/1469 758/799/1470 756/1278/1471 757/503/1472
f 755/322/1473 760/1742/1474 759/1640/1475 758/799/1476
f 761/645/1477 755/322/1478 757/503/1479 762/3446/1480
f 763/1824/1481 766/2861/1482 764/252/1483 765/928/1484
f 766/2861/1485 768/395/1486 767/195/1487 764/252/1488
f 769/2850/1489 772/385/1490 770/1739/1491 771/664/1492
f 772/385/1493 774/2303/1494 773/157/1495 770/1739/1496
f 775/1717/1497 778/3481/1498 776/991/1499 777/1580/1500
f 779/1686/1501 775/1717/1502 777/1580/1503 780/3222/1504
f 781/1172/1505 784/2248/1506 782/2156/1507 783/298/1508
f 784/2248/1509 786/3581/1510 785/3306/1511 782/2156/1512
f 787/1832/1513 790/1576/1514 788/120/1515 789/2971/1516
f 790/1576/1517 792/3536/1518 791/2357/1519 788/120/1520
f 793/3649/1521 796/3086/1522 794/375/1523 795/2684/1524
f 797/379/1525 798/1264/1526 796/3086/1527 793/3649/1528
f 793/3649/1529 800/187/1530 799/1893/1531 797/379/1532
f 795/2684/1533 801/551/1534 800/187/1535 793/3649/1536
f 802/3072/1537 805/1003/1538 803/3559/1539 804/743/1540
f 805/1003/1541 807/762/1542 806/3642/1543 803/3559/1544
f 808/1651/1545 811/899/1546 809/1123/1547 810/2719/1548
f 812/2550/1549 811/899/1550 808/1651/1551 813/2458/1552
f 814/268/1553 815/2755/1554 809/1123/1555 811/899/1556
f 816/2072/1557 814/268/1558 811/899/1559 812/2550/1560
f 808/1651/1561 810/2719/1562 817/3183/1563 818/2260/1564
f 813/2458/1565 808/1651/1566 818/2260/1567 819/1808/1568
f 820/2288/1569 823/1/1570 821/767/1571 822/2831/1572
f 824/249/1573 820/2288/1574 822/2831/1575 825/1109/1576
f 826/2620/1577 827/2263/1578 823/1/1579 820/2288/1580
f 828/1533/1581 826/2620/1582 820/2288/1583 824/249/1584
f 822/2831/1585 821/767/1586 829/1744/1587 830/3523/1588
f 825/1109/1589 822/2831/1590 830/3523/1591 831/2628/1592
f 832/2500/1593 835/1756/1594 833/1973/1595 834/3549/1596
f 836/3357/1597 835/1756/1598 832/2500/1599 837/3269/1600
f 838/1096/1601 839/3585/1602 833/1973/1603 835/1756/1604
f 840/2882/1605 838/1096/1606 835/1756/1607 836/3357/1608
f 832/2500/1609 834/3549/1610 841/260/1611 842/3061/1612
f 837/3269/1613 832/2500/1614 842/3061/1615 843/1395/1616
f 844/2897/1617 847/2188/1618 845/2388/1619 846/205/1620
f 848/25/1621 847/2188/1622 844/2897/1623 849/3682/1624
f 850/1511/1625 851/245/1626 845/2388/1627 847/2188/1628
f 852/3297/1629 850/1511/1630 847/2188/1631 848/25/1632
f 844/2897/1633 846/205/1634 853/675/1635 854/3479/1636
f 849/3682/1637 844/2897/1638 854/3479/1639 855/1818/1640
f 856/3515/1641 859/1184/1642 857/2042/1643 858/372/1644
f 860/1490/1645 861/1114/1646 859/1184/1647 856/3515/1648
f 862/116/1649 856/3515/1650 858/372/1651 863/3486/1652
f 864/2781/1653 860/1490/1654 856/3515/1655 862/116/1656
f 859/1184/1657 866/3531/1658 865/2973/1659 857/2042/1660
f 861/1114/1661 867/2643/1662 866/3531/1663 859/1184/1664
f 868/2514/1665 871/2985/1666 869/3197/1667 870/3561/1668
f 872/825/1669 871/2985/1670 868/2514/1671 873/3283/1672
f 874/2365/1673 875/1074/1674 869/3197/1675 871/2985/1676
f 876/361/1677 874/2365/1678 871/2985/1679 872/825/1680
f 868/2514/1681 870/3561/1682 877/1501/1683 878/558/1684
f 873/3283/1685 868/2514/1686 878/558/1687 879/2644/1688
f 880/595/1689 883/758/1690 881/2857/1691 882/1218/1692
f 884/2345/1693 885/1966/1694 883/758/1695 880/595/1696
f 886/929/1697 880/595/1698 882/1218/1699 887/564/1700
f 888/3602/1701 884/2345/1702 880/595/1703 886/929/1704
f 883/758/1705 890/611/1706 889/60/1707 881/2857/1708
f 885/1966/1709 891/3461/1710 890/611/1711 883/758/1712
f 892/1004/1713 895/2512/1714 893/3266/1715 894/1568/1716
f 896/2737/1717 892/1004/1718 894/1568/1719 897/2383/1720
f 898/3532/1721 899/2234/1722 892/1004/1723 896/2737/1724
f 895/2512/1725 892/1004/1726 899/2234/1727 900/608/1728
f 894/1568/1729 893/3266/1730 901/461/1731 902/1019/1732
f 897/2383/1733 894/1568/1734 902/1019/1735 903/127/1736
f 904/180/1737 907/1608/1738 905/3679/1739 906/2056/1740
f 908/3147/1741 909/2778/1742 907/1608/1743 904/180/1744
f 910/1781/1745 904/180/1746 906/2056/1747 911/158/1748
f 912/680/1749 908/3147/1750 904/180/1751 910/1781/1752
f 907/1608/1753 914/1433/1754 913/865/1755 905/3679/1756
f 909/2778/1757 915/533/1758 914/1433/1759 907/1608/1760
f 916/382/1761 919/3424/1762 917/1107/1763 918/1464/1764
f 920/1281/1765 919/3424/1766 916/382/1767 921/1194/1768
f 922/2770/1769 923/2732/1770 917/1107/1771 919/3424/1772
f 924/2049/1773 922/2770/1774 919/3424/1775 920/1281/1776
f 916/382/1777 918/1464/1778 925/1952/1779 926/2236/1780
f 921/1194/1781 916/382/1782 926/2236/1783 927/535/1784
f 928/1012/1785 931/2443/1786 929/3273/1787 930/2870/1788
f 932/223/1789 933/3600/1790 931/2443/1791 928/1012/1792
f 934/2602/1793 928/1012/1794 930/2870/1795 935/985/1796
f 936/1510/1797 932/223/1798 928/1012/1799 934/2602/1800
f 931/2443/1801 938/2284/1802 937/1726/1803 929/3273/1804
f 933/3600/1805 939/1372/1806 938/2284/1807 931/2443/1808
f 940/1430/1809 943/381/1810 941/3685/1811 942/3214/1812
f 944/632/1813 940/1430/1814 942/3214/1815 945/265/1816
f 946/196/1817 947/2649/1818 940/1430/1819 944/632/1820
f 943/381/1821 940/1430/1822 947/2649/1823 948/2278/1824
f 942/3214/1825 941/3685/1826 949/872/1827 950/2686/1828
f 945/265/1829 942/3214/1830 950/2686/1831 951/1793/1832
f 952/453/1833 955/2416/1834 953/1415/1835 954/2040/1836
f 955/2416/1837 957/1198/1838 956/2220/1839 953/1415/1840
f 952/453/1841 959/886/1842 958/913/1843 955/2416/1844
f 957/1198/1845 955/2416/1846 958/913/1847 960/2616/1848
f 961/740/1849 964/1974/1850 962/464/1851 963/612/1852
f 963/612/1853 962/464/1854 965/2508/1855 966/267/1856
f 961/740/1857 963/612/1858 967/1226/1859 968/3712/1860
f 966/267/1861 969/1673/1862 967/1226/1863 963/612/1864
f 970/3582/1865 973/525/1866 971/3278/1867 972/160/1868
f 973/525/1869 975/3080/1870 974/1561/1871 971/3278/1872
f 970/3582/1873 977/2795/1874 976/291/1875 973/525/1876
f 975/3080/1877 973/525/1878 976/291/1879 978/716/1880
f 979/2655/1881 982/85/1882 980/2376/1883 981/3709/1884
f 981/3709/1885 980/2376/1886 983/622/1887 984/2170/1888
f 979/2655/1889 981/3709/1890 985/3111/1891 986/1877/1892
f 984/2170/1893 987/1031/1894 985/3111/1895 981/3709/1896
f 988/1713/1897 991/2898/1898 989/1424/1899 990/2790/1900
f 990/2790/1901 989/1424/1902 992/3444/1903 993/1211/1904
f 988/1713/1905 990/2790/1906 994/2198/1907 995/2175/1908
f 993/1211/1909 996/104/1910 994/2198/1911 990/2790/1912
f 997/750/1913 1000/2714/1914 998/1727/1915 999/2362/1916
f 1000/2714/1917 1002/1509/1918 1001/2518/1919 998/1727/1920
f 997/750/1921 1004/1217/1922 1003/1236/1923 1000/2714/1924
f 1002/1509/1925 1000/2714/1926 1003/1236/1927 1005/2913/1928
f 1006/1068/1929 1009/2283/1930 1007/760/1931 1008/894/1932
f 1008/894/1933 1007/760/1934 1010/2806/1935 1011/578/1936
f 1006/1068/1937 1008/894/1938 1012/1536/1939 1013/280/1940
f 1011/578/1941 1014/2004/1942 1012/1536/1943 1008/894/1944
f 1015/137/1945 1018/810/1946 1016/3594/1947 1017/459/1948
f 1018/810/1949 1020/3396/1950 1019/1887/1951 1016/3594/1952
f 1015/137/1953 1022/3098/1954 1021/606/1955 1018/810/1956
f 1020/3396/1957 1018/810/1958 1021/606/1959 1023/1037/1960
f 1024/2951/1961 1027/376/1962 1025/2671/1963 1026/275/1964
f 1026/275/1965 1025/2671/1966 1028/912/1967 1029/2463/1968
f 1024/2951/1969 1026/275/1970 1030/3426/1971 1031/2186/1972
f 1029/2463/1973 1032/1345/1974 1030/3426/1975 1026/275/1976
f 1033/2027/1977 1036/3204/1978 1034/1736/1979 1035/3092/1980
f 1035/3092/1981 1034/1736/1982 1037/3732/1983 1038/1520/1984
f 1033/2027/1985 1035/3092/1986 1039/2492/1987 1040/2471/1988
f 1038/1520/1989 1041/390/1990 1039/2492/1991 1035/3092/1992
f 1042/1077/1993 1045/2294/1994 1043/2035/1995 1044/2181/1996
f 1044/2181/1997 1043/2035/1998 1046/2811/1999 1047/1835/2000
f 1042/1077/2001 1044/2181/2002 1048/1549/2003 1049/1526/2004
f 1047/1835/2005 1050/3216/2006 1048/1549/2007 1044/2181/2008
f 1051/1388/2009 1054/2103/2010 1052/1087/2011 1053/1723/2012
f 1054/2103/2013 1056/864/2014 1055/3110/2015 1052/1087/2016
f 1051/1388/2017 1058/592/2018 1057/1862/2019 1054/2103/2020
f 1056/864/2021 1054/2103/2022 1057/1862/2023 1059/2310/2024
f 1060/434/2025 1063/1145/2026 1061/153/2027 1062/753/2028
f 1063/1145/2029 1065/3686/2030 1064/2197/2031 1061/153/2032
f 1060/434/2033 1067/3412/2034 1066/885/2035 1063/1145/2036
f 1065/3686/2037 1063/1145/2038 1066/885/2039 1068/1356/2040
f 1069/3254/2041 1072/206/2042 1070/2967/2043 1071/3589/2044
f 1072/206/2045 1074/2767/2046 1073/1235/2047 1070/2967/2048
f 1069/3254/2049 1076/2479/2050 1075/3711/2051 1072/206/2052
f 1074/2767/2053 1072/206/2054 1075/3711/2055 1077/1645/2056
f 1078/2346/2057 1081/3025/2058 1079/2043/2059 1080/139/2060
f 1081/3025/2061 1083/1841/2062 1082/300/2063 1079/2043/2064
f 1084/2792/2065 1085/3603/2066 1083/1841/2067 1081/3025/2068
f 1078/2346/2069 1086/2403/2070 1084/2792/2071 1081/3025/2072
f 1087/1394/2073 1090/3319/2074 1088/2358/2075 1089/2954/2076
f 1090/3319/2077 1092/2153/2078 1091/3121/2079 1088/2358/2080
f 1087/1394/2081 1094/1848/2082 1093/1874/2083 1090/3319/2084
f 1092/2153/2085 1090/3319/2086 1093/1874/2087 1095/3533/2088
f 1096/1687/2089 1099/2402/2090 1097/1404/2091 1098/2030/2092
f 1099/2402/2093 1101/1189/2094 1100/3425/2095 1097/1404/2096
f 1096/1687/2097 1103/875/2098 1102/2173/2099 1099/2402/2100
f 1101/1189/2101 1099/2402/2102 1102/2173/2103 1104/2603/2104
f 1105/727/2105 1108/1455/2106 1106/451/2107 1107/1084/2108
f 1108/1455/2109 1110/254/2110 1109/2491/2111 1106/451/2112
f 1105/727/2113 1112/3702/2114 1111/1214/2115 1108/1455/2116
f 1110/254/2117 1108/1455/2118 1111/1214/2119 1113/1655/2120
f 1114/3567/2121 1117/508/2122 1115/3267/2123 1116/147/2124
f 1117/508/2125 1119/3065/2126 1118/1548/2127 1115/3267/2128
f 1120/3182/2129 1123/2493/2130 1121/2484/2131 1122/1448/2132
f 1123/2493/2133 1125/3655/2134 1124/1760/2135 1121/2484/2136
f 1120/3182/2137 1127/2253/2138 1126/3621/2139 1123/2493/2140
f 1125/3655/2141 1123/2493/2142 1126/3621/2143 1128/3392/2144
f 1129/3480/2145 1132/1551/2146 1130/1543/2147 1131/500/2148
f 1132/1551/2149 1134/2729/2150 1133/787/2151 1130/1543/2152
f 1129/3480/2153 1136/1305/2154 1135/2697/2155 1132/1551/2156
f 1134/2729/2157 1132/1551/2158 1135/2697/2159 1137/2459/2160
f 1138/2560/2161 1141/616/2162 1139/1856/2163 1140/3323/2164
f 1141/616/2165 1143/1809/2166 1142/3623/2167 1139/1856/2168
f 1138/2560/2169 1145/346/2170 1144/2981/2171 1141/616/2172
f 1143/1809/2173 1141/616/2174 1144/2981/2175 1146/1517/2176
f 1147/1609/2177 1150/3436/2178 1148/881/2179 1149/3622/2180
f 1150/3436/2181 1152/830/2182 1151/2701/2183 1148/881/2184
f 1147/1609/2185 1154/3179/2186 1153/2063/2187 1150/3436/2188
f 1152/830/2189 1150/3436/2190 1153/2063/2191 1155/1829/2192
f 1156/668/2193 1159/2504/2194 1157/3708/2195 1158/2700/2196
f 1159/2504/2197 1161/3662/2198 1160/2987/2199 1157/3708/2200
f 1156/668/2201 1163/2264/2202 1162/1116/2203 1159/2504/2204
f 1161/3662/2205 1159/2504/2206 1162/1116/2207 1164/859/2208
f 1165/1471/2209 1168/1416/2210 1166/1747/2211 1167/2295/2212
f 1168/1416/2213 1170/640/2214 1169/670/2215 1166/1747/2216
f 1165/1471/2217 1172/2209/2218 1171/3596/2219 1168/1416/2220
f 1170/640/2221 1168/1416/2222 1171/3596/2223 1173/923/2224
f 1174/40/2225 1177/1873/2226 1175/1868/2227 1176/793/2228
f 1177/1873/2229 1179/3037/2230 1178/1119/2231 1175/1868/2232
f 1174/40/2233 1181/1605/2234 1180/2995/2235 1177/1873/2236
f 1179/3037/2237 1177/1873/2238 1180/2995/2239 1182/2763/2240
f 1183/2848/2241 1186/896/2242 1184/2167/2243 1185/1117/2244
f 1186/896/2245 1188/2128/2246 1187/181/2247 1184/2167/2248
f 1183/2848/2249 1190/661/2250 1189/3294/2251 1186/896/2252
f 1188/2128/2253 1186/896/2254 1189/3294/2255 1191/1839/2256
f 1192/1771/2257 1195/1371/2258 1193/3062/2259 1194/677/2260
f 1195/1371/2261 1197/873/2262 1196/2394/2263 1193/3062/2264
f 1192/1771/2265 1199/1414/2266 1198/902/2267 1195/1371/2268
f 1197/873/2269 1195/1371/2270 1198/902/2271 1200/2375/2272
f 1201/259/2273 1204/3265/2274 1202/3483/2275 1203/1328/2276
f 1205/1130/2277 1204/3265/2278 1201/259/2279 1206/1056/2280
f 1207/2633/2281 1208/1360/2282 1202/3483/2283 1204/3265/2284
f 1209/1922/2285 1207/2633/2286 1204/3265/2287 1205/1130/2288
f 1201/259/2289 1203/1328/2290 1210/1802/2291 1211/811/2292
f 1206/1056/2293 1201/259/2294 1211/811/2295 1212/378/2296
f 1213/674/2297 1216/3676/2298 1214/144/2299 1215/1748/2300
f 1217/1555/2301 1216/3676/2302 1213/674/2303 1218/1469/2304
f 1219/3041/2305 1220/1784/2306 1214/144/2307 1216/3676/2308
f 1221/1079/2309 1219/3041/2310 1216/3676/2311 1217/1555/2312
f 1213/674/2313 1215/1748/2314 1222/2225/2315 1223/1255/2316
f 1218/1469/2317 1213/674/2318 1223/1255/2319 1224/783/2320
f 1225/1088/2321 1228/336/2322 1226/562/2323 1227/2174/2324
f 1229/1984/2325 1228/336/2326 1225/1088/2327 1230/1914/2328
f 1231/3455/2329 1232/2212/2330 1226/562/2331 1228/336/2332
f 1233/1492/2333 1231/3455/2334 1228/336/2335 1229/1984/2336
f 1225/1088/2337 1227/2174/2338 1234/2621/2339 1235/1667/2340
f 1230/1914/2341 1225/1088/2342 1235/1667/2343 1236/3729/2344
f 1237/1499/2345 1240/746/2346 1238/973/2347 1239/2577/2348
f 1241/2391/2349 1240/746/2350 1237/1499/2351 1242/2322/2352
f 1243/125/2353 1244/2605/2354 1238/973/2355 1240/746/2356
f 1245/1929/2357 1243/125/2358 1240/746/2359 1241/2391/2360
f 1237/1499/2361 1239/2577/2362 1246/3032/2363 1247/2104/2364
f 1242/2322/2365 1237/1499/2366 1247/2104/2367 1248/387/2368
f 1249/2144/2369 1252/3601/2370 1250/628/2371 1251/2685/2372
f 1253/98/2373 1249/2144/2374 1251/2685/2375 1254/952/2376
f 1255/2475/2377 1256/2110/2378 1252/3601/2379 1249/2144/2380
f 1257/1391/2381 1255/2475/2382 1249/2144/2383 1253/98/2384
f 1251/2685/2385 1250/628/2386 1258/1582/2387 1259/3367/2388
f 1254/952/2389 1251/2685/2390 1259/3367/2391 1260/1229/2392
f 1261/1098/2393 1264/1594/2394 1262/1819/2395 1263/2185/2396
f 1265/3202/2397 1264/1594/2398 1261/1098/2399 1266/3134/2400
f 1267/943/2401 1268/3439/2402 1262/1819/2403 1264/1594/2404
f 1269/2738/2405 1267/943/2406 1264/1594/2407 1265/3202/2408
f 1261/1098/2409 1263/2185/2410 1270/117/2411 1271/2909/2412
f 1266/3134/2413 1261/1098/2414 1271/2909/2415 1272/1231/2416
f 1273/1513/2417 1276/2021/2418 1274/2238/2419 1275/2582/2420
f 1277/3617/2421 1276/2021/2422 1273/1513/2423 1278/2334/2424
f 1279/1362/2425 1280/92/2426 1274/2238/2427 1276/2021/2428
f 1281/3148/2429 1279/1362/2430 1276/2021/2431 1277/3617/2432
f 1273/1513/2433 1275/2582/2434 1282/512/2435 1283/3320/2436
f 1278/2334/2437 1273/1513/2438 1283/3320/2439 1284/1642/2440
f 1285/3355/2441 1288/1095/2442 1286/1909/2443 1287/164/2444
f 1289/1341/2445 1285/3355/2446 1287/164/2447 1290/963/2448
f 1291/3693/2449 1292/3325/2450 1288/1095/2451 1285/3355/2452
f 1293/2632/2453 1291/3693/2454 1285/3355/2455 1289/1341/2456
f 1287/164/2457 1286/1909/2458 1294/2826/2459 1295/3376/2460
f 1290/963/2461 1287/164/2462 1295/3376/2463 1296/2485/2464
f 1297/2366/2465 1300/2838/2466 1298/3045/2467 1299/3411/2468
f 1301/3209/2469 1300/2838/2470 1297/2366/2471 1302/3136/2472
f 1303/2215/2473 1304/901/2474 1298/3045/2475 1300/2838/2476
f 1305/224/2477 1303/2215/2478 1300/2838/2479 1301/3209/2480
f 1297/2366/2481 1299/3411/2482 1306/1355/2483 1307/384/2484
f 1302/3136/2485 1297/2366/2486 1307/384/2487 1308/2488/2488
f 1309/2758/2489 1312/2031/2490 1310/3463/2491 1311/69/2492
f 1313/3624/2493 1312/2031/2494 1309/2758/2495 1314/3555/2496
f 1315/2608/2497 1316/1339/2498 1310/3463/2499 1312/2031/2500
f 1317/633/2501 1315/2608/2502 1312/2031/2503 1313/3624/2504
f 1309/2758/2505 1311/69/2506 1318/527/2507 1319/790/2508
f 1314/3555/2509 1309/2758/2510 1319/790/2511 1320/2886/2512
f 1321/3171/2513 1324/2439/2514 1322/130/2515 1323/474/2516
f 1325/294/2517 1324/2439/2518 1321/3171/2519 1326/209/2520
f 1327/1798/2521 1328/1761/2522 1322/130/2523 1324/2439/2524
f 1329/1054/2525 1327/1798/2526 1324/2439/2527 1325/294/2528
f 1321/3171/2529 1323/474/2530 1330/947/2531 1331/1228/2532
f 1326/209/2533 1321/3171/2534 1331/1228/2535 1332/3299/2536
f 1333/36/2537 1336/2756/2538 1334/2328/2539 1335/1840/2540
f 1337/2992/2541 1333/36/2542 1335/1840/2543 1338/2630/2544
f 1339/1613/2545 1340/3747/2546 1336/2756/2547 1333/36/2548
f 1341/520/2549 1339/1613/2550 1333/36/2551 1337/2992/2552
f 1335/1840/2553 1334/2328/2554 1342/707/2555 1343/1289/2556
f 1338/2630/2557 1335/1840/2558 1343/1289/2559 1344/365/2560
f 1345/440/2561 1348/1898/2562 1346/2717/2563 1347/2331/2564
f 1349/3422/2565 1350/3038/2566 1348/1898/2567 1345/440/2568
f 1351/2039/2569 1345/440/2570 1347/2331/2571 1352/402/2572
f 1353/941/2573 1349/3422/2574 1345/440/2575 1351/2039/2576
f 1348/1898/2577 1355/1699/2578 1354/3653/2579 1346/2717/2580
f 1350/3038/2581 1356/775/2582 1355/1699/2583 1348/1898/2584
f 1357/652/2585 1360/3664/2586 1358/1376/2587 1359/1735/2588
f 1361/1541/2589 1360/3664/2590 1357/652/2591 1362/1459/2592
f 1363/3023/2593 1364/1768/2594 1358/1376/2595 1360/3664/2596
f 1365/2320/2597 1363/3023/2598 1360/3664/2599 1361/1541/2600
f 1357/652/2601 1359/1735/2602 1366/2217/2603 1367/1240/2604
f 1362/1459/2605 1357/652/2606 1367/1240/2607 1368/776/2608
f 1369/1280/2609 1372/2768/2610 1370/3547/2611 1371/1854/2612
f 1373/482/2613 1369/1280/2614 1371/1854/2615 1374/122/2616
f 1375/2852/2617 1376/1244/2618 1372/2768/2619 1369/1280/2620
f 1377/1786/2621 1375/2852/2622 1369/1280/2623 1373/482/2624
f 1371/1854/2625 1370/3547/2626 1378/720/2627 1379/2543/2628
f 1374/122/2629 1371/1854/2630 1379/2543/2631 1380/1625/2632
f 1381/1493/2633 1384/730/2634 1382/962/2635 1383/2569/2636
f 1385/2387/2637 1384/730/2638 1381/1493/2639 1386/2309/2640
f 1387/108/2641 1388/2594/2642 1382/962/2643 1384/730/2644
f 1389/3133/2645 1387/108/2646 1384/730/2647 1385/2387/2648
f 1381/1493/2649 1383/2569/2650 1390/3011/2651 1391/2083/2652
f 1386/2309/2653 1381/1493/2654 1391/2083/2655 1392/1627/2656
f 1393/2133/2657 1396/3591/2658 1394/623/2659 1395/2674/2660
f 1397/82/2661 1393/2133/2662 1395/2674/2663 1398/939/2664
f 1399/3672/2665 1400/2088/2666 1396/3591/2667 1393/2133/2668
f 1401/1378/2669 1399/3672/2670 1393/2133/2671 1397/82/2672
f 1395/2674/2673 1394/623/2674 1402/1572/2675 1403/3347/2676
f 1398/939/2677 1395/2674/2678 1403/3347/2679 1404/2462/2680
f 1405/2347/2681 1408/1586/2682 1406/1806/2683 1407/3385/2684
f 1409/3194/2685 1408/1586/2686 1405/2347/2687 1410/3122/2688
f 1411/921/2689 1412/3428/2690 1406/1806/2691 1408/1586/2692
f 1413/2724/2693 1411/921/2694 1408/1586/2695 1409/3194/2696
f 1405/2347/2697 1407/3385/2698 1414/99/2699 1415/2896/2700
f 1410/3122/2701 1405/2347/2702 1415/2896/2703 1416/1221/2704
f 1417/2936/2705 1420/663/2706 1418/1452/2707 1419/3500/2708
f 1421/889/2709 1417/2936/2710 1419/3500/2711 1422/1785/2712
f 1423/3268/2713 1424/2902/2714 1420/663/2715 1417/2936/2716
f 1425/2222/2717 1423/3268/2718 1417/2936/2719 1421/889/2720
f 1419/3500/2721 1418/1452/2722 1426/2407/2723 1427/422/2724
f 1422/1785/2725 1419/3500/2726 1427/422/2727 1428/2060/2728
f 1429/3149/2729 1432/2426/2730 1430/2625/2731 1431/452/2732
f 1433/270/2733 1432/2426/2734 1429/3149/2735 1434/188/2736
f 1435/1774/2737 1436/487/2738 1430/2625/2739 1432/2426/2740
f 1437/3553/2741 1435/1774/2742 1432/2426/2743 1433/270/2744
f 1429/3149/2745 1431/452/2746 1438/910/2747 1439/3717/2748
f 1434/188/2749 1429/3149/2750 1439/3717/2751 1440/2062/2752
f 1441/7/2753 1444/1497/2754 1442/2304/2755 1443/570/2756
f 1445/1750/2757 1441/7/2758 1443/570/2759 1446/1377/2760
f 1447/339/2761 1448/3721/2762 1444/1497/2763 1441/7/2764
f 1449/3019/2765 1447/339/2766 1441/7/2767 1445/1750/2768
f 1443/570/2769 1442/2304/2770 1450/3220/2771 1451/1259/2772
f 1446/1377/2773 1443/570/2774 1451/1259/2775 1452/2875/2776
f 1453/413/2777 1456/1937/2778 1454/2703/2779 1455/987/2780
f 1457/2178/2781 1453/413/2782 1455/987/2783 1458/1795/2784
f 1459/752/2785 1460/377/2786 1456/1937/2787 1453/413/2788
f 1461/3449/2789 1459/752/2790 1453/413/2791 1457/2178/2792
f 1455/987/2793 1454/2703/2794 1462/3630/2795 1463/435/2796
f 1458/1795/2797 1455/987/2798 1463/435/2799 1464/3286/2800
f 1465/808/2801 1468/2355/2802 1466/3112/2803 1467/1409/2804
f 1469/2579/2805 1465/808/2806 1467/1409/2807 1470/2221/2808
f 1471/1187/2809 1472/782/2810 1468/2355/2811 1465/808/2812
f 1473/107/2813 1471/1187/2814 1465/808/2815 1469/2579/2816
f 1467/1409/2817 1466/3112/2818 1474/306/2819 1475/829/2820
f 1470/2221/2821 1467/1409/2822 1475/829/2823 1476/3695/2824
f 1477/3574/2825 1480/318/2826 1478/514/2827 1479/866/2828
f 1481/682/2829 1480/318/2830 1477/3574/2831 1482/617/2832
f 1483/3430/2833 1484/2176/2834 1478/514/2835 1480/318/2836
f 1485/1458/2837 1483/3430/2838 1480/318/2839 1481/682/2840
f 1477/3574/2841 1479/866/2842 1486/2590/2843 1487/1633/2844
f 1482/617/2845 1477/3574/2846 1487/1633/2847 1488/3696/2848
f 1489/234/2849 1492/3248/2850 1490/933/2851 1491/1307/2852
f 1493/1110/2853 1492/3248/2854 1489/234/2855 1494/1028/2856
f 1495/80/2857 1496/2578/2858 1490/933/2859 1492/3248/2860
f 1497/1900/2861 1495/80/2862 1492/3248/2863 1493/1110/2864
f 1489/234/2865 1491/1307/2866 1498/1777/2867 1499/2059/2868
f 1494/1028/2869 1489/234/2870 1499/2059/2871 1500/356/2872
f 1501/1552/2873 621/3663/2874 620/2734/2875 1502/1987/2876
f 1503/684/2877 626/114/2878 621/3663/2879 1501/1552/2880
f 625/1725/2881 1504/2123/2882 624/3687/2883 619/3229/2884
f 1505/2539/2885 1508/3288/2886 1506/789/2887 1507/59/2888
f 1509/2195/2889 1510/213/2890 1508/3288/2891 1505/2539/2892
f 647/1420/2893 646/1069/2894 1511/1863/2895 1512/3618/2896
f 646/1069/2897 649/1787/2898 1513/603/2899 1511/1863/2900
f 645/414/2901 1515/3497/2902 1514/1437/2903 648/1980/2904
f 650/2085/2905 648/1980/2906 1514/1437/2907 1516/2405/2908
f 1517/2938/2909 757/503/2910 756/1278/2911 1518/3351/2912
f 1519/2124/2913 762/3446/2914 757/503/2915 1517/2938/2916
f 761/645/2917 1520/3490/2918 760/1742/2919 755/322/2920
f 1521/662/2921 1524/2114/2922 1522/2363/2923 1523/3633/2924
f 1525/2055/2925 1521/662/2926 1523/3633/2927 1526/109/2928
f 1527/1702/2929 1528/2996/2930 1524/2114/2931 1521/662/2932
f 1529/2694/2933 1527/1702/2934 1521/662/2935 1525/2055/2936
f 1530/2927/2937 1531/2050/2938 1523/3633/2939 1522/2363/2940
f 1531/2050/2941 1532/286/2942 1526/109/2943 1523/3633/2944
f 765/928/2945 764/252/2946 1533/438/2947 1534/75/2948
f 764/252/2949 767/195/2950 1535/1936/2951 1533/438/2952
f 763/1824/2953 1537/2551/2954 1536/3200/2955 766/2861/2956
f 768/395/2957 766/2861/2958 1536/3200/2959 1538/768/2960
f 1539/2182/2961 1542/2726/2962 1540/2100/2963 1541/2482/2964
f 1542/2726/2965 1544/3198/2966 1543/1836/2967 1540/2100/2968
f 1539/2182/2969 1546/3262/2970 1545/3024/2971 1542/2726/2972
f 1544/3198/2973 1542/2726/2974 1545/3024/2975 1547/89/2976
f 1548/719/2977 1551/3496/2978 1549/3577/2979 1550/1606/2980
f 1551/3496/2981 1553/3026/2982 1552/3189/2983 1549/3577/2984
f 1548/719/2985 1555/1981/2986 1554/3648/2987 1551/3496/2988
f 1553/3026/2989 1551/3496/2990 1554/3648/2991 1556/842/2992
f 1557/129/2993 1560/3741/2994 1558/1044/2995 1559/3185/2996
f 1561/2200/2997 1562/2495/2998 1560/3741/2999 1557/129/3000
f 1562/2495/3001 1564/1562/3002 1563/193/3003 1560/3741/3004
f 1560/3741/3005 1563/193/3006 1565/3106/3007 1558/1044/3008
f 1566/133/3009 1569/3097/3010 1567/2545/3011 1568/2574/3012
f 1570/541/3013 1567/2545/3014 1569/3097/3015 1571/3145/3016
f 1572/3572/3017 1573/2378/3018 1569/3097/3019 1566/133/3020
f 1573/2378/3021 1574/2855/3022 1571/3145/3023 1569/3097/3024
f 1575/749/3025 1566/133/3026 1568/2574/3027 1576/1188/3028
f 1577/3667/3029 1572/3572/3030 1566/133/3031 1575/749/3032
f 1578/542/3033 1581/3512/3034 1579/2946/3035 1580/2968/3036
f 1582/3502/3037 1583/1041/3038 1581/3512/3039 1578/542/3040
f 1584/667/3041 1581/3512/3042 1583/1041/3043 1585/3634/3044
f 1586/1960/3045 1579/2946/3046 1581/3512/3047 1584/667/3048
f 1587/3688/3049 1578/542/3050 1580/2968/3051 1588/355/3052
f 1589/329/3053 1582/3502/3054 1578/542/3055 1587/3688/3056
f 1590/959/3057 1593/169/3058 1591/3349/3059 1592/3395/3060
f 1593/169/3061 1595/221/3062 1594/1384/3063 1591/3349/3064
f 1595/221/3065 1593/169/3066 1596/2348/3067 1597/311/3068
f 1593/169/3069 1590/959/3070 1598/1131/3071 1596/2348/3072
f 1599/347/3073 1590/959/3074 1592/3395/3075 1600/764/3076
f 1601/733/3077 1598/1131/3078 1590/959/3079 1599/347/3080
f 1602/3162/3081 1605/3241/3082 1603/3689/3083 1604/826/3084
f 1605/3241/3085 1607/1364/3086 1606/1912/3087 1603/3689/3088
f 1608/1752/3089 1609/3312/3090 1607/1364/3091 1605/3241/3092
f 1605/3241/3093 1602/3162/3094 1610/2731/3095 1608/1752/3096
f 1611/2672/3097 1612/1035/3098 1609/3312/3099 1608/1752/3100
f 1608/1752/3101 1610/2731/3102 1613/2813/3103 1611/2672/3104
f 1614/2769/3105 1617/712/3106 1615/1573/3107 1616/3166/3108
f 1618/3132/3109 1614/2769/3110 1616/3166/3111 1619/1444/3112
f 1619/1444/3113 1616/3166/3114 1620/688/3115 1621/1488/3116
f 1616/3166/3117 1615/1573/3118 1622/3235/3119 1620/688/3120
f 1623/3540/3121 1626/3327/3122 1624/1574/3123 1625/3039/3124
f 1625/3039/3125 1624/1574/3126 1627/397/3127 1628/1968/3128
f 1626/3327/3129 1630/1066/3130 1629/1300/3131 1624/1574/3132
f 1624/1574/3133 1629/1300/3134 1631/79/3135 1627/397/3136
f 1625/3039/3137 1633/1646/3138 1632/2274/3139 1623/3540/3140
f 1628/1968/3141 1634/167/3142 1633/1646/3143 1625/3039/3144
f 1635/916/3145 1638/3700/3146 1636/3261/3147 1637/3680/3148
f 1638/3700/3149 1640/2317/3150 1639/3371/3151 1636/3261/3152
f 1637/3680/3153 1636/3261/3154 1641/1714/3155 1642/3389/3156
f 1636/3261/3157 1639/3371/3158 1643/1342/3159 1641/1714/3160
f 1644/3587/3161 1645/2267/3162 1638/3700/3163 1635/916/3164
f 1645/2267/3165 1646/3613/3166 1640/2317/3167 1638/3700/3168
f 1647/2780/3169 1650/408/3170 1648/2445/3171 1649/2604/3172
f 1651/812/3173 1653/410/3174 1652/1258/3175 1650/408/3176
f 1650/408/3177 1652/1258/3178 1654/2152/3179 1648/2445/3180
f 1655/625/3181 1657/1275/3182 1647/2780/3183 1656/1815/3184
f 1650/408/3185 1647/2780/3186 1657/1275/3187 1651/812/3188
f 1656/1815/3189 1647/2780/3190 1649/2604/3191 1658/276/3192
f 1659/135/3193 1662/2444/3194 1660/665/3195 1661/3103/3196
f 1663/2612/3197 1664/2105/3198 1661/3103/3199 1660/665/3200
f 1664/2105/3201 1666/2812/3202 1665/2476/3203 1661/3103/3204
f 1667/2540/3205 1665/2476/3206 1666/2812/3207 1668/2159/3208
f 1669/2682/3209 1670/1046/3210 1665/2476/3211 1667/2540/3212
f 1670/1046/3213 1659/135/3214 1661/3103/3215 1665/2476/3216
f 1671/3604/3217 1674/1247/3218 1672/3258/3219 1673/2219/3220
f 1675/1671/3221 1677/13/3222 1676/2112/3223 1674/1247/3224
f 1674/1247/3225 1676/2112/3226 1678/2957/3227 1672/3258/3228
f 1679/1454/3229 1681/841/3230 1671/3604/3231 1680/2639/3232
f 1674/1247/3233 1671/3604/3234 1681/841/3235 1675/1671/3236
f 1680/2639/3237 1671/3604/3238 1673/2219/3239 1682/3620/3240
f 1683/2593/3241 1686/1619/3242 1684/1175/3243 1685/1597/3244
f 1686/1619/3245 1688/198/3246 1687/1284/3247 1684/1175/3248
f 1685/1597/3249 1684/1175/3250 1689/3362/3251 1690/1303/3252
f 1684/1175/3253 1687/1284/3254 1691/2993/3255 1689/3362/3256
f 1692/1495/3257 1693/2678/3258 1686/1619/3259 1683/2593/3260
f 1693/2678/3261 1694/284/3262 1688/198/3263 1686/1619/3264
f 1695/1007/3265 1698/3073/3266 1696/1113/3267 1697/599/3268
f 1698/3073/3269 1695/1007/3270 1699/2793/3271 1700/1165/3272
f 1695/1007/3273 1702/83/3274 1701/2941/3275 1699/2793/3276
f 1697/599/3277 1703/3324/3278 1702/83/3279 1695/1007/3280
f 1704/1354/3281 1705/2272/3282 1703/3324/3283 1697/599/3284
f 1697/599/3285 1696/1113/3286 1706/2433/3287 1704/1354/3288
f 1707/371/3289 1710/2746/3290 1708/2525/3291 1709/3094/3292
f 1711/1152/3293 1712/858/3294 1710/2746/3295 1707/371/3296
f 1713/804/3297 1707/371/3298 1709/3094/3299 1714/2142/3300
f 1715/3388/3301 1711/1152/3302 1707/371/3303 1713/804/3304
f 1710/2746/3305 1717/820/3306 1716/1185/3307 1708/2525/3308
f 1712/858/3309 1718/543/3310 1717/820/3311 1710/2746/3312
f 1719/2787/3313 1722/1644/3314 1720/3514/3315 1721/3713/3316
f 1723/3195/3317 1724/1838/3318 1722/1644/3319 1719/2787/3320
f 1725/504/3321 1719/2787/3322 1721/3713/3323 1726/2808/3324
f 1727/1994/3325 1723/3195/3326 1719/2787/3327 1725/504/3328
f 1722/1644/3329 1729/983/3330 1728/2404/3331 1720/3514/3332
f 1729/983/3333 1722/1644/3334 1724/1838/3335 1730/2286/3336
f 1731/1637/3337 1734/1902/3338 1732/37/3339 1733/1146/3340
f 1735/1590/3341 1734/1902/3342 1731/1637/3343 1736/1931/3344
f 1737/1601/3345 1738/630/3346 1732/37/3347 1734/1902/3348
f 1739/1013/3349 1737/1601/3350 1734/1902/3351 1735/1590/3352
f 1740/3564/3353 1741/3250/3354 1731/1637/3355 1733/1146/3356
f 1741/3250/3357 1742/1674/3358 1736/1931/3359 1731/1637/3360
f 1743/2151/3361 1746/2109/3362 1744/3550/3363 1745/3046/3364
f 1747/47/3365 1749/2575/3366 1748/391/3367 1743/2151/3368
f 1750/1330/3369 1753/1267/3370 1751/2661/3371 1752/2829/3372
f 1754/2450/3373 1753/1267/3374 1750/1330/3375 1755/257/3376
f 1750/1330/3377 1752/2829/3378 1756/678/3379 1757/3482/3380
f 1755/257/3381 1750/1330/3382 1757/3482/3383 1758/1820/3384
f 1759/3015/3385 1762/1628/3386 1760/1403/3387 1761/2000/3388
f 1763/41/3389 1764/3516/3390 1762/1628/3391 1759/3015/3392
f 1765/953/3393 1759/3015/3394 1761/2000/3395 1766/996/3396
f 1767/2287/3397 1763/41/3398 1759/3015/3399 1765/953/3400
f 1762/1628/3401 1769/3489/3402 1768/70/3403 1760/1403/3404
f 1764/3516/3405 1770/3181/3406 1769/3489/3407 1762/1628/3408
f 1771/3447/3409 1774/496/3410 1772/3456/3411 1773/1331/3412
f 1775/228/3413 1776/119/3414 770/1739/3415 773/157/3416
f 1776/119/3417 1777/976/3418 771/664/3419 770/1739/3420
f 769/2850/3421 1779/2580/3422 1778/2025/3423 772/385/3424
f 774/2303/3425 772/385/3426 1778/2025/3427 1780/800/3428
f 1781/2824/3429 1784/3518/3430 1782/598/3431 1783/1901/3432
f 1785/588/3433 1787/3159/3434 1786/3586/3435 1783/1901/3436
f 1788/3331/3437 1791/590/3438 1789/871/3439 1790/2693/3440
f 1792/639/3441 1794/1615/3442 1793/2970/3443 1788/3331/3444
f 1789/871/3445 1791/590/3446 1795/1293/3447 1796/565/3448
f 1791/590/3449 1798/3139/3450 1797/2745/3451 1795/1293/3452
f 1788/3331/3453 1790/2693/3454 1799/363/3455 1792/639/3456
f 1788/3331/3457 1793/2970/3458 1798/3139/3459 1791/590/3460
f 1784/3518/3461 1781/2824/3462 1800/934/3463 1801/571/3464
f 1781/2824/3465 1803/1023/3466 1802/2421/3467 1800/934/3468
f 1783/1901/3469 1782/598/3470 1804/3027/3471 1785/588/3472
f 1783/1901/3473 1786/3586/3474 1803/1023/3475 1781/2824/3476
f 776/991/3477 1806/2494/3478 1805/2113/3479 777/1580/3480
f 777/1580/3481 1805/2113/3482 1807/964/3483 780/3222/3484
f 778/3481/3485 775/1717/3486 1808/2562/3487 1809/2796/3488
f 779/1686/3489 1810/3356/3490 1808/2562/3491 775/1717/3492
f 783/298/3493 782/2156/3494 1811/485/3495 1812/1361/3496
f 782/2156/3497 785/3306/3498 1813/1983/3499 1811/485/3500
f 781/1172/3501 1815/2589/3502 1814/3253/3503 784/2248/3504
f 786/3581/3505 784/2248/3506 1814/3253/3507 1816/2090/3508
f 1817/3256/3509 1819/1178/3510 1746/2109/3511 1818/1108/3512
f 1819/1178/3513 1820/1997/3514 1744/3550/3515 1746/2109/3516
f 1743/2151/3517 1745/3046/3518 1821/1685/3519 1747/47/3520
f 1743/2151/3521 1748/391/3522 1818/1108/3523 1746/2109/3524
f 789/2971/3525 788/120/3526 1822/1285/3527 1823/888/3528
f 788/120/3529 791/2357/3530 1824/2752/3531 1822/1285/3532
f 787/1832/3533 1826/3369/3534 1825/290/3535 790/1576/3536
f 792/3536/3537 790/1576/3538 1825/290/3539 1827/1629/3540
f 1828/3213/3541 1831/2496/3542 1829/165/3543 1830/521/3544
f 1832/330/3545 1831/2496/3546 1828/3213/3547 1833/263/3548
f 1834/1847/3549 1835/1814/3550 1829/165/3551 1831/2496/3552
f 1836/1104/3553 1834/1847/3554 1831/2496/3555 1832/330/3556
f 1828/3213/3557 1830/521/3558 1837/995/3559 1838/1286/3560
f 1833/263/3561 1828/3213/3562 1838/1286/3563 1839/3348/3564
f 1840/3627/3565 1843/2891/3566 1841/586/3567 1842/944/3568
f 1844/735/3569 1843/2891/3570 1840/3627/3571 1845/679/3572
f 1846/2268/3573 1847/2232/3574 1841/586/3575 1843/2891/3576
f 1848/1518/3577 1846/2268/3578 1843/2891/3579 1844/735/3580
f 1840/3627/3581 1842/944/3582 1849/1417/3583 1850/1698/3584
f 1845/679/3585 1840/3627/3586 1850/1698/3587 1851/15/3588
f 1852/488/3589 1855/1941/3590 1853/2771/3591 1854/2380/3592
f 1856/3462/3593 1857/3083/3594 1855/1941/3595 1852/488/3596
f 1858/2091/3597 1852/488/3598 1854/2380/3599 1859/457/3600
f 1860/994/3601 1856/3462/3602 1852/488/3603 1858/2091/3604
f 1855/1941/3605 1862/1753/3606 1861/3699/3607 1853/2771/3608
f 1857/3083/3609 1863/815/3610 1862/1753/3611 1855/1941/3612
f 1864/1327/3613 1867/1938/3614 1865/2591/3615 1866/3142/3616
f 1868/1080/3617 1869/2325/3618 1867/1938/3619 1864/1327/3620
f 1870/2754/3621 1864/1327/3622 1866/3142/3623 1871/739/3624
f 1872/1009/3625 1868/1080/3626 1864/1327/3627 1870/2754/3628
f 1867/1938/3629 1874/1965/3630 1873/1058/3631 1865/2591/3632
f 1869/2325/3633 1875/3150/3634 1874/1965/3635 1867/1938/3636
f 1876/1121/3637 1879/370/3638 1877/600/3639 1878/2214/3640
f 1880/2015/3641 1879/370/3642 1876/1121/3643 1881/1944/3644
f 1879/370/3645 1883/333/3646 1882/2600/3647 1877/600/3648
f 1884/2765/3649 1883/333/3650 1879/370/3651 1880/2015/3652
f 1876/1121/3653 1878/2214/3654 1885/2664/3655 1886/1711/3656
f 1881/1944/3657 1876/1121/3658 1886/1711/3659 1887/1260/3660
f 1888/1749/3661 1891/3219/3662 1889/256/3663 1890/2319/3664
f 1892/3469/3665 1888/1749/3666 1890/2319/3667 1893/579/3668
f 1894/3308/3669 1895/1720/3670 1891/3219/3671 1888/1749/3672
f 1896/1000/3673 1894/3308/3674 1888/1749/3675 1892/3469/3676
f 1890/2319/3677 1889/256/3678 1897/1197/3679 1898/2979/3680
f 1893/579/3681 1890/2319/3682 1898/2979/3683 1899/2116/3684
f 1773/1331/3685 1772/3456/3686 1900/2878/3687 1901/3144/3688
f 794/375/3689 1903/2712/3690 1902/3382/3691 795/2684/3692
f 801/551/3693 795/2684/3694 1902/3382/3695 1904/2226/3696
f 804/743/3697 803/3559/3698 1905/1406/3699 1906/3014/3700
f 803/3559/3701 806/3642/3702 1907/1504/3703 1905/1406/3704
f 802/3072/3705 1909/3326/3706 1908/3087/3707 805/1003/3708
f 807/762/3709 805/1003/3710 1908/3087/3711 1910/148/3712
f 1911/797/3713 1914/48/3714 1912/685/3715 1913/721/3716
f 1915/27/3717 1916/2576/3718 1914/48/3719 1911/797/3720
f 1917/123/3721 1911/797/3722 1913/721/3723 1918/536/3724
f 1919/3020/3725 1915/27/3726 1911/797/3727 1917/123/3728
f 1914/48/3729 1921/1954/3730 1920/3077/3731 1912/685/3732
f 1916/2576/3733 1922/1153/3734 1921/1954/3735 1914/48/3736
f 1923/2118/3737 1926/3510/3738 1924/4/3739 1925/2251/3740
f 1927/1446/3741 1923/2118/3742 1925/2251/3743 1928/2761/3744
f 1929/607/3745 1930/1926/3746 1926/3510/3747 1923/2118/3748
f 1931/1591/3749 1929/607/3750 1923/2118/3751 1927/1446/3752
f 1925/2251/3753 1924/4/3754 1932/1844/3755 1933/935/3756
f 1928/2761/3757 1925/2251/3758 1933/935/3759 1934/1719/3760
f 1935/855/3761 1938/115/3762 1936/589/3763 1937/697/3764
f 1939/3406/3765 1936/589/3766 1938/115/3767 1940/1853/3768
f 1941/1294/3769 1942/772/3770 1936/589/3771 1939/3406/3772
f 1942/772/3773 1943/1440/3774 1937/697/3775 1936/589/3776
f 1935/855/3777 1937/697/3778 1944/626/3779 1945/43/3780
f 1943/1440/3781 1946/315/3782 1944/626/3783 1937/697/3784
f 1947/1299/3785 1950/510/3786 1948/1001/3787 1949/1132/3788
f 1949/1132/3789 1948/1001/3790 1951/3609/3791 1952/494/3792
f 1950/510/3793 1954/2742/3794 1953/549/3795 1948/1001/3796
f 1948/1001/3797 1953/549/3798 1955/2216/3799 1951/3609/3800
f 1947/1299/3801 1949/1132/3802 1956/1042/3803 1957/445/3804
f 1952/494/3805 1958/701/3806 1956/1042/3807 1949/1132/3808
f 1959/273/3809 1962/3050/3810 1960/2748/3811 1961/3484/3812
f 1961/3484/3813 1960/2748/3814 1963/1252/3815 1964/1678/3816
f 1962/3050/3817 1966/173/3818 1965/3380/3819 1960/2748/3820
f 1960/2748/3821 1965/3380/3822 1967/880/3823 1963/1252/3824
f 1959/273/3825 1961/3484/3826 1968/1751/3827 1969/49/3828
f 1964/1678/3829 1970/176/3830 1968/1751/3831 1961/3484/3832
f 1971/29/3833 1974/1826/3834 1972/2691/3835 1973/348/3836
f 1975/2930/3837 1971/29/3838 1976/3293/3839 1977/1703/3840
f 1973/348/3841 1980/3429/3842 1978/1762/3843 1979/3340/3844
f 1980/3429/3845 1973/348/3846 1972/2691/3847 1981/455/3848
f 1971/29/3849 1975/2930/3850 1982/168/3851 1974/1826/3852
f 1971/29/3853 1973/348/3854 1979/3340/3855 1976/3293/3856
f 1983/3305/3857 1986/2849/3858 1984/1978/3859 1985/1666/3860
f 1987/2527/3861 1983/3305/3862 1985/1666/3863 1988/67/3864
f 1989/2606/3865 1990/3017/3866 1986/2849/3867 1983/3305/3868
f 1991/1772/3869 1989/2606/3870 1983/3305/3871 1987/2527/3872
f 1985/1666/3873 1984/1978/3874 1992/1831/3875 1993/659/3876
f 1988/67/3877 1985/1666/3878 1993/659/3879 1994/3629/3880
f 1995/3397/3881 1998/2431/3882 1996/2001/3883 1997/2413/3884
f 1998/2431/3885 2000/1008/3886 1999/2106/3887 1996/2001/3888
f 1997/2413/3889 1996/2001/3890 2001/400/3891 2002/2127/3892
f 1996/2001/3893 1999/2106/3894 2003/57/3895 2001/400/3896
f 2004/2321/3897 2005/954/3898 1998/2431/3899 1995/3397/3900
f 2000/1008/3901 1998/2431/3902 2005/954/3903 2006/2352/3904
f 2007/2157/3905 2010/917/3906 2008/1099/3907 2009/511/3908
f 2011/1578/3909 2008/1099/3910 2010/917/3911 2012/1205/3912
f 2013/3474/3913 2009/511/3914 2014/2722/3915 2015/2318/3916
f 2008/1099/3917 2011/1578/3918 2016/635/3919 2017/3004/3920
f 2009/511/3921 2013/3474/3922 2018/1265/3923 2007/2157/3924
f 2009/511/3925 2008/1099/3926 2017/3004/3927 2014/2722/3928
f 2019/1876/3929 2022/2917/3930 2020/1100/3931 2021/2681/3932
f 2021/2681/3933 2020/1100/3934 2023/1195/3935 2024/2093/3936
f 2022/2917/3937 2026/3427/3938 2025/1804/3939 2020/1100/3940
f 2020/1100/3941 2025/1804/3942 2027/655/3943 2023/1195/3944
f 2019/1876/3945 2021/2681/3946 2028/2269/3947 2029/2505/3948
f 2024/2093/3949 2030/3056/3950 2028/2269/3951 2021/2681/3952
f 2031/2382/3953 2034/1112/3954 2032/779/3955 2033/2568/3956
f 2033/2568/3957 2032/779/3958 2035/729/3959 2036/1014/3960
f 2037/3415/3961 2040/818/3962 2038/3049/3963 2039/95/3964
f 2039/95/3965 2038/3049/3966 2041/3217/3967 2042/2832/3968
f 2043/1022/3969 2046/1769/3970 2044/1544/3971 2045/3170/3972
f 2047/999/3973 2048/28/3974 2046/1769/3975 2043/1022/3976
f 2049/483/3977 2052/469/3978 2050/2688/3979 2051/1940/3980
f 2051/1940/3981 2050/2688/3982 2053/2647/3983 2054/2890/3984
f 2055/1128/3985 2058/3157/3986 2056/651/3987 2057/1261/3988
f 2057/1261/3989 2056/651/3990 2059/1641/3991 2060/1158/3992
f 2061/784/3993 2064/1907/3994 2062/62/3995 2063/1631/3996
f 2063/1631/3997 2062/62/3998 2065/156/3999 2066/2289/4000
f 2067/2136/4001 2070/1081/4002 2068/1882/4003 2069/149/4004
f 2071/1325/4005 2067/2136/4006 2069/149/4007 2072/945/4008
f 2073/3677/4009 2074/2096/4010 2070/1081/4011 2067/2136/4012
f 2075/2613/4013 2073/3677/4014 2067/2136/4015 2071/1325/4016
f 2069/149/4017 2068/1882/4018 2076/2810/4019 2077/3352/4020
f 2072/945/4021 2069/149/4022 2077/3352/4023 2078/2468/4024
f 2079/2350/4025 2082/490/4026 2080/3028/4027 2081/1976/4028
f 2083/3196/4029 2084/3125/4030 2079/2350/4031 2081/1976/4032
f 2085/927/4033 2081/1976/4034 2080/3028/4035 2086/882/4036
f 2087/203/4037 2083/3196/4038 2081/1976/4039 2085/927/4040
f 2079/2350/4041 2089/369/4042 2088/103/4043 2082/490/4044
f 2084/3125/4045 2090/2470/4046 2089/369/4047 2079/2350/4048
f 2091/2939/4049 2094/614/4050 2092/1456/4051 2093/1039/4052
f 2095/2171/4053 2096/1789/4054 2094/614/4055 2091/2939/4056
f 2097/747/4057 2091/2939/4058 2093/1039/4059 2098/2903/4060
f 2099/3441/4061 2095/2171/4062 2091/2939/4063 2097/747/4064
f 2094/614/4065 2101/426/4066 2100/2414/4067 2092/1456/4068
f 2096/1789/4069 2102/3275/4070 2101/426/4071 2094/614/4072
f 2103/3154/4073 2106/1332/4074 2104/111/4075 2105/2791/4076
f 2107/272/4077 2108/192/4078 2103/3154/4079 2105/2791/4080
f 2109/1780/4081 2105/2791/4082 2104/111/4083 2110/491/4084
f 2111/1034/4085 2107/272/4086 2105/2791/4087 2109/1780/4088
f 2103/3154/4089 2113/3720/4090 2112/919/4091 2106/1332/4092
f 2108/192/4093 2114/3277/4094 2113/3720/4095 2103/3154/4096
f 2115/9/4097 2118/1434/4098 2116/2307/4099 2117/1904/4100
f 2119/2974/4101 2120/2610/4102 2118/1434/4103 2115/9/4104
f 2121/1595/4105 2115/9/4106 2117/1904/4107 2122/3724/4108
f 2123/498/4109 2119/2974/4110 2115/9/4111 2121/1595/4112
f 2118/1434/4113 2125/1266/4114 2124/3225/4115 2116/2307/4116
f 2120/2610/4117 2126/352/4118 2125/1266/4119 2118/1434/4120
f 2127/229/4121 2130/900/4122 2128/3454/4123 2129/3615/4124
f 2131/1106/4125 2132/1024/4126 2127/229/4127 2129/3615/4128
f 2133/2599/4129 2129/3615/4130 2128/3454/4131 2134/1333/4132
f 2135/1894/4133 2131/1106/4134 2129/3615/4135 2133/2599/4136
f 2127/229/4137 2137/781/4138 2136/1765/4139 2130/900/4140
f 2132/1024/4141 2138/354/4142 2137/781/4143 2127/229/4144
f 2139/813/4145 2142/2356/4146 2140/3116/4147 2141/1413/4148
f 2143/61/4149 2139/813/4150 2141/1413/4151 2144/3440/4152
f 2145/2434/4153 2146/786/4154 2142/2356/4155 2139/813/4156
f 2147/113/4157 2145/2434/4158 2139/813/4159 2143/61/4160
f 2141/1413/4161 2140/3116/4162 2148/310/4163 2149/2122/4164
f 2144/3440/4165 2141/1413/4166 2149/2122/4167 2150/1190/4168
f 2151/1060/4169 2154/1757/4170 2152/518/4171 2153/3207/4172
f 2155/1956/4173 2156/1878/4174 2151/1060/4175 2153/3207/4176
f 2153/3207/4177 2158/528/4178 2157/972/4179 2155/1956/4180
f 2152/518/4181 2159/3008/4182 2158/528/4183 2153/3207/4184
f 2151/1060/4185 2161/1636/4186 2160/2592/4187 2154/1757/4188
f 2156/1878/4189 2162/1191/4190 2161/1636/4191 2151/1060/4192
f 2163/1672/4193 2166/3160/4194 2164/183/4195 2165/2254/4196
f 2167/3408/4197 2163/1672/4198 2165/2254/4199 2168/497/4200
f 2169/2032/4201 2170/1638/4202 2166/3160/4203 2163/1672/4204
f 2171/926/4205 2169/2032/4206 2163/1672/4207 2167/3408/4208
f 2165/2254/4209 2164/183/4210 2172/1133/4211 2173/2921/4212
f 2168/497/4213 2165/2254/4214 2173/2921/4215 2174/766/4216
f 2175/2108/4217 2178/3509/4218 2176/610/4219 2177/190/4220
f 2179/68/4221 2180/909/4222 2178/3509/4223 2175/2108/4224
f 2175/2108/4225 2182/3290/4226 2181/835/4227 2179/68/4228
f 2177/190/4229 2183/1688/4230 2182/3290/4231 2175/2108/4232
f 2178/3509/4233 2185/3332/4234 2184/1556/4235 2176/610/4236
f 2180/909/4237 2186/1199/4238 2185/3332/4239 2178/3509/4240
f 2187/2517/4241 2190/236/4242 2188/1017/4243 2189/3058/4244
f 2191/471/4245 2187/2517/4246 2189/3058/4247 2192/110/4248
f 2193/2845/4249 2194/2480/4250 2190/236/4251 2187/2517/4252
f 2195/1778/4253 2193/2845/4254 2187/2517/4255 2191/471/4256
f 2189/3058/4257 2188/1017/4258 2196/1986/4259 2197/3742/4260
f 2192/110/4261 2189/3058/4262 2197/3742/4263 2198/1618/4264
f 2199/1481/4265 2202/3416/4266 2200/2213/4267 2201/1115/4268
f 2203/3590/4269 2204/3517/4270 2199/1481/4271 2201/1115/4272
f 2201/1115/4273 2206/955/4274 2205/2645/4275 2203/3590/4276
f 2200/2213/4277 2207/905/4278 2206/955/4279 2201/1115/4280
f 2199/1481/4281 2209/3292/4282 2208/484/4283 2202/3416/4284
f 2204/3517/4285 2210/1620/4286 2209/3292/4287 2199/1481/4288
f 2211/3322/4289 2214/1065/4290 2212/1869/4291 2213/140/4292
f 2215/1317/4293 2211/3322/4294 2213/140/4295 2216/924/4296
f 2217/3665/4297 2218/3295/4298 2214/1065/4299 2211/3322/4300
f 2219/2598/4301 2217/3665/4302 2211/3322/4303 2215/1317/4304
f 2213/140/4305 2212/1869/4306 2220/2801/4307 2221/3338/4308
f 2216/924/4309 2213/140/4310 2221/3338/4311 2222/2451/4312
f 2223/3731/4313 2226/175/4314 2224/2282/4315 2225/619/4316
f 2227/1732/4317 2228/1352/4318 2226/175/4319 2223/3731/4320
f 2229/326/4321 2223/3731/4322 2225/619/4323 2230/3706/4324
f 2231/3001/4325 2227/1732/4326 2223/3731/4327 2229/326/4328
f 2226/175/4329 2233/5/4330 2232/3205/4331 2224/2282/4332
f 2228/1352/4333 2234/2856/4334 2233/5/4335 2226/175/4336
f 2235/2784/4337 2238/217/4338 2236/2506/4339 2237/2634/4340
f 2237/2634/4341 2236/2506/4342 2239/737/4343 2240/2308/4344
f 2235/2784/4345 2237/2634/4346 2241/3242/4347 2242/2011/4348
f 2240/2308/4349 2243/3678/4350 2241/3242/4351 2237/2634/4352
f 2244/1860/4353 2247/2565/4354 2245/1559/4355 2246/2202/4356
f 2247/2565/4357 2249/1353/4358 2248/3575/4359 2245/1559/4360
f 2244/1860/4361 2251/1053/4362 2250/2333/4363 2247/2565/4364
f 2249/1353/4365 2247/2565/4366 2250/2333/4367 2252/237/4368
f 2253/884/4369 2256/2130/4370 2254/618/4371 2255/2007/4372
f 2255/2007/4373 2254/618/4374 2257/2650/4375 2258/396/4376
f 2253/884/4377 2255/2007/4378 2259/1383/4379 2260/1357/4380
f 2258/396/4381 2261/3051/4382 2259/1383/4383 2255/2007/4384
f 2262/3710/4385 2265/1935/4386 2263/898/4387 2264/1545/4388
f 2265/1935/4389 2267/690/4390 2266/1705/4391 2263/898/4392
f 2262/3710/4393 2269/403/4394 2268/429/4395 2265/1935/4396
f 2267/690/4397 2265/1935/4398 2268/429/4399 2270/2145/4400
f 2271/269/4401 2274/977/4402 2272/3722/4403 2273/609/4404
f 2274/977/4405 2276/3530/4406 2275/2016/4407 2272/3722/4408
f 2271/269/4409 2278/3230/4410 2277/715/4411 2274/977/4412
f 2276/3530/4413 2274/977/4414 2277/715/4415 2279/1182/4416
f 2280/3084/4417 2283/519/4418 2281/2803/4419 2282/2932/4420
f 2282/2932/4421 2281/2803/4422 2284/1064/4423 2285/2597/4424
f 2280/3084/4425 2282/2932/4426 2286/3554/4427 2287/2323/4428
f 2285/2597/4429 2288/247/4430 2286/3554/4431 2282/2932/4432
f 2289/2172/4433 2292/2853/4434 2290/1884/4435 2291/2497/4436
f 2292/2853/4437 2294/1650/4438 2293/132/4439 2290/1884/4440
f 2289/2172/4441 2296/1367/4442 2295/2622/4443 2292/2853/4444
f 2294/1650/4445 2292/2853/4446 2295/2622/4447 2297/540/4448
f 2298/1212/4449 2301/2422/4450 2299/911/4451 2300/2313/4452
f 2300/2313/4453 2299/911/4454 2302/2948/4455 2303/696/4456
f 2298/1212/4457 2300/2313/4458 2304/1683/4459 2305/1656/4460
f 2303/696/4461 2306/3358/4462 2304/1683/4463 2300/2313/4464
f 2307/277/4465 2310/2242/4466 2308/1225/4467 2309/1867/4468
f 2310/2242/4469 2312/1018/4470 2311/2022/4471 2308/1225/4472
f 2307/277/4473 2314/700/4474 2313/724/4475 2310/2242/4476
f 2312/1018/4477 2310/2242/4478 2313/724/4479 2315/2435/4480
f 2316/581/4481 2319/1291/4482 2317/288/4483 2318/887/4484
f 2319/1291/4485 2321/84/4486 2320/2332/4487 2317/288/4488
f 2316/581/4489 2323/3542/4490 2322/1036/4491 2319/1291/4492
f 2321/84/4493 2319/1291/4494 2322/1036/4495 2324/1486/4496
f 2325/3399/4497 2328/332/4498 2326/3105/4499 2327/3714/4500
f 2328/332/4501 2330/2899/4502 2329/1382/4503 2326/3105/4504
f 2325/3399/4505 2332/2614/4506 2331/118/4507 2328/332/4508
f 2330/2899/4509 2328/332/4510 2331/118/4511 2333/553/4512
f 2334/2467/4513 2337/3641/4514 2335/2196/4515 2336/3538/4516
f 2336/3538/4517 2335/2196/4518 2338/428/4519 2339/1985/4520
f 2334/2467/4521 2336/3538/4522 2340/2923/4523 2341/1670/4524
f 2339/1985/4525 2342/824/4526 2340/2923/4527 2336/3538/4528
f 2343/1523/4529 2346/2718/4530 2344/1230/4531 2345/2607/4532
f 2345/2607/4533 2344/1230/4534 2347/3252/4535 2348/1026/4536
f 2343/1523/4537 2345/2607/4538 2349/2009/4539 2350/1990/4540
f 2348/1026/4541 2351/3661/4542 2349/2009/4543 2345/2607/4544
f 2352/587/4545 2355/1796/4546 2353/1532/4547 2354/1663/4548
f 2354/1663/4549 2353/1532/4550 2356/2342/4551 2357/1336/4552
f 2352/587/4553 2354/1663/4554 2358/1049/4555 2359/1029/4556
f 2357/1336/4557 2360/2733/4558 2358/1049/4559 2354/1663/4560
f 2361/867/4561 2364/2098/4562 2362/602/4563 2363/706/4564
f 2363/706/4565 2362/602/4566 2365/2619/4567 2366/374/4568
f 2361/867/4569 2363/706/4570 2367/1358/4571 2368/100/4572
f 2366/374/4573 2369/1813/4574 2367/1358/4575 2363/706/4576
f 2370/3690/4577 2373/1142/4578 2371/3423/4579 2372/3548/4580
f 2372/3548/4581 2371/3423/4582 2374/1682/4583 2375/3203/4584
f 2370/3690/4585 2372/3548/4586 2376/399/4587 2377/2911/4588
f 2375/3203/4589 2378/836/4590 2376/399/4591 2372/3548/4592
f 2379/2772/4593 2382/204/4594 2380/2486/4595 2381/94/4596
f 2381/94/4597 2380/2486/4598 2383/723/4599 2384/2293/4600
f 2379/2772/4601 2381/94/4602 2385/3227/4603 2386/1999/4604
f 2384/2293/4605 2387/1161/4606 2385/3227/4607 2381/94/4608
f 2388/1845/4609 2391/3018/4610 2389/1547/4611 2390/2905/4612
f 2390/2905/4613 2389/1547/4614 2392/3565/4615 2393/1340/4616
f 2388/1845/4617 2390/2905/4618 2394/2314/4619 2395/2298/4620
f 2393/1340/4621 2396/220/4622 2394/2314/4623 2390/2905/4624
f 2397/874/4625 2400/2119/4626 2398/1857/4627 2399/1996/4628
f 2399/1996/4629 2398/1857/4630 2401/2635/4631 2402/1634/4632
f 2397/874/4633 2399/1996/4634 2403/1363/4635 2404/1343/4636
f 2402/1634/4637 2405/3043/4638 2403/1363/4639 2399/1996/4640
f 2406/1883/4641 2409/992/4642 2407/1154/4643 2408/297/4644
f 2408/297/4645 2407/1154/4646 2410/418/4647 2411/2370/4648
f 2406/1883/4649 2408/297/4650 2412/2330/4651 2413/890/4652
f 2411/2370/4653 2414/2081/4654 2412/2330/4655 2408/297/4656
f 2415/2183/4657 2418/64/4658 2416/212/4659 2417/3117/4660
f 2417/3117/4661 2416/212/4662 2419/3244/4663 2420/1418/4664
f 2415/2183/4665 2417/3117/4666 2421/1381/4667 2422/3715/4668
f 2420/1418/4669 2423/1127/4670 2421/1381/4671 2417/3117/4672
f 2424/1224/4673 2427/2868/4674 2425/505/4675 2426/2206/4676
f 2426/2206/4677 2425/505/4678 2428/2335/4679 2429/465/4680
f 2424/1224/4681 2426/2206/4682 2430/1668/4683 2431/2798/4684
f 2429/465/4685 2432/191/4686 2430/1668/4687 2426/2206/4688
f 2433/287/4689 2436/1959/4690 2434/3329/4691 2435/2489/4692
f 2435/2489/4693 2434/3329/4694 2437/1385/4695 2438/3279/4696
f 2433/287/4697 2435/2489/4698 2439/713/4699 2440/1880/4700
f 2438/3279/4701 2441/489/4702 2439/713/4703 2435/2489/4704
f 2442/3104/4705 2445/2257/4706 2443/2408/4707 2444/1546/4708
f 2444/1546/4709 2443/2408/4710 2446/1676/4711 2447/2377/4712
f 2442/3104/4713 2444/1546/4714 2448/3552/4715 2449/903/4716
f 2447/2377/4717 2450/3304/4718 2448/3552/4719 2444/1546/4720
f 2451/152/4721 2454/1828/4722 2452/401/4723 2453/1604/4724
f 2453/1604/4725 2452/401/4726 2455/3107/4727 2456/3085/4728
f 2451/152/4729 2453/1604/4730 2457/2299/4731 2458/839/4732
f 2456/3085/4733 2459/3364/4734 2457/2299/4735 2453/1604/4736
f 2460/2477/4737 2463/349/4738 2461/515/4739 2462/3432/4740
f 2462/3432/4741 2461/515/4742 2464/3556/4743 2465/1728/4744
f 2460/2477/4745 2462/3432/4746 2466/1681/4747 2467/283/4748
f 2465/1728/4749 2468/1439/4750 2466/1681/4751 2462/3432/4752
f 2469/1530/4753 2472/3180/4754 2470/795/4755 2471/2501/4756
f 2471/2501/4757 2470/795/4758 2473/2623/4759 2474/761/4760
f 2469/1530/4761 2471/2501/4762 2475/1998/4763 2476/3102/4764
f 2474/761/4765 2477/493/4766 2475/1998/4767 2471/2501/4768
f 2478/432/4769 2481/214/4770 2479/1754/4771 2480/2800/4772
f 2480/2800/4773 2479/1754/4774 2482/1063/4775 2483/3316/4776
f 2478/432/4777 2480/2800/4778 2484/3345/4779 2485/88/4780
f 2483/3316/4781 2486/1027/4782 2484/3345/4783 2480/2800/4784
f 2487/2699/4785 2490/3383/4786 2488/2187/4787 2489/2353/4788
f 2491/3571/4789 2492/3494/4790 2487/2699/4791 2489/2353/4792
f 2493/1314/4793 2489/2353/4794 2488/2187/4795 2494/42/4796
f 2495/580/4797 2491/3571/4798 2489/2353/4799 2493/1314/4800
f 2487/2699/4801 2497/3264/4802 2496/460/4803 2490/3383/4804
f 2492/3494/4805 2498/2828/4806 2497/3264/4807 2487/2699/4808
f 2499/3108/4809 2502/50/4810 2500/2584/4811 2501/1505/4812
f 2503/227/4813 2504/150/4814 2499/3108/4815 2501/1505/4816
f 2505/1730/4817 2501/1505/4818 2500/2584/4819 2506/443/4820
f 2507/993/4821 2503/227/4822 2501/1505/4823 2505/1730/4824
f 2499/3108/4825 2509/3673/4826 2508/862/4827 2502/50/4828
f 2504/150/4829 2510/3240/4830 2509/3673/4831 2499/3108/4832
f 2511/3525/4833 2514/449/4834 2512/2982/4835 2513/1945/4836
f 2515/636/4837 2516/567/4838 2511/3525/4839 2513/1945/4840
f 2517/2158/4841 2513/1945/4842 2512/2982/4843 2518/843/4844
f 2519/166/4845 2515/636/4846 2513/1945/4847 2517/2158/4848
f 2511/3525/4849 2521/334/4850 2520/1306/4851 2514/449/4852
f 2516/567/4853 2522/3646/4854 2521/334/4855 2511/3525/4856
f 2523/179/4857 2526/850/4858 2524/3413/4859 2525/2361/4860
f 2527/1059/4861 2528/979/4862 2523/179/4863 2525/2361/4864
f 2529/2563/4865 2525/2361/4866 2524/3413/4867 2530/1283/4868
f 2531/591/4869 2527/1059/4870 2525/2361/4871 2529/2563/4872
f 2523/179/4873 2533/742/4874 2532/1724/4875 2526/850/4876
f 2528/979/4877 2534/2836/4878 2533/742/4879 2523/179/4880
f 2535/773/4881 2538/2240/4882 2536/3063/4883 2537/2666/4884
f 2539/2546/4885 2540/3390/4886 2538/2240/4887 2535/773/4888
f 2541/1139/4889 2535/773/4890 2537/2666/4891 2542/748/4892
f 2543/66/4893 2539/2546/4894 2535/773/4895 2541/1139/4896
f 2538/2240/4897 2545/2058/4898 2544/261/4899 2536/3063/4900
f 2540/3390/4901 2546/3656/4902 2545/2058/4903 2538/2240/4904
f 2547/1010/4905 2550/1706/4906 2548/475/4907 2549/3167/4908
f 2551/1916/4909 2552/1823/4910 2547/1010/4911 2549/3167/4912
f 2553/3377/4913 2549/3167/4914 2548/475/4915 2554/2138/4916
f 2555/1422/4917 2551/1916/4918 2549/3167/4919 2553/3377/4920
f 2547/1010/4921 2557/1592/4922 2556/2558/4923 2550/1706/4924
f 2552/1823/4925 2558/3659/4926 2557/1592/4927 2547/1010/4928
f 2559/189/4929 2562/2146/4930 2560/876/4931 2561/3583/4932
f 2563/2326/4933 2564/2244/4934 2559/189/4935 2561/3583/4936
f 2565/46/4937 2561/3583/4938 2560/876/4939 2566/2542/4940
f 2567/1843/4941 2563/2326/4942 2561/3583/4943 2565/46/4944
f 2559/189/4945 2569/2020/4946 2568/2955/4947 2562/2146/4948
f 2564/2244/4949 2570/323/4950 2569/2020/4951 2559/189/4952
f 2571/2051/4953 2574/3464/4954 2572/561/4955 2573/2676/4956
f 2575/22/4957 2576/3401/4958 2574/3464/4959 2571/2051/4960
f 2577/2397/4961 2571/2051/4962 2573/2676/4963 2578/2023/4964
f 2579/1312/4965 2575/22/4966 2571/2051/4967 2577/2397/4968
f 2574/3464/4969 2581/2067/4970 2580/1500/4971 2572/561/4972
f 2576/3401/4973 2582/1159/4974 2581/2067/4975 2574/3464/4976
f 2583/1020/4977 2586/2949/4978 2584/1737/4979 2585/647/4980
f 2587/1921/4981 2588/1834/4982 2583/1020/4983 2585/647/4984
f 2589/845/4985 2585/647/4986 2584/1737/4987 2590/3343/4988
f 2591/2668/4989 2587/1921/4990 2585/647/4991 2589/845/4992
f 2583/1020/4993 2593/2834/4994 2592/38/4995 2586/2949/4996
f 2588/1834/4997 2594/1160/4998 2593/2834/4999 2583/1020/5000
f 2595/1435/5001 2598/3360/5002 2596/2161/5003 2597/1071/5004
f 2599/2336/5005 2600/2256/5006 2595/1435/5007 2597/1071/5008
f 2601/1290/5009 2597/1071/5010 2596/2161/5011 2602/11/5012
f 2603/3067/5013 2599/2336/5014 2597/1071/5015 2601/1290/5016
f 2595/1435/5017 2605/3249/5018 2604/441/5019 2598/3360/5020
f 2600/2256/5021 2606/1577/5022 2605/3249/5023 2595/1435/5024
f 2607/1872/5025 2610/24/5026 2608/2571/5027 2609/1483/5028
f 2611/2728/5029 2612/2660/5030 2607/1872/5031 2609/1483/5032
f 2613/1700/5033 2609/1483/5034 2608/2571/5035 2614/419/5036
f 2615/3493/5037 2611/2728/5038 2609/1483/5039 2613/1700/5040
f 2607/1872/5041 2617/3660/5042 2616/3379/5043 2610/24/5044
f 2612/2660/5045 2618/2008/5046 2617/3660/5047 2607/1872/5048
f 2619/2474/5049 2622/138/5050 2620/2239/5051 2621/573/5052
f 2623/1677/5053 2624/1310/5054 2622/138/5055 2619/2474/5056
f 2625/292/5057 2619/2474/5058 2621/573/5059 2626/2441/5060
f 2627/2962/5061 2623/1677/5062 2619/2474/5063 2625/292/5064
f 2622/138/5065 2629/3703/5066 2628/3164/5067 2620/2239/5068
f 2624/1310/5069 2630/2816/5070 2629/3703/5071 2622/138/5072
f 2631/2873/5073 2634/1870/5074 2632/1407/5075 2633/904/5076
f 2635/2120/5077 2631/2873/5078 2633/904/5079 2636/1729/5080
f 2637/686/5081 2638/2847/5082 2634/1870/5083 2631/2873/5084
f 2639/3374/5085 2637/686/5086 2631/2873/5087 2635/2120/5088
f 2633/904/5089 2632/1407/5090 2640/2367/5091 2641/360/5092
f 2636/1729/5093 2633/904/5094 2641/360/5095 2642/3223/5096
f 2643/3093/5097 2646/1270/5098 2644/53/5099 2645/2730/5100
f 2647/210/5101 2648/141/5102 2643/3093/5103 2645/2730/5104
f 2649/1715/5105 2645/2730/5106 2644/53/5107 2650/430/5108
f 2651/978/5109 2647/210/5110 2645/2730/5111 2649/1715/5112
f 2643/3093/5113 2653/1157/5114 2652/846/5115 2646/1270/5116
f 2648/141/5117 2654/3224/5118 2653/1157/5119 2643/3093/5120
f 2655/3692/5121 2658/1389/5122 2656/2247/5123 2657/1833/5124
f 2659/2919/5125 2660/2561/5126 2658/1389/5127 2655/3692/5128
f 2661/1537/5129 2655/3692/5130 2657/1833/5131 2662/3666/5132
f 2663/446/5133 2659/2919/5134 2655/3692/5135 2661/1537/5136
f 2658/1389/5137 2665/1203/5138 2664/3172/5139 2656/2247/5140
f 2660/2561/5141 2666/307/5142 2665/1203/5143 2658/1389/5144
f 2667/170/5145 2670/837/5146 2668/3398/5147 2669/3562/5148
f 2671/1043/5149 2672/967/5150 2667/170/5151 2669/3562/5152
f 2673/2553/5153 2669/3562/5154 2668/3398/5155 2674/1272/5156
f 2675/1822/5157 2671/1043/5158 2669/3562/5159 2673/2553/5160
f 2667/170/5161 2677/728/5162 2676/1701/5163 2670/837/5164
f 2672/967/5165 2678/309/5166 2677/728/5167 2667/170/5168
f 2679/763/5169 2682/2229/5170 2680/3053/5171 2681/2658/5172
f 2683/3738/5173 2684/3372/5174 2682/2229/5175 2679/763/5176
f 2685/2385/5177 2679/763/5178 2681/2658/5179 2686/732/5180
f 2687/55/5181 2683/3738/5182 2679/763/5183 2685/2385/5184
f 2682/2229/5185 2689/2045/5186 2688/250/5187 2680/3053/5188
f 2684/3372/5189 2690/1129/5190 2689/2045/5191 2682/2229/5192
f 2691/1002/5193 2694/1692/5194 2692/462/5195 2693/3153/5196
f 2695/1906/5197 2696/1811/5198 2691/1002/5199 2693/3153/5200
f 2697/3363/5201 2693/3153/5202 2692/462/5203 2698/2126/5204
f 2699/1412/5205 2695/1906/5206 2693/3153/5207 2697/3363/5208
f 2691/1002/5209 2701/1579/5210 2700/2548/5211 2694/1692/5212
f 2696/1811/5213 2702/1134/5214 2701/1579/5215 2691/1002/5216
f 2703/1612/5217 2706/3035/5218 2704/134/5219 2705/3472/5220
f 2707/3337/5221 2708/444/5222 2706/3035/5223 2703/1612/5224
f 2709/1979/5225 2703/1612/5226 2705/3472/5227 2710/1587/5228
f 2711/856/5229 2707/3337/5230 2703/1612/5231 2709/1979/5232
f 2706/3035/5233 2713/2862/5234 2712/1082/5235 2704/134/5236
f 2708/444/5237 2714/704/5238 2713/2862/5239 2706/3035/5240
f 2715/1846/5241 2718/2534/5242 2716/1308/5243 2717/230/5244
f 2719/2708/5245 2720/2636/5246 2715/1846/5247 2717/230/5248
f 2721/436/5249 2717/230/5250 2716/1308/5251 2722/2924/5252
f 2723/2252/5253 2719/2708/5254 2717/230/5255 2721/436/5256
f 2715/1846/5257 2725/2420/5258 2724/3350/5259 2718/2534/5260
f 2720/2636/5261 2726/708/5262 2725/2420/5263 2715/1846/5264
f 2727/2448/5265 2730/121/5266 2728/961/5267 2729/548/5268
f 2731/409/5269 2732/52/5270 2730/121/5271 2727/2448/5272
f 2733/2794/5273 2727/2448/5274 2729/548/5275 2734/2428/5276
f 2735/1712/5277 2731/409/5278 2727/2448/5279 2733/2794/5280
f 2730/121/5281 2737/3681/5282 2736/1930/5283 2728/961/5284
f 2732/52/5285 2738/1564/5286 2737/3681/5287 2730/121/5288
f 2739/1428/5289 2742/3341/5290 2740/2154/5291 2741/1061/5292
f 2743/3534/5293 2744/3457/5294 2739/1428/5295 2741/1061/5296
f 2745/1276/5297 2741/1061/5298 2740/2154/5299 2746/3746/5300
f 2747/3057/5301 2743/3534/5302 2741/1061/5303 2745/1276/5304
f 2739/1428/5305 2749/3234/5306 2748/424/5307 2742/3341/5308
f 2744/3457/5309 2750/1565/5310 2749/3234/5311 2739/1428/5312
f 2751/3263/5313 2754/937/5314 2752/1805/5315 2753/146/5316
f 2755/1248/5317 2756/853/5318 2754/937/5319 2751/3263/5320
f 2757/3616/5321 2751/3263/5322 2753/146/5323 2758/3239/5324
f 2759/2552/5325 2755/1248/5326 2751/3263/5327 2757/3616/5328
f 2754/937/5329 2761/3276/5330 2760/2739/5331 2752/1805/5332
f 2756/853/5333 2762/2398/5334 2761/3276/5335 2754/937/5336
f 2763/3671/5337 2766/128/5338 2764/2228/5339 2765/563/5340
f 2767/1660/5341 2768/1298/5342 2766/128/5343 2763/3671/5344
f 2769/279/5345 2763/3671/5346 2765/563/5347 2770/3645/5348
f 2771/2950/5349 2767/1660/5350 2763/3671/5351 2769/279/5352
f 2766/128/5353 2773/3691/5354 2772/3151/5355 2764/2228/5356
f 2768/1298/5357 2774/2807/5358 2773/3691/5359 2766/128/5360
f 2775/2677/5361 2778/809/5362 2776/3370/5363 2777/2329/5364
f 2779/3543/5365 2780/3465/5366 2775/2677/5367 2777/2329/5368
f 2781/2528/5369 2777/2329/5370 2776/3370/5371 2782/1243/5372
f 2783/552/5373 2779/3543/5374 2777/2329/5375 2781/2528/5376
f 2775/2677/5377 2785/703/5378 2784/1679/5379 2778/809/5380
f 2780/3465/5381 2786/2809/5382 2785/703/5383 2775/2677/5384
f 2787/3078/5385 2790/1253/5386 2788/39/5387 2789/2716/5388
f 2791/200/5389 2792/131/5390 2787/3078/5391 2789/2716/5392
f 2793/2928/5393 2789/2716/5394 2788/39/5395 2794/1657/5396
f 2795/966/5397 2791/200/5398 2789/2716/5399 2793/2928/5400
f 2787/3078/5401 2797/1140/5402 2796/831/5403 2790/1253/5404
f 2792/131/5405 2798/3210/5406 2797/1140/5407 2787/3078/5408
f 2799/1143/5409 2802/895/5410 2800/1583/5411 2801/1050/5412
f 2803/3016/5413 2804/583/5414 2802/895/5415 2799/1143/5416
f 2805/2203/5417 2799/1143/5418 2801/1050/5419 2806/3476/5420
f 2807/3168/5421 2803/3016/5422 2799/1143/5423 2805/2203/5424
f 2802/895/5425 2809/2530/5426 2808/3414/5427 2800/1583/5428
f 2809/2530/5429 2802/895/5430 2804/583/5431 2810/3270/5432
f 2034/1112/5433 2812/554/5434 2811/3448/5435 2032/779/5436
f 2032/779/5437 2811/3448/5438 2813/1155/5439 2035/729/5440
f 2031/2382/5441 2033/2568/5442 2814/2452/5443 2815/1790/5444
f 2036/1014/5445 2816/1274/5446 2814/2452/5447 2033/2568/5448
f 2817/1410/5449 2820/2585/5450 2818/1329/5451 2819/2364/5452
f 2819/2364/5453 2818/1329/5454 2821/1062/5455 2822/492/5456
f 2817/1410/5457 2819/2364/5458 2823/2290/5459 2824/3735/5460
f 2822/492/5461 2825/568/5462 2823/2290/5463 2819/2364/5464
f 2826/1219/5465 2829/1721/5466 2827/299/5467 2828/3109/5468
f 2828/3109/5469 2827/299/5470 2830/2440/5471 2831/1215/5472
f 2826/1219/5473 2828/3109/5474 2832/366/5475 2833/1201/5476
f 2831/1215/5477 2834/1344/5478 2832/366/5479 2828/3109/5480
f 2835/3123/5481 2838/3284/5482 2836/1528/5483 2837/3365/5484
f 2839/1423/5485 2835/3123/5486 2837/3365/5487 2840/2960/5488
f 2840/2960/5489 2837/3365/5490 2841/3193/5491 2842/2044/5492
f 2837/3365/5493 2836/1528/5494 2843/2372/5495 2841/3193/5496
f 2844/946/5497 2847/1881/5498 2845/2204/5499 2846/1093/5500
f 2848/597/5501 2844/946/5502 2846/1093/5503 2849/3184/5504
f 2850/2814/5505 2853/3434/5506 2851/777/5507 2852/2469/5508
f 2854/847/5509 2856/906/5510 2855/2131/5511 2853/3434/5512
f 2857/3419/5513 2854/847/5514 2853/3434/5515 2850/2814/5516
f 2851/777/5517 2860/3535/5518 2858/3467/5519 2859/2341/5520
f 2860/3535/5521 2851/777/5522 2853/3434/5523 2855/2131/5524
f 2852/2469/5525 2851/777/5526 2859/2341/5527 2861/2409/5528
f 2862/1502/5529 2865/1707/5530 2863/2143/5531 2864/1164/5532
f 2866/2900/5533 2867/1763/5534 2865/1707/5535 2862/1502/5536
f 2868/102/5537 2865/1707/5538 2867/1763/5539 2869/1855/5540
f 2865/1707/5541 2868/102/5542 2870/2673/5543 2863/2143/5544
f 2871/1917/5545 2872/2339/5546 2864/1164/5547 2863/2143/5548
f 2873/2306/5549 2871/1917/5550 2863/2143/5551 2870/2673/5552
f 2874/2820/5553 2877/3186/5554 2875/2805/5555 2876/1661/5556
f 2876/1661/5557 2875/2805/5558 2878/303/5559 2879/819/5560
f 2880/529/5561 2883/242/5562 2881/1758/5563 2882/1282/5564
f 2883/242/5565 2885/3551/5566 2884/1783/5567 2881/1758/5568
f 2886/3231/5569 2889/3599/5570 2887/3208/5571 2888/2097/5572
f 2888/2097/5573 2887/3208/5574 2890/694/5575 2891/1268/5576
f 2892/949/5577 2895/646/5578 2893/2189/5579 2894/1694/5580
f 2895/646/5581 2897/207/5582 2896/2210/5583 2893/2189/5584
f 2898/3453/5585 2901/2797/5586 2899/278/5587 2900/392/5588
f 2902/3701/5589 2899/278/5590 2901/2797/5591 2903/3048/5592
f 2904/1359/5593 2905/3221/5594 2899/278/5595 2902/3701/5596
f 2900/392/5597 2899/278/5598 2905/3221/5599 2906/1498/5600
f 2907/3739/5601 2910/3089/5602 2908/3096/5603 2909/3218/5604
f 2911/2782/5605 2908/3096/5606 2910/3089/5607 2912/2141/5608
f 2909/3218/5609 2908/3096/5610 2913/2675/5611 2914/930/5612
f 2908/3096/5613 2911/2782/5614 2915/2165/5615 2913/2675/5616
f 2916/1292/5617 2919/293/5618 2917/1664/5619 2918/3718/5620
f 2920/1216/5621 2916/1292/5622 2918/3718/5623 2921/30/5624
f 2921/30/5625 2918/3718/5626 2922/3459/5627 2923/2406/5628
f 2918/3718/5629 2917/1664/5630 2924/1102/5631 2922/3459/5632
f 2925/1451/5633 2928/427/5634 2926/744/5635 2927/807/5636
f 2929/197/5637 2926/744/5638 2928/427/5639 2930/1975/5640
f 2931/3173/5641 2932/3301/5642 2926/744/5643 2929/197/5644
f 2927/807/5645 2926/744/5646 2932/3301/5647 2933/2942/5648
f 2934/938/5649 2937/281/5650 2935/1522/5651 2936/1647/5652
f 2938/1202/5653 2935/1522/5654 2937/281/5655 2939/537/5656
f 2936/1647/5657 2935/1522/5658 2940/1090/5659 2941/1911/5660
f 2935/1522/5661 2938/1202/5662 2942/3088/5663 2940/1090/5664
f 2943/2978/5665 2946/907/5666 2944/1708/5667 2945/3522/5668
f 2947/774/5669 2948/271/5670 2946/907/5671 2943/2978/5672
f 2946/907/5673 2950/282/5674 2949/1156/5675 2944/1708/5676
f 2948/271/5677 2951/1886/5678 2950/282/5679 2946/907/5680
f 2950/282/5681 2953/1196/5682 2952/1237/5683 2949/1156/5684
f 2951/1886/5685 2954/788/5686 2953/1196/5687 2950/282/5688
f 2955/1680/5689 2958/2012/5690 2956/476/5691 2957/2555/5692
f 2959/2054/5693 2960/340/5694 2958/2012/5695 2955/1680/5696
f 2960/340/5697 2962/386/5698 2961/3373/5699 2958/2012/5700
f 2958/2012/5701 2961/3373/5702 2963/2177/5703 2956/476/5704
f 2964/2460/5705 2967/2815/5706 2965/478/5707 2966/1393/5708
f 2967/2815/5709 2969/844/5710 2968/3075/5711 2965/478/5712
f 2966/1393/5713 2965/478/5714 2970/201/5715 2971/3719/5716
f 2965/478/5717 2968/3075/5718 2972/2751/5719 2970/201/5720
f 2973/1168/5721 2974/3079/5722 2967/2815/5723 2964/2460/5724
f 2974/3079/5725 2975/2837/5726 2969/844/5727 2967/2815/5728
f 2976/1600/5729 2979/2535/5730 2977/1696/5731 2978/74/5732
f 2980/759/5733 2981/1770/5734 2979/2535/5735 2976/1600/5736
f 2982/1318/5737 2985/327/5738 2983/3636/5739 2984/319/5740
f 2985/327/5741 2987/161/5742 2986/1238/5743 2983/3636/5744
f 2984/319/5745 2983/3636/5746 2988/2107/5747 2989/10/5748
f 2983/3636/5749 2986/1238/5750 2990/2953/5751 2988/2107/5752
f 2991/1449/5753 2992/2637/5754 2985/327/5755 2982/1318/5756
f 2987/161/5757 2985/327/5758 2992/2637/5759 2993/244/5760
f 2994/1733/5761 2997/731/5762 2995/313/5763 2996/711/5764
f 2997/731/5765 2999/575/5766 2998/404/5767 2995/313/5768
f 2996/711/5769 2995/313/5770 3000/2516/5771 3001/415/5772
f 2995/313/5773 2998/404/5774 3002/3366/5775 3000/2516/5776
f 3003/1895/5777 3004/3042/5778 2997/731/5779 2994/1733/5780
f 3004/3042/5781 3005/648/5782 2999/575/5783 2997/731/5784
f 3006/1908/5785 3009/1885/5786 3007/112/5787 3008/1896/5788
f 3010/2835/5789 3011/178/5790 3008/1896/5791 3007/112/5792
f 3011/178/5793 3013/2038/5794 3012/3635/5795 3008/1896/5796
f 3009/1885/5797 3015/1779/5798 3014/834/5799 3007/112/5800
f 3007/112/5801 3014/834/5802 3016/1955/5803 3010/2835/5804
f 3017/162/5805 3006/1908/5806 3008/1896/5807 3012/3635/5808
f 3018/2740/5809 3021/3302/5810 3019/2258/5811 3020/725/5812
f 3022/3152/5813 3018/2740/5814 3020/725/5815 3023/1792/5816
f 3024/2753/5817 3025/2762/5818 3021/3302/5819 3018/2740/5820
f 3026/1951/5821 3024/2753/5822 3018/2740/5823 3022/3152/5824
f 3020/725/5825 3019/2258/5826 3027/2374/5827 3028/931/5828
f 3023/1792/5829 3020/725/5830 3028/931/5831 3029/990/5832
f 3030/3610/5833 3033/709/5834 3031/2521/5835 3032/968/5836
f 3034/316/5837 3035/1888/5838 3030/3610/5839 3032/968/5840
f 3036/3255/5841 3032/968/5842 3031/2521/5843 3037/3114/5844
f 3038/971/5845 3034/316/5846 3032/968/5847 3036/3255/5848
f 3030/3610/5849 3040/1995/5850 3039/3519/5851 3033/709/5852
f 3040/1995/5853 3030/3610/5854 3035/1888/5855 3041/1630/5856
f 3042/816/5857 3045/2641/5858 3043/2291/5859 3044/1183/5860
f 3046/3736/5861 3042/816/5862 3047/350/5863 3048/2536/5864
f 3049/1287/5865 3052/2427/5866 3050/2611/5867 3051/341/5868
f 3053/2410/5869 3054/2757/5870 3049/1287/5871 3051/341/5872
f 3049/1287/5873 3056/2227/5874 3055/3155/5875 3052/2427/5876
f 3054/2757/5877 3057/1775/5878 3056/2227/5879 3049/1287/5880
f 3058/1531/5881 3061/582/5882 3059/1091/5883 3060/2148/5884
f 3062/2943/5885 3064/93/5886 3063/2061/5887 3061/582/5888
f 3065/1368/5889 3062/2943/5890 3061/582/5891 3058/1531/5892
f 3059/1091/5893 3068/398/5894 3066/2910/5895 3067/2587/5896
f 3068/398/5897 3059/1091/5898 3061/582/5899 3063/2061/5900
f 3060/2148/5901 3059/1091/5902 3067/2587/5903 3069/1925/5904
f 3070/2419/5905 3073/2977/5906 3071/3012/5907 3072/3141/5908
f 3074/1453/5909 3075/1614/5910 3073/2977/5911 3070/2419/5912
f 3075/1614/5913 3074/1453/5914 3076/585/5915 3077/2250/5916
f 3074/1453/5917 3079/317/5918 3078/3281/5919 3076/585/5920
f 3070/2419/5921 3080/2086/5922 3079/317/5923 3074/1453/5924
f 3081/1797/5925 3084/2961/5926 3082/1710/5927 3083/1485/5928
f 3083/1485/5929 3082/1710/5930 3085/1441/5931 3086/3404/5932
f 3081/1797/5933 3083/1485/5934 3087/2663/5935 3088/2888/5936
f 3086/3404/5937 3089/3466/5938 3087/2663/5939 3083/1485/5940
f 2040/818/5941 3091/1462/5942 3090/604/5943 2038/3049/5944
f 2038/3049/5945 3090/604/5946 3092/2078/5947 2041/3217/5948
f 2037/3415/5949 2039/95/5950 3093/3353/5951 3094/2692/5952
f 2042/2832/5953 3095/2207/5954 3093/3353/5955 2039/95/5956
f 3096/405/5957 3099/324/5958 3097/1962/5959 3098/251/5960
f 3100/1957/5961 3099/324/5962 3101/1180/5963 3102/734/5964
f 3103/2894/5965 3106/3652/5966 3104/2262/5967 3105/1396/5968
f 3107/2013/5969 3103/2894/5970 3108/572/5971 3109/2963/5972
f 3104/2262/5973 3111/671/5974 3110/2877/5975 3105/1396/5976
f 3105/1396/5977 3110/2877/5978 3112/2851/5979 3113/714/5980
f 3103/2894/5981 3107/2013/5982 3114/1740/5983 3106/3652/5984
f 3103/2894/5985 3105/1396/5986 3113/714/5987 3108/572/5988
f 3096/405/5989 3117/2783/5990 3115/3259/5991 3116/1913/5992
f 3117/2783/5993 3096/405/5994 3098/251/5995 3118/2418/5996
f 3099/324/5997 3100/1957/5998 3119/624/5999 3097/1962/6000
f 3099/324/6001 3096/405/6002 3116/1913/6003 3101/1180/6004
f 2044/1544/6005 2046/1769/6006 3120/3443/6007 3121/76/6008
f 2046/1769/6009 2048/28/6010 3122/2340/6011 3120/3443/6012
f 2045/3170/6013 3124/368/6014 3123/142/6015 2043/1022/6016
f 2047/999/6017 2043/1022/6018 3123/142/6019 3125/956/6020
f 2052/469/6021 3127/2709/6022 3126/1859/6023 2050/2688/6024
f 2050/2688/6025 3126/1859/6026 3128/3303/6027 2053/2647/6028
f 2049/483/6029 2051/1940/6030 3129/822/6031 3130/174/6032
f 2054/2890/6033 3131/3435/6034 3129/822/6035 2051/1940/6036
f 3043/2291/6037 3133/1599/6038 3132/2046/6039 3044/1183/6040
f 3044/1183/6041 3132/2046/6042 3134/1349/6043 3135/2947/6044
f 3042/816/6045 3046/3736/6046 3136/3030/6047 3045/2641/6048
f 3042/816/6049 3044/1183/6050 3135/2947/6051 3047/350/6052
f 2058/3157/6053 3138/2276/6054 3137/1400/6055 2056/651/6056
f 2056/651/6057 3137/1400/6058 3139/2859/6059 2059/1641/6060
f 2055/1128/6061 2057/1261/6062 3140/383/6063 3141/3485/6064
f 2060/1158/6065 3142/2969/6066 3140/383/6067 2057/1261/6068
f 3143/1011/6069 3146/2442/6070 3144/3271/6071 3145/2869/6072
f 3147/222/6073 3148/3598/6074 3146/2442/6075 3143/1011/6076
f 3149/2601/6077 3143/1011/6078 3145/2869/6079 3150/984/6080
f 3151/1508/6081 3147/222/6082 3143/1011/6083 3149/2601/6084
f 3146/2442/6085 3153/2285/6086 3152/470/6087 3144/3271/6088
f 3148/3598/6089 3154/1373/6090 3153/2285/6091 3146/2442/6092
f 3155/1227/6093 3158/1942/6094 3156/683/6095 3157/3384/6096
f 3159/2134/6097 3160/2037/6098 3155/1227/6099 3157/3384/6100
f 3161/3592/6101 3157/3384/6102 3156/683/6103 3162/2351/6104
f 3163/2864/6105 3159/2134/6106 3157/3384/6107 3161/3592/6108
f 3155/1227/6109 3165/1825/6110 3164/2760/6111 3158/1942/6112
f 3160/2037/6113 3166/1374/6114 3165/1825/6115 3155/1227/6116
f 3167/1639/6117 3170/2360/6118 3168/1111/6119 3169/51/6120
f 3171/2538/6121 3172/2446/6122 3167/1639/6123 3169/51/6124
f 3173/255/6125 3169/51/6126 3168/1111/6127 3174/2743/6128
f 3175/2057/6129 3171/2538/6130 3169/51/6131 3173/255/6132
f 3167/1639/6133 3177/2245/6134 3176/3174/6135 3170/2360/6136
f 3172/2446/6137 3178/1794/6138 3177/2245/6139 3167/1639/6140
f 3179/2273/6141 3182/3733/6142 3180/755/6143 3181/2819/6144
f 3183/233/6145 3179/2273/6146 3181/2819/6147 3184/1092/6148
f 3185/86/6149 3186/2249/6150 3182/3733/6151 3179/2273/6152
f 3187/1519/6153 3185/86/6154 3179/2273/6155 3183/233/6156
f 3181/2819/6157 3180/755/6158 3188/1731/6159 3189/3508/6160
f 3184/1092/6161 3181/2819/6162 3189/3508/6163 3190/2615/6164
f 3191/1871/6165 3194/2029/6166 3192/1690/6167 3193/530/6168
f 3195/2839/6169 3191/1871/6170 3193/530/6171 3196/1350/6172
f 3197/741/6173 3198/2541/6174 3194/2029/6175 3191/1871/6176
f 3199/2776/6177 3197/741/6178 3191/1871/6179 3195/2839/6180
f 3193/530/6181 3192/1690/6182 3200/2821/6183 3201/2481/6184
f 3196/1350/6185 3193/530/6186 3201/2481/6187 3202/1162/6188
f 3203/2880/6189 3206/3578/6190 3204/2381/6191 3205/1297/6192
f 3207/8/6193 3208/3670/6194 3203/2880/6195 3205/1297/6196
f 3205/1297/6197 3204/2381/6198 3209/3127/6199 3210/857/6200
f 3211/3280/6201 3207/8/6202 3205/1297/6203 3210/857/6204
f 3203/2880/6205 3213/3468/6206 3212/654/6207 3206/3578/6208
f 3208/3670/6209 3214/1803/6210 3213/3468/6211 3203/2880/6212
f 3215/3504/6213 3218/1167/6214 3216/2033/6215 3217/1610/6216
f 3219/1474/6217 3220/1105/6218 3218/1167/6219 3215/3504/6220
f 3221/97/6221 3215/3504/6222 3217/1610/6223 3222/3470/6224
f 3223/2766/6225 3219/1474/6226 3215/3504/6227 3221/97/6228
f 3218/1167/6229 3225/997/6230 3224/2964/6231 3216/2033/6232
f 3220/1105/6233 3226/2624/6234 3225/997/6235 3218/1167/6236
f 3072/3141/6237 3227/295/6238 3080/2086/6239 3070/2419/6240
f 2064/1907/6241 3229/65/6242 3228/2208/6243 2062/62/6244
f 2062/62/6245 3228/2208/6246 3230/1057/6247 2065/156/6248
f 2061/784/6249 2063/1631/6250 3231/2651/6251 3232/351/6252
f 2066/2289/6253 3233/925/6254 3231/2651/6255 2063/1631/6256
f 3234/2595/6257 3237/560/6258 3235/1401/6259 3236/2980/6260
f 3238/2952/6261 3234/2595/6262 3236/2980/6263 3239/1273/6264
f 3239/1273/6265 3236/2980/6266 3240/531/6267 3241/1323/6268
f 3236/2980/6269 3235/1401/6270 3242/3059/6271 3240/531/6272
f 3243/1525/6273 3246/2544/6274 3244/3190/6275 3245/2101/6276
f 3247/3407/6277 3248/958/6278 3246/2544/6279 3243/1525/6280
f 3249/2570/6281 3243/1525/6282 3245/2101/6283 3250/106/6284
f 3251/3545/6285 3247/3407/6286 3243/1525/6287 3249/2570/6288
f 3246/2544/6289 3253/2887/6290 3252/31/6291 3244/3190/6292
f 3248/958/6293 3254/1138/6294 3253/2887/6295 3246/2544/6296
f 3255/840/6297 3258/124/6298 3256/3730/6299 3257/656/6300
f 3259/2933/6301 3255/840/6302 3257/656/6303 3260/1239/6304
f 3261/296/6305 3262/1319/6306 3258/124/6307 3255/840/6308
f 3263/2121/6309 3261/296/6310 3255/840/6311 3259/2933/6312
f 3257/656/6313 3256/3730/6314 3264/3501/6315 3265/1864/6316
f 3260/1239/6317 3257/656/6318 3265/1864/6319 3266/3156/6320
f 3267/3070/6321 3270/522/6322 3268/388/6323 3269/1083/6324
f 3271/3339/6325 3267/3070/6326 3269/1083/6327 3272/1648/6328
f 3273/2989/6329 3274/1734/6330 3270/522/6331 3267/3070/6332
f 3275/2523/6333 3273/2989/6334 3267/3070/6335 3271/3339/6336
f 3269/1083/6337 3268/388/6338 3276/159/6339 3277/2275/6340
f 3272/1648/6341 3269/1083/6342 3277/2275/6343 3278/3568/6344
f 3279/3495/6345 3282/950/6346 3280/791/6347 3281/262/6348
f 3283/6/6349 3279/3495/6350 3281/262/6351 3284/802/6352
f 3285/3418/6353 3286/2160/6354 3282/950/6355 3279/3495/6356
f 3287/2920/6357 3285/3418/6358 3279/3495/6359 3283/6/6360
f 3281/262/6361 3280/791/6362 3288/574/6363 3289/1436/6364
f 3284/802/6365 3281/262/6366 3289/1436/6367 3290/225/6368
f 3291/151/6369 3294/1538/6370 3292/1233/6371 3293/1741/6372
f 3295/411/6373 3296/1249/6374 3294/1538/6375 3291/151/6376
f 3297/71/6377 3291/151/6378 3293/1741/6379 3298/2567/6380
f 3299/2129/6381 3295/411/6382 3291/151/6383 3297/71/6384
f 3294/1538/6385 3301/1875/6386 3300/988/6387 3292/1233/6388
f 3296/1249/6389 3302/634/6390 3301/1875/6391 3294/1538/6392
f 3303/2390/6393 3306/1176/6394 3304/1463/6395 3305/1055/6396
f 3307/3737/6397 3305/1055/6398 3308/2280/6399 3309/3334/6400
f 3310/2883/6401 3303/2390/6402 3305/1055/6403 3307/3737/6404
f 3311/1788/6405 3313/692/6406 3304/1463/6407 3312/2654/6408
f 3313/692/6409 3308/2280/6410 3305/1055/6411 3304/1463/6412
f 3306/1176/6413 3314/3576/6414 3312/2654/6415 3304/1463/6416
f 3315/980/6417 3318/2386/6418 3316/2074/6419 3317/1335/6420
f 3319/16/6421 3320/2099/6422 3318/2386/6423 3315/980/6424
f 3321/879/6425 3315/980/6426 3317/1335/6427 3322/3386/6428
f 3323/2931/6429 3319/16/6430 3315/980/6431 3321/879/6432
f 3318/2386/6433 3325/2689/6434 3324/1830/6435 3316/2074/6436
f 3320/2099/6437 3326/238/6438 3325/2689/6439 3318/2386/6440
f 3327/3471/6441 3330/1503/6442 3328/2854/6443 3329/2205/6444
f 3329/2205/6445 3328/2854/6446 3331/2520/6447 3332/3232/6448
f 3329/2205/6449 3334/468/6450 3333/14/6451 3327/3471/6452
f 3335/2389/6453 3336/2638/6454 3328/2854/6455 3330/1503/6456
f 3334/468/6457 3329/2205/6458 3332/3232/6459 3337/3611/6460
f 3336/2638/6461 3338/1242/6462 3331/2520/6463 3328/2854/6464
f 3339/2994/6465 3342/44/6466 3340/681/6467 3341/481/6468
f 3343/1746/6469 3345/1939/6470 3342/44/6471 3344/3597/6472
f 3346/2721/6473 3349/2102/6474 3347/2125/6475 3348/2082/6476
f 3346/2721/6477 3352/892/6478 3350/1288/6479 3351/2872/6480
f 3353/2669/6481 3356/2265/6482 3354/3130/6483 3355/2233/6484
f 3357/695/6485 3358/406/6486 3356/2265/6487 3353/2669/6488
f 3359/3725/6489 3362/534/6490 3360/3212/6491 3361/1693/6492
f 3361/1693/6493 3360/3212/6494 3363/2775/6495 3364/3505/6496
f 3365/1521/6497 3368/3192/6498 3366/2907/6499 3367/3328/6500
f 3368/3192/6501 3370/1866/6502 3369/1743/6503 3366/2907/6504
f 3368/3192/6505 3365/1521/6506 3371/2373/6507 3372/2490/6508
f 3373/1337/6509 3374/302/6510 3367/3328/6511 3366/2907/6512
f 3375/532/6513 3370/1866/6514 3368/3192/6515 3372/2490/6516
f 3373/1337/6517 3366/2907/6518 3369/1743/6519 3376/1321/6520
f 3377/2572/6521 3380/3643/6522 3378/2773/6523 3379/154/6524
f 3379/154/6525 3378/2773/6526 3381/2211/6527 3382/2184/6528
f 3379/154/6529 3384/544/6530 3383/2279/6531 3377/2572/6532
f 3385/1271/6533 3378/2773/6534 3380/3643/6535 3386/960/6536
f 3387/1653/6537 3384/544/6538 3379/154/6539 3382/2184/6540
f 3385/1271/6541 3388/523/6542 3381/2211/6543 3378/2773/6544
f 3389/2531/6545 3392/3654/6546 3390/3285/6547 3391/3099/6548
f 3392/3654/6549 3394/2906/6550 3393/172/6551 3390/3285/6552
f 3391/3099/6553 3390/3285/6554 3395/2526/6555 3396/1800/6556
f 3390/3285/6557 3393/172/6558 3397/3511/6559 3395/2526/6560
f 3398/2596/6561 3399/3006/6562 3392/3654/6563 3389/2531/6564
f 3399/3006/6565 3400/2925/6566 3394/2906/6567 3392/3654/6568
f 3401/2934/6569 3404/3138/6570 3402/3694/6571 3403/3211/6572
f 3403/3211/6573 3402/3694/6574 3405/594/6575 3406/3315/6576
f 3404/3138/6577 3408/2224/6578 3407/2926/6579 3402/3694/6580
f 3402/3694/6581 3407/2926/6582 3409/2695/6583 3405/594/6584
f 3410/2999/6585 3401/2934/6586 3403/3211/6587 3411/3438/6588
f 3411/3438/6589 3403/3211/6590 3406/3315/6591 3412/3335/6592
f 3413/1460/6593 3416/1047/6594 3414/3064/6595 3415/2005/6596
f 3417/754/6597 3418/3044/6598 3413/1460/6599 3415/2005/6600
f 3416/1047/6601 3413/1460/6602 3419/364/6603 3420/676/6604
f 3418/3044/6605 3421/3354/6606 3419/364/6607 3413/1460/6608
f 3422/2618/6609 3425/1482/6610 3423/3684/6611 3424/437/6612
f 3426/2879/6613 3427/1192/6614 3425/1482/6615 3422/2618/6616
f 3428/792/6617 3425/1482/6618 3427/1192/6619 3429/2155/6620
f 3430/72/6621 3423/3684/6622 3425/1482/6623 3428/792/6624
f 3431/1380/6625 3422/2618/6626 3424/437/6627 3432/101/6628
f 3433/3403/6629 3426/2879/6630 3422/2618/6631 3431/1380/6632
f 3434/3029/6633 3437/1923/6634 3435/345/6635 3436/832/6636
f 3438/3296/6637 3439/1611/6638 3437/1923/6639 3434/3029/6640
f 3440/421/6641 3434/3029/6642 3436/832/6643 3441/2912/6644
f 3442/2472/6645 3438/3296/6646 3434/3029/6647 3440/421/6648
f 3437/1923/6649 3444/2235/6650 3443/1351/6651 3435/345/6652
f 3439/1611/6653 3445/3524/6654 3444/2235/6655 3437/1923/6656
f 3446/3451/6657 3449/2337/6658 3447/756/6659 3448/1277/6660
f 3450/3707/6661 3451/2036/6662 3449/2337/6663 3446/3451/6664
f 3452/814/6665 3446/3451/6666 3448/1277/6667 3453/3321/6668
f 3454/2871/6669 3450/3707/6670 3446/3451/6671 3452/814/6672
f 3449/2337/6673 3456/2640/6674 3455/1776/6675 3447/756/6676
f 3456/2640/6677 3449/2337/6678 3451/2036/6679 3457/177/6680
f 3458/3475/6681 3344/3597/6682 3342/44/6683 3339/2994/6684
f 3459/3378/6685 3460/3066/6686 3344/3597/6687 3458/3475/6688
f 3343/1746/6689 3344/3597/6690 3460/3066/6691 3461/3346/6692
f 3345/1939/6693 3462/1970/6694 3340/681/6695 3342/44/6696
f 3463/2842/6697 3466/672/6698 3464/2652/6699 3465/1971/6700
f 3467/1387/6701 3468/2324/6702 3466/672/6703 3463/2842/6704
f 3465/1971/6705 3470/2735/6706 3469/2929/6707 3463/2842/6708
f 3467/1387/6709 3463/2842/6710 3469/2929/6711 3471/1516/6712
f 3353/2669/6713 3355/2233/6714 3472/447/6715 3473/2976/6716
f 3474/666/6717 3354/3130/6718 3356/2265/6719 3475/1602/6720
f 3473/2976/6721 3476/2344/6722 3357/695/6723 3353/2669/6724
f 3475/1602/6725 3356/2265/6726 3358/406/6727 3477/1506/6728
f 3478/605/6729 3481/1025/6730 3479/2965/6731 3480/1438/6732
f 3481/1025/6733 3478/605/6734 3482/920/6735 3483/3647/6736
f 3484/289/6737 3485/897/6738 3482/920/6739 3478/605/6740
f 3480/1438/6741 3486/26/6742 3484/289/6743 3478/605/6744
f 3480/1438/6745 3479/2965/6746 3487/524/6747 3488/650/6748
f 3489/2002/6749 3486/26/6750 3480/1438/6751 3488/650/6752
f 3490/357/6753 3493/1766/6754 3491/1457/6755 3492/1969/6756
f 3494/638/6757 3495/1468/6758 3493/1766/6759 3490/357/6760
f 3490/357/6761 3497/155/6762 3496/1850/6763 3494/638/6764
f 3492/1969/6765 3498/3628/6766 3497/155/6767 3490/357/6768
f 3493/1766/6769 3500/2087/6770 3499/1206/6771 3491/1457/6772
f 3495/1468/6773 3501/3381/6774 3500/2087/6775 3493/1766/6776
f 3502/2149/6777 3505/3003/6778 3503/1473/6779 3504/2395/6780
f 3506/466/6781 3502/2149/6782 3504/2395/6783 3507/215/6784
f 3508/2524/6785 3510/1553/6786 3503/1473/6787 3509/3199/6788
f 3504/2395/6789 3503/1473/6790 3510/1553/6791 3511/981/6792
f 3507/215/6793 3504/2395/6794 3511/981/6795 3512/2503/6796
f 3509/3199/6797 3503/1473/6798 3505/3003/6799 3513/3557/6800
f 3514/2556/6801 3517/2711/6802 3515/1918/6803 3516/2804/6804
f 3518/870/6805 3514/2556/6806 3516/2804/6807 3519/627/6808
f 3520/1691/6809 3522/1977/6810 3515/1918/6811 3521/3612/6812
f 3516/2804/6813 3515/1918/6814 3522/1977/6815 3523/1402/6816
f 3519/627/6817 3516/2804/6818 3523/1402/6819 3524/2901/6820
f 3521/3612/6821 3515/1918/6822 3517/2711/6823 3525/2736/6824
f 3526/1616/6825 3529/2997/6826 3527/2704/6827 3528/1982/6828
f 3530/641/6829 3531/2715/6830 3529/2997/6831 3526/1616/6832
f 3532/1535/6833 3526/1616/6834 3528/1982/6835 3533/264/6836
f 3534/3569/6837 3530/641/6838 3526/1616/6839 3532/1535/6840
f 3529/2997/6841 3536/3307/6842 3535/2453/6843 3527/2704/6844
f 3536/3307/6845 3529/2997/6846 3531/2715/6847 3537/851/6848
f 3538/412/6849 3541/3137/6850 3539/2180/6851 3540/2261/6852
f 3541/3137/6853 3543/726/6854 3542/629/6855 3539/2180/6856
f 3541/3137/6857 3538/412/6858 3544/1254/6859 3545/1392/6860
f 3546/2706/6861 3543/726/6862 3541/3137/6863 3545/1392/6864
f 3547/3013/6865 3550/2779/6866 3548/3626/6867 3549/2166/6868
f 3551/658/6869 3552/1924/6870 3550/2779/6871 3547/3013/6872
f 3549/2166/6873 3554/2424/6874 3553/517/6875 3547/3013/6876
f 3551/658/6877 3547/3013/6878 3553/517/6879 3555/566/6880
f 3556/1837/6881 3559/1992/6882 3557/2223/6883 3558/547/6884
f 3560/1136/6885 3559/1992/6886 3556/1837/6887 3561/3431/6888
f 3558/547/6889 3563/1033/6890 3562/722/6891 3556/1837/6892
f 3561/3431/6893 3556/1837/6894 3562/722/6895 3564/2498/6896
f 3565/869/6897 3568/1030/6898 3566/1269/6899 3567/3368/6900
f 3569/194/6901 3568/1030/6902 3565/869/6903 3570/2499/6904
f 3567/3368/6905 3572/105/6906 3571/3563/6907 3565/869/6908
f 3570/2499/6909 3565/869/6910 3571/3563/6911 3573/1554/6912
f 3574/2052/6913 3577/710/6914 3575/3128/6915 3576/54/6916
f 3578/2338/6917 3574/2052/6918 3576/54/6919 3579/621/6920
f 3580/3191/6921 3581/1949/6922 3577/710/6923 3574/2052/6924
f 3582/1470/6925 3580/3191/6926 3574/2052/6927 3578/2338/6928
f 3576/54/6929 3575/3128/6930 3583/342/6931 3584/1223/6932
f 3579/621/6933 3576/54/6934 3584/1223/6935 3585/2549/6936
f 3586/3506/6937 3589/3704/6938 3587/3300/6939 3588/745/6940
f 3589/3704/6941 3586/3506/6942 3590/343/6943 3591/1484/6944
f 3592/1514/6945 3586/3506/6946 3588/745/6947 3593/1621/6948
f 3594/1038/6949 3590/343/6950 3586/3506/6951 3592/1514/6952
f 3588/745/6953 3587/3300/6954 3595/1961/6955 3596/854/6956
f 3593/1621/6957 3588/745/6958 3596/854/6959 3597/1241/6960
f 3349/2102/6961 3346/2721/6962 3351/2872/6963 3598/2532/6964
f 3599/243/6965 3598/2532/6966 3351/2872/6967 3600/1643/6968
f 3352/892/6969 3346/2721/6970 3348/2082/6971 3601/2438/6972
f 3600/1643/6973 3351/2872/6974 3350/1288/6975 3602/1919/6976
f 3603/1755/6977 3606/472/6978 3604/2169/6979 3605/394/6980
f 3603/1755/6981 3608/312/6982 3607/3638/6983 3606/472/6984
f 3361/1693/6985 3610/2179/6986 3609/785/6987 3359/3725/6988
f 3611/1958/6989 3612/2075/6990 3360/3212/6991 3362/534/6992
f 3610/2179/6993 3361/1693/6994 3364/3505/6995 3613/3175/6996
f 3612/2075/6997 3614/780/6998 3363/2775/6999 3360/3212/7000
f 3615/1617/7001 3618/3176/7002 3616/3394/7003 3617/1210/7004
f 3617/1210/7005 3616/3394/7006 3619/1245/7007 3620/3727/7008
f 3617/1210/7009 3622/3361/7010 3621/90/7011 3615/1617/7012
f 3623/2846/7013 3616/3394/7014 3618/3176/7015 3624/23/7016
f 3625/3237/7017 3622/3361/7018 3617/1210/7019 3620/3727/7020
f 3623/2846/7021 3626/2139/7022 3619/1245/7023 3616/3394/7024
f 3627/1799/7025 3630/2986/7026 3628/2867/7027 3629/3546/7028
f 3631/2069/7029 3627/1799/7030 3629/3546/7031 3632/353/7032
f 3633/1709/7033 3634/425/7034 3630/2986/7035 3627/1799/7036
f 3635/1220/7037 3633/1709/7038 3627/1799/7039 3631/2069/7040
f 3629/3546/7041 3628/2867/7042 3636/2626/7043 3637/969/7044
f 3632/353/7045 3629/3546/7046 3637/969/7047 3638/2296/7048
f 3639/2788/7049 3642/1658/7050 3640/3675/7051 3641/770/7052
f 3643/1326/7053 3642/1658/7054 3639/2788/7055 3644/1016/7056
f 3645/1296/7057 3647/3169/7058 3640/3675/7059 3646/1204/7060
f 3642/1658/7061 3648/1193/7062 3646/1204/7063 3640/3675/7064
f 3643/1326/7065 3649/2354/7066 3648/1193/7067 3642/1658/7068
f 3647/3169/7069 3650/2415/7070 3641/770/7071 3640/3675/7072
f 3651/2884/7073 3654/1147/7074 3652/335/7075 3653/1207/7076
f 3655/569/7077 3656/1369/7078 3654/1147/7079 3651/2884/7080
f 3657/2070/7081 3654/1147/7082 3656/1369/7083 3658/1398/7084
f 3659/2192/7085 3661/2609/7086 3652/335/7087 3660/2461/7088
f 3654/1147/7089 3657/2070/7090 3660/2461/7091 3652/335/7092
f 3661/2609/7093 3662/2818/7094 3653/1207/7095 3652/335/7096
f 3663/3031/7097 3666/479/7098 3664/344/7099 3665/3558/7100
f 3665/3558/7101 3668/358/7102 3667/2076/7103 3663/3031/7104
f 3669/3744/7105 3670/1316/7106 3668/358/7107 3665/3558/7108
f 3665/3558/7109 3664/344/7110 3671/480/7111 3669/3744/7112
f 3672/545/7113 3673/3033/7114 3666/479/7115 3663/3031/7116
f 3674/2583/7117 3672/545/7118 3663/3031/7119 3667/2076/7120
f 3675/2150/7121 3678/1496/7122 3676/1722/7123 3677/3272/7124
f 3677/3272/7125 3676/1722/7126 3679/3309/7127 3680/2073/7128
f 3677/3272/7129 3682/1684/7130 3681/2190/7131 3675/2150/7132
f 3683/1166/7133 3676/1722/7134 3678/1496/7135 3684/838/7136
f 3685/1563/7137 3682/1684/7138 3677/3272/7139 3680/2073/7140
f 3683/1166/7141 3686/423/7142 3679/3309/7143 3676/1722/7144
f 3687/2041/7145 3690/2028/7146 3688/2656/7147 3689/908/7148
f 3691/1903/7149 3687/2041/7150 3689/908/7151 3692/891/7152
f 3690/2028/7153 3687/2041/7154 3693/3282/7155 3694/1425/7156
f 3691/1903/7157 3695/3317/7158 3693/3282/7159 3687/2041/7160
f 3696/556/7161 3699/1256/7162 3697/2077/7163 3698/3458/7164
f 3700/431/7165 3701/3076/7166 3699/1256/7167 3696/556/7168
f 3699/1256/7169 3703/1534/7170 3702/823/7171 3697/2077/7172
f 3701/3076/7173 3704/3140/7174 3703/1534/7175 3699/1256/7176
f 3705/3503/7177 3706/3101/7178 629/1704/7179 631/1443/7180
f 3707/2822/7181 3708/1309/7182 3706/3101/7183 3705/3503/7184
f 3709/2270/7185 3706/3101/7186 3708/1309/7187 3710/601/7188
f 627/1879/7189 629/1704/7190 3706/3101/7191 3709/2270/7192
f 725/3120/7193 3712/557/7194 3711/2937/7195 723/3289/7196
f 3713/3115/7197 3714/2892/7198 723/3289/7199 3711/2937/7200
f 726/932/7201 723/3289/7202 3714/2892/7203 727/1366/7204
f 1772/3456/7205 3716/2432/7206 3715/3573/7207 1900/2878/7208
f 3716/2432/7209 3718/96/7210 3717/2908/7211 3715/3573/7212
f 3718/96/7213 3716/2432/7214 3719/3071/7215 3720/2830/7216
f 3716/2432/7217 1772/3456/7218 1774/496/7219 3719/3071/7220
f 2976/1600/7221 3722/3187/7222 3721/3697/7223 2980/759/7224
f 3722/3187/7225 3724/2135/7226 3723/1842/7227 3721/3697/7228
f 3724/2135/7229 3722/3187/7230 3725/2071/7231 3726/2653/7232
f 3722/3187/7233 2976/1600/7234 2978/74/7235 3725/2071/7236
f 3727/2881/7237 3606/472/7238 3607/3638/7239 3728/940/7240
f 3729/718/7241 3604/2169/7242 3606/472/7243 3727/2881/7244
f 3730/3631/7245 3731/3342/7246 2846/1093/7247 2845/2204/7248
f 3732/778/7249 3733/3410/7250 3731/3342/7251 3730/3631/7252
f 3734/1759/7253 3731/3342/7254 3733/3410/7255 3735/3488/7256
f 2849/3184/7257 2846/1093/7258 3731/3342/7259 3734/1759/7260
f 3736/698/7261 3737/3251/7262 1508/3288/7263 1510/213/7264
f 3738/1487/7265 3737/3251/7266 3736/698/7267 3739/689/7268
f 3740/239/7269 3741/2053/7270 3737/3251/7271 3738/1487/7272
f 1506/789/7273 1508/3288/7274 3737/3251/7275 3741/2053/7276
f 1114/3567/7277 3743/2305/7278 3742/3537/7279 1117/508/7280
f 3742/3537/7281 3744/1465/7282 1119/3065/7283 1117/508/7284
f 3745/442/7285 3746/3178/7286 3540/2261/7287 3539/2180/7288
f 3542/629/7289 3747/3318/7290 3745/442/7291 3539/2180/7292
f 2/798/7293 4/2392/7294 1/1588/7295 3/3021/7296
