# This file uses centimeters as units for non-parametric coordinates.

mtllib Beard09.mtl
g default
v 3.433953 159.021042 6.790428
v 4.030056 158.069672 8.950889
v 4.377473 161.202759 8.270347
v 4.302242 159.022354 10.320647
v 4.631811 158.330246 9.965301
v 0.761265 160.560516 11.699195
v -0.407110 160.391846 11.517486
v 0.698722 161.389877 11.237975
v -0.511712 161.433655 11.234443
v -0.490532 160.393860 11.246467
v -0.350058 161.766205 11.119422
v 0.876591 160.636185 11.550048
v 0.858701 161.659088 11.036490
v -0.958761 159.758423 11.975181
v -0.984188 161.194275 11.323127
v 0.038873 159.980606 11.945670
v 0.174124 161.478333 11.429450
v 0.609365 159.627319 12.112624
v 0.077310 161.349091 11.651717
v 1.301832 159.788773 11.474631
v 1.113909 161.560532 11.017447
v -2.678303 158.423706 11.494025
v -3.734807 158.794647 10.054740
v -1.900013 160.696625 10.894851
v -2.935136 160.602936 9.953597
v 0.051273 159.664841 11.780326
v 0.002536 159.995361 10.663848
v -0.176062 161.390854 11.937163
v -0.032871 161.386414 10.640403
v -6.022813 161.554779 3.381416
v -4.952532 160.213409 3.784248
v -6.390180 160.573700 3.327598
v -5.349581 159.592911 3.941566
v -5.846921 159.757324 3.827873
v -5.188339 159.206482 4.099906
v -4.522404 158.112976 4.732421
v -5.172444 158.820526 4.323036
v -3.967128 158.972946 4.755157
v -5.032448 160.176697 3.955718
v -4.003140 157.547791 4.713561
v -2.842282 156.473450 5.192016
v -3.881237 157.031418 4.845359
v -2.831942 157.733200 5.177863
v -4.040446 158.406677 4.578445
v -2.797785 156.967697 4.908401
v -2.669730 156.159332 6.004272
v -2.869087 156.665924 5.036513
v -2.268285 157.172348 6.803145
v -2.360178 157.907532 5.358947
v -4.162814 157.301239 5.411597
v -4.394716 157.094360 6.502212
v -4.493004 157.009018 5.755172
v -3.226637 158.003357 6.580977
v -3.177963 157.691254 4.862090
v -3.929855 157.082153 5.219275
v -5.356189 158.684418 4.356842
v -3.283801 157.992859 5.825416
v -5.489395 160.344467 4.327400
v -4.962242 158.439453 4.733505
v -4.702047 158.079895 5.791999
v -5.133658 158.041077 5.065513
v -4.958348 160.078033 5.164527
v -4.845297 159.484009 3.964797
v -1.372559 154.911118 6.224380
v -4.830321 156.741196 5.643249
v -1.092169 156.991272 5.964721
v -4.665872 158.158142 5.179252
v -2.779172 156.164093 5.390342
v -4.494676 158.132080 3.410308
v -2.948560 157.592575 6.426497
v -4.908933 159.506775 4.263748
v -4.637900 157.707489 5.307113
v -3.477292 157.518280 4.568542
v -5.553187 159.317566 4.336608
v -4.798580 160.131699 3.543174
v -5.131031 160.215469 3.518928
v -4.472159 159.174866 4.073387
v -5.452952 159.904663 3.596092
v -4.532321 158.918457 4.026321
v -5.562907 160.241058 3.468414
v -4.852253 160.577942 3.996276
v -4.528894 158.674225 4.281349
v -4.295220 158.896347 4.467720
v -1.910416 155.818115 5.296493
v -3.224138 157.395935 6.503654
v 0.567800 155.026718 8.424850
v -0.847693 156.624741 9.618468
v 5.535601 160.204529 2.693595
v 5.105177 160.162537 4.503280
v 5.811434 161.545654 3.535270
v 5.367551 159.319550 4.464370
v 5.495667 159.192841 3.442222
v 5.552836 159.996765 3.005805
v 4.085915 159.655853 3.497077
v 5.203804 161.136383 3.316452
v 4.484955 158.978302 3.578552
v 5.035484 159.122253 3.454902
v 4.867391 158.940369 3.446166
v 4.911512 158.508804 3.721580
v 4.239388 157.919952 4.363997
v 3.559847 158.889664 4.533790
v 4.692232 159.984039 3.276931
v 2.706633 157.084900 4.474784
v 2.960133 156.677429 4.583114
v 2.848427 156.190063 5.661559
v 1.957371 157.899872 5.289306
v 2.056207 157.325745 6.725577
v 4.100233 157.213501 5.026427
v 4.525238 156.912079 5.372191
v 4.420170 157.156006 6.218451
v 2.882082 158.067459 6.353721
v 2.802256 157.696365 4.703811
v 4.747014 158.183838 4.231849
v 5.078844 157.747269 4.593451
v 5.013480 158.263611 5.572273
v 4.635446 160.145874 5.174156
v 4.555205 159.533188 3.170806
v 2.563010 155.584457 6.464194
v 1.586590 157.913284 7.240928
v 4.663232 157.290283 3.363113
v 3.898275 159.467102 3.732360
v 6.037420 162.336243 2.956230
v 4.161412 159.651855 3.102050
v 6.747168 161.922058 4.286613
v 5.069120 159.189957 4.293205
v 4.465120 160.020264 2.917251
v 3.068340 157.600830 4.187919
v 5.315192 159.249329 4.007560
v 4.581652 157.566467 4.871177
v 4.187439 158.785461 3.384475
v 4.142553 159.224258 3.271529
v 5.128601 159.720612 2.839332
v 4.816378 160.037003 2.884231
v 4.757275 159.985306 2.951598
v 4.925005 160.622955 3.321929
v 5.517594 161.273010 2.613143
v 5.796631 161.799561 3.519531
v 5.236067 160.184113 2.874107
v 4.183732 158.506195 3.668922
v 4.508055 160.529510 3.527770
v 3.837353 158.855408 3.913909
v 2.754234 157.109985 8.861297
v 4.070301 158.286163 5.001403
v 3.237565 155.098083 7.538764
v 4.562277 156.678711 4.251586
v -0.473757 155.489716 6.327872
v -0.439002 157.603394 6.674300
v 3.220212 155.585281 6.386802
v 3.460060 157.477356 6.504775
v 4.959532 157.808197 4.210723
v 3.872141 158.693939 5.581268
v 6.430342 160.602951 3.128143
v 5.453804 162.111938 4.398765
v -4.149014 156.089386 5.975570
v -3.259063 157.591370 4.954177
v -3.741646 156.438690 7.345153
v -2.336559 157.784210 7.633361
v -3.892603 155.742569 5.553283
v -3.037884 157.395081 4.524032
v -3.673684 156.143448 7.543464
v -1.992791 157.409973 8.052230
v 0.561597 155.558441 6.257026
v -2.881974 155.342850 6.936675
v 0.169391 157.595520 6.664763
v -3.773607 157.471832 6.588050
v 2.044508 157.803680 7.558249
v 2.909807 157.582062 4.788032
v 3.858320 156.978088 7.464400
v 4.165897 156.337936 5.702872
v 2.684436 156.446564 10.109923
v 2.996273 157.549438 7.933990
v 2.990211 155.327545 9.337958
v 3.809167 155.489258 6.074996
v 4.568001 156.736389 6.335067
v 4.693293 156.227737 6.841399
v 4.060560 156.701584 7.759177
v 3.728225 158.322937 5.705352
v 1.879465 157.837143 7.557303
v -5.602789 161.264130 3.635337
v -4.404331 159.767517 4.020301
v -5.882907 160.181091 3.658180
v -4.858561 159.146851 4.213645
v -5.365030 159.372971 4.121482
v -5.782967 158.997284 4.596199
v -7.477668 161.451553 3.445648
v -5.226833 159.802368 4.856285
v -6.196175 162.171692 3.611518
v -4.561266 156.788605 6.573424
v -3.915290 156.286896 7.580504
v -4.777992 156.318039 6.990287
v -4.067885 158.176071 5.858878
v -2.173520 157.812363 7.633597
v -5.910875 161.861816 3.272140
v -5.051003 160.718506 3.460410
v -6.185402 161.241241 3.024887
v -5.163637 160.139740 3.428970
v 1.875805 155.367691 8.384055
v -1.746424 157.325714 6.855826
v 1.434838 157.284363 6.872397
v -1.404311 154.803650 8.734122
v 1.358017 154.729034 9.759101
v 0.689135 153.935089 10.409057
v 0.039785 153.539246 11.057815
v 1.616871 155.002426 8.737472
v 3.891470 155.015198 8.315215
v 1.923401 154.275452 8.443748
v 4.062124 156.536850 7.963340
v 1.351509 157.873505 8.336089
v 4.518030 155.893188 8.379409
v 3.268648 154.551895 8.267821
v 0.711267 154.368042 9.108130
v 1.520107 158.119644 7.457374
v -2.099517 156.888824 8.061446
v 0.405542 155.240723 9.095305
v -2.958789 157.953857 6.644980
v 0.138937 157.609329 6.663657
v -3.005148 155.628403 8.869857
v -0.118708 154.488525 9.953872
v -1.191921 154.280975 10.123244
v -1.748127 154.299515 9.843154
v -2.626270 155.194733 10.111472
v -3.527225 154.741913 9.078010
v -3.950620 155.547684 6.755370
v -2.749761 156.795898 7.067588
v -1.466769 157.487183 9.846374
v 4.532139 161.159256 8.339652
v 5.417074 161.015594 5.134529
v 4.501883 159.991608 8.461120
v 5.164684 159.626099 5.453689
v 5.600351 160.697037 4.595474
v 5.172188 159.860718 5.340042
v 4.931313 160.308853 6.608642
v 6.403471 162.276093 4.767578
v 5.450785 161.361176 7.163475
v 6.057697 161.421387 4.416206
v 5.905146 160.874084 4.741935
v 5.602071 161.027008 6.087944
v 6.390024 163.315399 5.704658
v 6.716177 163.390137 3.854621
v -3.786604 157.582458 8.971526
v -2.776052 157.464279 5.228583
v -4.080928 159.657410 6.660781
v -3.536534 155.687805 7.939307
v -4.030676 156.597275 9.264625
v -4.006860 155.286240 9.082465
v -3.723656 154.767120 8.947906
v -4.647396 158.553314 5.611137
v -7.281753 161.239456 4.999420
v -4.041992 159.371002 4.995025
v -7.126893 162.683594 4.286529
v -7.426770 163.146515 3.294364
v -6.480240 162.405670 3.947509
v -6.951333 161.509598 3.010307
v -5.860597 160.952972 3.834617
v -6.336095 160.876526 3.598907
v -7.530117 164.654114 3.594497
v -7.002135 163.333435 3.708953
v -8.187859 163.758667 3.190856
v -7.247054 162.442719 3.473846
v -7.763106 162.487518 3.260490
v -7.242183 162.385193 4.244514
v -5.092323 160.112854 4.506248
v -6.557709 160.588623 4.400054
v -5.046394 161.165588 4.525955
v -7.258465 162.886414 4.241485
v -4.855295 157.666199 6.095572
v -4.895135 159.327103 5.060150
v -4.295051 158.018677 8.043014
v -3.768854 159.187210 8.207244
v -6.007982 160.168732 3.733901
v -5.262848 159.928711 5.019256
v -5.899048 159.700500 4.112136
v -6.865075 162.438721 3.083358
v -6.882267 162.614166 4.895996
v -6.707292 161.520020 4.450187
v -6.336023 160.804718 6.456268
v -6.288650 160.356934 5.202911
v -6.783401 163.092987 4.548690
v -6.361222 161.983383 6.987838
v -7.006583 164.955872 3.157173
v -6.047863 161.827087 2.958580
v -8.341864 164.687012 4.096427
v -7.747293 161.693970 3.670341
v -7.126205 163.971710 3.364311
v -6.844869 162.891571 3.320579
v -7.508106 163.658752 2.700019
v -6.727085 162.165894 2.915061
v -6.930465 163.373032 3.477912
v -6.226062 162.106201 3.531784
v -7.383277 162.966278 2.831359
v -6.205056 161.247253 3.179260
v 3.907030 156.156586 7.884009
v 3.849666 159.776978 6.687683
v 2.392578 157.599915 5.202910
v 3.910436 158.068481 9.443976
v 4.350215 157.104492 9.905623
v 4.410583 155.864685 9.335799
v 4.603706 155.376465 8.529685
v 1.943264 155.083099 8.243026
v 1.335881 158.797394 7.727684
v 0.832552 157.035461 5.509887
v 2.324449 155.852112 9.510192
v 2.326227 155.167725 9.557204
v 2.079778 154.510742 8.869742
v 2.047542 154.193329 8.674918
v 4.819503 158.811554 5.434806
v 3.631885 159.377045 4.729400
v 6.901104 161.611938 5.205146
v 6.447691 162.738754 4.354240
v 6.124166 160.908188 4.480087
v 6.044701 164.527710 3.621719
v 6.999527 161.395264 4.773567
v 6.843819 165.176987 3.874626
v 6.666071 161.792084 3.007835
v 5.921232 162.479065 3.953727
v 6.748306 163.318054 3.289543
v 5.659863 161.090775 3.705711
v 5.910839 160.751999 3.269836
v 6.526649 162.567627 4.355033
v 6.398245 160.778320 4.567840
v 4.833725 160.269928 4.347114
v 4.714642 161.210556 4.491149
v 6.569382 162.963303 4.308677
v 3.635694 159.322296 8.201964
v 4.676519 159.430023 4.960861
v 4.175654 158.495300 8.407729
v 5.063171 157.627350 5.759658
v 4.153559 159.276978 8.735763
v 3.998964 160.857498 8.682235
v 5.097200 158.744217 5.540794
v 5.632695 160.912384 4.936592
v 5.658432 160.012955 3.212188
v 5.562744 159.530243 3.714721
v 5.165966 160.103729 5.002929
v 6.491392 162.472397 3.224411
v 6.178957 162.539063 4.912941
v 6.339970 161.981415 3.177513
v 6.198101 161.246185 3.552185
v 6.107973 161.612518 4.826370
v 6.756332 163.951019 4.825973
v 6.596643 164.190735 2.956024
v 4.590643 157.487122 5.804046
v 3.316821 157.988373 5.691894
v 6.500118 159.718430 4.276680
v 5.086405 160.878143 3.796035
v 6.254271 162.284958 2.903854
v 6.213949 162.927078 3.315574
v 6.800095 164.123642 2.647560
v 6.359081 164.060638 3.099021
v 5.539827 160.904358 2.949989
v 6.024405 161.964142 3.837249
v 6.336647 163.038406 2.420471
v 6.412184 163.298859 3.443557
v -5.383473 159.744324 5.195907
v -7.615505 162.161148 5.120201
v -5.002381 160.254120 5.118354
v -6.855655 162.935272 4.845870
v -7.610324 162.288528 4.446502
v -6.017369 160.742706 4.654281
v -7.517774 161.733429 4.581481
v -6.275975 162.259827 4.167396
v -7.544360 163.439301 3.995574
v -2.327753 155.175323 8.886802
v -4.141659 155.601288 8.457000
v -5.050097 157.193542 8.063949
v -3.661640 158.940063 8.155829
v -0.249210 157.701080 8.997626
v 5.410279 159.929321 5.222015
v 4.704712 160.332184 5.135200
v 6.945770 162.383728 5.207130
v 6.202686 162.905334 4.890617
v 6.948700 162.513489 4.561653
v 6.956413 161.894608 4.815406
v 5.849049 160.911682 4.757392
v 5.710396 162.313141 4.213386
v 6.862091 163.527008 3.995475
v 7.513058 163.981400 3.256118
v 6.282759 163.409119 3.698059
v 6.935884 164.746399 3.477218
v 6.588533 162.640854 3.487648
v 7.092005 162.795380 3.290580
v -3.423096 158.987961 9.275512
v -3.793092 157.275238 9.226989
v -3.586130 158.325928 6.495613
v -4.660317 156.462219 7.304145
v -4.882394 156.384064 7.981307
v -2.162833 155.805710 8.323775
v -1.439377 155.570892 10.329711
v -2.219270 155.478516 8.821754
v -0.873528 158.165253 10.139899
v -1.380354 157.275726 7.621764
v 3.278436 158.484772 6.279823
v 4.637353 156.732574 7.641402
v 3.376386 159.258713 9.438193
v 4.053459 157.709351 9.786117
v 4.847687 156.662659 8.319877
v 4.402094 158.600800 7.182380
v 3.065923 159.017303 6.504966
v 5.037746 160.820068 8.038512
v 5.627229 161.953125 7.049858
v 6.590166 162.993042 4.696243
v 6.469444 162.367386 4.903968
v 5.577790 161.837372 4.905120
v 5.313170 163.427856 4.240257
v 6.811586 164.526489 4.311622
v 5.072678 160.649506 5.457885
v 4.872891 159.495514 6.374755
v 4.202414 160.089386 7.956642
v 5.898651 161.489960 5.652450
v 4.552240 161.284637 8.058921
v 2.555688 156.114136 8.330207
v 3.050641 155.953110 8.774123
v 2.182919 155.741913 10.513686
v 1.056616 158.223495 10.285316
v 1.262161 157.344055 7.583823
v -5.265625 159.185211 4.575721
v -4.442040 159.517151 3.869239
v -7.266524 161.718781 4.103988
v -6.413095 162.316788 2.996398
v -5.331259 160.190552 6.189628
v -4.552859 157.729126 7.275229
v -4.195092 158.922302 4.534309
v -4.098182 155.916000 6.798514
v -4.525411 156.035919 7.208846
v -3.701724 159.189026 6.675399
v -4.475115 157.202301 7.441596
v -1.993959 157.795715 5.430625
v -2.782896 155.179810 7.805083
v -3.549381 155.333313 7.926246
v -1.104088 157.695892 8.427253
v -1.106453 155.181427 8.762008
v -1.265415 157.275055 5.814185
v -0.645233 154.228455 7.896979
v -1.101511 154.307373 8.304923
v -4.841770 160.240585 6.173477
v -3.745775 157.427155 7.922301
v -4.454018 158.446716 4.705116
v -3.565681 155.707779 7.147513
v -3.565095 155.990601 7.710937
v 5.069269 160.377441 6.327903
v 3.686378 158.920029 4.000968
v 4.603458 158.135284 7.434402
v 4.237333 156.033737 6.564498
v 4.474539 156.019302 7.079726
v 3.626590 159.402908 6.697616
v 1.699648 157.817688 5.317969
v 4.386644 157.602463 7.838256
v 2.985456 155.663635 7.140159
v 3.765367 155.837570 7.552680
v 0.997523 157.712860 8.411933
v 1.013963 157.192505 5.778785
v 1.680572 155.470306 8.525268
v 1.412303 154.460358 6.959579
v 1.777346 154.550995 8.231551
v 4.530130 160.385864 6.300346
v 3.990100 158.394348 4.192932
v 3.736900 157.863205 8.177855
v 3.501183 156.184082 7.046058
v 3.641409 156.369400 7.615470
v 4.170198 159.104996 3.707435
v 3.892771 158.560654 4.824905
v 4.024115 159.597260 5.539093
v 5.508523 161.357330 3.821441
v 5.276201 160.768250 6.099746
v -4.563627 159.364960 4.183204
v -4.004219 159.213516 5.606529
v -4.174253 158.610199 4.992050
v -5.660344 160.625946 6.015579
v -5.694367 161.239487 3.937316
v -4.776180 158.614746 4.902854
v -4.202380 158.970474 6.156250
v -4.397147 158.144058 5.794394
v -5.434903 160.129959 6.139709
v -5.957331 160.303528 4.277633
v 4.558734 158.527832 4.536415
v 4.469526 158.296860 5.466133
v 4.226368 159.252716 6.028251
v 5.200653 160.326080 6.283943
v 5.669060 160.165955 3.911399
v -1.636547 155.583496 9.514243
v -1.104038 157.019501 5.580886
v -1.581054 158.763321 7.779647
v -1.266552 154.790283 8.347083
v -1.442868 154.813873 9.909522
v -1.433410 154.058182 9.313857
v -1.306543 153.740753 8.736823
v -4.872549 157.911957 6.142249
v -6.294390 160.041931 4.873092
v -3.951579 158.547272 6.640121
v -6.094947 161.274353 5.053146
v -4.847399 158.702484 7.127166
v -6.353225 160.549622 5.847663
v -3.900748 159.124908 7.062622
v -6.203979 161.664459 5.505683
v 4.899466 159.174133 7.246093
v 3.646715 159.163162 7.002792
v 6.056097 160.867188 6.005744
v 5.737727 161.761612 5.469543
v -5.228215 159.225464 4.843376
v -4.839417 158.932434 6.265319
v -5.115565 158.651550 5.235755
v -6.091512 161.316498 6.007865
v -5.925063 160.984711 4.107803
v 5.198877 159.866043 4.417907
v 5.545015 159.443176 4.937675
v 5.096095 159.851776 5.898956
v 5.699200 161.819778 5.572464
v 5.780991 161.580261 3.655395
v 0.593799 154.419998 9.348098
v -1.729805 154.332581 9.321189
v -3.582597 155.761597 8.612517
v -2.189895 158.088135 7.823951
v 1.645907 157.087723 8.237014
v -4.107958 156.402130 8.896720
v -5.256665 156.751465 8.698577
v -6.091559 158.519531 8.216819
v -5.237134 160.643005 6.533721
v -1.682936 157.759201 6.823195
v 5.369645 158.323639 6.119628
v 3.786333 158.587860 6.567810
v 6.284748 160.193298 5.013443
v 5.640288 161.372269 5.057647
v -5.563870 158.598083 5.935852
v -5.510654 160.204895 5.583763
v -4.633744 157.333145 6.887977
v -2.723696 157.782806 7.227187
v -0.404979 157.613815 6.658965
v 2.656214 157.978867 6.457244
v 0.415343 155.244995 9.094138
v 3.641065 156.114746 8.944884
v 0.777960 154.755829 9.818847
v 2.054679 154.567444 9.602508
v 2.808447 154.725159 9.454078
v 2.452225 157.800018 7.114150
v 5.301998 160.344528 5.639961
v 4.711342 157.701294 7.202376
v 5.908804 158.814941 5.989654
v 2.478187 157.863373 7.468932
v 5.000694 160.374084 6.560661
v 4.557032 157.722870 6.915969
v 5.411501 159.182739 5.996818
v 4.681393 158.562622 8.387427
v 4.940236 158.063660 8.602836
v 4.383657 156.806488 8.686027
v 4.007746 159.005310 7.377540
v 1.369386 157.183228 8.126174
v -5.192040 158.870148 6.017463
v -5.363471 160.302475 6.539184
v -4.500877 157.386810 6.844115
v -2.686763 157.810577 7.551070
v -4.743282 158.061951 8.034636
v -4.201248 156.366333 8.320579
v -5.222599 157.578766 8.186843
v -4.202410 158.976501 7.426887
v -1.385150 157.123322 8.158484
v 1.307947 158.301605 7.579490
v -0.325032 154.712158 10.022452
v -1.656650 157.978912 8.009994
v 2.926864 155.868713 9.062629
v 2.525362 154.892517 9.187720
v 1.201500 154.110870 9.700065
v 0.362546 153.838959 9.903869
v 3.249708 155.745697 8.546592
v 4.695850 157.667740 8.629859
v 4.766558 156.040573 8.570426
v 3.649198 159.128204 8.163642
v 0.249564 157.694733 8.992652
v 1.042812 154.474792 9.959510
v -0.818478 153.758057 10.837249
v -1.706963 154.753372 10.608405
v -1.163373 157.418121 9.368217
v 1.950117 156.283707 9.304664
v 5.072046 157.693542 8.526221
v 5.891883 160.240540 8.700034
v 6.112938 159.021606 9.096618
v 5.148790 161.706573 6.320999
v 1.739485 158.515991 6.822540
v -3.842884 156.244873 9.834548
v -1.959746 154.591309 10.228393
v -0.141789 154.591766 10.248473
v 0.441377 158.175964 9.617072
v -3.386885 158.868469 9.435592
v -1.431109 158.266815 9.324653
v -3.643643 156.456955 10.241263
v -3.854264 160.105438 8.124610
v -5.447075 157.866486 9.020400
v -5.410473 157.067871 9.532172
v 4.154200 156.663971 10.403518
v 0.736295 154.733032 10.167663
v 3.195133 154.997742 9.634048
v -0.442247 158.166183 9.563972
v 3.316479 159.260483 9.740294
v 3.941574 160.482635 8.595740
v 4.034404 158.584412 9.943824
v 1.492291 159.398132 8.820342
v 3.253269 157.070480 9.568252
v 4.295338 157.935303 10.094886
v -0.201226 153.938293 11.087081
v -1.190771 153.822083 11.127891
v -2.968782 154.927551 10.397140
v -1.945602 157.501068 9.899444
v 1.033757 156.689514 10.433814
v 0.437547 155.091415 10.738769
v -1.641423 158.982010 9.381164
v 1.128559 158.269547 9.129630
v -2.768071 155.391876 10.406165
v -0.214621 154.137268 10.851775
v -0.857216 153.848343 11.023658
v -1.476683 153.865021 11.035277
v -1.457897 154.409958 8.460753
v -1.114074 156.990875 7.381522
v -1.919218 154.481995 8.563231
v -1.665710 157.385712 8.236075
v 1.060061 155.122787 11.115226
v 0.663475 158.032104 10.632071
v 2.664983 155.869324 11.158004
v 2.354234 158.400635 10.778594
v -7.458607 165.583923 3.333107
v -7.326191 164.053955 3.341537
v -7.759837 165.523438 2.955055
v -7.498372 163.864349 3.046196
v 7.184061 164.069244 4.633537
v 6.369574 163.409592 3.918731
v 6.859943 164.607880 4.437179
v 6.684002 162.827438 4.324348
v 7.270651 163.561249 4.654739
v 6.904400 165.534241 3.030502
v 7.294275 165.373322 2.902557
v 6.626278 164.155609 3.219871
v 6.742741 164.161041 2.822952
v -7.470921 165.624634 3.443504
v -7.274099 164.130280 3.390831
v -7.790937 165.509689 3.390502
v -7.445296 163.982727 3.359565
v 7.347427 165.491394 3.201156
v 6.739456 164.182526 3.251792
v 6.920151 165.587631 3.137779
v 6.557959 164.224213 3.261749
v 6.391718 163.665329 3.520057
v 6.772001 165.456635 3.510002
v 6.499224 163.683090 3.729843
v 7.241566 165.454834 3.684532
v 6.911392 164.174988 3.732299
v 0.000982 154.392151 12.126975
v -0.064705 154.052368 10.900901
v 0.041366 154.563873 9.419990
v -0.036863 159.487701 11.819282
v -0.873575 157.566437 7.845122
v -3.622708 160.434082 9.039901
v -5.880620 158.056946 8.002006
v -6.495151 161.899231 6.253822
v -4.683541 157.140137 8.696036
v -5.580858 157.168152 7.990256
v -6.336043 161.201904 4.295692
v -5.953643 160.779572 5.985595
v -6.068485 160.697495 4.631065
v -7.428096 163.291061 3.835166
v -6.916975 163.288544 5.628692
v -0.122613 154.198975 11.728690
v 0.809795 154.744446 9.426009
v -0.018147 154.061478 11.108680
v 0.398500 159.520386 11.783355
v 0.682827 157.588593 7.828094
v 5.841646 162.822647 6.933097
v 6.449345 162.948273 4.129478
v 4.904020 160.896271 7.263824
v 5.489069 160.694946 4.577850
v 6.746933 162.722076 4.340286
v 6.637699 162.106964 4.808456
v 5.811991 161.967773 6.041824
v 6.394104 164.388763 5.531219
v 7.053493 164.678589 3.680091
v -6.313978 160.728912 4.372535
v -7.305685 161.118607 4.590835
v -6.734251 164.387268 3.788780
v -7.153547 165.110367 4.113403
v -4.342303 158.755920 8.445113
v -4.885618 158.540863 5.703819
v -4.485884 160.842072 8.297286
v -5.823720 160.699921 4.919044
v -6.852345 161.362595 3.720352
v -7.371454 163.469269 3.081138
v -6.533036 161.707123 5.822639
v -6.793089 163.870392 5.558425
v -6.806141 161.804703 3.305488
v -6.505200 161.377563 4.744102
v -6.516888 161.201767 3.547142
v -7.339981 164.067261 3.237579
v -7.176583 163.890152 4.893714
v -7.617894 162.760132 2.752265
v -7.415128 162.409714 4.481033
v -7.697900 162.249146 3.290802
v -7.341259 165.089569 3.037284
v -7.045082 164.854034 4.660255
v 6.453297 163.857773 5.533691
v 6.673531 163.725311 2.843994
v 5.964634 161.831757 5.702468
v 6.539804 161.524353 3.901290
v 6.945843 163.187836 2.728179
v 7.063484 162.499908 3.302413
v 6.723085 162.604218 4.565917
v 6.827957 164.903870 4.527603
v 6.597420 165.063126 2.844306
v -1.799752 158.299408 11.229552
v -2.128488 155.130127 9.171798
v -1.092281 157.376404 8.278419
v -2.943860 155.626373 10.712409
v -2.301260 154.859680 9.523276
v -3.119723 160.029022 10.240996
v -4.251674 157.487137 8.947562
v -3.841921 158.659424 7.126541
v -3.491785 157.862732 11.238257
v -4.267689 157.089844 9.831252
v -3.204146 155.927582 10.469367
v -1.996790 157.763947 7.416167
v -2.286294 158.744080 10.351226
v -2.739687 155.108643 8.872672
v -2.525357 154.473694 10.377494
v -2.542781 153.819870 9.898406
v -2.180802 153.912933 10.018569
v -3.522040 159.762375 9.955062
v -3.589321 156.051361 8.899390
v -3.878286 158.420624 6.906082
v -3.161993 156.514175 11.048835
v -2.842314 154.318146 10.967689
v -2.200809 154.134445 10.082541
v -2.012701 154.056366 10.475043
v -4.466037 161.474625 8.705031
v -4.217770 157.773972 8.511840
v -5.245955 159.866547 6.145088
v -3.279833 158.753571 10.904105
v -3.851410 157.671600 9.471541
v -4.340778 158.214890 7.153419
v -5.614594 160.580643 7.842750
v -3.414094 158.989944 6.640152
v -6.268183 161.918121 6.684623
v -7.277317 162.882507 4.689079
v -6.033229 161.668671 4.879211
v -7.136283 162.273560 4.834709
v -5.982286 163.494629 4.348159
v -7.264739 164.436676 4.404747
v -4.896784 159.238266 5.430877
v -5.699962 160.873520 5.109237
v -4.891657 159.526291 8.336326
v -5.054011 161.098328 8.051688
v -5.163267 160.463409 5.427581
v -4.735922 159.692947 7.734352
v -4.607145 159.002396 6.330001
v -6.577654 161.527435 5.378646
v -5.038011 161.239502 7.894042
v -3.795104 159.277008 6.999008
v -4.449459 158.561493 9.799270
v -5.134349 160.973633 8.405723
v -4.118519 157.564880 8.487151
v -4.694093 157.820526 9.438231
v 5.908918 160.960999 6.222579
v 5.403643 161.117981 5.721557
v 7.052601 163.410889 5.815139
v 6.269863 163.764496 5.297935
v 1.019327 157.393524 8.253760
v 3.051523 155.707947 9.001342
v 2.064788 158.515030 11.241950
v 3.073254 155.820770 11.091491
v 3.203130 155.591431 9.480994
v 3.601816 158.681519 6.996734
v 4.294250 157.902832 9.505439
v 2.958167 160.268768 10.332740
v 4.022277 158.562531 11.546386
v 4.649410 157.659454 10.496238
v 3.825603 156.230133 8.183669
v 2.463885 159.064728 10.443831
v 1.687404 157.828415 7.353431
v 3.240152 156.116089 11.013167
v 3.459757 155.586609 9.395514
v 3.426706 154.858154 8.474273
v 3.188482 154.919464 8.076972
v 4.486993 156.889954 8.955535
v 3.287859 160.031647 10.146857
v 3.726561 158.443283 6.842300
v 3.645220 157.079880 11.573462
v 3.545823 155.515839 10.242232
v 3.863784 154.880859 8.550246
v 3.554418 154.719360 9.066794
v 2.665128 160.688690 10.363891
v 4.429761 161.249298 7.809455
v 3.636643 157.674500 9.141486
v 5.097250 158.199509 6.778137
v 4.471332 157.230072 7.650313
v 5.712528 163.061035 6.612953
v 6.571777 161.390808 7.595825
v 4.111519 161.285294 7.397979
v 4.616164 159.983704 7.814979
v 6.476746 159.353210 7.930397
v 5.041332 158.550262 7.599205
v 5.747133 158.146393 7.613647
v -5.808203 160.666656 4.628639
v -7.145116 162.910645 4.037704
v -5.429706 160.645325 7.208519
v -6.414911 162.818176 6.761642
v 1.618047 158.952026 11.333259
v -0.064214 153.944748 10.963164
v -1.379616 157.823944 11.384444
v 3.106169 155.549561 10.868239
v 0.605200 153.679871 10.880034
v 0.108482 160.713165 11.045135
v -3.525024 156.957901 10.336036
v -2.835747 160.828278 10.921676
v -0.621340 155.703979 10.997878
v -1.326931 154.705078 10.843863
v -2.643993 154.409302 10.355453
v -3.355744 154.330109 10.171515
v 4.015635 157.595062 10.868949
v 0.207039 160.698090 11.039092
v 2.790334 161.096375 10.782523
v 1.280609 155.532349 11.100997
v 2.467800 154.945953 10.521720
v 3.651447 155.054047 9.978843
v 4.341333 155.062088 10.079581
v 0.639871 154.140366 11.067710
v 0.225945 154.491272 12.241843
v 0.122724 157.393860 13.629897
v 0.312841 157.327301 9.053237
v 0.286207 161.041031 11.987891
v 2.326200 160.465805 10.856620
v 2.061892 157.915314 8.379294
v 3.992868 158.822952 11.512168
v 4.377417 155.890381 9.092971
v 4.906857 156.456207 10.473205
v -3.364181 159.380157 10.047088
v -2.624976 157.690903 8.077376
v -4.341105 156.940430 10.135161
v -3.662191 155.157684 8.874587
v -4.545364 155.392792 9.949676
v -1.940242 154.742279 9.446425
v -1.452252 154.429352 10.559653
v -1.376642 157.492279 9.419166
v -1.331779 157.722687 11.504683
v -7.045886 163.388519 3.943092
v -7.693357 163.889465 4.760688
v -7.230803 164.484894 4.568283
v -7.405180 162.620941 4.262817
v -7.926332 163.291275 4.655662
v -2.393264 159.954056 11.567618
v -1.848503 157.859329 9.023040
v -3.494167 156.332901 11.901900
v -3.213151 156.006927 9.729888
v -3.475149 154.928375 10.440589
v -5.928619 160.903259 7.007347
v -7.839044 162.384216 4.340232
v -5.868743 162.719940 7.401145
v -7.057120 164.470428 4.541770
v -7.465867 162.510620 4.269470
v -6.546762 161.880127 6.002212
v -7.224674 161.908234 4.615684
v -6.589536 164.422668 5.546447
v -7.585762 164.536041 3.902641
v 3.880066 161.244827 11.814231
v 3.041173 162.896973 10.673636
v 3.370813 159.131897 10.670089
v 2.217893 158.771057 8.826797
v 1.867754 157.875061 8.968040
v 2.661878 156.513794 10.607566
v 2.569293 159.957809 11.613410
v 3.762116 157.653961 11.985427
v 2.891327 155.375793 11.183349
v 5.376719 161.131500 7.034187
v 5.300103 162.739334 7.561859
v 7.156483 162.667938 4.450675
v 6.687067 164.596497 4.434021
v -6.398054 160.793030 6.122657
v -7.656517 163.296082 5.835937
v -5.822632 160.965256 5.606414
v -6.724625 163.740570 5.262649
v -2.324728 155.760864 10.884009
v -1.997910 157.998505 10.552352
v -0.409865 155.267914 10.943465
v -0.469084 158.055420 10.614997
v -0.884239 161.155899 11.449393
v -1.375663 157.944916 13.148528
v -0.884057 158.950134 9.135337
v -1.736517 155.748474 10.505317
v -1.476923 154.990051 11.548469
v -3.089041 161.277252 10.841712
v -3.144862 157.110565 10.482001
v -4.372396 159.569336 8.221786
v -1.954585 158.781281 12.651137
v -2.756992 156.136261 11.580947
v 1.430756 161.148270 11.469504
v 0.870275 158.952850 9.133079
v 1.813711 157.619568 13.103133
v 2.351466 155.860535 10.641807
v 2.486036 155.032898 11.370215
v 2.151157 161.593719 10.972320
v 1.292661 158.493683 12.853232
v 3.378433 158.468079 8.957580
v 2.520481 155.362793 11.333312
v 2.102203 155.150635 12.287635
v 4.117147 159.756714 8.462279
v 3.658561 157.666275 10.939574
v 2.959503 161.783630 10.771911
v 2.419466 158.946274 12.613868
v 3.526790 157.065826 12.096679
v -3.191297 160.165436 9.402328
v -5.585341 158.332565 9.873336
v -5.698655 162.200821 8.013854
v -3.893383 157.267426 7.844214
v -5.178041 157.424713 8.952270
v -4.212481 160.453568 9.073516
v -5.990750 160.966385 6.871330
v -4.648903 162.569855 8.857093
v -6.940468 163.148346 6.140083
v -5.459314 161.216034 8.082374
v -7.632133 162.834763 5.488678
v -5.149581 161.859985 7.735847
v -6.684890 163.580353 5.178543
v 5.357580 163.631317 7.413902
v 6.662975 160.831787 7.209701
v 3.351548 161.803467 9.529235
v 5.324591 159.196381 8.542243
v 6.346569 159.795990 7.912071
v 4.914358 161.463318 8.086860
v 4.605348 161.931366 7.986465
v 6.863827 162.962006 5.563835
v 6.171061 163.607208 5.169128
v 0.859380 159.842865 11.492026
v -0.324173 155.668121 11.889823
v -2.047702 160.832001 11.303802
v -3.617194 156.321930 11.364867
v -1.930151 155.174088 11.514274
v -2.532572 160.194977 12.675971
v -1.577513 161.449677 11.565444
v -2.189986 159.111115 11.364173
v -1.292385 160.459351 10.075957
v -2.325272 161.355133 11.233520
v -2.220584 159.809875 11.384246
v -1.982510 160.274155 10.667708
v -2.691202 161.442657 12.058021
v -2.314290 160.199860 11.625319
v -2.601703 159.952942 11.120963
v -2.744380 161.149292 10.012847
v -2.446188 162.001801 12.309043
v -3.011726 162.723190 10.898360
v -2.536924 162.298004 12.526351
v -2.222141 158.917679 12.100043
v -1.795161 161.353577 11.163375
v -1.649730 157.992401 10.381125
v -5.397488 162.158905 8.384482
v -3.641021 160.675629 10.019141
v -4.599889 160.669601 9.673911
v -3.350078 161.728256 9.718101
v -5.742353 162.733978 8.049857
v -4.419268 161.149841 8.861266
v -3.212630 160.935608 11.130012
v -3.753879 160.158371 10.655227
v -3.121205 161.971420 10.719054
v -4.951622 161.853622 8.184180
v -5.002710 161.299042 9.713431
v -6.288994 161.769684 7.251716
v -4.303708 162.645828 9.307349
v -6.288328 162.880341 6.081954
v -3.171505 160.312897 10.895980
v -2.103791 159.537384 11.736098
v -2.979203 159.949097 11.252135
v -1.554281 160.985992 11.093413
v -3.175395 161.161530 10.308410
v 1.862026 162.325119 11.776519
v 1.483099 160.646912 10.646064
v 1.872089 160.091202 12.321509
v 2.217746 158.933975 11.650336
v 2.467928 160.106293 11.267615
v 2.548916 161.562439 11.082305
v 1.964735 160.462112 10.641425
v 3.024027 161.748566 11.905761
v 2.749244 160.523743 11.466063
v 2.874949 161.933289 12.520408
v 2.700408 162.394104 11.063148
v 2.714556 160.094299 11.276824
v 2.384783 161.259613 10.144584
v 2.859723 162.188339 12.625793
v 2.071174 161.645432 11.061248
v 2.636410 159.130234 12.153388
v 1.888969 158.054779 10.445388
v 4.844400 162.363739 8.475982
v 4.155521 160.865265 9.921874
v 3.326633 160.892761 10.271323
v 3.153477 161.829880 9.854545
v 5.286242 162.790619 8.123641
v 3.861473 161.349731 9.228171
v 3.720602 160.390930 10.758895
v 3.269228 161.124680 11.072898
v 3.026179 162.264435 10.633536
v 4.379372 161.915405 8.544448
v 4.527448 161.484070 9.963180
v 3.999569 162.638092 9.429046
v 5.568586 161.966766 7.264640
v 5.748918 162.872040 6.154922
v 3.321516 160.955963 11.011718
v 1.817875 161.247375 10.816657
v 2.290277 162.159058 10.709151
v 2.365762 160.053986 11.232078
v 3.217352 160.208435 11.264289
v 3.193729 160.343231 11.015853
v 3.103573 159.889633 11.276175
v 2.539173 159.813202 11.579818
v 1.834591 161.149597 11.073661
v 2.934816 161.394669 10.317260
v 1.723902 158.994934 11.472365
v -0.245404 155.467377 11.942679
v -1.390093 159.013916 11.710998
v 2.009844 155.240479 11.591063
v -0.320618 154.638702 12.330337
v 1.519101 160.363495 11.102759
v 1.430474 155.634415 11.927321
v -1.375195 160.323517 11.370933
v -0.848515 155.364960 11.879821
v -0.331406 154.608963 12.063216
v 2.074320 160.261108 10.962295
v 0.630501 160.799255 11.336333
v 1.739057 161.432739 10.924613
v 1.179270 159.430527 11.606673
v 1.647711 159.419647 11.688674
v 0.887460 156.895782 12.381377
v -0.244147 160.488068 11.170974
v 2.647212 158.314636 12.432006
v 1.450478 161.098511 11.256713
v -3.832725 161.540009 12.215980
v -3.077124 158.467789 10.411979
v -3.159821 162.925201 10.581191
v -2.165581 158.665497 8.787658
v -1.243123 160.405350 11.774032
v -0.884720 158.426956 10.099715
v -1.670164 158.417572 13.382987
v -1.378233 155.835220 11.363624
v -1.493284 154.935822 12.117522
v -3.474717 158.947479 12.432723
v -3.610129 156.625275 11.174644
v -3.836628 157.835571 9.081473
v -4.628679 159.099091 8.993728
v -2.784594 160.761322 12.509681
v -3.310737 163.177856 10.525794
v -5.953012 161.081970 6.901458
v -5.297565 161.626831 8.036780
v -7.184222 162.754852 5.366409
v -5.222651 163.260361 8.267127
v -6.362204 164.556641 5.284652
v -7.778094 164.699585 2.962837
v -7.003990 164.038635 5.049896
v -7.844009 163.103867 3.934967
v -7.607532 165.914749 3.146705
v -6.783223 165.712189 5.433990
v 1.922170 157.485657 12.241370
v 3.281996 158.141556 9.560569
v 3.016887 156.416382 11.105643
v 2.343303 162.409637 11.003135
v 5.286303 161.230774 7.379447
v 3.665437 162.268433 9.591949
v 4.240437 158.763168 11.439628
v 4.406808 160.118240 7.767623
v 3.649011 156.868408 9.104079
v 3.877605 157.079605 11.146804
v 3.633514 160.663239 9.447196
v 4.286647 162.612244 9.027411
v 5.554029 161.150635 6.555191
v 6.463678 163.169540 6.174377
v 4.676678 161.850311 8.186080
v 4.847563 163.303497 8.277404
v 6.445244 162.821045 5.422843
v 6.191727 164.506073 5.270080
v 7.205616 164.767303 2.931907
v 7.075294 163.381012 3.972053
v 6.634655 164.115143 4.944595
v 7.008741 165.669693 5.209106
v 7.048557 165.767471 2.964942
v -6.975867 163.069199 4.969985
v -7.730956 164.803314 5.374687
v -6.287308 163.771057 4.481613
v -6.928845 165.864685 5.102577
v -5.483445 160.122070 6.809982
v -7.834896 163.311340 6.040588
v -5.092227 161.463074 6.331550
v -6.719962 164.608521 5.710670
v -7.508821 163.527710 4.652107
v -6.522933 162.350647 4.737831
v -7.486156 162.906342 4.722373
v -6.143837 164.143860 4.304794
v -7.283902 165.225571 4.464248
v -5.008340 161.008240 8.936278
v -6.617722 160.913223 6.258476
v -4.988990 161.998184 7.904098
v -6.797390 161.902588 5.159912
v -5.605326 160.651245 6.458015
v -4.263209 160.831100 8.715064
v -4.836429 159.763763 8.239837
v -5.027356 162.238770 7.790534
v -6.754850 161.642899 5.959167
v 5.112845 160.531509 6.998329
v 4.528816 161.453857 6.712387
v 7.220617 163.396133 6.063819
v 6.628925 164.525330 5.677146
v 6.951145 163.749481 4.566146
v 6.790405 163.052979 4.733421
v 5.882683 162.341705 4.792083
v 5.604138 164.276108 4.192375
v 7.033470 165.224915 4.249206
v 4.455627 161.279907 9.127151
v 4.458380 162.072998 8.136741
v 6.116417 161.079071 6.315681
v 6.147537 161.932007 5.331756
v 5.174351 160.969910 6.677444
v 4.343040 160.165649 8.377624
v 3.678236 161.017059 9.034545
v 4.518505 162.279022 7.959152
v 6.191536 161.693787 6.048210
v -7.239754 165.422913 3.818038
v -7.312156 163.575882 3.672088
v -7.705930 165.410141 3.934890
v -7.249531 163.471283 3.738876
v -7.521722 163.913177 3.812873
v -7.612561 165.016724 3.513145
v -7.451269 166.919586 3.559089
v -7.454823 165.041763 3.555908
v -8.170708 166.997711 3.458381
v -7.936121 165.593903 3.453743
v -7.421610 165.738037 3.424140
v -7.787526 165.889008 3.059822
v -7.473042 167.230743 3.480407
v -7.995525 167.090118 3.268059
v -7.314671 164.530670 5.387161
v -6.495948 162.298523 5.598915
v -7.618441 162.922516 5.677810
v -6.005459 162.940155 5.524772
v -6.994505 165.003357 5.290992
v -7.643291 164.135986 3.720390
v -6.594837 163.634949 5.743682
v -7.399573 162.740082 4.709655
v -7.599311 165.282440 3.645637
v -6.459810 165.261169 5.722732
v -7.136896 163.489059 5.676963
v -8.077682 164.245407 4.437065
v -6.349985 165.272003 5.725502
v -7.160744 165.988831 4.382148
v -7.969721 164.195053 3.227615
v -7.720535 166.440277 3.175842
v -7.430704 164.238144 5.500396
v -6.547666 166.073746 5.838577
v -7.824996 164.617218 4.819808
v -8.123052 165.314270 3.017166
v -6.741172 166.401001 5.693862
v -7.648841 167.340118 3.181434
v -7.456630 167.591446 4.492332
v -8.137135 166.175140 3.032653
v -7.652200 167.659576 3.322799
v -7.757307 165.974518 4.214309
v -8.286102 165.907166 3.375015
v 6.302528 163.122574 4.959335
v 5.702333 163.789536 4.403358
v 7.552048 164.822021 5.211761
v 7.130886 165.802795 4.884361
v 6.915714 165.062653 3.399002
v 6.963844 166.827484 3.297264
v 7.118383 165.082062 3.363906
v 7.627626 166.743103 3.043899
v 7.489996 165.560852 3.268531
v 7.222885 168.300629 3.413368
v 7.475784 167.493286 3.292618
v 7.256273 168.015472 4.915611
v 7.672243 167.375946 4.568420
v 6.998644 165.319580 5.244682
v 6.234261 164.231628 4.627822
v 7.173325 164.408188 5.766494
v 6.326115 163.406799 5.113464
v 6.633610 163.526978 5.472740
v 7.113266 164.536560 5.266494
v 6.916330 163.038696 5.664436
v 5.804045 162.365265 5.682434
v 5.437647 162.878906 5.586708
v 6.922806 164.901184 5.234359
v 5.376639 163.241913 7.838325
v 6.106474 165.271957 5.288429
v 5.941341 162.602966 6.836730
v 7.113796 164.291565 4.491401
v 7.033180 164.364319 3.524711
v 6.716640 162.916748 4.759132
v 6.177958 163.649170 5.683219
v 6.601362 165.151581 5.620338
v 7.057667 165.278717 3.441391
v 6.523184 164.113159 4.957473
v 6.986652 165.731735 5.202217
v 7.282127 164.809036 3.410842
v 7.218079 166.534149 3.689110
v 6.850887 166.005646 5.460083
v 7.175465 166.094574 2.883621
v 7.096354 164.243317 5.368293
v 8.051785 164.462006 3.627937
v 7.404678 163.775055 4.694236
v 5.962849 164.194580 4.739944
v 8.063745 165.520203 3.319412
v 6.897095 166.386719 3.733017
v 7.843893 164.163849 3.861694
v 6.441376 165.445984 4.641670
v 7.523254 165.976883 3.592002
v 6.421230 163.587448 4.613472
v 7.246252 163.448212 4.522621
v -2.799488 160.284409 10.829871
v -2.620145 162.060913 9.976981
v -3.675626 161.137726 11.459701
v -3.787172 163.065369 10.902938
v -5.179547 163.795746 8.665855
v -4.235019 161.695465 9.221076
v -4.595778 162.548660 7.822708
v -5.222737 162.768906 9.971892
v -4.557581 161.795151 9.850829
v -6.515347 163.194946 7.679771
v -5.927473 163.150574 6.414421
v -6.244895 164.206299 7.244552
v -5.925780 162.255463 7.017402
v -6.049387 162.369110 7.367622
v -4.612135 163.114624 9.551719
v -3.619602 158.749023 10.145919
v -5.700535 161.386658 7.116233
v -3.390140 160.378662 11.844253
v -3.545603 158.612732 11.300933
v -5.178779 161.752747 10.370276
v -6.175683 162.130890 7.827949
v -4.455460 163.445511 9.620833
v -6.462341 163.381058 6.429191
v -1.311639 160.923126 11.244269
v -2.904754 160.886169 10.962813
v -2.227006 161.629105 10.820327
v -2.138868 159.698578 11.312423
v -2.973203 160.138062 10.975242
v -3.651679 161.318909 11.051261
v -2.770890 159.890442 11.098128
v -3.557611 160.764099 11.241805
v -1.931492 161.298599 10.880790
v -3.086100 162.542709 10.740523
v -4.463869 162.062225 9.897269
v -3.356493 160.389755 10.739669
v -4.442773 161.447571 10.060142
v -2.431853 162.281464 10.842086
v -3.556868 163.460510 10.400016
v -4.498459 160.556183 10.292014
v -5.159562 160.720337 8.929755
v -4.724252 163.393753 9.148818
v -5.909886 163.490784 7.270248
v -5.424289 161.115082 8.912635
v -6.717111 161.887543 7.724845
v -4.909976 163.407562 8.888885
v -5.915727 164.278458 7.438095
v 3.701620 163.031647 10.881537
v 2.578651 162.128876 10.036414
v 3.593108 161.318237 11.548133
v 2.821284 160.415771 10.818191
v 3.802231 161.853485 9.613120
v 4.844200 163.747711 8.556931
v 4.143090 162.555267 7.977340
v 4.848091 162.841888 10.059142
v 4.116131 161.936890 10.132674
v 4.794569 161.879700 10.436606
v 4.216125 163.329117 9.621734
v 5.397028 162.287781 7.996009
v 6.047432 163.362640 6.479385
v 3.451262 160.977997 10.975173
v 3.339658 160.570297 11.406096
v 2.596237 160.248749 11.609160
v 2.343847 161.733643 11.046462
v 3.408745 162.172897 10.301253
v 3.481592 161.237366 10.766845
v 3.419252 160.789200 11.055511
v 2.640121 160.789825 11.554801
v 2.569573 162.535538 11.145049
v 3.611758 162.685913 10.324958
v 4.294392 160.764557 10.415488
v 4.424761 163.316467 9.129493
v 4.624458 161.017792 9.092345
v 5.466372 163.498154 7.313858
v 5.173708 161.718765 8.830665
v 4.883471 163.677979 8.486351
v 6.077324 162.372009 7.052375
v 5.824745 164.505341 6.733482
v -0.528103 159.586288 11.951522
v -1.394692 161.247772 11.185729
v 0.074751 161.373520 11.549903
v -1.618614 159.973358 11.326743
v -1.526306 159.399597 11.786849
v -7.399463 165.256653 4.043808
v -7.405200 167.270737 4.242660
v -7.193666 165.352295 4.021957
v -8.004280 167.256012 4.204467
v -7.651056 165.735260 4.107948
v -7.394785 164.321259 4.850967
v -7.668835 165.456757 4.596511
v -6.856631 164.417297 4.710235
v -7.039175 165.643616 4.465164
v -7.214730 166.144073 4.383552
v -7.046729 164.710907 4.425903
v -7.582486 166.010208 4.238777
v -7.281236 164.623749 4.337684
v -7.325538 164.413086 5.884895
v -6.667036 164.168365 4.661712
v -6.870422 165.404419 5.377258
v -6.920686 163.300842 5.186523
v -7.212766 163.436127 5.507339
v -7.565877 164.110077 4.637084
v -6.008152 165.343018 5.419372
v -6.691308 162.488678 6.829925
v -5.881912 163.193817 7.775505
v -7.911948 165.614014 4.128509
v -7.121455 165.228149 5.449646
v -7.904455 165.127686 4.226074
v -7.229426 167.668060 5.241981
v -7.927410 167.356567 3.474716
v 7.385038 166.280838 4.935478
v 6.918186 165.009033 4.606796
v 7.024450 166.253357 4.628494
v 6.719765 164.985809 4.408981
v 7.583912 167.341370 3.269523
v 7.515676 167.082031 4.566650
v 7.348034 168.116257 3.585037
v 7.195717 167.710709 4.979377
v 6.756304 165.393768 3.821945
v 7.094814 167.087616 3.880264
v 6.958282 165.323181 3.825378
v 7.698044 167.042877 3.823921
v 7.269751 165.752411 3.824142
v 6.520145 164.462189 4.646698
v 6.915070 165.695984 4.248008
v 7.026899 164.434860 4.692398
v 7.537479 165.476227 4.327468
v 7.266008 166.001511 3.849151
v 6.880665 164.753662 4.179443
v 7.023376 166.106873 4.132141
v 6.663435 164.769562 4.357040
v 6.888239 165.173340 4.558654
v 6.140141 164.288239 6.249458
v 6.850542 165.634659 5.127098
v 5.870869 164.005737 6.088119
v 6.170021 164.090881 5.498260
v 5.505119 164.549103 7.352111
v 5.560410 162.522415 6.251396
v 6.192829 163.610443 7.951599
v 6.215151 161.961746 6.978256
v 6.371689 162.466202 7.767013
v 7.561646 165.688568 3.421478
v 7.564117 165.193893 3.883789
v 7.332016 165.134521 5.048080
v 7.161636 167.421188 4.930076
v 7.356255 167.307098 3.171104
v -0.539828 157.312500 12.548179
v -1.705355 158.534973 13.189963
v 0.251123 160.245911 10.965117
v -1.143481 161.179413 11.429053
v 0.590908 157.403687 12.521682
v -0.705932 157.646271 12.516738
v 1.211994 160.970840 11.212104
v -0.661864 161.442993 11.438857
v 0.604582 161.508560 11.601401
v 1.882293 155.834625 12.591285
v -0.722794 160.353409 11.071555
v 1.142153 155.465454 11.725219
v 1.657326 159.510468 11.970527
v 0.974720 160.875824 11.207801
v 2.897159 160.547821 11.524230
v 2.397611 161.697998 11.170363
v -1.391102 159.489639 12.116584
v -2.501539 160.105133 11.534049
v -0.545317 160.779022 11.165801
v -2.091549 161.276382 11.160743
v -3.742004 160.915436 9.370757
v -2.576560 159.978119 9.922194
v -4.814929 158.082397 10.023559
v -3.755071 156.824463 9.902381
v -1.736225 158.045731 14.090026
v -1.152937 159.584961 11.563735
v -1.212765 155.411560 12.314345
v -1.403808 158.257462 10.221381
v -7.230803 166.553467 4.230064
v -7.490728 166.515472 4.529907
v -7.462412 168.048508 4.373054
v -7.905426 168.079941 4.749885
v -6.744391 166.407562 5.140068
v -6.174146 164.634216 6.152999
v -7.645436 166.104111 5.097305
v -6.834982 164.317291 6.135986
v -6.813816 166.122864 5.123397
v -7.167792 165.989746 4.974075
v -7.329765 167.597076 4.872482
v -7.757888 167.558441 4.713661
v -6.121598 164.398941 6.549507
v -5.611372 163.987061 7.847511
v -6.167814 164.094177 6.739295
v -5.722471 163.576050 7.964042
v -7.070019 166.742813 5.037635
v -6.461039 165.523987 5.419815
v -7.461435 166.299622 4.542823
v -6.768813 165.219269 5.042762
v -6.340672 165.351898 5.848815
v -6.055115 164.279602 6.781814
v -6.677888 165.135498 5.712585
v -6.152560 164.085724 6.729385
v -5.953454 163.563522 7.430023
v -6.483854 164.233490 6.140930
v -5.694303 164.446198 7.455055
v -6.218747 164.803711 6.346550
v -7.118329 165.415863 5.006362
v -6.456326 165.742188 5.722732
v -6.497292 164.397736 5.968307
v -6.044295 165.039093 6.522438
v -6.994080 165.245117 5.124488
v -6.341284 165.484680 5.775230
v -6.417119 164.214813 6.277252
v -6.048212 164.737335 6.704284
v -7.477458 165.238251 4.700103
v -8.106740 166.094879 3.399765
v -6.738963 166.425079 5.238784
v -7.413291 167.191254 3.754883
v -5.966579 163.603455 7.730499
v -5.518898 164.592957 7.862716
v -5.099358 162.968842 8.994346
v -4.368787 164.035141 9.258781
v -5.398027 163.237289 8.355124
v -6.214406 163.679398 6.856559
v -6.109378 164.022385 6.716980
v -5.288158 162.985764 8.521209
v -5.642619 162.989349 8.151679
v -3.767973 161.033417 11.450545
v -5.932290 162.015732 8.535880
v -3.003305 162.843491 10.985206
v -6.032172 163.489746 7.171867
v -3.031324 162.377747 11.466514
v -4.273849 163.635376 9.506142
v -2.926990 164.233032 10.885315
v -4.116068 162.307953 10.303481
v -3.631559 161.901154 10.968993
v -3.908258 162.363251 11.374496
v -2.717508 161.958984 9.726844
v -3.478702 163.595520 10.686072
v -3.181646 161.163406 10.851851
v -3.313667 161.541626 11.304214
v -3.855651 163.603027 10.206588
v -4.826480 161.929443 9.269774
v -4.797769 163.618225 8.766860
v -3.817647 162.035919 11.172721
v -4.401956 161.589142 9.983336
v -3.344291 162.700394 10.602950
v -2.776137 162.567566 10.639113
v -2.632060 161.305298 11.359061
v -1.970162 161.793304 10.964744
v -3.880400 161.300110 11.071403
v -5.575508 162.157196 8.733169
v -3.087654 163.319397 10.890029
v -5.569201 163.922363 7.872604
v -5.367539 162.952301 8.482482
v -5.354796 164.083908 8.061836
v -4.760192 162.850220 9.650435
v -4.380010 163.980637 9.580040
v -3.566941 163.174011 10.601829
v -5.171186 163.862488 8.447815
v -3.519173 163.673111 10.439522
v -5.183817 163.103424 8.643584
v -4.103376 162.851151 10.185706
v -4.982292 163.526947 8.878943
v -5.944446 163.495972 7.124626
v -5.845758 164.128372 7.031517
v -4.978926 163.114487 8.901244
v -5.258648 162.995972 8.438712
v -3.232453 164.149429 10.729240
v -3.391914 163.411377 10.831832
v -4.575836 163.854965 9.149864
v -4.586819 163.175980 9.371787
v -5.877941 164.293091 7.473922
v -4.891817 164.041992 8.637466
v -5.909720 163.805450 7.719207
v -4.972650 163.388977 8.725738
v -5.875094 163.302383 7.448654
v -6.379107 163.294922 7.328865
v -6.247348 164.496521 6.069572
v -6.902444 164.303650 6.061271
v -7.065896 167.307297 5.274330
v -6.532944 165.497208 5.507675
v -7.633884 167.134918 4.766769
v -7.054270 165.346130 5.143943
v -3.248738 162.802856 10.719909
v -4.223832 161.456680 9.676856
v -4.416067 162.681152 9.140616
v -3.267350 161.300720 11.064742
v -3.891267 161.042007 10.432563
v -3.570169 162.467407 10.985251
v -2.431372 162.863022 10.358993
v -3.797696 163.887085 11.395004
v -3.090899 164.410278 10.823875
v 7.085388 165.291351 4.831817
v 6.294100 164.530350 5.974563
v 6.883465 165.712189 4.968147
v 6.283798 164.929840 6.144287
v 7.939304 167.048370 3.992744
v 7.128147 164.569595 4.857353
v 7.265856 167.217422 4.265777
v 6.487755 164.751556 4.943595
v 6.307913 164.445770 5.881568
v 5.285046 163.600067 7.703254
v 6.292873 164.947922 6.046043
v 5.176775 164.173279 7.895774
v 7.181242 166.630920 4.541099
v 7.401058 166.262100 4.198379
v 6.646254 165.476837 5.229553
v 6.765919 165.158508 4.914001
v 6.517076 165.284439 5.707786
v 6.766926 165.024567 5.609397
v 5.893696 164.235962 6.731819
v 5.968064 164.103241 6.666053
v 6.574068 165.113266 5.460929
v 6.835945 165.548126 4.865760
v 6.725906 164.680328 5.187820
v 7.101292 165.171280 4.616462
v 6.044106 164.719055 6.553611
v 6.536959 165.457672 5.645599
v 6.251251 164.194183 6.198844
v 6.984785 165.167923 4.988784
v 6.642479 165.592773 4.966926
v 7.118469 166.589111 5.072113
v 7.132509 165.184250 4.896904
v 7.750683 166.669250 5.020973
v 7.622242 166.512299 4.492630
v 7.198643 167.423950 5.124809
v 7.545273 166.958496 3.447975
v 7.134560 167.968216 3.771339
v 4.686486 162.603271 9.109282
v 4.173311 163.642273 9.469490
v 5.104609 163.279633 7.968421
v 4.957551 164.293396 8.086571
v 3.474005 162.326126 10.534461
v 3.259181 163.585754 10.457053
v 4.318331 162.635849 9.333983
v 4.358711 163.814575 8.934593
v 5.883228 163.721497 6.832496
v 4.992367 163.260254 8.340758
v 5.883886 163.996796 6.690452
v 4.939514 163.133926 8.518661
v 5.200487 163.145813 8.144019
v 3.665904 161.217850 11.533423
v 2.958680 162.856384 11.011130
v 5.317829 162.282837 8.585181
v 5.599487 163.492111 7.222984
v 2.424143 162.481049 10.779830
v 3.456978 163.606262 10.652854
v 3.437455 162.129639 10.982352
v 4.348322 162.925018 10.520156
v 4.088471 162.211243 11.011069
v 3.071013 161.475494 10.764869
v 3.431849 163.397186 10.751472
v 2.583082 162.025024 9.826774
v 3.875345 162.476685 11.327430
v 3.371205 161.639832 11.163238
v 3.689220 161.627930 10.646888
v 2.202373 162.486664 11.273429
v 3.240104 163.268906 10.942153
v 2.207563 161.232697 11.282859
v 3.302345 161.160614 10.985282
v 2.235170 161.455414 11.404830
v 2.085615 162.178650 10.948211
v 2.958971 161.392654 10.790145
v 2.762489 162.007446 10.579230
v 4.083858 160.937531 10.336944
v 3.379603 162.583557 10.118506
v 5.420467 161.988220 8.109054
v 5.485867 163.405106 6.952278
v 4.407282 162.910431 9.742187
v 4.233170 163.810699 9.479973
v 5.010908 163.115234 8.473144
v 5.019238 164.033997 7.984870
v 4.852696 163.223953 8.617103
v 3.428251 163.457245 10.539863
v 4.810247 163.801697 8.368286
v 3.436582 163.075836 10.650954
v 3.844969 162.837921 10.249999
v 5.529222 163.596191 7.107292
v 4.666155 163.470032 8.820807
v 5.595968 164.085632 6.979858
v 4.625225 163.182373 8.954917
v 4.908337 163.141571 8.442183
v 5.983561 163.974442 6.811660
v 4.935865 163.220947 8.598289
v 5.745184 164.535736 6.879112
v 4.670340 163.954514 8.717918
v 5.885176 164.347412 6.280319
v 6.127117 163.831116 6.313667
v 5.391253 163.972626 7.444473
v 5.472585 163.239899 7.348243
v 6.163666 164.420837 6.015457
v 6.249880 164.105316 5.944541
v 5.398180 163.320679 7.505828
v 5.333252 163.140396 7.423919
v 7.526777 166.959351 4.343261
v 7.147226 165.330887 4.978424
v 7.062191 167.110016 4.885635
v 6.708357 165.436569 5.335327
v 3.822498 161.591995 10.026290
v 3.153250 162.792786 10.740317
v 4.116385 162.710327 9.238982
v 3.209425 161.516479 11.089202
v 3.600305 161.190826 10.584113
v 5.550841 161.164886 7.681053
v 3.058946 161.693298 9.800246
v 4.300320 162.419617 7.836395
v 4.127987 159.583405 10.125525
v 5.361246 160.245514 8.161269
v 3.738979 163.690826 11.420258
v 3.001711 164.009323 10.898148
v 3.491441 162.587296 10.962317
v 2.775098 162.987274 10.400718
v -5.910985 162.990723 7.131401
v -6.109729 164.638123 5.881721
v -6.441237 163.088394 7.354591
v -6.668303 164.734222 6.051940
v -2.310234 162.120361 12.117126
v -3.043966 161.907257 11.114440
v -2.431162 163.496643 11.486693
v -3.395266 163.191223 10.565558
v -2.484809 162.774414 11.795882
v -1.578976 163.700531 12.095161
v -0.657939 162.467346 12.401557
v -0.304545 163.495148 12.335998
v -2.801657 162.399200 11.781051
v -2.418724 162.565262 10.862739
v -3.562586 162.906631 11.643699
v -2.940197 163.819489 11.458427
v -2.078212 162.661438 12.025878
v -1.663721 163.053680 11.112166
v -2.311004 163.837311 12.468910
v -1.702776 164.735657 11.293915
v -1.354868 162.717499 12.155028
v -2.996475 163.536346 10.771667
v -1.326985 163.367966 12.193664
v -3.126309 162.582153 11.011092
v -1.970892 162.351227 11.833579
v -1.688414 163.633881 12.034462
v -3.431010 163.913025 10.466904
v -1.635765 164.206604 11.694977
v -3.507389 163.169525 11.008994
v -2.366128 163.227814 11.816764
v -3.463524 163.237152 11.215613
v -3.291425 164.242920 10.476257
v -2.124789 163.317581 12.168059
v -1.990060 164.656418 11.153633
v -3.623149 162.729355 10.720443
v -3.155449 164.069336 10.568008
v -3.106636 162.637985 11.504127
v -2.237343 163.694656 11.618446
v -3.006327 162.705475 11.515548
v -2.605723 163.947021 11.203217
v -1.776942 162.414932 12.166778
v -1.163009 163.809586 12.133743
v -2.534185 163.128326 11.682364
v -1.811772 164.673035 11.406181
v -1.167050 162.975922 12.607261
v -0.446882 164.642822 12.566666
v -0.152827 164.048386 12.597313
v -0.452129 163.269501 12.597617
v -1.447184 164.479401 11.935555
v -1.949824 163.541428 12.060279
v -0.994028 162.891479 12.039062
v -1.461861 162.690155 12.344092
v -1.693735 164.249863 11.690842
v -2.101499 164.272736 12.164284
v -2.947068 164.090485 10.770050
v -2.518861 162.712860 11.180129
v -3.404754 163.791138 10.909256
v -2.916100 162.547745 11.332023
v -2.134332 163.556000 11.595588
v -0.638573 163.372742 12.557059
v -2.115641 162.772003 11.817176
v -0.687439 162.661865 12.425689
v -2.529461 163.330688 11.336303
v -3.592856 161.733276 10.745383
v -3.544347 163.243164 10.354903
v -2.456995 162.555389 12.161109
v -3.179125 161.472702 11.247901
v -2.763804 162.166855 11.898391
v -3.039152 164.240723 10.969398
v -1.896938 163.375336 11.731536
v -3.645546 162.883774 11.032279
v -3.566273 162.369110 11.219375
v -1.505022 162.812073 11.781234
v -0.638884 164.063599 11.623947
v -1.008057 163.926208 13.504974
v -0.492350 165.014816 12.633980
v -2.702460 162.786774 11.957236
v -2.853846 163.510590 10.916450
v -2.298311 163.714691 12.588783
v -1.657137 164.730896 11.770760
v -1.524138 162.458405 12.095305
v -1.700606 164.500778 11.712807
v -0.491693 163.985626 12.642281
v -2.681974 163.176697 11.682387
v -2.524043 162.406418 11.870391
v 2.638139 162.991577 11.150802
v 2.817949 162.626678 11.291045
v 1.427738 162.876053 11.812049
v 1.481226 162.340210 11.833632
v 2.507854 161.848343 11.801284
v 2.169908 162.836090 11.428069
v 3.029388 161.977509 11.127379
v 3.032429 162.997910 10.762092
v 0.473431 163.544342 12.403396
v 1.718830 163.561432 12.018432
v 0.804493 162.493591 12.382224
v 2.527051 162.759064 11.838500
v 3.335536 162.773529 11.813636
v 2.884626 163.544525 11.554221
v 2.771782 162.003952 11.477279
v 2.375517 162.700775 10.956031
v 2.590381 163.063110 12.486335
v 2.038125 164.124176 11.861671
v 2.320872 162.247971 11.861632
v 1.782129 162.832397 11.123328
v 1.487409 163.220490 12.080794
v 2.925527 163.311783 10.894034
v 1.497350 162.621994 12.055099
v 2.983009 162.608887 11.069922
v 2.138641 162.398560 11.828902
v 1.814722 163.805649 11.626740
v 3.353797 163.603653 10.571860
v 1.804892 163.445374 11.946380
v 3.417911 163.027222 11.023932
v 2.365748 162.997223 11.799453
v 1.981542 164.066650 11.356125
v 3.120153 163.842529 10.740738
v 2.130699 163.155685 12.145728
v 3.300235 163.136902 11.481627
v 2.299778 163.284088 11.592948
v 3.089821 163.764618 10.629410
v 3.117294 162.687256 11.451186
v 3.457910 162.688873 10.712729
v 1.389848 163.578522 12.010268
v 2.594893 163.586884 11.297660
v 1.796436 162.242340 12.092338
v 2.938415 162.696747 11.563048
v 0.624094 165.038513 12.373955
v 2.148735 164.118790 11.379570
v 1.227112 163.251801 12.644645
v 2.427870 162.891708 11.884658
v 1.809585 163.496094 12.785926
v 0.906223 162.536987 12.493041
v 1.157917 164.435211 12.261757
v 0.264374 163.010620 12.218238
v 3.409767 163.539795 10.961249
v 2.930324 162.727478 11.372191
v 2.906412 163.740936 10.847878
v 2.499178 162.744461 11.246802
v 1.994535 163.423553 11.707755
v 2.002392 162.567261 11.676970
v 0.632492 163.372269 12.584182
v 0.697736 162.481201 12.307631
v 1.898651 164.012756 11.925797
v 1.928739 162.813736 10.962638
v 2.902107 163.267120 12.197402
v 2.830122 162.328918 11.239127
v 0.775912 163.543839 12.442702
v 1.751454 164.031021 11.841896
v 1.514732 162.123077 11.977256
v 2.726370 162.958710 11.421546
v 2.588768 162.374527 11.551658
v 5.031464 161.007111 8.104133
v 5.403366 157.161682 9.007926
v 4.443370 160.411224 7.864593
v 4.534267 157.035919 8.495254
v 0.917772 165.068817 12.232216
v 0.326618 162.887848 12.529746
v -0.084151 164.203094 12.690536
v 2.005321 162.928345 11.849784
v 1.110023 162.406052 12.067863
v -1.463509 162.993622 12.555808
v -0.876595 162.495941 12.387733
v -0.273424 162.731888 12.519301
v -1.345701 163.926727 12.557800
v -0.039984 163.579498 12.701331
v -1.070332 165.027527 12.219650
v 0.102687 164.552551 12.724342
v -0.955250 162.736069 11.942328
v -0.755962 163.940842 12.469978
v 0.378653 162.563049 12.286231
v 0.455212 163.546356 12.656753
v -0.547657 163.044922 12.652183
v -0.577503 164.696457 12.995277
v 0.760834 163.218567 12.192580
v 0.571072 164.695175 12.571373
v -1.463104 162.627594 12.112258
v -0.850005 164.445587 12.465706
v -0.202569 162.550934 12.217452
v 0.374073 163.799271 12.521675
v 0.764630 164.378265 12.481964
v 0.737082 162.766083 12.153106
v -0.656816 164.199768 12.773643
v -0.668785 162.779419 12.500564
v 0.821031 163.504700 12.414969
v 0.552028 162.716614 12.212363
v -0.720215 163.806396 12.476898
v -0.857846 162.974548 12.354491
v -0.268518 163.775940 12.608597
v 1.063785 164.116913 12.224655
v -0.095570 163.007950 12.462806
v 1.362053 163.289917 12.164908
v -0.334797 163.019592 12.506095
v -0.323698 164.045502 12.585716
v 1.022974 163.264282 12.410293
v 0.467062 164.568756 12.510857
v -6.829413 165.226471 5.059707
v -8.141506 166.074615 4.296287
v -7.019697 166.607941 4.392890
v -8.100150 164.502335 4.374122
v -7.684322 165.931717 4.809394
v -6.964723 164.995758 4.542442
v -7.090492 164.958862 4.772514
v -6.891812 166.334564 4.937088
v -7.159073 166.331299 5.295639
v -7.477703 165.894714 3.515129
v -7.920267 166.022461 3.443283
v -7.490871 167.306763 3.473419
v -8.074837 167.370392 3.362945
v -7.441357 166.173340 3.833976
v -7.889471 166.274765 3.840889
v -7.504792 167.677734 3.834007
v -7.997897 167.780548 3.789520
v -7.136337 165.018463 4.773193
v -7.293514 167.002701 4.676330
v -7.084156 165.150818 4.663490
v -7.833861 167.015015 4.791664
v -7.369238 165.509430 4.864196
v -6.266387 164.356110 6.287399
v -7.030928 165.199265 4.726043
v -6.638978 165.677246 5.347282
v -6.094526 164.022156 6.166435
v -6.459834 164.079666 5.558189
v -7.729420 168.602203 3.714645
v -6.742221 167.678131 3.900650
v -8.293721 167.226532 4.000335
v -7.267038 166.198517 4.126907
v -7.668487 166.103546 4.172195
v -7.536756 168.445923 4.777664
v -8.034340 166.615356 3.481910
v -7.664193 168.092957 3.498665
v -7.532232 166.640381 5.150611
v -7.893082 166.151947 4.144668
v -7.715411 166.837967 3.558738
v -7.855421 167.408875 2.797371
v -7.640598 168.017426 4.125549
v -7.631108 168.357239 3.422462
v -7.739977 167.188766 3.315147
v -7.590430 168.367874 3.505165
v -7.698668 167.344635 4.296043
v -7.667529 168.671021 4.320198
v 7.905102 166.639557 4.535606
v 6.354916 166.726288 3.858040
v 7.282860 167.667679 4.420623
v 7.014915 165.469360 3.983062
v 7.745489 165.942383 4.390670
v 7.635862 167.828827 4.194206
v 7.393461 166.438324 4.088409
v 7.136665 167.815094 4.028945
v 6.968317 166.501129 3.922935
v 7.616804 167.538239 3.428589
v 7.334366 166.227936 3.533905
v 7.133915 167.502319 3.445648
v 6.940069 166.116531 3.564178
v 7.920010 166.999207 3.495994
v 6.363400 167.461884 3.483162
v 7.328009 168.452103 3.328865
v 6.890354 166.174561 3.744819
v 7.296478 166.091461 3.730331
v 7.355690 165.118622 2.856575
v 7.208605 166.599304 4.212051
v 7.055828 166.497986 3.055115
v 7.569061 164.952789 4.448555
v 7.438614 164.688477 3.455619
v 7.515800 166.143845 4.429824
v 7.033813 167.057999 4.495758
v 8.014259 166.699295 3.689728
v 7.404282 167.514038 3.902572
v 7.323456 168.395294 4.241233
v 7.186520 168.182953 3.372406
v 7.418148 167.118469 4.279396
v 7.308123 166.909164 3.183243
v 5.291322 163.813232 7.193641
v 6.026386 164.676483 6.495315
v 6.114136 163.551773 7.222770
v 6.696148 164.319824 6.462593
v 4.880673 163.168335 8.223266
v 4.788092 164.082489 8.331139
v 5.807553 164.028458 7.035804
v 5.654926 164.618454 7.160118
v 5.514730 163.649597 7.454376
v 5.546265 164.461548 7.287529
v 6.321970 164.209900 6.057212
v 6.222282 164.732208 6.263298
v 5.997042 164.881317 6.631446
v 6.477755 165.290100 5.698982
v 6.084097 164.238266 6.427238
v 6.607658 164.804382 5.518836
v 6.902126 165.104584 4.517807
v 7.193760 166.833160 4.285163
v 6.986473 165.056854 4.595375
v 7.746477 166.856964 4.381477
v 7.380077 165.475189 4.628891
v -8.009545 167.668076 3.876655
v -7.688613 168.172791 4.283393
v -7.465894 167.096466 4.868507
v -7.021427 167.803101 5.668350
v -7.455043 165.549286 4.598304
v -6.994780 165.962311 5.138427
v -6.669817 164.711441 5.660598
v -6.243451 165.367950 6.134666
v -6.123728 165.028961 6.233978
v -6.002337 164.051773 7.333396
v -6.348839 164.721771 5.950828
v -6.047605 163.805023 7.096420
v -6.871585 163.627426 6.302063
v -6.161832 164.331955 6.222595
v -6.045591 163.024414 7.032768
v -5.651935 164.064728 7.386970
v -6.660640 163.522720 6.967681
v -5.893327 164.161133 7.238998
v -5.759375 162.952332 7.881202
v -5.241305 163.801086 7.907272
v -6.491661 163.946594 6.496330
v -5.893372 164.933777 6.797737
v -5.805790 163.254364 8.002074
v -5.219757 164.349640 8.399391
v 2.035213 163.241013 11.955298
v 0.613418 163.252411 12.577857
v 1.662506 164.184875 11.834991
v 0.337122 164.020325 12.618896
v 1.390021 162.678711 12.596412
v 0.853660 164.363220 12.525032
v 1.815908 162.510651 11.443923
v 1.159286 163.717545 11.401749
v -0.597069 163.640091 12.856537
v -0.422486 164.444580 12.497620
v 0.197090 163.461639 12.742690
v 0.340488 164.123077 12.579849
v 1.167852 158.138519 12.550338
v 0.845758 161.232452 10.754943
v 3.169981 159.028717 11.943221
v 2.293928 161.086884 10.470023
v 0.428354 156.657013 12.547492
v 0.210535 159.093628 10.385299
v 0.885841 159.429321 14.244948
v 0.222292 161.136322 11.239806
v -3.358917 158.317566 11.601722
v -2.444344 160.647491 10.591865
v -1.394087 157.595398 12.604667
v -0.530251 160.368896 11.140113
v -5.806230 158.432266 8.320998
v -4.589212 160.432632 7.879920
v -4.247767 157.707886 9.983893
v -3.079658 159.924622 9.952163
v -7.551100 161.330902 6.211158
v -6.451128 163.976196 5.623916
v -5.900094 160.880295 8.601233
v -5.387805 163.627777 7.796958
v 7.092632 162.252045 5.870758
v 6.020226 161.584671 7.614158
v 6.161919 164.028152 5.556716
v 5.084129 163.540863 7.241096
v 5.134712 161.071228 9.253745
v 4.285341 162.418869 8.565093
v 6.209440 162.016876 7.197486
v 5.437275 162.910065 6.724960
v 1.555681 156.507843 11.989188
v 0.939214 159.806641 11.465842
v 3.495455 157.672577 11.537704
v 2.579098 160.163635 10.793471
v 6.808308 164.176682 4.161933
v 6.569830 162.094604 5.583580
v 6.581579 164.848145 5.530166
v 6.058430 162.242691 6.864479
v 6.179268 161.722244 7.062850
v 6.032403 161.320923 5.880638
v 5.757218 161.186325 6.502479
v 6.053760 163.066711 5.368804
v 5.714425 163.008087 6.203033
v 6.062300 160.460358 5.346084
v 5.972950 163.171661 5.993911
v 6.470404 163.090393 4.528213
v 5.557226 160.361847 7.167022
v 6.185362 159.372375 5.921676
v 5.947789 158.881058 6.603004
v 5.798002 158.898163 6.894706
v 5.923758 162.825974 5.785110
v 5.869312 160.617554 7.493095
v 5.207640 163.031265 7.400314
v 4.643803 160.819427 8.751830
v 4.867261 160.432770 8.793571
v 6.520002 165.187363 5.264007
v 6.863255 163.015808 5.177185
v 5.814467 164.417572 6.888488
v 6.165281 162.245270 6.230224
v 6.530918 162.035034 5.892532
v 5.789856 161.437439 6.162246
v 5.041639 161.176956 6.343368
v 5.545703 163.182999 5.698036
v 4.648338 163.146851 6.096946
v 6.134468 163.155457 4.873024
v 4.898954 159.999557 6.565902
v 4.483294 163.238495 5.755447
v 6.214672 160.830841 5.813613
v 6.185337 159.639420 6.130249
v 5.797184 158.892502 6.588745
v 5.304468 158.534729 6.605598
v -6.300226 162.773209 6.574165
v -6.742076 165.154480 5.187591
v -6.084942 165.199738 6.770530
v -7.374786 162.584305 5.487243
v -6.721098 161.891815 6.615432
v -6.949607 161.198883 6.335708
v -7.105546 161.162842 6.084213
v -5.653561 163.934113 8.317902
v -4.723764 161.060699 9.257560
v -6.144969 163.641174 5.956161
v -6.020465 160.620956 7.793945
v -5.270526 160.175659 8.670569
v 5.097630 162.964539 7.016044
v 4.789968 160.607269 8.604972
v 4.473629 163.134018 9.424262
v 3.777874 160.294434 10.105887
v 3.956121 159.933838 9.811484
v -4.032859 163.034760 10.200530
v -3.325198 160.823059 10.779410
v -4.945475 162.599655 7.995819
v -4.082088 160.270996 9.962523
v -3.707471 160.023148 10.360816
v -3.771915 162.917160 9.722396
v -3.543363 160.759552 9.948638
v -5.219427 162.840240 8.320403
v -4.896706 160.712616 9.441871
v -4.350164 160.241241 9.833053
v 1.953439 163.546356 11.571853
v 2.525108 164.279526 11.044319
v 2.981263 163.134232 10.638770
v 3.415176 163.930725 10.211525
v 4.001593 162.737991 10.314116
v 3.697239 163.679688 10.174988
v 4.561476 163.073090 8.986564
v 4.365913 163.911835 8.779541
v 1.098810 163.967255 12.372421
v 1.498397 164.424805 11.594063
v 2.291602 163.058289 11.231528
v 2.627464 163.982605 10.912727
v 5.371740 163.312531 7.604972
v 5.367441 164.371460 7.696197
v 6.062466 163.934021 6.202835
v 6.029444 164.806595 6.649200
v -6.167478 164.249725 6.158195
v -5.904553 164.764542 6.846275
v -5.454540 163.532928 8.024337
v -5.389694 164.585556 8.135849
v -5.830197 163.419983 7.111351
v -5.976581 164.213013 6.639236
v -5.664893 164.520065 8.162743
v -5.737987 165.153809 7.200126
v -6.340261 164.515518 5.690673
v -6.078885 165.028778 6.359199
v -5.964139 163.847321 7.215507
v -5.793745 164.772171 7.434310
v -0.741904 160.771790 11.484099
v -0.879634 161.385254 11.204314
v -0.204552 161.135605 11.788741
v -0.039595 161.716446 11.347945
v -6.479586 163.920319 6.888427
v -5.725838 164.488205 7.145988
v -5.746808 163.170074 8.014892
v -5.262177 163.886963 7.944221
v -2.063847 163.922333 12.106834
v -1.256546 165.017853 11.927811
v -0.939781 163.648895 12.829529
v -0.530539 164.703400 12.435745
v 2.327239 161.768951 10.992843
v 1.990286 162.663544 11.272384
v 3.308061 162.236237 10.492240
v 2.877226 163.537720 10.851821
v -3.577611 163.173080 10.872375
v -3.416441 164.305939 10.436790
v -2.371813 163.355423 11.702003
v -2.363983 164.541275 11.155373
v -2.807592 163.422638 10.804992
v -2.818347 164.536713 10.783112
v -1.388768 163.944366 12.118454
v -1.686890 165.125214 11.114922
v -2.267129 163.178040 11.026763
v -2.332907 164.489426 11.102875
v -0.984278 163.872177 12.469925
v -1.079158 165.159821 12.128502
v 1.107542 164.016342 12.355446
v 1.596359 164.494263 11.485756
v 2.289699 163.090393 11.212462
v 2.629246 164.028381 10.888115
v -4.775466 156.607712 9.033477
v -4.208387 155.314697 10.212394
v -2.810737 155.389038 11.044517
v -3.318403 159.379791 8.720000
v -0.855995 158.034363 11.048957
v -5.944746 157.807037 7.481811
v -5.199765 156.284775 8.491912
v -3.777687 156.226898 9.388099
v -4.614571 160.387329 8.038192
v -2.289230 158.586060 9.707725
v -7.255866 160.019699 6.858490
v -6.683832 158.338898 7.495140
v -4.917798 157.394897 7.765868
v -5.590353 161.465195 6.372825
v -3.147794 158.957214 7.440124
v -7.784835 161.696686 5.152633
v -7.552946 160.088318 5.663665
v -6.041480 158.762894 6.513206
v -4.326096 160.273254 6.819755
v -6.420914 162.797028 5.196334
v -8.673891 162.764679 4.162109
v -8.210205 161.114838 4.434509
v -6.841154 160.264725 5.550064
v -6.637531 164.021484 5.190727
v -5.261654 161.591843 7.026618
v 4.257981 156.675842 7.605559
v 5.763273 157.153412 6.629371
v 6.456097 159.121796 6.670631
v 2.528179 158.866577 8.881316
v 4.539000 161.207336 8.037177
v 5.089195 157.546295 5.733779
v 6.643629 158.451035 4.971740
v 7.166378 160.445724 4.983810
v 3.653266 159.575775 7.692474
v 5.450993 162.238205 5.915061
v 6.354778 159.591125 5.815719
v 7.334480 160.088058 4.605812
v 7.712940 162.062775 3.906486
v 4.894131 161.641251 7.341384
v 6.389809 164.042206 4.700294
vt 0.665527 0.996283
vt 0.513672 0.996283
vt 0.513672 0.759155
vt 0.657227 0.742188
vt 0.604492 0.693359
vt 0.849609 0.240723
vt 0.850586 0.168457
vt 0.986816 0.165527
vt 0.986816 0.239746
vt 0.850586 0.168457
vt 0.986816 0.165527
vt 0.986816 0.239746
vt 0.849609 0.240723
vt 0.850586 0.168457
vt 0.986816 0.165527
vt 0.986816 0.239746
vt 0.849609 0.240723
vt 0.850586 0.168457
vt 0.986816 0.165527
vt 0.986816 0.239746
vt 0.849609 0.240723
vt 0.849609 0.240723
vt 0.850586 0.168457
vt 0.986816 0.165527
vt 0.986816 0.239746
vt 0.850586 0.168457
vt 0.986816 0.165527
vt 0.986816 0.239746
vt 0.849609 0.240723
vt 0.337402 0.539307
vt 0.339355 0.716309
vt 0.472168 0.713867
vt 0.485352 0.558350
vt 0.418457 0.505859
vt 0.669922 0.542480
vt 0.507813 0.498535
vt 0.646484 0.490234
vt 0.502441 0.697754
vt 0.664551 0.698486
vt 0.669922 0.542480
vt 0.507813 0.498535
vt 0.646484 0.490234
vt 0.502441 0.697754
vt 0.664551 0.698486
vt 0.669922 0.542480
vt 0.507813 0.498535
vt 0.646484 0.490234
vt 0.502441 0.697754
vt 0.664551 0.698486
vt 0.669922 0.542480
vt 0.507813 0.498535
vt 0.646484 0.490234
vt 0.502441 0.697754
vt 0.664551 0.698486
vt 0.046326 0.190918
vt 0.055359 0.003906
vt 0.285400 0.003906
vt 0.285400 0.190430
vt 0.669922 0.542480
vt 0.507813 0.498535
vt 0.646484 0.490234
vt 0.502441 0.697754
vt 0.664551 0.698486
vt 0.001309 0.507813
vt 0.001309 0.273438
vt 0.262939 0.284180
vt 0.260010 0.505371
vt 0.001309 0.507813
vt 0.001309 0.273438
vt 0.262939 0.284180
vt 0.260010 0.505371
vt 0.055359 0.003906
vt 0.285400 0.003906
vt 0.285400 0.190430
vt 0.046326 0.190918
vt 0.424805 0.839355
vt 0.430420 0.916260
vt 0.500977 0.903320
vt 0.521484 0.836548
vt 0.521484 0.836548
vt 0.424805 0.839355
vt 0.430420 0.916260
vt 0.500977 0.903320
vt 0.001309 0.273438
vt 0.262939 0.284180
vt 0.260010 0.505371
vt 0.001309 0.507813
vt 0.472168 0.713867
vt 0.339355 0.716309
vt 0.337402 0.539307
vt 0.485352 0.558350
vt 0.418457 0.505859
vt 0.472168 0.713867
vt 0.339355 0.716309
vt 0.337402 0.539307
vt 0.485352 0.558350
vt 0.418457 0.505859
vt 0.669922 0.542480
vt 0.646484 0.490234
vt 0.507813 0.498535
vt 0.502441 0.697754
vt 0.664551 0.698486
vt 0.669922 0.542480
vt 0.646484 0.490234
vt 0.507813 0.498535
vt 0.664551 0.698486
vt 0.502441 0.697754
vt 0.669922 0.542480
vt 0.646484 0.490234
vt 0.507813 0.498535
vt 0.502441 0.697754
vt 0.664551 0.698486
vt 0.669922 0.542480
vt 0.646484 0.490234
vt 0.507813 0.498535
vt 0.502441 0.697754
vt 0.664551 0.698486
vt 0.262939 0.284180
vt 0.001309 0.273438
vt 0.001309 0.507813
vt 0.260010 0.505371
vt 0.055359 0.003906
vt 0.046326 0.190918
vt 0.285400 0.190430
vt 0.285400 0.003906
vt 0.055359 0.003906
vt 0.046326 0.190918
vt 0.285400 0.190430
vt 0.285400 0.003906
vt 0.424805 0.839355
vt 0.521484 0.836548
vt 0.500977 0.903320
vt 0.430420 0.916260
vt 0.424805 0.839355
vt 0.521484 0.836548
vt 0.500977 0.903320
vt 0.430420 0.916260
vt 0.430420 0.916260
vt 0.424805 0.839355
vt 0.521484 0.836548
vt 0.500977 0.903320
vt 0.001309 0.273438
vt 0.001309 0.507813
vt 0.260010 0.505371
vt 0.262939 0.284180
vt 0.262939 0.284180
vt 0.001309 0.273438
vt 0.001309 0.507813
vt 0.260010 0.505371
vt 0.285400 0.003906
vt 0.055359 0.003906
vt 0.046326 0.190918
vt 0.285400 0.190430
vt 0.055359 0.003906
vt 0.285400 0.003906
vt 0.285400 0.190430
vt 0.046326 0.190918
vt 0.001309 0.273438
vt 0.262939 0.284180
vt 0.260010 0.505371
vt 0.001309 0.507813
vt 0.001309 0.507813
vt 0.001309 0.273438
vt 0.262939 0.284180
vt 0.260010 0.505371
vt 0.055359 0.003906
vt 0.046326 0.190918
vt 0.285400 0.190430
vt 0.285400 0.003906
vt 0.001309 0.273438
vt 0.001309 0.507813
vt 0.260010 0.505371
vt 0.262939 0.284180
vt 0.669922 0.542480
vt 0.646484 0.490234
vt 0.507813 0.498535
vt 0.664551 0.698486
vt 0.502441 0.697754
vt 0.337402 0.539307
vt 0.339355 0.716309
vt 0.472168 0.713867
vt 0.485352 0.558350
vt 0.418457 0.505859
vt 0.046326 0.190918
vt 0.055359 0.003906
vt 0.285400 0.003906
vt 0.285400 0.190430
vt 0.669922 0.542480
vt 0.507813 0.498535
vt 0.646484 0.490234
vt 0.664551 0.698486
vt 0.502441 0.697754
vt 0.424805 0.839355
vt 0.430420 0.916260
vt 0.500977 0.903320
vt 0.521484 0.836548
vt 0.475098 0.491211
vt 0.591309 0.491211
vt 0.595215 0.300293
vt 0.478027 0.267090
vt 0.586426 0.219727
vt 0.540527 0.174805
vt 0.512207 0.168457
vt 0.276123 0.277832
vt 0.458496 0.280273
vt 0.361572 0.198242
vt 0.459717 0.504883
vt 0.279541 0.504883
vt 0.276123 0.277832
vt 0.361572 0.198242
vt 0.458496 0.280273
vt 0.279541 0.504883
vt 0.459717 0.504883
vt 0.475098 0.491211
vt 0.591309 0.491211
vt 0.595215 0.300293
vt 0.478027 0.267090
vt 0.586426 0.219727
vt 0.540527 0.174805
vt 0.512207 0.168457
vt 0.276123 0.277832
vt 0.361572 0.198242
vt 0.458496 0.280273
vt 0.459717 0.504883
vt 0.279541 0.504883
vt 0.055359 0.003906
vt 0.046326 0.190918
vt 0.285400 0.190430
vt 0.285400 0.003906
vt 0.004044 0.559814
vt 0.077576 0.510254
vt 0.142578 0.590088
vt 0.002794 0.700928
vt 0.103882 0.702637
vt 0.669922 0.542480
vt 0.646484 0.490234
vt 0.507813 0.498535
vt 0.502441 0.697754
vt 0.664551 0.698486
vt 0.475098 0.491211
vt 0.591309 0.491211
vt 0.595215 0.300293
vt 0.478027 0.267090
vt 0.586426 0.219727
vt 0.540527 0.174805
vt 0.512207 0.168457
vt 0.001309 0.507813
vt 0.001309 0.273438
vt 0.262939 0.284180
vt 0.260010 0.505371
vt 0.337402 0.539307
vt 0.339355 0.716309
vt 0.472168 0.713867
vt 0.485352 0.558350
vt 0.418457 0.505859
vt 0.337402 0.539307
vt 0.339355 0.716309
vt 0.472168 0.713867
vt 0.485352 0.558350
vt 0.418457 0.505859
vt 0.573730 0.292969
vt 0.749023 0.340820
vt 0.643066 0.430664
vt 0.767090 0.194336
vt 0.589355 0.197266
vt 0.055359 0.003906
vt 0.285400 0.003906
vt 0.285400 0.190430
vt 0.046326 0.190918
vt 0.669922 0.542480
vt 0.507813 0.498535
vt 0.646484 0.490234
vt 0.664551 0.698486
vt 0.502441 0.697754
vt 0.004044 0.559814
vt 0.142578 0.590088
vt 0.077576 0.510254
vt 0.002794 0.700928
vt 0.103882 0.702637
vt 0.055359 0.003906
vt 0.046326 0.190918
vt 0.285400 0.190430
vt 0.285400 0.003906
vt 0.424805 0.839355
vt 0.430420 0.916260
vt 0.500977 0.903320
vt 0.521484 0.836548
vt 0.424805 0.839355
vt 0.430420 0.916260
vt 0.500977 0.903320
vt 0.521484 0.836548
vt 0.591309 0.491211
vt 0.475098 0.491211
vt 0.478027 0.267090
vt 0.595215 0.300293
vt 0.586426 0.219727
vt 0.540527 0.174805
vt 0.512207 0.168457
vt 0.591309 0.491211
vt 0.475098 0.491211
vt 0.478027 0.267090
vt 0.595215 0.300293
vt 0.586426 0.219727
vt 0.540527 0.174805
vt 0.512207 0.168457
vt 0.262939 0.284180
vt 0.001309 0.273438
vt 0.001309 0.507813
vt 0.260010 0.505371
vt 0.812012 0.648926
vt 0.682129 0.637451
vt 0.703613 0.324707
vt 0.791504 0.289551
vt 0.472168 0.713867
vt 0.339355 0.716309
vt 0.337402 0.539307
vt 0.485352 0.558350
vt 0.418457 0.505859
vt 0.573730 0.292969
vt 0.643066 0.430664
vt 0.749023 0.340820
vt 0.767090 0.194336
vt 0.589355 0.197266
vt 0.055359 0.003906
vt 0.046326 0.190918
vt 0.285400 0.190430
vt 0.285400 0.003906
vt 0.285400 0.003906
vt 0.055359 0.003906
vt 0.046326 0.190918
vt 0.285400 0.190430
vt 0.669922 0.542480
vt 0.646484 0.490234
vt 0.507813 0.498535
vt 0.664551 0.698486
vt 0.502441 0.697754
vt 0.669922 0.542480
vt 0.646484 0.490234
vt 0.507813 0.498535
vt 0.502441 0.697754
vt 0.664551 0.698486
vt 0.055359 0.003906
vt 0.285400 0.003906
vt 0.285400 0.190430
vt 0.046326 0.190918
vt 0.424805 0.839355
vt 0.521484 0.836548
vt 0.500977 0.903320
vt 0.430420 0.916260
vt 0.424805 0.839355
vt 0.521484 0.836548
vt 0.500977 0.903320
vt 0.430420 0.916260
vt 0.046326 0.190918
vt 0.055359 0.003906
vt 0.285400 0.003906
vt 0.285400 0.190430
vt 0.669922 0.542480
vt 0.507813 0.498535
vt 0.646484 0.490234
vt 0.502441 0.697754
vt 0.664551 0.698486
vt 0.276123 0.277832
vt 0.361572 0.198242
vt 0.458496 0.280273
vt 0.459717 0.504883
vt 0.279541 0.504883
vt 0.285400 0.003906
vt 0.055359 0.003906
vt 0.046326 0.190918
vt 0.285400 0.190430
vt 0.669922 0.542480
vt 0.646484 0.490234
vt 0.507813 0.498535
vt 0.502441 0.697754
vt 0.664551 0.698486
vt 0.472168 0.713867
vt 0.339355 0.716309
vt 0.337402 0.539307
vt 0.485352 0.558350
vt 0.418457 0.505859
vt 0.665527 0.996283
vt 0.513672 0.996283
vt 0.513672 0.759155
vt 0.657227 0.742188
vt 0.604492 0.693359
vt 0.669922 0.542480
vt 0.507813 0.498535
vt 0.646484 0.490234
vt 0.502441 0.697754
vt 0.664551 0.698486
vt 0.513672 0.996283
vt 0.665527 0.996283
vt 0.657227 0.742188
vt 0.513672 0.759155
vt 0.604492 0.693359
vt 0.262939 0.284180
vt 0.001309 0.273438
vt 0.001309 0.507813
vt 0.260010 0.505371
vt 0.669922 0.542480
vt 0.646484 0.490234
vt 0.507813 0.498535
vt 0.502441 0.697754
vt 0.664551 0.698486
vt 0.573730 0.292969
vt 0.643066 0.430664
vt 0.749023 0.340820
vt 0.589355 0.197266
vt 0.767090 0.194336
vt 0.669922 0.542480
vt 0.646484 0.490234
vt 0.507813 0.498535
vt 0.502441 0.697754
vt 0.664551 0.698486
vt 0.055359 0.003906
vt 0.285400 0.003906
vt 0.285400 0.190430
vt 0.046326 0.190918
vt 0.665527 0.996283
vt 0.513672 0.996283
vt 0.513672 0.759155
vt 0.657227 0.742188
vt 0.604492 0.693359
vt 0.665527 0.996283
vt 0.513672 0.996283
vt 0.513672 0.759155
vt 0.657227 0.742188
vt 0.604492 0.693359
vt 0.665527 0.996283
vt 0.513672 0.996283
vt 0.513672 0.759155
vt 0.657227 0.742188
vt 0.604492 0.693359
vt 0.665527 0.996283
vt 0.513672 0.996283
vt 0.513672 0.759155
vt 0.657227 0.742188
vt 0.604492 0.693359
vt 0.513672 0.759155
vt 0.513672 0.996283
vt 0.665527 0.996283
vt 0.657227 0.742188
vt 0.604492 0.693359
vt 0.513672 0.759155
vt 0.513672 0.996283
vt 0.665527 0.996283
vt 0.657227 0.742188
vt 0.604492 0.693359
vt 0.513672 0.759155
vt 0.513672 0.996283
vt 0.665527 0.996283
vt 0.657227 0.742188
vt 0.604492 0.693359
vt 0.513672 0.759155
vt 0.513672 0.996283
vt 0.665527 0.996283
vt 0.657227 0.742188
vt 0.604492 0.693359
vt 0.004044 0.559814
vt 0.077576 0.510254
vt 0.142578 0.590088
vt 0.002794 0.700928
vt 0.103882 0.702637
vt 0.004044 0.559814
vt 0.142578 0.590088
vt 0.077576 0.510254
vt 0.103882 0.702637
vt 0.002794 0.700928
vt 0.004044 0.559814
vt 0.142578 0.590088
vt 0.077576 0.510254
vt 0.103882 0.702637
vt 0.002794 0.700928
vt 0.004044 0.559814
vt 0.077576 0.510254
vt 0.142578 0.590088
vt 0.103882 0.702637
vt 0.002794 0.700928
vt 0.475098 0.491211
vt 0.591309 0.491211
vt 0.595215 0.300293
vt 0.478027 0.267090
vt 0.586426 0.219727
vt 0.540527 0.174805
vt 0.512207 0.168457
vt 0.046326 0.190918
vt 0.055359 0.003906
vt 0.285400 0.003906
vt 0.285400 0.190430
vt 0.046326 0.190918
vt 0.055359 0.003906
vt 0.285400 0.003906
vt 0.285400 0.190430
vt 0.285400 0.003906
vt 0.055359 0.003906
vt 0.046326 0.190918
vt 0.285400 0.190430
vt 0.669922 0.542480
vt 0.507813 0.498535
vt 0.646484 0.490234
vt 0.502441 0.697754
vt 0.664551 0.698486
vt 0.669922 0.542480
vt 0.646484 0.490234
vt 0.507813 0.498535
vt 0.502441 0.697754
vt 0.664551 0.698486
vt 0.276123 0.277832
vt 0.361572 0.198242
vt 0.458496 0.280273
vt 0.459717 0.504883
vt 0.279541 0.504883
vt 0.276123 0.277832
vt 0.361572 0.198242
vt 0.458496 0.280273
vt 0.459717 0.504883
vt 0.279541 0.504883
vt 0.285400 0.003906
vt 0.055359 0.003906
vt 0.046326 0.190918
vt 0.285400 0.190430
vt 0.055359 0.003906
vt 0.285400 0.003906
vt 0.285400 0.190430
vt 0.046326 0.190918
vt 0.595215 0.300293
vt 0.591309 0.491211
vt 0.475098 0.491211
vt 0.478027 0.267090
vt 0.586426 0.219727
vt 0.540527 0.174805
vt 0.512207 0.168457
vt 0.055359 0.003906
vt 0.046326 0.190918
vt 0.285400 0.190430
vt 0.285400 0.003906
vt 0.055359 0.003906
vt 0.046326 0.190918
vt 0.285400 0.190430
vt 0.285400 0.003906
vt 0.669922 0.542480
vt 0.646484 0.490234
vt 0.507813 0.498535
vt 0.664551 0.698486
vt 0.502441 0.697754
vt 0.055359 0.003906
vt 0.285400 0.003906
vt 0.285400 0.190430
vt 0.046326 0.190918
vt 0.669922 0.542480
vt 0.507813 0.498535
vt 0.646484 0.490234
vt 0.664551 0.698486
vt 0.502441 0.697754
vt 0.478027 0.267090
vt 0.475098 0.491211
vt 0.591309 0.491211
vt 0.595215 0.300293
vt 0.586426 0.219727
vt 0.540527 0.174805
vt 0.512207 0.168457
vt 0.276123 0.277832
vt 0.458496 0.280273
vt 0.361572 0.198242
vt 0.459717 0.504883
vt 0.279541 0.504883
vt 0.276123 0.277832
vt 0.361572 0.198242
vt 0.458496 0.280273
vt 0.459717 0.504883
vt 0.279541 0.504883
vt 0.276123 0.277832
vt 0.458496 0.280273
vt 0.361572 0.198242
vt 0.459717 0.504883
vt 0.279541 0.504883
vt 0.276123 0.277832
vt 0.361572 0.198242
vt 0.458496 0.280273
vt 0.459717 0.504883
vt 0.279541 0.504883
vt 0.665527 0.996283
vt 0.513672 0.996283
vt 0.513672 0.759155
vt 0.657227 0.742188
vt 0.604492 0.693359
vt 0.276123 0.277832
vt 0.458496 0.280273
vt 0.361572 0.198242
vt 0.459717 0.504883
vt 0.279541 0.504883
vt 0.513672 0.996283
vt 0.665527 0.996283
vt 0.657227 0.742188
vt 0.513672 0.759155
vt 0.604492 0.693359
vt 0.276123 0.277832
vt 0.361572 0.198242
vt 0.458496 0.280273
vt 0.459717 0.504883
vt 0.279541 0.504883
vt 0.475098 0.491211
vt 0.591309 0.491211
vt 0.595215 0.300293
vt 0.478027 0.267090
vt 0.586426 0.219727
vt 0.540527 0.174805
vt 0.512207 0.168457
vt 0.674316 0.652344
vt 0.826660 0.645020
vt 0.826660 0.997665
vt 0.676270 0.997665
vt 0.826660 0.645264
vt 0.674316 0.652344
vt 0.676270 0.997665
vt 0.826660 0.997665
vt 0.989258 0.086426
vt 0.986328 0.152344
vt 0.862793 0.149902
vt 0.867188 0.086914
vt 0.339355 0.716309
vt 0.472168 0.713867
vt 0.485352 0.558350
vt 0.337402 0.539307
vt 0.418457 0.505859
vt 0.862793 0.149902
vt 0.986328 0.152344
vt 0.989258 0.086426
vt 0.867188 0.086914
vt 0.987793 0.007813
vt 0.987793 0.072266
vt 0.859375 0.072266
vt 0.859375 0.007813
vt 0.987793 0.072266
vt 0.987793 0.007813
vt 0.859375 0.007813
vt 0.859375 0.072266
vt 0.520996 0.123535
vt 0.530762 0.169434
vt 0.671387 0.168945
vt 0.673340 0.086426
vt 0.555176 0.086426
vt 0.276123 0.277832
vt 0.361572 0.198242
vt 0.458496 0.280273
vt 0.279541 0.504883
vt 0.459717 0.504883
vt 0.657227 0.742188
vt 0.665527 0.996283
vt 0.513672 0.996283
vt 0.513672 0.759155
vt 0.604492 0.693359
vt 0.669922 0.542480
vt 0.507813 0.498535
vt 0.646484 0.490234
vt 0.664551 0.698486
vt 0.502441 0.697754
vt 0.276123 0.277832
vt 0.458496 0.280273
vt 0.361572 0.198242
vt 0.279541 0.504883
vt 0.459717 0.504883
vt 0.055359 0.003906
vt 0.046326 0.190918
vt 0.285400 0.190430
vt 0.285400 0.003906
vt 0.669922 0.542480
vt 0.646484 0.490234
vt 0.507813 0.498535
vt 0.502441 0.697754
vt 0.664551 0.698486
vt 0.703613 0.324707
vt 0.682129 0.637451
vt 0.812012 0.648926
vt 0.791504 0.289551
vt 0.046326 0.190918
vt 0.055359 0.003906
vt 0.285400 0.003906
vt 0.285400 0.190430
vt 0.055359 0.003906
vt 0.285400 0.003906
vt 0.285400 0.190430
vt 0.046326 0.190918
vt 0.669922 0.542480
vt 0.507813 0.498535
vt 0.646484 0.490234
vt 0.664551 0.698486
vt 0.502441 0.697754
vt 0.669922 0.542480
vt 0.507813 0.498535
vt 0.646484 0.490234
vt 0.664551 0.698486
vt 0.502441 0.697754
vt 0.055359 0.003906
vt 0.046326 0.190918
vt 0.285400 0.190430
vt 0.285400 0.003906
vt 0.669922 0.542480
vt 0.646484 0.490234
vt 0.507813 0.498535
vt 0.502441 0.697754
vt 0.664551 0.698486
vt 0.657227 0.742188
vt 0.665527 0.996283
vt 0.513672 0.996283
vt 0.513672 0.759155
vt 0.604492 0.693359
vt 0.657227 0.742188
vt 0.665527 0.996283
vt 0.513672 0.996283
vt 0.513672 0.759155
vt 0.604492 0.693359
vt 0.475098 0.491211
vt 0.591309 0.491211
vt 0.595215 0.300293
vt 0.478027 0.267090
vt 0.586426 0.219727
vt 0.512207 0.168457
vt 0.540527 0.174805
vt 0.478027 0.267090
vt 0.475098 0.491211
vt 0.591309 0.491211
vt 0.595215 0.300293
vt 0.586426 0.219727
vt 0.512207 0.168457
vt 0.540527 0.174805
vt 0.657227 0.742188
vt 0.665527 0.996283
vt 0.513672 0.996283
vt 0.513672 0.759155
vt 0.604492 0.693359
vt 0.001309 0.507813
vt 0.001309 0.273438
vt 0.262939 0.284180
vt 0.260010 0.505371
vt 0.669922 0.542480
vt 0.507813 0.498535
vt 0.646484 0.490234
vt 0.502441 0.697754
vt 0.664551 0.698486
vt 0.055359 0.003906
vt 0.285400 0.003906
vt 0.285400 0.190430
vt 0.046326 0.190918
vt 0.573730 0.292969
vt 0.749023 0.340820
vt 0.643066 0.430664
vt 0.589355 0.197266
vt 0.767090 0.194336
vt 0.657227 0.742188
vt 0.665527 0.996283
vt 0.513672 0.996283
vt 0.513672 0.759155
vt 0.604492 0.693359
vt 0.285400 0.003906
vt 0.055359 0.003906
vt 0.046326 0.190918
vt 0.285400 0.190430
vt 0.513672 0.996283
vt 0.665527 0.996283
vt 0.657227 0.742188
vt 0.513672 0.759155
vt 0.604492 0.693359
vt 0.513672 0.996283
vt 0.665527 0.996283
vt 0.657227 0.742188
vt 0.513672 0.759155
vt 0.604492 0.693359
vt 0.591309 0.491211
vt 0.475098 0.491211
vt 0.478027 0.267090
vt 0.595215 0.300293
vt 0.586426 0.219727
vt 0.540527 0.174805
vt 0.512207 0.168457
vt 0.591309 0.491211
vt 0.475098 0.491211
vt 0.478027 0.267090
vt 0.595215 0.300293
vt 0.586426 0.219727
vt 0.512207 0.168457
vt 0.540527 0.174805
vt 0.513672 0.759155
vt 0.513672 0.996283
vt 0.665527 0.996283
vt 0.657227 0.742188
vt 0.604492 0.693359
vt 0.513672 0.996283
vt 0.665527 0.996283
vt 0.661133 0.862183
vt 0.513672 0.871094
vt 0.657227 0.742188
vt 0.513672 0.759155
vt 0.604492 0.693359
vt 0.055359 0.003906
vt 0.285400 0.003906
vt 0.285400 0.190430
vt 0.046326 0.190918
vt 0.657227 0.742188
vt 0.665527 0.996283
vt 0.513672 0.996283
vt 0.513672 0.759155
vt 0.604492 0.693359
vt 0.478027 0.267090
vt 0.475098 0.491211
vt 0.591309 0.491211
vt 0.595215 0.300293
vt 0.586426 0.219727
vt 0.540527 0.174805
vt 0.512207 0.168457
vt 0.591309 0.491211
vt 0.475098 0.491211
vt 0.478027 0.267090
vt 0.595215 0.300293
vt 0.586426 0.219727
vt 0.540527 0.174805
vt 0.512207 0.168457
vt 0.276123 0.277832
vt 0.361572 0.198242
vt 0.458496 0.280273
vt 0.279541 0.504883
vt 0.459717 0.504883
vt 0.513672 0.759155
vt 0.513672 0.996283
vt 0.665527 0.996283
vt 0.657227 0.742188
vt 0.604492 0.693359
vt 0.513672 0.759155
vt 0.513672 0.996283
vt 0.665527 0.996283
vt 0.657227 0.742188
vt 0.604492 0.693359
vt 0.676270 0.997665
vt 0.674316 0.652344
vt 0.826660 0.645020
vt 0.826660 0.997665
vt 0.485352 0.558350
vt 0.472168 0.713867
vt 0.339355 0.716309
vt 0.337402 0.539307
vt 0.418457 0.505859
vt 0.513672 0.759155
vt 0.513672 0.996283
vt 0.665527 0.996283
vt 0.657227 0.742188
vt 0.604492 0.693359
vt 0.046326 0.190918
vt 0.055359 0.003906
vt 0.285400 0.003906
vt 0.285400 0.190430
vt 0.669922 0.542480
vt 0.507813 0.498535
vt 0.646484 0.490234
vt 0.502441 0.697754
vt 0.664551 0.698486
vt 0.262939 0.284180
vt 0.001309 0.273438
vt 0.001309 0.507813
vt 0.260010 0.505371
vt 0.513672 0.996283
vt 0.665527 0.996283
vt 0.657227 0.742188
vt 0.513672 0.759155
vt 0.604492 0.693359
vt 0.285400 0.003906
vt 0.055359 0.003906
vt 0.046326 0.190918
vt 0.285400 0.190430
vt 0.046326 0.190918
vt 0.055359 0.003906
vt 0.285400 0.003906
vt 0.285400 0.190430
vt 0.674316 0.652344
vt 0.826660 0.645264
vt 0.826660 0.997665
vt 0.676270 0.997665
vt 0.665527 0.996283
vt 0.513672 0.996283
vt 0.513672 0.759155
vt 0.657227 0.742188
vt 0.604492 0.693359
vt 0.657227 0.742188
vt 0.665527 0.996283
vt 0.513672 0.996283
vt 0.513672 0.759155
vt 0.604492 0.693359
vt 0.513672 0.759155
vt 0.513672 0.996283
vt 0.665527 0.996283
vt 0.657227 0.742188
vt 0.604492 0.693359
vt 0.665527 0.996283
vt 0.513672 0.996283
vt 0.513672 0.759155
vt 0.657227 0.742188
vt 0.604492 0.693359
vt 0.513672 0.996283
vt 0.665527 0.996283
vt 0.657227 0.742188
vt 0.513672 0.759155
vt 0.604492 0.693359
vt 0.657227 0.742188
vt 0.665527 0.996283
vt 0.513672 0.996283
vt 0.513672 0.759155
vt 0.604492 0.693359
vt 0.046326 0.190918
vt 0.055359 0.003906
vt 0.285400 0.003906
vt 0.285400 0.190430
vt 0.046326 0.190918
vt 0.055359 0.003906
vt 0.285400 0.003906
vt 0.285400 0.190430
vt 0.513672 0.996283
vt 0.665527 0.996283
vt 0.657227 0.742188
vt 0.513672 0.759155
vt 0.604492 0.693359
vt 0.285400 0.003906
vt 0.055359 0.003906
vt 0.046326 0.190918
vt 0.285400 0.190430
vt 0.665527 0.996283
vt 0.513672 0.996283
vt 0.513672 0.759155
vt 0.657227 0.742188
vt 0.604492 0.693359
vt 0.180298 0.513428
vt 0.337158 0.512939
vt 0.308594 0.740479
vt 0.198975 0.735596
vt 0.485352 0.558350
vt 0.472168 0.713867
vt 0.339355 0.716309
vt 0.337402 0.539307
vt 0.418457 0.505859
vt 0.180298 0.513428
vt 0.337158 0.512939
vt 0.308594 0.740479
vt 0.198975 0.735596
vt 0.046326 0.190918
vt 0.055359 0.003906
vt 0.285400 0.003906
vt 0.285400 0.190430
vt 0.573730 0.292969
vt 0.749023 0.340820
vt 0.643066 0.430664
vt 0.767090 0.194336
vt 0.589355 0.197266
vt 0.573730 0.292969
vt 0.749023 0.340820
vt 0.643066 0.430664
vt 0.767090 0.194336
vt 0.589355 0.197266
vt 0.046326 0.190918
vt 0.055359 0.003906
vt 0.285400 0.003906
vt 0.285400 0.190430
vt 0.669922 0.542480
vt 0.507813 0.498535
vt 0.646484 0.490234
vt 0.502441 0.697754
vt 0.664551 0.698486
vt 0.180298 0.513428
vt 0.198975 0.735596
vt 0.308594 0.740479
vt 0.337158 0.512939
vt 0.339355 0.716309
vt 0.472168 0.713867
vt 0.485352 0.558350
vt 0.337402 0.539307
vt 0.418457 0.505859
vt 0.337158 0.512939
vt 0.180298 0.513428
vt 0.198975 0.735596
vt 0.308594 0.740479
vt 0.285400 0.003906
vt 0.055359 0.003906
vt 0.046326 0.190918
vt 0.285400 0.190430
vt 0.573730 0.292969
vt 0.643066 0.430664
vt 0.749023 0.340820
vt 0.767090 0.194336
vt 0.589355 0.197266
vt 0.573730 0.292969
vt 0.643066 0.430664
vt 0.749023 0.340820
vt 0.767090 0.194336
vt 0.589355 0.197266
vt 0.285400 0.003906
vt 0.055359 0.003906
vt 0.046326 0.190918
vt 0.285400 0.190430
vt 0.339355 0.716309
vt 0.472168 0.713867
vt 0.485352 0.558350
vt 0.337402 0.539307
vt 0.418457 0.505859
vt 0.669922 0.542480
vt 0.646484 0.490234
vt 0.507813 0.498535
vt 0.502441 0.697754
vt 0.664551 0.698486
vt 0.657227 0.742188
vt 0.665527 0.996283
vt 0.513672 0.996283
vt 0.513672 0.759155
vt 0.604492 0.693359
vt 0.665527 0.996283
vt 0.513672 0.996283
vt 0.513672 0.759155
vt 0.657227 0.742188
vt 0.604492 0.693359
vt 0.339355 0.716309
vt 0.472168 0.713867
vt 0.485352 0.558350
vt 0.337402 0.539307
vt 0.418457 0.505859
vt 0.674316 0.652344
vt 0.826660 0.645264
vt 0.826660 0.997665
vt 0.676270 0.997665
vt 0.001309 0.507813
vt 0.001309 0.273438
vt 0.262939 0.284180
vt 0.260010 0.505371
vt 0.513672 0.759155
vt 0.513672 0.996283
vt 0.665527 0.996283
vt 0.657227 0.742188
vt 0.604492 0.693359
vt 0.276123 0.277832
vt 0.361572 0.198242
vt 0.458496 0.280273
vt 0.458984 0.381348
vt 0.277588 0.379883
vt 0.279541 0.504883
vt 0.459717 0.504883
vt 0.046326 0.190918
vt 0.055359 0.003906
vt 0.285400 0.003906
vt 0.285400 0.190430
vt 0.573730 0.292969
vt 0.749023 0.340820
vt 0.643066 0.430664
vt 0.589355 0.197266
vt 0.767090 0.194336
vt 0.276123 0.277832
vt 0.458496 0.280273
vt 0.361572 0.198242
vt 0.279541 0.504883
vt 0.459717 0.504883
vt 0.513672 0.996283
vt 0.665527 0.996283
vt 0.657227 0.742188
vt 0.513672 0.759155
vt 0.604492 0.693359
vt 0.285400 0.003906
vt 0.055359 0.003906
vt 0.046326 0.190918
vt 0.285400 0.190430
vt 0.285400 0.003906
vt 0.055359 0.003906
vt 0.046326 0.190918
vt 0.285400 0.190430
vt 0.573730 0.292969
vt 0.643066 0.430664
vt 0.749023 0.340820
vt 0.767090 0.194336
vt 0.589355 0.197266
vt 0.046326 0.190918
vt 0.055359 0.003906
vt 0.285400 0.003906
vt 0.285400 0.190430
vt 0.001309 0.507813
vt 0.001309 0.273438
vt 0.262939 0.284180
vt 0.260010 0.505371
vt 0.669922 0.542480
vt 0.507813 0.498535
vt 0.646484 0.490234
vt 0.502441 0.697754
vt 0.664551 0.698486
vt 0.046326 0.190918
vt 0.055359 0.003906
vt 0.285400 0.003906
vt 0.285400 0.190430
vt 0.573730 0.292969
vt 0.749023 0.340820
vt 0.643066 0.430664
vt 0.767090 0.194336
vt 0.589355 0.197266
vt 0.262939 0.284180
vt 0.001309 0.273438
vt 0.001309 0.507813
vt 0.260010 0.505371
vt 0.669922 0.542480
vt 0.646484 0.490234
vt 0.507813 0.498535
vt 0.502441 0.697754
vt 0.664551 0.698486
vt 0.285400 0.003906
vt 0.055359 0.003906
vt 0.046326 0.190918
vt 0.285400 0.190430
vt 0.573730 0.292969
vt 0.643066 0.430664
vt 0.749023 0.340820
vt 0.767090 0.194336
vt 0.589355 0.197266
vt 0.673340 0.086426
vt 0.671387 0.168945
vt 0.530762 0.169434
vt 0.520996 0.123535
vt 0.555176 0.086426
vt 0.671387 0.168945
vt 0.530762 0.169434
vt 0.520996 0.123535
vt 0.673340 0.086426
vt 0.555176 0.086426
vt 0.986328 0.152344
vt 0.862793 0.149902
vt 0.867188 0.086914
vt 0.989258 0.086426
vt 0.573730 0.292969
vt 0.749023 0.340820
vt 0.643066 0.430664
vt 0.767090 0.194336
vt 0.589355 0.197266
vt 0.573730 0.292969
vt 0.749023 0.340820
vt 0.643066 0.430664
vt 0.589355 0.197266
vt 0.767090 0.194336
vt 0.198975 0.735596
vt 0.180298 0.513428
vt 0.337158 0.512939
vt 0.308594 0.740479
vt 0.055359 0.003906
vt 0.285400 0.003906
vt 0.285400 0.190430
vt 0.046326 0.190918
vt 0.046326 0.190918
vt 0.055359 0.003906
vt 0.285400 0.003906
vt 0.285400 0.190430
vt 0.485352 0.558350
vt 0.472168 0.713867
vt 0.339355 0.716309
vt 0.337402 0.539307
vt 0.418457 0.505859
vt 0.285400 0.003906
vt 0.055359 0.003906
vt 0.046326 0.190918
vt 0.285400 0.190430
vt 0.520996 0.123535
vt 0.530762 0.169434
vt 0.671387 0.168945
vt 0.673340 0.086426
vt 0.555176 0.086426
vt 0.862793 0.149902
vt 0.986328 0.152344
vt 0.989258 0.086426
vt 0.867188 0.086914
vt 0.337402 0.539307
vt 0.339355 0.716309
vt 0.472168 0.713867
vt 0.485352 0.558350
vt 0.418457 0.505859
vt 0.573730 0.292969
vt 0.643066 0.430664
vt 0.749023 0.340820
vt 0.767090 0.194336
vt 0.589355 0.197266
vt 0.055359 0.003906
vt 0.046326 0.190918
vt 0.285400 0.190430
vt 0.285400 0.003906
vt 0.573730 0.292969
vt 0.643066 0.430664
vt 0.749023 0.340820
vt 0.767090 0.194336
vt 0.589355 0.197266
vt 0.337158 0.512939
vt 0.180298 0.513428
vt 0.198975 0.735596
vt 0.308594 0.740479
vt 0.055359 0.003906
vt 0.046326 0.190918
vt 0.285400 0.190430
vt 0.285400 0.003906
vt 0.285400 0.003906
vt 0.055359 0.003906
vt 0.046326 0.190918
vt 0.285400 0.190430
vt 0.339355 0.716309
vt 0.472168 0.713867
vt 0.485352 0.558350
vt 0.337402 0.539307
vt 0.418457 0.505859
vt 0.180298 0.513428
vt 0.337158 0.512939
vt 0.308594 0.740479
vt 0.198975 0.735596
vt 0.485352 0.558350
vt 0.472168 0.713867
vt 0.339355 0.716309
vt 0.337402 0.539307
vt 0.418457 0.505859
vt 0.472168 0.713867
vt 0.339355 0.716309
vt 0.337402 0.539307
vt 0.485352 0.558350
vt 0.418457 0.505859
vt 0.657227 0.742188
vt 0.665527 0.996283
vt 0.513672 0.996283
vt 0.513672 0.759155
vt 0.604492 0.693359
vt 0.046326 0.190918
vt 0.055359 0.003906
vt 0.285400 0.003906
vt 0.285400 0.190430
vt 0.485352 0.558350
vt 0.472168 0.713867
vt 0.339355 0.716309
vt 0.337402 0.539307
vt 0.418457 0.505859
vt 0.669922 0.542480
vt 0.507813 0.498535
vt 0.646484 0.490234
vt 0.502441 0.697754
vt 0.664551 0.698486
vt 0.669922 0.542480
vt 0.507813 0.498535
vt 0.646484 0.490234
vt 0.502441 0.697754
vt 0.664551 0.698486
vt 0.676270 0.997665
vt 0.674316 0.652344
vt 0.826660 0.645264
vt 0.826660 0.997665
vt 0.676270 0.997665
vt 0.674316 0.652344
vt 0.826660 0.645264
vt 0.826660 0.997665
vt 0.180298 0.513428
vt 0.198975 0.735596
vt 0.308594 0.740479
vt 0.337158 0.512939
vt 0.339355 0.716309
vt 0.472168 0.713867
vt 0.485352 0.558350
vt 0.337402 0.539307
vt 0.418457 0.505859
vt 0.285400 0.003906
vt 0.055359 0.003906
vt 0.046326 0.190918
vt 0.285400 0.190430
vt 0.669922 0.542480
vt 0.646484 0.490234
vt 0.507813 0.498535
vt 0.502441 0.697754
vt 0.664551 0.698486
vt 0.669922 0.542480
vt 0.646484 0.490234
vt 0.507813 0.498535
vt 0.502441 0.697754
vt 0.664551 0.698486
vt 0.826660 0.645264
vt 0.674316 0.652344
vt 0.676270 0.997665
vt 0.826660 0.997665
vt 0.826660 0.645264
vt 0.674316 0.652344
vt 0.676270 0.997665
vt 0.826660 0.997665
vt 0.472168 0.713867
vt 0.339355 0.716309
vt 0.337402 0.539307
vt 0.485352 0.558350
vt 0.418457 0.505859
vt 0.671387 0.168945
vt 0.530762 0.169434
vt 0.520996 0.123535
vt 0.673340 0.086426
vt 0.555176 0.086426
vt 0.849609 0.240723
vt 0.850586 0.165527
vt 0.986816 0.166016
vt 0.986816 0.239746
vt 0.989258 0.086426
vt 0.986328 0.152344
vt 0.862793 0.149902
vt 0.867188 0.086914
vt 0.472168 0.713867
vt 0.339355 0.716309
vt 0.337402 0.539307
vt 0.485352 0.558350
vt 0.418457 0.505859
vt 0.055359 0.003906
vt 0.285400 0.003906
vt 0.285400 0.190430
vt 0.046326 0.190918
vt 0.669922 0.542480
vt 0.507813 0.498535
vt 0.646484 0.490234
vt 0.502441 0.697754
vt 0.664551 0.698486
vt 0.987793 0.072266
vt 0.987793 0.007813
vt 0.859375 0.007813
vt 0.859375 0.072266
vt 0.987793 0.072266
vt 0.987793 0.007813
vt 0.859375 0.007813
vt 0.859375 0.072266
vt 0.520996 0.123535
vt 0.530762 0.169434
vt 0.671387 0.168945
vt 0.673340 0.086426
vt 0.555176 0.086426
vt 0.850586 0.165527
vt 0.849609 0.240723
vt 0.986816 0.239746
vt 0.986816 0.166016
vt 0.986328 0.152344
vt 0.989258 0.086426
vt 0.867188 0.086914
vt 0.862793 0.149902
vt 0.530762 0.169434
vt 0.671387 0.168945
vt 0.673340 0.086426
vt 0.520996 0.123535
vt 0.555176 0.086426
vt 0.337402 0.539307
vt 0.339355 0.716309
vt 0.472168 0.713867
vt 0.485352 0.558350
vt 0.418457 0.505859
vt 0.669922 0.542480
vt 0.646484 0.490234
vt 0.507813 0.498535
vt 0.502441 0.697754
vt 0.664551 0.698486
vt 0.676270 0.997665
vt 0.674316 0.652344
vt 0.826660 0.645264
vt 0.826660 0.997665
vt 0.676270 0.997665
vt 0.674316 0.652344
vt 0.826660 0.645264
vt 0.826660 0.997665
vt 0.682129 0.637451
vt 0.812012 0.648926
vt 0.791504 0.289551
vt 0.703613 0.324707
vt 0.337158 0.512939
vt 0.180298 0.513428
vt 0.198975 0.735596
vt 0.308594 0.740479
vt 0.198975 0.735596
vt 0.180298 0.513428
vt 0.337158 0.512939
vt 0.308594 0.740479
vt 0.674316 0.652344
vt 0.676270 0.997665
vt 0.826660 0.997665
vt 0.826660 0.645020
vt 0.826660 0.645020
vt 0.674316 0.652344
vt 0.676270 0.997665
vt 0.826660 0.997665
vt 0.987793 0.072266
vt 0.859375 0.072266
vt 0.859375 0.007813
vt 0.987793 0.007813
vt 0.987793 0.007813
vt 0.987793 0.072266
vt 0.859375 0.072266
vt 0.859375 0.007813
vt 0.987793 0.072266
vt 0.859375 0.072266
vt 0.859375 0.007813
vt 0.987793 0.007813
vt 0.987793 0.007813
vt 0.987793 0.072266
vt 0.859375 0.072266
vt 0.859375 0.007813
vt 0.989258 0.086426
vt 0.986328 0.152344
vt 0.862793 0.149902
vt 0.867188 0.086914
vt 0.989258 0.086426
vt 0.986328 0.152344
vt 0.862793 0.149902
vt 0.867188 0.086914
vt 0.430420 0.916260
vt 0.424805 0.839355
vt 0.521484 0.836548
vt 0.500977 0.903320
vt 0.424805 0.839355
vt 0.521484 0.836548
vt 0.500977 0.903320
vt 0.430420 0.916260
vt 0.424805 0.839355
vt 0.521484 0.836548
vt 0.500977 0.903320
vt 0.430420 0.916260
vt 0.849609 0.240723
vt 0.850586 0.165527
vt 0.986816 0.166016
vt 0.986816 0.239746
vt 0.850586 0.165527
vt 0.986816 0.166016
vt 0.986816 0.239746
vt 0.849609 0.240723
vt 0.673340 0.086426
vt 0.671387 0.168945
vt 0.530762 0.169434
vt 0.520996 0.123535
vt 0.555176 0.086426
vt 0.001309 0.507813
vt 0.001309 0.273438
vt 0.262939 0.284180
vt 0.260010 0.505371
vt 0.472168 0.713867
vt 0.339355 0.716309
vt 0.337402 0.539307
vt 0.485352 0.558350
vt 0.418457 0.505859
vt 0.472168 0.713867
vt 0.339355 0.716309
vt 0.337402 0.539307
vt 0.485352 0.558350
vt 0.418457 0.505859
vt 0.485352 0.558350
vt 0.472168 0.713867
vt 0.339355 0.716309
vt 0.337402 0.539307
vt 0.418457 0.505859
vt 0.424805 0.839355
vt 0.521484 0.836548
vt 0.500977 0.903320
vt 0.430420 0.916260
vt 0.046326 0.190918
vt 0.055359 0.003906
vt 0.285400 0.003906
vt 0.285400 0.190430
vt 0.850586 0.165527
vt 0.986816 0.166016
vt 0.986816 0.239746
vt 0.849609 0.240723
vt 0.671387 0.168945
vt 0.530762 0.169434
vt 0.520996 0.123535
vt 0.673340 0.086426
vt 0.555176 0.086426
vt 0.673340 0.086426
vt 0.671387 0.168945
vt 0.530762 0.169434
vt 0.520996 0.123535
vt 0.555176 0.086426
vt 0.986328 0.152344
vt 0.862793 0.149902
vt 0.867188 0.086914
vt 0.989258 0.086426
vt 0.989258 0.086426
vt 0.986328 0.152344
vt 0.862793 0.149902
vt 0.867188 0.086914
vt 0.986328 0.152344
vt 0.862793 0.149902
vt 0.867188 0.086914
vt 0.989258 0.086426
vt 0.989258 0.086426
vt 0.986328 0.152344
vt 0.862793 0.149902
vt 0.867188 0.086914
vt 0.485352 0.558350
vt 0.472168 0.713867
vt 0.339355 0.716309
vt 0.337402 0.539307
vt 0.418457 0.505859
vt 0.850586 0.165527
vt 0.986816 0.166016
vt 0.986816 0.239746
vt 0.849609 0.240723
vt 0.987793 0.072266
vt 0.987793 0.007813
vt 0.859375 0.007813
vt 0.859375 0.072266
vt 0.987793 0.072266
vt 0.987793 0.007813
vt 0.859375 0.007813
vt 0.859375 0.072266
vt 0.987793 0.072266
vt 0.987793 0.007813
vt 0.859375 0.007813
vt 0.859375 0.072266
vt 0.862793 0.149902
vt 0.986328 0.152344
vt 0.989258 0.086426
vt 0.867188 0.086914
vt 0.862793 0.149902
vt 0.986328 0.152344
vt 0.989258 0.086426
vt 0.867188 0.086914
vt 0.424805 0.839355
vt 0.430420 0.916260
vt 0.500977 0.903320
vt 0.521484 0.836548
vt 0.424805 0.839355
vt 0.430420 0.916260
vt 0.500977 0.903320
vt 0.521484 0.836548
vt 0.424805 0.839355
vt 0.430420 0.916260
vt 0.500977 0.903320
vt 0.521484 0.836548
vt 0.986816 0.166016
vt 0.850586 0.165527
vt 0.849609 0.240723
vt 0.986816 0.239746
vt 0.986816 0.166016
vt 0.850586 0.165527
vt 0.849609 0.240723
vt 0.986816 0.239746
vt 0.986816 0.166016
vt 0.850586 0.165527
vt 0.849609 0.240723
vt 0.986816 0.239746
vt 0.530762 0.169434
vt 0.671387 0.168945
vt 0.673340 0.086426
vt 0.520996 0.123535
vt 0.555176 0.086426
vt 0.262939 0.284180
vt 0.001309 0.273438
vt 0.001309 0.507813
vt 0.260010 0.505371
vt 0.337402 0.539307
vt 0.339355 0.716309
vt 0.472168 0.713867
vt 0.485352 0.558350
vt 0.418457 0.505859
vt 0.339355 0.716309
vt 0.472168 0.713867
vt 0.485352 0.558350
vt 0.337402 0.539307
vt 0.418457 0.505859
vt 0.339355 0.716309
vt 0.472168 0.713867
vt 0.485352 0.558350
vt 0.337402 0.539307
vt 0.418457 0.505859
vt 0.521484 0.836548
vt 0.424805 0.839355
vt 0.430420 0.916260
vt 0.500977 0.903320
vt 0.285400 0.003906
vt 0.055359 0.003906
vt 0.046326 0.190918
vt 0.285400 0.190430
vt 0.986816 0.166016
vt 0.850586 0.165527
vt 0.849609 0.240723
vt 0.986816 0.239746
vt 0.530762 0.169434
vt 0.671387 0.168945
vt 0.673340 0.086426
vt 0.520996 0.123535
vt 0.555176 0.086426
vt 0.530762 0.169434
vt 0.671387 0.168945
vt 0.673340 0.086426
vt 0.520996 0.123535
vt 0.555176 0.086426
vt 0.986328 0.152344
vt 0.989258 0.086426
vt 0.867188 0.086914
vt 0.862793 0.149902
vt 0.862793 0.149902
vt 0.986328 0.152344
vt 0.989258 0.086426
vt 0.867188 0.086914
vt 0.862793 0.149902
vt 0.986328 0.152344
vt 0.989258 0.086426
vt 0.867188 0.086914
vt 0.986328 0.152344
vt 0.989258 0.086426
vt 0.867188 0.086914
vt 0.862793 0.149902
vt 0.339355 0.716309
vt 0.472168 0.713867
vt 0.485352 0.558350
vt 0.337402 0.539307
vt 0.418457 0.505859
vt 0.339355 0.716309
vt 0.472168 0.713867
vt 0.485352 0.558350
vt 0.337402 0.539307
vt 0.418457 0.505859
vt 0.986816 0.166016
vt 0.850586 0.165527
vt 0.849609 0.240723
vt 0.986816 0.239746
vt 0.987793 0.007813
vt 0.987793 0.072266
vt 0.859375 0.072266
vt 0.859375 0.007813
vt 0.849609 0.240723
vt 0.850586 0.165527
vt 0.986816 0.166016
vt 0.986816 0.239746
vt 0.424805 0.839355
vt 0.521484 0.836548
vt 0.500977 0.903320
vt 0.430420 0.916260
vt 0.850586 0.165527
vt 0.986816 0.166016
vt 0.986816 0.239746
vt 0.849609 0.240723
vt 0.850586 0.165527
vt 0.986816 0.166016
vt 0.986816 0.239746
vt 0.849609 0.240723
vt 0.671387 0.168945
vt 0.530762 0.169434
vt 0.520996 0.123535
vt 0.673340 0.086426
vt 0.555176 0.086426
vt 0.671387 0.168945
vt 0.530762 0.169434
vt 0.520996 0.123535
vt 0.673340 0.086426
vt 0.555176 0.086426
vt 0.850586 0.165527
vt 0.986816 0.166016
vt 0.986816 0.239746
vt 0.849609 0.240723
vt 0.850586 0.165527
vt 0.986816 0.166016
vt 0.986816 0.239746
vt 0.849609 0.240723
vt 0.850586 0.165527
vt 0.986816 0.166016
vt 0.986816 0.239746
vt 0.849609 0.240723
vt 0.850586 0.165527
vt 0.986816 0.166016
vt 0.986816 0.239746
vt 0.849609 0.240723
vt 0.986328 0.152344
vt 0.862793 0.149902
vt 0.867188 0.086914
vt 0.989258 0.086426
vt 0.987793 0.072266
vt 0.859375 0.072266
vt 0.859375 0.007813
vt 0.987793 0.007813
vt 0.987793 0.007813
vt 0.987793 0.072266
vt 0.859375 0.072266
vt 0.859375 0.007813
vt 0.989258 0.086426
vt 0.986328 0.152344
vt 0.862793 0.149902
vt 0.867188 0.086914
vt 0.485352 0.558350
vt 0.472168 0.713867
vt 0.339355 0.716309
vt 0.337402 0.539307
vt 0.418457 0.505859
vt 0.472168 0.713867
vt 0.339355 0.716309
vt 0.337402 0.539307
vt 0.485352 0.558350
vt 0.418457 0.505859
vt 0.850586 0.165527
vt 0.986816 0.166016
vt 0.986816 0.239746
vt 0.849609 0.240723
vt 0.850586 0.165527
vt 0.986816 0.166016
vt 0.986816 0.239746
vt 0.849609 0.240723
vt 0.472168 0.713867
vt 0.339355 0.716309
vt 0.337402 0.539307
vt 0.485352 0.558350
vt 0.418457 0.505859
vt 0.859375 0.072266
vt 0.987793 0.072266
vt 0.987793 0.007813
vt 0.859375 0.007813
vt 0.986816 0.166016
vt 0.850586 0.165527
vt 0.849609 0.240723
vt 0.986816 0.239746
vt 0.424805 0.839355
vt 0.430420 0.916260
vt 0.500977 0.903320
vt 0.521484 0.836548
vt 0.986816 0.166016
vt 0.850586 0.165527
vt 0.849609 0.240723
vt 0.986816 0.239746
vt 0.986816 0.166016
vt 0.850586 0.165527
vt 0.849609 0.240723
vt 0.986816 0.239746
vt 0.520996 0.123535
vt 0.530762 0.169434
vt 0.671387 0.168945
vt 0.673340 0.086426
vt 0.555176 0.086426
vt 0.520996 0.123535
vt 0.530762 0.169434
vt 0.671387 0.168945
vt 0.673340 0.086426
vt 0.555176 0.086426
vt 0.850586 0.165527
vt 0.849609 0.240723
vt 0.986816 0.239746
vt 0.986816 0.166016
vt 0.850586 0.165527
vt 0.849609 0.240723
vt 0.986816 0.239746
vt 0.986816 0.166016
vt 0.850586 0.165527
vt 0.849609 0.240723
vt 0.986816 0.239746
vt 0.986816 0.166016
vt 0.850586 0.165527
vt 0.849609 0.240723
vt 0.986816 0.239746
vt 0.986816 0.166016
vt 0.987793 0.072266
vt 0.987793 0.007813
vt 0.859375 0.007813
vt 0.859375 0.072266
vt 0.987793 0.072266
vt 0.987793 0.007813
vt 0.859375 0.007813
vt 0.859375 0.072266
vt 0.862793 0.149902
vt 0.986328 0.152344
vt 0.989258 0.086426
vt 0.867188 0.086914
vt 0.850586 0.165527
vt 0.849609 0.240723
vt 0.986816 0.239746
vt 0.986816 0.166016
vt 0.337402 0.539307
vt 0.339355 0.716309
vt 0.472168 0.713867
vt 0.485352 0.558350
vt 0.418457 0.505859
vt 0.682129 0.637451
vt 0.812012 0.648926
vt 0.791504 0.289551
vt 0.702637 0.325684
vt 0.485352 0.558350
vt 0.472168 0.713867
vt 0.339355 0.716309
vt 0.337402 0.539307
vt 0.418457 0.505859
vt 0.337402 0.539307
vt 0.418457 0.505859
vt 0.485352 0.558350
vt 0.338379 0.627686
vt 0.478760 0.635742
vt 0.339355 0.716309
vt 0.472168 0.713867
vt 0.850586 0.165527
vt 0.986816 0.166016
vt 0.986816 0.239746
vt 0.849609 0.240723
vt 0.850586 0.165527
vt 0.986816 0.166016
vt 0.986816 0.239746
vt 0.849609 0.240723
vt 0.850586 0.165527
vt 0.986816 0.166016
vt 0.986816 0.239746
vt 0.849609 0.240723
vt 0.986328 0.152344
vt 0.862793 0.149902
vt 0.867188 0.086914
vt 0.989258 0.086426
vt 0.986328 0.152344
vt 0.862793 0.149902
vt 0.867188 0.086914
vt 0.989258 0.086426
vt 0.989258 0.086426
vt 0.986328 0.152344
vt 0.862793 0.149902
vt 0.867188 0.086914
vt 0.424805 0.839355
vt 0.521484 0.836548
vt 0.500977 0.903320
vt 0.430420 0.916260
vt 0.485352 0.558350
vt 0.472168 0.713867
vt 0.339355 0.716309
vt 0.337402 0.539307
vt 0.418457 0.505859
vt 0.987793 0.072266
vt 0.859375 0.072266
vt 0.859375 0.007813
vt 0.987793 0.007813
vt 0.987793 0.072266
vt 0.859375 0.072266
vt 0.859375 0.007813
vt 0.987793 0.007813
vt 0.986328 0.152344
vt 0.862793 0.149902
vt 0.867188 0.086914
vt 0.989258 0.086426
vt 0.671387 0.168945
vt 0.530762 0.169434
vt 0.520996 0.123535
vt 0.673340 0.086426
vt 0.555176 0.086426
vt 0.673340 0.086426
vt 0.671387 0.168945
vt 0.530762 0.169434
vt 0.520996 0.123535
vt 0.555176 0.086426
vt 0.337402 0.539307
vt 0.339355 0.716309
vt 0.472168 0.713867
vt 0.485352 0.558350
vt 0.418457 0.505859
vt 0.485352 0.558350
vt 0.472168 0.713867
vt 0.339355 0.716309
vt 0.337402 0.539307
vt 0.418457 0.505859
vt 0.430420 0.916260
vt 0.424805 0.839355
vt 0.521484 0.836548
vt 0.500977 0.903320
vt 0.424805 0.839355
vt 0.521484 0.836548
vt 0.500977 0.903320
vt 0.430420 0.916260
vt 0.339355 0.716309
vt 0.472168 0.713867
vt 0.485352 0.558350
vt 0.337402 0.539307
vt 0.418457 0.505859
vt 0.987793 0.072266
vt 0.987793 0.007813
vt 0.859375 0.007813
vt 0.859375 0.072266
vt 0.986328 0.152344
vt 0.989258 0.086426
vt 0.867188 0.086914
vt 0.862793 0.149902
vt 0.472168 0.713867
vt 0.339355 0.716309
vt 0.337402 0.539307
vt 0.485352 0.558350
vt 0.418457 0.505859
vt 0.339355 0.716309
vt 0.472168 0.713867
vt 0.485352 0.558350
vt 0.337402 0.539307
vt 0.418457 0.505859
vt 0.521484 0.836548
vt 0.424805 0.839355
vt 0.430420 0.916260
vt 0.500977 0.903320
vt 0.424805 0.839355
vt 0.430420 0.916260
vt 0.500977 0.903320
vt 0.521484 0.836548
vt 0.424805 0.839355
vt 0.430420 0.916260
vt 0.500977 0.903320
vt 0.521484 0.836548
vt 0.521484 0.836548
vt 0.424805 0.839355
vt 0.430420 0.916260
vt 0.500977 0.903320
vt 0.521484 0.836548
vt 0.424805 0.839355
vt 0.430420 0.916260
vt 0.500977 0.903320
vt 0.424805 0.839355
vt 0.430420 0.916260
vt 0.500977 0.903320
vt 0.521484 0.836548
vt 0.520996 0.123535
vt 0.530762 0.169434
vt 0.671387 0.168945
vt 0.673340 0.086426
vt 0.555176 0.086426
vt 0.424805 0.839355
vt 0.521484 0.836548
vt 0.500977 0.903320
vt 0.430420 0.916260
vt 0.424805 0.839355
vt 0.521484 0.836548
vt 0.500977 0.903320
vt 0.430420 0.916260
vt 0.989258 0.086426
vt 0.986328 0.152344
vt 0.862793 0.149902
vt 0.867188 0.086914
vt 0.424805 0.839355
vt 0.521484 0.836548
vt 0.500977 0.903320
vt 0.430420 0.916260
vt 0.424805 0.839355
vt 0.521484 0.836548
vt 0.500977 0.903320
vt 0.430420 0.916260
vt 0.850586 0.165527
vt 0.986816 0.166016
vt 0.986816 0.239746
vt 0.849609 0.240723
vt 0.986328 0.152344
vt 0.989258 0.086426
vt 0.867188 0.086914
vt 0.862793 0.149902
vt 0.986816 0.166016
vt 0.850586 0.165527
vt 0.849609 0.240723
vt 0.986816 0.239746
vt 0.424805 0.839355
vt 0.521484 0.836548
vt 0.500977 0.903320
vt 0.430420 0.916260
vt 0.180298 0.513672
vt 0.337158 0.512939
vt 0.308594 0.740479
vt 0.198975 0.735840
vt 0.180298 0.513672
vt 0.337158 0.512939
vt 0.308594 0.740479
vt 0.198975 0.735840
vt 0.180298 0.513672
vt 0.337158 0.512939
vt 0.308594 0.740479
vt 0.198975 0.735840
vt 0.180298 0.513672
vt 0.337158 0.512939
vt 0.308594 0.740479
vt 0.198975 0.735840
vt 0.180298 0.513672
vt 0.337158 0.512939
vt 0.308594 0.740479
vt 0.198975 0.735840
vt 0.198975 0.735840
vt 0.180298 0.513672
vt 0.337158 0.512939
vt 0.308594 0.740479
vt 0.180298 0.513672
vt 0.337158 0.512939
vt 0.308594 0.740479
vt 0.198975 0.735840
vt 0.180298 0.513672
vt 0.337158 0.512939
vt 0.308594 0.740479
vt 0.198975 0.735840
vt 0.665527 0.996283
vt 0.513672 0.996283
vt 0.513672 0.759155
vt 0.657227 0.742188
vt 0.604492 0.693359
vt 0.676270 0.997665
vt 0.674316 0.652344
vt 0.826660 0.645020
vt 0.826660 0.997665
vt 0.475098 0.491211
vt 0.591309 0.491211
vt 0.595215 0.300293
vt 0.478027 0.267090
vt 0.586426 0.219727
vt 0.540527 0.174805
vt 0.512207 0.168457
vt 0.665527 0.996283
vt 0.513672 0.996283
vt 0.513672 0.759155
vt 0.657227 0.742188
vt 0.604492 0.693359
vt 0.665527 0.996283
vt 0.513672 0.996283
vt 0.513672 0.759155
vt 0.657227 0.742188
vt 0.604492 0.693359
vt 0.676270 0.997665
vt 0.674316 0.652344
vt 0.826660 0.645020
vt 0.826660 0.997665
vt 0.478027 0.267090
vt 0.475098 0.491211
vt 0.591309 0.491211
vt 0.595215 0.300293
vt 0.586426 0.219727
vt 0.540527 0.174805
vt 0.512207 0.168457
vt 0.475098 0.491211
vt 0.591309 0.491211
vt 0.595215 0.300293
vt 0.478027 0.267090
vt 0.586426 0.219727
vt 0.540527 0.174805
vt 0.512207 0.168457
vt 0.665527 0.996283
vt 0.513672 0.996283
vt 0.513672 0.759155
vt 0.657227 0.742188
vt 0.604492 0.693359
vt 0.665527 0.996283
vt 0.513672 0.996283
vt 0.513672 0.759155
vt 0.657227 0.742188
vt 0.604492 0.693359
vt 0.665527 0.996283
vt 0.513672 0.996283
vt 0.513672 0.759155
vt 0.657227 0.742188
vt 0.604492 0.693359
vt 0.665527 0.996283
vt 0.513672 0.996283
vt 0.513672 0.759155
vt 0.657227 0.742188
vt 0.604492 0.693359
vt 0.424805 0.839355
vt 0.521484 0.836548
vt 0.500977 0.903320
vt 0.430420 0.916260
vt 0.424805 0.839355
vt 0.521484 0.836548
vt 0.500977 0.903320
vt 0.430420 0.916260
vt 0.424805 0.839355
vt 0.521484 0.836548
vt 0.500977 0.903320
vt 0.430420 0.916260
vt 0.424805 0.839355
vt 0.521484 0.836548
vt 0.500977 0.903320
vt 0.430420 0.916260
vt 0.424805 0.839355
vt 0.521484 0.836548
vt 0.500977 0.903320
vt 0.430420 0.916260
vt 0.424805 0.839355
vt 0.521484 0.836548
vt 0.500977 0.903320
vt 0.430420 0.916260
vt 0.424805 0.839355
vt 0.521484 0.836548
vt 0.500977 0.903320
vt 0.430420 0.916260
vt 0.424805 0.839355
vt 0.521484 0.836548
vt 0.500977 0.903320
vt 0.430420 0.916260
vt 0.424805 0.839355
vt 0.521484 0.836548
vt 0.500977 0.903320
vt 0.430420 0.916260
vt 0.424805 0.839355
vt 0.521484 0.836548
vt 0.500977 0.903320
vt 0.430420 0.916260
vt 0.424805 0.839355
vt 0.521484 0.836548
vt 0.500977 0.903320
vt 0.430420 0.916260
vt 0.424805 0.839355
vt 0.521484 0.836548
vt 0.500977 0.903320
vt 0.430420 0.916260
vt 0.424805 0.839355
vt 0.521484 0.836548
vt 0.500977 0.903320
vt 0.430420 0.916260
vt 0.424805 0.839355
vt 0.521484 0.836548
vt 0.500977 0.903320
vt 0.430420 0.916260
vt 0.424805 0.839355
vt 0.521484 0.836548
vt 0.500977 0.903320
vt 0.430420 0.916260
vt 0.276123 0.277832
vt 0.361572 0.198242
vt 0.458496 0.280273
vt 0.279541 0.504883
vt 0.459717 0.504883
vt 0.276123 0.277832
vt 0.361572 0.198242
vt 0.458496 0.280273
vt 0.279541 0.504883
vt 0.459717 0.504883
vt 0.276123 0.277832
vt 0.361572 0.198242
vt 0.458496 0.280273
vt 0.279541 0.504883
vt 0.459717 0.504883
vt 0.276123 0.277832
vt 0.361572 0.198242
vt 0.458496 0.280273
vt 0.459717 0.504883
vt 0.279541 0.504883
vt 0.276123 0.277832
vt 0.361572 0.198242
vt 0.458496 0.280273
vt 0.279541 0.504883
vt 0.459717 0.504883
vt 0.276123 0.277832
vt 0.361572 0.198242
vt 0.458496 0.280273
vt 0.279541 0.504883
vt 0.459717 0.504883
vt 0.276123 0.277832
vt 0.361572 0.198242
vt 0.458496 0.280273
vt 0.279541 0.504883
vt 0.459717 0.504883
vt 0.276123 0.277832
vt 0.361572 0.198242
vt 0.458496 0.280273
vt 0.279541 0.504883
vt 0.459717 0.504883
vn -0.954348 0.089635 0.284931
vn -0.927285 0.095462 0.361980
vn -0.940336 -0.046634 0.337036
vn -0.944286 -0.121530 0.305866
vn -0.944286 -0.121530 0.305866
vn -0.940336 -0.046634 0.337036
vn -0.671956 -0.518257 0.529042
vn 0.135245 -0.299453 -0.944477
vn 0.235287 -0.394852 -0.888106
vn 0.118838 -0.283460 -0.951592
vn 0.023426 -0.188536 -0.981787
vn 0.102835 -0.235382 -0.966447
vn 0.277199 -0.057270 -0.959104
vn 0.103721 -0.234500 -0.966567
vn -0.113792 -0.428755 -0.896226
vn 0.239437 -0.206402 -0.948719
vn 0.216279 -0.224375 -0.950200
vn 0.256226 -0.193119 -0.947129
vn 0.277248 -0.176294 -0.944486
vn -0.622845 -0.177144 -0.762026
vn -0.639342 -0.194825 -0.743831
vn -0.606347 -0.159870 -0.778964
vn -0.591684 -0.144888 -0.793043
vn 0.732586 -0.287691 -0.616889
vn 0.743528 -0.308976 -0.593043
vn 0.738198 -0.298421 -0.604986
vn 0.723153 -0.270326 -0.635589
vn 0.994083 0.058565 0.091488
vn 0.992601 0.114253 0.041112
vn 0.994197 0.078351 0.073719
vn 0.991727 0.018805 0.126983
vn 0.198292 -0.012647 -0.980062
vn 0.239968 0.157715 -0.957884
vn 0.201655 -0.062146 -0.977483
vn 0.132404 -0.251251 -0.958823
vn 0.198292 -0.012647 -0.980062
vn 0.132404 -0.251251 -0.958823
vn 0.040799 -0.334487 -0.941517
vn 0.344465 -0.165709 -0.924058
vn 0.340892 -0.206990 -0.917032
vn 0.024161 -0.377338 -0.925760
vn 0.402635 -0.137288 -0.905006
vn 0.340892 -0.206990 -0.917032
vn 0.344465 -0.165709 -0.924058
vn 0.409710 -0.085294 -0.908219
vn 0.327254 -0.060711 -0.942984
vn 0.309220 -0.024233 -0.950682
vn 0.192299 -0.136642 -0.971777
vn 0.355787 -0.022689 -0.934292
vn 0.309220 -0.024233 -0.950682
vn 0.327254 -0.060711 -0.942984
vn 0.369070 -0.085182 -0.925490
vn 0.935224 -0.287459 -0.206695
vn 0.952372 -0.229130 -0.201216
vn 0.882441 -0.355009 -0.308653
vn 0.949203 -0.263549 -0.171917
vn 0.952372 -0.229130 -0.201216
vn 0.935224 -0.287459 -0.206695
vn 0.935363 -0.316511 -0.157847
vn 0.615848 -0.773283 0.150879
vn 0.676757 -0.732547 0.073306
vn 0.698650 -0.710471 0.084374
vn 0.586634 -0.790877 0.174283
vn 0.676757 -0.732547 0.073306
vn 0.615848 -0.773283 0.150879
vn 0.504676 -0.821451 0.265557
vn 0.561167 0.110594 -0.820281
vn 0.560699 0.106823 -0.821100
vn 0.561680 0.114670 -0.819369
vn 0.562018 0.117549 -0.818729
vn 0.967928 -0.199330 -0.152914
vn 0.945820 -0.204929 -0.251849
vn 0.735890 -0.588772 -0.334386
vn 0.997723 -0.067372 -0.003073
vn 0.945820 -0.204929 -0.251849
vn 0.967928 -0.199330 -0.152914
vn 0.984928 -0.115864 0.128423
vn 0.082922 -0.102701 -0.991250
vn 0.077327 -0.055307 -0.995471
vn 0.090741 -0.170949 -0.981093
vn 0.097398 -0.231736 -0.967890
vn 0.857846 0.337250 -0.387766
vn 0.867968 0.298586 -0.396835
vn 0.847320 0.372178 -0.378858
vn 0.834143 0.410525 -0.368342
vn 0.399288 0.412494 0.818790
vn 0.516190 0.538449 0.666049
vn 0.459808 0.477583 0.748660
vn 0.354877 0.364851 0.860782
vn 0.176095 -0.205243 -0.962739
vn 0.137441 -0.254233 -0.957327
vn 0.364555 0.061030 -0.929180
vn 0.407390 0.129600 -0.904012
vn 0.583468 0.059557 -0.809949
vn 0.575769 0.059058 -0.815477
vn 0.577424 0.059170 -0.814297
vn 0.587973 0.059836 -0.806664
vn 0.673399 0.680471 -0.288952
vn 0.676288 0.657216 -0.332718
vn 0.674631 0.672317 -0.304734
vn 0.670583 0.694952 -0.259541
vn -0.973613 -0.024144 -0.226923
vn -0.934659 0.268534 -0.233027
vn -0.980013 0.031335 -0.196450
vn -0.963792 -0.202765 -0.173179
vn -0.980013 0.031335 -0.196450
vn -0.992032 -0.067363 -0.106462
vn -0.963792 -0.202765 -0.173179
vn -0.284588 0.001279 -0.958649
vn -0.315933 0.246887 -0.916097
vn -0.281174 0.069166 -0.957161
vn -0.209111 -0.210144 -0.955046
vn -0.281174 0.069166 -0.957161
vn -0.109794 -0.304098 -0.946292
vn -0.209111 -0.210144 -0.955046
vn -0.589161 -0.229933 -0.774610
vn -0.312769 -0.449503 -0.836733
vn -0.588945 -0.250891 -0.768243
vn -0.589161 -0.229933 -0.774610
vn -0.588945 -0.250891 -0.768243
vn -0.642721 -0.182997 -0.743923
vn -0.644471 -0.155267 -0.748699
vn -0.876883 -0.398422 -0.268952
vn -0.837471 -0.443693 -0.319029
vn -0.894906 -0.391911 -0.213423
vn -0.909227 -0.378663 -0.172976
vn -0.876883 -0.398422 -0.268952
vn -0.894906 -0.391911 -0.213423
vn -0.917489 -0.378160 -0.123327
vn -0.601062 -0.772688 0.204151
vn -0.713842 -0.676013 0.182855
vn -0.636265 -0.755347 0.156900
vn -0.601062 -0.772688 0.204151
vn -0.636265 -0.755347 0.156900
vn -0.538515 -0.811844 0.225634
vn -0.481967 -0.827318 0.288536
vn -0.948087 -0.258400 0.185367
vn -0.861325 -0.449079 0.237588
vn -0.937506 -0.257482 0.234061
vn -0.948087 -0.258400 0.185367
vn -0.937506 -0.257482 0.234061
vn -0.978988 -0.146025 0.142333
vn -0.990672 -0.113405 0.075552
vn -0.797971 -0.080699 -0.597269
vn -0.795447 -0.050241 -0.603937
vn -0.797266 -0.071217 -0.599412
vn -0.799311 -0.102341 -0.592139
vn -0.744061 0.333223 0.579081
vn -0.753106 0.364047 0.547998
vn -0.728478 0.287907 0.621634
vn -0.715601 0.255013 0.650295
vn -0.423608 0.471327 0.773568
vn -0.439804 0.491970 0.751357
vn -0.406798 0.450058 0.794961
vn -0.383696 0.420889 0.821967
vn -0.319822 -0.106146 -0.941513
vn -0.284391 -0.177929 -0.942052
vn -0.293142 -0.160673 -0.942471
vn -0.328924 -0.086859 -0.940353
vn -0.831790 0.506547 -0.227013
vn -0.849531 0.387263 -0.358223
vn -0.843926 0.449260 -0.293181
vn -0.816042 0.552932 -0.168352
vn -0.638626 0.099021 -0.763120
vn -0.654772 0.100025 -0.749179
vn -0.594773 0.096234 -0.798113
vn -0.555482 0.093550 -0.826250
vn -0.932929 -0.011136 -0.359889
vn -0.942570 0.004627 -0.333975
vn -0.925404 -0.022476 -0.378314
vn -0.911826 -0.041333 -0.408492
vn 0.008938 0.173864 -0.984729
vn 0.028693 0.200331 -0.979308
vn 0.016585 0.184104 -0.982767
vn -0.003851 0.156623 -0.987651
vn -0.712676 0.149113 -0.685462
vn -0.715975 0.160633 -0.679395
vn -0.714073 0.153940 -0.682937
vn -0.711053 0.143587 -0.688322
vn 0.794885 -0.602220 -0.074094
vn 0.840816 -0.540734 -0.025212
vn 0.789176 -0.608976 -0.079687
vn 0.749515 -0.651711 -0.116190
vn 0.775009 -0.630354 -0.044901
vn 0.885839 -0.458597 0.070553
vn 0.795523 -0.605335 -0.026710
vn 0.684691 -0.719634 -0.115435
vn -0.129420 0.094461 -0.987080
vn -0.223845 0.204099 -0.953015
vn -0.073003 0.029548 -0.996894
vn 0.018727 -0.075172 -0.996995
vn -0.654535 -0.755105 0.037422
vn -0.521944 -0.852056 -0.039686
vn -0.678746 -0.732468 0.052866
vn -0.800638 -0.582385 0.140734
vn -0.965928 -0.107748 -0.235316
vn -0.970277 -0.100926 -0.219945
vn -0.964811 -0.109431 -0.239090
vn -0.961874 -0.113693 -0.248741
vn -0.843919 -0.439340 -0.307864
vn -0.849774 -0.426361 -0.310001
vn -0.705292 -0.546305 -0.451790
vn -0.576834 -0.609921 -0.543378
vn -0.843919 -0.439340 -0.307864
vn -0.705292 -0.546305 -0.451790
vn -0.404189 -0.658194 -0.635147
vn 0.117836 -0.030624 -0.992561
vn 0.167195 0.126964 -0.977715
vn 0.117004 -0.101012 -0.987981
vn 0.034709 -0.287358 -0.957194
vn 0.117836 -0.030624 -0.992561
vn 0.034709 -0.287358 -0.957194
vn -0.102530 -0.400236 -0.910658
vn 0.402339 -0.005601 -0.915474
vn 0.444806 0.059195 -0.893668
vn 0.337222 -0.098064 -0.936304
vn 0.294219 -0.155190 -0.943054
vn 0.553385 -0.548347 -0.626961
vn 0.533655 -0.551324 -0.641291
vn 0.437447 -0.653177 -0.618062
vn 0.533655 -0.551324 -0.641291
vn 0.553385 -0.548347 -0.626961
vn 0.561836 -0.508798 -0.652277
vn 0.545252 -0.514629 -0.661708
vn 0.324487 0.282878 -0.902601
vn 0.343777 0.334853 -0.877320
vn 0.289721 0.194073 -0.937229
vn 0.263699 0.130953 -0.955675
vn -0.000647 -0.496250 -0.868180
vn 0.014064 -0.480428 -0.876922
vn 0.046630 -0.692969 -0.719458
vn 0.061524 -0.687278 -0.723784
vn 0.046630 -0.692969 -0.719458
vn 0.166089 -0.834186 -0.525878
vn 0.061524 -0.687278 -0.723784
vn 0.166089 -0.834186 -0.525878
vn 0.123751 -0.787267 -0.604067
vn 0.061524 -0.687278 -0.723784
vn 0.061524 -0.687278 -0.723784
vn 0.123751 -0.787267 -0.604067
vn 0.035777 -0.845485 -0.532799
vn -0.149289 0.067249 -0.986504
vn -0.146758 -0.021783 -0.988932
vn -0.116450 0.289543 -0.950055
vn -0.166199 -0.085163 -0.982408
vn -0.146758 -0.021783 -0.988932
vn -0.149289 0.067249 -0.986504
vn -0.176615 -0.069925 -0.981793
vn -0.111162 -0.084085 -0.990239
vn -0.275796 0.372509 -0.886100
vn -0.062145 -0.185576 -0.980663
vn -0.013630 -0.295611 -0.955211
vn -0.111162 -0.084085 -0.990239
vn -0.062145 -0.185576 -0.980663
vn -0.003348 -0.297640 -0.954672
vn -0.053418 -0.611443 -0.789483
vn -0.076550 -0.624825 -0.777003
vn -0.047931 -0.657043 -0.752328
vn 0.006775 -0.603210 -0.797554
vn -0.047931 -0.657043 -0.752328
vn -0.025522 -0.686660 -0.726531
vn 0.006775 -0.603210 -0.797554
vn -0.025522 -0.686660 -0.726531
vn 0.113881 -0.558543 -0.821621
vn 0.006775 -0.603210 -0.797554
vn 0.006775 -0.603210 -0.797554
vn 0.113881 -0.558543 -0.821621
vn 0.432363 -0.225206 -0.873124
vn 0.809894 -0.526774 -0.258033
vn 0.749802 -0.592026 -0.295471
vn 0.758425 -0.580042 -0.297228
vn 0.809894 -0.526774 -0.258033
vn 0.758425 -0.580042 -0.297228
vn 0.811951 -0.523015 -0.259213
vn 0.871367 -0.445793 -0.204912
vn -0.969631 0.009504 -0.244389
vn -0.966713 -0.020450 -0.255043
vn -0.972163 0.054508 -0.227876
vn -0.972601 0.082181 -0.217472
vn -0.911483 0.333452 -0.240849
vn -0.938263 0.214683 -0.271244
vn -0.906583 0.375647 -0.192344
vn -0.890989 0.415837 -0.182260
vn -0.911483 0.333452 -0.240849
vn -0.906583 0.375647 -0.192344
vn -0.884256 0.451293 -0.120108
vn -0.972428 0.123028 -0.198111
vn -0.971866 0.060898 -0.227525
vn -0.967607 0.144990 -0.206677
vn -0.972428 0.123028 -0.198111
vn -0.967607 0.144990 -0.206677
vn -0.973547 0.147889 -0.174167
vn -0.978667 0.133444 -0.156217
vn 0.934588 0.109831 0.338352
vn 0.912324 0.251684 0.322985
vn 0.923652 0.018478 0.382787
vn 0.900078 -0.052662 0.432535
vn 0.923652 0.018478 0.382787
vn 0.870171 -0.131627 0.474845
vn 0.900078 -0.052662 0.432535
vn 0.870171 -0.131627 0.474845
vn 0.850793 0.080382 0.519317
vn 0.900078 -0.052662 0.432535
vn 0.900078 -0.052662 0.432535
vn 0.850793 0.080382 0.519317
vn 0.797780 0.225888 0.559037
vn -0.350801 -0.215116 -0.911407
vn -0.366583 -0.246786 -0.897058
vn -0.303927 -0.124848 -0.944479
vn -0.290617 -0.100156 -0.951583
vn 0.637052 0.280469 -0.717985
vn 0.673710 0.349436 -0.651160
vn 0.662016 0.362749 -0.655857
vn 0.606863 0.192680 -0.771097
vn 0.637052 0.280469 -0.717985
vn 0.606863 0.192680 -0.771097
vn 0.459948 -0.204945 -0.863971
vn 0.429424 0.245848 -0.868996
vn 0.438563 0.245401 -0.864547
vn 0.440192 0.252926 -0.861545
vn 0.403460 0.237632 -0.883601
vn 0.429424 0.245848 -0.868996
vn 0.403460 0.237632 -0.883601
vn 0.370122 0.219617 -0.902651
vn -0.028269 0.233723 -0.971892
vn -0.039989 0.210820 -0.976707
vn -0.027966 0.219270 -0.975263
vn -0.048273 0.206767 -0.977199
vn -0.039989 0.210820 -0.976707
vn -0.028269 0.233723 -0.971892
vn -0.024380 0.242240 -0.969910
vn 0.933251 -0.275591 -0.230419
vn 0.971749 -0.157088 -0.176144
vn 0.949747 -0.231661 -0.210506
vn 0.905905 -0.336264 -0.257416
vn 0.859262 0.016181 -0.511280
vn 0.918673 0.161077 -0.360686
vn 0.831106 -0.203839 -0.517409
vn 0.918673 0.161077 -0.360686
vn 0.859262 0.016181 -0.511280
vn 0.931030 0.329406 -0.157083
vn 0.921004 0.389003 -0.020691
vn 0.998764 0.014388 -0.047573
vn 0.998996 0.007560 -0.044161
vn 0.993146 0.116617 -0.007902
vn 0.998996 0.007560 -0.044161
vn 0.998764 0.014388 -0.047573
vn 0.997350 -0.038718 -0.061597
vn 0.998102 -0.033659 -0.051577
vn -0.517844 0.187684 -0.834633
vn -0.541718 0.164936 -0.824220
vn -0.489193 0.213991 -0.845517
vn -0.464010 0.236271 -0.853739
vn 0.829737 0.284175 -0.480398
vn 0.822996 0.267402 -0.501173
vn 0.836281 0.301932 -0.457680
vn 0.841434 0.317392 -0.437324
vn 0.640085 0.388258 -0.662983
vn 0.646559 0.403487 -0.647426
vn 0.632097 0.370192 -0.680744
vn 0.625487 0.355786 -0.694393
vn -0.938579 0.028691 0.343869
vn -0.826292 0.071996 0.558622
vn -0.941018 -0.165799 0.294952
vn -0.980943 -0.114609 0.156896
vn -0.980943 -0.114609 0.156896
vn -0.941018 -0.165799 0.294952
vn -0.917498 -0.225291 0.327782
vn -0.941018 -0.165799 0.294952
vn -0.914077 -0.314707 0.255779
vn -0.917498 -0.225291 0.327782
vn -0.841570 -0.514721 0.163778
vn -0.914077 -0.314707 0.255779
vn -0.941018 -0.165799 0.294952
vn -0.951444 -0.098658 0.291583
vn -0.956212 -0.100029 0.275051
vn -0.960058 -0.030728 0.278108
vn -0.950295 -0.053556 0.306710
vn -0.950295 -0.053556 0.306710
vn -0.960058 -0.030728 0.278108
vn -0.964161 0.032770 0.263288
vn -0.960058 -0.030728 0.278108
vn -0.975458 0.031047 0.217986
vn -0.964161 0.032770 0.263288
vn -0.983227 -0.005055 0.182316
vn -0.975458 0.031047 0.217986
vn -0.960058 -0.030728 0.278108
vn 0.394821 -0.176724 -0.901601
vn 0.398722 -0.183388 -0.898549
vn 0.397497 -0.181294 -0.899516
vn 0.393835 -0.175045 -0.902360
vn 0.373984 0.026124 -0.927067
vn 0.363052 0.020277 -0.931548
vn 0.435509 0.059604 -0.898209
vn 0.445651 0.065208 -0.892829
vn -0.695949 0.207154 -0.687563
vn -0.721311 0.159182 -0.674071
vn -0.680181 0.260050 -0.685367
vn -0.661911 0.314226 -0.680541
vn -0.680181 0.260050 -0.685367
vn -0.669580 0.350075 -0.655065
vn -0.661911 0.314226 -0.680541
vn 0.072521 0.115418 -0.990666
vn 0.184830 0.102983 -0.977360
vn 0.062305 0.176278 -0.982367
vn 0.072521 0.115418 -0.990666
vn 0.062305 0.176278 -0.982367
vn -0.060729 0.240384 -0.968776
vn 0.063040 0.096921 -0.993294
vn -0.873718 -0.419519 -0.246213
vn -0.819526 -0.506478 -0.268062
vn -0.917347 -0.330227 -0.222315
vn -0.942200 -0.265632 -0.204206
vn -0.926741 0.048766 -0.372523
vn -0.959772 -0.104242 -0.260715
vn -0.943939 -0.011618 -0.329916
vn -0.903340 0.110947 -0.414329
vn -0.954702 0.112224 -0.275592
vn -0.963805 -0.087640 -0.251792
vn -0.941950 0.209593 -0.262301
vn -0.929100 0.277521 -0.244449
vn -0.954702 0.112224 -0.275592
vn -0.941950 0.209593 -0.262301
vn -0.930848 0.292429 -0.219104
vn -0.997220 0.030311 -0.068073
vn -0.992185 0.034673 -0.119861
vn -0.990485 0.082344 -0.110266
vn -0.997220 0.030311 -0.068073
vn -0.990485 0.082344 -0.110266
vn -0.999982 -0.003653 -0.004679
vn -0.995643 -0.069665 0.061981
vn -0.137576 -0.358653 -0.923277
vn -0.132958 -0.365817 -0.921141
vn -0.135078 -0.362513 -0.922138
vn -0.138975 -0.356470 -0.923913
vn -0.797850 -0.012532 -0.602726
vn -0.901057 0.107885 -0.420068
vn -0.873754 0.069987 -0.481307
vn -0.732540 -0.069441 -0.677173
vn -0.985276 0.168437 -0.029337
vn -0.968742 0.245823 0.033321
vn -0.980808 0.194805 -0.008159
vn -0.991549 0.098219 -0.084752
vn -0.212354 0.146021 -0.966221
vn -0.206325 0.153318 -0.966397
vn -0.232826 0.120955 -0.964967
vn -0.236972 0.115841 -0.964586
vn -0.281153 -0.025536 -0.959323
vn -0.281479 0.008603 -0.959529
vn -0.223515 0.058189 -0.972962
vn -0.299343 -0.033986 -0.953540
vn -0.281479 0.008603 -0.959529
vn -0.281153 -0.025536 -0.959323
vn -0.297497 -0.081023 -0.951279
vn 0.182911 -0.071009 -0.980562
vn 0.191989 -0.077628 -0.978322
vn 0.201903 -0.065667 -0.977202
vn 0.182911 -0.071009 -0.980562
vn 0.201903 -0.065667 -0.977202
vn 0.183305 -0.067987 -0.980702
vn 0.162621 -0.073421 -0.983953
vn 0.194454 0.056108 -0.979306
vn 0.144224 0.106660 -0.983780
vn 0.157497 0.093412 -0.983091
vn 0.205561 0.044759 -0.977620
vn 0.306125 -0.142789 -0.941222
vn 0.304332 -0.088901 -0.948408
vn 0.302465 -0.087865 -0.949102
vn 0.306125 -0.142789 -0.941222
vn 0.302465 -0.087865 -0.949102
vn 0.304984 -0.134331 -0.942836
vn 0.308991 -0.211943 -0.927149
vn -0.415442 0.134016 -0.899693
vn -0.398997 0.086841 -0.912831
vn -0.413579 0.125372 -0.901795
vn -0.429435 0.167225 -0.887481
vn -0.413579 0.125372 -0.901795
vn -0.433882 0.169689 -0.884846
vn -0.429435 0.167225 -0.887481
vn 0.920692 -0.389942 0.016478
vn 0.969378 -0.221311 0.106437
vn 0.902271 -0.428849 0.044674
vn 0.760294 -0.648300 0.040732
vn 0.760294 -0.648300 0.040732
vn 0.902271 -0.428849 0.044674
vn 0.615485 -0.770563 0.165559
vn 0.893524 -0.414628 -0.172330
vn 0.914714 -0.282953 -0.288505
vn 0.748945 -0.602281 -0.276294
vn 0.932112 -0.344445 -0.111917
vn 0.914714 -0.282953 -0.288505
vn 0.893524 -0.414628 -0.172330
vn 0.892420 -0.446585 0.064408
vn -0.900401 -0.429574 0.068879
vn -0.866264 -0.471962 0.163826
vn -0.844147 -0.524555 0.110713
vn -0.913483 -0.405788 -0.029752
vn -0.844147 -0.524555 0.110713
vn -0.739988 -0.655764 0.149640
vn -0.913483 -0.405788 -0.029752
vn 0.787883 -0.346814 -0.508882
vn 0.509200 0.231621 -0.828895
vn 0.622844 0.069448 -0.779257
vn 0.795644 -0.467479 -0.385246
vn 0.263942 -0.087155 -0.960593
vn 0.216766 -0.092601 -0.971822
vn 0.247661 -0.114546 -0.962052
vn 0.263942 -0.087155 -0.960593
vn 0.247661 -0.114546 -0.962052
vn 0.279046 -0.077871 -0.957115
vn 0.293003 -0.040304 -0.955262
vn -0.873644 0.447923 -0.190029
vn -0.927818 -0.115649 -0.354654
vn -0.886823 0.263488 -0.379631
vn -0.791715 0.568631 -0.223265
vn -0.873644 0.447923 -0.190029
vn -0.886823 0.263488 -0.379631
vn -0.827448 0.287602 -0.482301
vn -0.713075 -0.686681 -0.141396
vn -0.244379 -0.940538 -0.235939
vn -0.830071 -0.497170 -0.252596
vn -0.713075 -0.686681 -0.141396
vn -0.830071 -0.497170 -0.252596
vn -0.872352 -0.483132 -0.074743
vn -0.800562 -0.589374 0.108349
vn 0.597145 0.310461 0.739616
vn 0.556053 0.239697 0.795833
vn 0.573145 0.268232 0.774310
vn 0.607806 0.330125 0.722212
vn 0.925959 0.197221 0.322030
vn 0.902090 0.258404 0.345630
vn 0.926828 0.129213 0.352555
vn 0.815893 -0.015746 0.577989
vn 0.815893 -0.015746 0.577989
vn 0.926828 0.129213 0.352555
vn 0.641346 -0.094297 0.761436
vn 0.554226 0.162770 0.816297
vn 0.599253 -0.049549 0.799025
vn 0.506422 0.222225 0.833158
vn 0.362938 0.321804 0.874482
vn 0.362938 0.321804 0.874482
vn 0.506422 0.222225 0.833158
vn 0.216206 0.232574 0.948243
vn 0.996979 0.017980 0.075566
vn 0.998356 -0.056067 0.011951
vn 0.967035 0.046115 0.250431
vn 0.885722 -0.025849 0.463496
vn 0.885722 -0.025849 0.463496
vn 0.967035 0.046115 0.250431
vn 0.580595 -0.357827 0.731348
vn 0.980983 0.177082 -0.079461
vn 0.973587 0.218882 -0.064960
vn 0.987443 0.133530 -0.084418
vn 0.994336 0.080893 -0.068934
vn 0.994336 0.080893 -0.068934
vn 0.987443 0.133530 -0.084418
vn 0.998412 0.055881 -0.007088
vn -0.941359 0.088635 0.325558
vn -0.912852 0.227065 0.339328
vn -0.939933 0.120853 0.319248
vn -0.926025 -0.037119 0.375632
vn -0.926025 -0.037119 0.375632
vn -0.894221 -0.069955 0.442126
vn -0.941359 0.088635 0.325558
vn -0.658939 0.070356 0.748899
vn -0.683251 0.060660 0.727660
vn -0.679882 0.088752 0.727931
vn -0.612607 0.049906 0.788811
vn -0.612607 0.049906 0.788811
vn -0.489682 -0.058428 0.869941
vn -0.658939 0.070356 0.748899
vn -0.980490 -0.118906 0.156529
vn -0.974611 -0.222584 0.024268
vn -0.985082 -0.147855 0.088045
vn -0.974761 -0.069346 0.212207
vn -0.974761 -0.069346 0.212207
vn -0.949316 -0.154427 0.273772
vn -0.980490 -0.118906 0.156529
vn -0.988566 0.150768 0.002553
vn -0.975690 0.218652 -0.014871
vn -0.983124 0.181809 -0.020322
vn -0.995319 0.068024 0.068656
vn -0.995319 0.068024 0.068656
vn -0.963371 -0.056764 0.262094
vn -0.988566 0.150768 0.002553
vn -0.920532 0.340977 -0.190674
vn -0.976119 0.172374 -0.132209
vn -0.876463 0.472525 -0.092369
vn -0.821393 0.568263 -0.048907
vn -0.920532 0.340977 -0.190674
vn -0.876463 0.472525 -0.092369
vn -0.751861 0.647265 0.125512
vn 0.867555 0.479576 -0.131741
vn 0.767931 0.581312 -0.268997
vn 0.935650 0.087125 -0.342008
vn 0.826379 0.561714 0.039696
vn 0.767931 0.581312 -0.268997
vn 0.867555 0.479576 -0.131741
vn 0.900815 0.392836 0.184966
vn 0.837305 0.389997 -0.383174
vn 0.710657 0.485160 -0.509496
vn 0.923088 -0.042069 -0.382281
vn 0.752351 0.572779 -0.325412
vn 0.710657 0.485160 -0.509496
vn 0.837305 0.389997 -0.383174
vn 0.852847 0.487098 -0.188118
vn -0.914166 0.303014 -0.269225
vn -0.981341 -0.157191 -0.110726
vn -0.692360 0.536003 -0.483052
vn -0.914166 0.303014 -0.269225
vn -0.692360 0.536003 -0.483052
vn -0.751949 0.553890 -0.357461
vn -0.858671 0.461090 -0.223785
vn 0.971851 0.024369 0.234331
vn 0.973956 0.005038 0.226682
vn 0.970877 0.118419 0.208267
vn 0.973726 0.045882 0.223052
vn 0.970877 0.118419 0.208267
vn 0.983588 0.069979 0.166308
vn 0.973726 0.045882 0.223052
vn 0.983588 0.069979 0.166308
vn 0.975196 -0.079978 0.206389
vn 0.973726 0.045882 0.223052
vn 0.973726 0.045882 0.223052
vn 0.975196 -0.079978 0.206389
vn 0.969046 -0.032470 0.244734
vn 0.525984 0.002081 -0.850492
vn 0.501868 -0.048404 -0.863589
vn 0.561966 0.085393 -0.822741
vn 0.577245 0.124541 -0.807018
vn 0.144241 -0.245323 -0.958651
vn 0.107765 -0.300808 -0.947577
vn 0.214870 -0.131604 -0.967735
vn 0.239651 -0.089529 -0.966722
vn 0.025096 -0.343689 -0.938748
vn 0.156128 -0.493740 -0.855479
vn 0.109108 -0.441611 -0.890548
vn -0.006522 -0.305307 -0.952232
vn 0.969575 0.211956 -0.122475
vn 0.947780 0.273754 -0.163619
vn 0.975590 -0.024053 -0.218280
vn 0.952618 0.301448 -0.040589
vn 0.947780 0.273754 -0.163619
vn 0.969575 0.211956 -0.122475
vn 0.967177 0.252515 0.028382
vn -0.992563 -0.108937 -0.054320
vn -0.772476 -0.634894 -0.013806
vn -0.998555 -0.028326 -0.045670
vn -0.992563 -0.108937 -0.054320
vn -0.998555 -0.028326 -0.045670
vn -0.976507 0.202511 -0.073651
vn -0.973248 0.212150 -0.088209
vn 0.018405 -0.305388 -0.952050
vn 0.011950 -0.370771 -0.928647
vn 0.042526 -0.293468 -0.955023
vn 0.018405 -0.305388 -0.952050
vn 0.042526 -0.293468 -0.955023
vn 0.027181 -0.284124 -0.958402
vn -0.005905 -0.301712 -0.953381
vn -0.212298 -0.298839 -0.930390
vn 0.108173 -0.120279 -0.986829
vn -0.144991 -0.321292 -0.935815
vn -0.212298 -0.298839 -0.930390
vn -0.144991 -0.321292 -0.935815
vn -0.311600 -0.355302 -0.881287
vn -0.399105 -0.354103 -0.845769
vn -0.381078 -0.109544 -0.918030
vn -0.297036 -0.243200 -0.923376
vn -0.340084 -0.176988 -0.923590
vn -0.409227 -0.060401 -0.910431
vn 0.302740 -0.189773 -0.933989
vn 0.598979 -0.097089 -0.794857
vn 0.376563 -0.169676 -0.910719
vn 0.216190 -0.211196 -0.953236
vn 0.155265 -0.689162 -0.707777
vn 0.089103 -0.616584 -0.782231
vn 0.121852 -0.629400 -0.767468
vn 0.080476 -0.555303 -0.827745
vn 0.155265 -0.689162 -0.707777
vn 0.080476 -0.555303 -0.827745
vn 0.073709 -0.599691 -0.796830
vn 0.073709 -0.599691 -0.796830
vn 0.080476 -0.555303 -0.827745
vn -0.175085 -0.159482 -0.971551
vn 0.080476 -0.555303 -0.827745
vn -0.134097 -0.198772 -0.970828
vn -0.175085 -0.159482 -0.971551
vn -0.112929 -0.337690 -0.934459
vn 0.027640 -0.358408 -0.933156
vn -0.227654 -0.315387 -0.921252
vn -0.470731 -0.250177 -0.846064
vn -0.349177 0.033255 -0.936467
vn -0.209265 0.017283 -0.977706
vn -0.492359 0.049797 -0.868967
vn -0.732730 0.078117 -0.676021
vn 0.666302 -0.134174 -0.733512
vn 0.362227 -0.108459 -0.925758
vn 0.313950 -0.281444 -0.906766
vn 0.396490 -0.283293 -0.873236
vn 0.666302 -0.134174 -0.733512
vn 0.313950 -0.281444 -0.906766
vn 0.124143 -0.351953 -0.927749
vn 0.483469 0.147362 -0.862868
vn 0.932846 0.207724 -0.294363
vn 0.637008 0.172620 -0.751281
vn 0.300820 0.114582 -0.946773
vn -0.301721 -0.151559 -0.941273
vn -0.079520 -0.186376 -0.979255
vn -0.083416 -0.108263 -0.990616
vn -0.079520 -0.186376 -0.979255
vn -0.301721 -0.151559 -0.941273
vn -0.122071 -0.204298 -0.971268
vn 0.010464 -0.216861 -0.976147
vn -0.166424 -0.263257 -0.950262
vn -0.042123 -0.453129 -0.890449
vn -0.068280 -0.443518 -0.893661
vn -0.171315 -0.269865 -0.947536
vn -0.171315 -0.269865 -0.947536
vn -0.278582 -0.003518 -0.960406
vn -0.166424 -0.263257 -0.950262
vn -0.278582 -0.003518 -0.960406
vn -0.261219 -0.118413 -0.957989
vn -0.166424 -0.263257 -0.950262
vn -0.166424 -0.263257 -0.950262
vn -0.261219 -0.118413 -0.957989
vn -0.226394 -0.038624 -0.973270
vn 0.011247 0.021225 -0.999711
vn 0.222702 -0.011534 -0.974818
vn 0.063423 0.095703 -0.993387
vn 0.003678 -0.022995 -0.999729
vn 0.222702 -0.011534 -0.974818
vn 0.011247 0.021225 -0.999711
vn -0.168098 -0.007446 -0.985742
vn -0.217885 -0.292108 -0.931235
vn -0.262213 -0.387303 -0.883879
vn -0.261606 -0.332957 -0.905926
vn -0.217885 -0.292108 -0.931235
vn -0.261606 -0.332957 -0.905926
vn -0.213388 -0.270731 -0.938707
vn -0.150563 -0.235512 -0.960138
vn 0.526840 -0.200870 -0.825888
vn 0.751080 -0.127838 -0.647716
vn 0.544184 -0.044697 -0.837775
vn 0.556076 -0.233632 -0.797619
vn 0.751080 -0.127838 -0.647716
vn 0.526840 -0.200870 -0.825888
vn 0.349989 -0.277277 -0.894776
vn -0.008299 0.128355 0.991694
vn 0.002916 0.193192 0.981157
vn -0.016032 0.153839 0.987966
vn -0.008299 0.128355 0.991694
vn -0.016032 0.153839 0.987966
vn -0.011741 0.118929 0.992833
vn 0.002832 0.091707 0.995782
vn 0.105687 -0.383420 -0.917507
vn 0.011229 -0.381888 -0.924140
vn 0.139630 -0.394696 -0.908140
vn 0.220458 -0.398279 -0.890378
vn 0.220458 -0.398279 -0.890378
vn 0.139630 -0.394696 -0.908140
vn 0.177341 -0.438526 -0.881048
vn -0.056638 -0.047596 0.997260
vn -0.058634 -0.085891 0.994578
vn 0.190607 -0.508284 0.839831
vn -0.141505 0.115980 0.983120
vn -0.058634 -0.085891 0.994578
vn -0.056638 -0.047596 0.997260
vn -0.126307 0.150409 0.980522
vn 0.308037 -0.250754 -0.917734
vn 0.207663 -0.436478 -0.875422
vn 0.393618 -0.102786 -0.913510
vn 0.449087 0.043611 -0.892423
vn 0.393618 -0.102786 -0.913510
vn 0.488400 0.019478 -0.872403
vn 0.449087 0.043611 -0.892423
vn 0.092539 -0.301602 -0.948932
vn 0.029453 -0.490124 -0.871155
vn 0.140005 -0.252144 -0.957508
vn 0.092539 -0.301602 -0.948932
vn 0.140005 -0.252144 -0.957508
vn 0.109656 -0.231476 -0.966641
vn 0.068965 -0.247330 -0.966474
vn -0.085594 -0.298911 -0.950435
vn -0.196393 -0.337592 -0.920577
vn 0.012253 -0.233828 -0.972201
vn 0.044508 -0.256651 -0.965479
vn 0.012253 -0.233828 -0.972201
vn 0.022622 -0.256747 -0.966214
vn 0.044508 -0.256651 -0.965479
vn 0.022622 -0.256747 -0.966214
vn -0.048814 -0.385022 -0.921616
vn 0.044508 -0.256651 -0.965479
vn 0.044508 -0.256651 -0.965479
vn -0.048814 -0.385022 -0.921616
vn -0.027957 -0.365105 -0.930547
vn 0.398539 0.185896 0.898114
vn 0.273788 0.243242 0.930523
vn 0.772077 -0.047386 0.633760
vn 0.803020 -0.074288 0.591304
vn 0.119262 -0.121889 -0.985353
vn 0.109583 -0.129714 -0.985478
vn 0.130858 -0.112467 -0.985001
vn 0.141594 -0.103715 -0.984477
vn 0.865088 0.111631 -0.489042
vn 0.861375 0.109846 -0.495950
vn 0.884372 0.121361 -0.450731
vn 0.887624 0.123074 -0.443821
vn 0.658087 0.204100 -0.724751
vn 0.566698 0.332668 -0.753781
vn 0.558547 0.286403 -0.778459
vn 0.621229 0.188828 -0.760539
vn 0.621229 0.188828 -0.760539
vn 0.558547 0.286403 -0.778459
vn 0.375800 0.284479 -0.881956
vn -0.848881 0.225847 -0.477907
vn -0.403158 -0.026599 -0.914744
vn -0.527955 0.033118 -0.848626
vn -0.906569 0.278912 -0.316766
vn 0.141353 0.149842 -0.978553
vn 0.139186 0.149180 -0.978965
vn 0.167065 0.157851 -0.973228
vn 0.169838 0.158705 -0.972609
vn 0.057593 0.025229 -0.998021
vn 0.074587 0.026096 -0.996873
vn -0.071483 0.018381 -0.997272
vn -0.108387 0.016381 -0.993974
vn 0.813773 0.033849 -0.580196
vn 0.929251 0.029261 -0.368288
vn 0.411311 0.009272 -0.911448
vn 0.336652 0.012133 -0.941551
vn 0.813773 0.033849 -0.580196
vn 0.336652 0.012133 -0.941551
vn 0.148851 0.056693 -0.987233
vn 0.998590 -0.043002 0.031118
vn 0.971404 -0.237132 0.011952
vn 0.998791 0.015506 -0.046657
vn 0.994014 0.066867 -0.086403
vn 0.998590 -0.043002 0.031118
vn 0.998791 0.015506 -0.046657
vn 0.978139 0.112632 -0.174810
vn 0.529835 0.018298 -0.847903
vn 0.583414 -0.139708 -0.800068
vn 0.555200 -0.105654 -0.824979
vn 0.507017 0.078808 -0.858326
vn 0.529835 0.018298 -0.847903
vn 0.507017 0.078808 -0.858326
vn 0.583443 0.219161 -0.782024
vn 0.953973 0.293726 -0.060498
vn 0.952954 0.290258 -0.087341
vn 0.964609 0.253928 -0.071066
vn 0.952954 0.290258 -0.087341
vn 0.953973 0.293726 -0.060498
vn 0.951013 0.288180 -0.111924
vn 0.951559 0.273614 -0.140253
vn -0.922637 0.205210 -0.326542
vn -0.963961 0.079678 -0.253833
vn -0.858661 0.456850 -0.232356
vn -0.963961 0.079678 -0.253833
vn -0.922637 0.205210 -0.326542
vn -0.977820 0.027645 -0.207616
vn -0.994647 -0.032217 -0.098186
vn -0.938110 0.286506 -0.194587
vn -0.933313 0.319018 -0.164783
vn -0.938748 0.280908 -0.199606
vn -0.941258 0.250079 -0.226923
vn -0.886726 -0.097518 -0.451893
vn -0.771713 -0.301779 -0.559811
vn -0.870782 -0.050500 -0.489069
vn -0.886726 -0.097518 -0.451893
vn -0.870782 -0.050500 -0.489069
vn -0.922929 -0.041618 -0.382713
vn -0.941176 -0.096626 -0.323807
vn -0.494316 0.126821 -0.859981
vn -0.386921 0.097904 -0.916901
vn -0.399836 0.101392 -0.910962
vn -0.506989 0.130218 -0.852059
vn 0.968683 0.129188 -0.212048
vn 0.992806 0.023902 -0.117327
vn 0.956898 0.161926 -0.241095
vn 0.918720 0.242513 -0.311675
vn 0.990167 0.086060 -0.110287
vn 0.988844 0.044941 -0.142015
vn 0.990152 0.081501 -0.113827
vn 0.989269 0.119439 -0.084153
vn 0.982399 0.154035 -0.105670
vn 0.987952 0.147230 -0.047687
vn 0.969898 0.229004 -0.082797
vn 0.987952 0.147230 -0.047687
vn 0.982399 0.154035 -0.105670
vn 0.988665 0.144561 0.040544
vn 0.980866 0.162402 0.107364
vn 0.961705 -0.243161 -0.126477
vn 0.979531 -0.189133 -0.068906
vn 0.904776 -0.398465 -0.150355
vn 0.979531 -0.189133 -0.068906
vn 0.961705 -0.243161 -0.126477
vn 0.992477 -0.122398 0.002884
vn 0.992607 -0.100192 0.068507
vn -0.980258 -0.050148 -0.191257
vn -0.991866 0.053067 -0.115701
vn -0.978932 -0.056878 -0.196102
vn -0.944259 -0.174716 -0.279016
vn -0.950577 -0.287195 -0.117991
vn -0.886140 -0.407233 -0.221173
vn -0.965504 -0.198941 -0.167999
vn -0.950577 -0.287195 -0.117991
vn -0.965504 -0.198941 -0.167999
vn -0.964608 -0.260427 -0.041346
vn -0.929716 -0.364342 0.053703
vn 0.837387 -0.243298 0.489479
vn 0.879274 -0.297134 0.372274
vn 0.830993 -0.336572 0.442911
vn 0.751548 -0.354966 0.556035
vn 0.837387 -0.243298 0.489479
vn 0.751548 -0.354966 0.556035
vn 0.858052 -0.026845 0.512861
vn 0.926613 -0.370504 -0.064156
vn 0.922471 -0.379389 0.071497
vn 0.945689 -0.318063 -0.067136
vn 0.935355 -0.305653 -0.178011
vn 0.926613 -0.370504 -0.064156
vn 0.935355 -0.305653 -0.178011
vn 0.870034 -0.473636 -0.136785
vn 0.916867 -0.237832 0.320610
vn 0.915359 -0.287069 0.282327
vn 0.958981 -0.021556 0.282649
vn 0.970278 0.046454 0.237491
vn 0.958981 -0.021556 0.282649
vn 0.958916 0.256915 -0.120309
vn 0.970278 0.046454 0.237491
vn 0.970278 0.046454 0.237491
vn 0.958916 0.256915 -0.120309
vn 0.734679 0.349909 -0.581215
vn 0.734679 0.349909 -0.581215
vn 0.958916 0.256915 -0.120309
vn 0.062552 0.539327 -0.839770
vn 0.993356 0.110762 -0.031225
vn 0.999737 -0.022923 0.001023
vn 0.998841 -0.008662 -0.047351
vn 0.989500 0.057035 -0.132804
vn 0.989500 0.057035 -0.132804
vn 0.815753 0.548603 0.183254
vn 0.993356 0.110762 -0.031225
vn 0.993356 0.110762 -0.031225
vn 0.815753 0.548603 0.183254
vn 0.549369 0.786825 0.281248
vn 0.549369 0.786825 0.281248
vn 0.815753 0.548603 0.183254
vn 0.301609 0.950918 0.069196
vn 0.956381 0.053921 -0.287101
vn 0.963644 0.069689 -0.257940
vn 0.955269 0.074788 -0.286125
vn 0.947736 0.064969 -0.312371
vn 0.956381 0.053921 -0.287101
vn 0.947736 0.064969 -0.312371
vn 0.960677 -0.023771 -0.276648
vn -0.581135 0.020400 -0.813551
vn -0.514196 0.145887 -0.845174
vn -0.696431 -0.309620 -0.647395
vn -0.711529 -0.406193 -0.573353
vn -0.253972 0.009609 -0.967164
vn -0.251250 0.006701 -0.967899
vn -0.243099 0.014107 -0.969899
vn -0.256952 0.009331 -0.966379
vn -0.251250 0.006701 -0.967899
vn -0.253972 0.009609 -0.967164
vn -0.259302 0.013962 -0.965696
vn 0.990748 0.118556 -0.066054
vn 0.941032 0.335292 0.045137
vn 0.973660 0.227740 -0.011024
vn 0.992370 0.000783 -0.123291
vn 0.816700 0.558270 0.146072
vn 0.914496 0.382074 -0.133104
vn 0.968010 0.249697 0.024659
vn 0.914496 0.382074 -0.133104
vn 0.816700 0.558270 0.146072
vn 0.832927 0.547750 -0.078755
vn 0.862775 0.238894 -0.445588
vn -0.878738 0.038175 -0.475775
vn -0.865178 -0.251397 -0.433898
vn -0.901523 -0.137938 -0.410157
vn -0.885569 0.156807 -0.437241
vn -0.878738 0.038175 -0.475775
vn -0.885569 0.156807 -0.437241
vn -0.649289 0.464960 -0.601860
vn 0.425220 -0.009701 -0.905038
vn 0.588093 -0.126715 -0.798806
vn 0.546392 -0.095271 -0.832093
vn 0.391319 0.012920 -0.920164
vn -0.843907 -0.465345 0.266975
vn -0.729131 -0.541238 0.418843
vn -0.844861 -0.496496 0.199254
vn -0.935716 -0.351260 0.032440
vn -0.844861 -0.496496 0.199254
vn -0.735854 -0.675598 0.045680
vn -0.935716 -0.351260 0.032440
vn -0.882341 -0.467364 0.055185
vn -0.878361 -0.471969 0.075686
vn -0.861766 -0.503140 0.064879
vn -0.863992 -0.501268 0.047418
vn -0.861766 -0.503140 0.064879
vn -0.796409 -0.598807 0.084629
vn -0.863992 -0.501268 0.047418
vn -0.884298 -0.453266 0.112105
vn -0.707349 -0.582590 0.400308
vn -0.989266 -0.143373 0.028230
vn -0.965389 -0.161166 -0.205063
vn -0.965389 -0.161166 -0.205063
vn -0.989266 -0.143373 0.028230
vn -0.969285 0.177685 -0.170043
vn -0.989266 -0.143373 0.028230
vn -0.928233 0.245392 0.279583
vn -0.969285 0.177685 -0.170043
vn -0.806542 0.245703 0.537698
vn -0.928233 0.245392 0.279583
vn -0.989266 -0.143373 0.028230
vn -0.951426 -0.288144 -0.108455
vn -0.937205 -0.342709 0.064786
vn -0.976986 -0.020383 -0.212326
vn -0.953083 -0.004198 -0.302681
vn -0.953083 -0.004198 -0.302681
vn -0.976986 -0.020383 -0.212326
vn -0.895589 0.321887 -0.307097
vn -0.976986 -0.020383 -0.212326
vn -0.864681 0.379055 -0.329611
vn -0.895589 0.321887 -0.307097
vn -0.895589 0.321887 -0.307097
vn -0.864681 0.379055 -0.329611
vn -0.801280 0.476711 -0.361520
vn -0.824960 0.031878 -0.564292
vn -0.805111 0.000706 -0.593124
vn -0.814784 0.005110 -0.579742
vn -0.833135 0.045025 -0.551234
vn -0.833135 0.045025 -0.551234
vn -0.836882 0.113440 -0.535500
vn -0.824960 0.031878 -0.564292
vn 0.120183 -0.144168 -0.982228
vn 0.117769 -0.184549 -0.975742
vn 0.091250 -0.094068 -0.991375
vn 0.102684 0.014388 -0.994610
vn 0.102684 0.014388 -0.994610
vn 0.091250 -0.094068 -0.991375
vn 0.100631 0.119964 -0.987665
vn 0.143191 0.206490 -0.967914
vn 0.100631 0.119964 -0.987665
vn 0.147971 0.197529 -0.969065
vn 0.143191 0.206490 -0.967914
vn 0.939824 0.321383 -0.115948
vn 0.931608 0.354496 -0.080251
vn 0.939268 0.323972 -0.113217
vn 0.945384 0.290043 -0.148743
vn -0.058335 0.102844 -0.992985
vn -0.031695 0.103807 -0.994092
vn -0.050665 0.109679 -0.992675
vn -0.073610 0.114398 -0.990704
vn -0.058335 0.102844 -0.992985
vn -0.073610 0.114398 -0.990704
vn -0.061071 0.089469 -0.994116
vn 0.232111 0.093579 -0.968177
vn 0.157310 0.172856 -0.972304
vn 0.192846 0.143342 -0.970703
vn 0.223833 0.046280 -0.973528
vn 0.223833 0.046280 -0.973528
vn 0.250860 0.041610 -0.967129
vn 0.232111 0.093579 -0.968177
vn 0.250860 0.041610 -0.967129
vn 0.264696 0.081375 -0.960893
vn 0.232111 0.093579 -0.968177
vn 0.232111 0.093579 -0.968177
vn 0.264696 0.081375 -0.960893
vn 0.222480 0.069942 -0.972425
vn -0.184981 0.005551 -0.982727
vn -0.243485 -0.057710 -0.968186
vn -0.166148 0.149721 -0.974668
vn -0.185811 0.196157 -0.962807
vn -0.185811 0.196157 -0.962807
vn -0.166148 0.149721 -0.974668
vn -0.308721 0.316392 -0.896988
vn -0.308721 0.316392 -0.896988
vn -0.166148 0.149721 -0.974668
vn -0.095943 0.336995 -0.936605
vn -0.166148 0.149721 -0.974668
vn 0.207143 0.296426 -0.932322
vn -0.095943 0.336995 -0.936605
vn -0.983800 -0.009136 -0.179038
vn -0.923331 0.142033 -0.356771
vn -0.994506 -0.008970 -0.104290
vn -0.996217 -0.039695 -0.077300
vn -0.983800 -0.009136 -0.179038
vn -0.994506 -0.008970 -0.104290
vn -0.996917 0.021516 -0.075451
vn -0.701422 -0.479944 0.526936
vn -0.692602 -0.482701 0.536006
vn -0.690682 -0.485948 0.535549
vn -0.719427 -0.471868 0.509671
vn -0.719427 -0.471868 0.509671
vn -0.760263 -0.447256 0.471128
vn -0.701422 -0.479944 0.526936
vn -0.733113 0.214038 -0.645549
vn -0.743899 0.291408 -0.601411
vn -0.741790 0.238875 -0.626647
vn -0.721827 0.177414 -0.668947
vn -0.721827 0.177414 -0.668947
vn -0.705159 0.192026 -0.682552
vn -0.733113 0.214038 -0.645549
vn -0.995372 0.092159 0.027245
vn -0.896727 0.198083 0.395783
vn -0.958916 0.154396 0.237994
vn -0.995722 0.062716 -0.067863
vn -0.609435 0.308891 -0.730188
vn -0.652468 0.303627 -0.694331
vn -0.684909 0.242511 -0.687087
vn -0.615475 0.274761 -0.738713
vn -0.615475 0.274761 -0.738713
vn -0.338314 0.412560 -0.845777
vn -0.609435 0.308891 -0.730188
vn -0.897542 0.309350 -0.314198
vn -0.866711 0.234037 -0.440498
vn -0.866599 0.326006 -0.377792
vn -0.894895 0.381299 -0.231894
vn -0.894895 0.381299 -0.231894
vn -0.959420 0.178325 -0.218432
vn -0.897542 0.309350 -0.314198
vn 0.869246 0.007038 -0.494330
vn 0.853520 0.120411 -0.506956
vn 0.872106 -0.034146 -0.488125
vn 0.872665 -0.135260 -0.469213
vn 0.923238 0.064724 -0.378739
vn 0.917878 0.074745 -0.389761
vn 0.917948 0.075775 -0.389396
vn 0.930438 0.049726 -0.363061
vn 0.917878 0.074745 -0.389761
vn 0.923238 0.064724 -0.378739
vn 0.938430 0.032397 -0.343948
vn -0.836637 -0.101694 0.538234
vn -0.837324 -0.101695 0.537166
vn -0.836921 -0.101694 0.537793
vn -0.836402 -0.101663 0.538606
vn -0.841328 -0.191479 0.505473
vn -0.939558 -0.130273 0.316637
vn -0.852414 -0.049233 0.520544
vn -0.729311 -0.165515 0.663861
vn -0.852414 -0.049233 0.520544
vn -0.832896 0.106369 0.543111
vn -0.729311 -0.165515 0.663861
vn -0.844853 -0.146496 -0.514551
vn -0.840450 0.104985 -0.531622
vn -0.849581 -0.049136 -0.525164
vn -0.825903 -0.274092 -0.492704
vn -0.596464 -0.050006 -0.801081
vn -0.629432 -0.085148 -0.772376
vn -0.514372 0.030533 -0.857023
vn -0.488504 0.054237 -0.870874
vn -0.004846 -0.103060 -0.994663
vn -0.020242 -0.110530 -0.993667
vn 0.008188 -0.096676 -0.995282
vn 0.023819 -0.088996 -0.995747
vn 0.978072 -0.160767 0.132398
vn 0.983456 -0.088234 0.158207
vn 0.986997 -0.135740 0.086088
vn 0.995447 -0.092555 -0.022776
vn 0.995447 -0.092555 -0.022776
vn 0.986997 -0.135740 0.086088
vn 0.989902 0.046334 -0.133967
vn 0.922528 -0.027236 -0.384967
vn 0.929453 0.040788 -0.366679
vn 0.911530 0.047395 -0.408493
vn 0.901590 0.013692 -0.432375
vn 0.922528 -0.027236 -0.384967
vn 0.901590 0.013692 -0.432375
vn 0.930213 -0.114854 -0.348587
vn -0.974414 -0.210334 0.079228
vn -0.981815 -0.041670 0.185211
vn -0.977071 -0.170696 0.127257
vn -0.963487 -0.267199 -0.017264
vn -0.963487 -0.267199 -0.017264
vn -0.977894 -0.197694 -0.068129
vn -0.974414 -0.210334 0.079228
vn 0.876939 0.049580 0.478037
vn 0.879078 0.006089 0.476640
vn 0.880066 0.061184 0.470894
vn 0.887684 0.115097 0.445836
vn 0.887684 0.115097 0.445836
vn 0.880066 0.061184 0.470894
vn 0.899311 0.133773 0.416347
vn -0.903608 -0.148005 -0.401978
vn -0.932710 -0.152980 -0.326572
vn -0.888081 -0.245254 -0.388797
vn -0.862963 -0.204009 -0.462250
vn -0.888081 -0.245254 -0.388797
vn -0.864057 -0.379458 -0.330783
vn -0.862963 -0.204009 -0.462250
vn -0.367350 0.288303 -0.884271
vn 0.054071 -0.204990 -0.977269
vn -0.164113 0.047754 -0.985285
vn -0.503753 0.467657 -0.726312
vn -0.367350 0.288303 -0.884271
vn -0.503753 0.467657 -0.726312
vn -0.518559 0.445781 -0.729640
vn 0.765731 0.194937 -0.612908
vn 0.786868 0.162479 -0.595349
vn 0.763839 0.197703 -0.614380
vn 0.743565 0.226523 -0.629125
vn 0.402052 -0.481586 -0.778736
vn 0.414893 -0.460936 -0.784476
vn 0.368398 -0.532493 -0.762059
vn 0.357251 -0.548431 -0.756039
vn -0.534463 -0.106988 -0.838393
vn -0.536540 -0.116957 -0.835731
vn -0.489327 -0.140783 -0.860662
vn -0.476248 -0.142448 -0.867696
vn -0.489327 -0.140783 -0.860662
vn -0.253482 -0.327198 -0.910323
vn -0.476248 -0.142448 -0.867696
vn -0.366842 -0.598119 -0.712517
vn -0.504121 -0.408097 -0.761130
vn -0.471851 -0.458802 -0.752899
vn -0.342244 -0.626116 -0.700605
vn 0.110057 -0.004513 -0.993915
vn 0.084313 -0.012255 -0.996364
vn 0.139229 0.035225 -0.989634
vn 0.155754 0.039833 -0.986992
vn 0.155754 0.039833 -0.986992
vn 0.139229 0.035225 -0.989634
vn 0.172697 0.145910 -0.974108
vn -0.859027 0.281773 -0.427407
vn -0.831501 0.286219 -0.476115
vn -0.862255 0.281145 -0.421276
vn -0.883973 0.276390 -0.377094
vn 0.909589 0.087198 0.406258
vn 0.890718 0.050717 0.451717
vn 0.876219 0.049873 0.479325
vn 0.885741 0.068488 0.459100
vn 0.885741 0.068488 0.459100
vn 0.931503 0.347400 -0.107778
vn 0.909589 0.087198 0.406258
vn 0.985832 0.150291 -0.074482
vn 0.999583 -0.014994 -0.024686
vn 0.993455 0.097923 -0.058805
vn 0.953492 0.279517 -0.112793
vn 0.851081 -0.026546 0.524363
vn 0.825362 -0.012947 0.564455
vn 0.900006 -0.056061 0.432258
vn 0.916404 -0.067523 0.394519
vn 0.397874 -0.100533 -0.911915
vn 0.323920 -0.286866 -0.901545
vn 0.267834 -0.336714 -0.902712
vn 0.378424 -0.214486 -0.900440
vn 0.323920 -0.286866 -0.901545
vn 0.397874 -0.100533 -0.911915
vn 0.424582 -0.016316 -0.905243
vn 0.861985 -0.033134 -0.505849
vn 0.878230 -0.241085 -0.413026
vn 0.876619 -0.246682 -0.413143
vn 0.878715 -0.168234 -0.446719
vn 0.878230 -0.241085 -0.413026
vn 0.861985 -0.033134 -0.505849
vn 0.829608 0.096294 -0.549980
vn 0.768319 -0.473317 -0.430878
vn 0.766828 -0.481486 -0.424435
vn 0.769603 -0.465914 -0.436618
vn 0.770822 -0.458337 -0.442448
vn 0.364129 -0.409524 -0.836481
vn 0.345897 -0.364020 -0.864780
vn 0.146700 -0.550148 -0.822080
vn 0.397426 -0.370822 -0.839371
vn 0.345897 -0.364020 -0.864780
vn 0.364129 -0.409524 -0.836481
vn 0.419656 -0.432654 -0.797935
vn -0.974258 -0.174015 0.143316
vn -0.967786 0.053296 0.246071
vn -0.979011 -0.084102 0.185645
vn -0.945643 -0.317354 0.071040
vn -0.811363 0.093716 0.576982
vn -0.708297 0.098982 0.698941
vn -0.718297 0.049113 0.694001
vn -0.816334 0.059870 0.574468
vn -0.816334 0.059870 0.574468
vn -0.718297 0.049113 0.694001
vn -0.368522 -0.234067 0.899669
vn -0.975663 0.005736 0.219199
vn -0.991164 -0.002243 0.132625
vn -0.977108 0.005113 0.212683
vn -0.948307 0.014844 0.317007
vn -0.903117 -0.055990 0.425729
vn -0.869400 -0.027955 0.493317
vn -0.883300 -0.038962 0.467186
vn -0.912836 -0.065039 0.403113
vn -0.523752 -0.007357 -0.851839
vn -0.335513 -0.412855 -0.846748
vn -0.359186 -0.393358 -0.846318
vn -0.523752 -0.007357 -0.851839
vn -0.359186 -0.393358 -0.846318
vn -0.396425 -0.346147 -0.850311
vn -0.554794 0.108602 -0.824869
vn -0.868283 -0.056850 -0.492800
vn -0.866837 -0.366857 -0.337652
vn -0.875899 -0.346836 -0.335420
vn -0.868283 -0.056850 -0.492800
vn -0.875899 -0.346836 -0.335420
vn -0.890127 -0.220823 -0.398638
vn -0.809175 0.140395 -0.570548
vn -0.777679 -0.440572 -0.448455
vn -0.761519 -0.502270 -0.409650
vn -0.767709 -0.480769 -0.423656
vn -0.782439 -0.417684 -0.461875
vn -0.062636 -0.239279 -0.968928
vn -0.067315 -0.256434 -0.964215
vn -0.040135 -0.243986 -0.968948
vn -0.032890 -0.236690 -0.971028
vn -0.032890 -0.236690 -0.971028
vn -0.040135 -0.243986 -0.968948
vn 0.009793 -0.278284 -0.960449
vn -0.462150 -0.404375 -0.789239
vn -0.454176 -0.318788 -0.831924
vn -0.433932 -0.342375 -0.833356
vn -0.462150 -0.404375 -0.789239
vn -0.433932 -0.342375 -0.833356
vn -0.475017 -0.450159 -0.756119
vn -0.505143 -0.516453 -0.691453
vn -0.148609 -0.190667 -0.970341
vn -0.076914 -0.047267 -0.995917
vn -0.099162 -0.035339 -0.994444
vn -0.153785 -0.102110 -0.982814
vn -0.148609 -0.190667 -0.970341
vn -0.153785 -0.102110 -0.982814
vn -0.182153 -0.389895 -0.902664
vn -0.049556 -0.059346 -0.997007
vn -0.080101 -0.075528 -0.993921
vn 0.010814 -0.069497 -0.997524
vn 0.042087 -0.095294 -0.994559
vn 0.042087 -0.095294 -0.994559
vn 0.010814 -0.069497 -0.997524
vn 0.053275 -0.203978 -0.977525
vn -0.500753 -0.071510 -0.862631
vn -0.498914 -0.066508 -0.864096
vn -0.439856 -0.149684 -0.885506
vn -0.278805 -0.328485 -0.902422
vn -0.278805 -0.328485 -0.902422
vn -0.439856 -0.149684 -0.885506
vn 0.023680 -0.574761 -0.817979
vn 0.134222 -0.126279 -0.982872
vn 0.151599 -0.107839 -0.982542
vn 0.103431 -0.158508 -0.981925
vn 0.078490 -0.184207 -0.979749
vn 0.865738 -0.053937 0.497583
vn 0.880805 -0.050538 0.470775
vn 0.841369 -0.058944 0.537237
vn 0.827062 -0.061667 0.558718
vn -0.963855 0.062062 -0.259100
vn -0.960298 0.040251 -0.276057
vn -0.959198 0.073292 -0.273071
vn -0.976045 0.049127 -0.211952
vn -0.976045 0.049127 -0.211952
vn -0.984501 0.017002 -0.174552
vn -0.963855 0.062062 -0.259100
vn 0.978277 -0.107657 -0.177157
vn 0.999510 -0.031159 -0.003025
vn 0.956297 0.276266 -0.095771
vn 0.978277 -0.107657 -0.177157
vn 0.956297 0.276266 -0.095771
vn 0.933222 0.118664 -0.339139
vn 0.932831 -0.193631 -0.303864
vn 0.907237 -0.083597 -0.412228
vn 0.932831 -0.193631 -0.303864
vn 0.933222 0.118664 -0.339139
vn 0.842060 -0.011648 -0.539258
vn 0.857916 -0.034284 -0.512645
vn 0.839578 0.089241 -0.535859
vn 0.861959 -0.097525 -0.497510
vn 0.860243 -0.206756 -0.466083
vn 0.968609 -0.136762 -0.207586
vn 0.982701 -0.096705 -0.157944
vn 0.942930 -0.234865 -0.236055
vn 0.982701 -0.096705 -0.157944
vn 0.968609 -0.136762 -0.207586
vn 0.990517 -0.032070 -0.133594
vn 0.997641 0.032025 -0.060717
vn -0.861135 -0.138413 -0.489171
vn -0.835095 -0.044215 -0.548326
vn -0.818742 -0.264781 -0.509463
vn -0.835095 -0.044215 -0.548326
vn -0.861135 -0.138413 -0.489171
vn -0.801171 0.041690 -0.596981
vn -0.733754 0.083786 -0.674229
vn 0.996952 0.067017 0.039949
vn 0.966503 0.225581 0.122414
vn 0.996437 -0.072417 -0.043225
vn 0.976637 -0.186642 -0.106512
vn 0.996437 -0.072417 -0.043225
vn 0.978139 -0.168686 -0.121610
vn 0.976637 -0.186642 -0.106512
vn -0.781634 0.214739 -0.585607
vn -0.802317 0.176797 -0.570114
vn -0.789037 0.201570 -0.580336
vn -0.767209 0.239349 -0.595065
vn -0.867872 -0.134410 -0.478259
vn -0.844081 0.111720 -0.524448
vn -0.864072 -0.025169 -0.502739
vn -0.859347 -0.253590 -0.444089
vn -0.967191 -0.178586 -0.180690
vn -0.913966 -0.253492 -0.316872
vn -0.965891 -0.023378 -0.257892
vn -0.967191 -0.178586 -0.180690
vn -0.965891 -0.023378 -0.257892
vn -0.985698 -0.018359 -0.167521
vn -0.951466 -0.303806 -0.049135
vn -0.538702 0.083020 -0.838396
vn -0.557002 0.044883 -0.829297
vn -0.511464 0.135944 -0.848483
vn -0.495120 0.165845 -0.852849
vn -0.199845 -0.003732 -0.979820
vn -0.209393 -0.017837 -0.977669
vn -0.174759 0.032958 -0.984060
vn -0.165459 0.046367 -0.985126
vn -0.246966 0.052944 -0.967577
vn -0.235509 0.055742 -0.970272
vn -0.159935 0.116645 -0.980212
vn -0.269459 0.038549 -0.962240
vn -0.235509 0.055742 -0.970272
vn -0.246966 0.052944 -0.967577
vn -0.272224 0.044383 -0.961210
vn 0.810736 -0.439863 -0.386300
vn 0.808976 -0.454667 -0.372607
vn 0.813139 -0.411829 -0.411340
vn 0.813932 -0.397012 -0.424142
vn 0.765846 0.209309 -0.608005
vn 0.888302 0.002568 -0.459252
vn 0.881747 -0.210554 -0.422125
vn 0.783498 0.253502 -0.567334
vn 0.888302 0.002568 -0.459252
vn 0.765846 0.209309 -0.608005
vn 0.538457 0.458061 -0.707279
vn 0.024038 -0.075874 -0.996828
vn 0.049234 -0.107508 -0.992984
vn 0.042473 -0.099025 -0.994178
vn 0.018126 -0.068478 -0.997488
vn 0.194812 -0.048670 -0.979632
vn 0.155593 -0.041199 -0.986962
vn 0.184743 -0.057587 -0.981098
vn 0.194812 -0.048670 -0.979632
vn 0.184743 -0.057587 -0.981098
vn 0.204714 -0.045221 -0.977777
vn 0.211104 -0.029874 -0.977007
vn -0.763964 -0.469272 -0.442880
vn -0.762621 -0.479325 -0.434347
vn -0.763010 -0.476557 -0.436702
vn -0.764289 -0.466529 -0.445211
vn -0.701723 0.195213 -0.685184
vn -0.801612 -0.209518 -0.559929
vn -0.815158 -0.030102 -0.578456
vn -0.701723 0.195213 -0.685184
vn -0.815158 -0.030102 -0.578456
vn -0.754761 0.180831 -0.630584
vn -0.574908 0.362808 -0.733384
vn -0.230755 0.195363 -0.953198
vn -0.942443 -0.274418 0.191040
vn -0.966674 -0.204892 -0.153494
vn -0.264919 0.183084 -0.946730
vn -0.966674 -0.204892 -0.153494
vn -0.402811 0.107855 -0.908906
vn -0.264919 0.183084 -0.946730
vn 0.192467 0.000192 -0.981304
vn 0.312641 -0.013451 -0.949776
vn 0.259490 -0.012818 -0.965661
vn 0.177168 -0.001379 -0.984180
vn 0.259490 -0.012818 -0.965661
vn 0.052949 -0.028571 -0.998188
vn 0.177168 -0.001379 -0.984180
vn 0.478385 0.125198 -0.869180
vn 0.807735 -0.012448 -0.589414
vn 0.744049 0.020362 -0.667815
vn 0.360186 0.161664 -0.918766
vn -0.205547 0.035308 -0.978010
vn -0.164879 0.090352 -0.982167
vn -0.260808 0.048450 -0.964174
vn -0.110618 0.107422 -0.988041
vn -0.164879 0.090352 -0.982167
vn -0.205547 0.035308 -0.978010
vn -0.209710 0.017422 -0.977608
vn 0.934676 -0.047101 -0.352367
vn 0.948514 -0.006376 -0.316673
vn 0.925436 -0.106304 -0.363687
vn 0.948514 -0.006376 -0.316673
vn 0.934676 -0.047101 -0.352367
vn 0.951646 0.031915 -0.305535
vn 0.962962 0.091002 -0.253818
vn 0.810125 -0.247100 -0.531638
vn 0.780365 -0.114992 -0.614660
vn 0.802706 -0.204960 -0.560049
vn 0.818586 -0.331074 -0.469369
vn 0.973123 -0.201763 -0.111006
vn 0.991252 -0.128440 -0.030387
vn 0.975647 -0.193984 -0.102391
vn 0.947029 -0.264887 -0.181580
vn 0.954129 -0.272694 -0.123595
vn 0.937908 -0.334410 -0.092193
vn 0.954556 -0.270755 -0.124557
vn 0.964252 -0.218313 -0.150189
vn 0.911895 -0.398830 -0.096866
vn 0.956479 -0.291673 0.008595
vn 0.965827 -0.257090 -0.032914
vn 0.942328 -0.314412 -0.114734
vn 0.942328 -0.314412 -0.114734
vn 0.676252 -0.716228 -0.172337
vn 0.911895 -0.398830 -0.096866
vn 0.445556 0.074795 -0.892124
vn 0.495951 -0.030251 -0.867824
vn 0.475615 0.013860 -0.879544
vn 0.426312 0.111506 -0.897677
vn -0.234313 -0.066124 -0.969910
vn -0.224473 -0.037075 -0.973775
vn -0.407973 -0.075388 -0.909876
vn -0.386755 -0.088019 -0.917973
vn -0.234313 -0.066124 -0.969910
vn -0.386755 -0.088019 -0.917973
vn -0.047898 -0.161747 -0.985669
vn -0.899092 -0.437056 0.024829
vn -0.959450 -0.279254 -0.038379
vn -0.932222 -0.361838 -0.005934
vn -0.843681 -0.532796 0.065809
vn -0.747034 -0.030363 0.664092
vn -0.740801 -0.064646 0.668607
vn -0.745070 -0.022718 0.666599
vn -0.754909 0.016148 0.655631
vn -0.747034 -0.030363 0.664092
vn -0.754909 0.016148 0.655631
vn -0.771920 0.043817 0.634208
vn -0.001528 0.037341 -0.999301
vn 0.145218 -0.039853 -0.988597
vn 0.070650 -0.010648 -0.997444
vn -0.001528 0.037341 -0.999301
vn 0.070650 -0.010648 -0.997444
vn 0.018078 0.012752 -0.999755
vn -0.042842 0.061528 -0.997185
vn -0.849689 -0.283475 -0.444602
vn -0.895937 -0.262739 -0.358141
vn -0.795541 -0.301178 -0.525743
vn -0.743383 -0.313886 -0.590642
vn -0.953564 -0.105467 -0.282123
vn -0.887360 -0.243755 -0.391376
vn -0.939937 -0.036354 -0.339407
vn -0.953564 -0.105467 -0.282123
vn -0.939937 -0.036354 -0.339407
vn -0.961943 0.039538 -0.270376
vn -0.969217 -0.143208 -0.200274
vn -0.966775 0.019063 -0.254917
vn -0.928873 0.175752 -0.326046
vn -0.968200 0.008874 -0.250020
vn -0.974454 -0.142402 -0.173669
vn -0.866193 -0.416800 -0.275659
vn -0.953951 -0.263870 -0.142654
vn -0.841911 -0.446919 -0.302407
vn -0.684673 -0.587801 -0.430943
vn -0.414889 -0.307131 -0.856468
vn -0.248064 -0.513102 -0.821700
vn -0.359449 -0.382339 -0.851242
vn -0.498533 -0.176989 -0.848611
vn -0.589947 -0.119505 -0.798549
vn -0.641961 -0.233779 -0.730229
vn -0.507066 -0.191964 -0.840258
vn -0.446331 -0.135122 -0.884608
vn -0.446331 -0.135122 -0.884608
vn -0.507066 -0.191964 -0.840258
vn -0.259992 -0.516810 -0.815667
vn 0.686888 0.133503 0.714397
vn 0.673623 0.157949 0.722000
vn 0.691954 0.123819 0.711245
vn 0.703128 0.101820 0.703735
vn 0.869738 0.276885 0.408522
vn 0.936920 0.278750 0.210899
vn 0.868505 0.252822 0.426357
vn 0.796163 0.243587 0.553886
vn 0.796163 0.243587 0.553886
vn 0.811809 0.319328 0.488873
vn 0.869738 0.276885 0.408522
vn 0.851986 0.023908 0.523018
vn 0.848393 -0.080822 0.523160
vn 0.860263 0.003964 0.509836
vn 0.872556 0.154280 0.463512
vn 0.860263 0.003964 0.509836
vn 0.898406 0.314393 0.306634
vn 0.872556 0.154280 0.463512
vn 0.983612 0.069380 -0.166414
vn 0.897016 0.155792 -0.413632
vn 0.931506 0.157109 -0.328044
vn 0.985579 0.108652 -0.129728
vn 0.983612 0.069380 -0.166414
vn 0.985579 0.108652 -0.129728
vn 0.996619 -0.073889 0.035924
vn 0.836533 -0.406768 -0.367086
vn 0.828703 -0.477796 -0.291483
vn 0.836945 -0.365239 -0.407584
vn 0.830711 -0.287919 -0.476467
vn 0.324037 -0.109175 -0.939724
vn 0.310879 -0.359076 -0.880011
vn 0.306933 -0.162120 -0.937822
vn 0.320296 0.009429 -0.947270
vn 0.320296 0.009429 -0.947270
vn 0.370571 0.041394 -0.927881
vn 0.324037 -0.109175 -0.939724
vn -0.160113 -0.096533 -0.982367
vn -0.165947 -0.024863 -0.985821
vn -0.497357 -0.223497 -0.838263
vn -0.081266 -0.059433 -0.994919
vn -0.165947 -0.024863 -0.985821
vn -0.160113 -0.096533 -0.982367
vn -0.077272 -0.153905 -0.985060
vn 0.329776 -0.005066 -0.944046
vn 0.335505 -0.068455 -0.939548
vn 0.338931 -0.066458 -0.938461
vn 0.325740 0.023637 -0.945164
vn 0.335505 -0.068455 -0.939548
vn 0.329776 -0.005066 -0.944046
vn 0.313753 0.117596 -0.942194
vn 0.874965 -0.063157 -0.480049
vn 0.923584 -0.098256 -0.370592
vn 0.907845 -0.085860 -0.410421
vn 0.857213 -0.052130 -0.512317
vn 0.636523 -0.125098 -0.761045
vn 0.574885 -0.030720 -0.817657
vn 0.602490 -0.071303 -0.794935
vn 0.658553 -0.162632 -0.734751
vn -0.730582 0.181426 0.658281
vn -0.705984 0.226765 0.670942
vn -0.722676 0.196464 0.662678
vn -0.747022 0.148436 0.648016
vn -0.843198 0.393542 0.366254
vn -0.920813 0.365411 0.136304
vn -0.812819 0.419081 0.404594
vn -0.724336 0.411596 0.553106
vn -0.724336 0.411596 0.553106
vn -0.812819 0.419081 0.404594
vn -0.737862 0.467329 0.486993
vn -0.846015 -0.317608 -0.428233
vn -0.826602 -0.490258 -0.276364
vn -0.842476 -0.401603 -0.359096
vn -0.837919 -0.217992 -0.500371
vn -0.326593 -0.438527 -0.837276
vn 0.042267 -0.684586 -0.727706
vn -0.267568 -0.457624 -0.847931
vn -0.326593 -0.438527 -0.837276
vn -0.267568 -0.457624 -0.847931
vn -0.403102 -0.379090 -0.832946
vn -0.419606 -0.407938 -0.810875
vn -0.596566 -0.249884 -0.762670
vn -0.570198 -0.353399 -0.741609
vn -0.616041 -0.275067 -0.738127
vn -0.596566 -0.249884 -0.762670
vn -0.616041 -0.275067 -0.738127
vn -0.585479 -0.193076 -0.787360
vn -0.551342 -0.158803 -0.819026
vn -0.942129 -0.108934 -0.317059
vn -0.960644 -0.121125 -0.249983
vn -0.888946 -0.082014 -0.450609
vn -0.860748 -0.070118 -0.504179
vn -0.819942 -0.218273 -0.529199
vn -0.820134 -0.218904 -0.528641
vn -0.819839 -0.217817 -0.529547
vn -0.819662 -0.217189 -0.530079
vn 0.465993 -0.079055 -0.881250
vn 0.426749 -0.102733 -0.898516
vn 0.455732 -0.172235 -0.873295
vn 0.488103 -0.169020 -0.856264
vn 0.455732 -0.172235 -0.873295
vn 0.377799 -0.406377 -0.831941
vn 0.488103 -0.169020 -0.856264
vn 0.078792 0.067985 -0.994570
vn -0.126666 0.075638 -0.989057
vn -0.129200 0.056989 -0.989980
vn 0.065789 0.061716 -0.995923
vn -0.129200 0.056989 -0.989980
vn -0.372423 -0.040256 -0.927190
vn 0.065789 0.061716 -0.995923
vn -0.216672 -0.161586 -0.962779
vn -0.239175 -0.177557 -0.954604
vn -0.181051 -0.136368 -0.973974
vn -0.161957 -0.122808 -0.979126
vn 0.412412 0.057362 -0.909190
vn 0.410568 0.056695 -0.910066
vn 0.429379 0.063534 -0.900887
vn 0.432092 0.064497 -0.899520
vn 0.823085 -0.026475 0.567301
vn 0.812471 -0.099201 0.574500
vn 0.806677 -0.071797 0.586616
vn 0.790103 -0.042325 0.611512
vn 0.806677 -0.071797 0.586616
vn 0.689806 -0.169125 0.703963
vn 0.790103 -0.042325 0.611512
vn 0.830308 -0.281219 -0.481149
vn 0.756437 -0.296072 -0.583219
vn 0.798553 -0.288526 -0.528266
vn 0.870187 -0.269476 -0.412500
vn 0.953807 -0.108106 -0.280296
vn 0.942712 -0.090391 -0.321128
vn 0.946607 -0.067481 -0.315249
vn 0.964550 -0.152939 -0.215067
vn 0.942712 -0.090391 -0.321128
vn 0.953807 -0.108106 -0.280296
vn 0.971444 -0.185187 -0.148331
vn 0.615668 0.098900 -0.781775
vn 0.606106 0.098956 -0.789204
vn 0.676509 0.098283 -0.729846
vn 0.689934 0.098064 -0.717199
vn -0.949801 -0.276761 -0.145883
vn -0.960760 -0.251315 -0.117395
vn -0.937666 -0.301171 -0.173430
vn -0.923876 -0.325541 -0.201187
vn -0.017135 0.035914 -0.999208
vn -0.011011 0.047485 -0.998811
vn -0.130330 0.043784 -0.990503
vn -0.125289 0.039033 -0.991352
vn -0.017135 0.035914 -0.999208
vn -0.125289 0.039033 -0.991352
vn 0.144816 -0.044038 -0.988478
vn 0.009629 -0.209632 -0.977733
vn 0.033707 -0.203483 -0.978498
vn -0.023261 -0.217774 -0.975722
vn -0.045338 -0.223131 -0.973734
vn -0.744734 -0.011088 -0.667270
vn -0.760321 -0.012648 -0.649424
vn -0.662828 -0.003367 -0.748764
vn -0.640414 -0.001365 -0.768029
vn -0.869417 0.493925 0.012337
vn -0.960168 0.113607 -0.255287
vn -0.955105 0.179258 -0.235882
vn -0.886682 0.456202 -0.075335
vn -0.886682 0.456202 -0.075335
vn -0.955105 0.179258 -0.235882
vn -0.902443 0.105783 -0.417620
vn -0.731421 -0.427150 0.531570
vn -0.714844 -0.434243 0.548117
vn -0.711723 -0.437832 0.549321
vn -0.746874 -0.420959 0.514754
vn -0.731421 -0.427150 0.531570
vn -0.746874 -0.420959 0.514754
vn -0.834163 -0.365145 0.413329
vn -0.967326 -0.202716 -0.152270
vn -0.945729 -0.260621 -0.194097
vn -0.967689 -0.186360 -0.169850
vn -0.967326 -0.202716 -0.152270
vn -0.967689 -0.186360 -0.169850
vn -0.972015 -0.192924 -0.134044
vn -0.970649 -0.215192 -0.107390
vn -0.513583 -0.215928 -0.830426
vn -0.595754 -0.111578 -0.795379
vn -0.566261 -0.150952 -0.810285
vn -0.477954 -0.256620 -0.840063
vn -0.152821 -0.113715 -0.981690
vn -0.031364 -0.176424 -0.983815
vn -0.070628 -0.156559 -0.985140
vn -0.180492 -0.098898 -0.978592
vn 0.516378 0.076548 -0.852933
vn 0.487415 0.058236 -0.871226
vn 0.689254 0.195598 -0.697618
vn 0.724476 0.222713 -0.652329
vn -0.123819 -0.269911 -0.954891
vn -0.123132 -0.267629 -0.955622
vn -0.123816 -0.269818 -0.954918
vn -0.124658 -0.272514 -0.954042
vn 0.174558 -0.308944 -0.934924
vn 0.222182 -0.406206 -0.886359
vn 0.181664 -0.323403 -0.928660
vn 0.125053 -0.208562 -0.969981
vn -0.014987 0.029920 -0.999440
vn 0.167175 -0.160491 -0.972777
vn 0.113761 -0.104554 -0.987991
vn -0.062811 0.079718 -0.994837
vn -0.989578 0.009480 -0.143685
vn -0.965620 -0.003999 -0.259925
vn -0.995585 0.015291 -0.092611
vn -0.998131 0.031429 0.052414
vn -0.588453 -0.043509 -0.807360
vn -0.679461 -0.019148 -0.733461
vn -0.656564 -0.025540 -0.753837
vn -0.570452 -0.048013 -0.819926
vn 0.180413 -0.361821 -0.914624
vn 0.172932 -0.367381 -0.913852
vn 0.201966 -0.345501 -0.916427
vn 0.210409 -0.338985 -0.916961
vn 0.405627 -0.129859 -0.904767
vn 0.470525 -0.128896 -0.872922
vn 0.458345 -0.129128 -0.879344
vn 0.396818 -0.129933 -0.908655
vn 0.819632 -0.227121 -0.525947
vn 0.821663 -0.218377 -0.526481
vn 0.811757 -0.258481 -0.523678
vn 0.809824 -0.265688 -0.523063
vn 0.823834 0.082514 -0.560794
vn 0.820541 0.073689 -0.566818
vn 0.830845 0.102193 -0.547040
vn 0.834614 0.113373 -0.539041
vn 0.581321 -0.262637 -0.770122
vn 0.559685 -0.285539 -0.777959
vn 0.731982 -0.069613 -0.677758
vn 0.753471 -0.034881 -0.656556
vn 0.833971 -0.055306 -0.549030
vn 0.836074 -0.089956 -0.541191
vn 0.832017 -0.032597 -0.553791
vn 0.826329 0.016019 -0.562960
vn 0.849947 -0.008758 -0.526795
vn 0.831612 -0.011654 -0.555234
vn 0.843618 -0.009772 -0.536855
vn 0.863807 -0.006481 -0.503782
vn 0.860601 -0.100993 -0.499166
vn 0.808409 -0.120200 -0.576217
vn 0.833461 -0.111455 -0.541221
vn 0.889068 -0.088616 -0.449116
vn 0.885727 -0.325728 -0.330742
vn 0.899585 -0.261915 -0.349496
vn 0.882249 -0.339104 -0.326565
vn 0.863507 -0.400878 -0.306028
vn 0.679371 -0.182653 -0.710699
vn 0.742925 -0.153608 -0.651511
vn 0.679950 -0.182386 -0.710214
vn 0.623829 -0.204987 -0.754200
vn 0.790066 -0.244643 -0.562090
vn 0.791260 -0.249853 -0.558105
vn 0.865055 0.010723 -0.501562
vn 0.804632 -0.160845 -0.571573
vn 0.804632 -0.160845 -0.571573
vn 0.652917 -0.417907 -0.631706
vn 0.790066 -0.244643 -0.562090
vn 0.635469 -0.414777 -0.651260
vn 0.635712 -0.411040 -0.653388
vn 0.635192 -0.418828 -0.648933
vn 0.634939 -0.422501 -0.646796
vn 0.699169 -0.234445 -0.675424
vn 0.704685 -0.227839 -0.671944
vn 0.696862 -0.227858 -0.680047
vn 0.691272 -0.235117 -0.683273
vn 0.696862 -0.227858 -0.680047
vn 0.696275 -0.205101 -0.687848
vn 0.691272 -0.235117 -0.683273
vn 0.781616 0.064596 0.620406
vn 0.772672 -0.047996 0.632989
vn 0.819837 0.101663 0.563500
vn 0.839833 0.268210 0.471958
vn 0.819837 0.101663 0.563500
vn 0.821645 0.558168 -0.115536
vn 0.839833 0.268210 0.471958
vn 0.897982 -0.113375 -0.425176
vn 0.847666 -0.142697 -0.510979
vn 0.873322 -0.186039 -0.450220
vn 0.907687 -0.167717 -0.384676
vn 0.907687 -0.167717 -0.384676
vn 0.910469 0.109454 -0.398831
vn 0.897982 -0.113375 -0.425176
vn -0.112827 -0.442344 -0.889720
vn -0.214938 -0.437645 -0.873080
vn -0.175925 -0.440013 -0.880590
vn -0.073474 -0.442862 -0.893574
vn 0.686227 -0.279205 -0.671667
vn 0.690683 -0.315305 -0.650799
vn 0.684618 -0.268113 -0.677800
vn 0.678756 -0.232294 -0.696656
vn 0.870236 -0.210425 -0.445434
vn 0.913292 -0.149685 -0.378804
vn 0.862407 -0.220114 -0.455856
vn 0.821058 -0.266380 -0.504882
vn 0.747696 -0.142548 -0.648560
vn 0.705570 -0.237946 -0.667497
vn 0.714812 -0.279067 -0.641222
vn 0.751193 -0.171680 -0.637365
vn 0.714812 -0.279067 -0.641222
vn 0.676322 -0.474109 -0.563746
vn 0.751193 -0.171680 -0.637365
vn 0.897527 -0.024189 -0.440295
vn 0.897605 -0.033031 -0.439561
vn 0.897364 -0.005060 -0.441263
vn 0.896981 0.002255 -0.442062
vn 0.896981 0.002255 -0.442062
vn 0.896508 -0.001970 -0.443022
vn 0.897527 -0.024189 -0.440295
vn 0.754007 -0.179530 -0.631856
vn 0.738564 -0.215870 -0.638689
vn 0.745029 -0.201024 -0.636020
vn 0.760581 -0.162995 -0.628449
vn 0.619749 -0.166062 -0.767030
vn 0.623277 -0.197448 -0.756664
vn 0.614555 -0.127709 -0.778468
vn 0.609946 -0.098620 -0.786282
vn 0.175672 -0.573120 -0.800420
vn 0.110167 -0.576021 -0.809977
vn 0.128921 -0.575447 -0.807614
vn 0.192509 -0.571980 -0.797358
vn 0.727195 -0.011342 -0.686338
vn 0.739597 -0.000731 -0.673049
vn 0.677469 -0.051353 -0.733756
vn 0.661196 -0.063664 -0.747507
vn 0.814190 -0.171306 -0.554752
vn 0.811652 -0.089593 -0.577230
vn 0.823245 -0.111037 -0.556721
vn 0.818538 -0.197616 -0.539391
vn 0.818538 -0.197616 -0.539391
vn 0.758508 -0.373975 -0.533675
vn 0.814190 -0.171306 -0.554752
vn 0.598983 -0.125892 0.790804
vn 0.559265 -0.198892 0.804776
vn 0.587346 -0.148195 0.795653
vn 0.625720 -0.071081 0.776803
vn -0.803428 -0.158446 -0.573932
vn -0.754572 -0.203557 -0.623847
vn -0.901719 -0.039968 -0.430472
vn -0.935611 0.019299 -0.352506
vn -0.411132 -0.171834 -0.895234
vn -0.443334 -0.171768 -0.879745
vn -0.272221 -0.169776 -0.947139
vn -0.231825 -0.168513 -0.958050
vn -0.892092 0.001828 -0.451850
vn -0.899625 0.017378 -0.436317
vn -0.873362 -0.033168 -0.485941
vn -0.865393 -0.046830 -0.498900
vn -0.858456 0.045935 -0.510825
vn -0.830084 -0.030898 -0.556781
vn -0.838561 -0.009958 -0.544717
vn -0.865695 0.069576 -0.495713
vn -0.716219 -0.159621 -0.679375
vn -0.604717 -0.305503 -0.735517
vn -0.617293 -0.290923 -0.730967
vn -0.735896 -0.128868 -0.664718
vn -0.847981 -0.168001 -0.502696
vn -0.897545 -0.150477 -0.414451
vn -0.831629 -0.172844 -0.527749
vn -0.773227 -0.187451 -0.605790
vn -0.861171 -0.112860 -0.495628
vn -0.878739 -0.105559 -0.465483
vn -0.847634 -0.118085 -0.517274
vn -0.834234 -0.122998 -0.537518
vn -0.111893 0.155367 -0.981499
vn -0.082434 0.159774 -0.983706
vn -0.146263 0.150041 -0.977801
vn -0.165018 0.147031 -0.975270
vn -0.926795 -0.360405 -0.105634
vn -0.922597 -0.372248 -0.101224
vn -0.926363 -0.361648 -0.105177
vn -0.929912 -0.351253 -0.109021
vn -0.848047 -0.191442 -0.494132
vn -0.841892 -0.275812 -0.463837
vn -0.848160 -0.187668 -0.495384
vn -0.847192 -0.102598 -0.521286
vn -0.740128 -0.165069 -0.651892
vn -0.741489 -0.169452 -0.649215
vn -0.740198 -0.165235 -0.651770
vn -0.738863 -0.161012 -0.654337
vn -0.688263 -0.434159 -0.581206
vn -0.759607 -0.311968 -0.570677
vn -0.756281 -0.318940 -0.571242
vn -0.707588 -0.407427 -0.577342
vn -0.707588 -0.407427 -0.577342
vn -0.756281 -0.318940 -0.571242
vn -0.737731 -0.361067 -0.570424
vn -0.639703 -0.455156 -0.619365
vn -0.636431 -0.468754 -0.612556
vn -0.637541 -0.464148 -0.614905
vn -0.640851 -0.450118 -0.621856
vn 0.051891 -0.226219 -0.972693
vn 0.158702 -0.141267 -0.977168
vn -0.033258 -0.150551 -0.988043
vn -0.103463 -0.228976 -0.967918
vn 0.051891 -0.226219 -0.972693
vn -0.103463 -0.228976 -0.967918
vn 0.131791 -0.423909 -0.896065
vn -0.729246 0.094594 0.677682
vn -0.824330 0.111343 0.555053
vn -0.770474 0.163408 0.616171
vn -0.657620 0.116702 0.744256
vn -0.657620 0.116702 0.744256
vn -0.770474 0.163408 0.616171
vn -0.780967 0.341704 0.522808
vn -0.413189 -0.026547 -0.910258
vn -0.372574 0.059436 -0.926097
vn -0.411020 -0.093632 -0.906805
vn -0.440172 -0.144332 -0.886237
vn -0.440172 -0.144332 -0.886237
vn -0.411020 -0.093632 -0.906805
vn -0.400714 -0.264692 -0.877135
vn -0.603545 -0.492828 -0.626781
vn -0.632833 -0.542302 -0.552658
vn -0.608093 -0.500217 -0.616446
vn -0.558911 -0.424012 -0.712624
vn -0.657974 -0.384563 -0.647442
vn -0.661479 -0.339090 -0.668927
vn -0.659723 -0.364693 -0.657088
vn -0.655371 -0.408775 -0.635132
vn -0.836424 -0.291229 -0.464307
vn -0.837617 -0.306243 -0.452342
vn -0.836621 -0.293464 -0.462542
vn -0.835240 -0.279243 -0.473707
vn -0.761683 -0.201444 -0.615841
vn -0.746192 -0.296460 -0.596078
vn -0.744331 -0.292051 -0.600565
vn -0.748162 -0.239795 -0.618670
vn -0.748162 -0.239795 -0.618670
vn -0.744331 -0.292051 -0.600565
vn -0.698482 -0.377919 -0.607701
vn -0.892567 -0.115165 -0.435960
vn -0.897422 -0.076058 -0.434567
vn -0.894758 -0.092665 -0.436831
vn -0.884191 -0.151119 -0.442005
vn -0.884191 -0.151119 -0.442005
vn -0.894758 -0.092665 -0.436831
vn -0.857994 -0.234734 -0.456888
vn -0.771908 -0.264436 -0.578128
vn -0.754227 -0.281407 -0.593255
vn -0.794427 -0.241495 -0.557285
vn -0.808452 -0.226403 -0.543274
vn -0.826883 -0.205901 -0.523325
vn -0.779693 -0.441488 -0.444035
vn -0.816735 -0.287965 -0.500020
vn -0.830102 -0.063677 -0.553964
vn -0.927160 0.275645 -0.253760
vn -0.832674 -0.178975 -0.524044
vn -0.850682 -0.141121 -0.506384
vn -0.918968 0.334351 -0.209064
vn -0.750784 -0.120834 -0.649402
vn -0.774349 -0.123938 -0.620502
vn -0.677186 -0.111010 -0.727390
vn -0.643572 -0.106457 -0.757946
vn -0.828280 -0.163307 -0.535987
vn -0.813268 -0.137021 -0.565526
vn -0.831735 -0.172894 -0.527565
vn -0.842424 -0.195713 -0.502014
vn -0.842424 -0.195713 -0.502014
vn -0.831735 -0.172894 -0.527565
vn -0.840508 -0.202732 -0.502441
vn -0.595454 -0.401694 -0.695756
vn -0.587765 -0.463068 -0.663401
vn -0.665248 -0.316361 -0.676284
vn -0.647754 -0.304736 -0.698248
vn -0.647754 -0.304736 -0.698248
vn -0.665248 -0.316361 -0.676284
vn -0.801414 -0.077558 -0.593060
vn -0.649998 -0.218075 0.727974
vn -0.621889 -0.206520 0.755383
vn -0.645260 -0.216140 0.732751
vn -0.673330 -0.227709 0.703402
vn 0.440521 0.428780 0.788726
vn 0.456562 0.422463 0.782992
vn 0.392351 0.446524 0.804162
vn 0.376704 0.451933 0.808611
vn 0.734368 -0.152122 -0.661485
vn 0.831628 -0.216970 -0.511194
vn 0.771160 -0.175276 -0.612039
vn 0.645768 -0.100849 -0.756844
vn 0.268456 -0.282810 -0.920842
vn 0.407628 -0.163017 -0.898479
vn 0.327294 -0.234319 -0.915409
vn 0.157061 -0.367008 -0.916862
vn 0.604876 0.179462 0.775834
vn 0.529443 0.694058 0.487825
vn 0.607157 0.238922 0.757811
vn 0.541304 -0.189790 0.819127
vn 0.876880 -0.013872 0.480509
vn 0.886141 0.029730 0.462461
vn 0.877471 -0.011338 0.479496
vn 0.868696 -0.046213 0.493186
vn 0.570891 -0.231396 -0.787743
vn 0.618623 -0.131333 -0.774634
vn 0.593510 -0.167672 -0.787167
vn 0.559173 -0.242088 -0.792918
vn 0.593510 -0.167672 -0.787167
vn 0.565497 -0.162547 -0.808574
vn 0.559173 -0.242088 -0.792918
vn 0.448734 -0.490819 -0.746816
vn 0.431591 -0.522538 -0.735312
vn 0.441694 -0.486834 -0.753591
vn 0.453934 -0.466070 -0.759422
vn 0.441694 -0.486834 -0.753591
vn 0.454266 -0.371509 -0.809706
vn 0.453934 -0.466070 -0.759422
vn 0.419656 -0.529957 -0.736909
vn 0.445093 -0.508397 -0.737174
vn 0.416760 -0.532359 -0.736821
vn 0.393796 -0.550912 -0.735813
vn 0.657375 -0.359390 -0.662342
vn 0.756685 -0.321887 -0.569049
vn 0.594100 -0.377784 -0.710158
vn 0.500475 -0.399008 -0.768321
vn 0.431694 -0.332842 -0.838365
vn 0.411176 -0.345361 -0.843600
vn 0.431464 -0.332978 -0.838430
vn 0.448883 -0.322069 -0.833532
vn 0.550758 -0.370475 -0.747940
vn 0.529963 -0.383402 -0.756401
vn 0.552716 -0.369250 -0.747101
vn 0.572536 -0.356424 -0.738353
vn 0.331429 -0.322185 -0.886765
vn 0.331645 -0.321983 -0.886758
vn 0.331522 -0.322090 -0.886765
vn 0.331338 -0.322253 -0.886774
vn -0.630515 -0.409660 -0.659264
vn -0.265625 -0.465530 -0.844231
vn -0.398004 -0.455247 -0.796457
vn -0.712101 -0.382204 -0.588924
vn -0.250326 -0.219461 -0.942960
vn -0.242153 -0.213851 -0.946377
vn -0.276178 -0.237206 -0.931375
vn -0.285843 -0.243824 -0.926738
vn 0.520276 -0.244042 -0.818386
vn 0.528411 -0.284674 -0.799839
vn 0.499225 -0.155230 -0.852454
vn 0.484252 -0.100945 -0.869086
vn 0.772352 -0.158735 -0.615041
vn 0.620294 -0.167216 -0.766338
vn 0.747611 -0.301661 -0.591675
vn 0.827885 -0.322257 -0.459083
vn 0.827885 -0.322257 -0.459083
vn 0.785206 0.025117 -0.618725
vn 0.772352 -0.158735 -0.615041
vn 0.323191 -0.281509 -0.903493
vn 0.194368 -0.298937 -0.934269
vn 0.396872 -0.249273 -0.883377
vn 0.509379 -0.222277 -0.831340
vn 0.396872 -0.249273 -0.883377
vn 0.576993 -0.140233 -0.804620
vn 0.509379 -0.222277 -0.831340
vn 0.885742 -0.446630 0.126422
vn 0.819272 -0.564952 0.098099
vn 0.879042 -0.460523 0.123302
vn 0.936472 -0.315572 0.153083
vn 0.860454 -0.471907 -0.192150
vn 0.943183 -0.236395 -0.233504
vn 0.870791 -0.450609 -0.196657
vn 0.766941 -0.622761 -0.154824
vn 0.443447 -0.210015 -0.871348
vn 0.541434 -0.190076 -0.818975
vn 0.392617 -0.206120 -0.896307
vn 0.308081 -0.215548 -0.926620
vn 0.392617 -0.206120 -0.896307
vn 0.329557 -0.182065 -0.926415
vn 0.308081 -0.215548 -0.926620
vn -0.462948 -0.357599 -0.811050
vn -0.461377 -0.532375 -0.709724
vn -0.463743 -0.484740 -0.741599
vn -0.460808 -0.317842 -0.828633
vn -0.621826 -0.408930 -0.667914
vn -0.672396 -0.494631 -0.550657
vn -0.604846 -0.382942 -0.698224
vn -0.538646 -0.289219 -0.791336
vn -0.371782 -0.331012 -0.867300
vn -0.340560 -0.361169 -0.868087
vn -0.393125 -0.309638 -0.865781
vn -0.418113 -0.283759 -0.862938
vn -0.646706 0.049371 0.761140
vn -0.470379 0.042752 0.881428
vn -0.642488 0.049238 0.764712
vn -0.771340 0.053199 0.634196
vn -0.838674 -0.066408 0.540570
vn -0.821690 -0.060314 0.566735
vn -0.841507 -0.067419 0.536023
vn -0.855289 -0.072607 0.513040
vn -0.616688 -0.282301 -0.734848
vn -0.634699 -0.194425 -0.747901
vn -0.615306 -0.240725 -0.750633
vn -0.604490 -0.292972 -0.740783
vn -0.616688 -0.282301 -0.734848
vn -0.604490 -0.292972 -0.740783
vn -0.547907 -0.523022 -0.652875
vn -0.452608 -0.563054 -0.691459
vn -0.403159 -0.668822 -0.624611
vn -0.476580 -0.544045 -0.690570
vn -0.492666 -0.492513 -0.717434
vn -0.452608 -0.563054 -0.691459
vn -0.492666 -0.492513 -0.717434
vn -0.497331 -0.385201 -0.777356
vn -0.353774 -0.672417 -0.650154
vn -0.347278 -0.677294 -0.648591
vn -0.354241 -0.672051 -0.650278
vn -0.361238 -0.666726 -0.651908
vn -0.659962 -0.436116 -0.611763
vn -0.445709 -0.496418 -0.744924
vn -0.625030 -0.449028 -0.638523
vn -0.833533 -0.343821 -0.432446
vn -0.456643 -0.395861 -0.796725
vn -0.494569 -0.366449 -0.788110
vn -0.450068 -0.400781 -0.798006
vn -0.402547 -0.434859 -0.805514
vn -0.645339 -0.415787 -0.640827
vn -0.668091 -0.384932 -0.636774
vn -0.642887 -0.418986 -0.641208
vn -0.613553 -0.455881 -0.644767
vn 0.280213 -0.365897 -0.887469
vn 0.295331 -0.366147 -0.882449
vn 0.274683 -0.365772 -0.889247
vn 0.258670 -0.365353 -0.894208
vn 0.159840 -0.391279 -0.906285
vn 0.139251 -0.393879 -0.908553
vn 0.195480 -0.386359 -0.901396
vn 0.216373 -0.383215 -0.897958
vn -0.568558 -0.070325 -0.819632
vn -0.595973 -0.145826 -0.789653
vn -0.585101 -0.114599 -0.802822
vn -0.554094 -0.034386 -0.831744
vn -0.575984 -0.512692 0.636702
vn -0.594879 -0.481444 0.643685
vn -0.573368 -0.516851 0.635700
vn -0.550543 -0.551769 0.626461
vn -0.521665 -0.195346 -0.830485
vn -0.544725 -0.191653 -0.816422
vn -0.524255 -0.197912 -0.828244
vn -0.508404 -0.195804 -0.838562
vn -0.521665 -0.195346 -0.830485
vn -0.508404 -0.195804 -0.838562
vn -0.515418 -0.182377 -0.837307
vn 0.526083 -0.033180 -0.849786
vn 0.528849 -0.032011 -0.848112
vn 0.508301 -0.040655 -0.860219
vn 0.505262 -0.041933 -0.861947
vn -0.419912 -0.136912 -0.897178
vn -0.295331 -0.195865 -0.935103
vn -0.398503 -0.157077 -0.903616
vn -0.464050 -0.114093 -0.878431
vn -0.464050 -0.114093 -0.878431
vn -0.464755 -0.068400 -0.882793
vn -0.419912 -0.136912 -0.897178
vn -0.106704 0.052128 0.992923
vn -0.137288 -0.191178 0.971907
vn -0.121130 0.039268 0.991860
vn -0.092519 0.202311 0.974941
vn -0.106704 0.052128 0.992923
vn -0.121130 0.039268 0.991860
vn -0.160403 0.148804 0.975771
vn -0.163380 0.224230 0.960743
vn -0.092519 0.202311 0.974941
vn -0.160403 0.148804 0.975771
vn -0.297403 0.125007 0.946533
vn 0.286287 0.119184 -0.950702
vn 0.356730 0.187516 -0.915195
vn 0.309533 0.141540 -0.940296
vn 0.221539 0.057885 -0.973432
vn -0.387109 0.087721 -0.917852
vn -0.376044 0.100401 -0.921146
vn -0.388638 0.085964 -0.917372
vn -0.401564 0.070945 -0.913079
vn 0.139788 -0.017670 -0.990024
vn 0.212642 0.009731 -0.977082
vn 0.117941 -0.025819 -0.992685
vn 0.029352 -0.058404 -0.997862
vn -0.232869 0.004393 -0.972498
vn -0.248808 -0.013764 -0.968455
vn -0.233810 0.003315 -0.972277
vn -0.216495 0.022866 -0.976016
vn -0.019527 -0.053647 -0.998369
vn -0.029066 -0.065905 -0.997402
vn -0.025143 -0.060835 -0.997831
vn -0.015326 -0.048250 -0.998718
vn -0.296915 -0.160088 -0.941389
vn -0.313333 -0.140560 -0.939183
vn -0.277397 -0.182921 -0.943181
vn -0.263612 -0.198742 -0.943933
vn -0.105894 -0.120962 -0.986993
vn -0.116082 -0.139933 -0.983333
vn -0.106096 -0.121258 -0.986935
vn -0.095673 -0.101858 -0.990188
vn -0.155147 -0.395564 -0.905239
vn 0.310338 -0.402811 -0.861065
vn 0.518417 -0.156262 -0.840729
vn 0.433520 0.008922 -0.901100
vn 0.433520 0.008922 -0.901100
vn -0.885862 -0.023448 0.463356
vn -0.155147 -0.395564 -0.905239
vn -0.735124 0.165367 -0.657455
vn -0.828160 0.159856 -0.537213
vn -0.811469 0.161241 -0.561711
vn -0.722345 0.165782 -0.671368
vn 0.211919 -0.097050 -0.972456
vn 0.163456 -0.080538 -0.983258
vn 0.175286 -0.084558 -0.980880
vn 0.221905 -0.100477 -0.969878
vn 0.081442 -0.088172 -0.992770
vn -0.007545 -0.060448 -0.998143
vn 0.009761 -0.065893 -0.997779
vn 0.097184 -0.092981 -0.990914
vn -0.191538 -0.050107 -0.980205
vn -0.826009 -0.030348 -0.562839
vn -0.702892 -0.076102 -0.707214
vn -0.209942 -0.061261 -0.975793
vn -0.702892 -0.076102 -0.707214
vn -0.727955 -0.189057 -0.659045
vn -0.209942 -0.061261 -0.975793
vn 0.934300 0.141985 -0.326991
vn 0.935012 0.058594 -0.349742
vn 0.879837 0.471107 -0.062806
vn 0.890280 0.417838 -0.181145
vn 0.890280 0.417838 -0.181145
vn 0.862655 0.097824 -0.496243
vn 0.934300 0.141985 -0.326991
vn -0.004333 -0.210519 -0.977580
vn 0.015968 -0.251829 -0.967640
vn 0.005916 -0.221460 -0.975152
vn -0.030932 -0.197636 -0.979787
vn -0.004333 -0.210519 -0.977580
vn -0.030932 -0.197636 -0.979787
vn -0.051518 -0.212803 -0.975736
vn 0.983146 -0.182675 0.007330
vn 0.963022 -0.239821 0.122778
vn 0.979237 -0.197583 0.045349
vn 0.986665 -0.159559 -0.032144
vn 0.986665 -0.159559 -0.032144
vn 0.983938 -0.175655 -0.031812
vn 0.983146 -0.182675 0.007330
vn 0.995210 -0.097433 0.008046
vn 0.999265 -0.008788 -0.037318
vn 0.997887 -0.064361 -0.008923
vn 0.985116 -0.166274 0.043583
vn 0.976153 -0.079312 0.202076
vn 0.979194 -0.100104 0.176520
vn 0.973306 -0.064323 0.220315
vn 0.968456 -0.043480 0.245362
vn 0.389307 0.145240 -0.909586
vn 0.389290 0.142624 -0.910007
vn 0.395926 0.140495 -0.907471
vn 0.398048 0.140813 -0.906493
vn 0.398048 0.140813 -0.906493
vn 0.395926 0.140495 -0.907471
vn 0.425145 0.119873 -0.897152
vn 0.300448 -0.016010 -0.953664
vn 0.290209 -0.018311 -0.956788
vn 0.333919 -0.008464 -0.942564
vn 0.346373 -0.005609 -0.938080
vn -0.087512 -0.092167 -0.991891
vn -0.085087 -0.091692 -0.992146
vn -0.097635 -0.094177 -0.990756
vn -0.100244 -0.094702 -0.990446
vn -0.068951 -0.198814 -0.977609
vn -0.053915 -0.152272 -0.986867
vn -0.079287 -0.212364 -0.973969
vn -0.103053 -0.243531 -0.964403
vn -0.079287 -0.212364 -0.973969
vn -0.121669 -0.223464 -0.967089
vn -0.103053 -0.243531 -0.964403
vn -0.937153 -0.341849 0.069881
vn -0.927860 -0.361358 0.092175
vn -0.956473 -0.283829 0.067829
vn -0.957312 -0.283845 0.054640
vn -0.957312 -0.283845 0.054640
vn -0.956473 -0.283829 0.067829
vn -0.989178 -0.126940 0.073581
vn -0.680988 -0.332603 -0.652404
vn -0.681144 -0.327551 -0.654792
vn -0.680967 -0.333582 -0.651926
vn -0.680770 -0.339270 -0.649190
vn -0.989640 -0.092785 0.109560
vn -0.984492 -0.038301 0.171199
vn -0.988712 -0.075257 0.129557
vn -0.989521 -0.124743 0.072714
vn -0.185077 -0.379534 -0.906477
vn -0.094650 -0.358888 -0.928569
vn -0.206018 -0.383878 -0.900108
vn -0.303720 -0.401790 -0.863898
vn -0.757378 -0.059814 -0.650232
vn -0.756435 -0.011095 -0.653975
vn -0.757205 -0.038831 -0.652022
vn -0.756889 -0.096227 -0.646420
vn -0.844283 -0.069398 -0.531385
vn -0.846923 -0.126537 -0.516439
vn -0.845875 -0.096124 -0.524648
vn -0.839796 -0.021393 -0.542481
vn -0.886709 -0.091273 -0.453229
vn -0.904965 -0.074012 -0.418999
vn -0.876507 -0.100272 -0.470830
vn -0.853558 -0.119053 -0.507214
vn 0.443471 -0.125548 -0.887452
vn 0.542408 -0.096966 -0.834500
vn 0.123045 -0.119598 -0.985168
vn 0.137096 -0.128331 -0.982210
vn 0.443471 -0.125548 -0.887452
vn 0.137096 -0.128331 -0.982210
vn 0.395981 -0.195177 -0.897276
vn 0.936162 -0.186132 -0.298255
vn 0.916297 -0.210093 -0.340969
vn 0.928335 -0.195999 -0.315877
vn 0.943927 -0.175622 -0.279568
vn 0.865613 0.003111 -0.500705
vn 0.878099 0.012484 -0.478316
vn 0.871537 0.007504 -0.490273
vn 0.858402 -0.002057 -0.512973
vn 0.930172 -0.061946 -0.361859
vn 0.915302 -0.110082 -0.387432
vn 0.959487 0.124870 -0.252572
vn 0.959242 0.182915 -0.215402
vn 0.635776 -0.140532 -0.758973
vn 0.305502 -0.240811 -0.921238
vn 0.656626 -0.132261 -0.742529
vn 0.867255 -0.024153 -0.497278
vn 0.469845 -0.155757 -0.868899
vn 0.487147 -0.152230 -0.859950
vn 0.467244 -0.156281 -0.870207
vn 0.446867 -0.160278 -0.880126
vn 0.812867 -0.161920 -0.559490
vn 0.812463 -0.162171 -0.560004
vn 0.812824 -0.161952 -0.559543
vn 0.813204 -0.161699 -0.559065
vn -0.467788 -0.359330 -0.807500
vn -0.458360 -0.370785 -0.807728
vn -0.479556 -0.344732 -0.806961
vn -0.490820 -0.330461 -0.806158
vn -0.898537 -0.406842 -0.164656
vn -0.895339 -0.355947 -0.267714
vn -0.897098 -0.421639 -0.132046
vn -0.879926 -0.475110 -0.000522
vn -0.124813 -0.441543 -0.888516
vn -0.166957 -0.462199 -0.870918
vn -0.124777 -0.441512 -0.888537
vn -0.074426 -0.415607 -0.906494
vn -0.181825 -0.401660 -0.897557
vn -0.102824 -0.342622 -0.933829
vn -0.290008 -0.477501 -0.829390
vn -0.417366 -0.558106 -0.717163
vn 0.989395 0.018347 -0.144085
vn 0.987473 -0.067936 -0.142411
vn 0.989000 0.032713 -0.144250
vn 0.981305 0.126966 -0.144637
vn 0.321312 -0.366098 -0.873345
vn 0.304133 -0.372338 -0.876851
vn 0.332568 -0.361881 -0.870885
vn 0.348178 -0.355942 -0.867224
vn 0.640158 -0.366844 -0.674999
vn 0.567889 -0.391564 -0.724003
vn 0.665782 -0.356849 -0.655281
vn 0.729464 -0.328629 -0.599904
vn 0.797115 -0.291508 -0.528801
vn 0.775628 -0.305329 -0.552427
vn 0.810865 -0.282098 -0.512755
vn 0.833704 -0.265461 -0.484219
vn -0.681860 -0.418832 -0.599706
vn -0.661621 -0.424393 -0.618182
vn -0.674165 -0.421001 -0.606844
vn -0.694592 -0.415088 -0.587574
vn -0.522553 -0.593470 -0.612153
vn -0.529413 -0.550345 -0.645633
vn -0.523638 -0.587393 -0.617068
vn -0.513242 -0.638472 -0.573530
vn -0.230934 -0.138445 -0.963069
vn -0.158748 -0.063380 -0.985283
vn -0.307627 -0.219544 -0.925833
vn -0.394398 -0.313201 -0.863919
vn -0.964959 -0.151273 -0.214408
vn -0.975841 -0.165665 -0.142441
vn -0.937360 -0.187559 -0.293561
vn -0.910892 -0.243754 -0.332957
vn -0.910892 -0.243754 -0.332957
vn -0.937360 -0.187559 -0.293561
vn -0.877553 -0.377074 -0.296169
vn -0.911717 -0.154931 -0.380485
vn -0.883190 -0.171312 -0.436609
vn -0.892622 -0.166201 -0.419050
vn -0.917573 -0.151167 -0.367707
vn -0.953259 -0.042218 -0.299191
vn -0.947543 -0.033882 -0.317828
vn -0.952652 -0.137546 -0.271173
vn -0.948383 -0.113111 -0.296270
vn -0.952652 -0.137546 -0.271173
vn -0.927577 -0.154239 -0.340310
vn -0.948383 -0.113111 -0.296270
vn -0.927577 -0.154239 -0.340310
vn -0.899859 -0.066002 -0.431159
vn -0.948383 -0.113111 -0.296270
vn -0.948383 -0.113111 -0.296270
vn -0.899859 -0.066002 -0.431159
vn -0.880413 -0.044020 -0.472160
vn -0.836733 -0.254064 -0.485107
vn -0.891637 -0.292292 -0.345759
vn -0.753773 -0.242142 -0.610895
vn -0.674303 -0.254539 -0.693200
vn -0.674303 -0.254539 -0.693200
vn -0.753773 -0.242142 -0.610895
vn -0.662268 -0.381530 -0.644853
vn -0.872988 -0.166165 -0.458564
vn -0.881964 -0.222371 -0.415561
vn -0.828717 -0.113260 -0.548088
vn -0.785561 -0.108198 -0.609252
vn -0.785561 -0.108198 -0.609252
vn -0.828717 -0.113260 -0.548088
vn -0.718399 -0.211040 -0.662846
vn -0.235166 -0.047156 -0.970811
vn -0.073955 -0.059149 -0.995506
vn -0.123829 -0.055635 -0.990743
vn -0.273155 -0.044065 -0.960960
vn -0.294551 -0.130115 -0.946736
vn -0.396846 -0.154437 -0.904800
vn -0.364429 -0.164919 -0.916512
vn -0.282625 -0.155950 -0.946469
vn -0.282625 -0.155950 -0.946469
vn -0.351099 -0.151990 -0.923920
vn -0.294551 -0.130115 -0.946736
vn -0.351099 -0.151990 -0.923920
vn -0.157154 -0.049645 -0.986326
vn -0.294551 -0.130115 -0.946736
vn -0.294551 -0.130115 -0.946736
vn -0.157154 -0.049645 -0.986326
vn -0.000185 0.066101 -0.997813
vn 0.905418 0.057564 -0.420601
vn 0.946411 0.103524 -0.305923
vn 0.795068 -0.098875 -0.598407
vn 0.782392 -0.117745 -0.611555
vn 0.795068 -0.098875 -0.598407
vn 0.814467 -0.148938 -0.560769
vn 0.782392 -0.117745 -0.611555
vn 0.814467 -0.148938 -0.560769
vn 0.870080 -0.040320 -0.491259
vn 0.782392 -0.117745 -0.611555
vn 0.782392 -0.117745 -0.611555
vn 0.870080 -0.040320 -0.491259
vn 0.873967 -0.038144 -0.484487
vn 0.953381 0.037191 -0.299470
vn 0.974811 0.166955 -0.147885
vn 0.865430 -0.066146 -0.496644
vn 0.783818 -0.132249 -0.606745
vn 0.783818 -0.132249 -0.606745
vn 0.865430 -0.066146 -0.496644
vn 0.752359 0.043102 -0.657342
vn -0.947647 -0.039191 -0.316906
vn -0.979500 -0.098201 -0.175885
vn -0.879523 0.030905 -0.474852
vn -0.807785 0.080692 -0.583928
vn -0.807785 0.080692 -0.583928
vn -0.879523 0.030905 -0.474852
vn -0.807409 0.075302 -0.585167
vn 0.920504 0.085793 -0.381199
vn 0.936958 0.184268 -0.296911
vn 0.863792 0.000733 -0.503848
vn 0.801958 -0.045730 -0.595627
vn 0.801958 -0.045730 -0.595627
vn 0.863792 0.000733 -0.503848
vn 0.751285 0.094482 -0.653180
vn 0.542215 -0.023241 -0.839919
vn 0.648573 0.067856 -0.758122
vn 0.389977 -0.122619 -0.912624
vn 0.284957 -0.186092 -0.940303
vn 0.284957 -0.186092 -0.940303
vn 0.389977 -0.122619 -0.912624
vn 0.283848 -0.154460 -0.946347
vn -0.609079 -0.002999 -0.793104
vn -0.632482 -0.018593 -0.774352
vn -0.614534 -0.006576 -0.788863
vn -0.587887 0.010790 -0.808871
vn -0.820395 -0.333493 -0.464472
vn -0.819806 -0.343003 -0.458550
vn -0.820288 -0.335328 -0.463339
vn -0.820817 -0.325459 -0.469400
vn -0.610252 -0.210293 -0.763786
vn -0.768637 -0.341192 -0.541097
vn -0.696341 -0.278000 -0.661684
vn -0.479939 -0.116652 -0.869512
vn -0.903030 0.027543 -0.428694
vn -0.912815 -0.042658 -0.406140
vn -0.903116 0.027035 -0.428544
vn -0.884855 0.110928 -0.452467
vn 0.902175 0.105992 -0.418146
vn 0.924496 0.153271 -0.349019
vn 0.911281 0.123672 -0.392775
vn 0.882413 0.072235 -0.464898
vn 0.981490 0.052419 -0.184199
vn 0.958028 0.186202 -0.217970
vn 0.972890 0.115290 -0.200480
vn 0.986291 -0.025273 -0.163066
vn 0.953975 0.059399 -0.293943
vn 0.966486 0.084298 -0.242486
vn 0.957557 0.065906 -0.280607
vn 0.940614 0.037809 -0.337367
vn 0.573486 -0.452087 -0.683177
vn 0.694650 -0.186696 -0.694699
vn 0.594821 -0.414681 -0.688642
vn 0.453489 -0.622569 -0.637774
vn 0.497095 -0.304218 -0.812618
vn 0.521236 -0.299883 -0.798988
vn 0.500565 -0.303608 -0.810714
vn 0.468640 -0.308942 -0.827606
vn 0.374883 -0.447270 -0.812042
vn 0.434386 -0.424522 -0.794412
vn 0.357803 -0.453341 -0.816369
vn 0.268436 -0.481885 -0.834104
vn -0.505299 0.022941 -0.862639
vn -0.508151 0.010332 -0.861206
vn -0.505503 0.021966 -0.862545
vn -0.503084 0.032400 -0.863630
vn 0.456286 -0.304637 -0.836062
vn 0.469645 -0.292128 -0.833124
vn 0.453770 -0.306977 -0.836575
vn 0.439088 -0.320368 -0.839384
vn 0.530221 -0.229904 -0.816094
vn 0.641710 0.059783 -0.764614
vn 0.551951 -0.184335 -0.813247
vn 0.387724 -0.467571 -0.794385
vn 0.687652 -0.034105 -0.725239
vn 0.722227 0.106841 -0.683354
vn 0.701606 0.015425 -0.712398
vn 0.654352 -0.131700 -0.744633
vn -0.614881 -0.204783 -0.761568
vn -0.769571 -0.306504 -0.560192
vn -0.687672 -0.250781 -0.681334
vn -0.463712 -0.115565 -0.878417
vn -0.560435 0.352558 0.749410
vn -0.508050 0.424500 0.749456
vn -0.535832 0.363972 0.761845
vn -0.541609 0.339992 0.768807
vn -0.560435 0.352558 0.749410
vn -0.535832 0.363972 0.761845
vn -0.514446 0.347671 0.783882
vn -0.594333 0.117906 0.795529
vn -0.506126 0.252462 0.824681
vn -0.525037 0.142104 0.839132
vn -0.520961 0.098768 0.847847
vn -0.594333 0.117906 0.795529
vn -0.525037 0.142104 0.839132
vn -0.418962 0.118645 0.900219
vn -0.017848 0.107053 0.994093
vn -0.047040 0.084558 0.995308
vn -0.007010 0.107305 0.994201
vn 0.001934 0.114285 0.993446
vn -0.017848 0.107053 0.994093
vn -0.007010 0.107305 0.994201
vn 0.016458 0.114727 0.993261
vn -0.276630 0.052325 0.959551
vn -0.309864 0.017827 0.950614
vn -0.287517 0.027571 0.957379
vn -0.276630 0.052325 0.959551
vn -0.287517 0.027571 0.957379
vn -0.272616 0.049636 0.960842
vn -0.259504 0.083507 0.962125
vn -0.560505 -0.094195 0.822777
vn -0.623204 -0.140518 0.769332
vn -0.623352 -0.081435 0.777689
vn -0.617584 -0.060325 0.784188
vn -0.560505 -0.094195 0.822777
vn -0.623352 -0.081435 0.777689
vn -0.696046 -0.038663 0.716955
vn 0.455648 -0.180844 0.871596
vn 0.513537 -0.239094 0.824084
vn 0.446327 -0.176898 0.877211
vn 0.426152 -0.159125 0.890547
vn 0.455648 -0.180844 0.871596
vn 0.446327 -0.176898 0.877211
vn 0.425724 -0.165584 0.889573
vn 0.537077 -0.253071 0.804676
vn 0.462055 -0.196982 0.864698
vn 0.545588 -0.143318 0.825708
vn 0.566039 -0.141198 0.812196
vn 0.537077 -0.253071 0.804676
vn 0.545588 -0.143318 0.825708
vn 0.550869 0.020942 0.834329
vn 0.751928 0.047226 0.657552
vn 0.751805 0.047362 0.657682
vn 0.746051 0.111856 0.656426
vn 0.743731 0.131001 0.655517
vn 0.751928 0.047226 0.657552
vn 0.746051 0.111856 0.656426
vn 0.730334 0.213184 0.648972
s off
g beard09
usemtl FBXASC0490SG
f 3/1/1 1/2/2 2/3/3 4/4/4
f 4/4/5 2/3/6 5/5/7
f 8/6/8 6/7/9 7/8/10 9/9/11
f 12/10/12 10/11/13 11/12/14 13/13/15
f 16/14/16 14/15/17 15/16/18 17/17/19
f 20/18/20 18/19/21 19/20/22 21/21/23
f 24/22/24 22/23/25 23/24/26 25/25/27
f 28/26/28 26/27/29 27/28/30 29/29/31
f 32/30/32 30/31/33 31/32/34 33/33/35
f 32/30/36 33/33/37 34/34/38
f 35/35/39 36/36/40 37/37/41
f 38/38/42 36/36/43 35/35/44 39/39/45
f 40/40/46 41/41/47 42/42/48
f 43/43/49 41/41/50 40/40/51 44/44/52
f 45/45/53 46/46/54 47/47/55
f 48/48/56 46/46/57 45/45/58 49/49/59
f 50/50/60 51/51/61 52/52/62
f 53/53/63 51/51/64 50/50/65 54/54/66
f 57/55/67 55/56/68 56/57/69 58/58/70
f 59/59/71 60/60/72 61/61/73
f 62/62/74 60/60/75 59/59/76 63/63/77
f 66/64/78 64/65/79 65/66/80 67/67/81
f 70/68/82 68/69/83 69/70/84 71/71/85
f 74/72/86 72/73/87 73/74/88 75/75/89
f 78/76/90 76/77/91 77/78/92 79/79/93
f 82/80/94 80/81/95 81/82/96 83/83/97
f 86/84/98 84/85/99 85/86/100 87/87/101
f 89/88/102 90/89/103 88/90/104 91/91/105
f 88/90/106 92/92/107 91/91/108
f 94/93/109 95/94/110 93/95/111 96/96/112
f 93/95/113 97/97/114 96/96/115
f 98/98/116 99/99/117 100/100/118
f 98/98/119 100/100/120 101/101/121 102/102/122
f 103/103/123 104/104/124 105/105/125
f 106/106/126 103/103/127 105/105/128 107/107/129
f 108/108/130 109/109/131 110/110/132
f 108/108/133 110/110/134 111/111/135 112/112/136
f 113/113/137 114/114/138 115/115/139
f 113/113/140 115/115/141 116/116/142 117/117/143
f 120/118/144 118/119/145 119/120/146 121/121/147
f 124/122/148 122/123/149 123/124/150 125/125/151
f 128/126/152 126/127/153 127/128/154 129/129/155
f 132/130/156 130/131/157 131/132/158 133/133/159
f 136/134/160 134/135/161 135/136/162 137/137/163
f 140/138/164 138/139/165 139/140/166 141/141/167
f 144/142/168 142/143/169 143/144/170 145/145/171
f 148/146/172 146/147/173 147/148/174 149/149/175
f 152/150/176 150/151/177 151/152/178 153/153/179
f 156/154/180 154/155/181 155/156/182 157/157/183
f 160/158/184 158/159/185 159/160/186 161/161/187
f 164/162/188 162/163/189 163/164/190 165/165/191
f 168/166/192 166/167/193 167/168/194 169/169/195
f 172/170/196 170/171/197 171/172/198 173/173/199
f 174/174/200 175/175/201 176/176/202
f 177/177/203 174/174/204 176/176/205 178/178/206
f 181/179/207 179/180/208 180/181/209 182/182/210
f 181/179/211 182/182/212 183/183/213
f 186/184/214 184/185/215 185/186/216 187/187/217
f 188/188/218 189/189/219 190/190/220
f 189/189/221 188/188/222 191/191/223 192/192/224
f 195/193/225 193/194/226 194/195/227 196/196/228
f 198/197/229 199/198/230 197/199/231 200/200/232
f 197/199/233 201/201/234 200/200/235
f 201/201/236 202/202/237 200/200/238
f 200/200/239 202/202/240 203/203/241
f 204/204/242 205/205/243 206/206/244
f 207/207/245 205/205/246 204/204/247 208/208/248
f 209/209/249 210/210/250 211/211/251
f 212/212/252 209/209/253 211/211/254 213/213/255
f 215/214/256 216/215/257 214/216/258 217/217/259
f 214/216/260 218/218/261 217/217/262
f 218/218/263 219/219/264 217/217/265
f 217/217/266 219/219/267 220/220/268
f 221/221/269 222/222/270 223/223/271
f 221/221/272 223/223/273 224/224/274 225/225/275
f 228/226/276 226/227/277 227/228/278 229/229/279
f 230/230/280 231/231/281 232/232/282
f 233/233/283 230/230/284 232/232/285 234/234/286
f 235/235/287 236/236/288 237/237/289
f 235/235/290 237/237/291 238/238/292 239/239/293
f 241/240/294 242/241/295 240/242/296 243/243/297
f 240/242/298 244/244/299 243/243/300
f 244/244/301 245/245/302 243/243/303
f 243/243/304 245/245/305 246/246/306
f 249/247/307 247/248/308 248/249/309 250/250/310
f 253/251/311 251/252/312 252/253/313 254/254/314
f 253/251/315 254/254/316 255/255/317
f 258/256/318 256/257/319 257/258/320 259/259/321
f 258/256/322 259/259/323 260/260/324
f 261/261/325 262/262/326 263/263/327
f 264/264/328 262/262/329 261/261/330 265/265/331
f 268/266/332 266/267/333 267/268/334 269/269/335
f 270/270/336 271/271/337 272/272/338
f 271/271/339 270/270/340 273/273/341 274/274/342
f 275/275/343 276/276/344 277/277/345
f 276/276/346 275/275/347 278/278/348 279/279/349
f 282/280/350 280/281/351 281/282/352 283/283/353
f 286/284/354 284/285/355 285/286/356 287/287/357
f 290/288/358 288/289/359 289/290/360 291/291/361
f 293/292/362 294/293/363 292/294/364 295/295/365
f 295/295/366 292/294/367 296/296/368
f 292/294/369 297/297/370 296/296/371
f 298/298/372 297/297/373 292/294/374
f 300/299/375 301/300/376 299/301/377 302/302/378
f 302/302/379 299/301/380 303/303/381
f 299/301/382 304/304/383 303/303/384
f 305/305/385 304/304/386 299/301/387
f 308/306/388 306/307/389 307/308/390 309/309/391
f 312/310/392 310/311/393 311/312/394 313/313/395
f 315/314/396 316/315/397 314/316/398 317/317/399
f 314/316/400 318/318/401 317/317/402
f 319/319/403 320/320/404 321/321/405
f 319/319/406 321/321/407 322/322/408 323/323/409
f 326/324/410 324/325/411 325/326/412 327/327/413
f 330/328/414 328/329/415 329/330/416 331/331/417
f 332/332/418 333/333/419 334/334/420
f 335/335/421 332/332/422 334/334/423 336/336/424
f 337/337/425 338/338/426 339/339/427
f 337/337/428 339/339/429 340/340/430 341/341/431
f 344/342/432 342/343/433 343/344/434 345/345/435
f 348/346/436 346/347/437 347/348/438 349/349/439
f 352/350/440 350/351/441 351/352/442 353/353/443
f 356/354/444 354/355/445 355/356/446 357/357/447
f 358/358/448 359/359/449 360/360/450
f 361/361/451 359/359/452 358/358/453 362/362/454
f 363/363/455 364/364/456 365/365/457
f 363/363/458 365/365/459 366/366/460 367/367/461
f 370/368/462 368/369/463 369/370/464 371/371/465
f 372/372/466 373/373/467 374/374/468
f 372/372/469 374/374/470 375/375/471 376/376/472
f 378/377/473 379/378/474 377/379/475 380/380/476
f 377/379/477 381/381/478 380/380/479
f 384/382/480 382/383/481 383/384/482 385/385/483
f 385/385/484 383/384/485 386/386/486
f 387/387/487 388/388/488 389/389/489
f 390/390/490 388/388/491 387/387/492 391/391/493
f 394/392/494 392/393/495 393/394/496 395/395/497
f 393/394/498 396/396/499 395/395/500
f 399/397/501 397/398/502 398/399/503 400/400/504
f 401/401/505 402/402/506 403/403/507
f 401/401/508 403/403/509 404/404/510 405/405/511
f 406/406/512 407/407/513 408/408/514
f 409/409/515 406/406/516 408/408/517 410/410/518
f 411/411/519 412/412/520 413/413/521
f 411/411/522 413/413/523 414/414/524 415/415/525
f 418/416/526 416/417/527 417/418/528 419/419/529
f 422/420/530 420/421/531 421/422/532 423/423/533
f 423/423/534 421/422/535 424/424/536
f 427/425/537 425/426/538 426/427/539 428/428/540
f 428/428/541 426/427/542 429/429/543
f 432/430/544 430/431/545 431/432/546 433/433/547
f 433/433/548 431/432/549 434/434/550
f 437/435/551 435/436/552 436/437/553 438/438/554
f 438/438/555 436/437/556 439/439/557
f 442/440/558 440/441/559 441/442/560 443/443/561
f 443/443/562 444/444/563 442/440/564
f 447/445/565 445/446/566 446/447/567 448/448/568
f 448/448/569 449/449/570 447/445/571
f 452/450/572 450/451/573 451/452/574 453/453/575
f 453/453/576 454/454/577 452/450/578
f 457/455/579 455/456/580 456/457/581 458/458/582
f 458/458/583 459/459/584 457/455/585
f 460/460/586 461/461/587 462/462/588
f 463/463/589 460/460/590 462/462/591 464/464/592
f 465/465/593 466/466/594 467/467/595
f 468/468/596 466/466/597 465/465/598 469/469/599
f 470/470/600 471/471/601 472/472/602
f 473/473/603 471/471/604 470/470/605 474/474/606
f 475/475/607 476/476/608 477/477/609
f 475/475/610 477/477/611 478/478/612 479/479/613
f 481/480/614 482/481/615 480/482/616 483/483/617
f 480/482/618 484/484/619 483/483/620
f 484/484/621 485/485/622 483/483/623
f 483/483/624 485/485/625 486/486/626
f 489/487/627 487/488/628 488/489/629 490/490/630
f 493/491/631 491/492/632 492/493/633 494/494/634
f 497/495/635 495/496/636 496/497/637 498/498/638
f 499/499/639 500/500/640 501/501/641
f 502/502/642 500/500/643 499/499/644 503/503/645
f 504/504/646 505/505/647 506/506/648
f 504/504/649 506/506/650 507/507/651 508/508/652
f 509/509/653 510/510/654 511/511/655
f 509/509/656 511/511/657 512/512/658 513/513/659
f 514/514/660 515/515/661 516/516/662
f 514/514/663 516/516/664 517/517/665 518/518/666
f 521/519/667 519/520/668 520/521/669 522/522/670
f 525/523/671 523/524/672 524/525/673 526/526/674
f 529/527/675 527/528/676 528/529/677 530/530/678
f 529/527/679 530/530/680 531/531/681
f 531/531/682 530/530/683 532/532/684
f 530/530/685 533/533/686 532/532/687
f 536/534/688 534/535/689 535/536/690 537/537/691
f 540/538/692 538/539/693 539/540/694 541/541/695
f 542/542/696 543/543/697 544/544/698
f 545/545/699 542/542/700 544/544/701 546/546/702
f 549/547/703 547/548/704 548/549/705 550/550/706
f 551/551/707 552/552/708 553/553/709
f 552/552/710 551/551/711 554/554/712 555/555/713
f 557/556/714 558/557/715 556/558/716 559/559/717
f 559/559/718 560/560/719 557/556/720
f 560/560/721 561/561/722 557/556/723
f 557/556/724 561/561/725 562/562/726
f 563/563/727 564/564/728 565/565/729
f 566/566/730 564/564/731 563/563/732 567/567/733
f 568/568/734 569/569/735 570/570/736
f 568/568/737 570/570/738 571/571/739 572/572/740
f 573/573/741 574/574/742 575/575/743
f 576/576/744 574/574/745 573/573/746 577/577/747
f 578/578/748 579/579/749 580/580/750
f 578/578/751 580/580/752 581/581/753 582/582/754
f 585/583/755 583/584/756 584/585/757 586/586/758
f 586/586/759 584/585/760 587/587/761
f 588/588/762 589/589/763 590/590/764
f 591/591/765 589/589/766 588/588/767 592/592/768
f 595/593/769 593/594/770 594/595/771 596/596/772
f 594/595/773 597/597/774 596/596/775
f 598/598/776 599/599/777 600/600/778
f 598/598/779 600/600/780 601/601/781 602/602/782
f 604/603/783 605/604/784 603/605/785 606/606/786
f 603/605/787 607/607/788 606/606/789
f 607/607/790 608/608/791 606/606/792
f 606/606/793 608/608/794 609/609/795
f 612/610/796 610/611/797 611/612/798 613/613/799
f 616/614/800 614/615/801 615/616/802 617/617/803
f 620/618/804 618/619/805 619/620/806 621/621/807
f 623/622/808 624/623/809 622/624/810 625/625/811
f 625/625/812 622/624/813 626/626/814
f 629/627/815 627/628/816 628/629/817 630/630/818
f 633/631/819 631/632/820 632/633/821 634/634/822
f 637/635/823 635/636/824 636/637/825 638/638/826
f 641/639/827 639/640/828 640/641/829 642/642/830
f 641/639/831 642/642/832 643/643/833
f 644/644/834 645/645/835 646/646/836
f 647/647/837 644/644/838 646/646/839 648/648/840
f 650/649/841 651/650/842 649/651/843 652/652/844
f 650/649/845 652/652/846 653/653/847
f 654/654/848 655/655/849 656/656/850
f 655/655/851 654/654/852 657/657/853 658/658/854
f 659/659/855 660/660/856 661/661/857
f 660/660/858 659/659/859 662/662/860 663/663/861
f 666/664/862 664/665/863 665/666/864 667/667/865
f 668/668/866 669/669/867 670/670/868
f 668/668/869 670/670/870 671/671/871 672/672/872
f 675/673/873 673/674/874 674/675/875 676/676/876
f 679/677/877 677/678/878 678/679/879 680/680/880
f 683/681/881 681/682/882 682/683/883 684/684/884
f 685/685/885 686/686/886 687/687/887
f 686/686/888 685/685/889 688/688/890 689/689/891
f 690/690/892 691/691/893 692/692/894
f 691/691/895 690/690/896 693/693/897 694/694/898
f 697/695/899 695/696/900 696/697/901 698/698/902
f 699/699/903 700/700/904 701/701/905
f 699/699/906 701/701/907 702/702/908 703/703/909
f 705/704/910 706/705/911 704/706/912 707/707/913
f 705/704/914 707/707/915 708/708/916
f 710/709/917 711/710/918 709/711/919 712/712/920
f 710/709/921 712/712/922 713/713/923
f 715/714/924 716/715/925 714/716/926 717/717/927
f 714/716/928 718/718/929 717/717/930
f 717/717/931 718/718/932 719/719/933
f 719/719/934 718/718/935 720/720/936
f 722/721/937 723/722/938 721/723/939 724/724/940
f 724/724/941 725/725/942 722/721/943
f 722/721/944 725/725/945 726/726/946
f 726/726/947 725/725/948 727/727/949
f 729/728/950 730/729/951 728/730/952 731/731/953
f 729/728/954 731/731/955 732/732/956
f 735/733/957 733/734/958 734/735/959 736/736/960
f 737/737/961 738/738/962 739/739/963
f 740/740/964 738/738/965 737/737/966 741/741/967
f 744/742/968 742/743/969 743/744/970 745/745/971
f 746/746/972 747/747/973 748/748/974
f 747/747/975 746/746/976 749/749/977 750/750/978
f 752/751/979 753/752/980 751/753/981 754/754/982
f 752/751/983 754/754/984 755/755/985
f 758/756/986 756/757/987 757/758/988 759/759/989
f 762/760/990 760/761/991 761/762/992 763/763/993
f 761/762/994 764/764/995 763/763/996
f 767/765/997 765/766/998 766/767/999 768/768/1000
f 766/767/1001 769/769/1002 768/768/1003
f 771/770/1004 772/771/1005 770/772/1006 773/773/1007
f 773/773/1008 770/772/1009 774/774/1010
f 770/772/1011 775/775/1012 774/774/1013
f 776/776/1014 775/775/1015 770/772/1016
f 778/777/1017 779/778/1018 777/779/1019 780/780/1020
f 780/780/1021 777/779/1022 781/781/1023
f 777/779/1024 782/782/1025 781/781/1026
f 781/781/1027 782/782/1028 783/783/1029
f 786/784/1030 784/785/1031 785/786/1032 787/787/1033
f 787/787/1034 788/788/1035 786/784/1036
f 791/789/1037 789/790/1038 790/791/1039 792/792/1040
f 792/792/1041 790/791/1042 793/793/1043 794/794/1044
f 793/793/1045 795/795/1046 794/794/1047
f 798/796/1048 796/797/1049 797/798/1050 799/799/1051
f 801/800/1052 802/801/1053 800/802/1054 803/803/1055
f 801/800/1056 803/803/1057 804/804/1058
f 806/805/1059 807/806/1060 805/807/1061 808/808/1062
f 808/808/1063 809/809/1064 806/805/1065
f 809/809/1066 810/810/1067 806/805/1068
f 806/805/1069 810/810/1070 811/811/1071
f 813/812/1072 814/813/1073 812/814/1074 815/815/1075
f 815/815/1076 812/814/1077 816/816/1078
f 816/816/1079 812/814/1080 817/817/1081
f 812/814/1082 818/818/1083 817/817/1084
f 819/819/1085 820/820/1086 821/821/1087
f 822/822/1088 819/819/1089 821/821/1090 823/823/1091
f 826/824/1092 824/825/1093 825/826/1094 827/827/1095
f 827/827/1096 828/828/1097 826/824/1098
f 831/829/1099 829/830/1100 830/831/1101 832/832/1102
f 832/832/1103 833/833/1104 831/829/1105
f 836/834/1106 834/835/1107 835/836/1108 837/837/1109
f 839/838/1110 840/839/1111 838/840/1112 841/841/1113
f 841/841/1114 842/842/1115 839/838/1116
f 845/843/1117 843/844/1118 844/845/1119 846/846/1120
f 846/846/1121 847/847/1122 845/843/1123
f 850/848/1124 848/849/1125 849/850/1126 851/851/1127
f 852/852/1128 853/853/1129 854/854/1130
f 855/855/1131 853/853/1132 852/852/1133 856/856/1134
f 859/857/1135 857/858/1136 858/859/1137 860/860/1138
f 863/861/1139 861/862/1140 862/863/1141 864/864/1142
f 862/863/1143 865/865/1144 864/864/1145
f 868/866/1146 866/867/1147 867/868/1148 869/869/1149
f 872/870/1150 870/871/1151 871/872/1152 873/873/1153
f 876/874/1154 874/875/1155 875/876/1156 877/877/1157
f 880/878/1158 878/879/1159 879/880/1160 881/881/1161
f 881/881/1162 879/880/1163 882/882/1164
f 884/883/1165 885/884/1166 883/885/1167 886/886/1168
f 884/883/1169 886/886/1170 887/887/1171
f 890/888/1172 888/889/1173 889/890/1174 891/891/1175
f 891/891/1176 892/892/1177 890/888/1178
f 895/893/1179 893/894/1180 894/895/1181 896/896/1182
f 896/896/1183 894/895/1184 897/897/1185
f 900/898/1186 898/899/1187 899/900/1188 901/901/1189
f 899/900/1190 902/902/1191 901/901/1192
f 904/903/1193 905/904/1194 903/905/1195 906/906/1196
f 904/903/1197 906/906/1198 907/907/1199
f 910/908/1200 908/909/1201 909/910/1202 911/911/1203
f 914/912/1204 912/913/1205 913/914/1206 915/915/1207
f 918/916/1208 916/917/1209 917/918/1210 919/919/1211
f 917/918/1212 920/920/1213 919/919/1214
f 923/921/1215 921/922/1216 922/923/1217 924/924/1218
f 927/925/1219 925/926/1220 926/927/1221 928/928/1222
f 928/928/1223 926/927/1224 929/929/1225
f 932/930/1226 930/931/1227 931/932/1228 933/933/1229
f 935/934/1230 936/935/1231 934/936/1232 937/937/1233
f 937/937/1234 938/938/1235 935/934/1236
f 941/939/1237 939/940/1238 940/941/1239 942/942/1240
f 945/943/1241 943/944/1242 944/945/1243 946/946/1244
f 947/947/1245 948/948/1246 949/949/1247
f 950/950/1248 948/948/1249 947/947/1250 951/951/1251
f 952/952/1252 953/953/1253 954/954/1254
f 955/955/1255 953/953/1256 952/952/1257 956/956/1258
f 959/957/1259 957/958/1260 958/959/1261 960/960/1262
f 961/961/1263 962/962/1264 963/963/1265
f 964/964/1266 962/962/1267 961/961/1268 965/965/1269
f 968/966/1270 966/967/1271 967/968/1272 969/969/1273
f 971/970/1274 972/971/1275 970/972/1276 973/973/1277
f 973/973/1278 970/972/1279 974/974/1280
f 977/975/1281 975/976/1282 976/977/1283 978/978/1284
f 981/979/1285 979/980/1286 980/981/1287 982/982/1288
f 983/983/1289 984/984/1290 985/985/1291
f 983/983/1292 985/985/1293 986/986/1294 987/987/1295
f 988/988/1296 989/989/1297 990/990/1298
f 988/988/1299 990/990/1300 991/991/1301 992/992/1302
f 995/993/1303 993/994/1304 994/995/1305 996/996/1306
f 998/997/1307 999/998/1308 997/999/1309 1000/1000/1310
f 1000/1000/1311 997/999/1312 1001/1001/1313
f 1002/1002/1314 1003/1003/1315 1004/1004/1316
f 1002/1002/1317 1004/1004/1318 1005/1005/1319 1006/1006/1320
f 1008/1007/1321 1009/1008/1322 1007/1009/1323 1010/1010/1324
f 1008/1007/1325 1010/1010/1326 1011/1011/1327
f 1014/1012/1328 1012/1013/1329 1013/1014/1330 1015/1015/1331
f 1015/1015/1332 1013/1014/1333 1016/1016/1334
f 1018/1017/1335 1019/1018/1336 1017/1019/1337 1020/1020/1338
f 1020/1020/1339 1017/1019/1340 1021/1021/1341
f 1024/1022/1342 1022/1023/1343 1023/1024/1344 1025/1025/1345
f 1028/1026/1346 1026/1027/1347 1027/1028/1348 1029/1029/1349
f 1032/1030/1350 1030/1031/1351 1031/1032/1352 1033/1033/1353
f 1033/1033/1354 1034/1034/1355 1032/1030/1356
f 1035/1035/1357 1036/1036/1358 1037/1037/1359
f 1035/1035/1360 1037/1037/1361 1038/1038/1362 1039/1039/1363
f 1040/1040/1364 1039/1039/1365 1038/1038/1366 1041/1041/1367
f 1044/1042/1368 1042/1043/1369 1043/1044/1370 1045/1045/1371
f 1046/1046/1372 1047/1047/1373 1048/1048/1374
f 1047/1047/1375 1046/1046/1376 1049/1049/1377 1050/1050/1378
f 1051/1051/1379 1052/1052/1380 1053/1053/1381
f 1052/1052/1382 1051/1051/1383 1054/1054/1384 1055/1055/1385
f 1058/1056/1386 1056/1057/1387 1057/1058/1388 1059/1059/1389
f 1057/1058/1390 1060/1060/1391 1059/1059/1392
f 1063/1061/1393 1061/1062/1394 1062/1063/1395 1064/1064/1396
f 1067/1065/1397 1065/1066/1398 1066/1067/1399 1068/1068/1400
f 1069/1069/1401 1070/1070/1402 1071/1071/1403
f 1069/1069/1404 1071/1071/1405 1072/1072/1406 1073/1073/1407
f 1076/1074/1408 1074/1075/1409 1075/1076/1410 1077/1077/1411
f 1080/1078/1412 1078/1079/1413 1079/1080/1414 1081/1081/1415
f 1082/1082/1416 1083/1083/1417 1084/1084/1418
f 1085/1085/1419 1083/1083/1420 1082/1082/1421 1086/1086/1422
f 1089/1087/1423 1087/1088/1424 1088/1089/1425 1090/1090/1426
f 1091/1091/1427 1092/1092/1428 1093/1093/1429
f 1094/1094/1430 1092/1092/1431 1091/1091/1432 1095/1095/1433
f 1098/1096/1434 1096/1097/1435 1097/1098/1436 1099/1099/1437
f 1100/1100/1438 1101/1101/1439 1102/1102/1440
f 1100/1100/1441 1102/1102/1442 1103/1103/1443 1104/1104/1444
f 1107/1105/1445 1105/1106/1446 1106/1107/1447 1108/1108/1448
f 1109/1109/1449 1110/1110/1450 1111/1111/1451
f 1109/1109/1452 1111/1111/1453 1112/1112/1454 1113/1113/1455
f 1114/1115/1456 1115/1116/1457 1117/1117/1458 1116/1114/1459
f 1117/1117/1460 1118/1118/1461 1116/1114/1462
f 1120/1119/1463 1121/1120/1464 1119/1121/1465 1122/1122/1466
f 1119/1121/1467 1123/1123/1468 1122/1122/1469
f 1126/1124/1470 1124/1125/1471 1125/1126/1472 1127/1127/1473
f 1128/1128/1474 1129/1129/1475 1130/1130/1476
f 1131/1131/1477 1129/1129/1478 1128/1128/1479 1132/1132/1480
f 1133/1133/1481 1134/1134/1482 1135/1135/1483
f 1134/1134/1484 1133/1133/1485 1136/1136/1486 1137/1137/1487
f 1140/1138/1488 1138/1139/1489 1139/1140/1490 1141/1141/1491
f 1144/1142/1492 1142/1143/1493 1143/1144/1494 1145/1145/1495
f 1148/1146/1496 1146/1147/1497 1147/1148/1498 1149/1149/1499
f 1151/1150/1500 1152/1151/1501 1150/1152/1502 1153/1153/1503
f 1153/1153/1504 1154/1154/1505 1151/1150/1506
f 1157/1155/1507 1155/1156/1508 1156/1157/1509 1158/1158/1510
f 1161/1159/1511 1159/1160/1512 1160/1161/1513 1162/1162/1514
f 1161/1159/1515 1162/1162/1516 1163/1163/1517
f 1166/1164/1518 1164/1165/1519 1165/1166/1520 1167/1167/1521
f 1170/1168/1522 1168/1169/1523 1169/1170/1524 1171/1171/1525
f 1170/1168/1526 1171/1171/1527 1172/1172/1528
f 1173/1173/1529 1174/1174/1530 1175/1175/1531
f 1173/1173/1532 1175/1175/1533 1176/1176/1534 1177/1177/1535
f 1180/1178/1536 1178/1179/1537 1179/1180/1538 1181/1181/1539
f 1182/1182/1540 1183/1183/1541 1184/1184/1542
f 1182/1182/1543 1184/1184/1544 1185/1185/1545 1186/1186/1546
f 1189/1187/1547 1187/1188/1548 1188/1189/1549 1190/1190/1550
f 1193/1191/1551 1191/1192/1552 1192/1193/1553 1194/1194/1554
f 1197/1195/1555 1195/1196/1556 1196/1197/1557 1198/1198/1558
f 1200/1199/1559 1201/1200/1560 1199/1201/1561 1202/1202/1562
f 1202/1202/1563 1199/1201/1564 1203/1203/1565
f 1206/1204/1566 1204/1205/1567 1205/1206/1568 1207/1207/1569
f 1209/1208/1570 1210/1209/1571 1208/1210/1572 1211/1211/1573
f 1211/1211/1574 1212/1212/1575 1209/1208/1576
f 1214/1213/1577 1215/1214/1578 1213/1215/1579 1216/1216/1580
f 1213/1215/1581 1217/1217/1582 1216/1216/1583
f 1219/1218/1584 1220/1219/1585 1218/1220/1586 1221/1221/1587
f 1219/1218/1588 1221/1221/1589 1222/1222/1590
f 1225/1223/1591 1223/1224/1592 1224/1225/1593 1226/1226/1594
f 1228/1227/1595 1229/1228/1596 1227/1229/1597 1230/1230/1598
f 1230/1230/1599 1231/1231/1600 1228/1227/1601
f 1232/1232/1602 1233/1233/1603 1234/1234/1604
f 1235/1235/1605 1233/1233/1606 1232/1232/1607 1236/1236/1608
f 1237/1237/1609 1238/1238/1610 1239/1239/1611
f 1240/1240/1612 1238/1238/1613 1237/1237/1614 1241/1241/1615
f 1244/1242/1616 1242/1243/1617 1243/1244/1618 1245/1245/1619
f 1248/1246/1620 1246/1247/1621 1247/1248/1622 1249/1249/1623
f 1252/1250/1624 1250/1251/1625 1251/1252/1626 1253/1253/1627
f 1255/1254/1628 1256/1255/1629 1254/1256/1630 1257/1257/1631
f 1257/1257/1632 1254/1256/1633 1258/1258/1634
f 1261/1259/1635 1259/1260/1636 1260/1261/1637 1262/1262/1638
f 1263/1263/1639 1264/1264/1640 1265/1265/1641
f 1263/1263/1642 1265/1265/1643 1266/1266/1644 1267/1267/1645
f 1268/1268/1646 1269/1269/1647 1270/1270/1648
f 1268/1268/1649 1270/1270/1650 1271/1271/1651 1272/1272/1652
f 1275/1273/1653 1273/1274/1654 1274/1275/1655 1276/1276/1656
f 1279/1277/1657 1277/1278/1658 1278/1279/1659 1280/1280/1660
f 1282/1281/1661 1283/1282/1662 1281/1283/1663 1284/1284/1664
f 1281/1283/1665 1285/1285/1666 1284/1284/1667
f 1287/1286/1668 1288/1287/1669 1286/1288/1670 1289/1289/1671
f 1286/1288/1672 1290/1290/1673 1289/1289/1674
f 1293/1291/1675 1291/1292/1676 1292/1293/1677 1294/1294/1678
f 1297/1295/1679 1295/1296/1680 1296/1297/1681 1298/1298/1682
f 1300/1299/1683 1301/1300/1684 1299/1301/1685 1302/1302/1686
f 1299/1301/1687 1303/1303/1688 1302/1302/1689
f 1306/1304/1690 1304/1305/1691 1305/1306/1692 1307/1307/1693
f 1308/1308/1694 1309/1309/1695 1310/1310/1696
f 1311/1311/1697 1309/1309/1698 1308/1308/1699 1312/1312/1700
f 1315/1313/1701 1313/1314/1702 1314/1315/1703 1316/1316/1704
f 1319/1317/1705 1317/1318/1706 1318/1319/1707 1320/1320/1708
f 1323/1321/1709 1321/1322/1710 1322/1323/1711 1324/1324/1712
f 1323/1321/1713 1324/1324/1714 1325/1325/1715
f 1328/1326/1716 1326/1327/1717 1327/1328/1718 1329/1329/1719
f 1332/1330/1720 1330/1331/1721 1331/1332/1722 1333/1333/1723
f 1335/1334/1724 1336/1335/1725 1334/1336/1726 1337/1337/1727
f 1337/1337/1728 1334/1336/1729 1338/1338/1730
f 1341/1339/1731 1339/1340/1732 1340/1341/1733 1342/1342/1734
f 1341/1339/1735 1342/1342/1736 1343/1343/1737
f 1344/1344/1738 1345/1345/1739 1346/1346/1740
f 1344/1344/1741 1346/1346/1742 1347/1347/1743 1348/1348/1744
f 1351/1349/1745 1349/1350/1746 1350/1351/1747 1352/1352/1748
f 1355/1353/1749 1353/1354/1750 1354/1355/1751 1356/1356/1752
f 1359/1357/1753 1357/1358/1754 1358/1359/1755 1360/1360/1756
f 1363/1361/1757 1361/1362/1758 1362/1363/1759 1364/1364/1760
f 1367/1365/1761 1365/1366/1762 1366/1367/1763 1368/1368/1764
f 1371/1369/1765 1369/1370/1766 1370/1371/1767 1372/1372/1768
f 1375/1373/1769 1373/1374/1770 1374/1375/1771 1376/1376/1772
f 1379/1377/1773 1377/1378/1774 1378/1379/1775 1380/1380/1776
f 1383/1381/1777 1381/1382/1778 1382/1383/1779 1384/1384/1780
f 1387/1385/1781 1385/1386/1782 1386/1387/1783 1388/1388/1784
f 1391/1389/1785 1389/1390/1786 1390/1391/1787 1392/1392/1788
f 1395/1393/1789 1393/1394/1790 1394/1395/1791 1396/1396/1792
f 1399/1397/1793 1397/1398/1794 1398/1399/1795 1400/1400/1796
f 1403/1401/1797 1401/1402/1798 1402/1403/1799 1404/1404/1800
f 1407/1405/1801 1405/1406/1802 1406/1407/1803 1408/1408/1804
f 1411/1409/1805 1409/1410/1806 1410/1411/1807 1412/1412/1808
f 1415/1413/1809 1413/1414/1810 1414/1415/1811 1416/1416/1812
f 1419/1417/1813 1417/1418/1814 1418/1419/1815 1420/1420/1816
f 1422/1421/1817 1423/1422/1818 1421/1423/1819 1424/1424/1820
f 1424/1424/1821 1425/1425/1822 1422/1421/1823
f 1428/1426/1824 1426/1427/1825 1427/1428/1826 1429/1429/1827
f 1431/1430/1828 1432/1431/1829 1430/1432/1830 1433/1433/1831
f 1430/1432/1832 1434/1434/1833 1433/1433/1834
f 1436/1435/1835 1437/1436/1836 1435/1437/1837 1438/1438/1838
f 1435/1437/1839 1439/1439/1840 1438/1438/1841
f 1441/1440/1842 1442/1441/1843 1440/1442/1844 1443/1443/1845
f 1443/1443/1846 1444/1444/1847 1441/1440/1848
f 1447/1445/1849 1445/1446/1850 1446/1447/1851 1448/1448/1852
f 1451/1449/1853 1449/1450/1854 1450/1451/1855 1452/1452/1856
f 1455/1453/1857 1453/1454/1858 1454/1455/1859 1456/1456/1860
f 1458/1457/1861 1459/1458/1862 1457/1459/1863 1460/1460/1864
f 1457/1459/1865 1461/1461/1866 1460/1460/1867
f 1463/1462/1868 1464/1463/1869 1462/1464/1870 1465/1465/1871
f 1465/1465/1872 1466/1466/1873 1463/1462/1874
f 1469/1467/1875 1467/1468/1876 1468/1469/1877 1470/1470/1878
f 1473/1471/1879 1471/1472/1880 1472/1473/1881 1474/1474/1882
f 1477/1475/1883 1475/1476/1884 1476/1477/1885 1478/1478/1886
f 1481/1479/1887 1479/1480/1888 1480/1481/1889 1482/1482/1890
f 1484/1483/1891 1485/1484/1892 1483/1485/1893 1486/1486/1894
f 1486/1486/1895 1487/1487/1896 1484/1483/1897
f 1490/1488/1898 1488/1489/1899 1489/1490/1900 1491/1491/1901
f 1494/1492/1902 1492/1493/1903 1493/1494/1904 1495/1495/1905
f 1498/1496/1906 1496/1497/1907 1497/1498/1908 1499/1499/1909
f 1502/1500/1910 1500/1501/1911 1501/1502/1912 1503/1503/1913
f 1506/1504/1914 1504/1505/1915 1505/1506/1916 1507/1507/1917
f 1510/1508/1918 1508/1509/1919 1509/1510/1920 1511/1511/1921
f 1514/1512/1922 1512/1513/1923 1513/1514/1924 1515/1515/1925
f 1518/1516/1926 1516/1517/1927 1517/1518/1928 1519/1519/1929
f 1522/1520/1930 1520/1521/1931 1521/1522/1932 1523/1523/1933
f 1526/1524/1934 1524/1525/1935 1525/1526/1936 1527/1527/1937
f 1530/1528/1938 1528/1529/1939 1529/1530/1940 1531/1531/1941
f 1534/1532/1942 1532/1533/1943 1533/1534/1944 1535/1535/1945
f 1537/1536/1946 1538/1537/1947 1536/1538/1948 1539/1539/1949
f 1539/1539/1950 1536/1538/1951 1540/1540/1952
f 1543/1541/1953 1541/1542/1954 1542/1543/1955 1544/1544/1956
f 1547/1545/1957 1545/1546/1958 1546/1547/1959 1548/1548/1960
f 1547/1545/1961 1548/1548/1962 1549/1549/1963
f 1551/1550/1964 1552/1551/1965 1550/1552/1966 1553/1553/1967
f 1553/1553/1968 1550/1552/1969 1554/1554/1970
f 1556/1555/1971 1557/1556/1972 1555/1557/1973 1558/1558/1974
f 1558/1558/1975 1555/1557/1976 1559/1559/1977
f 1562/1560/1978 1560/1561/1979 1561/1562/1980 1563/1563/1981
f 1566/1564/1982 1564/1565/1983 1565/1566/1984 1567/1567/1985
f 1570/1568/1986 1568/1569/1987 1569/1570/1988 1571/1571/1989
f 1573/1572/1990 1574/1573/1991 1572/1574/1992 1575/1575/1993
f 1575/1575/1994 1572/1574/1995 1576/1576/1996
f 1578/1577/1997 1579/1578/1998 1577/1579/1999 1580/1580/2000
f 1580/1580/2001 1577/1579/2002 1581/1581/2003
f 1584/1582/2004 1582/1583/2005 1583/1584/2006 1585/1585/2007
f 1588/1586/2008 1586/1587/2009 1587/1588/2010 1589/1589/2011
f 1592/1590/2012 1590/1591/2013 1591/1592/2014 1593/1593/2015
f 1596/1594/2016 1594/1595/2017 1595/1596/2018 1597/1597/2019
f 1599/1598/2020 1600/1599/2021 1598/1600/2022 1601/1601/2023
f 1601/1601/2024 1598/1600/2025 1602/1602/2026
f 1604/1603/2027 1605/1604/2028 1603/1605/2029 1606/1606/2030
f 1606/1606/2031 1603/1605/2032 1607/1607/2033
f 1610/1608/2034 1608/1609/2035 1609/1610/2036 1611/1611/2037
f 1614/1612/2038 1612/1613/2039 1613/1614/2040 1615/1615/2041
f 1618/1616/2042 1616/1617/2043 1617/1618/2044 1619/1619/2045
f 1622/1620/2046 1620/1621/2047 1621/1622/2048 1623/1623/2049
f 1626/1624/2050 1624/1625/2051 1625/1626/2052 1627/1627/2053
f 1630/1628/2054 1628/1629/2055 1629/1630/2056 1631/1631/2057
f 1633/1632/2058 1634/1633/2059 1632/1634/2060 1635/1635/2061
f 1632/1634/2062 1636/1636/2063 1635/1635/2064
f 1638/1637/2065 1639/1638/2066 1637/1639/2067 1640/1640/2068
f 1637/1639/2069 1641/1641/2070 1640/1640/2071
f 1644/1642/2072 1642/1643/2073 1643/1644/2074 1645/1645/2075
f 1648/1646/2076 1646/1647/2077 1647/1648/2078 1649/1649/2079
f 1652/1650/2080 1650/1651/2081 1651/1652/2082 1653/1653/2083
f 1656/1654/2084 1654/1655/2085 1655/1656/2086 1657/1657/2087
f 1660/1658/2088 1658/1659/2089 1659/1660/2090 1661/1661/2091
f 1664/1662/2092 1662/1663/2093 1663/1664/2094 1665/1665/2095
f 1668/1666/2096 1666/1667/2097 1667/1668/2098 1669/1669/2099
f 1672/1670/2100 1670/1671/2101 1671/1672/2102 1673/1673/2103
f 1675/1674/2104 1676/1675/2105 1674/1676/2106 1677/1677/2107
f 1677/1677/2108 1678/1678/2109 1675/1674/2110
f 1680/1679/2111 1681/1680/2112 1679/1681/2113 1682/1682/2114
f 1679/1681/2115 1683/1683/2116 1682/1682/2117
f 1686/1684/2118 1684/1685/2119 1685/1686/2120 1687/1687/2121
f 1690/1688/2122 1688/1689/2123 1689/1690/2124 1691/1691/2125
f 1693/1692/2126 1694/1693/2127 1692/1694/2128 1695/1695/2129
f 1692/1694/2130 1696/1696/2131 1695/1695/2132
f 1699/1697/2133 1697/1698/2134 1698/1699/2135 1700/1700/2136
f 1703/1701/2137 1701/1702/2138 1702/1703/2139 1704/1704/2140
f 1707/1705/2141 1705/1706/2142 1706/1707/2143 1708/1708/2144
f 1711/1709/2145 1709/1710/2146 1710/1711/2147 1712/1712/2148
f 1715/1713/2149 1713/1714/2150 1714/1715/2151 1716/1716/2152
f 1719/1717/2153 1717/1718/2154 1718/1719/2155 1720/1720/2156
f 1719/1717/2157 1720/1720/2158 1721/1721/2159
f 1724/1722/2160 1722/1723/2161 1723/1724/2162 1725/1725/2163
f 1724/1722/2164 1725/1725/2165 1726/1726/2166
f 1729/1727/2167 1727/1728/2168 1728/1729/2169 1730/1730/2170
f 1733/1731/2171 1731/1732/2172 1732/1733/2173 1734/1734/2174
f 1737/1735/2175 1735/1736/2176 1736/1737/2177 1738/1738/2178
f 1741/1739/2179 1739/1740/2180 1740/1741/2181 1742/1742/2182
f 1745/1743/2183 1743/1744/2184 1744/1745/2185 1746/1746/2186
f 1749/1747/2187 1747/1748/2188 1748/1749/2189 1750/1750/2190
f 1753/1751/2191 1751/1752/2192 1752/1753/2193 1754/1754/2194
f 1757/1755/2195 1755/1756/2196 1756/1757/2197 1758/1758/2198
f 1761/1759/2199 1759/1760/2200 1760/1761/2201 1762/1762/2202
f 1761/1759/2203 1762/1762/2204 1763/1763/2205
f 1766/1764/2206 1764/1765/2207 1765/1766/2208 1767/1767/2209
f 1769/1768/2210 1770/1769/2211 1768/1770/2212 1771/1771/2213
f 1771/1771/2214 1772/1772/2215 1769/1768/2216
f 1773/1773/2217 1774/1774/2218 1775/1775/2219
f 1776/1776/2220 1773/1773/2221 1775/1775/2222 1777/1777/2223
f 1778/1778/2224 1776/1776/2225 1777/1777/2226 1779/1779/2227
f 1782/1780/2228 1780/1781/2229 1781/1782/2230 1783/1783/2231
f 1786/1784/2232 1784/1785/2233 1785/1786/2234 1787/1787/2235
f 1790/1788/2236 1788/1789/2237 1789/1790/2238 1791/1791/2239
f 1794/1792/2240 1792/1793/2241 1793/1794/2242 1795/1795/2243
f 1798/1796/2244 1796/1797/2245 1797/1798/2246 1799/1799/2247
f 1802/1800/2248 1800/1801/2249 1801/1802/2250 1803/1803/2251
f 1806/1804/2252 1804/1805/2253 1805/1806/2254 1807/1807/2255
f 1809/1808/2256 1810/1809/2257 1808/1810/2258 1811/1811/2259
f 1811/1811/2260 1812/1812/2261 1809/1808/2262
f 1815/1813/2263 1813/1814/2264 1814/1815/2265 1816/1816/2266
f 1819/1817/2267 1817/1818/2268 1818/1819/2269 1820/1820/2270
f 1823/1821/2271 1821/1822/2272 1822/1823/2273 1824/1824/2274
f 1826/1825/2275 1827/1826/2276 1825/1827/2277 1828/1828/2278
f 1825/1827/2279 1829/1829/2280 1828/1828/2281
f 1831/1830/2282 1832/1831/2283 1830/1832/2284 1833/1833/2285
f 1833/1833/2286 1834/1834/2287 1831/1830/2288
f 1837/1835/2289 1835/1836/2290 1836/1837/2291 1838/1838/2292
f 1837/1835/2293 1838/1838/2294 1839/1839/2295
f 1841/1840/2296 1842/1841/2297 1840/1842/2298 1843/1843/2299
f 1843/1843/2300 1844/1844/2301 1841/1840/2302
f 1847/1845/2303 1845/1846/2304 1846/1847/2305 1848/1848/2306
f 1851/1849/2307 1849/1850/2308 1850/1851/2309 1852/1852/2310
f 1854/1853/2311 1855/1854/2312 1853/1855/2313 1856/1856/2314
f 1856/1856/2315 1853/1855/2316 1857/1857/2317
f 1860/1858/2318 1858/1859/2319 1859/1860/2320 1861/1861/2321
f 1864/1862/2322 1862/1863/2323 1863/1864/2324 1865/1865/2325
f 1867/1866/2326 1868/1867/2327 1866/1868/2328 1869/1869/2329
f 1866/1868/2330 1870/1870/2331 1869/1869/2332
f 1872/1871/2333 1873/1872/2334 1871/1873/2335 1874/1874/2336
f 1874/1874/2337 1871/1873/2338 1875/1875/2339
f 1878/1876/2340 1876/1877/2341 1877/1878/2342 1879/1879/2343
f 1882/1880/2344 1880/1881/2345 1881/1882/2346 1883/1883/2347
f 1886/1884/2348 1884/1885/2349 1885/1886/2350 1887/1887/2351
f 1890/1888/2352 1888/1889/2353 1889/1890/2354 1891/1891/2355
f 1894/1892/2356 1892/1893/2357 1893/1894/2358 1895/1895/2359
f 1898/1896/2360 1896/1897/2361 1897/1898/2362 1899/1899/2363
f 1902/1900/2364 1900/1901/2365 1901/1902/2366 1903/1903/2367
f 1902/1900/2368 1903/1903/2369 1904/1904/2370
f 1907/1905/2371 1905/1906/2372 1906/1907/2373 1908/1908/2374
f 1911/1909/2375 1909/1910/2376 1910/1911/2377 1912/1912/2378
f 1915/1913/2379 1913/1914/2380 1914/1915/2381 1916/1916/2382
f 1919/1917/2383 1917/1918/2384 1918/1919/2385 1920/1920/2386
f 1923/1921/2387 1921/1922/2388 1922/1923/2389 1924/1924/2390
f 1927/1925/2391 1925/1926/2392 1926/1927/2393 1928/1928/2394
f 1931/1929/2395 1929/1930/2396 1930/1931/2397 1932/1932/2398
f 1935/1933/2399 1933/1934/2400 1934/1935/2401 1936/1936/2402
f 1939/1937/2403 1937/1938/2404 1938/1939/2405 1940/1940/2406
f 1943/1941/2407 1941/1942/2408 1942/1943/2409 1944/1944/2410
f 1947/1945/2411 1945/1946/2412 1946/1947/2413 1948/1948/2414
f 1951/1949/2415 1949/1950/2416 1950/1951/2417 1952/1952/2418
f 1955/1953/2419 1953/1954/2420 1954/1955/2421 1956/1956/2422
f 1959/1957/2423 1957/1958/2424 1958/1959/2425 1960/1960/2426
f 1963/1961/2427 1961/1962/2428 1962/1963/2429 1964/1964/2430
f 1967/1965/2431 1965/1966/2432 1966/1967/2433 1968/1968/2434
f 1971/1969/2435 1969/1970/2436 1970/1971/2437 1972/1972/2438
f 1975/1973/2439 1973/1974/2440 1974/1975/2441 1976/1976/2442
f 1976/1976/2443 1974/1975/2444 1977/1977/2445
f 1980/1978/2446 1978/1979/2447 1979/1980/2448 1981/1981/2449
f 1983/1982/2450 1984/1983/2451 1982/1984/2452 1985/1985/2453
f 1982/1984/2454 1986/1986/2455 1985/1985/2456
f 1986/1986/2457 1987/1987/2458 1985/1985/2459
f 1985/1985/2460 1987/1987/2461 1988/1988/2462
f 1991/1989/2463 1989/1990/2464 1990/1991/2465 1992/1992/2466
f 1992/1992/2467 1990/1991/2468 1993/1993/2469
f 1996/1994/2470 1994/1995/2471 1995/1996/2472 1997/1997/2473
f 1997/1997/2474 1995/1996/2475 1998/1998/2476
f 2001/1999/2477 1999/2000/2478 2000/2001/2479 2002/2002/2480
f 2004/2003/2481 2005/2004/2482 2003/2005/2483 2006/2006/2484
f 2006/2006/2485 2007/2007/2486 2004/2003/2487
f 2007/2007/2488 2008/2008/2489 2004/2003/2490
f 2004/2003/2491 2008/2008/2492 2009/2009/2493
f 2011/2010/2494 2012/2011/2495 2010/2012/2496 2013/2013/2497
f 2010/2012/2498 2014/2014/2499 2013/2013/2500
f 2014/2014/2501 2015/2015/2502 2013/2013/2503
f 2013/2013/2504 2015/2015/2505 2016/2016/2506
f 2019/2017/2507 2017/2018/2508 2018/2019/2509 2020/2020/2510
f 2020/2020/2511 2018/2019/2512 2021/2021/2513
f 2024/2022/2514 2022/2023/2515 2023/2024/2516 2025/2025/2517
f 2025/2025/2518 2023/2024/2519 2026/2026/2520
f 2029/2027/2521 2027/2028/2522 2028/2029/2523 2030/2030/2524
f 2030/2030/2525 2028/2029/2526 2031/2031/2527
f 2034/2032/2528 2032/2033/2529 2033/2034/2530 2035/2035/2531
f 2035/2035/2532 2033/2034/2533 2036/2036/2534
f 2039/2037/2535 2037/2038/2536 2038/2039/2537 2040/2040/2538
f 2043/2041/2539 2041/2042/2540 2042/2043/2541 2044/2044/2542
f 2047/2045/2543 2045/2046/2544 2046/2047/2545 2048/2048/2546
f 2051/2049/2547 2049/2050/2548 2050/2051/2549 2052/2052/2550
f 2055/2053/2551 2053/2054/2552 2054/2055/2553 2056/2056/2554
f 2059/2057/2555 2057/2058/2556 2058/2059/2557 2060/2060/2558
f 2063/2061/2559 2061/2062/2560 2062/2063/2561 2064/2064/2562
f 2067/2065/2563 2065/2066/2564 2066/2067/2565 2068/2068/2566
f 2071/2069/2567 2069/2070/2568 2070/2071/2569 2072/2072/2570
f 2075/2073/2571 2073/2074/2572 2074/2075/2573 2076/2076/2574
f 2079/2077/2575 2077/2078/2576 2078/2079/2577 2080/2080/2578
f 2083/2081/2579 2081/2082/2580 2082/2083/2581 2084/2084/2582
f 2087/2085/2583 2085/2086/2584 2086/2087/2585 2088/2088/2586
f 2091/2089/2587 2089/2090/2588 2090/2091/2589 2092/2092/2590
f 2095/2093/2591 2093/2094/2592 2094/2095/2593 2096/2096/2594
f 2097/2097/2595 2098/2098/2596 2099/2099/2597
f 2100/2100/2598 2097/2097/2599 2099/2099/2600 2101/2101/2601
f 2102/2102/2602 2103/2103/2603 2104/2104/2604
f 2105/2105/2605 2102/2102/2606 2104/2104/2607 2106/2106/2608
f 2107/2107/2609 2108/2108/2610 2109/2109/2611
f 2110/2110/2612 2107/2107/2613 2109/2109/2614 2111/2111/2615
f 2112/2112/2616 2113/2113/2617 2114/2114/2618
f 2112/2112/2619 2114/2114/2620 2115/2115/2621 2116/2116/2622
f 2117/2117/2623 2118/2118/2624 2119/2119/2625
f 2120/2120/2626 2117/2117/2627 2119/2119/2628 2121/2121/2629
f 2122/2122/2630 2123/2123/2631 2124/2124/2632
f 2125/2125/2633 2122/2122/2634 2124/2124/2635 2126/2126/2636
f 2127/2127/2637 2128/2128/2638 2129/2129/2639
f 2130/2130/2640 2127/2127/2641 2129/2129/2642 2131/2131/2643
f 2132/2132/2644 2133/2133/2645 2134/2134/2646
f 2135/2135/2647 2132/2132/2648 2134/2134/2649 2136/2136/2650
