# This file uses centimeters as units for non-parametric coordinates.

mtllib Beard06.mtl
g default
v 3.253082 160.198334 9.318082
v 2.740725 159.512909 10.101441
v 2.856037 158.568802 10.193625
v 3.507556 159.220490 9.283113
v 1.894360 159.012711 10.644979
v 2.520100 160.379929 10.033741
v 1.809783 159.809723 10.665586
v 3.454808 156.897903 9.316869
v 3.565310 158.060104 9.379581
v 2.887350 157.610062 10.240548
v 2.760545 156.579132 10.315047
v 2.985765 161.004028 9.615100
v 1.919516 158.191254 10.710436
v 1.899106 157.232040 10.791104
v 1.894749 156.303665 10.816180
v -3.253082 160.198334 9.318082
v -3.507556 159.220490 9.283113
v -2.856037 158.568802 10.193625
v -2.740725 159.512909 10.101441
v -1.894360 159.012711 10.644659
v -1.809783 159.810608 10.667975
v -2.520100 160.379929 10.033741
v -3.454808 156.897903 9.316869
v -2.760545 156.579132 10.315047
v -2.887350 157.610062 10.240548
v -3.565310 158.060104 9.379581
v -2.985765 161.004028 9.615100
v -1.919516 158.191254 10.710436
v -1.894749 156.303665 10.816180
v -1.899106 157.232040 10.791104
v -0.689439 160.076523 11.418016
v -0.675820 158.996246 11.799646
v 0.054901 159.003342 11.937041
v -0.073088 160.104004 11.482942
v 0.752838 159.015045 11.734902
v 0.483607 160.116714 11.362951
v 0.881640 157.795593 11.769320
v 0.074515 157.738510 12.133715
v -0.672136 157.728058 11.877438
v 0.009595 156.678009 12.089072
v 0.797354 156.754089 11.705076
v -0.689412 156.678741 11.778858
v -0.066517 155.605179 11.844528
v 0.647191 155.691620 11.524601
v -0.682434 155.622086 11.549814
v 2.066649 158.527695 11.162676
v 1.734815 159.295532 11.086043
v 1.391925 159.256912 11.422224
v 1.709355 158.476334 11.586254
v 0.837157 159.929352 11.322752
v 0.948858 159.247253 11.627460
v 1.229092 159.917252 11.264026
v 1.578834 159.947601 11.035045
v 1.245608 158.437622 11.770160
v 2.031851 157.932938 11.840295
v 2.393565 157.985748 11.364192
v 1.547426 157.895340 11.959012
v -2.066649 158.527695 11.162676
v -1.709355 158.476334 11.586254
v -1.391925 159.256912 11.421212
v -1.734815 159.295532 11.085364
v -0.837157 159.938599 11.348537
v -1.229092 159.926346 11.289639
v -0.948858 159.247559 11.627105
v -1.578834 159.954926 11.056020
v -1.245608 158.437622 11.770160
v -2.031851 157.932938 11.840295
v -2.393565 157.985748 11.364192
v -1.547426 157.895340 11.959012
v 0.100720 160.211044 11.214551
v 0.338999 159.091492 11.789763
v 0.987131 159.082642 11.651957
v 0.806748 160.048294 11.157490
v 1.720487 159.095016 11.157835
v 1.489373 159.984543 11.028752
v 1.226037 158.030746 11.914278
v 1.950108 158.098389 11.266329
v 0.536996 157.991364 11.950542
v 1.390166 156.761139 11.918357
v 2.106998 156.872253 11.191780
v 0.678177 156.689651 12.024576
v -0.100720 160.212051 11.217072
v -0.806748 160.058701 11.187091
v -0.987131 159.082642 11.650827
v -0.338999 159.091492 11.788671
v -1.720487 159.095016 11.157193
v -1.489373 159.993057 11.053227
v -1.226037 158.030746 11.914278
v -1.950108 158.098389 11.266329
v -0.536996 157.991364 11.950542
v -1.390166 156.761139 11.918357
v -2.106998 156.872253 11.191780
v -0.678177 156.689651 12.024576
v 2.588905 159.197113 10.355931
v 1.975270 158.984802 11.102386
v 2.266759 157.831161 11.206115
v 2.881614 158.046661 10.428415
v 1.183723 158.876328 11.406900
v 1.720380 159.987411 10.762260
v 0.909781 159.828583 11.023292
v 2.305362 160.070786 10.178841
v 1.440963 157.753510 11.587258
v 2.362517 156.734222 10.944921
v 3.036728 157.100067 10.227001
v 1.537336 156.735794 11.400673
v -2.588905 159.197113 10.355931
v -2.881614 158.046661 10.428415
v -2.266759 157.831161 11.206115
v -1.975270 158.984802 11.102071
v -1.183723 158.876328 11.405992
v -0.909781 159.837509 11.048663
v -1.720363 159.992432 10.776856
v -2.305361 160.070786 10.178913
v -1.440963 157.753510 11.587258
v -2.362517 156.734222 10.944921
v -3.036728 157.100067 10.227001
v -1.537336 156.735794 11.400673
v -0.574813 160.662476 10.943612
v -0.594897 159.947327 11.361922
v -0.043732 159.958679 11.492124
v -0.150347 160.657623 11.120062
v 0.490634 159.947586 11.268794
v 0.223948 160.583008 10.975801
v 0.036335 158.128693 12.193734
v 0.865073 158.111542 11.782140
v 0.775220 158.751038 11.709732
v 0.033530 158.753952 12.069190
v -0.738627 158.763275 11.694428
v -0.803159 158.150589 11.726804
v 0.006548 159.341370 11.842821
v 0.656109 159.349106 11.564556
v -0.660328 159.338562 11.619927
v -0.840172 157.467346 11.715695
v 0.016460 157.434799 12.163522
v 0.932202 157.415131 11.757014
v 2.971063 159.479218 9.978871
v 2.863077 160.176270 9.996276
v 2.553469 159.985992 10.274783
v 2.635460 159.303925 10.346219
v 2.053443 160.427948 10.494081
v 2.175961 159.818420 10.600210
v 2.364356 160.595566 10.222346
v 2.637552 160.739563 9.981669
v 2.201179 159.156403 10.668449
v 2.595847 158.554688 10.310863
v 2.928679 158.730530 9.908176
v 2.138688 158.406982 10.650275
v -2.971063 159.479218 9.978871
v -2.635460 159.303925 10.346219
v -2.553469 159.985992 10.274795
v -2.863077 160.176270 9.996276
v -2.053256 160.431198 10.503897
v -2.364353 160.595566 10.222513
v -2.175961 159.818420 10.600116
v -2.637552 160.739563 9.981669
v -2.201179 159.156403 10.668301
v -2.595847 158.554688 10.310863
v -2.928679 158.730530 9.908176
v -2.138688 158.406982 10.650275
v 3.114433 163.107452 10.602163
v 3.451430 162.474594 10.213671
v 3.681729 162.592941 9.927191
v 3.314693 163.243057 10.359084
v 3.071466 163.911285 10.667586
v 2.846395 163.790359 10.905709
v 4.098877 162.072083 9.459720
v 3.833120 161.984741 9.794054
v 3.187303 162.346344 10.362715
v 3.556694 161.882416 9.944679
v 2.878287 162.973236 10.795728
v 2.622702 163.645264 11.132055
v -3.114433 163.107452 10.602163
v -3.314693 163.243057 10.359084
v -3.681729 162.592941 9.927191
v -3.451430 162.474594 10.213671
v -2.846395 163.790359 10.905709
v -3.071466 163.911285 10.667586
v -4.098877 162.072083 9.459720
v -3.833120 161.984741 9.794054
v -3.556694 161.882416 9.944679
v -3.187303 162.346344 10.362715
v -2.878287 162.973236 10.795728
v -2.622702 163.645264 11.132055
v 4.155286 160.281342 8.399693
v 3.529516 159.919861 9.166525
v 3.458788 159.260193 9.174219
v 4.193756 159.679413 8.213147
v 2.971308 160.349030 9.593052
v 3.580989 160.738892 9.232354
v 3.441105 161.535873 9.592170
v 2.992401 161.222824 9.798137
v 2.853163 159.596313 9.568617
v 2.693890 158.978775 9.563840
v 3.782402 161.847183 9.312300
v 4.095861 161.022339 8.656618
v -4.155286 160.281342 8.399693
v -4.193756 159.679413 8.213147
v -3.458788 159.260193 9.174219
v -3.529516 159.919861 9.166525
v -2.971308 160.349030 9.593052
v -2.992401 161.222824 9.798137
v -3.441105 161.535873 9.592170
v -3.580945 160.738892 9.232320
v -2.693890 158.978775 9.563840
v -2.853163 159.596313 9.568617
v -3.782402 161.847183 9.312300
v -4.095861 161.022339 8.656618
v 3.526449 161.300171 9.382031
v 4.098021 161.557205 9.034546
v 3.766867 162.298752 9.419919
v 3.236031 162.045639 9.685165
v 4.167502 162.520370 8.919264
v 4.473377 161.650330 8.284477
v 4.330452 160.762497 8.728357
v 3.564595 160.534409 9.161542
v 3.490465 159.735001 8.965178
v 4.200462 159.826035 8.484758
v 4.460588 159.932068 7.609417
v 4.626086 160.889053 7.861738
v -3.526449 161.300171 9.382031
v -3.236031 162.045639 9.685165
v -3.877057 162.298752 9.417159
v -4.192633 161.557205 9.034513
v -4.176081 162.520370 8.818240
v -4.473377 161.650330 8.284477
v -4.330452 160.762497 8.728357
v -4.200462 159.826035 8.484758
v -3.490465 159.735001 8.965178
v -3.564595 160.534409 9.161542
v -4.460588 159.932068 7.609417
v -4.626086 160.889053 7.861738
v 3.756490 160.748657 9.143420
v 4.330835 161.005692 8.741302
v 3.852538 161.779282 9.100703
v 3.398869 161.494125 9.440969
v 4.308662 161.968857 8.422228
v 4.646381 161.098816 7.931702
v 4.443490 160.210983 8.482947
v 3.840622 159.982895 8.970864
v 3.762215 159.183487 8.866114
v 4.336501 159.274521 8.331755
v 4.579896 159.380554 7.361436
v 4.745395 160.337540 7.613757
v -3.827564 160.748657 9.143572
v -3.473027 161.494125 9.440438
v -4.123267 161.747238 9.100284
v -4.442760 161.005692 8.741663
v -4.414418 161.968857 8.423021
v -4.758036 161.098816 7.931849
v -4.554604 160.210983 8.482947
v -4.472212 159.274521 8.236776
v -3.762215 159.183487 8.717196
v -3.840622 159.982895 8.916925
v -4.732337 159.380554 7.361436
v -4.897836 160.337540 7.613757
v 4.381711 160.724289 8.603053
v 3.815026 160.371429 9.278955
v 3.760412 159.460846 9.142558
v 4.399158 159.774994 8.435292
v 3.082787 160.847809 9.732350
v 3.584832 161.200806 9.481977
v 3.409075 161.988205 9.831388
v 2.922262 161.650360 10.054276
v 3.159779 160.057175 9.567823
v 3.037935 159.221909 9.539479
v 3.743663 162.303848 9.542560
v 4.101344 161.613815 8.964073
v -4.381711 160.724289 8.603053
v -4.399158 159.774994 8.435292
v -3.760412 159.460846 9.142558
v -3.815026 160.371429 9.278955
v -3.082785 160.847809 9.732369
v -2.922262 161.650360 10.054276
v -3.409075 161.988205 9.831388
v -3.584832 161.200806 9.481977
v -3.037935 159.221909 9.539479
v -3.159779 160.057175 9.567823
v -3.743663 162.303848 9.542560
v -4.101344 161.613815 8.964073
v 3.246080 161.405029 9.777711
v 3.541750 160.708969 9.558288
v 4.074469 161.044205 9.233394
v 3.711019 161.679749 9.550858
v 3.376720 162.330963 9.928676
v 3.040734 162.060226 10.201001
v 4.440997 161.345520 8.695822
v 4.037853 162.012924 9.094798
v 3.669713 162.629471 9.567962
v 3.726805 160.217743 9.399525
v 4.349954 160.550552 9.132730
v 4.743468 160.794952 8.485074
v -3.246080 161.405029 9.777711
v -3.711019 161.679749 9.550858
v -4.074469 161.044205 9.233394
v -3.541750 160.708969 9.558288
v -3.040734 162.060226 10.201001
v -3.376720 162.330963 9.928676
v -4.037853 162.012924 9.094798
v -4.440997 161.345520 8.695822
v -3.669713 162.629471 9.567962
v -4.349954 160.550552 9.132730
v -3.726805 160.217743 9.399525
v -4.743468 160.794952 8.485074
v 2.945284 161.793182 10.226704
v 3.450722 162.099869 9.993377
v 3.180490 162.832092 10.370260
v 2.823899 162.512939 10.626246
v 3.514776 163.046783 10.003338
v 3.891378 162.354248 9.352357
v 3.678087 161.519516 9.717309
v 4.181189 161.795227 8.930876
v 2.997682 161.174438 9.873007
v 3.127793 160.523102 9.627422
v 3.837272 160.922104 9.442767
v 4.373061 161.220718 8.616637
v -2.945284 161.793182 10.226704
v -2.823899 162.512939 10.626246
v -3.180490 162.832092 10.370260
v -3.450722 162.099869 9.993377
v -3.514776 163.046783 10.003338
v -3.891378 162.354248 9.352357
v -3.678087 161.519516 9.717309
v -4.181189 161.795227 8.930876
v -2.997682 161.174438 9.873007
v -3.837272 160.922104 9.442767
v -3.127793 160.523102 9.627422
v -4.373061 161.220718 8.616637
v 2.861326 162.367905 10.536627
v 3.196125 161.911133 9.989744
v 3.731926 162.167648 9.706795
v 3.459131 162.636353 10.160324
v 3.117634 163.177948 10.549381
v 2.658386 162.887741 10.990969
v 4.224851 162.404343 9.156550
v 3.879667 162.907562 9.683979
v 3.579146 163.419800 10.073840
v -2.861326 162.367905 10.536627
v -3.459131 162.636353 10.160324
v -3.731926 162.167648 9.706795
v -3.196125 161.911133 9.989744
v -2.658386 162.887741 10.990969
v -3.117634 163.177948 10.549381
v -3.879667 162.907562 9.683979
v -4.224851 162.404343 9.156550
v -3.579146 163.419800 10.073840
v 2.640663 162.839005 10.984055
v 2.918452 162.218079 10.505059
v 3.451430 162.474594 10.213671
v 3.114433 163.107452 10.602163
v 2.846395 163.790359 10.905709
v 2.393877 163.500153 11.350952
v 3.916540 162.711288 9.641210
v 3.512932 163.378662 10.111355
v 3.296843 164.032211 10.426340
v 3.282658 161.780090 10.095070
v 3.833120 161.984741 9.794054
v 4.373832 162.159424 9.132608
v -2.640663 162.839005 10.984055
v -3.114433 163.107452 10.602163
v -3.451430 162.474594 10.213671
v -2.918452 162.218079 10.505059
v -2.393877 163.500153 11.350952
v -2.846395 163.790359 10.905709
v -3.512932 163.378662 10.111355
v -3.916540 162.711288 9.641210
v -3.296843 164.032211 10.426340
v -3.833120 161.984741 9.794054
v -3.282658 161.780090 10.095070
v -4.373832 162.159424 9.132608
v -0.429005 160.318298 11.048736
v -0.399327 160.046066 11.228946
v -0.021981 160.027420 11.417237
v -0.039888 160.302414 11.219561
v 0.322139 160.049591 11.213596
v 0.315884 160.325623 11.043163
v -0.014724 159.676422 11.600880
v -0.314032 159.691025 11.437218
v 0.287266 159.692245 11.406665
v -0.050139 160.545395 11.079498
v -0.430949 160.550446 10.918203
v 0.312842 160.564240 10.921023
v -0.429005 160.316910 11.088008
v -0.409730 160.007126 11.309610
v -0.032385 159.988541 11.497831
v -0.039888 160.301102 11.258761
v 0.311736 160.010208 11.292840
v 0.315884 160.323746 11.081088
v -0.050139 160.545395 11.079498
v -0.430949 160.550446 10.918203
v 0.312842 160.564240 10.921023
v -0.050139 160.545395 11.079498
v 0.535016 160.556778 10.901928
v 0.509317 160.799576 10.827321
v -0.059902 160.790955 10.927935
v -0.602738 160.782013 10.822052
v -0.602964 160.550690 10.920162
v -0.601589 160.318298 11.050148
v -0.551013 160.007706 11.249305
v -0.032385 159.988541 11.492527
v -0.039888 160.300720 11.272771
v 0.455866 160.005661 11.218265
v 0.522547 160.316879 11.020392
v -0.378900 160.896713 10.832723
v -0.402610 160.571182 10.938230
v 0.099851 160.575531 11.125776
v 0.120408 160.967560 10.938609
v 0.656172 160.579163 10.874990
v 0.637844 160.946548 10.790229
v 0.085073 160.283325 11.330594
v -0.432691 160.285034 11.105441
v -0.462771 160.005463 11.286232
v 0.070296 159.996078 11.544379
v 0.688176 159.998459 11.200289
v 0.672604 160.284515 11.028061
v -0.503665 161.102737 10.962207
v -0.529385 160.859131 10.874004
v -0.084987 160.859146 11.049377
v -0.112339 161.172363 11.064491
v 0.523923 160.878098 10.840357
v 0.505379 161.159531 10.938511
v -0.069323 160.607651 11.120544
v -0.531092 160.613144 10.934028
v -0.561868 160.326080 11.099199
v -0.059618 160.315063 11.306572
v 0.558262 160.322449 11.020515
v 0.541973 160.620071 10.875521
v -0.216651 161.233337 11.131230
v -0.215952 161.033783 11.042771
v 0.300058 160.991272 11.051416
v 0.313293 161.181442 11.166005
v 0.850574 161.184113 11.018498
v 0.836391 161.020279 10.867773
v 0.265664 160.369019 11.279785
v 0.840364 160.378342 10.955846
v 0.832356 160.591721 10.847713
v 0.276064 160.583786 11.141415
v -0.266202 160.388138 11.234284
v -0.240495 160.610626 11.091955
v -0.214091 160.843399 11.022731
v 0.285605 160.809433 11.029487
v 0.822149 160.815643 10.792206
v -0.700646 160.781540 10.831957
v -0.161312 160.798462 11.083101
v -0.133077 161.138031 11.105198
v -0.676632 161.115753 10.925890
v 0.364639 160.789291 11.009807
v 0.371278 161.115753 11.006736
v -0.099233 160.124222 11.467181
v 0.493147 160.132553 11.293898
v 0.425826 160.359344 11.168499
v -0.139032 160.352875 11.325221
v -0.636939 160.074234 11.186532
v -0.676204 160.321762 11.012462
v -0.164605 160.587387 11.170763
v -0.700105 160.573944 10.874678
v 0.372731 160.586578 11.068843
v -0.277826 161.046448 11.017729
v 0.256270 161.023209 11.121166
v 0.268120 161.242599 11.221322
v -0.262820 161.294495 11.065816
v 0.741460 161.061234 10.881335
v 0.712359 161.294495 10.970351
v 0.284690 160.369019 11.323039
v 0.800116 160.375961 11.037580
v 0.785696 160.599609 10.909028
v 0.264198 160.584274 11.182433
v -0.309736 160.386139 11.214991
v -0.301008 160.593079 11.095134
v 0.769069 160.835434 10.854962
v 0.243010 160.810867 11.111254
v -0.291420 160.808365 11.038996
v -0.757327 161.037842 10.893178
v -0.247711 161.045593 11.185812
v -0.225099 161.289047 11.290281
v -0.736989 161.245438 11.000917
v 0.310707 161.052185 11.100932
v 0.338772 161.272354 11.137600
v -0.271738 160.372467 11.369371
v 0.325761 160.384628 11.287487
v 0.306071 160.606110 11.157960
v -0.268728 160.587097 11.234179
v -0.813361 160.386139 11.052855
v -0.793811 160.608093 10.916663
v -0.256580 160.812027 11.155527
v -0.776513 160.825394 10.853292
v 0.293596 160.839645 11.090254
v 3.175571 160.366547 9.498377
v 2.553895 159.985992 10.053172
v 2.635460 159.303925 10.124414
v 3.306666 159.654526 9.389720
v 1.796663 159.650848 10.705047
v 2.364356 160.595566 10.222346
v 1.742715 160.243210 10.720989
v 2.914404 160.883575 9.743456
v 1.766897 159.008881 10.771441
v 2.595847 158.554688 10.089058
v 3.261509 158.906387 9.283686
v 1.681528 158.259262 10.767882
v -3.175571 160.366547 9.498377
v -3.306666 159.654526 9.389720
v -2.635460 159.303925 10.124414
v -2.553895 159.985992 10.053172
v -1.796663 159.650848 10.704668
v -1.742451 160.250717 10.743117
v -2.364353 160.595566 10.222513
v -2.914404 160.883575 9.743456
v -1.766897 159.008881 10.770972
v -2.595847 158.554688 10.089058
v -3.261509 158.906387 9.283686
v -1.681528 158.259262 10.767882
v 3.415234 161.256378 9.034971
v 3.874045 161.334137 8.921412
v 3.735466 162.080475 9.324729
v 3.332227 161.909988 9.363533
v 4.139378 162.253281 8.980221
v 4.342463 161.512634 8.516966
v 3.808054 160.488174 8.659789
v 3.307476 160.446976 8.674463
v 2.928959 159.592606 8.483884
v 3.554519 159.600388 8.430178
v 4.146140 159.847458 7.673543
v 4.398810 160.708878 8.152959
v -3.415197 161.256378 9.034964
v -3.332227 161.909988 9.363533
v -3.735466 162.080475 9.324729
v -3.874045 161.334137 8.921412
v -4.139378 162.253281 8.980221
v -4.342465 161.512634 8.516967
v -3.808053 160.488174 8.659789
v -3.554519 159.600388 8.430178
v -2.928959 159.592606 8.483884
v -3.307458 160.446976 8.674450
v -4.146140 159.847458 7.673543
v -4.398799 160.708878 8.152950
v 0.499330 157.345993 8.824811
v 1.618183 157.657150 8.567687
v 1.670152 158.737305 8.437354
v 0.532965 158.371613 8.647476
v 2.807728 158.056152 7.431234
v 2.886833 159.127625 7.299477
v 0.465694 156.320389 9.093004
v 1.566214 156.577026 8.788880
v 2.728622 156.984680 7.653851
v 1.439182 155.855728 8.923879
v 2.583498 156.269150 7.789793
v 0.350884 155.635437 9.259338
v -0.499330 157.345993 8.824811
v -0.532965 158.371613 8.647476
v -1.670152 158.737305 8.437354
v -1.618183 157.657150 8.567687
v -2.886833 159.127625 7.299477
v -2.807728 158.056152 7.431234
v -0.465694 156.320389 9.093004
v -1.566214 156.577026 8.788880
v -2.728622 156.984680 7.653851
v -2.583498 156.269150 7.789793
v -1.439182 155.855728 8.923879
v -0.350884 155.635437 9.259338
v -1.293203 157.829056 9.582227
v -0.111912 157.758575 8.975492
v -0.041487 158.564651 8.991748
v -1.278729 158.568924 9.519434
v 1.065913 158.567307 9.041847
v 1.015915 157.800934 9.060549
v -1.224604 155.724960 10.293409
v -0.257404 155.655304 9.413127
v -0.265661 156.396637 9.181573
v -1.307769 156.435913 9.913435
v 0.883901 156.407227 9.352017
v 0.893335 155.661392 9.628956
v -1.050549 157.940918 10.795971
v -0.133637 158.098007 11.463104
v -0.177385 159.063538 11.260269
v -1.093741 158.907761 10.682751
v 0.625000 159.076584 10.692104
v 0.793361 158.122681 10.873473
v -0.207004 157.105392 11.593700
v 0.676151 157.187454 10.971838
v -1.044083 156.994141 10.911024
v -0.311224 156.094177 11.556507
v 0.476165 156.227539 10.882460
v -0.991894 156.061844 10.974577
v -1.208277 157.940918 10.862080
v -0.405603 158.098007 11.509262
v -0.415547 159.063538 11.304038
v -1.232072 158.907761 10.742748
v 0.465740 159.076584 11.076331
v 0.601449 158.122681 11.280726
v -0.516907 157.105392 11.550537
v 0.451816 157.187454 11.283376
v -1.238304 156.994141 10.900348
v -0.681009 156.094177 11.300999
v 0.201173 156.227539 10.967465
v -1.263465 156.061844 10.774538
v -1.473460 157.997787 10.891225
v -0.627503 158.024963 11.570590
v -0.671824 159.070419 11.465178
v -1.516652 158.971954 10.871546
v 0.188473 159.139801 11.589393
v 0.281008 158.171036 11.535066
v -0.629915 157.075882 11.546572
v 0.239624 157.218811 11.391562
v -1.466994 157.032425 10.856256
v -0.734136 156.030640 11.225188
v 0.053254 156.229767 11.021537
v -1.414805 156.055801 10.642903
v -0.237091 160.623413 10.992482
v -0.249712 160.442307 11.076385
v 0.043028 160.446609 11.205585
v 0.055505 160.664017 11.050661
v 0.080235 160.275208 11.322083
v -0.221419 160.278717 11.181015
v -0.133436 160.118484 11.292110
v 0.177134 160.104294 11.439455
v 0.336819 160.720703 10.935382
v 0.331762 160.521194 11.054849
v 0.581387 160.521652 10.932068
v 0.570096 160.713470 10.870448
v 0.499595 160.209122 11.116034
v 0.552606 160.363159 11.018528
v 0.289022 160.363419 11.163465
v 0.222396 160.209274 11.280280
v -0.405695 161.126892 11.017516
v -0.431440 160.786636 11.013364
v -0.161312 160.798462 11.083101
v -0.133077 161.138031 11.105198
v -0.407618 160.332352 11.219520
v -0.323116 160.096725 11.383210
v -0.054263 160.124619 11.467220
v -0.139032 160.352875 11.325221
v -0.164605 160.587387 11.170763
v -0.432687 160.575485 11.073269
v -0.746175 160.781540 10.831633
v -0.477140 160.785950 11.011740
v -0.451109 161.126892 11.017802
v -0.721634 161.115753 10.925410
v -0.478673 160.574783 11.071745
v -0.745987 160.573944 10.874513
v -0.707049 160.373337 10.982930
v -0.438463 160.383392 11.189133
v -0.622813 160.125259 11.156296
v -0.353961 160.147003 11.351527
v -0.151554 161.045868 11.014085
v 0.184344 161.024689 11.157557
v 0.237997 161.242599 11.239299
v -0.094416 161.294495 11.063741
v -0.214012 160.389999 11.224220
v 0.159961 160.372849 11.331468
v 0.147069 160.589050 11.213755
v -0.208520 160.595932 11.101536
v 0.148408 160.815613 11.153846
v -0.188138 160.809677 11.040890
v 0.431702 160.954865 11.159321
v 0.676484 160.981232 10.889418
v 0.650407 161.142456 10.977518
v 0.414657 161.106262 11.245522
v 0.443652 160.496979 11.255307
v 0.731119 160.500290 10.973472
v 0.716988 160.659775 10.886441
v 0.455207 160.649918 11.175590
v 0.701773 160.825424 10.858420
v 0.445696 160.808914 11.141911
v 0.136222 161.280701 11.212014
v 0.133800 161.052841 11.187179
v 0.413048 161.052185 11.112842
v 0.420437 161.272354 11.138056
v 0.129208 160.602142 11.244134
v 0.137548 160.382385 11.347558
v 0.436298 160.384628 11.289046
v 0.416337 160.605713 11.158404
v 0.128969 160.832474 11.180016
v 0.403317 160.839035 11.100873
v 0.189628 160.569427 11.006907
v 0.184003 160.375732 11.141169
v 0.433971 160.378540 11.027579
v 0.424013 160.564560 10.950940
v 0.351836 160.069870 11.218987
v 0.404847 160.223145 11.121200
v 0.141263 160.221329 11.257753
v 0.074636 160.068222 11.375808
v 0.499330 158.104965 8.975211
v 1.618183 158.659683 8.717291
v 1.670152 159.739838 8.586959
v 0.532965 159.130585 8.797876
v 2.807728 159.278336 7.701846
v 2.886833 160.349808 7.570089
v 0.236073 155.709442 9.358544
v 1.312149 156.136963 8.990953
v 1.566214 157.579559 8.847624
v 0.465694 157.079361 9.152546
v 2.728622 158.206863 7.833603
v 2.438374 156.775803 7.978831
v -0.499330 158.104965 8.975211
v -0.532965 159.130585 8.797876
v -1.670152 159.739838 8.586959
v -1.618183 158.659683 8.717291
v -2.886833 160.349808 7.570089
v -2.807728 159.278336 7.701846
v -0.236073 155.709442 9.358544
v -0.465694 157.079361 9.152546
v -1.566214 157.579559 8.847624
v -1.312149 156.136963 8.990953
v -2.728622 158.206863 7.833603
v -2.438374 156.775803 7.978831
v 1.524853 157.447830 9.010137
v 2.766075 158.125214 8.168417
v 2.779881 159.214035 8.092999
v 1.605393 158.637543 8.820068
v 3.459759 158.802582 6.720364
v 3.505816 159.895279 6.757724
v 1.247031 155.438171 9.295238
v 2.308260 156.062622 8.281544
v 2.564957 157.093918 8.224980
v 1.464448 156.442993 9.152687
v 3.315420 157.744812 6.692343
v 3.019443 156.687057 6.664322
v -1.524853 157.447830 9.010137
v -1.605393 158.637543 8.820068
v -2.779881 159.214035 8.092999
v -2.766075 158.125214 8.168417
v -3.505816 159.895279 6.757724
v -3.459759 158.802582 6.720364
v -1.247031 155.438171 9.295238
v -1.464448 156.442993 9.152687
v -2.564957 157.093918 8.224980
v -2.308260 156.062622 8.281544
v -3.315420 157.744812 6.692343
v -3.019443 156.687057 6.664322
v -1.109997 157.737534 9.959804
v 0.047332 157.691513 9.065954
v 0.122973 158.574341 8.889079
v -1.289755 158.577011 9.861974
v 1.398940 158.575302 9.652576
v 1.235931 157.758621 9.483871
v -0.017761 156.454224 9.332597
v -0.976912 156.476074 10.136577
v -0.846136 155.223938 10.451219
v -0.094003 155.146179 9.777888
v 1.052925 156.555328 9.546669
v 0.788921 155.313171 9.861903
v -1.091617 157.829056 9.967720
v 0.089673 157.758575 9.360985
v 0.160098 158.564651 9.377241
v -1.077143 158.568924 9.904927
v 1.267499 158.567307 9.427341
v 1.217500 157.800934 9.446042
v -0.967576 155.251007 10.932219
v -0.050314 155.161072 9.952989
v -0.064076 156.396637 9.567066
v -1.106184 156.435913 10.298928
v 1.085487 156.407227 9.737511
v 1.101209 155.164169 10.199074
v 2.119278 159.399460 7.977837
v 1.242433 159.149200 9.154947
v 1.150918 158.078552 9.478111
v 1.951001 158.294052 8.361819
v 0.099243 157.863022 10.062412
v 0.113995 158.898926 9.801122
v 0.722726 155.233673 10.272598
v 1.008346 156.648727 9.925171
v 0.122180 156.493927 10.434119
v -0.060482 155.135193 10.729331
v 1.734311 156.803497 8.884234
v 1.141273 155.332138 9.439665
v -2.119278 159.399460 7.977837
v -1.951001 158.294052 8.361819
v -1.150918 158.078552 9.478111
v -1.242433 159.149200 9.154947
v -0.099243 157.863022 10.062412
v -0.113995 158.898926 9.800937
v -0.722726 155.233673 10.272598
v 0.060482 155.135193 10.729331
v -0.122180 156.493927 10.434119
v -1.008346 156.648727 9.925171
v -1.734311 156.803497 8.884234
v -1.141273 155.332138 9.439665
v -0.870750 157.724731 9.369246
v 0.054149 157.703110 10.089872
v 0.052048 158.575714 10.012691
v -1.009064 158.577225 8.852049
v 0.951198 158.575912 9.798798
v 0.985691 157.707642 9.836411
v -0.584464 155.164780 10.621198
v 0.055336 155.181671 10.526110
v 0.055135 156.447906 10.243916
v -0.743370 156.444107 9.899991
v 1.000841 156.452362 9.956645
v 1.001697 155.196182 10.199574
v 1.652694 156.140091 9.367834
v 2.534721 156.653534 8.628835
v 2.598256 157.594666 8.570554
v 1.651389 156.941849 9.381261
v 1.549605 157.969254 9.287175
v 2.491089 158.685638 8.428200
v 2.592891 160.082260 8.272099
v 1.687308 159.488403 9.041973
v 3.389097 158.519730 7.251453
v 3.258799 157.498352 7.189328
v 3.341312 159.587006 7.242718
v 3.502605 160.678833 7.291520
v -1.652694 156.140091 9.367834
v -1.651389 156.941849 9.381261
v -2.598256 157.594666 8.570554
v -2.534721 156.653534 8.628835
v -1.549605 157.969254 9.287175
v -1.687308 159.488403 9.041973
v -2.592891 160.082260 8.272099
v -2.491089 158.685638 8.428200
v -3.389097 158.519730 7.251453
v -3.258799 157.498352 7.189328
v -3.502605 160.678833 7.291520
v -3.341312 159.587006 7.242718
v 0.505346 157.641251 10.206429
v 0.523992 156.450089 10.422619
v 1.383105 156.669464 10.015177
v 1.428938 157.854980 9.789153
v 1.416386 159.100525 9.674204
v 0.421907 159.028885 10.081411
v 2.135356 156.890656 9.242061
v 2.278551 158.076355 8.895172
v 2.443868 159.336548 8.518474
v 0.484058 155.369034 10.488955
v 1.263609 155.459564 10.120656
v 1.966552 155.695007 9.368758
v -0.505346 157.641251 10.206429
v -1.428938 157.854980 9.789153
v -1.383105 156.669464 10.015177
v -0.523992 156.450089 10.422619
v -0.421907 159.028885 10.080855
v -1.416386 159.100525 9.674096
v -2.278551 158.076355 8.895172
v -2.135356 156.890656 9.242061
v -2.443868 159.336548 8.518474
v -1.263609 155.459564 10.120656
v -0.484058 155.369034 10.488955
v -1.966552 155.695007 9.368758
v -0.870750 157.724731 9.592435
v 0.054149 157.703110 10.313061
v 0.052048 158.575714 10.236343
v -1.009064 158.577225 9.075237
v 0.951198 158.575912 10.022385
v 0.985691 157.707642 10.059600
v -0.913788 155.387436 10.480090
v -0.116291 155.404327 10.749298
v 0.055135 156.447906 10.467104
v -0.743370 156.444107 10.123179
v 1.000841 156.452362 10.179833
v 0.672373 155.418839 10.422762
v 0.385976 157.832153 10.164307
v 1.376041 157.994476 9.930952
v 1.339091 159.155548 9.548145
v 0.313470 159.106873 9.931686
v 2.321151 159.401886 8.400283
v 2.227077 158.324814 8.669205
v 1.323905 156.589584 10.176393
v 0.428292 156.389511 10.444297
v 0.445155 155.045013 10.710999
v 1.221947 155.228668 10.435850
v 2.048446 156.914917 9.040094
v 1.840977 155.492447 9.423551
v -0.385976 157.832153 10.164307
v -0.313470 159.106873 9.931278
v -1.339091 159.155548 9.548070
v -1.376041 157.994476 9.930952
v -2.321151 159.401886 8.400283
v -2.227077 158.324814 8.669205
v -1.323905 156.589584 10.176393
v -1.221947 155.228668 10.435850
v -0.445155 155.045013 10.710999
v -0.428292 156.389511 10.444297
v -2.048446 156.914917 9.040094
v -1.840977 155.492447 9.423551
v -0.421622 157.529816 10.518921
v 0.672961 157.776276 10.256186
v 0.605721 158.689972 9.892202
v -0.554243 158.712234 10.156724
v 1.993265 159.189529 8.396526
v 1.951246 158.186188 8.645152
v -0.335946 156.262589 10.914471
v 0.778124 156.421387 10.539267
v 1.817912 156.852798 9.114581
v -0.329685 154.967300 11.007714
v 0.679837 155.122009 10.591388
v 1.670271 155.397400 9.406350
v 0.421622 157.529816 10.518921
v 0.554243 158.712234 10.157132
v -0.605721 158.689972 9.892037
v -0.672961 157.776276 10.256186
v -1.993265 159.189529 8.396526
v -1.951246 158.186188 8.645152
v -0.778124 156.421387 10.539267
v 0.335946 156.262589 10.914471
v -1.817912 156.852798 9.114581
v 0.329685 154.967300 11.007714
v -0.679837 155.122009 10.591388
v -1.670271 155.397400 9.406350
v -0.421622 157.529816 10.739306
v 0.672961 157.776276 10.476572
v 0.605721 158.689972 10.113939
v -0.554243 158.712234 10.378612
v 1.993265 159.189529 8.616912
v 1.951246 158.186188 8.865538
v -0.335946 156.262589 11.134856
v 0.778124 156.421387 10.759652
v 1.817912 156.852798 9.334967
v -0.383937 155.068024 10.989944
v 0.641907 155.144211 10.573617
v 1.476082 155.316895 9.626736
v 0.421622 157.529816 10.739306
v 0.554243 158.712234 10.379177
v -0.605721 158.689972 10.113584
v -0.672961 157.776276 10.476572
v -1.993265 159.189529 8.616912
v -1.951246 158.186188 8.865538
v -0.778124 156.421387 10.759652
v 0.335946 156.262589 11.134856
v -1.817912 156.852798 9.334967
v 0.383937 155.068024 10.989944
v -0.641907 155.144211 10.573617
v -1.476082 155.316895 9.626736
v 1.362941 157.624832 10.048412
v 1.155191 156.419205 10.352850
v 2.028419 156.771606 9.822837
v 2.278631 157.995941 9.534825
v 2.108941 159.260864 9.399270
v 1.183814 158.910126 9.864594
v 2.759860 157.266190 8.741115
v 3.065008 158.491364 8.355454
v 2.921525 159.578583 8.356036
v 0.728414 155.375931 10.690200
v 1.544015 155.748260 10.119926
v 2.209897 156.127365 9.319979
v -1.362941 157.624832 10.048412
v -2.278631 157.995941 9.534825
v -2.028419 156.771606 9.822837
v -1.155191 156.419205 10.352850
v -1.183814 158.910126 9.864361
v -2.108941 159.260864 9.399270
v -3.065008 158.491364 8.355454
v -2.759860 157.266190 8.741115
v -2.921525 159.578583 8.356036
v -1.544015 155.748260 10.119926
v -0.728414 155.375931 10.690200
v -2.209897 156.127365 9.319979
v 0.536953 157.682022 10.733806
v 0.547197 156.437912 10.856036
v 1.531770 156.819229 10.318398
v 1.610715 158.197449 10.143595
v 1.581569 159.301193 9.851895
v 0.476453 158.972717 10.445473
v 2.273339 157.278824 9.455205
v 2.457987 158.713089 9.005880
v 2.505285 159.549545 8.830585
v 0.576373 155.586349 10.610526
v 1.439029 155.885773 10.259233
v 2.108508 156.176407 9.360994
v -0.536953 157.682022 10.733806
v -1.610715 158.197449 10.143595
v -1.531770 156.819229 10.318398
v -0.547197 156.437912 10.856036
v -0.476453 158.972717 10.444643
v -1.581569 159.301193 9.851734
v -2.457987 158.713089 9.005880
v -2.273339 157.278824 9.455205
v -2.505285 159.549545 8.830585
v -1.439029 155.885773 10.259233
v -0.576373 155.586349 10.610526
v -2.108508 156.176407 9.360994
v 3.501270 157.889603 6.423175
v 3.853343 158.911194 6.520547
v 3.659053 158.606689 7.726360
v 3.389856 157.642822 7.614005
v 2.864915 158.346909 8.641598
v 2.744153 157.507904 8.558505
v 3.730962 159.651581 7.896224
v 4.135434 160.050659 6.693804
v 4.325404 160.738235 6.856317
v 3.688535 160.255051 8.038667
v 2.796292 159.252487 8.838057
v 2.861038 159.771851 9.049652
v -3.501270 157.889603 6.423175
v -3.389856 157.642822 7.614005
v -3.659053 158.606689 7.726360
v -3.853343 158.911194 6.520547
v -2.744153 157.507904 8.558505
v -2.864915 158.346909 8.641598
v -3.730962 159.651581 7.896224
v -3.688535 160.255051 8.038667
v -4.325404 160.738235 6.856317
v -4.135434 160.050659 6.693804
v -2.796292 159.252487 8.838057
v -2.861038 159.771851 9.049652
v -0.919554 157.595779 10.359305
v -0.002642 157.797638 11.026439
v -0.046389 159.038361 10.821953
v -0.962745 158.838181 10.241891
v 0.755995 159.055130 10.249435
v 0.924357 157.829346 10.436808
v -0.076009 156.522125 11.034663
v 0.807147 156.627579 10.412801
v -0.913087 156.379166 10.351987
v -0.180229 155.373764 10.997800
v 0.607160 155.545135 10.564272
v -0.860899 155.332214 10.255906
v 2.337483 158.253967 9.324327
v 2.407084 156.886063 9.554218
v 3.176290 157.670151 8.803684
v 3.126083 158.966003 8.641297
v 2.997267 159.872253 8.646147
v 2.147597 159.325317 9.228865
v 3.714003 158.390594 7.832314
v 3.724609 159.401459 7.726748
v 3.687181 160.164597 7.736443
v 2.274110 155.569794 9.942135
v 3.093058 156.265182 9.190132
v 3.631033 157.219055 8.093720
v -2.337483 158.253967 9.324327
v -3.126083 158.966003 8.641297
v -3.176290 157.670151 8.803684
v -2.407084 156.886063 9.554218
v -2.147597 159.325317 9.228865
v -2.997267 159.872253 8.646147
v -3.724609 159.401459 7.726748
v -3.714003 158.390594 7.832314
v -3.687181 160.164597 7.736443
v -3.093058 156.265182 9.190132
v -2.274110 155.569794 9.942135
v -3.631033 157.219055 8.093720
v 1.668012 158.005066 10.161921
v 1.678757 156.864090 10.306469
v 2.464921 157.265305 9.915725
v 2.373325 158.360199 9.635556
v 2.237343 159.139542 9.350639
v 1.615548 158.695953 9.780657
v 3.048240 157.715485 9.036981
v 2.989299 158.758560 8.790197
v 2.863657 159.457870 8.542953
v 1.622220 155.707306 10.259332
v 2.456814 156.329590 9.866573
v 2.990326 156.739456 9.222227
v -1.668012 158.005066 10.161921
v -2.373325 158.360199 9.635556
v -2.464921 157.265305 9.915725
v -1.678757 156.864090 10.306469
v -1.615548 158.695953 9.780657
v -2.237343 159.139542 9.350639
v -2.989299 158.758560 8.790197
v -3.048240 157.715485 9.036981
v -2.863657 159.457870 8.542953
v -2.456814 156.329590 9.866573
v -1.622220 155.707306 10.259332
v -2.990326 156.739456 9.222227
v 0.369019 158.009628 10.842562
v 0.334945 156.461014 11.137142
v 1.541291 156.975281 10.630456
v 1.681043 158.489212 10.285913
v 1.673309 159.593536 9.996428
v 0.330071 159.301834 10.561568
v 2.420239 157.549408 9.612766
v 2.680989 158.977005 9.168506
v 2.763647 159.811539 8.994843
v 0.244887 155.430283 11.014104
v 1.323929 155.808716 10.850715
v 2.111773 156.242554 10.105494
v -0.369019 158.009628 10.842562
v -1.681043 158.489212 10.285913
v -1.541291 156.975281 10.630456
v -0.334945 156.461014 11.137142
v -0.330071 159.301834 10.560616
v -1.673309 159.593536 9.996310
v -2.680989 158.977005 9.168506
v -2.420239 157.549408 9.612766
v -2.763647 159.811539 8.994843
v -1.323929 155.808716 10.850715
v -0.244887 155.430283 11.014104
v -2.111773 156.242554 10.105494
v 3.823230 157.976456 7.150759
v 3.957921 158.922607 7.060279
v 3.518636 158.649689 8.253469
v 3.457670 157.773621 8.321338
v 2.895020 158.376770 9.126589
v 2.953089 157.570786 9.171845
v 3.524390 159.525772 8.318896
v 4.037401 159.868759 7.103095
v 4.266339 161.014740 7.373950
v 3.559337 160.531555 8.555851
v 2.781742 159.182755 9.214626
v 2.800113 160.048355 9.565822
v -3.823230 157.976456 7.150759
v -3.457670 157.773621 8.321338
v -3.518636 158.649689 8.253469
v -3.957921 158.922607 7.060279
v -2.953089 157.570786 9.171845
v -2.895020 158.376770 9.126589
v -3.524390 159.525772 8.318896
v -3.559334 160.531555 8.555849
v -4.266339 161.014740 7.373950
v -4.037401 159.868759 7.103095
v -2.781742 159.182755 9.214626
v -2.800113 160.048355 9.565822
v 2.731686 158.694168 9.201485
v 2.691154 157.554474 9.403135
v 3.554862 158.019913 8.918956
v 3.594463 159.341995 8.763727
v 3.323240 160.479401 8.809151
v 2.719283 159.916534 9.353252
v 4.255518 158.779144 7.637654
v 4.332196 159.869019 7.581060
v 4.102358 161.182892 7.850155
v 2.625785 156.083969 9.762589
v 3.391384 156.463257 9.211310
v 3.958295 157.637070 7.823847
v -2.731686 158.694168 9.201485
v -3.594463 159.341995 8.763727
v -3.554862 158.019913 8.918956
v -2.691154 157.554474 9.403135
v -2.719250 159.916534 9.353227
v -3.323243 160.479401 8.809154
v -4.332196 159.869019 7.581060
v -4.255518 158.779144 7.637654
v -4.102362 161.182892 7.850158
v -3.391384 156.463257 9.211310
v -2.625785 156.083969 9.762589
v -3.958295 157.637070 7.823847
v 2.731686 158.842010 9.319621
v 2.819047 157.554474 9.310866
v 3.782305 158.169373 8.653631
v 3.594463 159.341995 8.763727
v 3.323240 160.479401 8.809151
v 2.719283 159.916534 9.353252
v 4.482961 158.779144 7.395076
v 4.332196 159.869019 7.581060
v 4.102358 161.182892 7.850155
v 2.753679 156.350998 9.112001
v 3.519278 156.938614 8.460016
v 4.311378 157.637070 7.229621
v -2.731686 158.842010 9.319621
v -3.594463 159.341995 8.763727
v -3.782305 158.169373 8.653631
v -2.819047 157.554474 9.310866
v -2.719250 159.916534 9.353227
v -3.323243 160.479401 8.809154
v -4.332196 159.869019 7.581060
v -4.482961 158.779144 7.395076
v -4.102362 161.182892 7.850158
v -3.519278 156.938614 8.460016
v -2.753679 156.350998 9.112001
v -4.311378 157.637070 7.229621
v 3.663768 158.122208 8.571105
v 2.743831 157.603516 9.838726
v 2.584192 156.241776 9.907106
v 3.470572 156.895859 8.611803
v 1.517660 158.342819 10.505624
v 2.649382 158.877869 9.700954
v 2.437996 159.722672 9.818957
v 1.547710 159.170639 10.661823
v 3.322207 160.418564 8.711009
v 3.572150 159.433197 8.448696
v 1.461655 157.060486 10.640290
v 1.411101 155.763458 10.696233
v -3.663768 158.122208 8.571105
v -3.470572 156.895859 8.611803
v -2.584192 156.241776 9.907106
v -2.743831 157.603516 9.838726
v -1.517660 158.342819 10.505624
v -1.547710 159.170639 10.661166
v -2.437996 159.722672 9.818957
v -2.649382 158.877869 9.700954
v -3.322190 160.418564 8.710996
v -3.572150 159.433197 8.448696
v -1.411101 155.763458 10.696233
v -1.461655 157.060486 10.640290
v 3.455692 160.070313 8.843457
v 2.935287 159.384888 9.510083
v 3.009180 158.440781 9.593704
v 3.684375 159.092468 8.724295
v 2.089150 158.884689 10.166355
v 2.668125 160.251907 9.738522
v 2.070135 159.682587 10.359417
v 3.376494 156.769882 8.947770
v 3.594997 157.932083 9.010483
v 2.893361 157.482040 9.871449
v 2.759341 156.451111 9.945949
v 3.142751 160.876007 9.320409
v 2.019613 158.063232 10.176190
v 1.929630 157.104019 10.422006
v 1.893545 156.175644 10.447082
v -3.455692 160.070313 8.843457
v -3.684375 159.092468 8.724295
v -3.009180 158.440781 9.593704
v -2.935287 159.384888 9.510083
v -2.089150 158.884689 10.166355
v -2.070135 159.682587 10.359305
v -2.668125 160.251907 9.738522
v -3.376494 156.769882 8.947770
v -2.759341 156.451111 9.945949
v -2.893361 157.482040 9.871449
v -3.594997 157.932083 9.010483
v -3.142820 160.876007 9.320424
v -2.019613 158.063232 10.176190
v -1.893545 156.175644 10.447082
v -1.929630 157.104019 10.422006
v 2.297010 155.646133 10.282559
v 2.512196 157.191589 10.057612
v 1.633452 156.823547 10.607799
v 1.394814 155.354034 10.843671
v 0.728819 157.848145 10.882801
v 1.698291 158.115891 10.601886
v 1.454727 159.071899 10.777588
v 0.613073 158.876282 11.251639
v 2.086486 159.297211 10.214493
v 2.518545 158.449524 10.028509
v 0.659725 156.646255 10.910575
v 0.513518 155.318878 11.076568
v -2.297010 155.646133 10.282559
v -1.394814 155.354034 10.843671
v -1.633452 156.823547 10.607799
v -2.512196 157.191589 10.057612
v -0.728819 157.848145 10.882801
v -0.613073 158.876282 11.250531
v -1.454727 159.071899 10.776829
v -1.698291 158.115891 10.601886
v -2.086486 159.297211 10.214375
v -2.518545 158.449524 10.028509
v -0.513518 155.318878 11.076568
v -0.659725 156.646255 10.910575
v 1.854164 157.798340 9.010137
v 3.048967 158.475723 8.168417
v 3.107680 159.564545 8.092999
v 1.908122 158.988052 8.820068
v 3.763528 159.153091 6.720364
v 3.829088 160.245789 6.757724
v 1.496823 155.788681 9.075435
v 2.558052 156.413132 8.061741
v 2.814749 157.444427 8.156679
v 1.714240 156.793503 9.084386
v 3.565212 158.095322 6.692343
v 3.269235 157.037567 6.512821
v -1.854164 157.798340 9.010137
v -1.908122 158.988052 8.820068
v -3.107680 159.564545 8.092999
v -3.048967 158.475723 8.168417
v -3.829088 160.245789 6.757724
v -3.763528 159.153091 6.720364
v -1.496823 155.788681 9.075435
v -1.714240 156.793503 9.084386
v -2.814749 157.444427 8.156679
v -2.558052 156.413132 8.061741
v -3.565212 158.095322 6.692343
v -3.269235 157.037567 6.512821
v 2.883631 157.303497 6.894139
v 3.296810 158.435562 6.769706
v 3.259605 158.218979 7.618806
v 2.917840 157.156189 7.695827
v 2.933949 158.083939 8.458948
v 2.716981 157.044495 8.597349
v 3.563602 159.603790 7.679491
v 3.777359 159.844009 6.839260
v 4.006664 160.241119 7.018679
v 3.669794 160.040161 7.762884
v 3.151495 159.415070 8.453147
v 3.274511 159.870880 8.518817
v 3.564403 159.302338 6.764568
v 3.440545 159.057434 7.636267
v 3.049327 158.878983 8.435186
v -2.883631 157.303497 6.894139
v -2.917840 157.156189 7.695827
v -3.259605 158.218979 7.618806
v -3.296810 158.435562 6.769706
v -2.716981 157.044495 8.597349
v -2.933949 158.083939 8.458948
v -3.563602 159.603790 7.679491
v -3.669794 160.040161 7.762884
v -4.006664 160.241119 7.018679
v -3.777359 159.844009 6.839260
v -3.151495 159.415070 8.453147
v -3.274511 159.870880 8.518817
v -3.440545 159.057434 7.636267
v -3.564403 159.302338 6.764568
v -3.049327 158.878983 8.435186
v 3.510603 158.788376 6.693988
v 3.970886 159.601776 6.816900
v 3.847552 159.390472 7.586785
v 3.565561 158.478058 7.536928
v 3.301828 159.265686 8.166354
v 3.046343 158.306061 8.172495
v 3.875886 160.198990 7.737713
v 4.176126 160.389999 7.097337
v 4.362635 161.114319 7.619063
v 4.070582 160.979706 8.080462
v 3.509670 160.087967 8.219474
v 3.748635 160.951050 8.601481
v -3.510603 158.788376 6.693988
v -3.565561 158.478058 7.536928
v -3.847552 159.390472 7.586785
v -3.970886 159.601776 6.816900
v -3.046343 158.306061 8.172495
v -3.301828 159.265686 8.166354
v -3.875886 160.198990 7.737713
v -4.070582 160.979706 8.080462
v -4.362635 161.114319 7.619063
v -4.176126 160.389999 7.097337
v -3.509670 160.087967 8.219474
v -3.748635 160.951050 8.601481
v 3.496222 158.016220 6.844684
v 4.004402 159.191360 7.015170
v 3.885199 158.995880 7.806490
v 3.522592 157.734711 7.641787
v 3.219648 158.917343 8.376254
v 2.970778 157.699203 8.151577
v 3.896234 160.321426 7.995881
v 4.264778 160.466110 7.275368
v 4.400809 161.260803 7.732717
v 3.974282 161.066956 8.353068
v 3.450669 160.212326 8.615319
v 3.443274 161.022034 9.105141
v -3.496222 158.016220 6.844684
v -3.522592 157.734711 7.641787
v -3.885199 158.995880 7.806490
v -4.004402 159.191360 7.015170
v -2.970778 157.699203 8.151577
v -3.219648 158.917343 8.376254
v -3.896234 160.321426 7.995881
v -3.974282 161.066956 8.353068
v -4.400809 161.260803 7.732717
v -4.264778 160.466110 7.275368
v -3.450669 160.212326 8.615319
v -3.443274 161.022034 9.105141
v -1.311583 157.322784 9.509798
v -0.154254 157.276764 8.795059
v -0.078613 158.574341 8.682696
v -1.491340 158.577011 9.476480
v 1.197355 158.575302 9.267083
v 1.034345 157.343872 9.033866
v -1.178497 156.284103 9.660423
v -0.219347 156.262238 9.035554
v 0.851339 156.363342 9.070516
v 3.725502 158.599731 6.520407
v 4.048452 159.506104 6.537499
v 4.160800 159.440781 7.259564
v 3.886295 158.521133 7.250334
v 4.057378 159.429810 7.887600
v 3.762011 158.525238 7.859871
v 4.280067 160.264542 7.485932
v 4.278529 160.323868 6.860795
v 4.546727 161.211990 7.262230
v 4.289728 161.231552 7.853180
v 4.128918 160.238083 8.071546
v 4.113552 161.332291 8.399339
v -3.725502 158.599731 6.520407
v -3.886295 158.521133 7.250334
v -4.160800 159.440781 7.259564
v -4.048452 159.506104 6.537499
v -3.762011 158.525238 7.859871
v -4.057378 159.429810 7.887600
v -4.280067 160.264542 7.485932
v -4.289728 161.231552 7.853180
v -4.546727 161.211990 7.262230
v -4.278529 160.323868 6.860795
v -4.128918 160.238083 8.071546
v -4.113552 161.332291 8.399339
v 4.136368 158.711227 7.466847
v 4.269066 159.788193 7.497402
v 4.035211 159.510376 8.284277
v 3.974246 158.436493 8.248545
v 3.193454 159.305374 8.731607
v 3.251522 158.320084 8.766494
v 3.884361 160.602646 8.496449
v 4.212687 160.868118 7.783563
v 4.311259 161.666443 8.214919
v 3.947517 161.496750 8.755965
v 3.283006 160.335831 8.874557
v 3.376269 161.127701 9.294316
v -4.136368 158.711227 7.466847
v -3.974246 158.436493 8.248545
v -4.035211 159.510376 8.284277
v -4.269066 159.788193 7.497402
v -3.251522 158.320084 8.766494
v -3.193454 159.305374 8.731607
v -3.884366 160.602646 8.496452
v -3.947518 161.496750 8.755962
v -4.311261 161.666443 8.214920
v -4.212687 160.868118 7.783563
v -3.283006 160.335831 8.874557
v -3.376253 161.127701 9.294354
v 3.441097 158.878296 7.114657
v 3.936043 159.784653 6.989802
v 4.109897 159.719330 7.772974
v 3.722507 158.712448 7.895375
v 3.926084 159.774521 8.535942
v 3.691077 158.803802 8.635018
v 4.236246 160.648193 7.964265
v 4.279509 160.602432 7.179303
v 4.526301 161.492065 7.493258
v 4.290298 161.510101 8.208904
v 3.933543 160.766464 8.673460
v 3.911653 161.610840 8.948188
v -3.441097 158.878296 7.114657
v -3.722507 158.712448 7.895375
v -4.109897 159.719330 7.772974
v -3.936043 159.784653 6.989802
v -3.691077 158.803802 8.635018
v -3.926084 159.774521 8.535942
v -4.236246 160.648193 7.964265
v -4.290248 161.510101 8.208894
v -4.526276 161.492065 7.493237
v -4.279509 160.602432 7.179303
v -3.933543 160.766464 8.673460
v -3.911653 161.610840 8.948188
v 4.564805 159.182861 7.287516
v 4.618491 160.218369 7.445748
v 4.387620 159.918518 8.279551
v 4.315780 158.844147 8.128875
v 3.638103 159.555527 8.912481
v 3.503056 158.559738 8.780080
v 4.148787 161.041183 8.560719
v 4.488396 161.344589 7.914391
v 4.347532 162.126709 8.478786
v 3.875928 161.814148 9.047848
v 3.568062 160.657547 9.009209
v 3.452127 161.474533 9.338112
v -4.564805 159.182861 7.287516
v -4.315780 158.844147 8.128875
v -4.387620 159.918518 8.279551
v -4.618491 160.218369 7.445748
v -3.503056 158.559738 8.780080
v -3.638103 159.555527 8.912481
v -4.148787 161.041183 8.560719
v -3.876026 161.814148 9.047880
v -4.347532 162.126709 8.478786
v -4.488396 161.344589 7.914391
v -3.568062 160.657547 9.009209
v -3.452127 161.474533 9.338112
v 4.322638 159.456726 7.357967
v 4.447884 160.354416 7.771408
v 4.238940 159.960312 8.471717
v 4.181398 159.115982 8.137789
v 3.494469 159.597321 9.067409
v 3.409804 158.836609 8.785182
v 3.934211 160.764297 8.707316
v 4.239770 161.119400 8.126996
v 4.090332 161.794998 8.668366
v 3.759596 161.482437 9.043468
v 3.379694 160.474716 9.145373
v 3.293834 161.175034 9.470338
v -4.322638 159.456726 7.357967
v -4.181398 159.115982 8.137789
v -4.238940 159.960312 8.471717
v -4.447884 160.354416 7.771408
v -3.409804 158.836609 8.785182
v -3.494469 159.597321 9.067409
v -3.934211 160.764297 8.707316
v -3.759596 161.482437 9.043468
v -4.090332 161.794998 8.668366
v -4.239770 161.119400 8.126996
v -3.379694 160.474716 9.145373
v -3.293834 161.175034 9.470338
v 4.205231 158.316833 7.877176
v 4.412079 159.339142 7.906254
v 4.001080 159.026825 8.907405
v 3.786147 157.969559 8.953142
v 3.333873 159.971176 9.287354
v 3.930332 160.308624 8.954969
v 3.503819 161.409546 9.343428
v 3.016852 160.964996 9.693520
v 3.918291 161.800751 8.750998
v 4.273861 160.593582 8.054275
v 3.239985 158.679398 9.393241
v 2.915117 157.715897 9.522763
v -4.060359 158.469269 8.028462
v -3.786147 157.969559 8.953142
v -4.001080 159.026825 8.907405
v -4.229871 159.339142 7.970345
v -3.333840 159.971176 9.287329
v -3.016852 160.964996 9.693520
v -3.503819 161.409546 9.343428
v -4.012491 160.308624 8.955031
v -3.918294 161.800751 8.750970
v -4.144640 160.593582 8.054275
v -2.915117 157.715897 9.522763
v -3.239985 158.679398 9.393241
v 3.869642 157.979782 8.198319
v 4.039154 158.849655 8.140203
v 3.728856 158.537338 9.077262
v 3.595430 157.480072 9.122999
v 3.143374 159.481689 9.457383
v 3.654114 159.819138 9.125276
v 3.371179 160.920059 9.350172
v 2.879884 160.475510 9.699148
v 3.783541 161.311264 8.761023
v 3.953923 160.104095 8.224132
v 3.049268 158.189911 9.563098
v 2.724400 157.226410 9.692620
v -3.869642 157.979782 8.198319
v -3.595430 157.480072 9.122999
v -3.728856 158.537338 9.077262
v -4.039154 158.849655 8.140203
v -3.143374 159.481689 9.457383
v -2.879902 160.475510 9.699152
v -3.371182 160.920059 9.350143
v -3.654114 159.819138 9.125276
v -3.783493 161.311264 8.760974
v -3.953923 160.104095 8.224132
v -2.724400 157.226410 9.692620
v -3.049268 158.189911 9.563098
v 3.974254 160.752213 8.690529
v 3.517811 160.252579 9.309759
v 3.767579 159.293594 9.262530
v 4.282854 159.605331 8.525076
v 2.807664 160.040787 9.755010
v 3.224803 161.540970 9.740262
v 2.574950 161.272400 10.207174
v 4.651180 158.639145 8.549243
v 4.062328 158.375061 9.390046
v 3.609349 161.648041 9.142487
v 2.980155 159.157578 9.629882
v 3.257794 158.179611 9.750821
v -3.974254 160.752213 8.690529
v -4.282854 159.605331 8.525076
v -3.767579 159.293594 9.262530
v -3.517811 160.252579 9.309759
v -2.807664 160.040787 9.755010
v -2.574950 161.272400 10.207174
v -3.224803 161.540970 9.740262
v -4.651180 158.639145 8.549243
v -4.062328 158.375061 9.390046
v -3.609351 161.648041 9.142496
v -2.980155 159.157578 9.629882
v -3.257794 158.179611 9.750821
v 3.711019 161.679749 9.550858
v 4.074469 161.044205 9.233394
v 4.449589 161.294312 8.501215
v 4.076725 161.945801 8.856591
v 3.716990 162.579681 9.271706
v 3.376720 162.330963 9.928676
v 4.734003 160.772217 8.325419
v 4.349954 160.550552 9.132730
v 3.603315 160.795822 9.618035
v 3.843613 160.303131 9.493583
v 3.266326 161.455566 9.899749
v 2.990534 162.108383 10.304015
v -3.711019 161.679749 9.550858
v -4.076742 161.945801 8.856603
v -4.449589 161.294312 8.501215
v -4.074469 161.044205 9.233394
v -3.376720 162.330963 9.928676
v -3.716990 162.579681 9.271706
v -4.733985 160.772217 8.325406
v -4.349954 160.550552 9.132730
v -3.843613 160.303131 9.493583
v -3.603384 160.795822 9.618050
v -3.266326 161.455566 9.899749
v -2.990534 162.108383 10.304015
v 3.827531 160.748657 9.143564
v 4.442760 161.005692 8.741663
v 4.123272 161.747238 9.100244
v 3.473034 161.494125 9.440434
v 4.414418 161.968857 8.423021
v 4.758036 161.098816 7.931849
v 4.554604 160.210983 8.482947
v 3.840622 159.982895 8.916925
v 3.762215 159.183487 8.717196
v 4.472212 159.274521 8.236776
v 4.732337 159.380554 7.361436
v 4.897836 160.337540 7.613757
v -3.827564 160.748657 9.143572
v -3.473027 161.494125 9.440438
v -4.123267 161.747238 9.100284
v -4.442760 161.005692 8.741663
v -4.414418 161.968857 8.423021
v -4.758036 161.098816 7.931849
v -4.554604 160.210983 8.482947
v -4.472212 159.274521 8.236776
v -3.762215 159.183487 8.717196
v -3.840622 159.982895 8.916925
v -4.732337 159.380554 7.361436
v -4.897836 160.337540 7.613757
v 2.511844 159.388580 10.028390
v 2.047478 159.176270 10.614823
v 2.121123 158.475281 10.733391
v 2.586709 158.690781 10.063348
v 1.388974 159.067795 11.083238
v 1.854660 159.995331 10.683146
v 1.293901 159.844559 10.940593
v 2.305362 160.070786 10.178841
v 1.380516 158.397629 11.151901
v 1.963419 157.601761 11.087214
v 2.427957 157.967606 10.236151
v 1.312684 157.603333 11.210403
v -2.511844 159.388580 10.028390
v -2.586709 158.690781 10.063348
v -2.121123 158.475281 10.733391
v -2.047478 159.176270 10.614569
v -1.388974 159.067795 11.082318
v -1.293901 159.852280 10.962667
v -1.854603 159.998337 10.691893
v -2.305361 160.070786 10.178913
v -1.380516 158.397629 11.151779
v -1.963419 157.601761 11.087214
v -2.427957 157.967606 10.236151
v -1.312684 157.603333 11.210403
v -0.856909 158.989166 11.493538
v 0.140890 159.003342 11.770932
v 0.078815 160.107025 11.326506
v -0.674547 160.054916 11.195375
v 0.697613 160.132492 11.076669
v 1.061896 159.026749 11.361548
v 0.026670 157.738510 11.918033
v 1.040297 157.852661 11.189244
v -1.074181 157.717590 11.405478
v -0.115226 156.678009 11.873390
v 0.899804 156.830170 11.105397
v -1.120788 156.679459 11.252963
v -0.143493 155.605179 11.628846
v 0.849187 155.778061 10.988992
v -1.105706 155.638992 11.039418
v 0.360994 158.669830 11.829902
v 1.476020 158.356644 11.271950
v 1.344332 159.329987 11.132812
v 0.333792 159.846710 11.448328
v 1.981157 159.208679 10.217247
v 2.299209 158.383942 10.237384
v 1.466257 156.352356 11.203012
v 2.316895 156.568924 10.368752
v 2.378886 157.611816 10.379449
v 1.523027 157.491287 11.305037
v 0.405366 157.664749 11.873361
v 0.406905 156.423523 11.707917
v -0.360994 158.669830 11.829418
v -0.333792 159.845947 11.445100
v -1.344332 159.329987 11.131786
v -1.476020 158.356644 11.271950
v -1.981157 159.208679 10.217089
v -2.299209 158.383942 10.237384
v -1.466257 156.352356 11.203012
v -1.523027 157.491287 11.305037
v -2.378886 157.611816 10.379449
v -2.316895 156.568924 10.368752
v -0.405366 157.664749 11.873361
v -0.406905 156.423523 11.707917
v 0.157904 159.100327 11.658333
v 0.769563 159.082642 11.588278
v 0.589180 160.049118 11.223156
v -0.138270 160.363541 11.071415
v 1.080044 159.854858 11.099452
v 1.361889 159.107391 11.193856
v 1.008469 158.030746 11.889062
v 1.582225 158.166046 11.432223
v 0.314992 157.951981 11.961591
v 1.172597 156.761139 11.977960
v 1.731876 156.983368 11.376202
v 0.433226 156.618164 12.020761
v -0.157904 159.100327 11.657244
v 0.138270 160.360077 11.061393
v -0.589180 160.055923 11.242167
v -0.769563 159.082642 11.587042
v -1.080044 159.863953 11.125245
v -1.361889 159.107391 11.192876
v -1.008469 158.030746 11.889062
v -1.582225 158.166046 11.432223
v -0.314992 157.951981 11.961591
v -1.172597 156.761139 11.977960
v -1.731876 156.983368 11.376202
v -0.433226 156.618164 12.020761
v 2.004302 159.410126 10.580271
v 1.318523 159.332596 11.257467
v 1.529318 158.698944 11.351347
v 2.243906 158.801651 10.502359
v 0.432388 159.312958 11.661104
v 1.229092 159.921143 11.107890
v 0.445223 159.961044 11.264545
v 1.927484 159.978394 10.633494
v 0.601823 158.621521 11.719431
v 1.770795 158.155548 11.581000
v 2.494224 158.261169 10.491236
v 0.801946 158.080353 11.818434
v -2.004302 159.410126 10.579978
v -2.243906 158.801651 10.502359
v -1.529318 158.698944 11.350931
v -1.318523 159.332901 11.257298
v -0.432388 159.313293 11.660754
v -0.445223 159.963348 11.270393
v -1.229092 159.930542 11.134645
v -1.927473 159.979965 10.638075
v -0.601823 158.621521 11.718887
v -1.770795 158.155548 11.581000
v -2.494224 158.261169 10.491236
v -0.801946 158.080353 11.818434
v 0.005087 160.049240 11.449341
v 0.573925 160.017761 11.223219
v 0.513750 160.528778 10.887785
v -0.019320 160.602524 10.965694
v -0.564565 160.531403 10.903570
v -0.560174 160.024277 11.232753
v -0.553298 159.553574 11.502021
v 0.009234 159.531097 11.811085
v 0.553998 159.550705 11.486155
v -0.073513 158.932037 12.070050
v -0.631950 158.951691 11.746080
v 0.435140 158.951691 11.711588
v 1.133706 157.656158 9.111878
v 2.122985 158.196686 8.695660
v 2.166965 159.276154 8.557034
v 1.151255 158.681366 8.929936
v 3.152877 158.800507 7.430389
v 3.223288 159.870956 7.285960
v 0.905477 155.263992 9.536408
v 1.833085 155.677948 9.019118
v 2.079006 157.117233 8.834285
v 1.116157 156.630951 9.293819
v 3.082467 157.730057 7.574819
v 2.801305 156.302780 7.767391
v -1.133706 157.656158 9.111878
v -1.151255 158.681366 8.929936
v -2.166965 159.276154 8.557034
v -2.122985 158.196686 8.695660
v -3.223288 159.870956 7.285960
v -3.152877 158.800507 7.430389
v -0.905477 155.263992 9.536408
v -1.116157 156.630951 9.293819
v -2.079006 157.117233 8.834285
v -1.833085 155.677948 9.019118
v -3.082467 157.730057 7.574819
v -2.801305 156.302780 7.767391
v -1.287745 157.883759 10.296640
v -0.107796 157.855942 9.264085
v -0.056773 158.574860 9.240017
v -1.394885 158.576233 10.143754
v 1.097446 158.577225 10.207706
v 1.159860 157.903442 10.030324
v 1.174017 156.612427 10.066147
v -0.099172 156.611710 9.587170
v 0.000322 155.311768 10.303596
v 1.109960 155.307587 10.424293
v -1.154019 156.614349 10.578060
v -1.008653 155.320404 10.879681
v 2.143867 155.840561 9.326274
v 2.909426 156.313721 8.587275
v 2.989619 157.384918 8.528994
v 2.159220 156.732101 9.339701
v 1.949579 157.759506 9.245615
v 2.786678 158.475891 8.386640
v 2.888479 159.872513 8.230538
v 1.982896 159.278656 9.000413
v 3.780460 158.115082 7.209893
v 3.633504 157.093704 7.147768
v 3.636901 159.377258 7.201158
v 3.798194 160.469086 7.249960
v -2.143867 155.840561 9.326274
v -2.159220 156.732101 9.339701
v -2.989619 157.384918 8.528994
v -2.909426 156.313721 8.587275
v -1.949579 157.759506 9.245615
v -1.982896 159.278656 9.000413
v -2.888479 159.872513 8.230538
v -2.786678 158.475891 8.386640
v -3.780460 158.115082 7.209893
v -3.633504 157.093704 7.147768
v -3.798194 160.469086 7.249960
v -3.636901 159.377258 7.201158
v 0.928987 157.713333 10.309135
v 0.952239 156.305298 10.604767
v 2.038531 156.678986 9.756542
v 2.109368 158.192917 9.391545
v 2.044709 159.297241 9.102021
v 0.832736 159.005539 10.026858
v 2.705208 157.253113 8.588731
v 2.875591 158.680710 8.102595
v 2.923285 159.515244 7.916271
v 0.890866 155.465775 10.309472
v 1.867618 155.727829 9.712173
v 2.497327 156.256912 8.737616
v -0.928987 157.713333 10.309135
v -2.109368 158.192917 9.391545
v -2.038531 156.678986 9.756542
v -0.952239 156.305298 10.604767
v -0.832736 159.005539 10.026390
v -2.044709 159.297241 9.102021
v -2.875591 158.680710 8.102595
v -2.705208 157.253113 8.588731
v -2.923285 159.515244 7.916271
v -1.867618 155.727829 9.712173
v -0.890866 155.465775 10.309472
v -2.497327 156.256912 8.737616
v 0.928987 157.713333 10.507972
v 0.952239 156.164719 10.803603
v 2.038531 156.678986 10.074240
v 2.109368 158.192917 9.709243
v 2.044709 159.297241 9.419719
v 0.832736 159.005539 10.228499
v 2.705208 157.253113 8.906428
v 2.875591 158.680710 8.420293
v 2.923285 159.515244 8.233969
v 0.890866 155.312836 10.562457
v 1.867618 155.635117 10.041470
v 2.497327 156.156723 9.094622
v -0.928987 157.713333 10.507972
v -2.109368 158.192917 9.709243
v -2.038531 156.678986 10.074240
v -0.952239 156.164719 10.803603
v -0.832736 159.005539 10.227859
v -2.044709 159.297241 9.419719
v -2.875591 158.680710 8.420293
v -2.705208 157.253113 8.906428
v -2.923285 159.515244 8.233969
v -1.867618 155.635117 10.041470
v -0.890866 155.312836 10.562457
v -2.497327 156.156723 9.094622
v -0.801966 157.595779 10.643557
v 0.114946 157.797638 11.310690
v 0.071199 159.038361 11.107678
v -0.845157 158.838181 10.528897
v 0.873583 159.055130 10.537079
v 1.041945 157.829346 10.721059
v 0.164298 156.522125 11.245052
v 1.047454 156.627579 10.697052
v -0.672780 156.379166 10.636238
v 0.232686 155.373764 10.897219
v 1.020076 155.545135 10.486525
v -0.447983 155.332214 10.315289
v 3.455692 160.070313 8.843457
v 2.935287 159.384888 9.510083
v 3.009180 158.440781 9.702751
v 3.684375 159.092468 8.833342
v 2.089150 158.884689 10.275402
v 2.668125 160.251907 9.738522
v 2.070135 159.682587 10.359417
v 3.376494 156.769882 9.056817
v 3.594997 157.932083 9.119530
v 2.893361 157.482040 9.980496
v 2.759341 156.451111 10.054996
v 3.142751 160.876007 9.320409
v 2.019613 158.063232 10.285237
v 1.929630 157.104019 10.531053
v 1.893545 156.175644 10.556129
v -3.455692 160.070313 8.843457
v -3.684375 159.092468 8.833342
v -3.009180 158.440781 9.702751
v -2.935287 159.384888 9.510083
v -2.089150 158.884689 10.275402
v -2.070135 159.682587 10.359305
v -2.668125 160.251907 9.738522
v -3.376494 156.769882 9.056817
v -2.759341 156.451111 10.054996
v -2.893361 157.482040 9.980496
v -3.594997 157.932083 9.119530
v -3.142820 160.876007 9.320424
v -2.019613 158.063232 10.285237
v -1.893545 156.175644 10.556129
v -1.929630 157.104019 10.531053
v 4.145905 159.011978 7.957808
v 4.282911 160.109695 7.899691
v 3.844049 159.705460 8.840209
v 3.699062 158.512268 8.933862
v 3.003349 159.358032 9.266329
v 2.817358 158.124054 9.395851
v 3.337252 157.421402 9.162979
v 3.831322 158.047287 8.134924
v 2.433202 156.938263 9.623196
v 4.194897 161.303345 7.925172
v 3.740427 161.018387 8.821475
v 3.089875 160.680939 9.154805
v -4.145905 159.011978 7.957808
v -3.699062 158.512268 8.933862
v -3.844049 159.705460 8.840209
v -4.282911 160.109695 7.899691
v -2.817358 158.124054 9.395851
v -3.003349 159.358032 9.266329
v -3.337252 157.421402 9.162979
v -3.831322 158.047287 8.134924
v -2.433202 156.938263 9.623196
v -3.740427 161.018387 8.821475
v -4.194865 161.303345 7.925147
v -3.089908 160.680939 9.154813
v 0.100756 157.666916 11.511220
v 1.215701 157.787827 11.228002
v 1.152232 159.031845 11.051869
v 0.088663 158.910950 11.406827
v 1.593824 158.996002 10.380248
v 1.753070 157.757736 10.482925
v 1.094378 156.710983 11.201831
v 1.623230 156.757019 10.513564
v 0.082194 156.641739 11.488811
v 0.818688 155.727554 10.795571
v 1.347301 155.844177 10.272798
v -0.040855 155.747116 11.092275
v -0.100756 157.666916 11.511220
v -0.088663 158.910950 11.405868
v -1.152232 159.031845 11.050843
v -1.215701 157.787827 11.228002
v -1.593824 158.996002 10.379809
v -1.753070 157.757736 10.482925
v -1.623230 156.757019 10.513564
v -1.094378 156.710983 11.201831
v -0.082194 156.641739 11.488811
v -1.347301 155.844177 10.272798
v -0.818688 155.727554 10.795571
v 0.040855 155.747116 11.092275
v 4.025217 159.449463 8.893804
v 3.745984 160.502396 9.000105
v 3.517811 160.252579 9.309759
v 3.767579 159.293594 9.262530
v 2.897146 161.406677 9.973383
v 3.162259 160.146683 9.532008
v 3.224803 161.540970 9.740262
v 4.356754 158.507111 8.969645
v 4.062328 158.375061 9.390046
v 3.416126 161.594513 9.440595
v 3.373867 159.225586 9.446206
v 3.660061 158.277344 9.570434
v -4.025217 159.449463 8.893804
v -3.767579 159.293594 9.262530
v -3.517811 160.252579 9.309759
v -3.745984 160.502396 9.000105
v -2.897146 161.406677 9.973383
v -3.224803 161.540970 9.740262
v -3.162259 160.146683 9.532008
v -4.356754 158.507111 8.969645
v -4.062328 158.375061 9.390046
v -3.416126 161.594513 9.440595
v -3.373867 159.225586 9.446206
v -3.660061 158.277344 9.570434
v 3.975050 160.575226 8.910681
v 3.516576 160.252579 9.528314
v 3.767579 159.293594 9.646163
v 4.282854 159.605331 8.908709
v 2.806821 160.040787 9.973873
v 3.224803 161.540970 9.740262
v 2.574950 161.272400 10.207174
v 4.651180 158.639145 8.932876
v 4.062328 158.375061 9.773679
v 3.609349 161.648041 9.142487
v 2.980155 159.157578 10.013515
v 3.257794 158.179611 10.134454
v -3.975050 160.575226 8.910681
v -4.282854 159.605331 8.908709
v -3.767579 159.293594 9.646163
v -3.516576 160.252579 9.528314
v -2.806821 160.040787 9.973873
v -2.574950 161.272400 10.207174
v -3.224803 161.540970 9.740262
v -4.651180 158.639145 8.932876
v -4.062328 158.375061 9.773679
v -3.609351 161.648041 9.142496
v -2.980155 159.157578 10.013515
v -3.257794 158.179611 10.134454
v 3.443909 159.752869 9.476168
v 2.986069 159.430222 10.094298
v 3.233965 158.471237 10.209703
v 3.749241 158.782974 9.472249
v 2.276592 159.218430 10.540523
v 2.739700 160.531296 10.040747
v 2.101956 160.260742 10.514965
v 4.117567 157.816788 9.496416
v 3.528714 157.552704 10.337219
v 3.113044 160.638367 9.448342
v 2.446542 158.335220 10.577055
v 2.724180 157.357254 10.697994
v -3.443909 159.752869 9.476168
v -3.749241 158.782974 9.472249
v -3.233965 158.471237 10.209703
v -2.986069 159.430222 10.094298
v -2.276592 159.218430 10.540433
v -2.101879 160.262314 10.519757
v -2.739647 160.531296 10.040736
v -4.117567 157.816788 9.496416
v -3.528714 157.552704 10.337219
v -3.113050 160.638367 9.448295
v -2.446542 158.335220 10.577055
v -2.724180 157.357254 10.697994
v -0.227239 158.671448 12.063576
v 0.766808 158.633469 11.692047
v 0.543213 159.768616 11.368168
v -0.363189 160.189590 11.259521
v 1.467495 159.514236 11.050025
v 1.730311 158.514114 11.089257
v 0.836693 157.609314 11.907232
v 1.799430 157.700043 11.197054
v -0.225509 157.596298 12.314287
v 0.839922 156.731369 11.951861
v 1.778992 156.894318 11.206313
v -0.229335 156.704041 12.286489
v 0.811922 155.955124 11.881505
v 1.717539 156.123184 11.136642
v -0.235608 155.931107 12.154820
v 0.227239 158.671448 12.063763
v 0.363189 160.190598 11.262852
v -0.543213 159.773071 11.379848
v -0.766808 158.633469 11.691467
v -1.467495 159.515884 11.054045
v -1.730311 158.514114 11.089199
v -1.799430 157.700043 11.197054
v -0.836693 157.609314 11.907232
v 0.225509 157.596298 12.314287
v -0.839922 156.731369 11.951861
v -1.778992 156.894318 11.206313
v 0.229335 156.704041 12.286489
v -0.811922 155.955124 11.881505
v -1.717539 156.123184 11.136642
v 0.235608 155.931107 12.154820
v 3.959023 162.764709 10.148252
v 4.361425 162.917267 9.763988
v 3.996053 163.110107 10.206546
v 3.619397 163.014099 10.588779
v 3.268149 162.945953 10.840760
v 3.534806 162.692398 10.500994
v 3.535779 163.394287 10.679741
v 3.214678 163.350311 10.972851
v 2.955255 163.292053 11.177464
v 2.941653 163.630997 11.164737
v 3.190897 163.661194 10.924059
v 2.750910 163.586273 11.310356
v -3.959023 162.764709 10.148252
v -3.619397 163.014099 10.588779
v -3.996053 163.110107 10.206546
v -4.361425 162.917267 9.763988
v -3.534806 162.692398 10.500994
v -3.268149 162.945953 10.840760
v -3.214678 163.350311 10.972851
v -3.535779 163.394287 10.679741
v -2.955255 163.292053 11.177464
v -2.941653 163.630997 11.164737
v -3.190897 163.661194 10.924059
v -2.750910 163.586273 11.310356
v 2.081572 163.348526 12.021115
v 2.437827 163.377686 11.820579
v 1.959784 163.739777 11.903806
v 1.678900 163.733719 12.050137
v 1.179421 164.581070 11.859827
v 1.428704 164.075043 12.016660
v 1.669346 164.065704 11.880598
v 1.408939 164.557190 11.735163
v 2.794082 163.406860 11.582412
v 2.240668 163.745850 11.743871
v 1.909988 164.056381 11.741287
v 1.638457 164.533295 11.647361
v -2.081572 163.348526 12.021115
v -1.678900 163.733719 12.050137
v -1.959784 163.739777 11.903806
v -2.437827 163.377686 11.820579
v -1.179421 164.581070 11.859827
v -1.408939 164.557190 11.735163
v -1.669346 164.065704 11.880598
v -1.428704 164.075043 12.016660
v -2.240668 163.745850 11.743871
v -2.794082 163.406860 11.582412
v -1.909988 164.056381 11.741287
v -1.638457 164.533295 11.647361
v 1.508633 163.445831 12.228160
v 1.853361 163.397186 12.091413
v 1.429431 163.805115 12.110484
v 1.180569 163.825806 12.228456
v 0.879397 164.546768 12.153600
v 0.967304 164.219406 12.212064
v 1.173820 164.223129 12.057448
v 1.061181 164.563919 12.000334
v 2.198090 163.348526 11.939067
v 1.678293 163.784439 11.992771
v 1.380335 164.226852 11.922009
v 1.242993 164.581070 11.857918
v -1.508633 163.445831 12.228160
v -1.180569 163.825806 12.228456
v -1.429431 163.805115 12.110484
v -1.853361 163.397186 12.091413
v -0.879397 164.546768 12.153600
v -1.061181 164.563919 12.000334
v -1.173820 164.223129 12.057448
v -0.967304 164.219406 12.212064
v -1.678293 163.784439 11.992771
v -2.198090 163.348526 11.939067
v -1.380335 164.226852 11.922009
v -1.242993 164.581070 11.857918
v 3.308515 162.849670 10.863451
v 3.687429 162.921341 10.467357
v 3.396914 163.336487 10.802542
v 3.078525 163.245453 11.120836
v 2.461697 164.050781 11.386898
v 2.779346 163.665054 11.309883
v 3.053149 163.766602 11.035936
v 2.707034 164.151535 11.150514
v 4.066344 162.993011 10.071262
v 3.715304 163.427505 10.484246
v 3.326953 163.868134 10.761991
v 2.952370 164.252289 10.904790
v -3.308515 162.849670 10.863451
v -3.078525 163.245453 11.120836
v -3.396914 163.336487 10.802542
v -3.687429 162.921341 10.467357
v -2.461697 164.050781 11.386898
v -2.707034 164.151535 11.150514
v -3.053149 163.766602 11.035936
v -2.779346 163.665054 11.309883
v -3.715304 163.427505 10.484246
v -4.066344 162.993011 10.071262
v -3.326953 163.868134 10.761991
v -2.952370 164.252289 10.904790
v 2.940541 162.664978 11.531569
v 3.232317 162.757324 11.240295
v 2.769558 163.199524 11.539781
v 2.508507 163.111740 11.764046
v 2.091322 163.948975 11.745312
v 2.246274 163.541870 11.817651
v 2.497944 163.612335 11.640113
v 2.315809 163.999878 11.593750
v 3.524093 162.849670 10.863451
v 3.016703 163.247131 11.157732
v 2.694201 163.647903 11.330842
v 2.516587 164.050781 11.349674
v -2.940541 162.664978 11.531569
v -2.508507 163.111740 11.764046
v -2.769558 163.199524 11.539781
v -3.232317 162.757324 11.240295
v -2.091322 163.948975 11.745312
v -2.315809 163.999878 11.593750
v -2.497944 163.612335 11.640113
v -2.246274 163.541870 11.817651
v -3.016703 163.247131 11.157732
v -3.524093 162.849670 10.863451
v -2.694201 163.647903 11.330842
v -2.516587 164.050781 11.349674
v 2.487064 163.072159 11.856410
v 2.876923 163.089233 11.520184
v 2.344102 163.539429 11.691813
v 2.049720 163.545456 11.899857
v 1.562519 164.532440 11.685925
v 1.737440 164.020828 11.842657
v 2.007914 164.007523 11.686777
v 1.764726 164.528442 11.573229
v 3.266781 163.106323 11.169842
v 2.638485 163.533417 11.454186
v 2.278387 163.994171 11.518760
v 1.966933 164.524429 11.454922
v -2.487064 163.072159 11.856410
v -2.049720 163.545456 11.899857
v -2.344102 163.539429 11.691813
v -2.876923 163.089233 11.520184
v -1.562519 164.532440 11.685925
v -1.764726 164.528442 11.573229
v -2.007914 164.007523 11.686777
v -1.737440 164.020828 11.842657
v -2.638485 163.533417 11.454186
v -3.266781 163.106323 11.169842
v -2.278387 163.994171 11.518760
v -1.966933 164.524429 11.454922
v 1.167355 163.362411 12.446257
v 1.489445 163.366333 12.284039
v 1.222589 163.799744 12.188947
v 0.945975 163.823059 12.343783
v 0.734588 164.771896 12.080687
v 0.796779 164.322662 12.274418
v 1.017107 164.279068 12.104433
v 0.933649 164.723358 11.933590
v 1.811535 163.370270 12.122475
v 1.499202 163.776428 12.057648
v 1.237689 164.235474 11.941341
v 1.133704 164.674835 11.779140
v -1.167355 163.362411 12.446257
v -0.945975 163.823059 12.343783
v -1.222589 163.799744 12.188947
v -1.489445 163.366333 12.284039
v -0.734588 164.771896 12.080687
v -0.933649 164.723358 11.933590
v -1.017107 164.279068 12.104433
v -0.796779 164.322662 12.274418
v -1.499202 163.776428 12.057648
v -1.811535 163.370270 12.122475
v -1.237689 164.235474 11.941341
v -1.133704 164.674835 11.779140
v 0.746181 163.509308 12.419648
v 0.647465 163.838394 12.347511
v 0.408332 163.842621 12.347818
v 0.486696 163.524094 12.409205
v 0.343603 164.223969 12.317176
v 0.555999 164.231110 12.318948
v 0.510285 164.568420 12.195930
v 0.321670 164.552856 12.208450
v 0.887842 163.834167 12.340782
v 1.009142 163.494507 12.412822
v 0.769261 164.238266 12.305150
v 0.698318 164.583954 12.177161
v -0.746181 163.509308 12.419648
v -0.486696 163.524094 12.409205
v -0.408332 163.842621 12.347818
v -0.647465 163.838394 12.347511
v -0.343603 164.223969 12.317176
v -0.321670 164.552856 12.208450
v -0.510285 164.568420 12.195930
v -0.555999 164.231110 12.318948
v -0.887842 163.834167 12.340782
v -1.009142 163.494507 12.412822
v -0.769261 164.238266 12.305150
v -0.698318 164.583954 12.177161
v 3.240576 162.880173 11.432427
v 3.584693 162.960083 11.036154
v 2.934628 163.378632 11.342423
v 2.689364 163.290115 11.650364
v 2.034685 164.298279 11.668056
v 2.289026 163.788147 11.736698
v 2.493926 163.856613 11.489671
v 2.247838 164.318878 11.478233
v 3.928809 163.039993 10.639880
v 3.179890 163.467163 11.003469
v 2.698826 163.925079 11.202150
v 2.460993 164.339493 11.273655
v -3.240576 162.880173 11.432427
v -2.689364 163.290115 11.650364
v -2.934628 163.378632 11.342423
v -3.584693 162.960083 11.036154
v -2.034685 164.298279 11.668056
v -2.247838 164.318878 11.478233
v -2.493926 163.856613 11.489671
v -2.289026 163.788147 11.736698
v -3.179890 163.467163 11.003469
v -3.928809 163.039993 10.639880
v -2.698826 163.925079 11.202150
v -2.460993 164.339493 11.273655
v 1.845362 163.139877 12.369810
v 2.139964 163.143799 12.217272
v 1.776470 163.537720 12.136782
v 1.508038 163.561035 12.258224
v 1.189394 164.344666 11.948378
v 1.297423 163.992676 12.130977
v 1.532618 163.949081 12.034702
v 1.413880 164.296143 11.835558
v 2.434566 163.147736 12.021707
v 2.044901 163.514404 12.006056
v 1.767814 163.905487 11.924504
v 1.638367 164.247604 11.737716
v -1.845362 163.139877 12.369810
v -1.508038 163.561035 12.258224
v -1.776470 163.537720 12.136782
v -2.139964 163.143799 12.217272
v -1.189394 164.344666 11.948378
v -1.413880 164.296143 11.835558
v -1.532618 163.949081 12.034702
v -1.297423 163.992676 12.130977
v -2.044901 163.514404 12.006056
v -2.434566 163.147736 12.021707
v -1.767814 163.905487 11.924504
v -1.638367 164.247604 11.737716
v 0.885348 163.562057 12.240727
v 1.552511 163.559647 12.019062
v 1.146413 164.188797 11.982106
v 0.633429 164.108658 12.248306
v 0.237854 163.595520 12.173447
v 0.139269 164.025681 12.149327
v 0.515211 164.566406 12.165876
v 0.937310 164.676117 11.887469
v 0.172026 164.402481 12.149095
v -0.885348 163.562057 12.240727
v -0.633429 164.108658 12.248306
v -1.146413 164.188797 11.982106
v -1.552511 163.559647 12.019062
v -0.237854 163.595520 12.173447
v -0.139269 164.025681 12.149327
v -0.515211 164.566406 12.165876
v -0.937310 164.676117 11.887469
v -0.172026 164.402481 12.149095
v 4.081998 162.932571 9.862850
v 5.028392 163.186920 9.084300
v 4.168853 163.442810 9.838607
v 3.423697 163.336578 10.503403
v 3.345442 162.739212 10.412108
v 2.733511 163.212830 11.068393
v 2.901467 163.828308 10.978108
v 3.543872 163.803009 10.440994
v 2.242026 163.757294 11.473083
v -4.081998 162.932571 9.862850
v -3.423697 163.336578 10.503403
v -4.168853 163.442810 9.838607
v -5.028392 163.186920 9.084300
v -3.345442 162.739212 10.412108
v -2.733511 163.212830 11.068393
v -2.901467 163.828308 10.978108
v -3.543872 163.803009 10.440994
v -2.242026 163.757294 11.473083
v 3.959023 162.834625 10.049604
v 5.058780 163.139725 9.154924
v 4.092668 163.379944 9.987653
v 3.194812 163.178833 10.795922
v 3.041990 162.644180 10.700599
v 2.388894 163.105820 11.370318
v 2.658834 163.630997 11.228604
v 3.403416 163.691391 10.545165
v 1.904042 163.556442 11.674190
v -3.959023 162.834625 10.049604
v -3.194812 163.178833 10.795922
v -4.092668 163.379944 9.987653
v -5.058780 163.139725 9.154924
v -3.041990 162.644180 10.700599
v -2.388894 163.105820 11.370318
v -2.658834 163.630997 11.228604
v -3.403416 163.691391 10.545165
v -1.904042 163.556442 11.674190
v 1.946953 163.396515 11.670120
v 2.775682 163.607574 11.113005
v 2.143198 164.099777 11.475547
v 1.410436 164.023102 11.864690
v 1.266353 163.328903 12.127163
v 0.747508 163.963669 12.183823
v 1.050830 164.667572 11.881008
v 1.655768 164.597565 11.622410
v 0.489583 164.592346 12.093054
v -1.946953 163.396515 11.670120
v -1.410436 164.023102 11.864690
v -2.143198 164.099777 11.475547
v -2.775682 163.607574 11.113005
v -1.266353 163.328903 12.127163
v -0.747508 163.963669 12.183823
v -1.050830 164.667572 11.881008
v -1.655768 164.597565 11.622410
v -0.489583 164.592346 12.093054
v 2.277498 163.088181 11.488901
v 2.929120 162.938095 10.953101
v 2.445090 163.672775 11.348409
v 1.799096 163.753799 11.758008
v 1.655014 163.059601 11.864170
v 1.220091 163.713165 12.070446
v 1.439490 164.398270 11.693937
v 2.044428 164.328262 11.501274
v 0.994247 164.475540 11.878408
v -2.277498 163.088181 11.488901
v -1.799096 163.753799 11.758008
v -2.445090 163.672775 11.348409
v -2.929120 162.938095 10.953101
v -1.655014 163.059601 11.864170
v -1.220091 163.713165 12.070446
v -1.439490 164.398270 11.693937
v -2.044428 164.328262 11.501274
v -0.994247 164.475540 11.878408
v 0.689817 163.467911 12.333499
v 1.354882 163.465500 12.121696
v 1.072064 164.114594 12.028018
v 0.560331 164.075165 12.290709
v 0.116187 163.521317 12.205539
v 0.036144 164.044373 12.132860
v 0.498449 164.560104 12.152125
v 0.909394 164.601913 11.932191
v 0.079772 164.461716 12.110799
v -0.689817 163.467911 12.333499
v -0.560331 164.075165 12.290709
v -1.072064 164.114594 12.028018
v -1.354882 163.465500 12.121696
v -0.116187 163.521317 12.205539
v -0.036144 164.044373 12.132860
v -0.498449 164.560104 12.152125
v -0.909394 164.601913 11.932191
v -0.079772 164.461716 12.110799
v 1.833835 163.120239 11.844949
v 2.472198 162.987549 11.442127
v 1.994040 163.746002 11.661974
v 1.455514 163.788925 11.982086
v 1.236473 163.298935 12.112006
v 0.924780 163.763626 12.188729
v 1.181434 164.418716 11.849034
v 1.650153 164.257080 11.649720
v 0.733354 164.444107 12.069812
v -1.833835 163.120239 11.844949
v -1.455514 163.788925 11.982086
v -1.994040 163.746002 11.661974
v -2.472198 162.987549 11.442127
v -1.236473 163.298935 12.112006
v -0.924780 163.763626 12.188729
v -1.181434 164.418716 11.849034
v -1.650153 164.257080 11.649720
v -0.733354 164.444107 12.069812
v 2.792151 162.857086 11.082850
v 3.383471 163.070892 10.482873
v 2.825274 163.523178 11.075060
v 2.375264 163.400360 11.522563
v 2.205686 162.902878 11.613849
v 1.793691 163.323898 11.848137
v 1.914776 164.093826 11.614908
v 2.409230 164.022964 11.328592
v 1.477561 164.041473 11.835170
v -2.792151 162.857086 11.082850
v -2.375264 163.400360 11.522563
v -2.825274 163.523178 11.075060
v -3.383471 163.070892 10.482873
v -2.205686 162.902878 11.613849
v -1.793691 163.323898 11.848137
v -1.914776 164.093826 11.614908
v -2.409230 164.022964 11.328592
v -1.477561 164.041473 11.835170
v 3.225236 162.783554 10.804178
v 4.171528 163.060913 10.011990
v 3.475446 163.485306 10.541486
v 2.857777 163.380814 11.206602
v 2.323454 162.664978 11.468848
v 2.048493 163.360550 11.723926
v 2.434479 163.951065 11.329288
v 3.003780 163.843842 10.835931
v 1.840198 163.948975 11.691038
v -3.225236 162.783554 10.804178
v -2.857777 163.380814 11.206602
v -3.475446 163.485306 10.541486
v -4.171528 163.060913 10.011990
v -2.323454 162.664978 11.468848
v -2.048493 163.360550 11.723926
v -2.434479 163.951065 11.329288
v -3.003780 163.843842 10.835931
v -1.840198 163.948975 11.691038
v 2.798848 163.001633 11.235567
v 4.029529 163.262909 10.139062
v 3.063329 163.754517 10.890825
v 2.299409 163.645706 11.589786
v 1.879351 162.883057 11.846699
v 1.496483 163.636368 11.992963
v 1.910377 164.239716 11.613916
v 2.591663 164.113052 11.184464
v 1.247977 164.252655 11.901843
v -2.798848 163.001633 11.235567
v -2.299409 163.645706 11.589786
v -3.063329 163.754517 10.890825
v -4.029529 163.262909 10.139062
v -1.879351 162.883057 11.846699
v -1.496483 163.636368 11.992963
v -1.910377 164.239716 11.613916
v -2.591663 164.113052 11.184464
v -1.247977 164.252655 11.901843
v 2.863867 163.123138 11.192533
v 3.659919 163.266342 10.455355
v 3.145111 163.712830 10.853490
v 2.505885 163.713455 11.479484
v 2.098876 163.212280 11.683820
v 1.760990 163.751785 11.813721
v 2.019048 164.408630 11.495192
v 2.698855 164.162659 11.096508
v 1.492130 164.375031 11.667390
v -2.863867 163.123138 11.192533
v -2.505885 163.713455 11.479484
v -3.145111 163.712830 10.853490
v -3.659919 163.266342 10.455355
v -2.098876 163.212280 11.683820
v -1.760990 163.751785 11.813721
v -2.019048 164.408630 11.495192
v -2.698855 164.162659 11.096508
v -1.492130 164.375031 11.667390
v 1.940650 163.011703 11.912662
v 2.795052 163.099823 11.284452
v 2.245656 163.804749 11.598504
v 1.484061 163.836700 11.987690
v 1.157616 163.349243 12.178675
v 0.934640 163.831253 12.170310
v 1.110945 164.549973 11.818018
v 1.900920 164.379074 11.571486
v 0.578849 164.503326 12.128245
v -1.940650 163.011703 11.912662
v -1.484061 163.836700 11.987690
v -2.245656 163.804749 11.598504
v -2.795052 163.099823 11.284452
v -1.157616 163.349243 12.178675
v -0.934640 163.831253 12.170310
v -1.110945 164.549973 11.818018
v -1.900920 164.379074 11.571486
v -0.578849 164.503326 12.128245
v 0.931844 163.263687 12.351100
v 1.683569 163.168671 11.987013
v 1.455925 164.050323 11.948808
v 0.804397 163.970596 12.317201
v 0.152179 163.372116 12.300148
v 0.087106 163.913696 12.252670
v 0.618104 164.711136 12.061585
v 1.236156 164.711151 11.711404
v 0.089804 164.380722 12.145515
v -0.931844 163.263687 12.351100
v -0.804397 163.970596 12.317201
v -1.455925 164.050323 11.948808
v -1.683569 163.168671 11.987013
v -0.152179 163.372116 12.300148
v -0.087106 163.913696 12.252670
v -0.618104 164.711136 12.061585
v -1.236156 164.711151 11.711404
v -0.089804 164.380722 12.145515
v 3.303420 163.106323 10.978070
v 4.187214 163.195679 9.982902
v 3.389229 163.692322 10.620980
v 2.614019 163.748505 11.428433
v 2.201609 163.072159 11.775245
v 1.847543 163.783813 11.864947
v 2.147197 164.447037 11.424204
v 2.832356 164.199844 10.962245
v 1.558126 164.532440 11.631853
v -3.303420 163.106323 10.978070
v -2.614019 163.748505 11.428433
v -3.389229 163.692322 10.620980
v -4.187214 163.195679 9.982902
v -2.201609 163.072159 11.775245
v -1.847543 163.783813 11.864947
v -2.147197 164.447037 11.424204
v -2.832356 164.199844 10.962245
v -1.558126 164.532440 11.631853
v 1.995674 163.126373 11.900172
v 2.686450 163.321884 11.426424
v 2.110052 163.777802 11.725426
v 1.496561 163.706787 12.048318
v 1.381641 163.063751 12.201447
v 0.902620 163.651733 12.232588
v 1.111591 164.303757 11.900192
v 1.664394 164.238907 11.663923
v 0.594928 164.234070 12.211221
v -1.995674 163.126373 11.900172
v -1.496561 163.706787 12.048318
v -2.110052 163.777802 11.725426
v -2.686450 163.321884 11.426424
v -1.381641 163.063751 12.201447
v -0.902620 163.651733 12.232588
v -1.111591 164.303757 11.900192
v -1.664394 164.238907 11.663923
v -0.594928 164.234070 12.211221
v 1.601274 163.789703 11.999605
v 2.187945 163.834915 11.651064
v 1.782870 164.269928 11.677526
v 1.274576 164.255692 11.954208
v 1.039750 163.859421 12.125574
v 0.791278 164.185272 12.215720
v 0.990980 164.649139 11.875628
v 1.487834 164.617203 11.599442
v 0.628060 164.565536 12.096517
v -1.601274 163.789703 11.999605
v -1.274576 164.255692 11.954208
v -1.782870 164.269928 11.677526
v -2.187945 163.834915 11.651064
v -1.039750 163.859421 12.125574
v -0.791278 164.185272 12.215720
v -0.990980 164.649139 11.875628
v -1.487834 164.617203 11.599442
v -0.628060 164.565536 12.096517
v 2.170872 163.348526 11.880430
v 2.931373 163.406860 11.321412
v 2.154187 164.056381 11.614599
v 1.566909 164.075043 11.931261
v 1.375852 163.445831 12.147144
v 1.005018 164.079102 12.173948
v 1.152203 164.581070 11.804467
v 1.639355 164.533295 11.594120
v 0.789208 164.546768 12.102801
v -2.170872 163.348526 11.880430
v -1.566909 164.075043 11.931261
v -2.154187 164.056381 11.614599
v -2.931373 163.406860 11.321412
v -1.375852 163.445831 12.147144
v -1.005018 164.079102 12.173948
v -1.152203 164.581070 11.804467
v -1.639355 164.533295 11.594120
v -0.789208 164.546768 12.102801
v 0.981924 163.362411 12.356135
v 1.768687 163.370270 12.060840
v 1.442686 164.047180 11.983505
v 0.778403 164.130142 12.300374
v 0.203697 163.391983 12.334759
v 0.097741 164.058929 12.246664
v 0.636574 164.771896 12.048035
v 1.200288 164.674835 11.720794
v 0.182289 164.600891 12.133003
v -0.981924 163.362411 12.356135
v -0.778403 164.130142 12.300374
v -1.442686 164.047180 11.983505
v -1.768687 163.370270 12.060840
v -0.203697 163.391983 12.334759
v -0.097741 164.058929 12.246664
v -0.636574 164.771896 12.048035
v -1.200288 164.674835 11.720794
v -0.182289 164.600891 12.133003
v 1.899059 163.384308 12.050840
v 2.675143 163.451874 11.510183
v 2.074493 164.026093 11.721110
v 1.446907 164.030075 12.039816
v 1.075263 163.407700 12.349804
v 0.765071 164.069672 12.319329
v 1.049510 164.612350 11.904558
v 1.614029 164.516769 11.674309
v 0.577840 164.560135 12.148168
v -1.899059 163.384308 12.050840
v -1.446907 164.030075 12.039816
v -2.074493 164.026093 11.721110
v -2.675143 163.451874 11.510183
v -1.075263 163.407700 12.349804
v -0.765071 164.069672 12.319329
v -1.049510 164.612350 11.904558
v -1.614029 164.516769 11.674309
v -0.577840 164.560135 12.148168
v 0.756936 163.380249 12.395750
v 1.420248 163.353485 12.140679
v 1.026400 164.044098 12.075150
v 0.504913 164.058884 12.277250
v 0.130566 163.575928 12.197388
v -0.003672 163.987701 12.089406
v 0.418939 164.542191 12.182969
v 0.847076 164.521072 12.045554
v -0.028952 164.428299 12.061616
v -0.756936 163.380249 12.395750
v -0.504913 164.058884 12.277250
v -1.026400 164.044098 12.075150
v -1.420248 163.353485 12.140679
v -0.130566 163.575928 12.197388
v 0.002362 163.987701 12.089177
v -0.418939 164.542191 12.182969
v -0.847076 164.521072 12.045554
v 0.028952 164.428299 12.061616
v 3.701870 162.930649 10.365258
v 4.801627 163.271713 9.446460
v 3.835515 163.458527 10.259622
v 2.946595 163.339279 11.069070
v 2.784838 162.815430 11.060165
v 2.131742 163.277069 11.622843
v 2.401681 163.872192 11.346419
v 3.146263 163.825684 10.785663
v 1.774614 163.829834 11.744864
v -3.701870 162.930649 10.365258
v -2.946595 163.339279 11.069070
v -3.835515 163.458527 10.259622
v -4.801627 163.271713 9.446460
v -2.784838 162.815430 11.060165
v -2.131742 163.277069 11.622843
v -2.401681 163.872192 11.346419
v -3.146263 163.825684 10.785663
v -1.774614 163.829834 11.744864
v 2.080795 162.926620 11.647718
v 2.677241 162.853241 11.079590
v 2.177381 163.566406 11.530570
v 1.674029 163.559647 11.878974
v 1.510999 163.050980 12.044671
v 1.177289 163.487503 12.111033
v 1.399527 164.229889 11.775225
v 1.853652 164.109985 11.603340
v 0.900056 164.216797 12.067386
v -2.080795 162.926620 11.647718
v -1.674029 163.559647 11.878974
v -2.177381 163.566406 11.530570
v -2.677241 162.853241 11.079590
v -1.510999 163.050980 12.044671
v -1.177289 163.487503 12.111033
v -1.399527 164.229889 11.775225
v -1.853652 164.109985 11.603340
v -0.900056 164.216797 12.067386
v 2.667204 162.788849 11.450206
v 3.466151 162.844849 10.704503
v 3.078343 163.548508 11.017107
v 2.324268 163.761368 11.614558
v 1.917885 162.911224 11.911986
v 1.548539 163.835999 11.976501
v 1.856789 164.532349 11.517180
v 2.595563 164.197037 11.195321
v 1.143897 164.599457 11.778792
v -2.667204 162.788849 11.450206
v -2.324268 163.761368 11.614558
v -3.078343 163.548508 11.017107
v -3.466151 162.844849 10.704503
v -1.917885 162.911224 11.911986
v -1.548539 163.835999 11.976501
v -1.856789 164.532349 11.517180
v -2.595563 164.197037 11.195321
v -1.143897 164.599457 11.778792
v 1.781855 163.743835 11.976606
v 2.542863 163.763412 11.549479
v 2.102392 164.274765 11.560102
v 1.472236 164.316040 11.851692
v 1.025851 163.745163 12.239327
v 0.859246 164.278336 12.201973
v 1.170328 164.787598 11.740679
v 1.780925 164.667130 11.501455
v 0.722649 164.674561 12.044443
v -1.781855 163.743835 11.976606
v -1.472236 164.316040 11.851692
v -2.102392 164.274765 11.560102
v -2.542863 163.763412 11.549479
v -1.025851 163.745163 12.239327
v -0.859246 164.278336 12.201973
v -1.170328 164.787598 11.740679
v -1.780925 164.667130 11.501455
v -0.722649 164.674561 12.044443
vt 0.352279 0.200735
vt 0.474094 0.116749
vt 0.352279 0.023795
vt 0.352279 0.116749
vt 0.474094 0.278761
vt 0.232556 0.357751
vt 0.352279 0.357751
vt 0.474094 0.200735
vt 0.232556 0.023795
vt 0.352279 0.278761
vt 0.232556 0.116749
vt 0.352279 0.278761
vt 0.474094 0.116749
vt 0.474094 0.278761
vt 0.232556 0.278761
vt 0.232556 0.116749
vt 0.232556 0.278761
vt 0.232556 0.357751
vt 0.352279 0.357751
vt 0.474094 0.023795
vt 0.232556 0.023795
vt 0.352279 0.200735
vt 0.474094 0.023795
vt 0.352279 0.116749
vt 0.232556 0.200735
vt 0.352279 0.023795
vt 0.474094 0.357751
vt 0.474094 0.357751
vt 0.232556 0.200735
vt 0.474094 0.200735
vt 0.232556 0.115874
vt 0.232556 0.023795
vt 0.354217 0.023795
vt 0.354217 0.115874
vt 0.232556 0.194939
vt 0.354217 0.194939
vt 0.232556 0.260389
vt 0.354217 0.260389
vt 0.232556 0.357751
vt 0.354217 0.357751
vt 0.474094 0.115874
vt 0.474094 0.194939
vt 0.474094 0.260389
vt 0.474094 0.357751
vt 0.474094 0.023795
vt 0.474094 0.132496
vt 0.474094 0.023795
vt 0.352279 0.023795
vt 0.352279 0.132496
vt 0.474094 0.256179
vt 0.352279 0.256179
vt 0.474094 0.357751
vt 0.352279 0.357751
vt 0.232556 0.256179
vt 0.232556 0.357751
vt 0.232556 0.132496
vt 0.232556 0.023795
vt 0.474094 0.132496
vt 0.352279 0.023795
vt 0.474094 0.023795
vt 0.352279 0.132496
vt 0.232556 0.132496
vt 0.232556 0.023795
vt 0.474094 0.256179
vt 0.352279 0.256179
vt 0.232556 0.256179
vt 0.352279 0.357751
vt 0.232556 0.357751
vt 0.474094 0.357751
vt 0.232556 0.134465
vt 0.232556 0.023795
vt 0.354217 0.023795
vt 0.354217 0.134465
vt 0.232556 0.235948
vt 0.354217 0.235948
vt 0.232556 0.357751
vt 0.354217 0.357751
vt 0.474094 0.235948
vt 0.474094 0.357751
vt 0.474094 0.134465
vt 0.474094 0.023795
vt 0.232556 0.134465
vt 0.354217 0.023795
vt 0.232556 0.023795
vt 0.354217 0.134465
vt 0.474094 0.134465
vt 0.474094 0.023795
vt 0.232556 0.235948
vt 0.354217 0.235948
vt 0.474094 0.235948
vt 0.232556 0.357751
vt 0.354217 0.357751
vt 0.474094 0.357751
vt 0.232556 0.114343
vt 0.232556 0.023795
vt 0.354217 0.023795
vt 0.354217 0.114343
vt 0.232556 0.235510
vt 0.354217 0.235510
vt 0.354217 0.357751
vt 0.232556 0.357751
vt 0.474094 0.114343
vt 0.474094 0.235510
vt 0.474094 0.357751
vt 0.474094 0.023795
vt 0.232556 0.114343
vt 0.354217 0.023795
vt 0.232556 0.023795
vt 0.354217 0.114343
vt 0.474094 0.114343
vt 0.474094 0.023795
vt 0.232556 0.235510
vt 0.354217 0.235510
vt 0.474094 0.235510
vt 0.354217 0.357751
vt 0.474094 0.357751
vt 0.232556 0.357751
vt 0.352279 0.017255
vt 0.474094 0.017255
vt 0.474094 0.071293
vt 0.352279 0.071293
vt 0.232556 0.017255
vt 0.232556 0.071293
vt 0.232556 0.126994
vt 0.352279 0.126994
vt 0.232556 0.179508
vt 0.474094 0.126994
vt 0.474094 0.179508
vt 0.352279 0.179508
vt 0.352279 0.243868
vt 0.232556 0.243868
vt 0.232556 0.357253
vt 0.352279 0.357253
vt 0.474094 0.357253
vt 0.474094 0.243868
vt 0.474094 0.132496
vt 0.474094 0.023795
vt 0.352279 0.023795
vt 0.352279 0.132496
vt 0.474094 0.256179
vt 0.352279 0.256179
vt 0.474094 0.357751
vt 0.352279 0.357751
vt 0.232556 0.256179
vt 0.232556 0.357751
vt 0.232556 0.132496
vt 0.232556 0.023795
vt 0.474094 0.132496
vt 0.352279 0.023795
vt 0.474094 0.023795
vt 0.352279 0.132496
vt 0.232556 0.132496
vt 0.232556 0.023795
vt 0.474094 0.256179
vt 0.352279 0.256179
vt 0.232556 0.256179
vt 0.352279 0.357751
vt 0.232556 0.357751
vt 0.474094 0.357751
vt 0.107849 0.278320
vt 0.107849 0.354004
vt 0.176392 0.354004
vt 0.176392 0.278320
vt 0.107849 0.202637
vt 0.176392 0.202637
vt 0.107849 0.137207
vt 0.176392 0.137207
vt 0.246338 0.137207
vt 0.246338 0.202637
vt 0.246338 0.354004
vt 0.246338 0.278320
vt 0.107849 0.278320
vt 0.176392 0.354004
vt 0.107849 0.354004
vt 0.176392 0.278320
vt 0.246338 0.354004
vt 0.246338 0.278320
vt 0.176392 0.202637
vt 0.246338 0.202637
vt 0.246338 0.137207
vt 0.176392 0.137207
vt 0.107849 0.202637
vt 0.107849 0.137207
vt 0.988770 0.610596
vt 0.869141 0.734375
vt 0.988770 0.734375
vt 0.869141 0.610596
vt 0.751465 0.734375
vt 0.751465 0.610596
vt 0.869141 0.504639
vt 0.751465 0.504639
vt 0.869141 0.412598
vt 0.751465 0.412598
vt 0.988770 0.504639
vt 0.988770 0.412598
vt 0.988770 0.610596
vt 0.988770 0.734375
vt 0.869141 0.734375
vt 0.869141 0.610596
vt 0.869141 0.504639
vt 0.988770 0.504639
vt 0.988770 0.412598
vt 0.869141 0.412598
vt 0.751465 0.504639
vt 0.751465 0.412598
vt 0.751465 0.734375
vt 0.751465 0.610596
vt 0.515137 0.639160
vt 0.636719 0.742188
vt 0.515137 0.742188
vt 0.636719 0.639160
vt 0.755859 0.742188
vt 0.755859 0.639160
vt 0.636719 0.510010
vt 0.755859 0.510010
vt 0.755859 0.385254
vt 0.636719 0.385254
vt 0.515137 0.510010
vt 0.515137 0.385254
vt 0.515137 0.639160
vt 0.515137 0.742188
vt 0.636719 0.742188
vt 0.636719 0.639160
vt 0.515137 0.510010
vt 0.636719 0.510010
vt 0.515137 0.385254
vt 0.636719 0.385254
vt 0.755859 0.385254
vt 0.755859 0.510010
vt 0.755859 0.742188
vt 0.755859 0.639160
vt 0.515137 0.635010
vt 0.636719 0.731689
vt 0.515137 0.731689
vt 0.636719 0.635010
vt 0.755859 0.731689
vt 0.755859 0.635010
vt 0.636719 0.513428
vt 0.755859 0.513428
vt 0.755859 0.396484
vt 0.636719 0.396484
vt 0.515137 0.513428
vt 0.515137 0.396484
vt 0.515137 0.635010
vt 0.515137 0.731689
vt 0.636719 0.731689
vt 0.636719 0.635010
vt 0.515137 0.513428
vt 0.636719 0.513428
vt 0.515137 0.396484
vt 0.636719 0.396484
vt 0.755859 0.396484
vt 0.755859 0.513428
vt 0.755859 0.731689
vt 0.755859 0.635010
vt 0.755371 0.629639
vt 0.873047 0.732422
vt 0.755371 0.732422
vt 0.873047 0.629639
vt 0.988770 0.732422
vt 0.988770 0.629639
vt 0.873047 0.531982
vt 0.988770 0.531982
vt 0.873047 0.400391
vt 0.988770 0.400391
vt 0.755371 0.531982
vt 0.755371 0.400391
vt 0.755371 0.629639
vt 0.755371 0.732422
vt 0.873047 0.732422
vt 0.873047 0.629639
vt 0.873047 0.531982
vt 0.755371 0.531982
vt 0.755371 0.400391
vt 0.873047 0.400391
vt 0.988770 0.531982
vt 0.988770 0.400391
vt 0.988770 0.732422
vt 0.988770 0.629639
vt 0.751465 0.509521
vt 0.868652 0.412598
vt 0.751465 0.412598
vt 0.868652 0.509521
vt 0.988770 0.412598
vt 0.988770 0.509521
vt 0.988770 0.622314
vt 0.868652 0.622314
vt 0.868652 0.734375
vt 0.988770 0.734375
vt 0.751465 0.622314
vt 0.751465 0.734375
vt 0.751465 0.509521
vt 0.751465 0.412598
vt 0.868652 0.412598
vt 0.868652 0.509521
vt 0.868652 0.622314
vt 0.751465 0.622314
vt 0.751465 0.734375
vt 0.868652 0.734375
vt 0.988770 0.622314
vt 0.988770 0.734375
vt 0.988770 0.412598
vt 0.988770 0.509521
vt 0.754395 0.633789
vt 0.635254 0.735107
vt 0.754395 0.735107
vt 0.635254 0.633789
vt 0.517578 0.735107
vt 0.517578 0.633789
vt 0.635254 0.521240
vt 0.517578 0.521240
vt 0.517578 0.396484
vt 0.635254 0.396484
vt 0.754395 0.521240
vt 0.754395 0.396484
vt 0.754395 0.633789
vt 0.754395 0.735107
vt 0.635254 0.735107
vt 0.635254 0.633789
vt 0.754395 0.521240
vt 0.635254 0.521240
vt 0.754395 0.396484
vt 0.635254 0.396484
vt 0.517578 0.396484
vt 0.517578 0.521240
vt 0.517578 0.735107
vt 0.517578 0.633789
vt 0.748535 0.872437
vt 0.628418 0.987801
vt 0.748535 0.987801
vt 0.628418 0.872437
vt 0.511230 0.987801
vt 0.511230 0.872437
vt 0.511230 0.765015
vt 0.628418 0.765015
vt 0.748535 0.765015
vt 0.748535 0.872437
vt 0.748535 0.987801
vt 0.628418 0.987801
vt 0.628418 0.872437
vt 0.628418 0.765015
vt 0.748535 0.765015
vt 0.511230 0.987801
vt 0.511230 0.872437
vt 0.511230 0.765015
vt 0.749023 0.840820
vt 0.866211 0.774658
vt 0.749023 0.774658
vt 0.866211 0.840820
vt 0.985840 0.774658
vt 0.985840 0.840820
vt 0.985840 0.917786
vt 0.866211 0.917786
vt 0.866211 0.994278
vt 0.985840 0.994278
vt 0.749023 0.917786
vt 0.749023 0.994278
vt 0.749023 0.840820
vt 0.749023 0.774658
vt 0.866211 0.774658
vt 0.866211 0.840820
vt 0.866211 0.917786
vt 0.749023 0.917786
vt 0.749023 0.994278
vt 0.866211 0.994278
vt 0.985840 0.917786
vt 0.985840 0.994278
vt 0.985840 0.774658
vt 0.985840 0.840820
vt 0.371338 0.985260
vt 0.487549 0.985260
vt 0.487549 0.925964
vt 0.371338 0.925964
vt 0.255615 0.985260
vt 0.255615 0.925964
vt 0.255615 0.859253
vt 0.371338 0.858643
vt 0.255615 0.762939
vt 0.371338 0.760986
vt 0.487549 0.859253
vt 0.487549 0.762939
vt 0.371338 0.985260
vt 0.487549 0.985260
vt 0.487549 0.875671
vt 0.371338 0.875671
vt 0.255615 0.985260
vt 0.255615 0.875671
vt 0.255615 0.769409
vt 0.371338 0.768921
vt 0.487549 0.769409
vt 0.742676 0.844727
vt 0.742676 0.763428
vt 0.626465 0.762939
vt 0.626465 0.844727
vt 0.626465 0.921021
vt 0.742676 0.921021
vt 0.742676 0.989510
vt 0.626465 0.989510
vt 0.510742 0.989510
vt 0.510742 0.921021
vt 0.510742 0.763428
vt 0.510742 0.844727
vt 0.626465 0.909912
vt 0.510742 0.909912
vt 0.510742 0.837524
vt 0.510742 0.989510
vt 0.626465 0.989510
vt 0.742676 0.989510
vt 0.742676 0.909912
vt 0.626465 0.836792
vt 0.742676 0.837524
vt 0.510742 0.765137
vt 0.626465 0.763550
vt 0.742676 0.765137
vt 0.626953 0.909912
vt 0.748047 0.909912
vt 0.748047 0.837524
vt 0.748047 0.989510
vt 0.626953 0.989510
vt 0.505371 0.989510
vt 0.505371 0.909912
vt 0.626953 0.836792
vt 0.505371 0.837524
vt 0.748047 0.765137
vt 0.626953 0.763550
vt 0.505371 0.765137
vt 0.627930 0.763550
vt 0.744141 0.765137
vt 0.744141 0.820435
vt 0.627930 0.819702
vt 0.512207 0.765137
vt 0.512207 0.820435
vt 0.627930 0.875793
vt 0.512207 0.875793
vt 0.627930 0.932678
vt 0.512207 0.932678
vt 0.744141 0.875793
vt 0.744141 0.932678
vt 0.744141 0.989510
vt 0.627930 0.989510
vt 0.512207 0.989510
vt 0.605469 0.393066
vt 0.479004 0.394531
vt 0.496338 0.484863
vt 0.622559 0.484375
vt 0.726563 0.394531
vt 0.743652 0.484863
vt 0.633301 0.575684
vt 0.754395 0.575684
vt 0.757324 0.640625
vt 0.506836 0.575684
vt 0.509766 0.640625
vt 0.636230 0.640625
vt 0.636230 0.737793
vt 0.757324 0.737793
vt 0.509766 0.737793
vt 0.626465 0.763550
vt 0.742676 0.765137
vt 0.742676 0.820435
vt 0.626465 0.819702
vt 0.510742 0.765137
vt 0.510742 0.820435
vt 0.626465 0.875793
vt 0.510742 0.875793
vt 0.510742 0.932678
vt 0.742676 0.875793
vt 0.742676 0.932678
vt 0.626465 0.932678
vt 0.626465 0.989510
vt 0.510742 0.989510
vt 0.742676 0.989510
vt 0.627930 0.763550
vt 0.744141 0.765137
vt 0.744141 0.820435
vt 0.627930 0.819702
vt 0.512207 0.765137
vt 0.512207 0.820435
vt 0.627930 0.875793
vt 0.512207 0.875793
vt 0.512207 0.932678
vt 0.744141 0.875793
vt 0.744141 0.932678
vt 0.627930 0.932678
vt 0.627930 0.973648
vt 0.512207 0.973648
vt 0.744141 0.973648
vt 0.985840 0.846191
vt 0.985840 0.774658
vt 0.866699 0.774658
vt 0.866699 0.846191
vt 0.985840 0.927490
vt 0.866699 0.927490
vt 0.866699 0.994278
vt 0.985840 0.994278
vt 0.749023 0.846191
vt 0.749023 0.927490
vt 0.749023 0.994278
vt 0.749023 0.774658
vt 0.985840 0.846191
vt 0.866699 0.774658
vt 0.985840 0.774658
vt 0.866699 0.846191
vt 0.749023 0.846191
vt 0.749023 0.774658
vt 0.985840 0.927490
vt 0.866699 0.927490
vt 0.749023 0.927490
vt 0.866699 0.994278
vt 0.749023 0.994278
vt 0.985840 0.994278
vt 0.515137 0.249512
vt 0.636719 0.369141
vt 0.515137 0.369141
vt 0.636719 0.249512
vt 0.755859 0.369141
vt 0.755859 0.249512
vt 0.636719 0.127930
vt 0.755859 0.127930
vt 0.755859 0.011230
vt 0.636719 0.011230
vt 0.515137 0.127930
vt 0.515137 0.011230
vt 0.515137 0.249512
vt 0.515137 0.369141
vt 0.636719 0.369141
vt 0.636719 0.249512
vt 0.515137 0.127930
vt 0.636719 0.127930
vt 0.515137 0.011230
vt 0.636719 0.011230
vt 0.755859 0.011230
vt 0.755859 0.127930
vt 0.755859 0.369141
vt 0.755859 0.249512
vt 0.474094 0.090117
vt 0.353312 0.020482
vt 0.474094 0.020482
vt 0.353312 0.090117
vt 0.232556 0.020482
vt 0.232556 0.090117
vt 0.353312 0.225553
vt 0.232556 0.225553
vt 0.353312 0.355375
vt 0.232556 0.355375
vt 0.474094 0.225553
vt 0.474094 0.355375
vt 0.474094 0.090117
vt 0.474094 0.020482
vt 0.353312 0.020482
vt 0.353312 0.090117
vt 0.474094 0.225553
vt 0.353312 0.225553
vt 0.353312 0.355375
vt 0.474094 0.355375
vt 0.232556 0.020482
vt 0.232556 0.090117
vt 0.232556 0.225553
vt 0.232556 0.355375
vt 0.232556 0.096380
vt 0.352279 0.014365
vt 0.232556 0.014365
vt 0.352279 0.096380
vt 0.474094 0.014365
vt 0.474094 0.096380
vt 0.352279 0.229375
vt 0.474094 0.229375
vt 0.352279 0.356857
vt 0.474094 0.356857
vt 0.232556 0.229375
vt 0.232556 0.356857
vt 0.232556 0.143213
vt 0.352279 0.024889
vt 0.232556 0.024889
vt 0.352279 0.143213
vt 0.474094 0.024889
vt 0.474094 0.143213
vt 0.474094 0.250055
vt 0.352279 0.250055
vt 0.352279 0.357751
vt 0.474094 0.357751
vt 0.232556 0.250055
vt 0.232556 0.357751
vt 0.232556 0.132496
vt 0.352279 0.020296
vt 0.232556 0.020296
vt 0.352279 0.132496
vt 0.474094 0.020296
vt 0.474094 0.132496
vt 0.474094 0.251586
vt 0.352279 0.251586
vt 0.352279 0.357751
vt 0.474094 0.357751
vt 0.232556 0.251586
vt 0.232556 0.357751
vt 0.232556 0.144744
vt 0.352279 0.018765
vt 0.232556 0.018765
vt 0.352279 0.144744
vt 0.474094 0.018765
vt 0.474094 0.144744
vt 0.474094 0.257764
vt 0.352279 0.257764
vt 0.352279 0.357751
vt 0.474094 0.357751
vt 0.232556 0.257764
vt 0.232556 0.357751
vt 0.005398 0.836792
vt 0.140015 0.765137
vt 0.005398 0.763550
vt 0.140015 0.837524
vt 0.005398 0.909912
vt 0.140015 0.909912
vt 0.140015 0.989510
vt 0.005398 0.989510
vt 0.137329 0.765137
vt 0.009048 0.837036
vt 0.009048 0.764160
vt 0.137329 0.837524
vt 0.009048 0.909912
vt 0.137329 0.909912
vt 0.009048 0.989510
vt 0.137329 0.989510
vt 0.134888 0.823730
vt 0.134888 0.763916
vt 0.009300 0.763550
vt 0.009300 0.823486
vt 0.134888 0.864746
vt 0.009300 0.864746
vt 0.134888 0.925842
vt 0.009300 0.925842
vt 0.134888 0.989510
vt 0.009300 0.989510
vt 0.134033 0.764404
vt 0.002077 0.763916
vt 0.002077 0.823730
vt 0.134033 0.823853
vt 0.002077 0.864746
vt 0.134033 0.864746
vt 0.134033 0.925842
vt 0.002077 0.925842
vt 0.002077 0.989510
vt 0.134033 0.989510
vt 0.023880 0.765137
vt 0.128906 0.763550
vt 0.128906 0.819702
vt 0.023880 0.820435
vt 0.128906 0.875793
vt 0.023880 0.875793
vt 0.023880 0.932678
vt 0.128906 0.932678
vt 0.128906 0.989510
vt 0.023880 0.989510
vt 0.009575 0.763550
vt 0.137329 0.765137
vt 0.137329 0.820435
vt 0.009575 0.819702
vt 0.137329 0.875793
vt 0.009575 0.875793
vt 0.137329 0.932678
vt 0.009575 0.932678
vt 0.137329 0.989510
vt 0.009575 0.989510
vt 0.029785 0.820068
vt 0.029785 0.764404
vt 0.148682 0.765137
vt 0.148682 0.820435
vt 0.029785 0.875793
vt 0.148682 0.875793
vt 0.029785 0.932678
vt 0.148682 0.932678
vt 0.029785 0.989510
vt 0.148682 0.989510
vt 0.158691 0.765137
vt 0.009048 0.837036
vt 0.009048 0.764160
vt 0.158691 0.837524
vt 0.009048 0.909912
vt 0.158691 0.909912
vt 0.009048 0.989510
vt 0.158691 0.989510
vt 0.474094 0.131457
vt 0.353312 0.014339
vt 0.474094 0.014339
vt 0.353312 0.131457
vt 0.232556 0.014339
vt 0.232556 0.131457
vt 0.353312 0.245520
vt 0.232556 0.245520
vt 0.353312 0.354854
vt 0.232556 0.354854
vt 0.474094 0.245520
vt 0.474094 0.354854
vt 0.474094 0.131457
vt 0.474094 0.014339
vt 0.353312 0.014339
vt 0.353312 0.131457
vt 0.474094 0.245520
vt 0.353312 0.245520
vt 0.353312 0.354854
vt 0.474094 0.354854
vt 0.232556 0.014339
vt 0.232556 0.131457
vt 0.232556 0.245520
vt 0.232556 0.354854
vt 0.474094 0.131457
vt 0.353312 0.014339
vt 0.474094 0.014339
vt 0.353312 0.131457
vt 0.232556 0.014339
vt 0.232556 0.131457
vt 0.353312 0.245520
vt 0.232556 0.245520
vt 0.353312 0.354854
vt 0.232556 0.354854
vt 0.474094 0.245520
vt 0.474094 0.354854
vt 0.474094 0.131457
vt 0.474094 0.014339
vt 0.353312 0.014339
vt 0.353312 0.131457
vt 0.474094 0.245520
vt 0.353312 0.245520
vt 0.353312 0.354854
vt 0.474094 0.354854
vt 0.232556 0.014339
vt 0.232556 0.131457
vt 0.232556 0.245520
vt 0.232556 0.354854
vt 0.232556 0.131457
vt 0.352279 0.014339
vt 0.232556 0.014339
vt 0.352279 0.131457
vt 0.474094 0.014339
vt 0.474094 0.131457
vt 0.352279 0.245520
vt 0.474094 0.245520
vt 0.352279 0.354854
vt 0.474094 0.354854
vt 0.232556 0.245520
vt 0.232556 0.354854
vt 0.474094 0.131457
vt 0.354217 0.014339
vt 0.474094 0.014339
vt 0.354217 0.131457
vt 0.232556 0.014339
vt 0.232556 0.131457
vt 0.354217 0.245520
vt 0.232556 0.245520
vt 0.354217 0.354854
vt 0.232556 0.354854
vt 0.474094 0.245520
vt 0.474094 0.354854
vt 0.232556 0.131457
vt 0.353312 0.014339
vt 0.232556 0.014339
vt 0.353312 0.131457
vt 0.474094 0.131457
vt 0.474094 0.014339
vt 0.353312 0.245520
vt 0.474094 0.245520
vt 0.232556 0.245520
vt 0.232556 0.354854
vt 0.353312 0.354854
vt 0.474094 0.354854
vt 0.232556 0.131457
vt 0.232556 0.014339
vt 0.353312 0.014339
vt 0.353312 0.131457
vt 0.353312 0.245520
vt 0.232556 0.245520
vt 0.232556 0.354854
vt 0.353312 0.354854
vt 0.474094 0.245520
vt 0.474094 0.354854
vt 0.474094 0.131457
vt 0.474094 0.014339
vt 0.232556 0.131457
vt 0.352279 0.014339
vt 0.232556 0.014339
vt 0.352279 0.131457
vt 0.474094 0.014339
vt 0.474094 0.131457
vt 0.352279 0.245520
vt 0.474094 0.245520
vt 0.352279 0.354854
vt 0.474094 0.354854
vt 0.232556 0.245520
vt 0.232556 0.354854
vt 0.353054 0.354854
vt 0.474094 0.245520
vt 0.474094 0.354854
vt 0.353054 0.245520
vt 0.474094 0.131457
vt 0.353054 0.131457
vt 0.353054 0.014339
vt 0.474094 0.014339
vt 0.232556 0.245520
vt 0.232556 0.131457
vt 0.232556 0.014339
vt 0.232556 0.354854
vt 0.353054 0.354854
vt 0.474094 0.354854
vt 0.474094 0.245520
vt 0.353054 0.245520
vt 0.232556 0.245520
vt 0.232556 0.354854
vt 0.474094 0.131457
vt 0.353054 0.131457
vt 0.232556 0.131457
vt 0.232556 0.014339
vt 0.353054 0.014339
vt 0.474094 0.014339
vt 0.352279 0.014339
vt 0.232556 0.014339
vt 0.232556 0.131457
vt 0.352279 0.131457
vt 0.474094 0.014339
vt 0.474094 0.131457
vt 0.474094 0.245520
vt 0.352279 0.245520
vt 0.352279 0.354854
vt 0.474094 0.354854
vt 0.232556 0.245520
vt 0.232556 0.354854
vt 0.352279 0.014339
vt 0.232556 0.131457
vt 0.232556 0.014339
vt 0.352279 0.131457
vt 0.352279 0.245520
vt 0.232556 0.245520
vt 0.232556 0.354854
vt 0.352279 0.354854
vt 0.474094 0.245520
vt 0.474094 0.354854
vt 0.474094 0.014339
vt 0.474094 0.131457
vt 0.232556 0.131457
vt 0.352279 0.014339
vt 0.232556 0.014339
vt 0.352279 0.131457
vt 0.474094 0.014339
vt 0.474094 0.131457
vt 0.352279 0.245520
vt 0.474094 0.245520
vt 0.352279 0.354854
vt 0.474094 0.354854
vt 0.232556 0.245520
vt 0.232556 0.354854
vt 0.232556 0.131457
vt 0.352279 0.014339
vt 0.232556 0.014339
vt 0.352279 0.131457
vt 0.474094 0.014339
vt 0.474094 0.131457
vt 0.352279 0.245520
vt 0.474094 0.245520
vt 0.352279 0.354854
vt 0.474094 0.354854
vt 0.232556 0.245520
vt 0.232556 0.354854
vt 0.232556 0.131457
vt 0.232556 0.014339
vt 0.352279 0.014339
vt 0.352279 0.131457
vt 0.352279 0.245520
vt 0.232556 0.245520
vt 0.232556 0.354854
vt 0.352279 0.354854
vt 0.474094 0.245520
vt 0.474094 0.354854
vt 0.474094 0.014339
vt 0.474094 0.131457
vt 0.232556 0.131457
vt 0.352279 0.014339
vt 0.232556 0.014339
vt 0.352279 0.131457
vt 0.474094 0.014339
vt 0.474094 0.131457
vt 0.352279 0.245520
vt 0.474094 0.245520
vt 0.352279 0.354854
vt 0.474094 0.354854
vt 0.232556 0.245520
vt 0.232556 0.354854
vt 0.232556 0.131457
vt 0.232556 0.014339
vt 0.352279 0.014339
vt 0.352279 0.131457
vt 0.352279 0.245520
vt 0.232556 0.245520
vt 0.232556 0.354854
vt 0.352279 0.354854
vt 0.474094 0.245520
vt 0.474094 0.354854
vt 0.474094 0.014339
vt 0.474094 0.131457
vt 0.232556 0.131457
vt 0.352279 0.014339
vt 0.232556 0.014339
vt 0.352279 0.131457
vt 0.474094 0.014339
vt 0.474094 0.131457
vt 0.352279 0.245520
vt 0.474094 0.245520
vt 0.352279 0.354854
vt 0.474094 0.354854
vt 0.232556 0.245520
vt 0.232556 0.354854
vt 0.232556 0.131457
vt 0.232556 0.014339
vt 0.352279 0.014339
vt 0.352279 0.131457
vt 0.352279 0.245520
vt 0.232556 0.245520
vt 0.232556 0.354854
vt 0.352279 0.354854
vt 0.474094 0.245520
vt 0.474094 0.354854
vt 0.474094 0.014339
vt 0.474094 0.131457
vt 0.352279 0.014339
vt 0.232556 0.014339
vt 0.232556 0.131457
vt 0.352279 0.131457
vt 0.474094 0.014339
vt 0.474094 0.131457
vt 0.474094 0.245520
vt 0.352279 0.245520
vt 0.352279 0.354854
vt 0.474094 0.354854
vt 0.232556 0.245520
vt 0.232556 0.354854
vt 0.352279 0.014339
vt 0.232556 0.131457
vt 0.232556 0.014339
vt 0.352279 0.131457
vt 0.352279 0.245520
vt 0.232556 0.245520
vt 0.232556 0.354854
vt 0.352279 0.354854
vt 0.474094 0.245520
vt 0.474094 0.354854
vt 0.474094 0.014339
vt 0.474094 0.131457
vt 0.352279 0.014339
vt 0.232556 0.014339
vt 0.232556 0.131457
vt 0.352279 0.131457
vt 0.474094 0.014339
vt 0.474094 0.131457
vt 0.474094 0.245520
vt 0.352279 0.245520
vt 0.352279 0.354854
vt 0.474094 0.354854
vt 0.232556 0.245520
vt 0.232556 0.354854
vt 0.352279 0.014339
vt 0.232556 0.131457
vt 0.232556 0.014339
vt 0.352279 0.131457
vt 0.352279 0.245520
vt 0.232556 0.245520
vt 0.232556 0.354854
vt 0.352279 0.354854
vt 0.474094 0.245520
vt 0.474094 0.354854
vt 0.474094 0.014339
vt 0.474094 0.131457
vt 0.232556 0.289243
vt 0.353312 0.354854
vt 0.232556 0.354854
vt 0.353312 0.289243
vt 0.474094 0.354854
vt 0.474094 0.289243
vt 0.353312 0.153100
vt 0.474094 0.153100
vt 0.474094 0.014339
vt 0.353312 0.014339
vt 0.232556 0.153100
vt 0.232556 0.014339
vt 0.232556 0.289243
vt 0.232556 0.354854
vt 0.353312 0.354854
vt 0.353312 0.289243
vt 0.353312 0.153100
vt 0.232556 0.153100
vt 0.353312 0.014339
vt 0.232556 0.014339
vt 0.474094 0.354854
vt 0.474094 0.289243
vt 0.474094 0.153100
vt 0.474094 0.014339
vt 0.232556 0.137042
vt 0.352279 0.014339
vt 0.232556 0.014339
vt 0.352279 0.137042
vt 0.474094 0.014339
vt 0.474094 0.137042
vt 0.474094 0.248051
vt 0.352279 0.248051
vt 0.352279 0.354854
vt 0.474094 0.354854
vt 0.232556 0.248051
vt 0.232556 0.354854
vt 0.352279 0.014339
vt 0.232556 0.014339
vt 0.232556 0.131457
vt 0.352279 0.131457
vt 0.474094 0.014339
vt 0.474094 0.131457
vt 0.474094 0.245520
vt 0.352279 0.245520
vt 0.352279 0.354854
vt 0.474094 0.354854
vt 0.232556 0.245520
vt 0.232556 0.354854
vt 0.352279 0.014339
vt 0.232556 0.131457
vt 0.232556 0.014339
vt 0.352279 0.131457
vt 0.352279 0.245520
vt 0.232556 0.245520
vt 0.232556 0.354854
vt 0.352279 0.354854
vt 0.474094 0.245520
vt 0.474094 0.354854
vt 0.474094 0.014339
vt 0.474094 0.131457
vt 0.352279 0.014339
vt 0.232556 0.014339
vt 0.232556 0.131457
vt 0.352279 0.131457
vt 0.474094 0.014339
vt 0.474094 0.131457
vt 0.474094 0.245520
vt 0.352279 0.245520
vt 0.352279 0.354854
vt 0.474094 0.354854
vt 0.232556 0.245520
vt 0.232556 0.354854
vt 0.352279 0.014339
vt 0.232556 0.131457
vt 0.232556 0.014339
vt 0.352279 0.131457
vt 0.352279 0.245520
vt 0.232556 0.245520
vt 0.232556 0.354854
vt 0.352279 0.354854
vt 0.474094 0.245520
vt 0.474094 0.354854
vt 0.474094 0.014339
vt 0.474094 0.131457
vt 0.352279 0.014339
vt 0.232556 0.014339
vt 0.232556 0.131457
vt 0.352279 0.131457
vt 0.474094 0.014339
vt 0.474094 0.131457
vt 0.474094 0.245520
vt 0.352279 0.245520
vt 0.352279 0.354854
vt 0.474094 0.354854
vt 0.232556 0.245520
vt 0.232556 0.354854
vt 0.352279 0.014339
vt 0.232556 0.131457
vt 0.232556 0.014339
vt 0.352279 0.131457
vt 0.352279 0.245520
vt 0.232556 0.245520
vt 0.232556 0.354854
vt 0.352279 0.354854
vt 0.474094 0.245520
vt 0.474094 0.354854
vt 0.474094 0.014339
vt 0.474094 0.131457
vt 0.232556 0.245520
vt 0.353312 0.354854
vt 0.232556 0.354854
vt 0.353312 0.245520
vt 0.474094 0.354854
vt 0.474094 0.245520
vt 0.353312 0.129886
vt 0.474094 0.129886
vt 0.474094 0.014339
vt 0.353312 0.014339
vt 0.232556 0.129886
vt 0.232556 0.014339
vt 0.232556 0.245520
vt 0.232556 0.354854
vt 0.353312 0.354854
vt 0.353312 0.245520
vt 0.232556 0.129886
vt 0.353312 0.129886
vt 0.353312 0.014339
vt 0.232556 0.014339
vt 0.474094 0.354854
vt 0.474094 0.245520
vt 0.474094 0.129886
vt 0.474094 0.014339
vt 0.352279 0.014339
vt 0.232556 0.014339
vt 0.232556 0.138089
vt 0.352279 0.138089
vt 0.474094 0.014339
vt 0.474094 0.138089
vt 0.474094 0.238887
vt 0.352279 0.238887
vt 0.352279 0.354854
vt 0.474094 0.354854
vt 0.232556 0.238887
vt 0.232556 0.354854
vt 0.352279 0.014339
vt 0.232556 0.138089
vt 0.232556 0.014339
vt 0.352279 0.138089
vt 0.352279 0.238887
vt 0.232556 0.238887
vt 0.232556 0.354854
vt 0.352279 0.354854
vt 0.474094 0.238887
vt 0.474094 0.354854
vt 0.474094 0.014339
vt 0.474094 0.138089
vt 0.354217 0.014339
vt 0.474094 0.014339
vt 0.474094 0.138089
vt 0.354217 0.138089
vt 0.232556 0.014339
vt 0.232556 0.138089
vt 0.232556 0.238887
vt 0.354217 0.238887
vt 0.354217 0.354854
vt 0.232556 0.354854
vt 0.474094 0.238887
vt 0.474094 0.354854
vt 0.354217 0.014339
vt 0.474094 0.138089
vt 0.474094 0.014339
vt 0.354217 0.138089
vt 0.354217 0.238887
vt 0.474094 0.238887
vt 0.474094 0.354854
vt 0.354217 0.354854
vt 0.232556 0.238887
vt 0.232556 0.354854
vt 0.232556 0.014339
vt 0.232556 0.138089
vt 0.232556 0.261752
vt 0.354217 0.354854
vt 0.232556 0.354854
vt 0.354217 0.261752
vt 0.474094 0.354854
vt 0.474094 0.261752
vt 0.354217 0.138962
vt 0.474094 0.138962
vt 0.354217 0.014339
vt 0.474094 0.014339
vt 0.232556 0.138962
vt 0.232556 0.014339
vt 0.232556 0.261752
vt 0.232556 0.354854
vt 0.354217 0.354854
vt 0.354217 0.261752
vt 0.354217 0.138962
vt 0.232556 0.138962
vt 0.232556 0.014339
vt 0.354217 0.014339
vt 0.474094 0.138962
vt 0.474094 0.014339
vt 0.474094 0.354854
vt 0.474094 0.261752
vt 0.474094 0.291817
vt 0.352279 0.354854
vt 0.474094 0.354854
vt 0.352279 0.291817
vt 0.232556 0.354854
vt 0.232556 0.291817
vt 0.352279 0.200488
vt 0.232556 0.200488
vt 0.352279 0.112082
vt 0.232556 0.112082
vt 0.474094 0.200488
vt 0.474094 0.112082
vt 0.474094 0.014339
vt 0.352279 0.014339
vt 0.232556 0.014339
vt 0.474094 0.291817
vt 0.474094 0.354854
vt 0.352279 0.354854
vt 0.352279 0.291817
vt 0.352279 0.200488
vt 0.474094 0.200488
vt 0.352279 0.112082
vt 0.474094 0.112082
vt 0.474094 0.014339
vt 0.352279 0.014339
vt 0.232556 0.354854
vt 0.232556 0.291817
vt 0.232556 0.200488
vt 0.232556 0.112082
vt 0.232556 0.014339
vt 0.347693 0.014339
vt 0.232556 0.138264
vt 0.232556 0.014339
vt 0.347693 0.138264
vt 0.232556 0.251192
vt 0.347693 0.251192
vt 0.347693 0.354854
vt 0.232556 0.354854
vt 0.474094 0.014339
vt 0.474094 0.138264
vt 0.474094 0.251192
vt 0.474094 0.354854
vt 0.347693 0.014339
vt 0.232556 0.014339
vt 0.232556 0.138264
vt 0.347693 0.138264
vt 0.474094 0.014339
vt 0.474094 0.138264
vt 0.474094 0.251192
vt 0.347693 0.251192
vt 0.474094 0.354854
vt 0.347693 0.354854
vt 0.232556 0.251192
vt 0.232556 0.354854
vt 0.474094 0.131457
vt 0.353312 0.014339
vt 0.474094 0.014339
vt 0.353312 0.131457
vt 0.232556 0.014339
vt 0.232556 0.131457
vt 0.353312 0.245520
vt 0.232556 0.245520
vt 0.353312 0.354854
vt 0.232556 0.354854
vt 0.474094 0.245520
vt 0.474094 0.354854
vt 0.474094 0.131457
vt 0.474094 0.014339
vt 0.353312 0.014339
vt 0.353312 0.131457
vt 0.474094 0.245520
vt 0.353312 0.245520
vt 0.353312 0.354854
vt 0.474094 0.354854
vt 0.232556 0.014339
vt 0.232556 0.131457
vt 0.232556 0.245520
vt 0.232556 0.354854
vt 0.232556 0.278334
vt 0.353312 0.354854
vt 0.232556 0.354854
vt 0.353312 0.278334
vt 0.474094 0.354854
vt 0.474094 0.278334
vt 0.353312 0.210873
vt 0.474094 0.210873
vt 0.353312 0.132155
vt 0.474094 0.132155
vt 0.232556 0.210873
vt 0.232556 0.132155
vt 0.353312 0.014339
vt 0.474094 0.014339
vt 0.232556 0.014339
vt 0.232556 0.278334
vt 0.232556 0.354854
vt 0.353312 0.354854
vt 0.353312 0.278334
vt 0.353312 0.210873
vt 0.232556 0.210873
vt 0.232556 0.132155
vt 0.353312 0.132155
vt 0.353312 0.014339
vt 0.232556 0.014339
vt 0.474094 0.354854
vt 0.474094 0.278334
vt 0.474094 0.210873
vt 0.474094 0.132155
vt 0.474094 0.014339
vt 0.232556 0.245520
vt 0.353312 0.354854
vt 0.232556 0.354854
vt 0.353312 0.245520
vt 0.474094 0.354854
vt 0.474094 0.245520
vt 0.353312 0.129886
vt 0.474094 0.129886
vt 0.474094 0.014339
vt 0.353312 0.014339
vt 0.232556 0.129886
vt 0.232556 0.014339
vt 0.232556 0.245520
vt 0.232556 0.354854
vt 0.353312 0.354854
vt 0.353312 0.245520
vt 0.232556 0.129886
vt 0.353312 0.129886
vt 0.353312 0.014339
vt 0.232556 0.014339
vt 0.474094 0.354854
vt 0.474094 0.245520
vt 0.474094 0.129886
vt 0.474094 0.014339
vt 0.232556 0.245520
vt 0.353312 0.354854
vt 0.232556 0.354854
vt 0.353312 0.245520
vt 0.474094 0.354854
vt 0.474094 0.245520
vt 0.353312 0.129886
vt 0.474094 0.129886
vt 0.474094 0.014339
vt 0.353312 0.014339
vt 0.232556 0.129886
vt 0.232556 0.014339
vt 0.232556 0.245520
vt 0.232556 0.354854
vt 0.353312 0.354854
vt 0.353312 0.245520
vt 0.232556 0.129886
vt 0.353312 0.129886
vt 0.353312 0.014339
vt 0.232556 0.014339
vt 0.474094 0.354854
vt 0.474094 0.245520
vt 0.474094 0.129886
vt 0.474094 0.014339
vt 0.474094 0.196493
vt 0.352279 0.358929
vt 0.474094 0.358929
vt 0.352279 0.196493
vt 0.232556 0.358929
vt 0.232556 0.196493
vt 0.232556 0.027031
vt 0.352279 0.027031
vt 0.474094 0.027031
vt 0.232556 0.247540
vt 0.353312 0.357253
vt 0.232556 0.357253
vt 0.353312 0.247540
vt 0.474094 0.357253
vt 0.474094 0.247540
vt 0.353312 0.131566
vt 0.474094 0.131566
vt 0.474094 0.015592
vt 0.353312 0.015592
vt 0.232556 0.131566
vt 0.232556 0.015592
vt 0.232556 0.247540
vt 0.232556 0.357253
vt 0.353312 0.357253
vt 0.353312 0.247540
vt 0.232556 0.131566
vt 0.353312 0.131566
vt 0.353312 0.015592
vt 0.232556 0.015592
vt 0.474094 0.357253
vt 0.474094 0.247540
vt 0.474094 0.131566
vt 0.474094 0.015592
vt 0.232556 0.247540
vt 0.353312 0.357253
vt 0.232556 0.357253
vt 0.353312 0.247540
vt 0.474094 0.357253
vt 0.474094 0.247540
vt 0.353312 0.131566
vt 0.474094 0.131566
vt 0.474094 0.015592
vt 0.353312 0.015592
vt 0.232556 0.131566
vt 0.232556 0.015592
vt 0.232556 0.247540
vt 0.232556 0.357253
vt 0.353312 0.357253
vt 0.353312 0.247540
vt 0.232556 0.131566
vt 0.353312 0.131566
vt 0.353312 0.015592
vt 0.232556 0.015592
vt 0.474094 0.357253
vt 0.474094 0.247540
vt 0.474094 0.131566
vt 0.474094 0.015592
vt 0.232556 0.232278
vt 0.353312 0.358929
vt 0.232556 0.358929
vt 0.353312 0.232278
vt 0.474094 0.358929
vt 0.474094 0.232278
vt 0.353312 0.123626
vt 0.474094 0.123626
vt 0.474094 0.015103
vt 0.353312 0.015103
vt 0.232556 0.123626
vt 0.232556 0.015103
vt 0.232556 0.232278
vt 0.232556 0.358929
vt 0.353312 0.358929
vt 0.353312 0.232278
vt 0.232556 0.123626
vt 0.353312 0.123626
vt 0.353312 0.015103
vt 0.232556 0.015103
vt 0.474094 0.358929
vt 0.474094 0.232278
vt 0.474094 0.123626
vt 0.474094 0.015103
vt 0.232556 0.237425
vt 0.353312 0.357253
vt 0.232556 0.357253
vt 0.353312 0.237425
vt 0.474094 0.357253
vt 0.474094 0.237425
vt 0.353312 0.133367
vt 0.474094 0.133367
vt 0.474094 0.015592
vt 0.353312 0.015592
vt 0.232556 0.133367
vt 0.232556 0.015592
vt 0.232556 0.237425
vt 0.232556 0.357253
vt 0.353312 0.357253
vt 0.353312 0.237425
vt 0.232556 0.133367
vt 0.353312 0.133367
vt 0.353312 0.015592
vt 0.232556 0.015592
vt 0.474094 0.357253
vt 0.474094 0.237425
vt 0.474094 0.133367
vt 0.474094 0.015592
vt 0.232556 0.246570
vt 0.353312 0.357253
vt 0.232556 0.357253
vt 0.353312 0.246570
vt 0.474094 0.357253
vt 0.474094 0.246570
vt 0.353312 0.133229
vt 0.474094 0.133229
vt 0.474094 0.011435
vt 0.353312 0.011435
vt 0.232556 0.133229
vt 0.232556 0.011435
vt 0.232556 0.246570
vt 0.232556 0.357253
vt 0.353312 0.357253
vt 0.353312 0.246570
vt 0.232556 0.133229
vt 0.353312 0.133229
vt 0.353312 0.011435
vt 0.232556 0.011435
vt 0.474094 0.357253
vt 0.474094 0.246570
vt 0.474094 0.133229
vt 0.474094 0.011435
vt 0.352279 0.022046
vt 0.474094 0.140589
vt 0.474094 0.022046
vt 0.352279 0.140589
vt 0.474094 0.250383
vt 0.352279 0.250383
vt 0.352279 0.357751
vt 0.474094 0.357751
vt 0.232556 0.022046
vt 0.232556 0.140589
vt 0.232556 0.250383
vt 0.232556 0.357751
vt 0.352279 0.022046
vt 0.474094 0.022046
vt 0.474094 0.140589
vt 0.352279 0.140589
vt 0.232556 0.022046
vt 0.232556 0.140589
vt 0.232556 0.250383
vt 0.352279 0.250383
vt 0.232556 0.357751
vt 0.352279 0.357751
vt 0.474094 0.250383
vt 0.474094 0.357751
vt 0.352279 0.022046
vt 0.474094 0.140589
vt 0.474094 0.022046
vt 0.352279 0.140589
vt 0.474094 0.250383
vt 0.352279 0.250383
vt 0.352279 0.357751
vt 0.474094 0.357751
vt 0.232556 0.022046
vt 0.232556 0.140589
vt 0.232556 0.250383
vt 0.232556 0.357751
vt 0.352279 0.022046
vt 0.474094 0.022046
vt 0.474094 0.140589
vt 0.352279 0.140589
vt 0.232556 0.022046
vt 0.232556 0.140589
vt 0.232556 0.250383
vt 0.352279 0.250383
vt 0.232556 0.357751
vt 0.352279 0.357751
vt 0.474094 0.250383
vt 0.474094 0.357751
vt 0.474094 0.141901
vt 0.474094 0.020952
vt 0.352279 0.020952
vt 0.352279 0.141901
vt 0.474094 0.247649
vt 0.352279 0.247649
vt 0.352279 0.357751
vt 0.474094 0.357751
vt 0.232556 0.020952
vt 0.232556 0.141901
vt 0.232556 0.247649
vt 0.232556 0.357751
vt 0.474094 0.141901
vt 0.352279 0.020952
vt 0.474094 0.020952
vt 0.352279 0.141901
vt 0.232556 0.020952
vt 0.232556 0.141901
vt 0.232556 0.247649
vt 0.352279 0.247649
vt 0.232556 0.357751
vt 0.352279 0.357751
vt 0.474094 0.247649
vt 0.474094 0.357751
vt 0.232556 0.244814
vt 0.232556 0.356364
vt 0.365455 0.356364
vt 0.365455 0.244814
vt 0.232556 0.120354
vt 0.365455 0.120354
vt 0.232556 0.013428
vt 0.365455 0.013428
vt 0.474094 0.013428
vt 0.474094 0.120354
vt 0.474094 0.356364
vt 0.474094 0.244814
vt 0.232556 0.244814
vt 0.365455 0.356364
vt 0.232556 0.356364
vt 0.365455 0.244814
vt 0.474094 0.356364
vt 0.474094 0.244814
vt 0.365455 0.120354
vt 0.474094 0.120354
vt 0.474094 0.013428
vt 0.365455 0.013428
vt 0.232556 0.120354
vt 0.232556 0.013428
vt 0.232556 0.261373
vt 0.354217 0.357751
vt 0.232556 0.357751
vt 0.354217 0.261373
vt 0.474094 0.357751
vt 0.474094 0.261373
vt 0.354217 0.140370
vt 0.474094 0.140370
vt 0.474094 0.023795
vt 0.354217 0.023795
vt 0.232556 0.140370
vt 0.232556 0.023795
vt 0.232556 0.261373
vt 0.232556 0.357751
vt 0.354217 0.357751
vt 0.354217 0.261373
vt 0.232556 0.140370
vt 0.354217 0.140370
vt 0.232556 0.023795
vt 0.354217 0.023795
vt 0.474094 0.023795
vt 0.474094 0.140370
vt 0.474094 0.357751
vt 0.474094 0.261373
vt 0.474094 0.110452
vt 0.474094 0.019237
vt 0.352279 0.019237
vt 0.352279 0.110452
vt 0.474094 0.232359
vt 0.352279 0.232359
vt 0.352279 0.355359
vt 0.474094 0.355359
vt 0.232556 0.110452
vt 0.232556 0.232359
vt 0.232556 0.355359
vt 0.232556 0.019237
vt 0.474094 0.110452
vt 0.352279 0.019237
vt 0.474094 0.019237
vt 0.352279 0.110452
vt 0.232556 0.110452
vt 0.232556 0.019237
vt 0.474094 0.232359
vt 0.352279 0.232359
vt 0.232556 0.232359
vt 0.352279 0.355359
vt 0.232556 0.355359
vt 0.474094 0.355359
vt 0.474094 0.111937
vt 0.474094 0.018327
vt 0.352279 0.018327
vt 0.352279 0.111937
vt 0.474094 0.192205
vt 0.352279 0.192205
vt 0.474094 0.258749
vt 0.352279 0.258749
vt 0.352279 0.357751
vt 0.474094 0.357751
vt 0.232556 0.111937
vt 0.232556 0.192205
vt 0.232556 0.258749
vt 0.232556 0.357751
vt 0.232556 0.018327
vt 0.474094 0.135339
vt 0.474094 0.021608
vt 0.352279 0.021608
vt 0.352279 0.135339
vt 0.474094 0.244478
vt 0.352279 0.244478
vt 0.352279 0.357751
vt 0.474094 0.357751
vt 0.232556 0.135339
vt 0.232556 0.244478
vt 0.232556 0.357751
vt 0.232556 0.021608
vt 0.474094 0.135339
vt 0.352279 0.021608
vt 0.474094 0.021608
vt 0.352279 0.135339
vt 0.232556 0.135339
vt 0.232556 0.021608
vt 0.474094 0.244478
vt 0.352279 0.244478
vt 0.232556 0.244478
vt 0.352279 0.357751
vt 0.232556 0.357751
vt 0.474094 0.357751
vt 0.232556 0.127482
vt 0.232556 0.013835
vt 0.354217 0.013835
vt 0.354217 0.127482
vt 0.354217 0.231777
vt 0.232556 0.231777
vt 0.354217 0.356884
vt 0.232556 0.356884
vt 0.474094 0.127482
vt 0.474094 0.231777
vt 0.474094 0.356884
vt 0.474094 0.013835
vt 0.232556 0.127482
vt 0.354217 0.013835
vt 0.232556 0.013835
vt 0.354217 0.127482
vt 0.474094 0.127482
vt 0.474094 0.013835
vt 0.354217 0.231777
vt 0.474094 0.231777
vt 0.232556 0.231777
vt 0.354217 0.356884
vt 0.474094 0.356884
vt 0.232556 0.356884
vt 0.985840 0.846191
vt 0.985840 0.774658
vt 0.866699 0.774658
vt 0.866699 0.846191
vt 0.985840 0.927490
vt 0.866699 0.927490
vt 0.866699 0.994278
vt 0.985840 0.994278
vt 0.749023 0.846191
vt 0.749023 0.927490
vt 0.749023 0.994278
vt 0.749023 0.774658
vt 0.985840 0.846191
vt 0.866699 0.774658
vt 0.985840 0.774658
vt 0.866699 0.846191
vt 0.749023 0.846191
vt 0.749023 0.774658
vt 0.985840 0.927490
vt 0.866699 0.927490
vt 0.749023 0.927490
vt 0.866699 0.994278
vt 0.749023 0.994278
vt 0.985840 0.994278
vt 0.635742 0.399414
vt 0.757324 0.516113
vt 0.757324 0.401367
vt 0.635742 0.515381
vt 0.635742 0.631836
vt 0.757324 0.631836
vt 0.757324 0.727539
vt 0.635742 0.727539
vt 0.514648 0.727539
vt 0.514648 0.631836
vt 0.514648 0.401367
vt 0.514648 0.516113
vt 0.474094 0.131457
vt 0.353312 0.014339
vt 0.474094 0.014339
vt 0.353312 0.131457
vt 0.232556 0.014339
vt 0.232556 0.131457
vt 0.353312 0.245520
vt 0.232556 0.245520
vt 0.353312 0.354854
vt 0.232556 0.354854
vt 0.474094 0.245520
vt 0.474094 0.354854
vt 0.474094 0.131457
vt 0.474094 0.014339
vt 0.353312 0.014339
vt 0.353312 0.131457
vt 0.474094 0.245520
vt 0.353312 0.245520
vt 0.353312 0.354854
vt 0.474094 0.354854
vt 0.232556 0.014339
vt 0.232556 0.131457
vt 0.232556 0.245520
vt 0.232556 0.354854
vt 0.232556 0.131457
vt 0.352279 0.014339
vt 0.232556 0.014339
vt 0.352279 0.131457
vt 0.474094 0.014339
vt 0.474094 0.131457
vt 0.474094 0.245520
vt 0.352279 0.245520
vt 0.352279 0.354854
vt 0.474094 0.354854
vt 0.232556 0.245520
vt 0.232556 0.354854
vt 0.353054 0.354854
vt 0.474094 0.245520
vt 0.474094 0.354854
vt 0.353054 0.245520
vt 0.474094 0.131457
vt 0.353054 0.131457
vt 0.353054 0.014339
vt 0.474094 0.014339
vt 0.232556 0.245520
vt 0.232556 0.131457
vt 0.232556 0.014339
vt 0.232556 0.354854
vt 0.353054 0.354854
vt 0.474094 0.354854
vt 0.474094 0.245520
vt 0.353054 0.245520
vt 0.232556 0.245520
vt 0.232556 0.354854
vt 0.474094 0.131457
vt 0.353054 0.131457
vt 0.232556 0.131457
vt 0.232556 0.014339
vt 0.353054 0.014339
vt 0.474094 0.014339
vt 0.352279 0.014339
vt 0.232556 0.014339
vt 0.232556 0.131457
vt 0.352279 0.131457
vt 0.474094 0.014339
vt 0.474094 0.131457
vt 0.474094 0.245520
vt 0.352279 0.245520
vt 0.352279 0.354854
vt 0.474094 0.354854
vt 0.232556 0.245520
vt 0.232556 0.354854
vt 0.352279 0.014339
vt 0.232556 0.131457
vt 0.232556 0.014339
vt 0.352279 0.131457
vt 0.352279 0.245520
vt 0.232556 0.245520
vt 0.232556 0.354854
vt 0.352279 0.354854
vt 0.474094 0.245520
vt 0.474094 0.354854
vt 0.474094 0.014339
vt 0.474094 0.131457
vt 0.352279 0.014339
vt 0.232556 0.014339
vt 0.232556 0.131457
vt 0.352279 0.131457
vt 0.474094 0.014339
vt 0.474094 0.131457
vt 0.474094 0.245520
vt 0.352279 0.245520
vt 0.352279 0.354854
vt 0.474094 0.354854
vt 0.232556 0.245520
vt 0.232556 0.354854
vt 0.352279 0.014339
vt 0.232556 0.131457
vt 0.232556 0.014339
vt 0.352279 0.131457
vt 0.352279 0.245520
vt 0.232556 0.245520
vt 0.232556 0.354854
vt 0.352279 0.354854
vt 0.474094 0.245520
vt 0.474094 0.354854
vt 0.474094 0.014339
vt 0.474094 0.131457
vt 0.232556 0.137042
vt 0.352279 0.014339
vt 0.232556 0.014339
vt 0.352279 0.137042
vt 0.474094 0.014339
vt 0.474094 0.137042
vt 0.474094 0.248051
vt 0.352279 0.248051
vt 0.352279 0.354854
vt 0.474094 0.354854
vt 0.232556 0.248051
vt 0.232556 0.354854
vt 0.474094 0.291817
vt 0.352279 0.354854
vt 0.474094 0.354854
vt 0.352279 0.291817
vt 0.232556 0.354854
vt 0.232556 0.291817
vt 0.352279 0.200488
vt 0.232556 0.200488
vt 0.352279 0.112082
vt 0.232556 0.112082
vt 0.474094 0.200488
vt 0.474094 0.112082
vt 0.474094 0.014339
vt 0.352279 0.014339
vt 0.232556 0.014339
vt 0.474094 0.291817
vt 0.474094 0.354854
vt 0.352279 0.354854
vt 0.352279 0.291817
vt 0.352279 0.200488
vt 0.474094 0.200488
vt 0.352279 0.112082
vt 0.474094 0.112082
vt 0.474094 0.014339
vt 0.352279 0.014339
vt 0.232556 0.354854
vt 0.232556 0.291817
vt 0.232556 0.200488
vt 0.232556 0.112082
vt 0.232556 0.014339
vt 0.354217 0.014339
vt 0.474094 0.014339
vt 0.474094 0.110337
vt 0.354217 0.110337
vt 0.232556 0.014339
vt 0.232556 0.110337
vt 0.232556 0.236444
vt 0.354217 0.236444
vt 0.232556 0.354854
vt 0.354217 0.354854
vt 0.474094 0.236444
vt 0.474094 0.354854
vt 0.354217 0.014339
vt 0.474094 0.110337
vt 0.474094 0.014339
vt 0.354217 0.110337
vt 0.354217 0.236444
vt 0.474094 0.236444
vt 0.474094 0.354854
vt 0.354217 0.354854
vt 0.232556 0.354854
vt 0.232556 0.236444
vt 0.232556 0.014339
vt 0.232556 0.110337
vt 0.232556 0.137042
vt 0.352279 0.014339
vt 0.232556 0.014339
vt 0.352279 0.137042
vt 0.474094 0.014339
vt 0.474094 0.137042
vt 0.474094 0.248051
vt 0.352279 0.248051
vt 0.352279 0.354854
vt 0.474094 0.354854
vt 0.232556 0.248051
vt 0.232556 0.354854
vt 0.232556 0.137042
vt 0.232556 0.014339
vt 0.352279 0.014339
vt 0.352279 0.137042
vt 0.232556 0.248051
vt 0.352279 0.248051
vt 0.232556 0.354854
vt 0.352279 0.354854
vt 0.474094 0.248051
vt 0.474094 0.354854
vt 0.474094 0.014339
vt 0.474094 0.137042
vt 0.474094 0.143760
vt 0.474094 0.023795
vt 0.352279 0.023795
vt 0.352279 0.143760
vt 0.474094 0.248524
vt 0.352279 0.248524
vt 0.474094 0.357751
vt 0.352279 0.357751
vt 0.232556 0.248524
vt 0.232556 0.357751
vt 0.232556 0.023795
vt 0.232556 0.143760
vt 0.474094 0.143760
vt 0.352279 0.023795
vt 0.474094 0.023795
vt 0.352279 0.143760
vt 0.232556 0.023795
vt 0.232556 0.143760
vt 0.352279 0.248524
vt 0.232556 0.248524
vt 0.352279 0.357751
vt 0.232556 0.357751
vt 0.474094 0.248524
vt 0.474094 0.357751
vt 0.474094 0.143760
vt 0.474094 0.023795
vt 0.352279 0.023795
vt 0.352279 0.143760
vt 0.474094 0.248524
vt 0.352279 0.248524
vt 0.352279 0.357751
vt 0.474094 0.357751
vt 0.232556 0.023795
vt 0.232556 0.143760
vt 0.232556 0.248524
vt 0.232556 0.357751
vt 0.474094 0.143760
vt 0.352279 0.023795
vt 0.474094 0.023795
vt 0.352279 0.143760
vt 0.232556 0.023795
vt 0.232556 0.143760
vt 0.232556 0.248524
vt 0.352279 0.248524
vt 0.232556 0.357751
vt 0.352279 0.357751
vt 0.474094 0.248524
vt 0.474094 0.357751
vt 0.474094 0.143760
vt 0.474094 0.023795
vt 0.352279 0.023795
vt 0.352279 0.143760
vt 0.474094 0.248524
vt 0.352279 0.248524
vt 0.352279 0.357751
vt 0.474094 0.357751
vt 0.232556 0.023795
vt 0.232556 0.143760
vt 0.232556 0.248524
vt 0.232556 0.357751
vt 0.474094 0.143760
vt 0.352279 0.023795
vt 0.474094 0.023795
vt 0.352279 0.143760
vt 0.232556 0.023795
vt 0.232556 0.143760
vt 0.232556 0.248524
vt 0.352279 0.248524
vt 0.232556 0.357751
vt 0.352279 0.357751
vt 0.474094 0.248524
vt 0.474094 0.357751
vt 0.474094 0.111281
vt 0.474094 0.023795
vt 0.352279 0.023795
vt 0.352279 0.111281
vt 0.474094 0.200188
vt 0.352279 0.200188
vt 0.474094 0.265912
vt 0.352279 0.265912
vt 0.352279 0.357751
vt 0.474094 0.357751
vt 0.232556 0.111281
vt 0.232556 0.200188
vt 0.232556 0.265912
vt 0.232556 0.357751
vt 0.232556 0.023795
vt 0.474094 0.111281
vt 0.352279 0.023795
vt 0.474094 0.023795
vt 0.352279 0.111281
vt 0.232556 0.111281
vt 0.232556 0.023795
vt 0.474094 0.200188
vt 0.352279 0.200188
vt 0.232556 0.200188
vt 0.474094 0.265912
vt 0.352279 0.265912
vt 0.232556 0.265912
vt 0.352279 0.357751
vt 0.232556 0.357751
vt 0.474094 0.357751
vt 0.129395 0.905029
vt 0.129395 0.982147
vt 0.069885 0.982147
vt 0.069885 0.905029
vt 0.069885 0.822144
vt 0.129395 0.822144
vt 0.069885 0.765381
vt 0.129395 0.765381
vt 0.011040 0.982147
vt 0.011040 0.905029
vt 0.011040 0.822144
vt 0.011040 0.765381
vt 0.069885 0.982147
vt 0.129395 0.982147
vt 0.129395 0.905029
vt 0.069885 0.905029
vt 0.011040 0.982147
vt 0.011040 0.905029
vt 0.069885 0.822144
vt 0.011040 0.822144
vt 0.011040 0.765381
vt 0.069885 0.765381
vt 0.129395 0.822144
vt 0.129395 0.765381
vt 0.003515 0.867554
vt 0.003515 0.982147
vt 0.075500 0.982147
vt 0.075500 0.867554
vt 0.003515 0.826660
vt 0.075500 0.826660
vt 0.003515 0.765381
vt 0.075500 0.765381
vt 0.147461 0.765381
vt 0.147461 0.826660
vt 0.147461 0.982147
vt 0.147461 0.867554
vt 0.075500 0.982147
vt 0.003515 0.982147
vt 0.003515 0.867554
vt 0.075500 0.867554
vt 0.147461 0.982147
vt 0.147461 0.867554
vt 0.147461 0.826660
vt 0.075500 0.826660
vt 0.147461 0.765381
vt 0.075500 0.765381
vt 0.003515 0.826660
vt 0.003515 0.765381
vt 0.003515 0.901917
vt 0.003515 0.982147
vt 0.075500 0.982147
vt 0.075500 0.901917
vt 0.003515 0.826660
vt 0.075500 0.826660
vt 0.003515 0.765381
vt 0.075500 0.765381
vt 0.147461 0.765381
vt 0.147461 0.826660
vt 0.147461 0.982147
vt 0.147461 0.901917
vt 0.075500 0.982147
vt 0.003515 0.982147
vt 0.003515 0.901917
vt 0.075500 0.901917
vt 0.147461 0.982147
vt 0.147461 0.901917
vt 0.075500 0.826660
vt 0.147461 0.826660
vt 0.147461 0.765381
vt 0.075500 0.765381
vt 0.003515 0.826660
vt 0.003515 0.765381
vt 0.003515 0.906250
vt 0.003515 0.982147
vt 0.075500 0.982147
vt 0.075500 0.906250
vt 0.003515 0.830811
vt 0.075500 0.830811
vt 0.003515 0.765381
vt 0.075500 0.765381
vt 0.147461 0.765381
vt 0.147461 0.830811
vt 0.147461 0.982147
vt 0.147461 0.906250
vt 0.075500 0.982147
vt 0.003515 0.982147
vt 0.003515 0.906250
vt 0.075500 0.906250
vt 0.147461 0.982147
vt 0.147461 0.906250
vt 0.075500 0.830811
vt 0.147461 0.830811
vt 0.147461 0.765381
vt 0.075500 0.765381
vt 0.003515 0.830811
vt 0.003515 0.765381
vt 0.003515 0.902893
vt 0.003515 0.982147
vt 0.075500 0.982147
vt 0.075500 0.902893
vt 0.003515 0.831055
vt 0.075500 0.831055
vt 0.003515 0.765381
vt 0.075500 0.765381
vt 0.147461 0.765381
vt 0.147461 0.831055
vt 0.147461 0.982147
vt 0.147461 0.902893
vt 0.075500 0.982147
vt 0.003515 0.982147
vt 0.003515 0.902893
vt 0.075500 0.902893
vt 0.147461 0.982147
vt 0.147461 0.902893
vt 0.075500 0.831055
vt 0.147461 0.831055
vt 0.147461 0.765381
vt 0.075500 0.765381
vt 0.003515 0.831055
vt 0.003515 0.765381
vt 0.003515 0.903870
vt 0.003515 0.982147
vt 0.075500 0.982147
vt 0.075500 0.903870
vt 0.003515 0.833374
vt 0.075500 0.833374
vt 0.003515 0.765381
vt 0.075500 0.765381
vt 0.147461 0.765381
vt 0.147461 0.833374
vt 0.147461 0.982147
vt 0.147461 0.903870
vt 0.075500 0.982147
vt 0.003515 0.982147
vt 0.003515 0.903870
vt 0.075500 0.903870
vt 0.147461 0.982147
vt 0.147461 0.903870
vt 0.075500 0.833374
vt 0.147461 0.833374
vt 0.147461 0.765381
vt 0.075500 0.765381
vt 0.003515 0.833374
vt 0.003515 0.765381
vt 0.003515 0.905090
vt 0.003515 0.982147
vt 0.075500 0.982147
vt 0.075500 0.905090
vt 0.003515 0.829468
vt 0.075500 0.829468
vt 0.003515 0.765381
vt 0.075500 0.765381
vt 0.147461 0.765381
vt 0.147461 0.829468
vt 0.147461 0.982147
vt 0.147461 0.905090
vt 0.075500 0.982147
vt 0.003515 0.982147
vt 0.003515 0.905090
vt 0.075500 0.905090
vt 0.147461 0.982147
vt 0.147461 0.905090
vt 0.075500 0.829468
vt 0.147461 0.829468
vt 0.147461 0.765381
vt 0.075500 0.765381
vt 0.003515 0.829468
vt 0.003515 0.765381
vt 0.003515 0.908875
vt 0.003515 0.982147
vt 0.075500 0.982147
vt 0.075500 0.908875
vt 0.003515 0.828979
vt 0.075500 0.828979
vt 0.075500 0.765381
vt 0.003515 0.765381
vt 0.147461 0.908875
vt 0.147461 0.982147
vt 0.147461 0.828979
vt 0.147461 0.765381
vt 0.075500 0.982147
vt 0.003515 0.982147
vt 0.003515 0.908875
vt 0.075500 0.908875
vt 0.147461 0.908875
vt 0.147461 0.982147
vt 0.003515 0.828979
vt 0.075500 0.828979
vt 0.147461 0.828979
vt 0.075500 0.765381
vt 0.147461 0.765381
vt 0.003515 0.765381
vt 0.003515 0.906799
vt 0.003515 0.982147
vt 0.075500 0.982147
vt 0.075500 0.906799
vt 0.003515 0.830688
vt 0.075500 0.830688
vt 0.003515 0.765381
vt 0.075500 0.765381
vt 0.147461 0.765381
vt 0.147461 0.830688
vt 0.147461 0.982147
vt 0.147461 0.906799
vt 0.075500 0.982147
vt 0.003515 0.982147
vt 0.003515 0.906799
vt 0.075500 0.906799
vt 0.147461 0.982147
vt 0.147461 0.906799
vt 0.075500 0.830688
vt 0.147461 0.830688
vt 0.147461 0.765381
vt 0.075500 0.765381
vt 0.003515 0.830688
vt 0.003515 0.765381
vt 0.003515 0.905090
vt 0.003515 0.982147
vt 0.075500 0.982147
vt 0.075500 0.905090
vt 0.003515 0.829468
vt 0.075500 0.829468
vt 0.003515 0.765381
vt 0.075500 0.765381
vt 0.147461 0.765381
vt 0.147461 0.829468
vt 0.147461 0.982147
vt 0.147461 0.905090
vt 0.075500 0.982147
vt 0.003515 0.982147
vt 0.003515 0.905090
vt 0.075500 0.905090
vt 0.147461 0.982147
vt 0.147461 0.905090
vt 0.075500 0.829468
vt 0.147461 0.829468
vt 0.147461 0.765381
vt 0.075500 0.765381
vt 0.003515 0.829468
vt 0.003515 0.765381
vt 0.503418 0.879333
vt 0.503418 0.983246
vt 0.627441 0.983246
vt 0.627441 0.879333
vt 0.627441 0.769531
vt 0.503418 0.769531
vt 0.757324 0.983246
vt 0.757324 0.879333
vt 0.757324 0.769531
vt 0.627441 0.983246
vt 0.503418 0.983246
vt 0.503418 0.879333
vt 0.627441 0.879333
vt 0.757324 0.983246
vt 0.757324 0.879333
vt 0.757324 0.769531
vt 0.627441 0.769531
vt 0.503418 0.769531
vt 0.751953 0.556152
vt 0.751953 0.726563
vt 0.862793 0.726563
vt 0.862793 0.556152
vt 0.862793 0.404297
vt 0.751953 0.404297
vt 0.982422 0.726563
vt 0.982422 0.556152
vt 0.982422 0.404297
vt 0.862793 0.726563
vt 0.751953 0.726563
vt 0.751953 0.556152
vt 0.862793 0.556152
vt 0.982422 0.726563
vt 0.982422 0.556152
vt 0.982422 0.404297
vt 0.862793 0.404297
vt 0.751953 0.404297
vt 0.510742 0.548828
vt 0.510742 0.732178
vt 0.629883 0.732178
vt 0.629883 0.548828
vt 0.629883 0.385254
vt 0.510742 0.385254
vt 0.758301 0.732178
vt 0.758301 0.548828
vt 0.758301 0.385254
vt 0.629883 0.732178
vt 0.510742 0.732178
vt 0.510742 0.548828
vt 0.629883 0.548828
vt 0.758301 0.732178
vt 0.758301 0.548828
vt 0.758301 0.385254
vt 0.629883 0.385254
vt 0.510742 0.385254
vt 0.516602 0.568604
vt 0.516602 0.725586
vt 0.631836 0.725586
vt 0.631836 0.568604
vt 0.631836 0.396973
vt 0.516602 0.396973
vt 0.754395 0.725586
vt 0.754395 0.568604
vt 0.754395 0.396973
vt 0.631836 0.725586
vt 0.516602 0.725586
vt 0.516602 0.568604
vt 0.631836 0.568604
vt 0.754395 0.725586
vt 0.754395 0.568604
vt 0.754395 0.396973
vt 0.631836 0.396973
vt 0.516602 0.396973
vt 0.499268 0.905640
vt 0.499268 0.982285
vt 0.621094 0.982285
vt 0.621094 0.905640
vt 0.621094 0.768555
vt 0.499268 0.768555
vt 0.752930 0.982285
vt 0.752930 0.905640
vt 0.752930 0.768555
vt 0.621094 0.982285
vt 0.499268 0.982285
vt 0.499268 0.905640
vt 0.621094 0.905640
vt 0.752930 0.982285
vt 0.752930 0.905640
vt 0.752930 0.768555
vt 0.621094 0.768555
vt 0.499268 0.768555
vt 0.503418 0.879333
vt 0.503418 0.983246
vt 0.627441 0.983246
vt 0.627441 0.879333
vt 0.627441 0.769531
vt 0.503418 0.769531
vt 0.757324 0.983246
vt 0.757324 0.879333
vt 0.757324 0.769531
vt 0.627441 0.983246
vt 0.503418 0.983246
vt 0.503418 0.879333
vt 0.627441 0.879333
vt 0.757324 0.983246
vt 0.757324 0.879333
vt 0.757324 0.769531
vt 0.627441 0.769531
vt 0.503418 0.769531
vt 0.489990 0.908875
vt 0.489990 0.993771
vt 0.625000 0.993771
vt 0.625000 0.908875
vt 0.625000 0.757080
vt 0.489990 0.757080
vt 0.770996 0.993771
vt 0.770996 0.908875
vt 0.770996 0.757080
vt 0.625000 0.993771
vt 0.489990 0.993771
vt 0.489990 0.908875
vt 0.625000 0.908875
vt 0.770996 0.993771
vt 0.770996 0.908875
vt 0.770996 0.757080
vt 0.625000 0.757080
vt 0.489990 0.757080
vt 0.508301 0.884766
vt 0.508301 0.984406
vt 0.625977 0.984406
vt 0.625977 0.884766
vt 0.625977 0.763794
vt 0.508301 0.763794
vt 0.752441 0.984406
vt 0.752441 0.884766
vt 0.752441 0.763794
vt 0.625977 0.984406
vt 0.508301 0.984406
vt 0.508301 0.884766
vt 0.625977 0.884766
vt 0.752441 0.984406
vt 0.752441 0.884766
vt 0.752441 0.763794
vt 0.625977 0.763794
vt 0.508301 0.763794
vt 0.504395 0.558594
vt 0.504395 0.738770
vt 0.625977 0.738770
vt 0.625977 0.558594
vt 0.625977 0.397949
vt 0.504395 0.397949
vt 0.756348 0.738770
vt 0.756348 0.558594
vt 0.756348 0.397949
vt 0.625977 0.738770
vt 0.504395 0.738770
vt 0.504395 0.558594
vt 0.625977 0.558594
vt 0.756348 0.738770
vt 0.756348 0.558594
vt 0.756348 0.397949
vt 0.625977 0.397949
vt 0.504395 0.397949
vt 0.504395 0.558594
vt 0.504395 0.738770
vt 0.625977 0.738770
vt 0.625977 0.558594
vt 0.625977 0.397949
vt 0.504395 0.397949
vt 0.756348 0.738770
vt 0.756348 0.558594
vt 0.756348 0.397949
vt 0.625977 0.738770
vt 0.504395 0.738770
vt 0.504395 0.558594
vt 0.625977 0.558594
vt 0.756348 0.738770
vt 0.756348 0.558594
vt 0.756348 0.397949
vt 0.625977 0.397949
vt 0.504395 0.397949
vt 0.502441 0.550293
vt 0.502441 0.731934
vt 0.625488 0.731934
vt 0.625488 0.550293
vt 0.625488 0.388184
vt 0.502441 0.388184
vt 0.758301 0.731934
vt 0.758301 0.550293
vt 0.758301 0.388184
vt 0.625488 0.731934
vt 0.502441 0.731934
vt 0.502441 0.550293
vt 0.625488 0.550293
vt 0.758301 0.731934
vt 0.758301 0.550293
vt 0.758301 0.388184
vt 0.625488 0.388184
vt 0.502441 0.388184
vt 0.473877 0.557373
vt 0.473877 0.731445
vt 0.345459 0.731445
vt 0.345459 0.557373
vt 0.345459 0.402344
vt 0.473877 0.402344
vt 0.246826 0.731445
vt 0.246826 0.557373
vt 0.246826 0.402344
vt 0.345459 0.731445
vt 0.473877 0.731445
vt 0.473877 0.557373
vt 0.345459 0.557373
vt 0.246826 0.731445
vt 0.246826 0.557373
vt 0.246826 0.402344
vt 0.345459 0.402344
vt 0.473877 0.402344
vt 0.756348 0.580811
vt 0.756348 0.731445
vt 0.865234 0.731445
vt 0.865234 0.580811
vt 0.865234 0.402344
vt 0.756348 0.402344
vt 0.981934 0.731445
vt 0.981934 0.580811
vt 0.981934 0.402344
vt 0.865234 0.731445
vt 0.756348 0.731445
vt 0.756348 0.580811
vt 0.865234 0.580811
vt 0.981934 0.731445
vt 0.981934 0.580811
vt 0.981934 0.402344
vt 0.865234 0.402344
vt 0.756348 0.402344
vt 0.502930 0.869507
vt 0.502930 0.979141
vt 0.622070 0.979141
vt 0.622070 0.869507
vt 0.622070 0.771729
vt 0.502930 0.771729
vt 0.749512 0.979141
vt 0.749512 0.869507
vt 0.749512 0.771729
vt 0.622070 0.979141
vt 0.502930 0.979141
vt 0.502930 0.869507
vt 0.622070 0.869507
vt 0.749512 0.979141
vt 0.749512 0.869507
vt 0.749512 0.771729
vt 0.622070 0.771729
vt 0.502930 0.771729
vt 0.516602 0.568604
vt 0.516602 0.725586
vt 0.631836 0.725586
vt 0.631836 0.568604
vt 0.631836 0.396973
vt 0.516602 0.396973
vt 0.754395 0.725586
vt 0.754395 0.568604
vt 0.754395 0.396973
vt 0.631836 0.725586
vt 0.516602 0.725586
vt 0.516602 0.568604
vt 0.631836 0.568604
vt 0.754395 0.725586
vt 0.754395 0.568604
vt 0.754395 0.396973
vt 0.631836 0.396973
vt 0.516602 0.396973
vt 0.770996 0.902832
vt 0.770996 0.993771
vt 0.635254 0.993771
vt 0.635254 0.902832
vt 0.635254 0.757080
vt 0.770996 0.757080
vt 0.489990 0.993771
vt 0.489990 0.902832
vt 0.489990 0.757080
vt 0.635254 0.993771
vt 0.770996 0.993771
vt 0.770996 0.902832
vt 0.635254 0.902832
vt 0.489990 0.993771
vt 0.489990 0.902832
vt 0.489990 0.757080
vt 0.635254 0.757080
vt 0.770996 0.757080
vt 0.749023 0.557373
vt 0.749023 0.731445
vt 0.867188 0.731445
vt 0.867188 0.557373
vt 0.867188 0.402344
vt 0.749023 0.402344
vt 0.994629 0.731445
vt 0.994629 0.557373
vt 0.994629 0.402344
vt 0.867188 0.731445
vt 0.749023 0.731445
vt 0.749023 0.557373
vt 0.867188 0.557373
vt 0.994629 0.731445
vt 0.994629 0.557373
vt 0.994629 0.402344
vt 0.867188 0.402344
vt 0.749023 0.402344
vt 0.754883 0.560059
vt 0.754883 0.740479
vt 0.867676 0.740479
vt 0.867676 0.560059
vt 0.867676 0.385254
vt 0.754883 0.385254
vt 0.988770 0.740479
vt 0.988770 0.560059
vt 0.988770 0.385254
vt 0.867676 0.740479
vt 0.754883 0.740479
vt 0.754883 0.560059
vt 0.867676 0.560059
vt 0.988770 0.740479
vt 0.988770 0.560059
vt 0.988770 0.385254
vt 0.867676 0.385254
vt 0.754883 0.385254
vt 0.759766 0.557373
vt 0.759766 0.731445
vt 0.867676 0.731445
vt 0.867676 0.557373
vt 0.867676 0.402344
vt 0.759766 0.402344
vt 0.983887 0.731445
vt 0.983887 0.557373
vt 0.983887 0.402344
vt 0.867676 0.731445
vt 0.759766 0.731445
vt 0.759766 0.557373
vt 0.867676 0.557373
vt 0.983887 0.731445
vt 0.983887 0.557373
vt 0.983887 0.402344
vt 0.867676 0.402344
vt 0.759766 0.402344
vt 0.748047 0.897827
vt 0.748047 0.976761
vt 0.630859 0.976761
vt 0.630859 0.897827
vt 0.630859 0.771484
vt 0.748047 0.771484
vt 0.504395 0.976761
vt 0.504395 0.897827
vt 0.504395 0.771484
vt 0.630859 0.976761
vt 0.748047 0.976761
vt 0.748047 0.897827
vt 0.630859 0.897827
vt 0.504395 0.976761
vt 0.504395 0.897827
vt 0.504395 0.771484
vt 0.630859 0.771484
vt 0.748047 0.771484
vt 0.510742 0.548828
vt 0.510742 0.732178
vt 0.629883 0.732178
vt 0.629883 0.548828
vt 0.629883 0.385254
vt 0.510742 0.385254
vt 0.758301 0.732178
vt 0.758301 0.548828
vt 0.758301 0.385254
vt 0.629883 0.732178
vt 0.510742 0.732178
vt 0.510742 0.548828
vt 0.629883 0.548828
vt 0.758301 0.732178
vt 0.758301 0.548828
vt 0.758301 0.385254
vt 0.629883 0.385254
vt 0.510742 0.385254
vt 0.508301 0.894165
vt 0.508301 0.993771
vt 0.625977 0.993771
vt 0.625977 0.894165
vt 0.625977 0.773193
vt 0.508301 0.773193
vt 0.752441 0.993771
vt 0.752441 0.894165
vt 0.752441 0.773193
vt 0.625977 0.993771
vt 0.508301 0.993771
vt 0.508301 0.894165
vt 0.625977 0.894165
vt 0.752441 0.993771
vt 0.752441 0.894165
vt 0.752441 0.773193
vt 0.625977 0.773193
vt 0.508301 0.773193
vt 0.002790 0.557373
vt 0.002790 0.731445
vt 0.121277 0.731445
vt 0.121277 0.557373
vt 0.121277 0.402344
vt 0.002790 0.402344
vt 0.248657 0.731445
vt 0.248657 0.557373
vt 0.248657 0.402344
vt 0.121277 0.731445
vt 0.002790 0.731445
vt 0.002790 0.557373
vt 0.121277 0.557373
vt 0.248657 0.731445
vt 0.248657 0.557373
vt 0.248657 0.402344
vt 0.121277 0.402344
vt 0.002790 0.402344
vt 0.507324 0.862915
vt 0.507324 0.985207
vt 0.619629 0.985207
vt 0.619629 0.862915
vt 0.619629 0.753784
vt 0.507324 0.753784
vt 0.740234 0.985207
vt 0.740234 0.862915
vt 0.740234 0.753784
vt 0.619629 0.985207
vt 0.507324 0.985207
vt 0.507324 0.862915
vt 0.619629 0.862915
vt 0.740234 0.985207
vt 0.740234 0.862915
vt 0.740234 0.753784
vt 0.619629 0.753784
vt 0.507324 0.753784
vn 0.504630 0.160407 0.848303
vn 0.619272 0.055790 0.783192
vn 0.494439 0.110235 0.862194
vn 0.614972 0.150096 0.774132
vn 0.719545 0.085362 0.689179
vn 0.504630 0.160407 0.848303
vn 0.614972 0.150096 0.774132
vn 0.797215 0.079899 0.598384
vn 0.797215 0.079899 0.598384
vn 0.614972 0.150096 0.774132
vn 0.637575 0.095037 0.764504
vn 0.753208 0.135932 0.643584
vn 0.753208 0.135932 0.643584
vn 0.637575 0.095037 0.764504
vn 0.664126 0.006165 0.747595
vn 0.780983 0.017793 0.624298
vn 0.637575 0.095037 0.764504
vn 0.614972 0.150096 0.774132
vn 0.494439 0.110235 0.862194
vn 0.461299 0.071507 0.884358
vn 0.664126 0.006165 0.747595
vn 0.637575 0.095037 0.764504
vn 0.461299 0.071507 0.884358
vn 0.475243 0.037844 0.879041
vn 0.664126 0.006165 0.747595
vn 0.475243 0.037844 0.879041
vn 0.489587 0.012147 0.871870
vn 0.639167 -0.023042 0.768722
vn 0.664126 0.006165 0.747595
vn 0.639167 -0.023042 0.768722
vn 0.817545 -0.086888 0.569272
vn 0.780983 0.017793 0.624298
vn -0.494439 0.110235 0.862194
vn -0.619272 0.055790 0.783192
vn -0.504630 0.160407 0.848303
vn -0.614972 0.150096 0.774132
vn -0.494439 0.110235 0.862194
vn -0.614972 0.150096 0.774132
vn -0.637575 0.095037 0.764504
vn -0.461299 0.071507 0.884358
vn -0.461299 0.071507 0.884358
vn -0.637575 0.095037 0.764504
vn -0.664126 0.006165 0.747595
vn -0.475243 0.037844 0.879041
vn -0.489587 0.012147 0.871870
vn -0.475243 0.037844 0.879041
vn -0.664126 0.006165 0.747595
vn -0.639167 -0.023042 0.768722
vn -0.614972 0.150096 0.774132
vn -0.504630 0.160407 0.848303
vn -0.719545 0.085362 0.689179
vn -0.797215 0.079899 0.598384
vn -0.637575 0.095037 0.764504
vn -0.614972 0.150096 0.774132
vn -0.797215 0.079899 0.598384
vn -0.753208 0.135932 0.643584
vn -0.664126 0.006165 0.747595
vn -0.637575 0.095037 0.764504
vn -0.753208 0.135932 0.643584
vn -0.780983 0.017793 0.624298
vn -0.664126 0.006165 0.747595
vn -0.780983 0.017793 0.624298
vn -0.817545 -0.086888 0.569272
vn -0.639167 -0.023042 0.768722
vn -0.407608 -0.133244 0.903384
vn -0.427730 -0.194165 0.882806
vn -0.023378 -0.222700 0.974607
vn 0.029542 -0.148320 0.988498
vn -0.341382 0.008698 0.939884
vn -0.407608 -0.133244 0.903384
vn 0.029542 -0.148320 0.988498
vn 0.064212 0.039003 0.997174
vn -0.212868 0.116093 0.970160
vn -0.341382 0.008698 0.939884
vn 0.064212 0.039003 0.997174
vn 0.070835 0.145363 0.986839
vn -0.149911 0.137704 0.979063
vn -0.212868 0.116093 0.970160
vn 0.070835 0.145363 0.986839
vn 0.032686 0.146890 0.988613
vn 0.440583 -0.150828 0.884951
vn 0.029542 -0.148320 0.988498
vn -0.023378 -0.222700 0.974607
vn 0.420985 -0.209424 0.882561
vn 0.029542 -0.148320 0.988498
vn 0.440583 -0.150828 0.884951
vn 0.395339 0.026399 0.918156
vn 0.064212 0.039003 0.997174
vn 0.070835 0.145363 0.986839
vn 0.064212 0.039003 0.997174
vn 0.395339 0.026399 0.918156
vn 0.267075 0.111701 0.957180
vn 0.032686 0.146890 0.988613
vn 0.070835 0.145363 0.986839
vn 0.267075 0.111701 0.957180
vn 0.166785 0.111119 0.979712
vn 0.292866 0.380824 0.877042
vn 0.186229 0.413963 0.891041
vn 0.442096 0.549370 0.709044
vn 0.476739 0.488184 0.731024
vn 0.389461 0.253619 0.885436
vn 0.292866 0.380824 0.877042
vn 0.476739 0.488184 0.731024
vn 0.529480 0.270707 0.803971
vn 0.323164 0.118841 0.938851
vn 0.389461 0.253619 0.885436
vn 0.529480 0.270707 0.803971
vn 0.448382 0.105900 0.887547
vn 0.448382 0.105900 0.887547
vn 0.529480 0.270707 0.803971
vn 0.650857 0.259476 0.713483
vn 0.646834 0.125222 0.752280
vn 0.630036 0.497278 0.596465
vn 0.476739 0.488184 0.731024
vn 0.442096 0.549370 0.709044
vn 0.620553 0.573279 0.535038
vn 0.529480 0.270707 0.803971
vn 0.476739 0.488184 0.731024
vn 0.630036 0.497278 0.596465
vn 0.650857 0.259476 0.713483
vn -0.442096 0.549370 0.709044
vn -0.186229 0.413963 0.891041
vn -0.292866 0.380824 0.877042
vn -0.476739 0.488184 0.731024
vn -0.442096 0.549370 0.709044
vn -0.476739 0.488184 0.731024
vn -0.630036 0.497278 0.596465
vn -0.620553 0.573279 0.535038
vn -0.476739 0.488184 0.731024
vn -0.292866 0.380824 0.877042
vn -0.389461 0.253619 0.885436
vn -0.529480 0.270707 0.803971
vn -0.630036 0.497278 0.596465
vn -0.476739 0.488184 0.731024
vn -0.529480 0.270707 0.803971
vn -0.650857 0.259476 0.713483
vn -0.650857 0.259476 0.713483
vn -0.529480 0.270707 0.803971
vn -0.448382 0.105900 0.887547
vn -0.646834 0.125222 0.752280
vn -0.529480 0.270707 0.803971
vn -0.389461 0.253619 0.885436
vn -0.323164 0.118841 0.938851
vn -0.448382 0.105900 0.887547
vn 0.061159 0.098789 0.993227
vn 0.140142 0.071353 0.987557
vn 0.422842 0.061740 0.904098
vn 0.366815 0.147745 0.918487
vn 0.180308 0.246688 0.952173
vn 0.061159 0.098789 0.993227
vn 0.366815 0.147745 0.918487
vn 0.370163 0.288129 0.883154
vn 0.205668 0.247205 0.946885
vn 0.180308 0.246688 0.952173
vn 0.370163 0.288129 0.883154
vn 0.315296 0.229720 0.920770
vn 0.315296 0.229720 0.920770
vn 0.370163 0.288129 0.883154
vn 0.535793 0.254652 0.805033
vn 0.398550 0.129585 0.907946
vn 0.661569 0.149271 0.734877
vn 0.366815 0.147745 0.918487
vn 0.422842 0.061740 0.904098
vn 0.707402 0.047640 0.705204
vn 0.366815 0.147745 0.918487
vn 0.661569 0.149271 0.734877
vn 0.535793 0.254652 0.805033
vn 0.370163 0.288129 0.883154
vn -0.422842 0.061740 0.904098
vn -0.140142 0.071353 0.987557
vn -0.061159 0.098789 0.993227
vn -0.366815 0.147745 0.918487
vn -0.422842 0.061740 0.904098
vn -0.366815 0.147745 0.918487
vn -0.661569 0.149271 0.734877
vn -0.707402 0.047640 0.705204
vn -0.366815 0.147745 0.918487
vn -0.061159 0.098789 0.993227
vn -0.180308 0.246688 0.952173
vn -0.370163 0.288129 0.883154
vn -0.366815 0.147745 0.918487
vn -0.370163 0.288129 0.883154
vn -0.535793 0.254652 0.805033
vn -0.661569 0.149271 0.734877
vn -0.370163 0.288129 0.883154
vn -0.180308 0.246688 0.952173
vn -0.205668 0.247205 0.946885
vn -0.315296 0.229720 0.920770
vn -0.535793 0.254652 0.805033
vn -0.370163 0.288129 0.883154
vn -0.315296 0.229720 0.920770
vn -0.398550 0.129585 0.907946
vn 0.426358 0.053837 0.902951
vn 0.480126 -0.113989 0.869762
vn 0.626500 -0.097021 0.773359
vn 0.600037 0.040835 0.798930
vn 0.327750 0.273547 0.904296
vn 0.426358 0.053837 0.902951
vn 0.600037 0.040835 0.798930
vn 0.507238 0.282979 0.814022
vn 0.327750 0.273547 0.904296
vn 0.507238 0.282979 0.814022
vn 0.491242 0.365807 0.790485
vn 0.317400 0.336413 0.886614
vn 0.756403 0.091163 0.647722
vn 0.600037 0.040835 0.798930
vn 0.626500 -0.097021 0.773359
vn 0.734777 -0.023835 0.677890
vn 0.600037 0.040835 0.798930
vn 0.756403 0.091163 0.647722
vn 0.696853 0.296162 0.653210
vn 0.507238 0.282979 0.814022
vn 0.507238 0.282979 0.814022
vn 0.696853 0.296162 0.653210
vn 0.656161 0.360736 0.662814
vn 0.491242 0.365807 0.790485
vn -0.626500 -0.097021 0.773359
vn -0.480126 -0.113989 0.869762
vn -0.426358 0.053837 0.902951
vn -0.600037 0.040835 0.798930
vn -0.626500 -0.097021 0.773359
vn -0.600037 0.040835 0.798930
vn -0.756403 0.091163 0.647722
vn -0.734777 -0.023835 0.677890
vn -0.600037 0.040835 0.798930
vn -0.426358 0.053837 0.902951
vn -0.327750 0.273547 0.904296
vn -0.507238 0.282979 0.814022
vn -0.600037 0.040835 0.798930
vn -0.507238 0.282979 0.814022
vn -0.696853 0.296162 0.653210
vn -0.756403 0.091163 0.647722
vn -0.491242 0.365807 0.790485
vn -0.507238 0.282979 0.814022
vn -0.327750 0.273547 0.904296
vn -0.317400 0.336413 0.886614
vn -0.507238 0.282979 0.814022
vn -0.491242 0.365807 0.790485
vn -0.656161 0.360736 0.662814
vn -0.696853 0.296162 0.653210
vn -0.019990 -0.029756 0.999357
vn 0.405842 0.006134 0.913923
vn 0.432060 0.069981 0.899126
vn -0.007019 0.069951 0.997526
vn -0.477171 -0.002808 0.878806
vn -0.019990 -0.029756 0.999357
vn -0.007019 0.069951 0.997526
vn -0.484191 0.056095 0.873162
vn -0.447499 0.158454 0.880135
vn -0.484191 0.056095 0.873162
vn -0.007019 0.069951 0.997526
vn 0.012055 0.258284 0.965994
vn -0.333182 0.217055 0.917539
vn -0.447499 0.158454 0.880135
vn 0.012055 0.258284 0.965994
vn 0.033876 0.315296 0.948389
vn -0.007019 0.069951 0.997526
vn 0.432060 0.069981 0.899126
vn 0.430683 0.233958 0.871651
vn 0.012055 0.258284 0.965994
vn 0.012055 0.258284 0.965994
vn 0.430683 0.233958 0.871651
vn 0.391500 0.285111 0.874894
vn 0.033876 0.315296 0.948389
vn -0.333182 0.217055 0.917539
vn 0.033876 0.315296 0.948389
vn 0.062868 0.140142 0.988134
vn -0.223979 0.087528 0.970656
vn -0.317307 -0.020265 0.948106
vn -0.223979 0.087528 0.970656
vn 0.062868 0.140142 0.988134
vn -0.025911 -0.015809 0.999539
vn 0.424399 0.060886 0.903426
vn -0.025911 -0.015809 0.999539
vn 0.062868 0.140142 0.988134
vn 0.369858 0.182503 0.910987
vn 0.033876 0.315296 0.948389
vn 0.391500 0.285111 0.874894
vn 0.369858 0.182503 0.910987
vn 0.062868 0.140142 0.988134
vn 0.594278 0.003113 0.804254
vn 0.608948 -0.069034 0.790201
vn 0.680477 -0.078006 0.728605
vn 0.667635 0.031068 0.743841
vn 0.579223 0.163095 0.798687
vn 0.594278 0.003113 0.804254
vn 0.667635 0.031068 0.743841
vn 0.605716 0.165964 0.778180
vn 0.576139 0.214274 0.788765
vn 0.579223 0.163095 0.798687
vn 0.605716 0.165964 0.778180
vn 0.572999 0.217145 0.790266
vn 0.572999 0.217145 0.790266
vn 0.605716 0.165964 0.778180
vn 0.599455 0.154548 0.785346
vn 0.567838 0.214671 0.794655
vn 0.717812 0.036898 0.695258
vn 0.667635 0.031068 0.743841
vn 0.680477 -0.078006 0.728605
vn 0.788190 -0.101904 0.606936
vn 0.605716 0.165964 0.778180
vn 0.667635 0.031068 0.743841
vn 0.717812 0.036898 0.695258
vn 0.599455 0.154548 0.785346
vn -0.680477 -0.078006 0.728605
vn -0.608948 -0.069034 0.790201
vn -0.594278 0.003113 0.804254
vn -0.667635 0.031068 0.743841
vn -0.680477 -0.078006 0.728605
vn -0.667635 0.031068 0.743841
vn -0.717812 0.036898 0.695258
vn -0.788190 -0.101904 0.606936
vn -0.667635 0.031068 0.743841
vn -0.594278 0.003113 0.804254
vn -0.579223 0.163095 0.798687
vn -0.605716 0.165964 0.778180
vn -0.717812 0.036898 0.695258
vn -0.667635 0.031068 0.743841
vn -0.605716 0.165964 0.778180
vn -0.599455 0.154548 0.785346
vn -0.599455 0.154548 0.785346
vn -0.605716 0.165964 0.778180
vn -0.572999 0.217145 0.790266
vn -0.567838 0.214671 0.794655
vn -0.605716 0.165964 0.778180
vn -0.579223 0.163095 0.798687
vn -0.576139 0.214274 0.788765
vn -0.572999 0.217145 0.790266
vn 0.707490 -0.026979 0.706208
vn 0.654215 -0.047152 0.754837
vn 0.646856 -0.025453 0.762188
vn 0.656902 -0.059757 0.751604
vn 0.754775 -0.054019 0.653756
vn 0.707490 -0.026979 0.706208
vn 0.656902 -0.059757 0.751604
vn 0.650791 -0.160195 0.742165
vn 0.778409 -0.023652 0.627311
vn 0.754775 -0.054019 0.653756
vn 0.650791 -0.160195 0.742165
vn 0.714029 -0.107519 0.691811
vn 0.526431 -0.318319 0.788380
vn 0.714029 -0.107519 0.691811
vn 0.650791 -0.160195 0.742165
vn 0.522088 -0.288831 0.802496
vn 0.656902 -0.059757 0.751604
vn 0.646856 -0.025453 0.762188
vn 0.619326 -0.043154 0.783947
vn 0.584083 -0.131600 0.800955
vn 0.650791 -0.160195 0.742165
vn 0.656902 -0.059757 0.751604
vn 0.584083 -0.131600 0.800955
vn 0.522088 -0.288831 0.802496
vn -0.646856 -0.025453 0.762188
vn -0.654215 -0.047152 0.754837
vn -0.707490 -0.026979 0.706208
vn -0.656902 -0.059757 0.751604
vn -0.619326 -0.043154 0.783947
vn -0.646856 -0.025453 0.762188
vn -0.656902 -0.059757 0.751604
vn -0.584083 -0.131600 0.800955
vn -0.584083 -0.131600 0.800955
vn -0.656902 -0.059757 0.751604
vn -0.650791 -0.160195 0.742165
vn -0.522088 -0.288831 0.802496
vn -0.526431 -0.318319 0.788380
vn -0.522088 -0.288831 0.802496
vn -0.650791 -0.160195 0.742165
vn -0.714029 -0.107519 0.691811
vn -0.656902 -0.059757 0.751604
vn -0.707490 -0.026979 0.706208
vn -0.754775 -0.054019 0.653756
vn -0.650791 -0.160195 0.742165
vn -0.650791 -0.160195 0.742165
vn -0.754775 -0.054019 0.653756
vn -0.778409 -0.023652 0.627311
vn -0.714029 -0.107519 0.691811
vn 0.655708 -0.242873 0.714885
vn 0.525819 -0.240340 0.815936
vn 0.564184 -0.169200 0.808126
vn 0.694982 -0.191599 0.693029
vn 0.745925 -0.233504 0.623756
vn 0.655708 -0.242873 0.714885
vn 0.694982 -0.191599 0.693029
vn 0.785538 -0.181437 0.591618
vn 0.785538 -0.181437 0.591618
vn 0.694982 -0.191599 0.693029
vn 0.675288 -0.103306 0.730283
vn 0.803354 -0.131201 0.580869
vn 0.803354 -0.131201 0.580869
vn 0.675288 -0.103306 0.730283
vn 0.602787 -0.061649 0.795517
vn 0.813588 -0.124031 0.568059
vn 0.675288 -0.103306 0.730283
vn 0.694982 -0.191599 0.693029
vn 0.564184 -0.169200 0.808126
vn 0.554936 -0.141244 0.819815
vn 0.675288 -0.103306 0.730283
vn 0.554936 -0.141244 0.819815
vn 0.516506 -0.099553 0.850477
vn 0.602787 -0.061649 0.795517
vn -0.564184 -0.169200 0.808126
vn -0.525819 -0.240340 0.815936
vn -0.655708 -0.242873 0.714885
vn -0.694982 -0.191599 0.693029
vn -0.564184 -0.169200 0.808126
vn -0.694982 -0.191599 0.693029
vn -0.675288 -0.103306 0.730283
vn -0.554936 -0.141244 0.819815
vn -0.516506 -0.099553 0.850477
vn -0.554936 -0.141244 0.819815
vn -0.675288 -0.103306 0.730283
vn -0.602787 -0.061649 0.795517
vn -0.602787 -0.061649 0.795517
vn -0.675288 -0.103306 0.730283
vn -0.803354 -0.131201 0.580869
vn -0.813588 -0.124031 0.568059
vn -0.694982 -0.191599 0.693029
vn -0.655708 -0.242873 0.714885
vn -0.745925 -0.233504 0.623756
vn -0.785538 -0.181437 0.591618
vn -0.675288 -0.103306 0.730283
vn -0.694982 -0.191599 0.693029
vn -0.785538 -0.181437 0.591618
vn -0.803354 -0.131201 0.580869
vn 0.664257 -0.150369 0.732224
vn 0.481467 -0.211374 0.850594
vn 0.557559 -0.230788 0.797411
vn 0.756881 -0.126869 0.641121
vn 0.854990 -0.067172 0.514276
vn 0.664257 -0.150369 0.732224
vn 0.756881 -0.126869 0.641121
vn 0.923104 -0.013154 0.384324
vn 0.923104 -0.013154 0.384324
vn 0.756881 -0.126869 0.641121
vn 0.801281 -0.162362 0.575836
vn 0.944447 -0.140205 0.297257
vn 0.938641 -0.217783 0.267438
vn 0.944447 -0.140205 0.297257
vn 0.801281 -0.162362 0.575836
vn 0.798193 -0.256817 0.544916
vn 0.756881 -0.126869 0.641121
vn 0.557559 -0.230788 0.797411
vn 0.540559 -0.237196 0.807176
vn 0.801281 -0.162362 0.575836
vn 0.801281 -0.162362 0.575836
vn 0.540559 -0.237196 0.807176
vn 0.548763 -0.270002 0.791175
vn 0.798193 -0.256817 0.544916
vn -0.498322 -0.253037 0.829245
vn -0.421441 -0.238966 0.874805
vn -0.704145 -0.128090 0.698407
vn -0.789566 -0.121253 0.601567
vn -0.530083 -0.252971 0.809331
vn -0.498322 -0.253037 0.829245
vn -0.789566 -0.121253 0.601567
vn -0.806163 -0.187540 0.561186
vn -0.548763 -0.270002 0.791175
vn -0.530083 -0.252971 0.809331
vn -0.806163 -0.187540 0.561186
vn -0.798193 -0.256817 0.544916
vn -0.938641 -0.217783 0.267438
vn -0.798193 -0.256817 0.544916
vn -0.806163 -0.187540 0.561186
vn -0.944447 -0.140205 0.297257
vn -0.789566 -0.121253 0.601567
vn -0.704145 -0.128090 0.698407
vn -0.923363 0.042361 0.381584
vn -0.947024 0.006501 0.321097
vn -0.806163 -0.187540 0.561186
vn -0.789566 -0.121253 0.601567
vn -0.947024 0.006501 0.321097
vn -0.944447 -0.140205 0.297257
vn 0.701338 0.033297 0.712051
vn 0.613531 -0.067387 0.786790
vn 0.603363 -0.093724 0.791940
vn 0.799538 0.000183 0.600615
vn 0.867222 0.150030 0.474781
vn 0.701338 0.033297 0.712051
vn 0.799538 0.000183 0.600615
vn 0.936232 0.039125 0.349198
vn 0.936232 0.039125 0.349198
vn 0.799538 0.000183 0.600615
vn 0.845940 -0.131234 0.516878
vn 0.941600 -0.138708 0.306837
vn 0.947457 -0.190956 0.256633
vn 0.941600 -0.138708 0.306837
vn 0.845940 -0.131234 0.516878
vn 0.854640 -0.176464 0.488314
vn 0.799538 0.000183 0.600615
vn 0.603363 -0.093724 0.791940
vn 0.646737 -0.152414 0.747329
vn 0.845940 -0.131234 0.516878
vn 0.845940 -0.131234 0.516878
vn 0.646737 -0.152414 0.747329
vn 0.672763 -0.178293 0.718054
vn 0.854640 -0.176464 0.488314
vn -0.573949 -0.197339 0.794758
vn -0.496083 -0.147314 0.855687
vn -0.735355 -0.037630 0.676637
vn -0.803949 -0.052036 0.592417
vn -0.567203 -0.233717 0.789720
vn -0.573949 -0.197339 0.794758
vn -0.803949 -0.052036 0.592417
vn -0.796981 -0.159097 0.582674
vn -0.562264 -0.254198 0.786920
vn -0.567203 -0.233717 0.789720
vn -0.796981 -0.159097 0.582674
vn -0.807454 -0.215406 0.549198
vn -0.934777 -0.198132 0.294848
vn -0.807454 -0.215406 0.549198
vn -0.796981 -0.159097 0.582674
vn -0.928515 -0.130317 0.347674
vn -0.803949 -0.052036 0.592417
vn -0.735355 -0.037630 0.676637
vn -0.914641 0.127969 0.383478
vn -0.930084 0.051485 0.363720
vn -0.796981 -0.159097 0.582674
vn -0.803949 -0.052036 0.592417
vn -0.930084 0.051485 0.363720
vn -0.928515 -0.130317 0.347674
vn 0.642949 -0.240003 0.727334
vn 0.522761 -0.266004 0.809915
vn 0.509541 -0.189064 0.839418
vn 0.641206 -0.158455 0.750831
vn 0.738591 -0.218516 0.637757
vn 0.642949 -0.240003 0.727334
vn 0.641206 -0.158455 0.750831
vn 0.759898 -0.124213 0.638065
vn 0.759898 -0.124213 0.638065
vn 0.641206 -0.158455 0.750831
vn 0.651945 -0.114476 0.749575
vn 0.778339 -0.084661 0.622110
vn 0.778339 -0.084661 0.622110
vn 0.651945 -0.114476 0.749575
vn 0.634775 -0.145700 0.758836
vn 0.760404 -0.102055 0.641381
vn 0.651945 -0.114476 0.749575
vn 0.641206 -0.158455 0.750831
vn 0.509541 -0.189064 0.839418
vn 0.447874 -0.122200 0.885707
vn 0.651945 -0.114476 0.749575
vn 0.447874 -0.122200 0.885707
vn 0.484000 -0.133764 0.864784
vn 0.634775 -0.145700 0.758836
vn -0.509541 -0.189064 0.839418
vn -0.522761 -0.266004 0.809915
vn -0.642949 -0.240003 0.727334
vn -0.641206 -0.158455 0.750831
vn -0.509541 -0.189064 0.839418
vn -0.641206 -0.158455 0.750831
vn -0.651945 -0.114476 0.749575
vn -0.447874 -0.122200 0.885707
vn -0.484000 -0.133764 0.864784
vn -0.447874 -0.122200 0.885707
vn -0.651945 -0.114476 0.749575
vn -0.634775 -0.145700 0.758836
vn -0.634775 -0.145700 0.758836
vn -0.651945 -0.114476 0.749575
vn -0.778339 -0.084661 0.622110
vn -0.760404 -0.102055 0.641381
vn -0.641206 -0.158455 0.750831
vn -0.642949 -0.240003 0.727334
vn -0.738591 -0.218516 0.637757
vn -0.759898 -0.124213 0.638065
vn -0.651945 -0.114476 0.749575
vn -0.641206 -0.158455 0.750831
vn -0.759898 -0.124213 0.638065
vn -0.778339 -0.084661 0.622110
vn 0.612063 0.124640 0.780925
vn 0.804153 0.197277 0.560731
vn 0.788256 0.149057 0.597021
vn 0.653658 0.049105 0.755195
vn 0.484793 -0.047091 0.873360
vn 0.612063 0.124640 0.780925
vn 0.653658 0.049105 0.755195
vn 0.549631 -0.079962 0.831572
vn 0.559349 -0.202309 0.803866
vn 0.549631 -0.079962 0.831572
vn 0.653658 0.049105 0.755195
vn 0.672868 -0.122353 0.729574
vn 0.559349 -0.202309 0.803866
vn 0.672868 -0.122353 0.729574
vn 0.701448 -0.176613 0.690492
vn 0.695812 -0.277269 0.662546
vn 0.672868 -0.122353 0.729574
vn 0.653658 0.049105 0.755195
vn 0.788256 0.149057 0.597021
vn 0.809003 -0.016023 0.587586
vn 0.672868 -0.122353 0.729574
vn 0.809003 -0.016023 0.587586
vn 0.790954 -0.071719 0.607658
vn 0.701448 -0.176613 0.690492
vn -0.788256 0.149057 0.597021
vn -0.804153 0.197277 0.560731
vn -0.612063 0.124640 0.780925
vn -0.653658 0.049105 0.755195
vn -0.788256 0.149057 0.597021
vn -0.653658 0.049105 0.755195
vn -0.672868 -0.122353 0.729574
vn -0.809003 -0.016023 0.587586
vn -0.790954 -0.071719 0.607658
vn -0.809003 -0.016023 0.587586
vn -0.672868 -0.122353 0.729574
vn -0.701448 -0.176613 0.690492
vn -0.701448 -0.176613 0.690492
vn -0.672868 -0.122353 0.729574
vn -0.559349 -0.202309 0.803866
vn -0.695812 -0.277269 0.662546
vn -0.653658 0.049105 0.755195
vn -0.612063 0.124640 0.780925
vn -0.484793 -0.047091 0.873360
vn -0.549631 -0.079962 0.831572
vn -0.653658 0.049105 0.755195
vn -0.549631 -0.079962 0.831572
vn -0.559349 -0.202309 0.803866
vn -0.672868 -0.122353 0.729574
vn 0.657901 -0.201915 0.725532
vn 0.662706 -0.285604 0.692280
vn 0.558749 -0.353689 0.750136
vn 0.662821 -0.208722 0.719099
vn 0.768683 -0.133185 0.625610
vn 0.657901 -0.201915 0.725532
vn 0.662821 -0.208722 0.719099
vn 0.841047 -0.088780 0.533627
vn 0.841047 -0.088780 0.533627
vn 0.662821 -0.208722 0.719099
vn 0.644353 -0.199901 0.738139
vn 0.856571 -0.066867 0.511678
vn 0.854932 -0.068821 0.514155
vn 0.856571 -0.066867 0.511678
vn 0.644353 -0.199901 0.738139
vn 0.657881 -0.214461 0.721941
vn 0.662821 -0.208722 0.719099
vn 0.558749 -0.353689 0.750136
vn 0.390794 -0.329847 0.859349
vn 0.644353 -0.199901 0.738139
vn 0.644353 -0.199901 0.738139
vn 0.390794 -0.329847 0.859349
vn 0.369801 -0.312059 0.875138
vn 0.657881 -0.214461 0.721941
vn -0.558749 -0.353689 0.750136
vn -0.662706 -0.285604 0.692280
vn -0.657901 -0.201915 0.725532
vn -0.662821 -0.208722 0.719099
vn -0.390794 -0.329847 0.859349
vn -0.558749 -0.353689 0.750136
vn -0.662821 -0.208722 0.719099
vn -0.644353 -0.199901 0.738139
vn -0.369801 -0.312059 0.875138
vn -0.390794 -0.329847 0.859349
vn -0.644353 -0.199901 0.738139
vn -0.657881 -0.214461 0.721941
vn -0.854932 -0.068821 0.514155
vn -0.657881 -0.214461 0.721941
vn -0.644353 -0.199901 0.738139
vn -0.856571 -0.066867 0.511678
vn -0.662821 -0.208722 0.719099
vn -0.657901 -0.201915 0.725532
vn -0.768683 -0.133185 0.625610
vn -0.841047 -0.088780 0.533627
vn -0.644353 -0.199901 0.738139
vn -0.662821 -0.208722 0.719099
vn -0.841047 -0.088780 0.533627
vn -0.856571 -0.066867 0.511678
vn 0.635692 -0.178356 0.751056
vn 0.688184 -0.258164 0.678052
vn 0.597714 -0.311660 0.738651
vn 0.650460 -0.243728 0.719373
vn 0.698369 -0.095372 0.709356
vn 0.635692 -0.178356 0.751056
vn 0.650460 -0.243728 0.719373
vn 0.751555 -0.198250 0.629175
vn 0.766565 -0.227769 0.600416
vn 0.751555 -0.198250 0.629175
vn 0.650460 -0.243728 0.719373
vn 0.701024 -0.293380 0.649996
vn 0.701024 -0.293380 0.649996
vn 0.650460 -0.243728 0.719373
vn 0.597714 -0.311660 0.738651
vn 0.550302 -0.451662 0.702260
vn -0.597714 -0.311660 0.738651
vn -0.688184 -0.258164 0.678052
vn -0.635692 -0.178356 0.751056
vn -0.650460 -0.243728 0.719373
vn -0.597714 -0.311660 0.738651
vn -0.650460 -0.243728 0.719373
vn -0.701024 -0.293380 0.649996
vn -0.550302 -0.451662 0.702260
vn -0.650460 -0.243728 0.719373
vn -0.635692 -0.178356 0.751056
vn -0.698369 -0.095372 0.709356
vn -0.751555 -0.198250 0.629175
vn -0.650460 -0.243728 0.719373
vn -0.751555 -0.198250 0.629175
vn -0.766565 -0.227769 0.600416
vn -0.701024 -0.293380 0.649996
vn 0.703377 -0.145149 0.695839
vn 0.792858 -0.059360 0.606508
vn 0.763258 -0.045687 0.644477
vn 0.652429 -0.160223 0.740719
vn 0.527155 -0.318740 0.787726
vn 0.703377 -0.145149 0.695839
vn 0.652429 -0.160223 0.740719
vn 0.528190 -0.316877 0.787784
vn 0.594733 -0.137887 0.792010
vn 0.528190 -0.316877 0.787784
vn 0.652429 -0.160223 0.740719
vn 0.649688 -0.072696 0.756718
vn 0.594733 -0.137887 0.792010
vn 0.649688 -0.072696 0.756718
vn 0.630459 -0.047243 0.774783
vn 0.648778 -0.083440 0.756389
vn 0.649688 -0.072696 0.756718
vn 0.652429 -0.160223 0.740719
vn 0.763258 -0.045687 0.644477
vn 0.723948 -0.059726 0.687264
vn 0.649688 -0.072696 0.756718
vn 0.723948 -0.059726 0.687264
vn 0.678952 -0.024781 0.733764
vn 0.630459 -0.047243 0.774783
vn -0.763258 -0.045687 0.644477
vn -0.792858 -0.059360 0.606508
vn -0.703377 -0.145149 0.695839
vn -0.652429 -0.160223 0.740719
vn -0.763258 -0.045687 0.644477
vn -0.652429 -0.160223 0.740719
vn -0.649688 -0.072696 0.756718
vn -0.723948 -0.059726 0.687264
vn -0.678952 -0.024781 0.733764
vn -0.723948 -0.059726 0.687264
vn -0.649688 -0.072696 0.756718
vn -0.630459 -0.047243 0.774783
vn -0.630459 -0.047243 0.774783
vn -0.649688 -0.072696 0.756718
vn -0.594733 -0.137887 0.792010
vn -0.648778 -0.083440 0.756389
vn -0.652429 -0.160223 0.740719
vn -0.703377 -0.145149 0.695839
vn -0.527155 -0.318740 0.787726
vn -0.528190 -0.316877 0.787784
vn -0.652429 -0.160223 0.740719
vn -0.528190 -0.316877 0.787784
vn -0.594733 -0.137887 0.792010
vn -0.649688 -0.072696 0.756718
vn 0.007904 0.033327 0.999413
vn -0.365715 0.029299 0.930265
vn -0.372123 0.039736 0.927332
vn 0.037661 0.066105 0.997102
vn 0.405658 0.011658 0.913951
vn 0.007904 0.033327 0.999413
vn 0.037661 0.066105 0.997102
vn 0.418813 0.015473 0.907941
vn 0.466209 0.058566 0.882734
vn 0.418813 0.015473 0.907941
vn 0.037661 0.066105 0.997102
vn 0.063053 0.087529 0.994165
vn 0.513217 0.051975 0.856684
vn 0.466209 0.058566 0.882734
vn 0.063053 0.087529 0.994165
vn 0.061466 0.060123 0.996297
vn 0.063053 0.087529 0.994165
vn 0.037661 0.066105 0.997102
vn -0.372123 0.039736 0.927332
vn -0.417956 0.029176 0.907999
vn 0.061466 0.060123 0.996297
vn 0.063053 0.087529 0.994165
vn -0.417956 0.029176 0.907999
vn -0.466575 -0.004120 0.884472
vn 0.007508 0.182505 0.983176
vn -0.356399 0.174873 0.917823
vn -0.362967 0.143746 0.920648
vn 0.041383 0.155859 0.986912
vn 0.392141 0.150459 0.907517
vn 0.007508 0.182505 0.983176
vn 0.041383 0.155859 0.986912
vn 0.410331 0.105261 0.905841
vn 0.444965 0.114324 0.888221
vn 0.410331 0.105261 0.905841
vn 0.041383 0.155859 0.986912
vn 0.060428 0.151559 0.986599
vn 0.060428 0.151559 0.986599
vn 0.041383 0.155859 0.986912
vn -0.362967 0.143746 0.920648
vn -0.402517 0.084721 0.911484
vn -0.327779 0.062504 0.942685
vn -0.402488 0.000549 0.915425
vn 0.052828 0.094883 0.994086
vn 0.010621 0.133735 0.990960
vn -0.327779 0.062504 0.942685
vn 0.010621 0.133735 0.990960
vn -0.028688 0.186530 0.982030
vn -0.261000 0.031221 0.964834
vn -0.235058 0.086155 0.968156
vn -0.261000 0.031221 0.964834
vn -0.028688 0.186530 0.982030
vn -0.018892 0.227217 0.973661
vn 0.220377 0.069400 0.972943
vn -0.018892 0.227217 0.973661
vn -0.028688 0.186530 0.982030
vn 0.292252 0.027254 0.955953
vn 0.010621 0.133735 0.990960
vn 0.052828 0.094883 0.994086
vn 0.400498 0.015076 0.916174
vn 0.370384 -0.032503 0.928310
vn 0.010621 0.133735 0.990960
vn 0.370384 -0.032503 0.928310
vn 0.292252 0.027254 0.955953
vn -0.028688 0.186530 0.982030
vn 0.005402 0.115118 0.993337
vn -0.329087 0.054355 0.942734
vn -0.355821 0.097783 0.929425
vn 0.013337 0.125496 0.992005
vn -0.288070 0.082738 0.954028
vn -0.329087 0.054355 0.942734
vn 0.005402 0.115118 0.993337
vn 0.021974 0.154275 0.987784
vn 0.312667 0.040071 0.949017
vn 0.021974 0.154275 0.987784
vn 0.005402 0.115118 0.993337
vn 0.373153 0.016724 0.927619
vn 0.373153 0.016724 0.927619
vn 0.005402 0.115118 0.993337
vn 0.013337 0.125496 0.992005
vn 0.403886 0.029176 0.914344
vn 0.013337 0.125496 0.992005
vn -0.355821 0.097783 0.929425
vn -0.380091 0.109901 0.918397
vn 0.009796 0.146642 0.989141
vn 0.013337 0.125496 0.992005
vn 0.009796 0.146642 0.989141
vn 0.415513 0.055819 0.907873
vn 0.403886 0.029176 0.914344
vn -0.017823 -0.168222 0.985588
vn -0.356704 -0.226114 0.906441
vn -0.361807 0.003937 0.932245
vn 0.001709 0.005494 0.999983
vn -0.298626 -0.322675 0.898167
vn -0.356704 -0.226114 0.906441
vn -0.017823 -0.168222 0.985588
vn -0.018098 -0.180553 0.983399
vn 0.280323 -0.336022 0.899171
vn -0.018098 -0.180553 0.983399
vn -0.017823 -0.168222 0.985588
vn 0.335955 -0.239667 0.910875
vn 0.335955 -0.239667 0.910875
vn -0.017823 -0.168222 0.985588
vn 0.001709 0.005494 0.999983
vn 0.354969 -0.038057 0.934103
vn 0.001709 0.005494 0.999983
vn -0.361807 0.003937 0.932245
vn -0.356523 0.083744 0.930526
vn 0.023591 0.096989 0.995006
vn 0.001709 0.005494 0.999983
vn 0.023591 0.096989 0.995006
vn 0.363274 0.049686 0.930357
vn 0.354969 -0.038057 0.934103
vn 0.180794 0.091771 0.979230
vn 0.459744 0.031160 0.887504
vn 0.450797 -0.007965 0.892591
vn 0.174297 0.094306 0.980167
vn -0.086797 0.128700 0.987878
vn 0.180794 0.091771 0.979230
vn 0.174297 0.094306 0.980167
vn -0.067111 0.071353 0.995191
vn -0.067111 0.071353 0.995191
vn 0.174297 0.094306 0.980167
vn 0.159463 -0.122260 0.979604
vn -0.029359 -0.171243 0.984791
vn -0.029359 -0.171243 0.984791
vn 0.159463 -0.122260 0.979604
vn 0.106969 -0.440969 0.891125
vn -0.044344 -0.379167 0.924265
vn 0.174297 0.094306 0.980167
vn 0.450797 -0.007965 0.892591
vn 0.403864 -0.237289 0.883509
vn 0.159463 -0.122260 0.979604
vn 0.159463 -0.122260 0.979604
vn 0.403864 -0.237289 0.883509
vn 0.306323 -0.561496 0.768693
vn 0.106969 -0.440969 0.891125
vn 0.106969 -0.440969 0.891125
vn 0.306323 -0.561496 0.768693
vn 0.248002 -0.661602 0.707656
vn 0.053804 -0.560170 0.826629
vn 0.106969 -0.440969 0.891125
vn 0.053804 -0.560170 0.826629
vn -0.064793 -0.483155 0.873134
vn -0.044344 -0.379167 0.924265
vn -0.116003 0.011841 0.993178
vn 0.243114 0.084019 0.966352
vn 0.251509 0.032534 0.967308
vn -0.165139 0.044253 0.985277
vn -0.526757 0.002350 0.850013
vn -0.116003 0.011841 0.993178
vn -0.165139 0.044253 0.985277
vn -0.523005 0.006287 0.852306
vn -0.523005 0.006287 0.852306
vn -0.165139 0.044253 0.985277
vn -0.187874 0.038057 0.981456
vn -0.497851 -0.094577 0.862091
vn -0.418482 -0.204999 0.884787
vn -0.497851 -0.094577 0.862091
vn -0.187874 0.038057 0.981456
vn -0.156775 -0.085849 0.983896
vn -0.165139 0.044253 0.985277
vn 0.251509 0.032534 0.967308
vn 0.207806 -0.024354 0.977867
vn -0.187874 0.038057 0.981456
vn -0.187874 0.038057 0.981456
vn 0.207806 -0.024354 0.977867
vn 0.147837 -0.097815 0.984163
vn -0.156775 -0.085849 0.983896
vn -0.418482 -0.204999 0.884787
vn -0.156775 -0.085849 0.983896
vn -0.084935 -0.251599 0.964097
vn -0.276474 -0.385885 0.880145
vn -0.156775 -0.085849 0.983896
vn 0.147837 -0.097815 0.984163
vn 0.148842 -0.181467 0.972068
vn -0.084935 -0.251599 0.964097
vn 0.145425 0.123054 0.981687
vn 0.436639 0.096105 0.894489
vn 0.429526 0.028536 0.902603
vn 0.133398 0.048403 0.989880
vn -0.158396 0.086828 0.983551
vn 0.145425 0.123054 0.981687
vn 0.133398 0.048403 0.989880
vn -0.150580 0.000855 0.988598
vn -0.150580 0.000855 0.988598
vn 0.133398 0.048403 0.989880
vn 0.118017 -0.115423 0.986281
vn -0.138680 -0.089697 0.986267
vn -0.206613 -0.203134 0.957104
vn -0.138680 -0.089697 0.986267
vn 0.118017 -0.115423 0.986281
vn 0.138528 -0.344626 0.928463
vn 0.133398 0.048403 0.989880
vn 0.429526 0.028536 0.902603
vn 0.414091 -0.104072 0.904267
vn 0.118017 -0.115423 0.986281
vn 0.118017 -0.115423 0.986281
vn 0.414091 -0.104072 0.904267
vn 0.414572 -0.246839 0.875900
vn 0.138528 -0.344626 0.928463
vn -0.206613 -0.203134 0.957104
vn 0.138528 -0.344626 0.928463
vn 0.137369 -0.446900 0.883974
vn -0.287671 -0.230631 0.929545
vn 0.138528 -0.344626 0.928463
vn 0.414572 -0.246839 0.875900
vn 0.432579 -0.352679 0.829755
vn 0.137369 -0.446900 0.883974
vn -0.203929 0.093206 0.974539
vn 0.101080 0.076084 0.991965
vn 0.099125 0.019441 0.994885
vn -0.216687 0.044161 0.975242
vn -0.492794 0.109686 0.863205
vn -0.203929 0.093206 0.974539
vn -0.216687 0.044161 0.975242
vn -0.495812 0.047366 0.867137
vn -0.495812 0.047366 0.867137
vn -0.216687 0.044161 0.975242
vn -0.201852 -0.148902 0.968031
vn -0.489443 -0.146647 0.859616
vn -0.455440 -0.332020 0.826037
vn -0.489443 -0.146647 0.859616
vn -0.201852 -0.148902 0.968031
vn -0.158425 -0.352221 0.922411
vn -0.216687 0.044161 0.975242
vn 0.099125 0.019441 0.994885
vn 0.099004 -0.125983 0.987080
vn -0.201852 -0.148902 0.968031
vn -0.201852 -0.148902 0.968031
vn 0.099004 -0.125983 0.987080
vn 0.127052 -0.234296 0.963827
vn -0.158425 -0.352221 0.922411
vn -0.455440 -0.332020 0.826037
vn -0.158425 -0.352221 0.922411
vn -0.081455 -0.447314 0.890660
vn -0.412684 -0.430385 0.802783
vn -0.158425 -0.352221 0.922411
vn 0.127052 -0.234296 0.963827
vn 0.164405 -0.301495 0.939187
vn -0.081455 -0.447314 0.890660
vn 0.598450 -0.015778 0.801005
vn 0.608918 -0.068576 0.790263
vn 0.678134 -0.080601 0.730505
vn 0.664253 0.017762 0.747296
vn 0.620585 0.033877 0.783407
vn 0.598450 -0.015778 0.801005
vn 0.664253 0.017762 0.747296
vn 0.631603 0.058354 0.773093
vn 0.620585 0.033877 0.783407
vn 0.631603 0.058354 0.773093
vn 0.659730 -0.041201 0.750372
vn 0.676730 -0.066501 0.733221
vn 0.754596 -0.035586 0.655224
vn 0.664253 0.017762 0.747296
vn 0.678134 -0.080601 0.730505
vn 0.791610 -0.132301 0.596531
vn 0.664253 0.017762 0.747296
vn 0.754596 -0.035586 0.655224
vn 0.685157 0.008790 0.728342
vn 0.631603 0.058354 0.773093
vn 0.631603 0.058354 0.773093
vn 0.685157 0.008790 0.728342
vn 0.670749 -0.042696 0.740455
vn 0.659730 -0.041201 0.750372
vn -0.678134 -0.080601 0.730505
vn -0.608918 -0.068576 0.790263
vn -0.598450 -0.015778 0.801005
vn -0.664253 0.017762 0.747296
vn -0.678134 -0.080601 0.730505
vn -0.664253 0.017762 0.747296
vn -0.754596 -0.035586 0.655224
vn -0.791610 -0.132301 0.596531
vn -0.664253 0.017762 0.747296
vn -0.598450 -0.015778 0.801005
vn -0.620585 0.033877 0.783407
vn -0.631603 0.058354 0.773093
vn -0.664253 0.017762 0.747296
vn -0.631603 0.058354 0.773093
vn -0.685157 0.008790 0.728342
vn -0.754596 -0.035586 0.655224
vn -0.659730 -0.041201 0.750372
vn -0.631603 0.058354 0.773093
vn -0.620585 0.033877 0.783407
vn -0.676730 -0.066501 0.733221
vn -0.631603 0.058354 0.773093
vn -0.659730 -0.041201 0.750372
vn -0.670749 -0.042696 0.740455
vn -0.685157 0.008790 0.728342
vn 0.503477 -0.383109 0.774428
vn 0.236523 -0.438804 0.866896
vn 0.275799 -0.443256 0.852912
vn 0.504981 -0.368954 0.780300
vn 0.695842 -0.303301 0.651009
vn 0.503477 -0.383109 0.774428
vn 0.504981 -0.368954 0.780300
vn 0.691111 -0.292955 0.660714
vn 0.691111 -0.292955 0.660714
vn 0.504981 -0.368954 0.780300
vn 0.435148 -0.358330 0.825982
vn 0.679445 -0.392718 0.619780
vn 0.735976 -0.424555 0.527345
vn 0.679445 -0.392718 0.619780
vn 0.435148 -0.358330 0.825982
vn 0.424395 -0.339125 0.839573
vn 0.504981 -0.368954 0.780300
vn 0.275799 -0.443256 0.852912
vn 0.079990 -0.286357 0.954778
vn 0.435148 -0.358330 0.825982
vn 0.435148 -0.358330 0.825982
vn 0.079990 -0.286357 0.954778
vn 0.074039 -0.262282 0.962147
vn 0.424395 -0.339125 0.839573
vn -0.275799 -0.443256 0.852912
vn -0.236523 -0.438804 0.866896
vn -0.503477 -0.383109 0.774428
vn -0.504981 -0.368954 0.780300
vn -0.079990 -0.286357 0.954778
vn -0.275799 -0.443256 0.852912
vn -0.504981 -0.368954 0.780300
vn -0.435148 -0.358330 0.825982
vn -0.074039 -0.262282 0.962147
vn -0.079990 -0.286357 0.954778
vn -0.435148 -0.358330 0.825982
vn -0.424395 -0.339125 0.839573
vn -0.735976 -0.424555 0.527345
vn -0.424395 -0.339125 0.839573
vn -0.435148 -0.358330 0.825982
vn -0.679445 -0.392718 0.619780
vn -0.504981 -0.368954 0.780300
vn -0.503477 -0.383109 0.774428
vn -0.695842 -0.303301 0.651009
vn -0.691111 -0.292955 0.660714
vn -0.435148 -0.358330 0.825982
vn -0.504981 -0.368954 0.780300
vn -0.691111 -0.292955 0.660714
vn -0.679445 -0.392718 0.619780
vn 0.431815 0.090154 0.897445
vn 0.705447 -0.008423 0.708713
vn 0.686505 0.065861 0.724136
vn 0.483945 0.112891 0.867786
vn 0.237316 0.171395 0.956193
vn 0.431815 0.090154 0.897445
vn 0.483945 0.112891 0.867786
vn 0.205851 0.203745 0.957138
vn 0.205851 0.203745 0.957138
vn 0.483945 0.112891 0.867786
vn 0.450706 0.126593 0.883650
vn 0.154885 0.203594 0.966727
vn 0.154885 0.203594 0.966727
vn 0.450706 0.126593 0.883650
vn 0.500548 0.086187 0.861408
vn 0.127661 0.164895 0.978015
vn 0.483945 0.112891 0.867786
vn 0.686505 0.065861 0.724136
vn 0.675473 0.068881 0.734161
vn 0.450706 0.126593 0.883650
vn 0.500548 0.086187 0.861408
vn 0.450706 0.126593 0.883650
vn 0.675473 0.068881 0.734161
vn 0.675503 0.040651 0.736236
vn -0.686505 0.065861 0.724136
vn -0.705447 -0.008423 0.708713
vn -0.431815 0.090154 0.897445
vn -0.483945 0.112891 0.867786
vn -0.675473 0.068881 0.734161
vn -0.686505 0.065861 0.724136
vn -0.483945 0.112891 0.867786
vn -0.450706 0.126593 0.883650
vn -0.675473 0.068881 0.734161
vn -0.450706 0.126593 0.883650
vn -0.500548 0.086187 0.861408
vn -0.675503 0.040651 0.736236
vn -0.483945 0.112891 0.867786
vn -0.431815 0.090154 0.897445
vn -0.237316 0.171395 0.956193
vn -0.205851 0.203745 0.957138
vn -0.450706 0.126593 0.883650
vn -0.483945 0.112891 0.867786
vn -0.205851 0.203745 0.957138
vn -0.154885 0.203594 0.966727
vn -0.500548 0.086187 0.861408
vn -0.450706 0.126593 0.883650
vn -0.154885 0.203594 0.966727
vn -0.127661 0.164895 0.978015
vn 0.292436 0.298143 0.908621
vn -0.175059 0.340780 0.923701
vn -0.140968 0.254499 0.956744
vn 0.255935 0.218915 0.941580
vn 0.579194 0.372975 0.724862
vn 0.292436 0.298143 0.908621
vn 0.255935 0.218915 0.941580
vn 0.530301 0.306474 0.790477
vn 0.530301 0.306474 0.790477
vn 0.255935 0.218915 0.941580
vn 0.203380 0.073887 0.976308
vn 0.437763 0.115972 0.891579
vn 0.437763 0.115972 0.891579
vn 0.203380 0.073887 0.976308
vn 0.188178 -0.016480 0.981997
vn 0.391536 0.070195 0.917481
vn 0.203380 0.073887 0.976308
vn 0.255935 0.218915 0.941580
vn -0.140968 0.254499 0.956744
vn -0.078982 0.114597 0.990267
vn 0.203380 0.073887 0.976308
vn -0.078982 0.114597 0.990267
vn -0.063908 0.011201 0.997893
vn 0.188178 -0.016480 0.981997
vn -0.106053 -0.055544 0.992808
vn 0.656342 -0.204355 0.726261
vn 0.596617 -0.056338 0.800546
vn -0.030671 0.030427 0.999066
vn -0.641514 0.027681 0.766612
vn -0.106053 -0.055544 0.992808
vn -0.030671 0.030427 0.999066
vn -0.635318 0.052615 0.770456
vn -0.594268 0.115027 0.795999
vn -0.635318 0.052615 0.770456
vn -0.030671 0.030427 0.999066
vn -0.015107 0.178626 0.983801
vn -0.594268 0.115027 0.795999
vn -0.015107 0.178626 0.983801
vn 0.015595 0.197612 0.980156
vn -0.539022 0.081699 0.838320
vn -0.030671 0.030427 0.999066
vn 0.596617 -0.056338 0.800546
vn 0.536498 0.158242 0.828933
vn -0.015107 0.178626 0.983801
vn -0.015107 0.178626 0.983801
vn 0.536498 0.158242 0.828933
vn 0.538425 0.234115 0.809499
vn 0.015595 0.197612 0.980156
vn -0.287858 -0.210339 0.934289
vn 0.376884 -0.376884 0.846119
vn 0.295796 -0.162212 0.941378
vn -0.210275 -0.084537 0.973980
vn -0.663341 -0.078801 0.744157
vn -0.287858 -0.210339 0.934289
vn -0.210275 -0.084537 0.973980
vn -0.667373 -0.022798 0.744374
vn -0.632515 0.101508 0.767868
vn -0.667373 -0.022798 0.744374
vn -0.210275 -0.084537 0.973980
vn -0.209334 0.141641 0.967531
vn -0.632515 0.101508 0.767868
vn -0.209334 0.141641 0.967531
vn -0.189801 0.194318 0.962401
vn -0.571879 0.093177 0.815029
vn -0.210275 -0.084537 0.973980
vn 0.295796 -0.162212 0.941378
vn 0.227951 0.125039 0.965610
vn -0.209334 0.141641 0.967531
vn -0.209334 0.141641 0.967531
vn 0.227951 0.125039 0.965610
vn 0.225993 0.233776 0.945662
vn -0.189801 0.194318 0.962401
vn -0.290178 -0.275376 0.916496
vn 0.321058 -0.384323 0.865574
vn 0.225691 -0.235122 0.945400
vn -0.231515 -0.172064 0.957494
vn -0.631079 -0.182353 0.753981
vn -0.290178 -0.275376 0.916496
vn -0.231515 -0.172064 0.957494
vn -0.627781 -0.121161 0.768902
vn -0.615356 0.001831 0.788247
vn -0.627781 -0.121161 0.768902
vn -0.231515 -0.172064 0.957494
vn -0.322374 0.010651 0.946552
vn -0.615356 0.001831 0.788247
vn -0.322374 0.010651 0.946552
vn -0.386833 0.070805 0.919427
vn -0.570095 -0.003204 0.821572
vn -0.231515 -0.172064 0.957494
vn 0.225691 -0.235122 0.945400
vn 0.078738 -0.061404 0.995003
vn -0.322374 0.010651 0.946552
vn -0.322374 0.010651 0.946552
vn 0.078738 -0.061404 0.995003
vn -0.062228 0.039827 0.997267
vn -0.386833 0.070805 0.919427
vn -0.426196 -0.116704 0.897072
vn -0.449877 -0.084628 0.889072
vn -0.429614 -0.038332 0.902199
vn -0.400414 -0.040713 0.915429
vn -0.400414 -0.040713 0.915429
vn -0.429614 -0.038332 0.902199
vn -0.352314 0.089116 0.931629
vn -0.376606 0.012788 0.926285
vn -0.318773 0.110785 0.941334
vn -0.376606 0.012788 0.926285
vn -0.352314 0.089116 0.931629
vn -0.235820 0.223735 0.945691
vn 0.456384 -0.038881 0.888933
vn 0.478144 -0.056704 0.876449
vn 0.454281 -0.091375 0.886160
vn 0.426383 -0.060580 0.902512
vn 0.411854 0.060306 0.909252
vn 0.456384 -0.038881 0.888933
vn 0.426383 -0.060580 0.902512
vn 0.355550 0.002625 0.934654
vn 0.328537 0.065128 0.942243
vn 0.411854 0.060306 0.909252
vn 0.355550 0.002625 0.934654
vn 0.238903 -0.043245 0.970080
vn -0.359030 -0.011719 0.933252
vn -0.326459 -0.031739 0.944678
vn -0.344078 -0.059177 0.937074
vn -0.357166 -0.022706 0.933765
vn -0.336904 -0.009217 0.941494
vn -0.359030 -0.011719 0.933252
vn -0.357166 -0.022706 0.933765
vn -0.304003 0.034395 0.952050
vn -0.263348 -0.080753 0.961315
vn -0.336904 -0.009217 0.941494
vn -0.304003 0.034395 0.952050
vn -0.254866 -0.072086 0.964286
vn -0.274518 -0.170906 0.946272
vn -0.263348 -0.080753 0.961315
vn -0.254866 -0.072086 0.964286
vn -0.302144 -0.191297 0.933871
vn -0.636175 -0.114417 0.763014
vn -0.620552 -0.130074 0.773302
vn -0.642342 -0.089147 0.761216
vn -0.642403 -0.088720 0.761215
vn -0.642403 -0.088720 0.761215
vn -0.642342 -0.089147 0.761216
vn -0.621552 -0.081791 0.779091
vn -0.625882 -0.120183 0.770602
vn -0.545252 -0.164833 0.821907
vn -0.625882 -0.120183 0.770602
vn -0.621552 -0.081791 0.779091
vn -0.578309 -0.080754 0.811811
vn -0.545252 -0.164833 0.821907
vn -0.578309 -0.080754 0.811811
vn -0.423057 -0.259809 0.868057
vn -0.276474 -0.385885 0.880145
vn -0.282239 0.058932 0.957532
vn -0.262497 0.025575 0.964594
vn -0.285751 -0.013489 0.958209
vn -0.297254 0.005280 0.954784
vn -0.297254 0.005280 0.954784
vn -0.285751 -0.013489 0.958209
vn -0.324387 -0.092503 0.941391
vn -0.300337 -0.059451 0.951979
vn -0.375323 -0.135657 0.916913
vn -0.300337 -0.059451 0.951979
vn -0.324387 -0.092503 0.941391
vn -0.371485 -0.245530 0.895385
vn -0.375323 -0.135657 0.916913
vn -0.371485 -0.245530 0.895385
vn -0.410632 -0.240122 0.879615
vn -0.464658 -0.128273 0.876150
vn 0.694563 0.034335 0.718612
vn 0.651401 0.135200 0.746590
vn 0.691698 0.032504 0.721455
vn 0.712617 -0.024903 0.701111
vn 0.712617 -0.024903 0.701111
vn 0.691698 0.032504 0.721455
vn 0.714237 -0.080540 0.695254
vn 0.719765 -0.106237 0.686041
vn 0.719765 -0.106237 0.686041
vn 0.714237 -0.080540 0.695254
vn 0.715162 -0.202588 0.668956
vn 0.722202 -0.260663 0.640686
vn 0.722202 -0.260663 0.640686
vn 0.715162 -0.202588 0.668956
vn 0.711861 -0.305009 0.632633
vn 0.720960 -0.340230 0.603705
vn 0.196575 -0.010651 0.980431
vn 0.141699 -0.008118 0.989877
vn 0.180551 0.041659 0.982683
vn 0.211468 0.008362 0.977349
vn 0.208049 -0.144447 0.967394
vn 0.196575 -0.010651 0.980431
vn 0.211468 0.008362 0.977349
vn 0.207620 -0.148322 0.966900
vn 0.216353 -0.215620 0.952208
vn 0.208049 -0.144447 0.967394
vn 0.207620 -0.148322 0.966900
vn 0.229262 -0.200116 0.952572
vn 0.232828 -0.200447 0.951637
vn 0.216353 -0.215620 0.952208
vn 0.229262 -0.200116 0.952572
vn 0.248795 -0.181102 0.951474
vn 0.456324 -0.038881 0.888964
vn 0.478047 -0.056704 0.876502
vn 0.454281 -0.091375 0.886160
vn 0.426408 -0.060580 0.902500
vn 0.411792 0.060305 0.909280
vn 0.456324 -0.038881 0.888964
vn 0.426408 -0.060580 0.902500
vn 0.355550 0.002594 0.934654
vn 0.328537 0.065097 0.942245
vn 0.411792 0.060305 0.909280
vn 0.355550 0.002594 0.934654
vn 0.238932 -0.043245 0.970073
vn 0.434190 0.010529 0.900760
vn 0.687438 -0.066012 0.723237
vn 0.654900 0.014222 0.755581
vn 0.467100 0.042727 0.883172
vn 0.269238 0.070896 0.960461
vn 0.434190 0.010529 0.900760
vn 0.467100 0.042727 0.883172
vn 0.205823 0.118629 0.971372
vn 0.205823 0.118629 0.971372
vn 0.467100 0.042727 0.883172
vn 0.415613 0.093267 0.904747
vn 0.138525 0.156317 0.977945
vn 0.138525 0.156317 0.977945
vn 0.415613 0.093267 0.904747
vn 0.480247 0.086949 0.872813
vn 0.092747 0.166664 0.981642
vn 0.467100 0.042727 0.883172
vn 0.654900 0.014222 0.755581
vn 0.630225 0.053745 0.774550
vn 0.415613 0.093267 0.904747
vn 0.480247 0.086949 0.872813
vn 0.415613 0.093267 0.904747
vn 0.630225 0.053745 0.774550
vn 0.625773 0.049503 0.778432
vn -0.654900 0.014222 0.755581
vn -0.687438 -0.066012 0.723237
vn -0.434190 0.010529 0.900760
vn -0.467100 0.042727 0.883172
vn -0.630225 0.053745 0.774550
vn -0.654900 0.014222 0.755581
vn -0.467100 0.042727 0.883172
vn -0.415613 0.093267 0.904747
vn -0.630225 0.053745 0.774550
vn -0.415613 0.093267 0.904747
vn -0.480247 0.086949 0.872813
vn -0.625773 0.049503 0.778432
vn -0.467100 0.042727 0.883172
vn -0.434190 0.010529 0.900760
vn -0.269238 0.070896 0.960461
vn -0.205823 0.118629 0.971372
vn -0.415613 0.093267 0.904747
vn -0.467100 0.042727 0.883172
vn -0.205823 0.118629 0.971372
vn -0.138525 0.156317 0.977945
vn -0.480247 0.086949 0.872813
vn -0.415613 0.093267 0.904747
vn -0.138525 0.156317 0.977945
vn -0.092747 0.166664 0.981642
vn 0.802773 -0.175271 0.569943
vn 0.916299 -0.264354 0.300855
vn 0.914478 -0.175211 0.364735
vn 0.818038 -0.145027 0.556580
vn 0.686809 -0.079686 0.722456
vn 0.802773 -0.175271 0.569943
vn 0.818038 -0.145027 0.556580
vn 0.634772 -0.017304 0.772506
vn 0.634772 -0.017304 0.772506
vn 0.818038 -0.145027 0.556580
vn 0.778183 -0.038302 0.626868
vn 0.520381 0.086613 0.849530
vn 0.520381 0.086613 0.849530
vn 0.778183 -0.038302 0.626868
vn 0.791050 0.023683 0.611293
vn 0.485344 0.105779 0.867901
vn 0.818038 -0.145027 0.556580
vn 0.914478 -0.175211 0.364735
vn 0.901995 -0.070835 0.425896
vn 0.778183 -0.038302 0.626868
vn 0.791050 0.023683 0.611293
vn 0.778183 -0.038302 0.626868
vn 0.901995 -0.070835 0.425896
vn 0.888427 -0.053011 0.455948
vn -0.914478 -0.175211 0.364735
vn -0.916299 -0.264354 0.300855
vn -0.802773 -0.175271 0.569943
vn -0.818038 -0.145027 0.556580
vn -0.901995 -0.070835 0.425896
vn -0.914478 -0.175211 0.364735
vn -0.818038 -0.145027 0.556580
vn -0.778183 -0.038302 0.626868
vn -0.901995 -0.070835 0.425896
vn -0.778183 -0.038302 0.626868
vn -0.791050 0.023683 0.611293
vn -0.888427 -0.053011 0.455948
vn -0.818038 -0.145027 0.556580
vn -0.802773 -0.175271 0.569943
vn -0.686809 -0.079686 0.722456
vn -0.634772 -0.017304 0.772506
vn -0.778183 -0.038302 0.626868
vn -0.818038 -0.145027 0.556580
vn -0.634772 -0.017304 0.772506
vn -0.520381 0.086613 0.849530
vn -0.791050 0.023683 0.611293
vn -0.778183 -0.038302 0.626868
vn -0.520381 0.086613 0.849530
vn -0.485344 0.105779 0.867901
vn 0.328138 0.272960 0.904333
vn -0.141943 0.271710 0.951854
vn -0.238294 0.222760 0.945301
vn 0.233988 0.250774 0.939341
vn 0.646211 0.227306 0.728521
vn 0.328138 0.272960 0.904333
vn 0.233988 0.250774 0.939341
vn 0.624027 0.203289 0.754496
vn 0.624027 0.203289 0.754496
vn 0.233988 0.250774 0.939341
vn 0.150247 0.148019 0.977505
vn 0.588561 0.176919 0.788857
vn 0.588561 0.176919 0.788857
vn 0.150247 0.148019 0.977505
vn 0.020112 0.213541 0.976727
vn 0.554500 0.212473 0.804603
vn 0.150247 0.148019 0.977505
vn 0.233988 0.250774 0.939341
vn -0.238294 0.222760 0.945301
vn -0.329914 -0.031801 0.943475
vn 0.150247 0.148019 0.977505
vn -0.329914 -0.031801 0.943475
vn -0.404965 0.012483 0.914247
vn 0.020112 0.213541 0.976727
vn 0.323289 0.300125 0.897446
vn -0.197459 0.339038 0.919817
vn -0.143621 0.250283 0.957461
vn 0.259998 0.225999 0.938789
vn 0.632783 0.333635 0.698765
vn 0.323289 0.300125 0.897446
vn 0.259998 0.225999 0.938789
vn 0.530301 0.306474 0.790477
vn 0.530301 0.306474 0.790477
vn 0.259998 0.225999 0.938789
vn 0.203380 0.073887 0.976308
vn 0.437763 0.115972 0.891579
vn 0.437763 0.115972 0.891579
vn 0.203380 0.073887 0.976308
vn 0.188178 -0.016480 0.981997
vn 0.391536 0.070195 0.917481
vn 0.203380 0.073887 0.976308
vn 0.259998 0.225999 0.938789
vn -0.143621 0.250283 0.957461
vn -0.078982 0.114597 0.990267
vn 0.203380 0.073887 0.976308
vn -0.078982 0.114597 0.990267
vn -0.063908 0.011201 0.997893
vn 0.188178 -0.016480 0.981997
vn 0.652383 0.031191 0.757248
vn 0.885086 -0.197642 0.421378
vn 0.823204 0.037539 0.566504
vn 0.660978 0.108678 0.742494
vn 0.652383 0.031191 0.757248
vn 0.660978 0.108678 0.742494
vn 0.470788 0.168160 0.866072
vn 0.488488 0.122046 0.863994
vn 0.637854 0.166544 0.751935
vn 0.660978 0.108678 0.742494
vn 0.823204 0.037539 0.566504
vn 0.801891 0.085789 0.591279
vn 0.660978 0.108678 0.742494
vn 0.637854 0.166544 0.751935
vn 0.442919 0.227365 0.867253
vn 0.470788 0.168160 0.866072
vn 0.637854 0.166544 0.751935
vn 0.801891 0.085789 0.591279
vn 0.794441 0.098302 0.599333
vn 0.674659 0.158151 0.720988
vn 0.442919 0.227365 0.867253
vn 0.637854 0.166544 0.751935
vn 0.674659 0.158151 0.720988
vn 0.448778 0.213357 0.867800
vn -0.823204 0.037539 0.566504
vn -0.885086 -0.197642 0.421378
vn -0.652383 0.031191 0.757248
vn -0.660978 0.108678 0.742494
vn -0.823204 0.037539 0.566504
vn -0.660978 0.108678 0.742494
vn -0.637854 0.166544 0.751935
vn -0.801891 0.085789 0.591279
vn -0.794441 0.098302 0.599333
vn -0.801891 0.085789 0.591279
vn -0.637854 0.166544 0.751935
vn -0.674659 0.158151 0.720988
vn -0.674659 0.158151 0.720988
vn -0.637854 0.166544 0.751935
vn -0.442919 0.227365 0.867253
vn -0.448778 0.213357 0.867800
vn -0.470788 0.168160 0.866072
vn -0.660978 0.108678 0.742494
vn -0.652383 0.031191 0.757248
vn -0.488488 0.122046 0.863994
vn -0.660978 0.108678 0.742494
vn -0.470788 0.168160 0.866072
vn -0.442919 0.227365 0.867253
vn -0.637854 0.166544 0.751935
vn 0.217847 0.205120 0.954185
vn 0.318376 0.180185 0.930683
vn 0.287553 0.151345 0.945732
vn -0.014741 0.220163 0.975352
vn -0.042543 0.301282 0.952585
vn 0.217847 0.205120 0.954185
vn -0.014741 0.220163 0.975352
vn -0.438957 0.283584 0.852583
vn -0.438957 0.283584 0.852583
vn -0.014741 0.220163 0.975352
vn -0.169902 0.126381 0.977324
vn -0.648748 0.229719 0.725504
vn -0.648748 0.229719 0.725504
vn -0.169902 0.126381 0.977324
vn -0.248855 0.137032 0.958798
vn -0.708692 0.278337 0.648294
vn -0.169902 0.126381 0.977324
vn -0.014741 0.220163 0.975352
vn 0.287553 0.151345 0.945732
vn 0.261488 0.073704 0.962389
vn -0.169902 0.126381 0.977324
vn 0.261488 0.073704 0.962389
vn 0.247267 0.068180 0.966546
vn -0.248855 0.137032 0.958798
vn 0.792093 -0.040285 0.609070
vn 0.767134 -0.141274 0.625738
vn 0.751659 -0.016755 0.659339
vn 0.723368 0.082188 0.685554
vn 0.839380 0.017030 0.543279
vn 0.792093 -0.040285 0.609070
vn 0.723368 0.082188 0.685554
vn 0.744515 0.065006 0.664433
vn 0.839380 0.017030 0.543279
vn 0.744515 0.065006 0.664433
vn 0.734291 -0.020234 0.678533
vn 0.915081 -0.139746 0.378283
vn 0.607517 0.116065 0.785781
vn 0.723368 0.082188 0.685554
vn 0.751659 -0.016755 0.659339
vn 0.619002 0.070134 0.782252
vn 0.744515 0.065006 0.664433
vn 0.723368 0.082188 0.685554
vn 0.607517 0.116065 0.785781
vn 0.634276 0.038851 0.772130
vn 0.744515 0.065006 0.664433
vn 0.634276 0.038851 0.772130
vn 0.649532 -0.005493 0.760315
vn 0.734291 -0.020234 0.678533
vn -0.751659 -0.016755 0.659339
vn -0.767134 -0.141274 0.625738
vn -0.792093 -0.040285 0.609070
vn -0.723368 0.082188 0.685554
vn -0.751659 -0.016755 0.659339
vn -0.723368 0.082188 0.685554
vn -0.607517 0.116065 0.785781
vn -0.619002 0.070134 0.782252
vn -0.723368 0.082188 0.685554
vn -0.792093 -0.040285 0.609070
vn -0.839380 0.017030 0.543279
vn -0.744515 0.065006 0.664433
vn -0.607517 0.116065 0.785781
vn -0.723368 0.082188 0.685554
vn -0.744515 0.065006 0.664433
vn -0.634276 0.038851 0.772130
vn -0.649532 -0.005493 0.760315
vn -0.634276 0.038851 0.772130
vn -0.744515 0.065006 0.664433
vn -0.734291 -0.020234 0.678533
vn -0.734291 -0.020234 0.678533
vn -0.744515 0.065006 0.664433
vn -0.839380 0.017030 0.543279
vn -0.915081 -0.139746 0.378283
vn 0.555416 0.013673 0.831460
vn 0.735084 -0.032014 0.677220
vn 0.711582 0.064700 0.699618
vn 0.564694 0.077702 0.821634
vn 0.421807 0.038393 0.905873
vn 0.555416 0.013673 0.831460
vn 0.564694 0.077702 0.821634
vn 0.406976 0.093664 0.908624
vn 0.380298 0.136207 0.914779
vn 0.406976 0.093664 0.908624
vn 0.564694 0.077702 0.821634
vn 0.564138 0.113072 0.817901
vn 0.380298 0.136207 0.914779
vn 0.564138 0.113072 0.817901
vn 0.588444 0.086370 0.803911
vn 0.364948 0.109930 0.924515
vn 0.564138 0.113072 0.817901
vn 0.564694 0.077702 0.821634
vn 0.711582 0.064700 0.699618
vn 0.705145 0.117529 0.699255
vn 0.564138 0.113072 0.817901
vn 0.705145 0.117529 0.699255
vn 0.722938 0.092015 0.684758
vn 0.588444 0.086370 0.803911
vn -0.711582 0.064700 0.699618
vn -0.735084 -0.032014 0.677220
vn -0.555416 0.013673 0.831460
vn -0.564694 0.077702 0.821634
vn -0.711582 0.064700 0.699618
vn -0.564694 0.077702 0.821634
vn -0.564138 0.113072 0.817901
vn -0.705145 0.117529 0.699255
vn -0.722938 0.092015 0.684758
vn -0.705145 0.117529 0.699255
vn -0.564138 0.113072 0.817901
vn -0.588444 0.086370 0.803911
vn -0.588444 0.086370 0.803911
vn -0.564138 0.113072 0.817901
vn -0.380298 0.136207 0.914779
vn -0.364948 0.109930 0.924515
vn -0.564694 0.077702 0.821634
vn -0.555416 0.013673 0.831460
vn -0.421807 0.038393 0.905873
vn -0.406976 0.093664 0.908624
vn -0.564694 0.077702 0.821634
vn -0.406976 0.093664 0.908624
vn -0.380298 0.136207 0.914779
vn -0.564138 0.113072 0.817901
vn -0.027772 0.244517 0.969247
vn 0.379267 0.095771 0.920318
vn 0.297559 0.130895 0.945688
vn -0.029695 0.203595 0.978605
vn -0.337635 0.319324 0.885457
vn -0.027772 0.244517 0.969247
vn -0.029695 0.203595 0.978605
vn -0.435903 0.261029 0.861308
vn -0.435903 0.261029 0.861308
vn -0.029695 0.203595 0.978605
vn -0.169902 0.126381 0.977324
vn -0.648748 0.229719 0.725504
vn -0.648748 0.229719 0.725504
vn -0.169902 0.126381 0.977324
vn -0.248855 0.137032 0.958798
vn -0.708692 0.278337 0.648294
vn -0.169902 0.126381 0.977324
vn -0.029695 0.203595 0.978605
vn 0.297559 0.130895 0.945688
vn 0.261488 0.073704 0.962389
vn -0.169902 0.126381 0.977324
vn 0.261488 0.073704 0.962389
vn 0.247267 0.068180 0.966546
vn -0.248855 0.137032 0.958798
vn 0.533109 0.116003 0.838056
vn 0.850990 0.017365 0.524895
vn 0.833048 0.046603 0.551235
vn 0.587710 0.115210 0.800827
vn 0.274641 0.171212 0.946181
vn 0.533109 0.116003 0.838056
vn 0.587710 0.115210 0.800827
vn 0.235822 0.183390 0.954336
vn 0.235822 0.183390 0.954336
vn 0.587710 0.115210 0.800827
vn 0.532073 0.191264 0.824813
vn 0.218640 0.221997 0.950218
vn 0.218640 0.221997 0.950218
vn 0.532073 0.191264 0.824813
vn 0.538697 0.251083 0.804216
vn 0.331709 0.191628 0.923714
vn 0.532073 0.191264 0.824813
vn 0.587710 0.115210 0.800827
vn 0.833048 0.046603 0.551235
vn 0.819859 0.061923 0.569207
vn 0.532073 0.191264 0.824813
vn 0.819859 0.061923 0.569207
vn 0.775486 0.147010 0.614011
vn 0.538697 0.251083 0.804216
vn -0.833048 0.046603 0.551235
vn -0.850990 0.017365 0.524895
vn -0.533109 0.116003 0.838056
vn -0.587710 0.115210 0.800827
vn -0.833048 0.046603 0.551235
vn -0.587710 0.115210 0.800827
vn -0.532073 0.191264 0.824813
vn -0.819859 0.061923 0.569207
vn -0.775486 0.147010 0.614011
vn -0.819859 0.061923 0.569207
vn -0.532073 0.191264 0.824813
vn -0.538697 0.251083 0.804216
vn -0.538697 0.251083 0.804216
vn -0.532073 0.191264 0.824813
vn -0.218640 0.221997 0.950218
vn -0.331709 0.191628 0.923714
vn -0.587710 0.115210 0.800827
vn -0.533109 0.116003 0.838056
vn -0.274641 0.171212 0.946181
vn -0.235822 0.183390 0.954336
vn -0.532073 0.191264 0.824813
vn -0.587710 0.115210 0.800827
vn -0.235822 0.183390 0.954336
vn -0.218640 0.221997 0.950218
vn 0.572986 0.005554 0.819546
vn 0.760169 0.052707 0.647584
vn 0.770497 0.111396 0.627635
vn 0.583984 0.099737 0.805615
vn 0.346909 0.037599 0.937145
vn 0.572986 0.005554 0.819546
vn 0.583984 0.099737 0.805615
vn 0.274490 0.154367 0.949119
vn 0.274490 0.154367 0.949119
vn 0.583984 0.099737 0.805615
vn 0.469165 0.284313 0.836092
vn 0.167644 0.319479 0.932646
vn 0.167644 0.319479 0.932646
vn 0.469165 0.284313 0.836092
vn 0.450614 0.343798 0.823863
vn 0.215894 0.309649 0.926017
vn 0.469165 0.284313 0.836092
vn 0.583984 0.099737 0.805615
vn 0.770497 0.111396 0.627635
vn 0.759461 0.133764 0.636653
vn 0.469165 0.284313 0.836092
vn 0.759461 0.133764 0.636653
vn 0.728754 0.186255 0.658958
vn 0.450614 0.343798 0.823863
vn -0.770497 0.111396 0.627635
vn -0.760169 0.052707 0.647584
vn -0.572986 0.005554 0.819546
vn -0.583984 0.099737 0.805615
vn -0.770497 0.111396 0.627635
vn -0.583984 0.099737 0.805615
vn -0.469165 0.284313 0.836092
vn -0.759461 0.133764 0.636653
vn -0.728754 0.186255 0.658958
vn -0.759461 0.133764 0.636653
vn -0.469165 0.284313 0.836092
vn -0.450614 0.343798 0.823863
vn -0.450614 0.343798 0.823863
vn -0.469165 0.284313 0.836092
vn -0.167644 0.319479 0.932646
vn -0.215894 0.309649 0.926017
vn -0.583984 0.099737 0.805615
vn -0.572986 0.005554 0.819546
vn -0.346909 0.037599 0.937145
vn -0.274490 0.154367 0.949119
vn -0.469165 0.284313 0.836092
vn -0.583984 0.099737 0.805615
vn -0.274490 0.154367 0.949119
vn -0.167644 0.319479 0.932646
vn 0.594523 -0.150126 0.789940
vn 0.753549 -0.043063 0.655979
vn 0.776585 0.073856 0.625669
vn 0.590185 0.017152 0.807086
vn 0.358725 -0.151254 0.921107
vn 0.594523 -0.150126 0.789940
vn 0.590185 0.017152 0.807086
vn 0.291365 0.047549 0.955429
vn 0.291365 0.047549 0.955429
vn 0.590185 0.017152 0.807086
vn 0.469165 0.284313 0.836092
vn 0.167644 0.319479 0.932646
vn 0.167644 0.319479 0.932646
vn 0.469165 0.284313 0.836092
vn 0.450614 0.343798 0.823863
vn 0.215894 0.309649 0.926017
vn 0.469165 0.284313 0.836092
vn 0.590185 0.017152 0.807086
vn 0.776585 0.073856 0.625669
vn 0.759461 0.133764 0.636653
vn 0.469165 0.284313 0.836092
vn 0.759461 0.133764 0.636653
vn 0.728754 0.186255 0.658958
vn 0.450614 0.343798 0.823863
vn -0.776585 0.073856 0.625669
vn -0.753549 -0.043063 0.655979
vn -0.594523 -0.150126 0.789940
vn -0.590185 0.017152 0.807086
vn -0.776585 0.073856 0.625669
vn -0.590185 0.017152 0.807086
vn -0.469165 0.284313 0.836092
vn -0.759461 0.133764 0.636653
vn -0.728754 0.186255 0.658958
vn -0.759461 0.133764 0.636653
vn -0.469165 0.284313 0.836092
vn -0.450614 0.343798 0.823863
vn -0.450614 0.343798 0.823863
vn -0.469165 0.284313 0.836092
vn -0.167644 0.319479 0.932646
vn -0.215894 0.309649 0.926017
vn -0.590185 0.017152 0.807086
vn -0.594523 -0.150126 0.789940
vn -0.358725 -0.151254 0.921107
vn -0.291365 0.047549 0.955429
vn -0.469165 0.284313 0.836092
vn -0.590185 0.017152 0.807086
vn -0.291365 0.047549 0.955429
vn -0.167644 0.319479 0.932646
vn 0.651456 -0.075259 0.754945
vn 0.781238 -0.061527 0.621194
vn 0.837109 -0.069523 0.542600
vn 0.712626 -0.065647 0.698465
vn 0.541925 0.017396 0.840247
vn 0.651456 -0.075259 0.754945
vn 0.712626 -0.065647 0.698465
vn 0.488066 0.095434 0.867574
vn 0.442070 0.141456 0.885756
vn 0.488066 0.095434 0.867574
vn 0.712626 -0.065647 0.698465
vn 0.670654 0.079563 0.737491
vn 0.442070 0.141456 0.885756
vn 0.670654 0.079563 0.737491
vn 0.620670 0.173655 0.764599
vn 0.383624 0.184121 0.904949
vn 0.670654 0.079563 0.737491
vn 0.712626 -0.065647 0.698465
vn 0.837109 -0.069523 0.542600
vn 0.818586 0.060428 0.571197
vn 0.670654 0.079563 0.737491
vn 0.818586 0.060428 0.571197
vn 0.782481 0.134925 0.607881
vn 0.620670 0.173655 0.764599
vn -0.837109 -0.069523 0.542600
vn -0.781238 -0.061527 0.621194
vn -0.651456 -0.075259 0.754945
vn -0.712626 -0.065647 0.698465
vn -0.837109 -0.069523 0.542600
vn -0.712626 -0.065647 0.698465
vn -0.670654 0.079563 0.737491
vn -0.818586 0.060428 0.571197
vn -0.782481 0.134925 0.607881
vn -0.818586 0.060428 0.571197
vn -0.670654 0.079563 0.737491
vn -0.620670 0.173655 0.764599
vn -0.620670 0.173655 0.764599
vn -0.670654 0.079563 0.737491
vn -0.442070 0.141456 0.885756
vn -0.383624 0.184121 0.904949
vn -0.712626 -0.065647 0.698465
vn -0.651456 -0.075259 0.754945
vn -0.541925 0.017396 0.840247
vn -0.488066 0.095434 0.867574
vn -0.712626 -0.065647 0.698465
vn -0.488066 0.095434 0.867574
vn -0.442070 0.141456 0.885756
vn -0.670654 0.079563 0.737491
vn 0.582120 -0.119543 0.804268
vn 0.815685 -0.169229 0.553190
vn 0.780531 -0.005036 0.625096
vn 0.625436 -0.031984 0.779620
vn 0.481163 -0.169045 0.860178
vn 0.582120 -0.119543 0.804268
vn 0.625436 -0.031984 0.779620
vn 0.504478 -0.092106 0.858498
vn 0.428735 0.141610 0.892263
vn 0.504478 -0.092106 0.858498
vn 0.625436 -0.031984 0.779620
vn 0.590211 0.151742 0.792859
vn 0.428735 0.141610 0.892263
vn 0.590211 0.151742 0.792859
vn 0.589089 0.218581 0.777944
vn 0.403591 0.224411 0.886992
vn 0.590211 0.151742 0.792859
vn 0.625436 -0.031984 0.779620
vn 0.780531 -0.005036 0.625096
vn 0.779257 0.088446 0.620433
vn 0.590211 0.151742 0.792859
vn 0.779257 0.088446 0.620433
vn 0.746635 0.137949 0.650773
vn 0.589089 0.218581 0.777944
vn -0.780531 -0.005036 0.625096
vn -0.815685 -0.169229 0.553190
vn -0.582120 -0.119543 0.804268
vn -0.625436 -0.031984 0.779620
vn -0.780531 -0.005036 0.625096
vn -0.625436 -0.031984 0.779620
vn -0.590211 0.151742 0.792859
vn -0.779257 0.088446 0.620433
vn -0.746635 0.137949 0.650773
vn -0.779257 0.088446 0.620433
vn -0.590211 0.151742 0.792859
vn -0.589089 0.218581 0.777944
vn -0.589089 0.218581 0.777944
vn -0.590211 0.151742 0.792859
vn -0.428735 0.141610 0.892263
vn -0.403591 0.224411 0.886992
vn -0.625436 -0.031984 0.779620
vn -0.582120 -0.119543 0.804268
vn -0.481163 -0.169045 0.860178
vn -0.504478 -0.092106 0.858498
vn -0.625436 -0.031984 0.779620
vn -0.504478 -0.092106 0.858498
vn -0.428735 0.141610 0.892263
vn -0.590211 0.151742 0.792859
vn 0.831503 -0.099463 0.546543
vn 0.803083 -0.307939 0.510129
vn 0.771643 -0.181985 0.609465
vn 0.853984 -0.126959 0.504571
vn 0.929002 -0.233258 0.287307
vn 0.831503 -0.099463 0.546543
vn 0.853984 -0.126959 0.504571
vn 0.946303 -0.256299 0.197031
vn 0.946303 -0.256299 0.197031
vn 0.853984 -0.126959 0.504571
vn 0.897686 -0.229656 0.376055
vn 0.954263 -0.287762 0.081089
vn 0.950564 -0.305929 0.053257
vn 0.954263 -0.287762 0.081089
vn 0.897686 -0.229656 0.376055
vn 0.903447 -0.264994 0.336988
vn 0.897686 -0.229656 0.376055
vn 0.853984 -0.126959 0.504571
vn 0.771643 -0.181985 0.609465
vn 0.785462 -0.155981 0.598931
vn 0.903447 -0.264994 0.336988
vn 0.897686 -0.229656 0.376055
vn 0.785462 -0.155981 0.598931
vn 0.824486 -0.172039 0.539097
vn -0.771643 -0.181985 0.609465
vn -0.803083 -0.307939 0.510129
vn -0.831503 -0.099463 0.546543
vn -0.853984 -0.126959 0.504571
vn -0.771643 -0.181985 0.609465
vn -0.853984 -0.126959 0.504571
vn -0.897686 -0.229656 0.376055
vn -0.785462 -0.155981 0.598931
vn -0.785462 -0.155981 0.598931
vn -0.897686 -0.229656 0.376055
vn -0.903447 -0.264994 0.336988
vn -0.824486 -0.172039 0.539097
vn -0.853984 -0.126959 0.504571
vn -0.831503 -0.099463 0.546543
vn -0.929002 -0.233258 0.287307
vn -0.946303 -0.256299 0.197031
vn -0.897686 -0.229656 0.376055
vn -0.853984 -0.126959 0.504571
vn -0.946303 -0.256299 0.197031
vn -0.954263 -0.287762 0.081089
vn -0.897686 -0.229656 0.376055
vn -0.954263 -0.287762 0.081089
vn -0.950564 -0.305929 0.053257
vn -0.903447 -0.264994 0.336988
vn -0.236035 0.019563 0.971548
vn 0.476154 0.034975 0.878666
vn 0.563233 -0.055728 0.824417
vn -0.038698 -0.045076 0.998234
vn -0.684035 -0.025880 0.728990
vn -0.236035 0.019563 0.971548
vn -0.038698 -0.045076 0.998234
vn -0.624781 -0.059420 0.778535
vn -0.594298 0.052035 0.802560
vn -0.624781 -0.059420 0.778535
vn -0.038698 -0.045076 0.998234
vn -0.016877 0.094884 0.995345
vn -0.594298 0.052035 0.802560
vn -0.016877 0.094884 0.995345
vn 0.033540 0.153265 0.987616
vn -0.539766 0.063663 0.839405
vn -0.038698 -0.045076 0.998234
vn 0.563233 -0.055728 0.824417
vn 0.542266 0.084142 0.835983
vn -0.016877 0.094884 0.995345
vn -0.016877 0.094884 0.995345
vn 0.542266 0.084142 0.835983
vn 0.548183 0.180734 0.816597
vn 0.033540 0.153265 0.987616
vn 0.645855 0.163371 0.745776
vn 0.881914 0.042300 0.469508
vn 0.839069 0.073521 0.539033
vn 0.732555 0.125953 0.668953
vn 0.582608 0.179421 0.792701
vn 0.645855 0.163371 0.745776
vn 0.732555 0.125953 0.668953
vn 0.594302 0.169504 0.786177
vn 0.574919 0.138130 0.806467
vn 0.594302 0.169504 0.786177
vn 0.732555 0.125953 0.668953
vn 0.724394 0.087558 0.683804
vn 0.574919 0.138130 0.806467
vn 0.724394 0.087558 0.683804
vn 0.691476 0.113746 0.713389
vn 0.484789 0.162482 0.859406
vn 0.724394 0.087558 0.683804
vn 0.732555 0.125953 0.668953
vn 0.839069 0.073521 0.539033
vn 0.827318 0.039614 0.560335
vn 0.724394 0.087558 0.683804
vn 0.827318 0.039614 0.560335
vn 0.806589 0.065860 0.587432
vn 0.691476 0.113746 0.713389
vn -0.839069 0.073521 0.539033
vn -0.881914 0.042300 0.469508
vn -0.645855 0.163371 0.745776
vn -0.732555 0.125953 0.668953
vn -0.839069 0.073521 0.539033
vn -0.732555 0.125953 0.668953
vn -0.724394 0.087558 0.683804
vn -0.827318 0.039614 0.560335
vn -0.806589 0.065860 0.587432
vn -0.827318 0.039614 0.560335
vn -0.724394 0.087558 0.683804
vn -0.691476 0.113746 0.713389
vn -0.691476 0.113746 0.713389
vn -0.724394 0.087558 0.683804
vn -0.574919 0.138130 0.806467
vn -0.484789 0.162482 0.859406
vn -0.732555 0.125953 0.668953
vn -0.645855 0.163371 0.745776
vn -0.582608 0.179421 0.792701
vn -0.594302 0.169504 0.786177
vn -0.732555 0.125953 0.668953
vn -0.594302 0.169504 0.786177
vn -0.574919 0.138130 0.806467
vn -0.724394 0.087558 0.683804
vn 0.591334 -0.028810 0.805912
vn 0.741224 0.082433 0.666177
vn 0.770244 0.147896 0.620364
vn 0.646590 0.076482 0.758994
vn 0.462398 -0.054935 0.884969
vn 0.591334 -0.028810 0.805912
vn 0.646590 0.076482 0.758994
vn 0.443508 0.003785 0.896263
vn 0.417776 0.274947 0.865949
vn 0.443508 0.003785 0.896263
vn 0.646590 0.076482 0.758994
vn 0.597591 0.299391 0.743808
vn 0.417776 0.274947 0.865949
vn 0.597591 0.299391 0.743808
vn 0.568398 0.383876 0.727711
vn 0.238079 0.483056 0.842600
vn 0.597591 0.299391 0.743808
vn 0.646590 0.076482 0.758994
vn 0.770244 0.147896 0.620364
vn 0.698681 0.298968 0.649972
vn 0.597591 0.299391 0.743808
vn 0.698681 0.298968 0.649972
vn 0.667997 0.353439 0.654874
vn 0.568398 0.383876 0.727711
vn -0.770244 0.147896 0.620364
vn -0.741224 0.082433 0.666177
vn -0.591334 -0.028810 0.805912
vn -0.646590 0.076482 0.758994
vn -0.770244 0.147896 0.620364
vn -0.646590 0.076482 0.758994
vn -0.597591 0.299391 0.743808
vn -0.698681 0.298968 0.649972
vn -0.667997 0.353439 0.654874
vn -0.698681 0.298968 0.649972
vn -0.597591 0.299391 0.743808
vn -0.568398 0.383876 0.727711
vn -0.568398 0.383876 0.727711
vn -0.597591 0.299391 0.743808
vn -0.417776 0.274947 0.865949
vn -0.238079 0.483056 0.842600
vn -0.646590 0.076482 0.758994
vn -0.591334 -0.028810 0.805912
vn -0.462398 -0.054935 0.884969
vn -0.443508 0.003785 0.896263
vn -0.646590 0.076482 0.758994
vn -0.443508 0.003785 0.896263
vn -0.417776 0.274947 0.865949
vn -0.597591 0.299391 0.743808
vn 0.295179 0.140143 0.945108
vn 0.641209 0.133552 0.755656
vn 0.723126 0.075902 0.686533
vn 0.554567 0.070469 0.829150
vn 0.291917 -0.007416 0.956415
vn 0.295179 0.140143 0.945108
vn 0.554567 0.070469 0.829150
vn 0.398423 -0.031404 0.916664
vn 0.320968 0.198007 0.926160
vn 0.398423 -0.031404 0.916664
vn 0.554567 0.070469 0.829150
vn 0.527760 0.171302 0.831940
vn 0.320968 0.198007 0.926160
vn 0.527760 0.171302 0.831940
vn 0.514363 0.221200 0.828554
vn 0.328204 0.224042 0.917653
vn 0.527760 0.171302 0.831940
vn 0.554567 0.070469 0.829150
vn 0.723126 0.075902 0.686533
vn 0.727145 0.073032 0.682588
vn 0.527760 0.171302 0.831940
vn 0.727145 0.073032 0.682588
vn 0.690929 0.128853 0.711347
vn 0.514363 0.221200 0.828554
vn -0.723126 0.075902 0.686533
vn -0.641209 0.133552 0.755656
vn -0.295179 0.140143 0.945108
vn -0.554567 0.070469 0.829150
vn -0.723126 0.075902 0.686533
vn -0.554567 0.070469 0.829150
vn -0.527760 0.171302 0.831940
vn -0.727145 0.073032 0.682588
vn -0.690929 0.128853 0.711347
vn -0.727145 0.073032 0.682588
vn -0.527760 0.171302 0.831940
vn -0.514363 0.221200 0.828554
vn -0.514363 0.221200 0.828554
vn -0.527760 0.171302 0.831940
vn -0.320968 0.198007 0.926160
vn -0.328204 0.224042 0.917653
vn -0.554567 0.070469 0.829150
vn -0.295179 0.140143 0.945108
vn -0.291917 -0.007416 0.956415
vn -0.398423 -0.031404 0.916664
vn -0.554567 0.070469 0.829150
vn -0.398423 -0.031404 0.916664
vn -0.320968 0.198007 0.926160
vn -0.527760 0.171302 0.831940
vn 0.846060 -0.164286 0.507142
vn 0.828215 -0.227922 0.511969
vn 0.793987 -0.079899 0.602662
vn 0.863229 -0.104741 0.493827
vn 0.901724 -0.209210 0.378318
vn 0.846060 -0.164286 0.507142
vn 0.863229 -0.104741 0.493827
vn 0.927693 -0.175516 0.329516
vn 0.927693 -0.175516 0.329516
vn 0.863229 -0.104741 0.493827
vn 0.892252 -0.049532 0.448812
vn 0.940985 -0.097541 0.324089
vn 0.946929 -0.081060 0.311055
vn 0.940985 -0.097541 0.324089
vn 0.892252 -0.049532 0.448812
vn 0.891546 -0.000854 0.452930
vn 0.863229 -0.104741 0.493827
vn 0.793987 -0.079899 0.602662
vn 0.813977 0.026491 0.580292
vn 0.892252 -0.049532 0.448812
vn 0.891546 -0.000854 0.452930
vn 0.892252 -0.049532 0.448812
vn 0.813977 0.026491 0.580292
vn 0.846912 0.090429 0.523987
vn -0.793987 -0.079899 0.602662
vn -0.828215 -0.227922 0.511969
vn -0.846060 -0.164286 0.507142
vn -0.863229 -0.104741 0.493827
vn -0.813977 0.026491 0.580292
vn -0.793987 -0.079899 0.602662
vn -0.863229 -0.104741 0.493827
vn -0.892252 -0.049532 0.448812
vn -0.813977 0.026491 0.580292
vn -0.892252 -0.049532 0.448812
vn -0.891546 -0.000854 0.452930
vn -0.846912 0.090429 0.523987
vn -0.863229 -0.104741 0.493827
vn -0.846060 -0.164286 0.507142
vn -0.901724 -0.209210 0.378318
vn -0.927693 -0.175516 0.329516
vn -0.892252 -0.049532 0.448812
vn -0.863229 -0.104741 0.493827
vn -0.927693 -0.175516 0.329516
vn -0.940985 -0.097541 0.324089
vn -0.892252 -0.049532 0.448812
vn -0.940985 -0.097541 0.324089
vn -0.946929 -0.081060 0.311055
vn -0.891546 -0.000854 0.452930
vn 0.662782 0.056094 0.746709
vn 0.954233 -0.214334 0.208566
vn 0.884198 -0.035219 0.465782
vn 0.691298 0.072545 0.718919
vn 0.489856 0.139898 0.860506
vn 0.662782 0.056094 0.746709
vn 0.691298 0.072545 0.718919
vn 0.403857 0.182961 0.896340
vn 0.454521 0.080082 0.887129
vn 0.403857 0.182961 0.896340
vn 0.691298 0.072545 0.718919
vn 0.666696 0.057010 0.743147
vn 0.454521 0.080082 0.887129
vn 0.666696 0.057010 0.743147
vn 0.664556 0.084813 0.742410
vn 0.706282 -0.080388 0.703352
vn 0.666696 0.057010 0.743147
vn 0.691298 0.072545 0.718919
vn 0.884198 -0.035219 0.465782
vn 0.846913 0.007599 0.531678
vn 0.666696 0.057010 0.743147
vn 0.846913 0.007599 0.531678
vn 0.793270 0.079779 0.603620
vn 0.664556 0.084813 0.742410
vn -0.884198 -0.035219 0.465782
vn -0.954233 -0.214334 0.208566
vn -0.662782 0.056094 0.746709
vn -0.691298 0.072545 0.718919
vn -0.884198 -0.035219 0.465782
vn -0.691298 0.072545 0.718919
vn -0.666696 0.057010 0.743147
vn -0.846913 0.007599 0.531678
vn -0.793270 0.079779 0.603620
vn -0.846913 0.007599 0.531678
vn -0.666696 0.057010 0.743147
vn -0.664556 0.084813 0.742410
vn -0.664556 0.084813 0.742410
vn -0.666696 0.057010 0.743147
vn -0.454521 0.080082 0.887129
vn -0.706282 -0.080388 0.703352
vn -0.691298 0.072545 0.718919
vn -0.662782 0.056094 0.746709
vn -0.489856 0.139898 0.860506
vn -0.403857 0.182961 0.896340
vn -0.691298 0.072545 0.718919
vn -0.403857 0.182961 0.896340
vn -0.454521 0.080082 0.887129
vn -0.666696 0.057010 0.743147
vn 0.792982 -0.248061 0.556458
vn 0.871401 -0.196052 0.449693
vn 0.870525 -0.060946 0.488335
vn 0.773415 -0.090886 0.627351
vn 0.678538 -0.206098 0.705060
vn 0.792982 -0.248061 0.556458
vn 0.773415 -0.090886 0.627351
vn 0.600217 -0.090916 0.794653
vn 0.557217 0.028596 0.829874
vn 0.600217 -0.090916 0.794653
vn 0.773415 -0.090886 0.627351
vn 0.686255 0.064853 0.724465
vn 0.557217 0.028596 0.829874
vn 0.686255 0.064853 0.724465
vn 0.668517 0.103764 0.736422
vn 0.675939 -0.015504 0.736794
vn 0.686255 0.064853 0.724465
vn 0.773415 -0.090886 0.627351
vn 0.870525 -0.060946 0.488335
vn 0.841909 0.030458 0.538759
vn 0.686255 0.064853 0.724465
vn 0.841909 0.030458 0.538759
vn 0.793270 0.079779 0.603620
vn 0.668517 0.103764 0.736422
vn -0.870525 -0.060946 0.488335
vn -0.871401 -0.196052 0.449693
vn -0.792982 -0.248061 0.556458
vn -0.773415 -0.090886 0.627351
vn -0.870525 -0.060946 0.488335
vn -0.773415 -0.090886 0.627351
vn -0.686255 0.064853 0.724465
vn -0.841909 0.030458 0.538759
vn -0.793270 0.079779 0.603620
vn -0.841909 0.030458 0.538759
vn -0.686255 0.064853 0.724465
vn -0.668517 0.103764 0.736422
vn -0.668517 0.103764 0.736422
vn -0.686255 0.064853 0.724465
vn -0.557217 0.028596 0.829874
vn -0.675939 -0.015504 0.736794
vn -0.773415 -0.090886 0.627351
vn -0.792982 -0.248061 0.556458
vn -0.678538 -0.206098 0.705060
vn -0.600217 -0.090916 0.794653
vn -0.773415 -0.090886 0.627351
vn -0.600217 -0.090916 0.794653
vn -0.557217 0.028596 0.829874
vn -0.686255 0.064853 0.724465
vn 0.696722 0.040560 0.716193
vn 0.722394 -0.145486 0.676004
vn 0.581153 0.027956 0.813314
vn 0.679773 0.089328 0.727962
vn 0.781475 0.057529 0.621279
vn 0.696722 0.040560 0.716193
vn 0.679773 0.089328 0.727962
vn 0.788482 0.073764 0.610619
vn 0.788482 0.073764 0.610619
vn 0.679773 0.089328 0.727962
vn 0.686457 0.032686 0.726436
vn 0.806391 0.035586 0.590311
vn 0.806391 0.035586 0.590311
vn 0.686457 0.032686 0.726436
vn 0.668740 -0.047366 0.741986
vn 0.846032 -0.116005 0.520358
vn 0.686457 0.032686 0.726436
vn 0.679773 0.089328 0.727962
vn 0.581153 0.027956 0.813314
vn 0.519008 0.035128 0.854047
vn 0.686457 0.032686 0.726436
vn 0.519008 0.035128 0.854047
vn 0.543237 -0.002167 0.839576
vn 0.668740 -0.047366 0.741986
vn -0.581153 0.027956 0.813314
vn -0.722394 -0.145486 0.676004
vn -0.696722 0.040560 0.716193
vn -0.679773 0.089328 0.727962
vn -0.581153 0.027956 0.813314
vn -0.679773 0.089328 0.727962
vn -0.686457 0.032686 0.726436
vn -0.519008 0.035128 0.854047
vn -0.543237 -0.002167 0.839576
vn -0.519008 0.035128 0.854047
vn -0.686457 0.032686 0.726436
vn -0.668740 -0.047366 0.741986
vn -0.668740 -0.047366 0.741986
vn -0.686457 0.032686 0.726436
vn -0.806391 0.035586 0.590311
vn -0.846032 -0.116005 0.520358
vn -0.679773 0.089328 0.727962
vn -0.696722 0.040560 0.716193
vn -0.781475 0.057529 0.621279
vn -0.788482 0.073764 0.610619
vn -0.686457 0.032686 0.726436
vn -0.679773 0.089328 0.727962
vn -0.788482 0.073764 0.610619
vn -0.806391 0.035586 0.590311
vn 0.663552 -0.029695 0.747541
vn 0.763687 -0.130592 0.632240
vn 0.602879 -0.013764 0.797714
vn 0.676571 0.051302 0.734588
vn 0.748759 -0.032320 0.662054
vn 0.663552 -0.029695 0.747541
vn 0.676571 0.051302 0.734588
vn 0.786203 0.011567 0.617860
vn 0.786203 0.011567 0.617860
vn 0.676571 0.051302 0.734588
vn 0.645732 0.106574 0.756090
vn 0.748663 0.097966 0.655672
vn 0.748663 0.097966 0.655672
vn 0.645732 0.106574 0.756090
vn 0.651063 0.040529 0.757941
vn 0.772957 0.008576 0.634400
vn 0.645732 0.106574 0.756090
vn 0.676571 0.051302 0.734588
vn 0.602879 -0.013764 0.797714
vn 0.467254 0.111701 0.877039
vn 0.651063 0.040529 0.757941
vn 0.645732 0.106574 0.756090
vn 0.467254 0.111701 0.877039
vn 0.474662 0.067935 0.877543
vn 0.651063 0.040529 0.757941
vn 0.474662 0.067935 0.877543
vn 0.497916 0.001038 0.867225
vn 0.654756 -0.030519 0.755224
vn 0.651063 0.040529 0.757941
vn 0.654756 -0.030519 0.755224
vn 0.832348 -0.133155 0.538021
vn 0.772957 0.008576 0.634400
vn -0.602879 -0.013764 0.797714
vn -0.763687 -0.130592 0.632240
vn -0.663552 -0.029695 0.747541
vn -0.676571 0.051302 0.734588
vn -0.602879 -0.013764 0.797714
vn -0.676571 0.051302 0.734588
vn -0.645732 0.106574 0.756090
vn -0.467254 0.111701 0.877039
vn -0.467254 0.111701 0.877039
vn -0.645732 0.106574 0.756090
vn -0.651063 0.040529 0.757941
vn -0.474662 0.067935 0.877543
vn -0.497916 0.001038 0.867225
vn -0.474662 0.067935 0.877543
vn -0.651063 0.040529 0.757941
vn -0.654756 -0.030519 0.755224
vn -0.676571 0.051302 0.734588
vn -0.663552 -0.029695 0.747541
vn -0.748759 -0.032320 0.662054
vn -0.786203 0.011567 0.617860
vn -0.645732 0.106574 0.756090
vn -0.676571 0.051302 0.734588
vn -0.786203 0.011567 0.617860
vn -0.748663 0.097966 0.655672
vn -0.651063 0.040529 0.757941
vn -0.645732 0.106574 0.756090
vn -0.748663 0.097966 0.655672
vn -0.772957 0.008576 0.634400
vn -0.651063 0.040529 0.757941
vn -0.772957 0.008576 0.634400
vn -0.832348 -0.133155 0.538021
vn -0.654756 -0.030519 0.755224
vn 0.280106 0.062382 0.957940
vn 0.250927 0.092839 0.963544
vn 0.359672 0.082677 0.929409
vn 0.416034 0.038179 0.908547
vn 0.344468 -0.073368 0.935927
vn 0.280106 0.062382 0.957940
vn 0.416034 0.038179 0.908547
vn 0.462054 -0.015107 0.886723
vn 0.344468 -0.073368 0.935927
vn 0.462054 -0.015107 0.886723
vn 0.536588 -0.069034 0.841016
vn 0.517050 -0.229044 0.824741
vn 0.416034 0.038179 0.908547
vn 0.359672 0.082677 0.929409
vn 0.514423 0.053499 0.855866
vn 0.521486 0.029635 0.852745
vn 0.416034 0.038179 0.908547
vn 0.521486 0.029635 0.852745
vn 0.550048 0.047946 0.833755
vn 0.462054 -0.015107 0.886723
vn 0.462054 -0.015107 0.886723
vn 0.550048 0.047946 0.833755
vn 0.598122 0.066197 0.798666
vn 0.536588 -0.069034 0.841016
vn -0.359672 0.082677 0.929409
vn -0.250927 0.092839 0.963544
vn -0.280106 0.062382 0.957940
vn -0.416034 0.038179 0.908547
vn -0.514423 0.053499 0.855866
vn -0.359672 0.082677 0.929409
vn -0.416034 0.038179 0.908547
vn -0.521486 0.029635 0.852745
vn -0.550048 0.047946 0.833755
vn -0.521486 0.029635 0.852745
vn -0.416034 0.038179 0.908547
vn -0.462054 -0.015107 0.886723
vn -0.598122 0.066197 0.798666
vn -0.550048 0.047946 0.833755
vn -0.462054 -0.015107 0.886723
vn -0.536588 -0.069034 0.841016
vn -0.416034 0.038179 0.908547
vn -0.280106 0.062382 0.957940
vn -0.344468 -0.073368 0.935927
vn -0.462054 -0.015107 0.886723
vn -0.536588 -0.069034 0.841016
vn -0.462054 -0.015107 0.886723
vn -0.344468 -0.073368 0.935927
vn -0.517050 -0.229044 0.824741
vn 0.812215 -0.257584 0.523409
vn 0.906404 -0.303488 0.293813
vn 0.907268 -0.221446 0.357530
vn 0.817849 -0.211588 0.535121
vn 0.711370 -0.190897 0.676395
vn 0.812215 -0.257584 0.523409
vn 0.817849 -0.211588 0.535121
vn 0.670810 -0.130896 0.729986
vn 0.670810 -0.130896 0.729986
vn 0.817849 -0.211588 0.535121
vn 0.785316 -0.084873 0.613250
vn 0.561947 0.011262 0.827097
vn 0.561947 0.011262 0.827097
vn 0.785316 -0.084873 0.613250
vn 0.798437 -0.000336 0.602078
vn 0.472589 0.118079 0.873337
vn 0.817849 -0.211588 0.535121
vn 0.907268 -0.221446 0.357530
vn 0.902308 -0.102759 0.418666
vn 0.785316 -0.084873 0.613250
vn 0.798437 -0.000336 0.602078
vn 0.785316 -0.084873 0.613250
vn 0.902308 -0.102759 0.418666
vn 0.891985 -0.068790 0.446801
vn -0.907268 -0.221446 0.357530
vn -0.906404 -0.303488 0.293813
vn -0.812215 -0.257584 0.523409
vn -0.817849 -0.211588 0.535121
vn -0.902308 -0.102759 0.418666
vn -0.907268 -0.221446 0.357530
vn -0.817849 -0.211588 0.535121
vn -0.785316 -0.084873 0.613250
vn -0.902308 -0.102759 0.418666
vn -0.785316 -0.084873 0.613250
vn -0.798437 -0.000336 0.602078
vn -0.891985 -0.068790 0.446801
vn -0.817849 -0.211588 0.535121
vn -0.812215 -0.257584 0.523409
vn -0.711370 -0.190897 0.676395
vn -0.670810 -0.130896 0.729986
vn -0.785316 -0.084873 0.613250
vn -0.817849 -0.211588 0.535121
vn -0.670810 -0.130896 0.729986
vn -0.561947 0.011262 0.827097
vn -0.798437 -0.000336 0.602078
vn -0.785316 -0.084873 0.613250
vn -0.561947 0.011262 0.827097
vn -0.472589 0.118079 0.873337
vn 0.888286 -0.285597 0.359697
vn 0.872862 -0.291920 0.391018
vn 0.885157 -0.239090 0.399165
vn 0.910661 -0.279952 0.303849
vn 0.877313 -0.456571 0.147867
vn 0.888286 -0.285597 0.359697
vn 0.910661 -0.279952 0.303849
vn 0.899362 -0.430805 0.074527
vn 0.899362 -0.430805 0.074527
vn 0.910661 -0.279952 0.303849
vn 0.943962 -0.221753 0.244460
vn 0.946524 -0.321612 0.025636
vn 0.946524 -0.321612 0.025636
vn 0.943962 -0.221753 0.244460
vn 0.951708 -0.272505 0.141395
vn 0.947979 -0.315932 -0.039034
vn 0.943962 -0.221753 0.244460
vn 0.910661 -0.279952 0.303849
vn 0.885157 -0.239090 0.399165
vn 0.900966 -0.146066 0.408565
vn 0.943962 -0.221753 0.244460
vn 0.900966 -0.146066 0.408565
vn 0.930085 -0.202284 0.306631
vn 0.951708 -0.272505 0.141395
vn 0.959820 -0.261639 0.101445
vn 0.951708 -0.272505 0.141395
vn 0.930085 -0.202284 0.306631
vn 0.965279 -0.175727 0.193276
vn 0.951708 -0.272505 0.141395
vn 0.959820 -0.261639 0.101445
vn 0.942299 -0.325697 -0.077426
vn 0.947979 -0.315932 -0.039034
vn -0.885157 -0.239090 0.399165
vn -0.872862 -0.291920 0.391018
vn -0.888286 -0.285597 0.359697
vn -0.910661 -0.279952 0.303849
vn -0.885157 -0.239090 0.399165
vn -0.910661 -0.279952 0.303849
vn -0.943962 -0.221753 0.244460
vn -0.900966 -0.146066 0.408565
vn -0.930085 -0.202284 0.306631
vn -0.900966 -0.146066 0.408565
vn -0.943962 -0.221753 0.244460
vn -0.951708 -0.272505 0.141395
vn -0.930085 -0.202284 0.306631
vn -0.951708 -0.272505 0.141395
vn -0.959820 -0.261639 0.101445
vn -0.965279 -0.175727 0.193276
vn -0.910661 -0.279952 0.303849
vn -0.888286 -0.285597 0.359697
vn -0.877313 -0.456571 0.147867
vn -0.899362 -0.430805 0.074527
vn -0.943962 -0.221753 0.244460
vn -0.910661 -0.279952 0.303849
vn -0.899362 -0.430805 0.074527
vn -0.946524 -0.321612 0.025636
vn -0.951708 -0.272505 0.141395
vn -0.943962 -0.221753 0.244460
vn -0.946524 -0.321612 0.025636
vn -0.947979 -0.315932 -0.039034
vn -0.951708 -0.272505 0.141395
vn -0.947979 -0.315932 -0.039034
vn -0.942299 -0.325697 -0.077426
vn -0.959820 -0.261639 0.101445
vn 0.802621 -0.404408 0.438467
vn 0.784115 -0.424531 0.452700
vn 0.791732 -0.320880 0.519805
vn 0.841907 -0.282640 0.459682
vn 0.844501 -0.403405 0.352254
vn 0.802621 -0.404408 0.438467
vn 0.841907 -0.282640 0.459682
vn 0.916159 -0.304033 0.261184
vn 0.916159 -0.304033 0.261184
vn 0.841907 -0.282640 0.459682
vn 0.894316 -0.274676 0.353203
vn 0.922936 -0.382560 0.042849
vn 0.920135 -0.381055 -0.090274
vn 0.922936 -0.382560 0.042849
vn 0.894316 -0.274676 0.353203
vn 0.907917 -0.272445 0.318529
vn 0.841907 -0.282640 0.459682
vn 0.791732 -0.320880 0.519805
vn 0.758764 -0.215586 0.614654
vn 0.894316 -0.274676 0.353203
vn 0.907917 -0.272445 0.318529
vn 0.894316 -0.274676 0.353203
vn 0.758764 -0.215586 0.614654
vn 0.784432 -0.205088 0.585325
vn -0.791732 -0.320880 0.519805
vn -0.784115 -0.424531 0.452700
vn -0.802621 -0.404408 0.438467
vn -0.841907 -0.282640 0.459682
vn -0.758764 -0.215586 0.614654
vn -0.791732 -0.320880 0.519805
vn -0.841907 -0.282640 0.459682
vn -0.894316 -0.274676 0.353203
vn -0.758764 -0.215586 0.614654
vn -0.894316 -0.274676 0.353203
vn -0.907917 -0.272445 0.318529
vn -0.784432 -0.205088 0.585325
vn -0.841907 -0.282640 0.459682
vn -0.802621 -0.404408 0.438467
vn -0.844501 -0.403405 0.352254
vn -0.916159 -0.304033 0.261184
vn -0.894316 -0.274676 0.353203
vn -0.841907 -0.282640 0.459682
vn -0.916159 -0.304033 0.261184
vn -0.922936 -0.382560 0.042849
vn -0.894316 -0.274676 0.353203
vn -0.922936 -0.382560 0.042849
vn -0.920135 -0.381055 -0.090274
vn -0.907917 -0.272445 0.318529
vn 0.807416 -0.325091 0.492336
vn 0.787715 -0.329644 0.520423
vn 0.798847 -0.290728 0.526613
vn 0.833876 -0.237470 0.498256
vn 0.844102 -0.337635 0.416527
vn 0.807416 -0.325091 0.492336
vn 0.833876 -0.237470 0.498256
vn 0.906943 -0.238081 0.347524
vn 0.906943 -0.238081 0.347524
vn 0.833876 -0.237470 0.498256
vn 0.868306 -0.248092 0.429529
vn 0.950113 -0.304425 0.067904
vn 0.948240 -0.310322 -0.067387
vn 0.950113 -0.304425 0.067904
vn 0.868306 -0.248092 0.429529
vn 0.878444 -0.294849 0.376031
vn 0.833876 -0.237470 0.498256
vn 0.798847 -0.290728 0.526613
vn 0.680432 -0.220259 0.698927
vn 0.868306 -0.248092 0.429529
vn 0.878444 -0.294849 0.376031
vn 0.868306 -0.248092 0.429529
vn 0.680432 -0.220259 0.698927
vn 0.663513 -0.264630 0.699801
vn -0.798847 -0.290728 0.526613
vn -0.787715 -0.329644 0.520423
vn -0.807416 -0.325091 0.492336
vn -0.833876 -0.237470 0.498256
vn -0.680432 -0.220259 0.698927
vn -0.798847 -0.290728 0.526613
vn -0.833876 -0.237470 0.498256
vn -0.868306 -0.248092 0.429529
vn -0.680432 -0.220259 0.698927
vn -0.868306 -0.248092 0.429529
vn -0.878444 -0.294849 0.376031
vn -0.663513 -0.264630 0.699801
vn -0.833876 -0.237470 0.498256
vn -0.807416 -0.325091 0.492336
vn -0.844102 -0.337635 0.416527
vn -0.906943 -0.238081 0.347524
vn -0.868306 -0.248092 0.429529
vn -0.833876 -0.237470 0.498256
vn -0.906943 -0.238081 0.347524
vn -0.950113 -0.304425 0.067904
vn -0.868306 -0.248092 0.429529
vn -0.950113 -0.304425 0.067904
vn -0.948240 -0.310322 -0.067387
vn -0.878444 -0.294849 0.376031
vn 0.034548 0.096105 0.994772
vn 0.487848 0.092961 0.867964
vn 0.513425 0.126014 0.848832
vn 0.166971 0.097173 0.981162
vn -0.311475 -0.021088 0.950020
vn 0.034548 0.096105 0.994772
vn 0.166971 0.097173 0.981162
vn -0.193397 -0.059542 0.979312
vn -0.134986 0.146858 0.979904
vn -0.193397 -0.059542 0.979312
vn 0.166971 0.097173 0.981162
vn 0.286486 0.203534 0.936215
vn 0.529749 0.176583 0.829569
vn 0.286486 0.203534 0.936215
vn 0.166971 0.097173 0.981162
vn 0.513425 0.126014 0.848832
vn 0.937484 -0.118353 0.327286
vn 0.948770 -0.088688 0.303266
vn 0.960354 -0.117347 0.252884
vn 0.975719 -0.169105 0.139197
vn 0.943433 -0.203745 0.261578
vn 0.937484 -0.118353 0.327286
vn 0.975719 -0.169105 0.139197
vn 0.975329 -0.212352 -0.060336
vn 0.975329 -0.212352 -0.060336
vn 0.975719 -0.169105 0.139197
vn 0.970235 -0.241864 -0.012086
vn 0.946463 -0.273208 -0.171945
vn 0.931348 -0.297560 -0.209879
vn 0.946463 -0.273208 -0.171945
vn 0.970235 -0.241864 -0.012086
vn 0.955254 -0.294725 -0.025026
vn 0.975719 -0.169105 0.139197
vn 0.960354 -0.117347 0.252884
vn 0.957149 -0.227919 0.178660
vn 0.970235 -0.241864 -0.012086
vn 0.955254 -0.294725 -0.025026
vn 0.970235 -0.241864 -0.012086
vn 0.957149 -0.227919 0.178660
vn 0.931185 -0.309927 0.191938
vn -0.960354 -0.117347 0.252884
vn -0.948770 -0.088688 0.303266
vn -0.937484 -0.118353 0.327286
vn -0.975719 -0.169105 0.139197
vn -0.957149 -0.227919 0.178660
vn -0.960354 -0.117347 0.252884
vn -0.975719 -0.169105 0.139197
vn -0.970235 -0.241864 -0.012086
vn -0.957149 -0.227919 0.178660
vn -0.970235 -0.241864 -0.012086
vn -0.955254 -0.294725 -0.025026
vn -0.931185 -0.309927 0.191938
vn -0.975719 -0.169105 0.139197
vn -0.937484 -0.118353 0.327286
vn -0.943433 -0.203745 0.261578
vn -0.975329 -0.212352 -0.060336
vn -0.970235 -0.241864 -0.012086
vn -0.975719 -0.169105 0.139197
vn -0.975329 -0.212352 -0.060336
vn -0.946463 -0.273208 -0.171945
vn -0.970235 -0.241864 -0.012086
vn -0.946463 -0.273208 -0.171945
vn -0.931348 -0.297560 -0.209879
vn -0.955254 -0.294725 -0.025026
vn 0.786117 -0.287248 0.547273
vn 0.749954 -0.399103 0.527528
vn 0.624090 -0.241438 0.743115
vn 0.761479 -0.171608 0.625060
vn 0.879350 -0.261183 0.398154
vn 0.786117 -0.287248 0.547273
vn 0.761479 -0.171608 0.625060
vn 0.929497 -0.141823 0.340474
vn 0.929497 -0.141823 0.340474
vn 0.761479 -0.171608 0.625060
vn 0.799638 -0.072636 0.596074
vn 0.962641 -0.067417 0.262253
vn 0.974317 -0.088474 0.207071
vn 0.962641 -0.067417 0.262253
vn 0.799638 -0.072636 0.596074
vn 0.785470 -0.025392 0.618378
vn 0.761479 -0.171608 0.625060
vn 0.624090 -0.241438 0.743115
vn 0.523007 -0.056155 0.850477
vn 0.799638 -0.072636 0.596074
vn 0.785470 -0.025392 0.618378
vn 0.799638 -0.072636 0.596074
vn 0.523007 -0.056155 0.850477
vn 0.574667 0.062747 0.815978
vn -0.624090 -0.241438 0.743115
vn -0.749954 -0.399103 0.527528
vn -0.786117 -0.287248 0.547273
vn -0.761479 -0.171608 0.625060
vn -0.523007 -0.056155 0.850477
vn -0.624090 -0.241438 0.743115
vn -0.761479 -0.171608 0.625060
vn -0.799638 -0.072636 0.596074
vn -0.523007 -0.056155 0.850477
vn -0.799638 -0.072636 0.596074
vn -0.785470 -0.025392 0.618378
vn -0.574667 0.062747 0.815978
vn -0.761479 -0.171608 0.625060
vn -0.786117 -0.287248 0.547273
vn -0.879350 -0.261183 0.398154
vn -0.929497 -0.141823 0.340474
vn -0.799638 -0.072636 0.596074
vn -0.761479 -0.171608 0.625060
vn -0.929497 -0.141823 0.340474
vn -0.962641 -0.067417 0.262253
vn -0.799638 -0.072636 0.596074
vn -0.962641 -0.067417 0.262253
vn -0.974317 -0.088474 0.207071
vn -0.785470 -0.025392 0.618378
vn 0.912698 -0.167366 0.372788
vn 0.885995 -0.164375 0.433582
vn 0.901931 -0.132941 0.410909
vn 0.954633 -0.173378 0.242107
vn 0.955478 -0.217361 0.199537
vn 0.912698 -0.167366 0.372788
vn 0.954633 -0.173378 0.242107
vn 0.966717 -0.255504 -0.013245
vn 0.966717 -0.255504 -0.013245
vn 0.954633 -0.173378 0.242107
vn 0.949155 -0.314808 0.000885
vn 0.879810 -0.415978 -0.229993
vn 0.847521 -0.421899 -0.322040
vn 0.879810 -0.415978 -0.229993
vn 0.949155 -0.314808 0.000885
vn 0.937833 -0.329824 -0.108100
vn 0.954633 -0.173378 0.242107
vn 0.901931 -0.132941 0.410909
vn 0.946310 -0.208080 0.247389
vn 0.949155 -0.314808 0.000885
vn 0.937833 -0.329824 -0.108100
vn 0.949155 -0.314808 0.000885
vn 0.946310 -0.208080 0.247389
vn 0.971180 -0.228009 0.069431
vn -0.901931 -0.132941 0.410909
vn -0.885995 -0.164375 0.433582
vn -0.912698 -0.167366 0.372788
vn -0.954633 -0.173378 0.242107
vn -0.946310 -0.208080 0.247389
vn -0.901931 -0.132941 0.410909
vn -0.954633 -0.173378 0.242107
vn -0.949155 -0.314808 0.000885
vn -0.946310 -0.208080 0.247389
vn -0.949155 -0.314808 0.000885
vn -0.937833 -0.329824 -0.108100
vn -0.971180 -0.228009 0.069431
vn -0.954633 -0.173378 0.242107
vn -0.912698 -0.167366 0.372788
vn -0.955478 -0.217361 0.199537
vn -0.966717 -0.255504 -0.013245
vn -0.949155 -0.314808 0.000885
vn -0.954633 -0.173378 0.242107
vn -0.966717 -0.255504 -0.013245
vn -0.879810 -0.415978 -0.229993
vn -0.949155 -0.314808 0.000885
vn -0.879810 -0.415978 -0.229993
vn -0.847521 -0.421899 -0.322040
vn -0.937833 -0.329824 -0.108100
vn 0.741626 -0.195661 0.641644
vn 0.654092 -0.240279 0.717237
vn 0.649478 -0.124060 0.750191
vn 0.794320 -0.099645 0.599272
vn 0.856742 -0.152628 0.492645
vn 0.741626 -0.195661 0.641644
vn 0.794320 -0.099645 0.599272
vn 0.917531 -0.059757 0.393149
vn 0.917531 -0.059757 0.393149
vn 0.794320 -0.099645 0.599272
vn 0.853404 -0.068118 0.516779
vn 0.966689 -0.042360 0.252423
vn 0.965849 -0.093328 0.241714
vn 0.966689 -0.042360 0.252423
vn 0.853404 -0.068118 0.516779
vn 0.825790 -0.143410 0.545440
vn 0.794320 -0.099645 0.599272
vn 0.649478 -0.124060 0.750191
vn 0.659209 -0.118169 0.742617
vn 0.853404 -0.068118 0.516779
vn 0.825790 -0.143410 0.545440
vn 0.853404 -0.068118 0.516779
vn 0.659209 -0.118169 0.742617
vn 0.653209 -0.186169 0.733934
vn -0.649478 -0.124060 0.750191
vn -0.654092 -0.240279 0.717237
vn -0.741626 -0.195661 0.641644
vn -0.794320 -0.099645 0.599272
vn -0.659209 -0.118169 0.742617
vn -0.649478 -0.124060 0.750191
vn -0.794320 -0.099645 0.599272
vn -0.853404 -0.068118 0.516779
vn -0.659209 -0.118169 0.742617
vn -0.853404 -0.068118 0.516779
vn -0.825790 -0.143410 0.545440
vn -0.653209 -0.186169 0.733934
vn -0.794320 -0.099645 0.599272
vn -0.741626 -0.195661 0.641644
vn -0.856742 -0.152628 0.492645
vn -0.917531 -0.059757 0.393149
vn -0.853404 -0.068118 0.516779
vn -0.794320 -0.099645 0.599272
vn -0.917531 -0.059757 0.393149
vn -0.966689 -0.042360 0.252423
vn -0.853404 -0.068118 0.516779
vn -0.966689 -0.042360 0.252423
vn -0.965849 -0.093328 0.241714
vn -0.825790 -0.143410 0.545440
vn 0.751420 -0.179973 0.634805
vn 0.733189 -0.244335 0.634613
vn 0.661802 -0.101994 0.742708
vn 0.768505 -0.048068 0.638035
vn 0.854117 -0.146493 0.499023
vn 0.751420 -0.179973 0.634805
vn 0.768505 -0.048068 0.638035
vn 0.909040 -0.007233 0.416646
vn 0.909040 -0.007233 0.416646
vn 0.768505 -0.048068 0.638035
vn 0.849433 -0.094883 0.519096
vn 0.964687 -0.052860 0.258041
vn 0.975873 -0.161872 0.146521
vn 0.964687 -0.052860 0.258041
vn 0.849433 -0.094883 0.519096
vn 0.873385 -0.231912 0.428270
vn 0.768505 -0.048068 0.638035
vn 0.661802 -0.101994 0.742708
vn 0.662969 -0.179850 0.726723
vn 0.849433 -0.094883 0.519096
vn 0.873385 -0.231912 0.428270
vn 0.849433 -0.094883 0.519096
vn 0.662969 -0.179850 0.726723
vn 0.674238 -0.321676 0.664777
vn -0.661802 -0.101994 0.742708
vn -0.733189 -0.244335 0.634613
vn -0.751420 -0.179973 0.634805
vn -0.768505 -0.048068 0.638035
vn -0.662969 -0.179850 0.726723
vn -0.661802 -0.101994 0.742708
vn -0.768505 -0.048068 0.638035
vn -0.849433 -0.094883 0.519096
vn -0.662969 -0.179850 0.726723
vn -0.849433 -0.094883 0.519096
vn -0.873385 -0.231912 0.428270
vn -0.674238 -0.321676 0.664777
vn -0.768505 -0.048068 0.638035
vn -0.751420 -0.179973 0.634805
vn -0.854117 -0.146493 0.499023
vn -0.909040 -0.007233 0.416646
vn -0.849433 -0.094883 0.519096
vn -0.768505 -0.048068 0.638035
vn -0.909040 -0.007233 0.416646
vn -0.964687 -0.052860 0.258041
vn -0.849433 -0.094883 0.519096
vn -0.964687 -0.052860 0.258041
vn -0.975873 -0.161872 0.146521
vn -0.873385 -0.231912 0.428270
vn 0.551389 -0.042971 0.833141
vn 0.561560 -0.078618 0.823693
vn 0.736100 -0.120857 0.665996
vn 0.789149 -0.059208 0.611341
vn 0.534267 -0.048129 0.843944
vn 0.551389 -0.042971 0.833141
vn 0.789149 -0.059208 0.611341
vn 0.775438 -0.011109 0.631326
vn 0.534267 -0.048129 0.843944
vn 0.775438 -0.011109 0.631326
vn 0.715917 -0.029207 0.697575
vn 0.643897 -0.132667 0.753523
vn 0.789149 -0.059208 0.611341
vn 0.736100 -0.120857 0.665996
vn 0.930937 -0.187237 0.313527
vn 0.929430 -0.052005 0.365314
vn 0.789149 -0.059208 0.611341
vn 0.929430 -0.052005 0.365314
vn 0.927805 0.036318 0.371293
vn 0.775438 -0.011109 0.631326
vn 0.775438 -0.011109 0.631326
vn 0.927805 0.036318 0.371293
vn 0.861514 0.045107 0.505726
vn 0.715917 -0.029207 0.697575
vn -0.746450 -0.123483 0.653884
vn -0.561560 -0.078618 0.823693
vn -0.551389 -0.042971 0.833141
vn -0.831021 -0.070101 0.551806
vn -0.966451 -0.182383 0.180857
vn -0.746450 -0.123483 0.653884
vn -0.831021 -0.070101 0.551806
vn -0.973659 -0.039492 0.224562
vn -0.983931 0.033754 0.175331
vn -0.973659 -0.039492 0.224562
vn -0.831021 -0.070101 0.551806
vn -0.829504 -0.021180 0.558099
vn -0.888987 0.086613 0.449667
vn -0.983931 0.033754 0.175331
vn -0.829504 -0.021180 0.558099
vn -0.694467 -0.006714 0.719493
vn -0.831021 -0.070101 0.551806
vn -0.551389 -0.042971 0.833141
vn -0.507717 -0.058841 0.859512
vn -0.829504 -0.021180 0.558099
vn -0.694467 -0.006714 0.719493
vn -0.829504 -0.021180 0.558099
vn -0.507717 -0.058841 0.859512
vn -0.643897 -0.132667 0.753523
vn 0.577355 -0.032167 0.815859
vn 0.561547 -0.078586 0.823704
vn 0.755759 -0.083380 0.649520
vn 0.823656 -0.037813 0.565828
vn 0.563451 -0.011384 0.826071
vn 0.577355 -0.032167 0.815859
vn 0.823656 -0.037813 0.565828
vn 0.791844 0.003296 0.610714
vn 0.563451 -0.011384 0.826071
vn 0.791844 0.003296 0.610714
vn 0.716952 0.018739 0.696871
vn 0.599792 -0.048006 0.798715
vn 0.823656 -0.037813 0.565828
vn 0.755759 -0.083380 0.649520
vn 0.959642 -0.141151 0.243237
vn 0.952453 -0.039981 0.302052
vn 0.823656 -0.037813 0.565828
vn 0.952453 -0.039981 0.302052
vn 0.947924 0.009888 0.318345
vn 0.791844 0.003296 0.610714
vn 0.791844 0.003296 0.610714
vn 0.947924 0.009888 0.318345
vn 0.878715 0.025179 0.476683
vn 0.716952 0.018739 0.696871
vn -0.755759 -0.083380 0.649520
vn -0.561547 -0.078586 0.823704
vn -0.577355 -0.032167 0.815859
vn -0.823641 -0.037813 0.565849
vn -0.959642 -0.141151 0.243237
vn -0.755759 -0.083380 0.649520
vn -0.823641 -0.037813 0.565849
vn -0.952453 -0.039981 0.302052
vn -0.947924 0.009888 0.318345
vn -0.952453 -0.039981 0.302052
vn -0.823641 -0.037813 0.565849
vn -0.791844 0.003296 0.610714
vn -0.878715 0.025179 0.476683
vn -0.947924 0.009888 0.318345
vn -0.791844 0.003296 0.610714
vn -0.716952 0.018739 0.696871
vn -0.823641 -0.037813 0.565849
vn -0.577355 -0.032167 0.815859
vn -0.563451 -0.011384 0.826071
vn -0.791844 0.003296 0.610714
vn -0.716952 0.018739 0.696871
vn -0.791844 0.003296 0.610714
vn -0.563451 -0.011384 0.826071
vn -0.599792 -0.048006 0.798715
vn 0.402787 0.086796 0.911169
vn 0.356071 0.213575 0.909725
vn 0.551795 0.278186 0.786216
vn 0.602171 0.190256 0.775366
vn 0.534482 -0.082554 0.841138
vn 0.402787 0.086796 0.911169
vn 0.602171 0.190256 0.775366
vn 0.672237 0.022706 0.739988
vn 0.534482 -0.082554 0.841138
vn 0.672237 0.022706 0.739988
vn 0.732434 -0.119514 0.670266
vn 0.625458 -0.200357 0.754095
vn 0.602171 0.190256 0.775366
vn 0.551795 0.278186 0.786216
vn 0.724621 0.304553 0.618200
vn 0.760785 0.201732 0.616856
vn 0.602171 0.190256 0.775366
vn 0.760785 0.201732 0.616856
vn 0.790996 0.051852 0.609620
vn 0.672237 0.022706 0.739988
vn 0.672237 0.022706 0.739988
vn 0.790996 0.051852 0.609620
vn 0.838540 -0.024781 0.544276
vn 0.732434 -0.119514 0.670266
vn -0.551795 0.278186 0.786216
vn -0.356071 0.213575 0.909725
vn -0.402787 0.086796 0.911169
vn -0.602171 0.190256 0.775366
vn -0.724621 0.304553 0.618200
vn -0.551795 0.278186 0.786216
vn -0.602171 0.190256 0.775366
vn -0.760785 0.201732 0.616856
vn -0.790996 0.051852 0.609620
vn -0.760785 0.201732 0.616856
vn -0.602171 0.190256 0.775366
vn -0.672237 0.022706 0.739988
vn -0.838540 -0.024781 0.544276
vn -0.790996 0.051852 0.609620
vn -0.672237 0.022706 0.739988
vn -0.732434 -0.119514 0.670266
vn -0.602171 0.190256 0.775366
vn -0.402787 0.086796 0.911169
vn -0.534482 -0.082554 0.841138
vn -0.672237 0.022706 0.739988
vn -0.732434 -0.119514 0.670266
vn -0.672237 0.022706 0.739988
vn -0.534482 -0.082554 0.841138
vn -0.625458 -0.200357 0.754095
vn 0.865157 0.112311 0.488764
vn 0.873712 0.038027 0.484955
vn 0.785868 -0.053347 0.616090
vn 0.778934 -0.010865 0.627011
vn 0.839396 0.218272 0.497766
vn 0.865157 0.112311 0.488764
vn 0.778934 -0.010865 0.627011
vn 0.748275 0.131844 0.650155
vn 0.822427 0.285628 0.491967
vn 0.839396 0.218272 0.497766
vn 0.748275 0.131844 0.650155
vn 0.714949 0.232802 0.659281
vn 0.579403 0.083958 0.810706
vn 0.714949 0.232802 0.659281
vn 0.748275 0.131844 0.650155
vn 0.630136 0.003510 0.776477
vn 0.778934 -0.010865 0.627011
vn 0.785868 -0.053347 0.616090
vn 0.685950 -0.169168 0.707711
vn 0.653785 -0.155252 0.740582
vn 0.748275 0.131844 0.650155
vn 0.778934 -0.010865 0.627011
vn 0.653785 -0.155252 0.740582
vn 0.630136 0.003510 0.776477
vn -0.785868 -0.053347 0.616090
vn -0.873712 0.038027 0.484955
vn -0.865157 0.112311 0.488764
vn -0.778934 -0.010865 0.627011
vn -0.685950 -0.169168 0.707711
vn -0.785868 -0.053347 0.616090
vn -0.778934 -0.010865 0.627011
vn -0.653785 -0.155252 0.740582
vn -0.653785 -0.155252 0.740582
vn -0.778934 -0.010865 0.627011
vn -0.748275 0.131844 0.650155
vn -0.630136 0.003510 0.776477
vn -0.579403 0.083958 0.810706
vn -0.630136 0.003510 0.776477
vn -0.748275 0.131844 0.650155
vn -0.714949 0.232802 0.659281
vn -0.778934 -0.010865 0.627011
vn -0.865157 0.112311 0.488764
vn -0.839396 0.218272 0.497766
vn -0.748275 0.131844 0.650155
vn -0.748275 0.131844 0.650155
vn -0.839396 0.218272 0.497766
vn -0.822427 0.285628 0.491967
vn -0.714949 0.232802 0.659281
vn 0.735355 -0.037630 0.676637
vn 0.496083 -0.147314 0.855687
vn 0.573949 -0.197339 0.794758
vn 0.803949 -0.052036 0.592417
vn 0.914641 0.127969 0.383478
vn 0.735355 -0.037630 0.676637
vn 0.803949 -0.052036 0.592417
vn 0.930084 0.051485 0.363720
vn 0.930084 0.051485 0.363720
vn 0.803949 -0.052036 0.592417
vn 0.796981 -0.159097 0.582674
vn 0.928515 -0.130317 0.347674
vn 0.934777 -0.198132 0.294848
vn 0.928515 -0.130317 0.347674
vn 0.796981 -0.159097 0.582674
vn 0.807454 -0.215406 0.549198
vn 0.803949 -0.052036 0.592417
vn 0.573949 -0.197339 0.794758
vn 0.567203 -0.233717 0.789720
vn 0.796981 -0.159097 0.582674
vn 0.796981 -0.159097 0.582674
vn 0.567203 -0.233717 0.789720
vn 0.562264 -0.254198 0.786920
vn 0.807454 -0.215406 0.549198
vn -0.573949 -0.197339 0.794758
vn -0.496083 -0.147314 0.855687
vn -0.735355 -0.037630 0.676637
vn -0.803949 -0.052036 0.592417
vn -0.567203 -0.233717 0.789720
vn -0.573949 -0.197339 0.794758
vn -0.803949 -0.052036 0.592417
vn -0.796981 -0.159097 0.582674
vn -0.562264 -0.254198 0.786920
vn -0.567203 -0.233717 0.789720
vn -0.796981 -0.159097 0.582674
vn -0.807454 -0.215406 0.549198
vn -0.934777 -0.198132 0.294848
vn -0.807454 -0.215406 0.549198
vn -0.796981 -0.159097 0.582674
vn -0.928515 -0.130317 0.347674
vn -0.803949 -0.052036 0.592417
vn -0.735355 -0.037630 0.676637
vn -0.914641 0.127969 0.383478
vn -0.930084 0.051485 0.363720
vn -0.796981 -0.159097 0.582674
vn -0.803949 -0.052036 0.592417
vn -0.930084 0.051485 0.363720
vn -0.928515 -0.130317 0.347674
vn 0.410149 0.145608 0.900320
vn 0.185832 0.056583 0.980951
vn 0.509636 0.120306 0.851937
vn 0.669831 0.155647 0.726017
vn 0.514093 0.119452 0.849376
vn 0.410149 0.145608 0.900320
vn 0.669831 0.155647 0.726017
vn 0.660252 0.141060 0.737679
vn 0.514093 0.119452 0.849376
vn 0.660252 0.141060 0.737679
vn 0.622533 0.106055 0.775374
vn 0.458645 0.136116 0.878133
vn 0.820423 0.073674 0.566990
vn 0.669831 0.155647 0.726017
vn 0.509636 0.120306 0.851937
vn 0.889804 -0.088352 0.447709
vn 0.669831 0.155647 0.726017
vn 0.820423 0.073674 0.566990
vn 0.767829 0.115332 0.630188
vn 0.660252 0.141060 0.737679
vn 0.660252 0.141060 0.737679
vn 0.767829 0.115332 0.630188
vn 0.747097 0.099949 0.657158
vn 0.622533 0.106055 0.775374
vn -0.509636 0.120306 0.851937
vn -0.185832 0.056583 0.980951
vn -0.410149 0.145608 0.900320
vn -0.669831 0.155647 0.726017
vn -0.509636 0.120306 0.851937
vn -0.669831 0.155647 0.726017
vn -0.820423 0.073674 0.566990
vn -0.889804 -0.088352 0.447709
vn -0.669831 0.155647 0.726017
vn -0.410149 0.145608 0.900320
vn -0.514093 0.119452 0.849376
vn -0.660252 0.141060 0.737679
vn -0.669831 0.155647 0.726017
vn -0.660252 0.141060 0.737679
vn -0.767829 0.115332 0.630188
vn -0.820423 0.073674 0.566990
vn -0.622533 0.106055 0.775374
vn -0.660252 0.141060 0.737679
vn -0.514093 0.119452 0.849376
vn -0.458645 0.136116 0.878133
vn -0.660252 0.141060 0.737679
vn -0.622533 0.106055 0.775374
vn -0.747097 0.099949 0.657158
vn -0.767829 0.115332 0.630188
vn -0.520353 -0.142219 0.842025
vn -0.518481 -0.179114 0.836119
vn 0.009522 -0.202828 0.979168
vn 0.047274 -0.156227 0.986589
vn -0.453214 -0.017579 0.891229
vn -0.520353 -0.142219 0.842025
vn 0.047274 -0.156227 0.986589
vn 0.099737 -0.018586 0.994840
vn -0.301587 0.102482 0.947915
vn -0.453214 -0.017579 0.891229
vn 0.099737 -0.018586 0.994840
vn 0.077914 0.127477 0.988777
vn -0.301587 0.102482 0.947915
vn 0.077914 0.127477 0.988777
vn 0.029939 0.152044 0.987920
vn -0.205421 0.094547 0.974096
vn 0.597174 -0.150217 0.787920
vn 0.047274 -0.156227 0.986589
vn 0.009522 -0.202828 0.979168
vn 0.552396 -0.117865 0.825207
vn 0.047274 -0.156227 0.986589
vn 0.597174 -0.150217 0.787920
vn 0.594333 -0.125373 0.794387
vn 0.099737 -0.018586 0.994840
vn 0.099737 -0.018586 0.994840
vn 0.594333 -0.125373 0.794387
vn 0.460985 0.036409 0.886661
vn 0.077914 0.127477 0.988777
vn 0.077914 0.127477 0.988777
vn 0.460985 0.036409 0.886661
vn 0.337052 0.145606 0.930159
vn 0.029939 0.152044 0.987920
vn 0.447989 -0.015626 0.893903
vn 0.420622 -0.119332 0.899354
vn 0.581431 -0.095435 0.807979
vn 0.611392 -0.013520 0.791212
vn 0.475313 0.139536 0.868681
vn 0.447989 -0.015626 0.893903
vn 0.611392 -0.013520 0.791212
vn 0.640779 0.138801 0.755074
vn 0.475313 0.139536 0.868681
vn 0.640779 0.138801 0.755074
vn 0.637831 0.204451 0.742544
vn 0.487249 0.195327 0.851138
vn 0.720002 0.075534 0.689849
vn 0.611392 -0.013520 0.791212
vn 0.581431 -0.095435 0.807979
vn 0.705701 -0.049197 0.706800
vn 0.611392 -0.013520 0.791212
vn 0.720002 0.075534 0.689849
vn 0.742292 0.222852 0.631934
vn 0.640779 0.138801 0.755074
vn 0.640779 0.138801 0.755074
vn 0.742292 0.222852 0.631934
vn 0.771993 0.260881 0.579628
vn 0.637831 0.204451 0.742544
vn -0.581431 -0.095435 0.807979
vn -0.420622 -0.119332 0.899354
vn -0.447989 -0.015626 0.893903
vn -0.611392 -0.013520 0.791212
vn -0.581431 -0.095435 0.807979
vn -0.611392 -0.013520 0.791212
vn -0.720002 0.075534 0.689849
vn -0.705701 -0.049197 0.706800
vn -0.611392 -0.013520 0.791212
vn -0.447989 -0.015626 0.893903
vn -0.475313 0.139536 0.868681
vn -0.640779 0.138801 0.755074
vn -0.611392 -0.013520 0.791212
vn -0.640779 0.138801 0.755074
vn -0.742292 0.222852 0.631934
vn -0.720002 0.075534 0.689849
vn -0.637831 0.204451 0.742544
vn -0.640779 0.138801 0.755074
vn -0.475313 0.139536 0.868681
vn -0.487249 0.195327 0.851138
vn -0.640779 0.138801 0.755074
vn -0.637831 0.204451 0.742544
vn -0.771993 0.260881 0.579628
vn -0.742292 0.222852 0.631934
vn 0.081852 0.181376 0.980002
vn 0.048343 0.048526 0.997651
vn 0.361011 0.075230 0.929522
vn 0.337326 0.215617 0.916363
vn 0.081852 0.181376 0.980002
vn 0.337326 0.215617 0.916363
vn 0.327347 0.242870 0.913158
vn 0.106693 0.198036 0.974371
vn 0.106693 0.198036 0.974371
vn 0.327347 0.242870 0.913158
vn 0.217146 0.161021 0.962767
vn 0.036531 0.156836 0.986949
vn 0.593440 0.227885 0.771944
vn 0.337326 0.215617 0.916363
vn 0.361011 0.075230 0.929522
vn 0.720382 0.058414 0.691114
vn 0.337326 0.215617 0.916363
vn 0.593440 0.227885 0.771944
vn 0.531158 0.264450 0.804946
vn 0.327347 0.242870 0.913158
vn 0.327347 0.242870 0.913158
vn 0.531158 0.264450 0.804946
vn 0.531677 0.171397 0.829423
vn 0.217146 0.161021 0.962767
vn -0.361011 0.075230 0.929522
vn -0.048343 0.048526 0.997651
vn -0.081852 0.181376 0.980002
vn -0.337326 0.215617 0.916363
vn -0.361011 0.075230 0.929522
vn -0.337326 0.215617 0.916363
vn -0.593440 0.227885 0.771944
vn -0.720382 0.058414 0.691114
vn -0.327347 0.242870 0.913158
vn -0.337326 0.215617 0.916363
vn -0.081852 0.181376 0.980002
vn -0.106693 0.198036 0.974371
vn -0.337326 0.215617 0.916363
vn -0.327347 0.242870 0.913158
vn -0.531158 0.264450 0.804946
vn -0.593440 0.227885 0.771944
vn -0.217146 0.161021 0.962767
vn -0.327347 0.242870 0.913158
vn -0.106693 0.198036 0.974371
vn -0.036531 0.156836 0.986949
vn -0.327347 0.242870 0.913158
vn -0.217146 0.161021 0.962767
vn -0.531677 0.171397 0.829423
vn -0.531158 0.264450 0.804946
vn 0.302355 0.254135 0.918693
vn 0.211498 0.254530 0.943654
vn 0.487001 0.453582 0.746387
vn 0.504017 0.403336 0.763732
vn 0.351919 0.199261 0.914575
vn 0.302355 0.254135 0.918693
vn 0.504017 0.403336 0.763732
vn 0.535271 0.198526 0.821019
vn 0.351919 0.199261 0.914575
vn 0.535271 0.198526 0.821019
vn 0.497587 0.130165 0.857592
vn 0.272505 0.257307 0.927111
vn 0.735513 0.318529 0.597963
vn 0.504017 0.403336 0.763732
vn 0.487001 0.453582 0.746387
vn 0.766610 0.343889 0.542264
vn 0.504017 0.403336 0.763732
vn 0.735513 0.318529 0.597963
vn 0.703843 0.153148 0.693650
vn 0.535271 0.198526 0.821019
vn 0.535271 0.198526 0.821019
vn 0.703843 0.153148 0.693650
vn 0.677901 0.055179 0.733080
vn 0.497587 0.130165 0.857592
vn -0.487001 0.453582 0.746387
vn -0.211498 0.254530 0.943654
vn -0.302355 0.254135 0.918693
vn -0.504017 0.403336 0.763732
vn -0.487001 0.453582 0.746387
vn -0.504017 0.403336 0.763732
vn -0.735513 0.318529 0.597963
vn -0.766610 0.343889 0.542264
vn -0.504017 0.403336 0.763732
vn -0.302355 0.254135 0.918693
vn -0.351919 0.199261 0.914575
vn -0.535271 0.198526 0.821019
vn -0.504017 0.403336 0.763732
vn -0.535271 0.198526 0.821019
vn -0.703843 0.153148 0.693650
vn -0.735513 0.318529 0.597963
vn -0.497587 0.130165 0.857592
vn -0.535271 0.198526 0.821019
vn -0.351919 0.199261 0.914575
vn -0.272505 0.257307 0.927111
vn -0.535271 0.198526 0.821019
vn -0.497587 0.130165 0.857592
vn -0.677901 0.055179 0.733080
vn -0.703843 0.153148 0.693650
vn -0.431231 0.271130 0.860540
vn -0.466239 0.352892 0.811226
vn 0.011628 0.362419 0.931943
vn 0.042025 0.287248 0.956934
vn -0.431231 0.271130 0.860540
vn 0.042025 0.287248 0.956934
vn -0.016267 0.222056 0.974898
vn -0.369096 0.102818 0.923686
vn -0.257610 0.194741 0.946421
vn -0.369096 0.102818 0.923686
vn -0.016267 0.222056 0.974898
vn 0.004700 0.301860 0.953341
vn 0.258802 0.228710 0.938463
vn 0.004700 0.301860 0.953341
vn -0.016267 0.222056 0.974898
vn 0.392049 0.152168 0.907272
vn 0.042025 0.287248 0.956934
vn 0.011628 0.362419 0.931943
vn 0.525085 0.212781 0.824021
vn 0.493181 0.121373 0.861418
vn 0.042025 0.287248 0.956934
vn 0.493181 0.121373 0.861418
vn 0.392049 0.152168 0.907272
vn -0.016267 0.222056 0.974898
vn 0.591032 0.000061 0.806648
vn 0.807419 -0.080174 0.584506
vn 0.783544 0.000977 0.621336
vn 0.618099 0.033815 0.785373
vn 0.438072 0.062351 0.896775
vn 0.591032 0.000061 0.806648
vn 0.618099 0.033815 0.785373
vn 0.372424 0.113012 0.921156
vn 0.372424 0.113012 0.921156
vn 0.618099 0.033815 0.785373
vn 0.570457 0.085788 0.816835
vn 0.301958 0.153512 0.940880
vn 0.301958 0.153512 0.940880
vn 0.570457 0.085788 0.816835
vn 0.632239 0.078099 0.770827
vn 0.253433 0.164805 0.953211
vn 0.618099 0.033815 0.785373
vn 0.783544 0.000977 0.621336
vn 0.763588 0.041781 0.644350
vn 0.570457 0.085788 0.816835
vn 0.632239 0.078099 0.770827
vn 0.570457 0.085788 0.816835
vn 0.763588 0.041781 0.644350
vn 0.759840 0.037569 0.649024
vn -0.783544 0.000977 0.621336
vn -0.807419 -0.080174 0.584506
vn -0.591032 0.000061 0.806648
vn -0.618099 0.033815 0.785373
vn -0.763588 0.041781 0.644350
vn -0.783544 0.000977 0.621336
vn -0.618099 0.033815 0.785373
vn -0.570457 0.085788 0.816835
vn -0.763588 0.041781 0.644350
vn -0.570457 0.085788 0.816835
vn -0.632239 0.078099 0.770827
vn -0.759840 0.037569 0.649024
vn -0.618099 0.033815 0.785373
vn -0.591032 0.000061 0.806648
vn -0.438072 0.062351 0.896775
vn -0.372424 0.113012 0.921156
vn -0.570457 0.085788 0.816835
vn -0.618099 0.033815 0.785373
vn -0.372424 0.113012 0.921156
vn -0.301958 0.153512 0.940880
vn -0.632239 0.078099 0.770827
vn -0.570457 0.085788 0.816835
vn -0.301958 0.153512 0.940880
vn -0.253433 0.164805 0.953211
vn 0.128517 0.433528 0.891929
vn -0.103157 0.267963 0.957891
vn -0.294906 0.204600 0.933365
vn 0.139319 0.312759 0.939559
vn 0.560396 0.354513 0.748517
vn 0.128517 0.433528 0.891929
vn 0.139319 0.312759 0.939559
vn 0.665995 0.233840 0.708356
vn 0.619663 0.200481 0.758831
vn 0.665995 0.233840 0.708356
vn 0.139319 0.312759 0.939559
vn 0.071139 0.110416 0.991336
vn 0.619663 0.200481 0.758831
vn 0.071139 0.110416 0.991336
vn -0.034547 0.083347 0.995922
vn 0.540529 0.260330 0.800035
vn 0.139319 0.312759 0.939559
vn -0.294906 0.204600 0.933365
vn -0.471920 -0.080937 0.877918
vn 0.071139 0.110416 0.991336
vn 0.071139 0.110416 0.991336
vn -0.471920 -0.080937 0.877918
vn -0.543277 -0.167460 0.822683
vn -0.034547 0.083347 0.995922
vn 0.786037 -0.022004 0.617788
vn 0.767134 -0.141274 0.625738
vn 0.754840 -0.009827 0.655835
vn 0.732677 0.106146 0.672248
vn 0.832868 0.047610 0.551420
vn 0.786037 -0.022004 0.617788
vn 0.732677 0.106146 0.672248
vn 0.754521 0.093388 0.649597
vn 0.832868 0.047610 0.551420
vn 0.754521 0.093388 0.649597
vn 0.770854 -0.036623 0.635959
vn 0.913694 -0.154307 0.375970
vn 0.620545 0.161874 0.767281
vn 0.732677 0.106146 0.672248
vn 0.754840 -0.009827 0.655835
vn 0.598641 0.114815 0.792746
vn 0.754521 0.093388 0.649597
vn 0.732677 0.106146 0.672248
vn 0.620545 0.161874 0.767281
vn 0.675239 0.054599 0.735576
vn 0.754521 0.093388 0.649597
vn 0.675239 0.054599 0.735576
vn 0.703680 -0.018647 0.710272
vn 0.770854 -0.036623 0.635959
vn -0.754840 -0.009827 0.655835
vn -0.767134 -0.141274 0.625738
vn -0.786037 -0.022004 0.617788
vn -0.732677 0.106146 0.672248
vn -0.754840 -0.009827 0.655835
vn -0.732677 0.106146 0.672248
vn -0.620545 0.161874 0.767281
vn -0.598641 0.114815 0.792746
vn -0.732677 0.106146 0.672248
vn -0.786037 -0.022004 0.617788
vn -0.832868 0.047610 0.551420
vn -0.754521 0.093388 0.649597
vn -0.620545 0.161874 0.767281
vn -0.732677 0.106146 0.672248
vn -0.754521 0.093388 0.649597
vn -0.675239 0.054599 0.735576
vn -0.703680 -0.018647 0.710272
vn -0.675239 0.054599 0.735576
vn -0.754521 0.093388 0.649597
vn -0.770854 -0.036623 0.635959
vn -0.770854 -0.036623 0.635959
vn -0.754521 0.093388 0.649597
vn -0.832868 0.047610 0.551420
vn -0.913694 -0.154307 0.375970
vn 0.686110 -0.146463 0.712601
vn 0.860281 -0.104956 0.498901
vn 0.858376 0.019288 0.512658
vn 0.750794 -0.030153 0.659848
vn 0.614018 -0.237837 0.752606
vn 0.686110 -0.146463 0.712601
vn 0.750794 -0.030153 0.659848
vn 0.633546 -0.100194 0.767190
vn 0.557305 0.194680 0.807163
vn 0.633546 -0.100194 0.767190
vn 0.750794 -0.030153 0.659848
vn 0.703012 0.166117 0.691506
vn 0.557305 0.194680 0.807163
vn 0.703012 0.166117 0.691506
vn 0.684642 0.218122 0.695477
vn 0.554959 0.220348 0.802164
vn 0.703012 0.166117 0.691506
vn 0.750794 -0.030153 0.659848
vn 0.858376 0.019288 0.512658
vn 0.844912 0.073031 0.529897
vn 0.703012 0.166117 0.691506
vn 0.844912 0.073031 0.529897
vn 0.814900 0.128853 0.565098
vn 0.684642 0.218122 0.695477
vn -0.858376 0.019288 0.512658
vn -0.860281 -0.104956 0.498901
vn -0.686110 -0.146463 0.712601
vn -0.750794 -0.030153 0.659848
vn -0.858376 0.019288 0.512658
vn -0.750794 -0.030153 0.659848
vn -0.703012 0.166117 0.691506
vn -0.844912 0.073031 0.529897
vn -0.814900 0.128853 0.565098
vn -0.844912 0.073031 0.529897
vn -0.703012 0.166117 0.691506
vn -0.684642 0.218122 0.695477
vn -0.684642 0.218122 0.695477
vn -0.703012 0.166117 0.691506
vn -0.557305 0.194680 0.807163
vn -0.554959 0.220348 0.802164
vn -0.750794 -0.030153 0.659848
vn -0.686110 -0.146463 0.712601
vn -0.614018 -0.237837 0.752606
vn -0.633546 -0.100194 0.767190
vn -0.750794 -0.030153 0.659848
vn -0.633546 -0.100194 0.767190
vn -0.557305 0.194680 0.807163
vn -0.703012 0.166117 0.691506
vn 0.652263 -0.118110 0.748735
vn 0.848096 -0.070652 0.525112
vn 0.855728 0.027010 0.516721
vn 0.724030 -0.009949 0.689696
vn 0.573059 -0.197124 0.795453
vn 0.652263 -0.118110 0.748735
vn 0.724030 -0.009949 0.689696
vn 0.586092 -0.097173 0.804396
vn 0.493189 0.198008 0.847088
vn 0.586092 -0.097173 0.804396
vn 0.724030 -0.009949 0.689696
vn 0.677992 0.171306 0.714829
vn 0.493189 0.198008 0.847088
vn 0.677992 0.171306 0.714829
vn 0.664189 0.221203 0.714088
vn 0.498653 0.224011 0.837355
vn 0.677992 0.171306 0.714829
vn 0.724030 -0.009949 0.689696
vn 0.855728 0.027010 0.516721
vn 0.844912 0.073031 0.529897
vn 0.677992 0.171306 0.714829
vn 0.844912 0.073031 0.529897
vn 0.814900 0.128853 0.565098
vn 0.664189 0.221203 0.714088
vn -0.855728 0.027010 0.516721
vn -0.848096 -0.070652 0.525112
vn -0.652263 -0.118110 0.748735
vn -0.724030 -0.009949 0.689696
vn -0.855728 0.027010 0.516721
vn -0.724030 -0.009949 0.689696
vn -0.677992 0.171306 0.714829
vn -0.844912 0.073031 0.529897
vn -0.814900 0.128853 0.565098
vn -0.844912 0.073031 0.529897
vn -0.677992 0.171306 0.714829
vn -0.664189 0.221203 0.714088
vn -0.664189 0.221203 0.714088
vn -0.677992 0.171306 0.714829
vn -0.493189 0.198008 0.847088
vn -0.498653 0.224011 0.837355
vn -0.724030 -0.009949 0.689696
vn -0.652263 -0.118110 0.748735
vn -0.573059 -0.197124 0.795453
vn -0.586092 -0.097173 0.804396
vn -0.724030 -0.009949 0.689696
vn -0.586092 -0.097173 0.804396
vn -0.493189 0.198008 0.847088
vn -0.677992 0.171306 0.714829
vn -0.105079 -0.280017 0.954227
vn 0.485315 -0.178720 0.855879
vn 0.523717 -0.105018 0.845394
vn -0.025209 -0.174567 0.984323
vn -0.570338 -0.303053 0.763462
vn -0.105079 -0.280017 0.954227
vn -0.025209 -0.174567 0.984323
vn -0.549134 -0.219098 0.806504
vn -0.578000 0.008912 0.815988
vn -0.549134 -0.219098 0.806504
vn -0.025209 -0.174567 0.984323
vn -0.030122 0.068484 0.997197
vn -0.578000 0.008912 0.815988
vn -0.030122 0.068484 0.997197
vn 0.033540 0.153265 0.987616
vn -0.539766 0.063663 0.839405
vn -0.025209 -0.174567 0.984323
vn 0.523717 -0.105018 0.845394
vn 0.530144 0.094212 0.842658
vn -0.030122 0.068484 0.997197
vn -0.030122 0.068484 0.997197
vn 0.530144 0.094212 0.842658
vn 0.548183 0.180734 0.816597
vn 0.033540 0.153265 0.987616
vn 0.669132 -0.009797 0.743079
vn 0.733425 -0.049410 0.677972
vn 0.609502 0.029879 0.792221
vn 0.673285 0.104834 0.731913
vn 0.748759 -0.032320 0.662054
vn 0.669132 -0.009797 0.743079
vn 0.673285 0.104834 0.731913
vn 0.775010 0.036959 0.630867
vn 0.775010 0.036959 0.630867
vn 0.673285 0.104834 0.731913
vn 0.641106 0.135320 0.755429
vn 0.725926 0.144050 0.672518
vn 0.725926 0.144050 0.672518
vn 0.641106 0.135320 0.755429
vn 0.651063 0.040529 0.757941
vn 0.772957 0.008576 0.634400
vn 0.641106 0.135320 0.755429
vn 0.673285 0.104834 0.731913
vn 0.609502 0.029879 0.792221
vn 0.467254 0.111701 0.877039
vn 0.651063 0.040529 0.757941
vn 0.641106 0.135320 0.755429
vn 0.467254 0.111701 0.877039
vn 0.474662 0.067935 0.877543
vn 0.651063 0.040529 0.757941
vn 0.474662 0.067935 0.877543
vn 0.497916 0.001038 0.867225
vn 0.654756 -0.030519 0.755224
vn 0.651063 0.040529 0.757941
vn 0.654756 -0.030519 0.755224
vn 0.832348 -0.133155 0.538021
vn 0.772957 0.008576 0.634400
vn -0.609502 0.029879 0.792221
vn -0.733425 -0.049410 0.677972
vn -0.669132 -0.009797 0.743079
vn -0.673285 0.104834 0.731913
vn -0.609502 0.029879 0.792221
vn -0.673285 0.104834 0.731913
vn -0.641106 0.135320 0.755429
vn -0.467254 0.111701 0.877039
vn -0.467254 0.111701 0.877039
vn -0.641106 0.135320 0.755429
vn -0.651063 0.040529 0.757941
vn -0.474662 0.067935 0.877543
vn -0.497916 0.001038 0.867225
vn -0.474662 0.067935 0.877543
vn -0.651063 0.040529 0.757941
vn -0.654756 -0.030519 0.755224
vn -0.673285 0.104834 0.731913
vn -0.669132 -0.009797 0.743079
vn -0.748759 -0.032320 0.662054
vn -0.775010 0.036959 0.630867
vn -0.641106 0.135320 0.755429
vn -0.673285 0.104834 0.731913
vn -0.775010 0.036959 0.630867
vn -0.725926 0.144050 0.672518
vn -0.651063 0.040529 0.757941
vn -0.641106 0.135320 0.755429
vn -0.725926 0.144050 0.672518
vn -0.772957 0.008576 0.634400
vn -0.651063 0.040529 0.757941
vn -0.772957 0.008576 0.634400
vn -0.832348 -0.133155 0.538021
vn -0.654756 -0.030519 0.755224
vn 0.591821 -0.027375 0.805605
vn 0.923497 -0.247293 0.293255
vn 0.923575 -0.134071 0.359212
vn 0.762156 -0.100011 0.639622
vn 0.445062 0.033968 0.894855
vn 0.591821 -0.027375 0.805605
vn 0.762156 -0.100011 0.639622
vn 0.455896 0.023378 0.889726
vn 0.446343 0.026979 0.894455
vn 0.455896 0.023378 0.889726
vn 0.762156 -0.100011 0.639622
vn 0.732643 -0.002716 0.680608
vn 0.437460 0.039736 0.898359
vn 0.446343 0.026979 0.894455
vn 0.732643 -0.002716 0.680608
vn 0.742990 0.059055 0.666692
vn 0.732643 -0.002716 0.680608
vn 0.762156 -0.100011 0.639622
vn 0.923575 -0.134071 0.359212
vn 0.906301 -0.000610 0.422631
vn 0.732643 -0.002716 0.680608
vn 0.906301 -0.000610 0.422631
vn 0.889870 0.061312 0.452076
vn 0.742990 0.059055 0.666692
vn -0.923575 -0.134071 0.359212
vn -0.923497 -0.247293 0.293255
vn -0.591821 -0.027375 0.805605
vn -0.762156 -0.100011 0.639622
vn -0.923575 -0.134071 0.359212
vn -0.762156 -0.100011 0.639622
vn -0.732643 -0.002716 0.680608
vn -0.906301 -0.000610 0.422631
vn -0.889870 0.061312 0.452076
vn -0.906301 -0.000610 0.422631
vn -0.732643 -0.002716 0.680608
vn -0.742990 0.059055 0.666692
vn -0.437460 0.039736 0.898359
vn -0.742990 0.059055 0.666692
vn -0.732643 -0.002716 0.680608
vn -0.446343 0.026979 0.894455
vn -0.762156 -0.100011 0.639622
vn -0.591821 -0.027375 0.805605
vn -0.445062 0.033968 0.894855
vn -0.455896 0.023378 0.889726
vn -0.762156 -0.100011 0.639622
vn -0.455896 0.023378 0.889726
vn -0.446343 0.026979 0.894455
vn -0.732643 -0.002716 0.680608
vn 0.504666 -0.430321 0.748423
vn 0.692852 -0.372307 0.617530
vn 0.767924 -0.239484 0.594087
vn 0.546780 -0.251264 0.798685
vn 0.279772 -0.427241 0.859763
vn 0.504666 -0.430321 0.748423
vn 0.546780 -0.251264 0.798685
vn 0.279950 -0.237682 0.930126
vn 0.265363 0.037386 0.963424
vn 0.279950 -0.237682 0.930126
vn 0.546780 -0.251264 0.798685
vn 0.565605 0.042482 0.823581
vn 0.265363 0.037386 0.963424
vn 0.565605 0.042482 0.823581
vn 0.601232 0.131783 0.788133
vn 0.311047 0.088169 0.946296
vn 0.546780 -0.251264 0.798685
vn 0.767924 -0.239484 0.594087
vn 0.808403 0.029909 0.587869
vn 0.565605 0.042482 0.823581
vn 0.565605 0.042482 0.823581
vn 0.808403 0.029909 0.587869
vn 0.819149 0.136484 0.557106
vn 0.601232 0.131783 0.788133
vn -0.767924 -0.239484 0.594087
vn -0.692852 -0.372307 0.617530
vn -0.504666 -0.430321 0.748423
vn -0.546780 -0.251264 0.798685
vn -0.808403 0.029909 0.587869
vn -0.767924 -0.239484 0.594087
vn -0.546780 -0.251264 0.798685
vn -0.565605 0.042482 0.823581
vn -0.819149 0.136484 0.557106
vn -0.808403 0.029909 0.587869
vn -0.565605 0.042482 0.823581
vn -0.601232 0.131783 0.788133
vn -0.601232 0.131783 0.788133
vn -0.565605 0.042482 0.823581
vn -0.265363 0.037386 0.963424
vn -0.311047 0.088169 0.946296
vn -0.546780 -0.251264 0.798685
vn -0.504666 -0.430321 0.748423
vn -0.279772 -0.427241 0.859763
vn -0.279950 -0.237682 0.930126
vn -0.546780 -0.251264 0.798685
vn -0.279950 -0.237682 0.930126
vn -0.265363 0.037386 0.963424
vn -0.565605 0.042482 0.823581
vn 0.399069 0.119696 0.909075
vn 0.352528 0.225385 0.908254
vn 0.548829 0.279923 0.787673
vn 0.597252 0.201943 0.776214
vn 0.531953 -0.069798 0.843892
vn 0.399069 0.119696 0.909075
vn 0.597252 0.201943 0.776214
vn 0.681331 0.008088 0.731931
vn 0.608312 -0.165171 0.776321
vn 0.531953 -0.069798 0.843892
vn 0.681331 0.008088 0.731931
vn 0.734599 -0.093450 0.672035
vn 0.734599 -0.093450 0.672035
vn 0.681331 0.008088 0.731931
vn 0.796331 0.028627 0.604184
vn 0.851800 -0.005585 0.523837
vn 0.597252 0.201943 0.776214
vn 0.548829 0.279923 0.787673
vn 0.723984 0.313527 0.614449
vn 0.745774 0.224318 0.627297
vn 0.681331 0.008088 0.731931
vn 0.597252 0.201943 0.776214
vn 0.745774 0.224318 0.627297
vn 0.796331 0.028627 0.604184
vn -0.548829 0.279923 0.787673
vn -0.352528 0.225385 0.908254
vn -0.399069 0.119696 0.909075
vn -0.597252 0.201943 0.776214
vn -0.723984 0.313527 0.614449
vn -0.548829 0.279923 0.787673
vn -0.597252 0.201943 0.776214
vn -0.745774 0.224318 0.627297
vn -0.745774 0.224318 0.627297
vn -0.597252 0.201943 0.776214
vn -0.681331 0.008088 0.731931
vn -0.796331 0.028627 0.604184
vn -0.796331 0.028627 0.604184
vn -0.681331 0.008088 0.731931
vn -0.734599 -0.093450 0.672035
vn -0.851800 -0.005585 0.523837
vn -0.597252 0.201943 0.776214
vn -0.399069 0.119696 0.909075
vn -0.531953 -0.069798 0.843892
vn -0.681331 0.008088 0.731931
vn -0.681331 0.008088 0.731931
vn -0.531953 -0.069798 0.843892
vn -0.608312 -0.165171 0.776321
vn -0.734599 -0.093450 0.672035
vn 0.385701 0.172159 0.906419
vn 0.356071 0.213575 0.909725
vn 0.551795 0.278186 0.786216
vn 0.577606 0.249281 0.777323
vn 0.504391 0.062778 0.861190
vn 0.385701 0.172159 0.906419
vn 0.577606 0.249281 0.777323
vn 0.646495 0.137399 0.750444
vn 0.504391 0.062778 0.861190
vn 0.646495 0.137399 0.750444
vn 0.727738 -0.005280 0.685835
vn 0.603034 -0.076970 0.793994
vn 0.577606 0.249281 0.777323
vn 0.551795 0.278186 0.786216
vn 0.724621 0.304553 0.618200
vn 0.736671 0.259566 0.624452
vn 0.577606 0.249281 0.777323
vn 0.736671 0.259566 0.624452
vn 0.757440 0.161267 0.632675
vn 0.646495 0.137399 0.750444
vn 0.646495 0.137399 0.750444
vn 0.757440 0.161267 0.632675
vn 0.823315 0.067417 0.563567
vn 0.727738 -0.005280 0.685835
vn -0.551795 0.278186 0.786216
vn -0.356071 0.213575 0.909725
vn -0.385701 0.172159 0.906419
vn -0.577606 0.249281 0.777323
vn -0.724621 0.304553 0.618200
vn -0.551795 0.278186 0.786216
vn -0.577606 0.249281 0.777323
vn -0.736671 0.259566 0.624452
vn -0.757440 0.161267 0.632675
vn -0.736671 0.259566 0.624452
vn -0.577606 0.249281 0.777323
vn -0.646495 0.137399 0.750444
vn -0.823315 0.067417 0.563567
vn -0.757440 0.161267 0.632675
vn -0.646495 0.137399 0.750444
vn -0.727738 -0.005280 0.685835
vn -0.577606 0.249281 0.777323
vn -0.385701 0.172159 0.906419
vn -0.504391 0.062778 0.861190
vn -0.646495 0.137399 0.750444
vn -0.727738 -0.005280 0.685835
vn -0.646495 0.137399 0.750444
vn -0.504391 0.062778 0.861190
vn -0.603034 -0.076970 0.793994
vn 0.385701 0.172159 0.906419
vn 0.356034 0.213572 0.909740
vn 0.551795 0.278186 0.786216
vn 0.577606 0.249281 0.777323
vn 0.477596 0.151589 0.865403
vn 0.385701 0.172159 0.906419
vn 0.577606 0.249281 0.777323
vn 0.614258 0.218090 0.758369
vn 0.477596 0.151589 0.865403
vn 0.614258 0.218090 0.758369
vn 0.701978 0.162150 0.693494
vn 0.551262 0.106175 0.827549
vn 0.577606 0.249281 0.777323
vn 0.551795 0.278186 0.786216
vn 0.724621 0.304553 0.618200
vn 0.736671 0.259566 0.624452
vn 0.577606 0.249281 0.777323
vn 0.736671 0.259566 0.624452
vn 0.713022 0.259139 0.651495
vn 0.614258 0.218090 0.758369
vn 0.614258 0.218090 0.758369
vn 0.713022 0.259139 0.651495
vn 0.775897 0.222853 0.590186
vn 0.701978 0.162150 0.693494
vn -0.551795 0.278186 0.786216
vn -0.356034 0.213572 0.909740
vn -0.385701 0.172159 0.906419
vn -0.577606 0.249281 0.777323
vn -0.724621 0.304553 0.618200
vn -0.551795 0.278186 0.786216
vn -0.577606 0.249281 0.777323
vn -0.736671 0.259566 0.624452
vn -0.713022 0.259139 0.651495
vn -0.736671 0.259566 0.624452
vn -0.577606 0.249281 0.777323
vn -0.614258 0.218090 0.758369
vn -0.775897 0.222853 0.590186
vn -0.713022 0.259139 0.651495
vn -0.614258 0.218090 0.758369
vn -0.701978 0.162150 0.693494
vn -0.577606 0.249281 0.777323
vn -0.385701 0.172159 0.906419
vn -0.477596 0.151589 0.865403
vn -0.614258 0.218090 0.758369
vn -0.701978 0.162150 0.693494
vn -0.614258 0.218090 0.758369
vn -0.477596 0.151589 0.865403
vn -0.551262 0.106175 0.827549
vn 0.285778 -0.084476 0.954565
vn 0.252545 -0.164467 0.953505
vn 0.458766 -0.115637 0.881000
vn 0.473135 -0.040163 0.880074
vn 0.337233 0.105473 0.935494
vn 0.285778 -0.084476 0.954565
vn 0.473135 -0.040163 0.880074
vn 0.467411 0.123086 0.875430
vn 0.333302 0.240096 0.911737
vn 0.337233 0.105473 0.935494
vn 0.467411 0.123086 0.875430
vn 0.439813 0.222333 0.870134
vn 0.333302 0.240096 0.911737
vn 0.439813 0.222333 0.870134
vn 0.360310 0.271011 0.892597
vn 0.268356 0.300340 0.915304
vn 0.630496 -0.053256 0.774363
vn 0.473135 -0.040163 0.880074
vn 0.458766 -0.115637 0.881000
vn 0.643827 -0.119573 0.755770
vn 0.473135 -0.040163 0.880074
vn 0.630496 -0.053256 0.774363
vn 0.593944 0.088843 0.799586
vn 0.467411 0.123086 0.875430
vn 0.467411 0.123086 0.875430
vn 0.593944 0.088843 0.799586
vn 0.548849 0.182594 0.815735
vn 0.439813 0.222333 0.870134
vn 0.439813 0.222333 0.870134
vn 0.548849 0.182594 0.815735
vn 0.503603 0.220046 0.835442
vn 0.360310 0.271011 0.892597
vn -0.458766 -0.115637 0.881000
vn -0.252545 -0.164467 0.953505
vn -0.285778 -0.084476 0.954565
vn -0.473135 -0.040163 0.880074
vn -0.458766 -0.115637 0.881000
vn -0.473135 -0.040163 0.880074
vn -0.630496 -0.053256 0.774363
vn -0.643827 -0.119573 0.755770
vn -0.473135 -0.040163 0.880074
vn -0.285778 -0.084476 0.954565
vn -0.337233 0.105473 0.935494
vn -0.467411 0.123086 0.875430
vn -0.473135 -0.040163 0.880074
vn -0.467411 0.123086 0.875430
vn -0.593944 0.088843 0.799586
vn -0.630496 -0.053256 0.774363
vn -0.467411 0.123086 0.875430
vn -0.337233 0.105473 0.935494
vn -0.333302 0.240096 0.911737
vn -0.439813 0.222333 0.870134
vn -0.467411 0.123086 0.875430
vn -0.439813 0.222333 0.870134
vn -0.548849 0.182594 0.815735
vn -0.593944 0.088843 0.799586
vn -0.360310 0.271011 0.892597
vn -0.439813 0.222333 0.870134
vn -0.333302 0.240096 0.911737
vn -0.268356 0.300340 0.915304
vn -0.439813 0.222333 0.870134
vn -0.360310 0.271011 0.892597
vn -0.503603 0.220046 0.835442
vn -0.548849 0.182594 0.815735
vn 0.684941 0.015626 0.728431
vn 0.666694 0.205822 0.716349
vn 0.618442 0.072788 0.782452
vn 0.646490 0.009827 0.762860
vn 0.684941 0.015626 0.728431
vn 0.646490 0.009827 0.762860
vn 0.665170 -0.189281 0.722303
vn 0.719925 -0.157755 0.675885
vn 0.719925 -0.157755 0.675885
vn 0.665170 -0.189281 0.722303
vn 0.703559 -0.222699 0.674841
vn 0.714775 -0.190200 0.672994
vn 0.646490 0.009827 0.762860
vn 0.618442 0.072788 0.782452
vn 0.604433 0.050937 0.795026
vn 0.614360 0.001984 0.789024
vn 0.665170 -0.189281 0.722303
vn 0.646490 0.009827 0.762860
vn 0.614360 0.001984 0.789024
vn 0.596008 -0.247754 0.763802
vn 0.665170 -0.189281 0.722303
vn 0.596008 -0.247754 0.763802
vn 0.614965 -0.353994 0.704632
vn 0.703559 -0.222699 0.674841
vn -0.618442 0.072788 0.782452
vn -0.666694 0.205822 0.716349
vn -0.684941 0.015626 0.728431
vn -0.646490 0.009827 0.762860
vn -0.604433 0.050937 0.795026
vn -0.618442 0.072788 0.782452
vn -0.646490 0.009827 0.762860
vn -0.614360 0.001984 0.789024
vn -0.614360 0.001984 0.789024
vn -0.646490 0.009827 0.762860
vn -0.665170 -0.189281 0.722303
vn -0.596008 -0.247754 0.763802
vn -0.614965 -0.353994 0.704632
vn -0.596008 -0.247754 0.763802
vn -0.665170 -0.189281 0.722303
vn -0.703559 -0.222699 0.674841
vn -0.665170 -0.189281 0.722303
vn -0.646490 0.009827 0.762860
vn -0.684941 0.015626 0.728431
vn -0.719925 -0.157755 0.675885
vn -0.703559 -0.222699 0.674841
vn -0.665170 -0.189281 0.722303
vn -0.719925 -0.157755 0.675885
vn -0.714775 -0.190200 0.672994
vn 0.561067 0.450373 0.694527
vn 0.511381 0.350789 0.784498
vn 0.515561 0.397147 0.759257
vn 0.564822 0.423487 0.708263
vn 0.536768 0.446188 0.716098
vn 0.561067 0.450373 0.694527
vn 0.564822 0.423487 0.708263
vn 0.543429 0.393121 0.741714
vn 0.526544 0.400592 0.749851
vn 0.536768 0.446188 0.716098
vn 0.543429 0.393121 0.741714
vn 0.523800 0.375721 0.764504
vn 0.532289 0.376579 0.758193
vn 0.523800 0.375721 0.764504
vn 0.543429 0.393121 0.741714
vn 0.559050 0.390035 0.731666
vn 0.564822 0.423487 0.708263
vn 0.515561 0.397147 0.759257
vn 0.525147 0.429682 0.734571
vn 0.571654 0.440575 0.692174
vn 0.564822 0.423487 0.708263
vn 0.571654 0.440575 0.692174
vn 0.559050 0.390035 0.731666
vn 0.543429 0.393121 0.741714
vn -0.515561 0.397147 0.759257
vn -0.511381 0.350789 0.784498
vn -0.561067 0.450373 0.694527
vn -0.564822 0.423487 0.708263
vn -0.525147 0.429682 0.734571
vn -0.515561 0.397147 0.759257
vn -0.564822 0.423487 0.708263
vn -0.571654 0.440575 0.692174
vn -0.559050 0.390035 0.731666
vn -0.571654 0.440575 0.692174
vn -0.564822 0.423487 0.708263
vn -0.543429 0.393121 0.741714
vn -0.532289 0.376579 0.758193
vn -0.559050 0.390035 0.731666
vn -0.543429 0.393121 0.741714
vn -0.523800 0.375721 0.764504
vn -0.564822 0.423487 0.708263
vn -0.561067 0.450373 0.694527
vn -0.536768 0.446188 0.716098
vn -0.543429 0.393121 0.741714
vn -0.543429 0.393121 0.741714
vn -0.536768 0.446188 0.716098
vn -0.526544 0.400592 0.749851
vn -0.523800 0.375721 0.764504
vn 0.547000 0.358756 0.756363
vn 0.546564 0.340744 0.764958
vn 0.546688 0.343950 0.763434
vn 0.547329 0.366718 0.752296
vn 0.559115 0.418665 0.715618
vn 0.547000 0.358756 0.756363
vn 0.547329 0.366718 0.752296
vn 0.560860 0.390957 0.729787
vn 0.547974 0.388114 0.741008
vn 0.559115 0.418665 0.715618
vn 0.560860 0.390957 0.729787
vn 0.541744 0.366412 0.756476
vn 0.550385 0.366262 0.750286
vn 0.541744 0.366412 0.756476
vn 0.560860 0.390957 0.729787
vn 0.564639 0.404962 0.719158
vn 0.547329 0.366718 0.752296
vn 0.546688 0.343950 0.763434
vn 0.547057 0.347126 0.761730
vn 0.549244 0.373304 0.747646
vn 0.560860 0.390957 0.729787
vn 0.547329 0.366718 0.752296
vn 0.549244 0.373304 0.747646
vn 0.564639 0.404962 0.719158
vn -0.546688 0.343950 0.763434
vn -0.546564 0.340744 0.764958
vn -0.547000 0.358756 0.756363
vn -0.547329 0.366718 0.752296
vn -0.547057 0.347126 0.761730
vn -0.546688 0.343950 0.763434
vn -0.547329 0.366718 0.752296
vn -0.549244 0.373304 0.747646
vn -0.549244 0.373304 0.747646
vn -0.547329 0.366718 0.752296
vn -0.560860 0.390957 0.729787
vn -0.564639 0.404962 0.719158
vn -0.550385 0.366262 0.750286
vn -0.564639 0.404962 0.719158
vn -0.560860 0.390957 0.729787
vn -0.541744 0.366412 0.756476
vn -0.547329 0.366718 0.752296
vn -0.547000 0.358756 0.756363
vn -0.559115 0.418665 0.715618
vn -0.560860 0.390957 0.729787
vn -0.560860 0.390957 0.729787
vn -0.559115 0.418665 0.715618
vn -0.547974 0.388114 0.741008
vn -0.541744 0.366412 0.756476
vn 0.653661 0.201274 0.729532
vn 0.603398 0.316211 0.732067
vn 0.601842 0.321735 0.730939
vn 0.641793 0.236953 0.729353
vn 0.708202 -0.013428 0.705882
vn 0.653661 0.201274 0.729532
vn 0.641793 0.236953 0.729353
vn 0.701582 0.050479 0.710799
vn 0.721900 -0.060641 0.689336
vn 0.708202 -0.013428 0.705882
vn 0.701582 0.050479 0.710799
vn 0.725993 -0.045962 0.686165
vn 0.720138 -0.044131 0.692426
vn 0.725993 -0.045962 0.686165
vn 0.701582 0.050479 0.710799
vn 0.691163 0.090000 0.717073
vn 0.641793 0.236953 0.729353
vn 0.601842 0.321735 0.730939
vn 0.601233 0.326985 0.729109
vn 0.631711 0.266217 0.728059
vn 0.701582 0.050479 0.710799
vn 0.641793 0.236953 0.729353
vn 0.631711 0.266217 0.728059
vn 0.691163 0.090000 0.717073
vn -0.601842 0.321735 0.730939
vn -0.603398 0.316211 0.732067
vn -0.653661 0.201274 0.729532
vn -0.641793 0.236953 0.729353
vn -0.601233 0.326985 0.729109
vn -0.601842 0.321735 0.730939
vn -0.641793 0.236953 0.729353
vn -0.631711 0.266217 0.728059
vn -0.631711 0.266217 0.728059
vn -0.641793 0.236953 0.729353
vn -0.701582 0.050479 0.710799
vn -0.691163 0.090000 0.717073
vn -0.720138 -0.044131 0.692426
vn -0.691163 0.090000 0.717073
vn -0.701582 0.050479 0.710799
vn -0.725993 -0.045962 0.686165
vn -0.641793 0.236953 0.729353
vn -0.653661 0.201274 0.729532
vn -0.708202 -0.013428 0.705882
vn -0.701582 0.050479 0.710799
vn -0.701582 0.050479 0.710799
vn -0.708202 -0.013428 0.705882
vn -0.721900 -0.060641 0.689336
vn -0.725993 -0.045962 0.686165
vn 0.759412 0.375113 0.531586
vn 0.737535 0.288257 0.610696
vn 0.655527 0.329396 0.679546
vn 0.673126 0.311781 0.670592
vn 0.716871 0.466246 0.518373
vn 0.759412 0.375113 0.531586
vn 0.673126 0.311781 0.670592
vn 0.685958 0.283771 0.670027
vn 0.708304 0.389402 0.588788
vn 0.716871 0.466246 0.518373
vn 0.685958 0.283771 0.670027
vn 0.697396 0.284257 0.657904
vn 0.649603 0.196483 0.734446
vn 0.697396 0.284257 0.657904
vn 0.685958 0.283771 0.670027
vn 0.613031 0.209817 0.761689
vn 0.673126 0.311781 0.670592
vn 0.655527 0.329396 0.679546
vn 0.557866 0.313405 0.768481
vn 0.577086 0.261488 0.773690
vn 0.685958 0.283771 0.670027
vn 0.673126 0.311781 0.670592
vn 0.577086 0.261488 0.773690
vn 0.613031 0.209817 0.761689
vn -0.655527 0.329396 0.679546
vn -0.737535 0.288257 0.610696
vn -0.759412 0.375113 0.531586
vn -0.673126 0.311781 0.670592
vn -0.557866 0.313405 0.768481
vn -0.655527 0.329396 0.679546
vn -0.673126 0.311781 0.670592
vn -0.577086 0.261488 0.773690
vn -0.577086 0.261488 0.773690
vn -0.673126 0.311781 0.670592
vn -0.685958 0.283771 0.670027
vn -0.613031 0.209817 0.761689
vn -0.649603 0.196483 0.734446
vn -0.613031 0.209817 0.761689
vn -0.685958 0.283771 0.670027
vn -0.697396 0.284257 0.657904
vn -0.673126 0.311781 0.670592
vn -0.759412 0.375113 0.531586
vn -0.716871 0.466246 0.518373
vn -0.685958 0.283771 0.670027
vn -0.685958 0.283771 0.670027
vn -0.716871 0.466246 0.518373
vn -0.708304 0.389402 0.588788
vn -0.697396 0.284257 0.657904
vn 0.594113 0.334885 0.731356
vn 0.590842 0.369581 0.717158
vn 0.590816 0.367112 0.718446
vn 0.591734 0.356982 0.722783
vn 0.603712 0.415374 0.680438
vn 0.594113 0.334885 0.731356
vn 0.591734 0.356982 0.722783
vn 0.608404 0.397668 0.686808
vn 0.599251 0.420163 0.681440
vn 0.603712 0.415374 0.680438
vn 0.608404 0.397668 0.686808
vn 0.598701 0.412837 0.686384
vn 0.601327 0.412869 0.684065
vn 0.598701 0.412837 0.686384
vn 0.608404 0.397668 0.686808
vn 0.609743 0.405570 0.680975
vn 0.591734 0.356982 0.722783
vn 0.590816 0.367112 0.718446
vn 0.590364 0.365071 0.719857
vn 0.592348 0.366780 0.717354
vn 0.608404 0.397668 0.686808
vn 0.591734 0.356982 0.722783
vn 0.592348 0.366780 0.717354
vn 0.609743 0.405570 0.680975
vn -0.590816 0.367112 0.718446
vn -0.590842 0.369581 0.717158
vn -0.594113 0.334885 0.731356
vn -0.591734 0.356982 0.722783
vn -0.590364 0.365071 0.719857
vn -0.590816 0.367112 0.718446
vn -0.591734 0.356982 0.722783
vn -0.592348 0.366780 0.717354
vn -0.592348 0.366780 0.717354
vn -0.591734 0.356982 0.722783
vn -0.608404 0.397668 0.686808
vn -0.609743 0.405570 0.680975
vn -0.601327 0.412869 0.684065
vn -0.609743 0.405570 0.680975
vn -0.608404 0.397668 0.686808
vn -0.598701 0.412837 0.686384
vn -0.591734 0.356982 0.722783
vn -0.594113 0.334885 0.731356
vn -0.603712 0.415374 0.680438
vn -0.608404 0.397668 0.686808
vn -0.608404 0.397668 0.686808
vn -0.603712 0.415374 0.680438
vn -0.599251 0.420163 0.681440
vn -0.598701 0.412837 0.686384
vn 0.584839 0.434868 0.684728
vn 0.594214 0.414790 0.689099
vn 0.593476 0.411734 0.691564
vn 0.584603 0.423825 0.691818
vn 0.563872 0.443810 0.696478
vn 0.584839 0.434868 0.684728
vn 0.584603 0.423825 0.691818
vn 0.563443 0.423239 0.709507
vn 0.552496 0.427915 0.715288
vn 0.563872 0.443810 0.696478
vn 0.563443 0.423239 0.709507
vn 0.547584 0.416288 0.725849
vn 0.556126 0.412380 0.721572
vn 0.547584 0.416288 0.725849
vn 0.563443 0.423239 0.709507
vn 0.568571 0.413503 0.711156
vn 0.584603 0.423825 0.691818
vn 0.593476 0.411734 0.691564
vn 0.592601 0.409116 0.693865
vn 0.583230 0.417264 0.696946
vn 0.563443 0.423239 0.709507
vn 0.584603 0.423825 0.691818
vn 0.583230 0.417264 0.696946
vn 0.568571 0.413503 0.711156
vn -0.593476 0.411734 0.691564
vn -0.594214 0.414790 0.689099
vn -0.584839 0.434868 0.684728
vn -0.584603 0.423825 0.691818
vn -0.592601 0.409116 0.693865
vn -0.593476 0.411734 0.691564
vn -0.584603 0.423825 0.691818
vn -0.583230 0.417264 0.696946
vn -0.583230 0.417264 0.696946
vn -0.584603 0.423825 0.691818
vn -0.563443 0.423239 0.709507
vn -0.568571 0.413503 0.711156
vn -0.556126 0.412380 0.721572
vn -0.568571 0.413503 0.711156
vn -0.563443 0.423239 0.709507
vn -0.547584 0.416288 0.725849
vn -0.584603 0.423825 0.691818
vn -0.584839 0.434868 0.684728
vn -0.563872 0.443810 0.696478
vn -0.563443 0.423239 0.709507
vn -0.563443 0.423239 0.709507
vn -0.563872 0.443810 0.696478
vn -0.552496 0.427915 0.715288
vn -0.547584 0.416288 0.725849
vn 0.212933 0.380239 0.900043
vn 0.255656 0.428270 0.866733
vn 0.241894 0.395252 0.886151
vn 0.205088 0.377612 0.902966
vn 0.224652 0.345050 0.911303
vn 0.212933 0.380239 0.900043
vn 0.205088 0.377612 0.902966
vn 0.214552 0.353050 0.910672
vn 0.224652 0.345050 0.911303
vn 0.214552 0.353050 0.910672
vn 0.243057 0.343161 0.907284
vn 0.260848 0.319171 0.911092
vn 0.216684 0.373674 0.901896
vn 0.205088 0.377612 0.902966
vn 0.241894 0.395252 0.886151
vn 0.270215 0.358659 0.893503
vn 0.214552 0.353050 0.910672
vn 0.205088 0.377612 0.902966
vn 0.216684 0.373674 0.901896
vn 0.223160 0.363550 0.904450
vn 0.243057 0.343161 0.907284
vn 0.214552 0.353050 0.910672
vn 0.223160 0.363550 0.904450
vn 0.258130 0.380603 0.887981
vn -0.241894 0.395252 0.886151
vn -0.255656 0.428270 0.866733
vn -0.212933 0.380239 0.900043
vn -0.205088 0.377612 0.902966
vn -0.241894 0.395252 0.886151
vn -0.205088 0.377612 0.902966
vn -0.216684 0.373674 0.901896
vn -0.270215 0.358659 0.893503
vn -0.205088 0.377612 0.902966
vn -0.212933 0.380239 0.900043
vn -0.224652 0.345050 0.911303
vn -0.214552 0.353050 0.910672
vn -0.216684 0.373674 0.901896
vn -0.205088 0.377612 0.902966
vn -0.214552 0.353050 0.910672
vn -0.223160 0.363550 0.904450
vn -0.223160 0.363550 0.904450
vn -0.214552 0.353050 0.910672
vn -0.243057 0.343161 0.907284
vn -0.258130 0.380603 0.887981
vn -0.243057 0.343161 0.907284
vn -0.214552 0.353050 0.910672
vn -0.224652 0.345050 0.911303
vn -0.260848 0.319171 0.911092
vn 0.692812 0.411488 0.592191
vn 0.696935 0.271407 0.663792
vn 0.691729 0.326591 0.644088
vn 0.689824 0.394918 0.606781
vn 0.623486 0.520269 0.583597
vn 0.692812 0.411488 0.592191
vn 0.689824 0.394918 0.606781
vn 0.640778 0.459434 0.615081
vn 0.605323 0.510927 0.610359
vn 0.623486 0.520269 0.583597
vn 0.640778 0.459434 0.615081
vn 0.608593 0.486697 0.626691
vn 0.609164 0.486935 0.625950
vn 0.608593 0.486697 0.626691
vn 0.640778 0.459434 0.615081
vn 0.647625 0.421750 0.634593
vn 0.689824 0.394918 0.606781
vn 0.691729 0.326591 0.644088
vn 0.684145 0.348802 0.640533
vn 0.681597 0.384487 0.622572
vn 0.640778 0.459434 0.615081
vn 0.689824 0.394918 0.606781
vn 0.681597 0.384487 0.622572
vn 0.647625 0.421750 0.634593
vn -0.691729 0.326591 0.644088
vn -0.696935 0.271407 0.663792
vn -0.692812 0.411488 0.592191
vn -0.689824 0.394918 0.606781
vn -0.684145 0.348802 0.640533
vn -0.691729 0.326591 0.644088
vn -0.689824 0.394918 0.606781
vn -0.681597 0.384487 0.622572
vn -0.681597 0.384487 0.622572
vn -0.689824 0.394918 0.606781
vn -0.640778 0.459434 0.615081
vn -0.647625 0.421750 0.634593
vn -0.609164 0.486935 0.625950
vn -0.647625 0.421750 0.634593
vn -0.640778 0.459434 0.615081
vn -0.608593 0.486697 0.626691
vn -0.689824 0.394918 0.606781
vn -0.692812 0.411488 0.592191
vn -0.623486 0.520269 0.583597
vn -0.640778 0.459434 0.615081
vn -0.640778 0.459434 0.615081
vn -0.623486 0.520269 0.583597
vn -0.605323 0.510927 0.610359
vn -0.608593 0.486697 0.626691
vn 0.563752 0.490292 0.664679
vn 0.554206 0.507023 0.660139
vn 0.530178 0.512080 0.675785
vn 0.547459 0.482972 0.683393
vn 0.540623 0.477600 0.692549
vn 0.563752 0.490292 0.664679
vn 0.547459 0.482972 0.683393
vn 0.538394 0.466216 0.701979
vn 0.539794 0.509885 0.669806
vn 0.540623 0.477600 0.692549
vn 0.538394 0.466216 0.701979
vn 0.531401 0.510526 0.676001
vn 0.516839 0.488487 0.703035
vn 0.531401 0.510526 0.676001
vn 0.538394 0.466216 0.701979
vn 0.542672 0.456210 0.705251
vn 0.547459 0.482972 0.683393
vn 0.530178 0.512080 0.675785
vn 0.517442 0.520372 0.679313
vn 0.537744 0.493065 0.683899
vn 0.538394 0.466216 0.701979
vn 0.547459 0.482972 0.683393
vn 0.537744 0.493065 0.683899
vn 0.542672 0.456210 0.705251
vn -0.530178 0.512080 0.675785
vn -0.554206 0.507023 0.660139
vn -0.563752 0.490292 0.664679
vn -0.547459 0.482972 0.683393
vn -0.517442 0.520372 0.679313
vn -0.530178 0.512080 0.675785
vn -0.547459 0.482972 0.683393
vn -0.537744 0.493065 0.683899
vn -0.537744 0.493065 0.683899
vn -0.547459 0.482972 0.683393
vn -0.538394 0.466216 0.701979
vn -0.542672 0.456210 0.705251
vn -0.516839 0.488487 0.703035
vn -0.542672 0.456210 0.705251
vn -0.538394 0.466216 0.701979
vn -0.531401 0.510526 0.676001
vn -0.547459 0.482972 0.683393
vn -0.563752 0.490292 0.664679
vn -0.540623 0.477600 0.692549
vn -0.538394 0.466216 0.701979
vn -0.538394 0.466216 0.701979
vn -0.540623 0.477600 0.692549
vn -0.539794 0.509885 0.669806
vn -0.531401 0.510526 0.676001
vn 0.468259 0.328847 0.820118
vn 0.487518 0.403681 0.774188
vn 0.316152 0.308400 0.897183
vn 0.280009 0.275492 0.919619
vn 0.468259 0.328847 0.820118
vn 0.280009 0.275492 0.919619
vn 0.362842 0.274550 0.890487
vn 0.482876 0.295580 0.824296
vn 0.280009 0.275492 0.919619
vn 0.316152 0.308400 0.897183
vn 0.103428 0.227365 0.968301
vn 0.087529 0.253399 0.963394
vn 0.280009 0.275492 0.919619
vn 0.087529 0.253399 0.963394
vn 0.131996 0.247574 0.959836
vn 0.362842 0.274550 0.890487
vn -0.316152 0.308400 0.897183
vn -0.487518 0.403681 0.774188
vn -0.468259 0.328847 0.820118
vn -0.280009 0.275492 0.919619
vn -0.103428 0.227365 0.968301
vn -0.316152 0.308400 0.897183
vn -0.280009 0.275492 0.919619
vn -0.087529 0.253399 0.963394
vn -0.131996 0.247574 0.959836
vn -0.087529 0.253399 0.963394
vn -0.280009 0.275492 0.919619
vn -0.362842 0.274550 0.890487
vn -0.362842 0.274550 0.890487
vn -0.280009 0.275492 0.919619
vn -0.468259 0.328847 0.820118
vn -0.482876 0.295580 0.824296
vn 0.656566 -0.075261 0.750505
vn 0.626712 -0.180338 0.758097
vn 0.626951 -0.088718 0.773991
vn 0.650517 -0.099554 0.752939
vn 0.656566 -0.075261 0.750505
vn 0.650517 -0.099554 0.752939
vn 0.651125 -0.100896 0.752234
vn 0.645322 -0.073703 0.760347
vn 0.650517 -0.099554 0.752939
vn 0.626951 -0.088718 0.773991
vn 0.629313 -0.058018 0.774983
vn 0.639079 -0.065525 0.766345
vn 0.650517 -0.099554 0.752939
vn 0.639079 -0.065525 0.766345
vn 0.629093 -0.197307 0.751872
vn 0.651125 -0.100896 0.752234
vn -0.626951 -0.088718 0.773991
vn -0.626712 -0.180338 0.758097
vn -0.656566 -0.075261 0.750505
vn -0.650517 -0.099554 0.752939
vn -0.629313 -0.058018 0.774983
vn -0.626951 -0.088718 0.773991
vn -0.650517 -0.099554 0.752939
vn -0.639079 -0.065525 0.766345
vn -0.629093 -0.197307 0.751872
vn -0.639079 -0.065525 0.766345
vn -0.650517 -0.099554 0.752939
vn -0.651125 -0.100896 0.752234
vn -0.651125 -0.100896 0.752234
vn -0.650517 -0.099554 0.752939
vn -0.656566 -0.075261 0.750505
vn -0.645322 -0.073703 0.760347
vn 0.658241 -0.048648 0.751234
vn 0.661841 0.150185 0.734446
vn 0.591247 -0.064151 0.803935
vn 0.628338 -0.122475 0.768239
vn 0.658241 -0.048648 0.751234
vn 0.628338 -0.122475 0.768239
vn 0.653292 -0.114355 0.748420
vn 0.641175 -0.070316 0.764167
vn 0.628338 -0.122475 0.768239
vn 0.591247 -0.064151 0.803935
vn 0.578576 -0.069217 0.812686
vn 0.585689 -0.090611 0.805455
vn 0.628338 -0.122475 0.768239
vn 0.585689 -0.090611 0.805455
vn 0.583556 -0.301254 0.754128
vn 0.653292 -0.114355 0.748420
vn -0.591247 -0.064151 0.803935
vn -0.661841 0.150185 0.734446
vn -0.658241 -0.048648 0.751234
vn -0.628338 -0.122475 0.768239
vn -0.578576 -0.069217 0.812686
vn -0.591247 -0.064151 0.803935
vn -0.628338 -0.122475 0.768239
vn -0.585689 -0.090611 0.805455
vn -0.583556 -0.301254 0.754128
vn -0.585689 -0.090611 0.805455
vn -0.628338 -0.122475 0.768239
vn -0.653292 -0.114355 0.748420
vn -0.653292 -0.114355 0.748420
vn -0.628338 -0.122475 0.768239
vn -0.658241 -0.048648 0.751234
vn -0.641175 -0.070316 0.764167
vn 0.571505 0.109137 0.813309
vn 0.472439 0.020570 0.881123
vn 0.434316 0.175820 0.883435
vn 0.544152 0.232401 0.806157
vn 0.571505 0.109137 0.813309
vn 0.544152 0.232401 0.806157
vn 0.609314 0.116797 0.784280
vn 0.584657 0.085088 0.806806
vn 0.544152 0.232401 0.806157
vn 0.434316 0.175820 0.883435
vn 0.426013 0.261211 0.866188
vn 0.466034 0.320364 0.824730
vn 0.544152 0.232401 0.806157
vn 0.466034 0.320364 0.824730
vn 0.575551 0.239266 0.781980
vn 0.609314 0.116797 0.784280
vn -0.434316 0.175820 0.883435
vn -0.472439 0.020570 0.881123
vn -0.571505 0.109137 0.813309
vn -0.544152 0.232401 0.806157
vn -0.426013 0.261211 0.866188
vn -0.434316 0.175820 0.883435
vn -0.544152 0.232401 0.806157
vn -0.466034 0.320364 0.824730
vn -0.575551 0.239266 0.781980
vn -0.466034 0.320364 0.824730
vn -0.544152 0.232401 0.806157
vn -0.609314 0.116797 0.784280
vn -0.609314 0.116797 0.784280
vn -0.544152 0.232401 0.806157
vn -0.571505 0.109137 0.813309
vn -0.584657 0.085088 0.806806
vn 0.612494 0.059604 0.788225
vn 0.470607 -0.001221 0.882342
vn 0.463001 0.183174 0.867224
vn 0.605596 0.176616 0.775925
vn 0.612494 0.059604 0.788225
vn 0.605596 0.176616 0.775925
vn 0.628012 0.017335 0.778011
vn 0.645457 0.010743 0.763721
vn 0.605596 0.176616 0.775925
vn 0.463001 0.183174 0.867224
vn 0.504151 0.310261 0.805959
vn 0.596081 0.258380 0.760216
vn 0.605596 0.176616 0.775925
vn 0.596081 0.258380 0.760216
vn 0.619447 0.016664 0.784861
vn 0.628012 0.017335 0.778011
vn -0.463001 0.183174 0.867224
vn -0.470607 -0.001221 0.882342
vn -0.612494 0.059604 0.788225
vn -0.605596 0.176616 0.775925
vn -0.504151 0.310261 0.805959
vn -0.463001 0.183174 0.867224
vn -0.605596 0.176616 0.775925
vn -0.596081 0.258380 0.760216
vn -0.619447 0.016664 0.784861
vn -0.596081 0.258380 0.760216
vn -0.605596 0.176616 0.775925
vn -0.628012 0.017335 0.778011
vn -0.628012 0.017335 0.778011
vn -0.605596 0.176616 0.775925
vn -0.612494 0.059604 0.788225
vn -0.645457 0.010743 0.763721
vn 0.488493 0.347677 0.800310
vn 0.486021 0.371879 0.790879
vn 0.304246 0.381886 0.872695
vn 0.245863 0.328326 0.912005
vn 0.488493 0.347677 0.800310
vn 0.245863 0.328326 0.912005
vn 0.289688 0.303209 0.907825
vn 0.479459 0.334096 0.811479
vn 0.245863 0.328326 0.912005
vn 0.304246 0.381886 0.872695
vn 0.009217 0.310349 0.950578
vn -0.045748 0.273115 0.960893
vn 0.245863 0.328326 0.912005
vn -0.045748 0.273115 0.960893
vn -0.014008 0.272690 0.962000
vn 0.289688 0.303209 0.907825
vn -0.304246 0.381886 0.872695
vn -0.486021 0.371879 0.790879
vn -0.488493 0.347677 0.800310
vn -0.245863 0.328326 0.912005
vn -0.009217 0.310349 0.950578
vn -0.304246 0.381886 0.872695
vn -0.245863 0.328326 0.912005
vn 0.045748 0.273115 0.960893
vn 0.014008 0.272690 0.962000
vn 0.045748 0.273115 0.960893
vn -0.245863 0.328326 0.912005
vn -0.289688 0.303209 0.907825
vn -0.289688 0.303209 0.907825
vn -0.245863 0.328326 0.912005
vn -0.488493 0.347677 0.800310
vn -0.479459 0.334096 0.811479
vn 0.626315 0.177195 0.759165
vn 0.551298 0.257368 0.793620
vn 0.462491 0.325703 0.824633
vn 0.568943 0.237991 0.787188
vn 0.626315 0.177195 0.759165
vn 0.568943 0.237991 0.787188
vn 0.622586 0.091923 0.777134
vn 0.623174 0.109809 0.774336
vn 0.568943 0.237991 0.787188
vn 0.462491 0.325703 0.824633
vn 0.425677 0.361557 0.829503
vn 0.489557 0.294113 0.820872
vn 0.568943 0.237991 0.787188
vn 0.489557 0.294113 0.820872
vn 0.556214 0.074955 0.827652
vn 0.622586 0.091923 0.777134
vn -0.462491 0.325703 0.824633
vn -0.551298 0.257368 0.793620
vn -0.626315 0.177195 0.759165
vn -0.568943 0.237991 0.787188
vn -0.425677 0.361557 0.829503
vn -0.462491 0.325703 0.824633
vn -0.568943 0.237991 0.787188
vn -0.489557 0.294113 0.820872
vn -0.556214 0.074955 0.827652
vn -0.489557 0.294113 0.820872
vn -0.568943 0.237991 0.787188
vn -0.622586 0.091923 0.777134
vn -0.622586 0.091923 0.777134
vn -0.568943 0.237991 0.787188
vn -0.626315 0.177195 0.759165
vn -0.623174 0.109809 0.774336
vn 0.698742 0.040164 0.714246
vn 0.597480 0.076390 0.798237
vn 0.583094 0.179482 0.792331
vn 0.649355 0.086400 0.755562
vn 0.698742 0.040164 0.714246
vn 0.649355 0.086400 0.755562
vn 0.708451 -0.040896 0.704575
vn 0.716839 -0.027498 0.696696
vn 0.649355 0.086400 0.755562
vn 0.583094 0.179482 0.792331
vn 0.561825 0.178323 0.807808
vn 0.573970 0.115606 0.810675
vn 0.649355 0.086400 0.755562
vn 0.573970 0.115606 0.810675
vn 0.636085 -0.061313 0.769179
vn 0.708451 -0.040896 0.704575
vn -0.583094 0.179482 0.792331
vn -0.597480 0.076390 0.798237
vn -0.698742 0.040164 0.714246
vn -0.649355 0.086400 0.755562
vn -0.561825 0.178323 0.807808
vn -0.583094 0.179482 0.792331
vn -0.649355 0.086400 0.755562
vn -0.573970 0.115606 0.810675
vn -0.636085 -0.061313 0.769179
vn -0.573970 0.115606 0.810675
vn -0.649355 0.086400 0.755562
vn -0.708451 -0.040896 0.704575
vn -0.708451 -0.040896 0.704575
vn -0.649355 0.086400 0.755562
vn -0.698742 0.040164 0.714246
vn -0.716839 -0.027498 0.696696
vn 0.673989 0.103277 0.731487
vn 0.660722 0.306510 0.685199
vn 0.606722 0.278213 0.744638
vn 0.650616 0.092841 0.753711
vn 0.673989 0.103277 0.731487
vn 0.650616 0.092841 0.753711
vn 0.666630 -0.033479 0.744637
vn 0.629150 0.065585 0.774512
vn 0.650616 0.092841 0.753711
vn 0.606722 0.278213 0.744638
vn 0.572074 0.214730 0.791595
vn 0.575931 0.073064 0.814227
vn 0.650616 0.092841 0.753711
vn 0.575931 0.073064 0.814227
vn 0.586005 -0.141244 0.797902
vn 0.666630 -0.033479 0.744637
vn -0.606722 0.278213 0.744638
vn -0.660722 0.306510 0.685199
vn -0.673989 0.103277 0.731487
vn -0.650616 0.092841 0.753711
vn -0.572074 0.214730 0.791595
vn -0.606722 0.278213 0.744638
vn -0.650616 0.092841 0.753711
vn -0.575931 0.073064 0.814227
vn -0.586005 -0.141244 0.797902
vn -0.575931 0.073064 0.814227
vn -0.650616 0.092841 0.753711
vn -0.666630 -0.033479 0.744637
vn -0.666630 -0.033479 0.744637
vn -0.650616 0.092841 0.753711
vn -0.673989 0.103277 0.731487
vn -0.629150 0.065585 0.774512
vn 0.652054 0.142069 0.744743
vn 0.619365 0.189008 0.762013
vn 0.556758 0.227458 0.798926
vn 0.613112 0.152324 0.775172
vn 0.652054 0.142069 0.744743
vn 0.613112 0.152324 0.775172
vn 0.645291 0.074588 0.760287
vn 0.646492 0.118019 0.753737
vn 0.613112 0.152324 0.775172
vn 0.556758 0.227458 0.798926
vn 0.541586 0.259684 0.799530
vn 0.565552 0.192149 0.802016
vn 0.613112 0.152324 0.775172
vn 0.565552 0.192149 0.802016
vn 0.586333 0.007294 0.810038
vn 0.645291 0.074588 0.760287
vn -0.556758 0.227458 0.798926
vn -0.619365 0.189008 0.762013
vn -0.652054 0.142069 0.744743
vn -0.613112 0.152324 0.775172
vn -0.541586 0.259684 0.799530
vn -0.556758 0.227458 0.798926
vn -0.613112 0.152324 0.775172
vn -0.565552 0.192149 0.802016
vn -0.586333 0.007294 0.810038
vn -0.565552 0.192149 0.802016
vn -0.613112 0.152324 0.775172
vn -0.645291 0.074588 0.760287
vn -0.645291 0.074588 0.760287
vn -0.613112 0.152324 0.775172
vn -0.652054 0.142069 0.744743
vn -0.646492 0.118019 0.753737
vn 0.671937 0.147041 0.725864
vn 0.600772 0.174540 0.780134
vn 0.506861 0.247632 0.825694
vn 0.606969 0.169200 0.776505
vn 0.671937 0.147041 0.725864
vn 0.606969 0.169200 0.776505
vn 0.656715 0.046084 0.752729
vn 0.664980 0.107732 0.739050
vn 0.606969 0.169200 0.776505
vn 0.506861 0.247632 0.825694
vn 0.477442 0.267775 0.836866
vn 0.506252 0.215465 0.835035
vn 0.606969 0.169200 0.776505
vn 0.506252 0.215465 0.835035
vn 0.533600 -0.020997 0.845477
vn 0.656715 0.046084 0.752729
vn -0.506861 0.247632 0.825694
vn -0.600772 0.174540 0.780134
vn -0.671937 0.147041 0.725864
vn -0.606969 0.169200 0.776505
vn -0.477442 0.267775 0.836866
vn -0.506861 0.247632 0.825694
vn -0.606969 0.169200 0.776505
vn -0.506252 0.215465 0.835035
vn -0.533600 -0.020997 0.845477
vn -0.506252 0.215465 0.835035
vn -0.606969 0.169200 0.776505
vn -0.656715 0.046084 0.752729
vn -0.656715 0.046084 0.752729
vn -0.606969 0.169200 0.776505
vn -0.671937 0.147041 0.725864
vn -0.664980 0.107732 0.739050
vn 0.576353 0.192148 0.794290
vn 0.445607 0.206827 0.871010
vn 0.470067 0.380278 0.796508
vn 0.522852 0.283491 0.803902
vn 0.576353 0.192148 0.794290
vn 0.522852 0.283491 0.803902
vn 0.589336 0.127176 0.797816
vn 0.626468 0.113562 0.771130
vn 0.522852 0.283491 0.803902
vn 0.470067 0.380278 0.796508
vn 0.441089 0.386765 0.809848
vn 0.445946 0.308641 0.840162
vn 0.522852 0.283491 0.803902
vn 0.445946 0.308641 0.840162
vn 0.507105 0.157875 0.847301
vn 0.589336 0.127176 0.797816
vn -0.470067 0.380278 0.796508
vn -0.445607 0.206827 0.871010
vn -0.576353 0.192148 0.794290
vn -0.522852 0.283491 0.803902
vn -0.441089 0.386765 0.809848
vn -0.470067 0.380278 0.796508
vn -0.522852 0.283491 0.803902
vn -0.445946 0.308641 0.840162
vn -0.507105 0.157875 0.847301
vn -0.445946 0.308641 0.840162
vn -0.522852 0.283491 0.803902
vn -0.589336 0.127176 0.797816
vn -0.589336 0.127176 0.797816
vn -0.522852 0.283491 0.803902
vn -0.576353 0.192148 0.794290
vn -0.626468 0.113562 0.771130
vn 0.531858 0.299118 0.792247
vn 0.447386 0.413479 0.793020
vn 0.325702 0.445093 0.834153
vn 0.343982 0.314042 0.884903
vn 0.531858 0.299118 0.792247
vn 0.343982 0.314042 0.884903
vn 0.432831 0.156139 0.887850
vn 0.602816 0.138954 0.785687
vn 0.343982 0.314042 0.884903
vn 0.325702 0.445093 0.834153
vn 0.121985 0.429312 0.894880
vn 0.132056 0.314346 0.940078
vn 0.343982 0.314042 0.884903
vn 0.132056 0.314346 0.940078
vn 0.175852 0.178812 0.968040
vn 0.432831 0.156139 0.887850
vn -0.325702 0.445093 0.834153
vn -0.447386 0.413479 0.793020
vn -0.531858 0.299118 0.792247
vn -0.343982 0.314042 0.884903
vn -0.121985 0.429312 0.894880
vn -0.325702 0.445093 0.834153
vn -0.343982 0.314042 0.884903
vn -0.132056 0.314346 0.940078
vn -0.175852 0.178812 0.968040
vn -0.132056 0.314346 0.940078
vn -0.343982 0.314042 0.884903
vn -0.432831 0.156139 0.887850
vn -0.432831 0.156139 0.887850
vn -0.343982 0.314042 0.884903
vn -0.531858 0.299118 0.792247
vn -0.602816 0.138954 0.785687
vn 0.693938 0.303358 0.653012
vn 0.627017 0.178110 0.758371
vn 0.546755 0.307086 0.778946
vn 0.627602 0.263749 0.732497
vn 0.693938 0.303358 0.653012
vn 0.627602 0.263749 0.732497
vn 0.682376 0.248059 0.687626
vn 0.701690 0.293012 0.649442
vn 0.627602 0.263749 0.732497
vn 0.546755 0.307086 0.778946
vn 0.526057 0.340165 0.779456
vn 0.559941 0.280291 0.779681
vn 0.627602 0.263749 0.732497
vn 0.559941 0.280291 0.779681
vn 0.584961 0.097936 0.805127
vn 0.682376 0.248059 0.687626
vn -0.546755 0.307086 0.778946
vn -0.627017 0.178110 0.758371
vn -0.693938 0.303358 0.653012
vn -0.627602 0.263749 0.732497
vn -0.526057 0.340165 0.779456
vn -0.546755 0.307086 0.778946
vn -0.627602 0.263749 0.732497
vn -0.559941 0.280291 0.779681
vn -0.584961 0.097936 0.805127
vn -0.559941 0.280291 0.779681
vn -0.627602 0.263749 0.732497
vn -0.682376 0.248059 0.687626
vn -0.682376 0.248059 0.687626
vn -0.627602 0.263749 0.732497
vn -0.693938 0.303358 0.653012
vn -0.701690 0.293012 0.649442
vn 0.567042 0.234660 0.789556
vn 0.484308 0.414938 0.770242
vn 0.461178 0.444789 0.767775
vn 0.510860 0.294296 0.807720
vn 0.567042 0.234660 0.789556
vn 0.510860 0.294296 0.807720
vn 0.583529 0.134987 0.800795
vn 0.590999 0.140479 0.794346
vn 0.510860 0.294296 0.807720
vn 0.461178 0.444789 0.767775
vn 0.430508 0.414211 0.801930
vn 0.437188 0.306993 0.845353
vn 0.510860 0.294296 0.807720
vn 0.437188 0.306993 0.845353
vn 0.524383 0.135933 0.840562
vn 0.583529 0.134987 0.800795
vn -0.461178 0.444789 0.767775
vn -0.484308 0.414938 0.770242
vn -0.567042 0.234660 0.789556
vn -0.510860 0.294296 0.807720
vn -0.430508 0.414211 0.801930
vn -0.461178 0.444789 0.767775
vn -0.510860 0.294296 0.807720
vn -0.437188 0.306993 0.845353
vn -0.524383 0.135933 0.840562
vn -0.437188 0.306993 0.845353
vn -0.510860 0.294296 0.807720
vn -0.583529 0.134987 0.800795
vn -0.583529 0.134987 0.800795
vn -0.510860 0.294296 0.807720
vn -0.567042 0.234660 0.789556
vn -0.590999 0.140479 0.794346
vn 0.542084 0.398399 0.739880
vn 0.483303 0.460261 0.744700
vn 0.425680 0.489007 0.761359
vn 0.462250 0.401333 0.790732
vn 0.542084 0.398399 0.739880
vn 0.462250 0.401333 0.790732
vn 0.517767 0.323387 0.792047
vn 0.572943 0.343528 0.744127
vn 0.462250 0.401333 0.790732
vn 0.425680 0.489007 0.761359
vn 0.375757 0.457367 0.805992
vn 0.395046 0.364282 0.843349
vn 0.462250 0.401333 0.790732
vn 0.395046 0.364282 0.843349
vn 0.420095 0.247998 0.872936
vn 0.517767 0.323387 0.792047
vn -0.425680 0.489007 0.761359
vn -0.483303 0.460261 0.744700
vn -0.542084 0.398399 0.739880
vn -0.462250 0.401333 0.790732
vn -0.375757 0.457367 0.805992
vn -0.425680 0.489007 0.761359
vn -0.462250 0.401333 0.790732
vn -0.395046 0.364282 0.843349
vn -0.420095 0.247998 0.872936
vn -0.395046 0.364282 0.843349
vn -0.462250 0.401333 0.790732
vn -0.517767 0.323387 0.792047
vn -0.517767 0.323387 0.792047
vn -0.462250 0.401333 0.790732
vn -0.542084 0.398399 0.739880
vn -0.572943 0.343528 0.744127
vn 0.563807 0.349473 0.748325
vn 0.483826 0.396662 0.780110
vn 0.492058 0.504418 0.709536
vn 0.512665 0.381615 0.769120
vn 0.563807 0.349473 0.748325
vn 0.512665 0.381615 0.769120
vn 0.560577 0.279800 0.779400
vn 0.584171 0.300890 0.753797
vn 0.512665 0.381615 0.769120
vn 0.492058 0.504418 0.709536
vn 0.466607 0.467767 0.750648
vn 0.459988 0.348806 0.816545
vn 0.512665 0.381615 0.769120
vn 0.459988 0.348806 0.816545
vn 0.489225 0.221876 0.843463
vn 0.560577 0.279800 0.779400
vn -0.492058 0.504418 0.709536
vn -0.483826 0.396662 0.780110
vn -0.563807 0.349473 0.748325
vn -0.512665 0.381615 0.769120
vn -0.466607 0.467767 0.750648
vn -0.492058 0.504418 0.709536
vn -0.512665 0.381615 0.769120
vn -0.459988 0.348806 0.816545
vn -0.489225 0.221876 0.843463
vn -0.459988 0.348806 0.816545
vn -0.512665 0.381615 0.769120
vn -0.560577 0.279800 0.779400
vn -0.560577 0.279800 0.779400
vn -0.512665 0.381615 0.769120
vn -0.563807 0.349473 0.748325
vn -0.584171 0.300890 0.753797
vn 0.495389 0.350239 0.794935
vn 0.494450 0.479434 0.725026
vn 0.371966 0.460746 0.805825
vn 0.336413 0.355000 0.872239
vn 0.495389 0.350239 0.794935
vn 0.336413 0.355000 0.872239
vn 0.384757 0.259384 0.885823
vn 0.508296 0.264204 0.819653
vn 0.336413 0.355000 0.872239
vn 0.371966 0.460746 0.805825
vn 0.194987 0.396383 0.897140
vn 0.152231 0.315480 0.936642
vn 0.336413 0.355000 0.872239
vn 0.152231 0.315480 0.936642
vn 0.196266 0.263347 0.944525
vn 0.384757 0.259384 0.885823
vn -0.371966 0.460746 0.805825
vn -0.494450 0.479434 0.725026
vn -0.495389 0.350239 0.794935
vn -0.336413 0.355000 0.872239
vn -0.194987 0.396383 0.897140
vn -0.371966 0.460746 0.805825
vn -0.336413 0.355000 0.872239
vn -0.152231 0.315480 0.936642
vn -0.196266 0.263347 0.944525
vn -0.152231 0.315480 0.936642
vn -0.336413 0.355000 0.872239
vn -0.384757 0.259384 0.885823
vn -0.384757 0.259384 0.885823
vn -0.336413 0.355000 0.872239
vn -0.495389 0.350239 0.794935
vn -0.508296 0.264204 0.819653
vn 0.561468 0.330801 0.758502
vn 0.463010 0.355216 0.812061
vn 0.429075 0.443297 0.787009
vn 0.492853 0.386830 0.779396
vn 0.561468 0.330801 0.758502
vn 0.492853 0.386830 0.779396
vn 0.558816 0.278523 0.781121
vn 0.605682 0.272658 0.747534
vn 0.492853 0.386830 0.779396
vn 0.429075 0.443297 0.787009
vn 0.405842 0.465873 0.786292
vn 0.428577 0.418872 0.800542
vn 0.492853 0.386830 0.779396
vn 0.428577 0.418872 0.800542
vn 0.474394 0.288531 0.831685
vn 0.558816 0.278523 0.781121
vn -0.429075 0.443297 0.787009
vn -0.463010 0.355216 0.812061
vn -0.561468 0.330801 0.758502
vn -0.492853 0.386830 0.779396
vn -0.405842 0.465873 0.786292
vn -0.429075 0.443297 0.787009
vn -0.492853 0.386830 0.779396
vn -0.428577 0.418872 0.800542
vn -0.474394 0.288531 0.831685
vn -0.428577 0.418872 0.800542
vn -0.492853 0.386830 0.779396
vn -0.558816 0.278523 0.781121
vn -0.558816 0.278523 0.781121
vn -0.492853 0.386830 0.779396
vn -0.561468 0.330801 0.758502
vn -0.605682 0.272658 0.747534
vn 0.470949 0.347040 0.811030
vn 0.445369 0.304187 0.842091
vn 0.177683 0.302659 0.936390
vn 0.176063 0.329603 0.927558
vn 0.470949 0.347040 0.811030
vn 0.176063 0.329603 0.927558
vn 0.331681 0.338670 0.880506
vn 0.513306 0.346304 0.785233
vn 0.176063 0.329603 0.927558
vn 0.177683 0.302659 0.936390
vn -0.120736 0.251024 0.960422
vn -0.135599 0.299153 0.944521
vn 0.176063 0.329603 0.927558
vn -0.135599 0.299153 0.944521
vn -0.060215 0.304554 0.950590
vn 0.331681 0.338670 0.880506
vn -0.177683 0.302659 0.936390
vn -0.445369 0.304187 0.842091
vn -0.470949 0.347040 0.811030
vn -0.176063 0.329603 0.927558
vn 0.120736 0.251024 0.960422
vn -0.177683 0.302659 0.936390
vn -0.176063 0.329603 0.927558
vn 0.135599 0.299153 0.944521
vn 0.060215 0.304554 0.950590
vn 0.135599 0.299153 0.944521
vn -0.176063 0.329603 0.927558
vn -0.331681 0.338670 0.880506
vn -0.331681 0.338670 0.880506
vn -0.176063 0.329603 0.927558
vn -0.470949 0.347040 0.811030
vn -0.513306 0.346304 0.785233
vn 0.653231 0.012391 0.757057
vn 0.607661 0.002838 0.794192
vn 0.605015 0.192730 0.772536
vn 0.628883 0.025392 0.777085
vn 0.653231 0.012391 0.757057
vn 0.628883 0.025392 0.777085
vn 0.654880 -0.047305 0.754251
vn 0.642883 -0.009461 0.765906
vn 0.628883 0.025392 0.777085
vn 0.605015 0.192730 0.772536
vn 0.587026 0.136540 0.797971
vn 0.584437 0.039217 0.810491
vn 0.628883 0.025392 0.777085
vn 0.584437 0.039217 0.810491
vn 0.596281 -0.197336 0.778144
vn 0.654880 -0.047305 0.754251
vn -0.605015 0.192730 0.772536
vn -0.607661 0.002838 0.794192
vn -0.653231 0.012391 0.757057
vn -0.628883 0.025392 0.777085
vn -0.587026 0.136540 0.797971
vn -0.605015 0.192730 0.772536
vn -0.628883 0.025392 0.777085
vn -0.584437 0.039217 0.810491
vn -0.596281 -0.197336 0.778144
vn -0.584437 0.039217 0.810491
vn -0.628883 0.025392 0.777085
vn -0.654880 -0.047305 0.754251
vn -0.654880 -0.047305 0.754251
vn -0.628883 0.025392 0.777085
vn -0.653231 0.012391 0.757057
vn -0.642883 -0.009461 0.765906
vn 0.668045 0.098304 0.737599
vn 0.538873 0.101750 0.836219
vn 0.535616 0.239242 0.809863
vn 0.621946 0.191507 0.759281
vn 0.668045 0.098304 0.737599
vn 0.621946 0.191507 0.759281
vn 0.694306 0.041079 0.718507
vn 0.712309 0.029146 0.701261
vn 0.621946 0.191507 0.759281
vn 0.535616 0.239242 0.809863
vn 0.514700 0.280071 0.810336
vn 0.554711 0.247417 0.794406
vn 0.621946 0.191507 0.759281
vn 0.554711 0.247417 0.794406
vn 0.637979 0.093970 0.764299
vn 0.694306 0.041079 0.718507
vn -0.535616 0.239242 0.809863
vn -0.538873 0.101750 0.836219
vn -0.668045 0.098304 0.737599
vn -0.621946 0.191507 0.759281
vn -0.514700 0.280071 0.810336
vn -0.535616 0.239242 0.809863
vn -0.621946 0.191507 0.759281
vn -0.554711 0.247417 0.794406
vn -0.637979 0.093970 0.764299
vn -0.554711 0.247417 0.794406
vn -0.621946 0.191507 0.759281
vn -0.694306 0.041079 0.718507
vn -0.694306 0.041079 0.718507
vn -0.621946 0.191507 0.759281
vn -0.668045 0.098304 0.737599
vn -0.712309 0.029146 0.701261
vn 0.656373 0.126898 0.743688
vn 0.547019 0.181526 0.817202
vn 0.508394 0.312428 0.802449
vn 0.606917 0.244036 0.756372
vn 0.656373 0.126898 0.743688
vn 0.606917 0.244036 0.756372
vn 0.635651 0.063205 0.769385
vn 0.679635 0.049411 0.731884
vn 0.606917 0.244036 0.756372
vn 0.508394 0.312428 0.802449
vn 0.500274 0.371757 0.781999
vn 0.545258 0.307970 0.779646
vn 0.606917 0.244036 0.756372
vn 0.545258 0.307970 0.779646
vn 0.573330 0.065677 0.816688
vn 0.635651 0.063205 0.769385
vn -0.508394 0.312428 0.802449
vn -0.547019 0.181526 0.817202
vn -0.656373 0.126898 0.743688
vn -0.606917 0.244036 0.756372
vn -0.500274 0.371757 0.781999
vn -0.508394 0.312428 0.802449
vn -0.606917 0.244036 0.756372
vn -0.545258 0.307970 0.779646
vn -0.573330 0.065677 0.816688
vn -0.545258 0.307970 0.779646
vn -0.606917 0.244036 0.756372
vn -0.635651 0.063205 0.769385
vn -0.635651 0.063205 0.769385
vn -0.606917 0.244036 0.756372
vn -0.656373 0.126898 0.743688
vn -0.679635 0.049411 0.731884
vn 0.532107 0.391107 0.750931
vn 0.504885 0.430631 0.748096
vn 0.445221 0.442994 0.778161
vn 0.489957 0.410424 0.769087
vn 0.532107 0.391107 0.750931
vn 0.489957 0.410424 0.769087
vn 0.518393 0.348342 0.780978
vn 0.537264 0.364708 0.760484
vn 0.489957 0.410424 0.769087
vn 0.445221 0.442994 0.778161
vn 0.413193 0.462756 0.784301
vn 0.440455 0.420465 0.793227
vn 0.489957 0.410424 0.769087
vn 0.440455 0.420465 0.793227
vn 0.468595 0.338185 0.816119
vn 0.518393 0.348342 0.780978
vn -0.445221 0.442994 0.778161
vn -0.504885 0.430631 0.748096
vn -0.532107 0.391107 0.750931
vn -0.489957 0.410424 0.769087
vn -0.413193 0.462756 0.784301
vn -0.445221 0.442994 0.778161
vn -0.489957 0.410424 0.769087
vn -0.440455 0.420465 0.793227
vn -0.468595 0.338185 0.816119
vn -0.440455 0.420465 0.793227
vn -0.489957 0.410424 0.769087
vn -0.518393 0.348342 0.780978
vn -0.518393 0.348342 0.780978
vn -0.489957 0.410424 0.769087
vn -0.532107 0.391107 0.750931
vn -0.537264 0.364708 0.760484
s off
g beard06
usemtl FBXASC0481SG
f 6/7/1 7/28/2 5/14/3 2/10/4
f 12/18/5 6/7/6 2/10/7 1/17/8
f 1/17/9 2/10/10 3/1/11 4/25/12
f 4/25/13 3/1/14 10/4/15 9/11/16
f 3/1/17 2/10/18 5/14/19 13/8/20
f 10/4/21 3/1/22 13/8/23 14/2/24
f 10/4/25 14/2/26 15/23/27 11/26/28
f 10/4/29 11/26/30 8/21/31 9/11/32
f 20/5/33 21/27/34 22/19/35 19/12/36
f 20/5/37 19/12/38 18/22/39 28/30/40
f 28/30/41 18/22/42 25/24/43 30/13/44
f 29/20/45 30/13/46 25/24/47 24/3/48
f 19/12/49 22/19/50 27/6/51 16/15/52
f 18/22/53 19/12/54 16/15/55 17/29/56
f 25/24/57 18/22/58 17/29/59 26/16/60
f 25/24/61 26/16/62 23/9/63 24/3/64
f 42/31/65 45/32/66 43/33/67 40/34/68
f 39/35/69 42/31/70 40/34/71 38/36/72
f 32/37/73 39/35/74 38/36/75 33/38/76
f 31/39/77 32/37/78 33/38/79 34/40/80
f 41/41/81 40/34/82 43/33/83 44/45/84
f 40/34/85 41/41/86 37/42/87 38/36/88
f 33/38/89 38/36/90 37/42/91 35/43/92
f 34/40/93 33/38/94 35/43/95 36/44/96
f 54/46/97 57/47/98 55/48/99 49/49/100
f 51/50/101 54/46/102 49/49/103 48/51/104
f 50/52/105 51/50/106 48/51/107 52/53/108
f 52/53/109 48/51/110 47/54/111 53/55/112
f 46/56/113 49/49/114 55/48/115 56/57/116
f 48/51/117 49/49/118 46/56/119 47/54/120
f 67/59/121 69/60/122 66/58/123 59/61/124
f 67/59/125 59/61/126 58/62/127 68/63/128
f 59/61/129 66/58/130 64/64/131 60/65/132
f 58/62/133 59/61/134 60/65/135 61/66/136
f 61/66/137 60/65/138 63/67/139 65/68/140
f 60/65/141 64/64/142 62/69/143 63/67/144
f 78/70/145 81/71/146 79/72/147 76/73/148
f 71/74/149 78/70/150 76/73/151 72/75/152
f 70/76/153 71/74/154 72/75/155 73/77/156
f 73/77/157 72/75/158 74/78/159 75/79/160
f 77/80/161 76/73/162 79/72/163 80/81/164
f 76/73/165 77/80/166 74/78/167 72/75/168
f 91/83/169 93/84/170 90/82/171 88/85/172
f 91/83/173 88/85/174 89/86/175 92/87/176
f 88/85/177 90/82/178 85/88/179 84/89/180
f 88/85/181 84/89/182 86/90/183 89/86/184
f 84/89/185 85/88/186 82/91/187 83/92/188
f 86/90/189 84/89/190 83/92/191 87/93/192
f 102/94/193 105/95/194 103/96/195 96/97/196
f 98/98/197 102/94/198 96/97/199 95/99/200
f 98/98/201 95/99/202 99/100/203 100/101/204
f 97/102/205 96/97/206 103/96/207 104/105/208
f 96/97/209 97/102/210 94/103/211 95/99/212
f 95/99/213 94/103/214 101/104/215 99/100/216
f 115/107/217 117/108/218 114/106/219 108/109/220
f 115/107/221 108/109/222 107/110/223 116/111/224
f 108/109/225 114/106/226 110/112/227 109/113/228
f 108/109/229 109/113/230 106/114/231 107/110/232
f 112/115/233 109/113/234 110/112/235 111/117/236
f 109/113/237 112/115/238 113/116/239 106/114/240
f 134/118/241 135/119/242 125/120/243 124/121/244
f 133/122/245 134/118/246 124/121/247 129/123/248
f 128/124/249 129/123/250 124/121/251 127/125/252
f 132/126/253 128/124/254 127/125/255 130/129/256
f 124/121/257 125/120/258 126/127/259 127/125/260
f 127/125/261 126/127/262 131/128/263 130/129/264
f 132/126/265 130/129/266 120/130/267 119/131/268
f 118/132/269 119/131/270 120/130/271 121/133/272
f 123/134/273 121/133/274 120/130/275 122/135/276
f 130/129/277 131/128/278 122/135/279 120/130/280
f 144/136/281 147/137/282 145/138/283 139/139/284
f 141/140/285 144/136/286 139/139/287 138/141/288
f 140/142/289 141/140/290 138/141/291 142/143/292
f 142/143/293 138/141/294 137/144/295 143/145/296
f 136/146/297 139/139/298 145/138/299 146/147/300
f 138/141/301 139/139/302 136/146/303 137/144/304
f 157/149/305 159/150/306 156/148/307 149/151/308
f 157/149/309 149/151/310 148/152/311 158/153/312
f 149/151/313 156/148/314 154/154/315 150/155/316
f 148/152/317 149/151/318 150/155/319 151/156/320
f 151/156/321 150/155/322 153/157/323 155/158/324
f 150/155/325 154/154/326 152/159/327 153/157/328
f 163/160/329 164/161/330 165/162/331 160/163/332
f 162/164/333 163/160/334 160/163/335 161/165/336
f 166/166/337 162/164/338 161/165/339 167/167/340
f 169/168/341 167/167/342 161/165/343 168/169/344
f 160/163/345 165/162/346 171/170/347 170/171/348
f 161/165/349 160/163/350 170/171/351 168/169/352
f 176/173/353 177/174/354 173/172/355 172/175/356
f 183/176/357 176/173/358 172/175/359 182/177/360
f 182/177/361 172/175/362 175/178/363 181/179/364
f 180/180/365 181/179/366 175/178/367 179/181/368
f 172/175/369 173/172/370 174/182/371 175/178/372
f 175/178/373 174/182/374 178/183/375 179/181/376
f 190/185/377 191/186/378 188/184/379 189/187/380
f 194/188/381 190/185/382 189/187/383 195/189/384
f 195/189/385 189/187/386 185/190/387 184/191/388
f 184/191/389 185/190/390 186/192/391 187/193/392
f 185/190/393 189/187/394 188/184/395 192/194/396
f 185/190/397 192/194/398 193/195/399 186/192/400
f 200/196/401 201/197/402 202/198/403 203/199/404
f 200/196/405 203/199/406 199/200/407 205/201/408
f 204/202/409 205/201/410 199/200/411 198/203/412
f 198/203/413 199/200/414 196/204/415 197/205/416
f 203/199/417 202/198/418 206/206/419 207/207/420
f 199/200/421 203/199/422 207/207/423 196/204/424
f 210/209/425 211/210/426 208/208/427 209/211/428
f 212/212/429 210/209/430 209/211/431 213/213/432
f 213/213/433 209/211/434 214/214/435 219/215/436
f 218/216/437 219/215/438 214/214/439 217/217/440
f 209/211/441 208/208/442 215/218/443 214/214/444
f 214/214/445 215/218/446 216/219/447 217/217/448
f 220/220/449 221/221/450 222/222/451 223/223/452
f 229/224/453 220/220/454 223/223/455 226/225/456
f 228/226/457 229/224/458 226/225/459 227/227/460
f 230/228/461 227/227/462 226/225/463 231/229/464
f 223/223/465 222/222/466 224/230/467 225/231/468
f 226/225/469 223/223/470 225/231/471 231/229/472
f 234/233/473 235/234/474 232/232/475 233/235/476
f 236/236/477 234/233/478 233/235/479 237/237/480
f 237/237/481 233/235/482 238/238/483 243/239/484
f 242/240/485 243/239/486 238/238/487 241/241/488
f 233/235/489 232/232/490 239/242/491 238/238/492
f 238/238/493 239/242/494 240/243/495 241/241/496
f 244/244/497 245/245/498 246/246/499 247/247/500
f 253/248/501 244/244/502 247/247/503 250/249/504
f 252/250/505 253/248/506 250/249/507 251/251/508
f 254/252/509 251/251/510 250/249/511 255/253/512
f 247/247/513 246/246/514 248/254/515 249/255/516
f 250/249/517 247/247/518 249/255/519 255/253/520
f 262/257/521 263/258/522 260/256/523 261/259/524
f 266/260/525 262/257/526 261/259/527 267/261/528
f 267/261/529 261/259/530 257/262/531 256/263/532
f 256/263/533 257/262/534 258/264/535 259/265/536
f 257/262/537 261/259/538 260/256/539 264/266/540
f 257/262/541 264/266/542 265/267/543 258/264/544
f 272/268/545 273/269/546 274/270/547 275/271/548
f 272/268/549 275/271/550 271/272/551 277/273/552
f 276/274/553 277/273/554 271/272/555 270/275/556
f 270/275/557 271/272/558 268/276/559 269/277/560
f 275/271/561 274/270/562 278/278/563 279/279/564
f 271/272/565 275/271/566 279/279/567 268/276/568
f 290/281/569 291/282/570 286/280/571 282/283/572
f 289/284/573 290/281/574 282/283/575 281/285/576
f 280/286/577 281/285/578 282/283/579 283/287/580
f 280/286/581 283/287/582 284/288/583 285/289/584
f 283/287/585 282/283/586 286/280/587 287/290/588
f 283/287/589 287/290/590 288/291/591 284/288/592
f 299/292/593 303/293/594 301/294/595 294/295/596
f 299/292/597 294/295/598 293/296/599 298/297/600
f 300/298/601 298/297/602 293/296/603 297/299/604
f 297/299/605 293/296/606 292/300/607 296/301/608
f 294/295/609 301/294/610 302/302/611 295/303/612
f 294/295/613 295/303/614 292/300/615 293/296/616
f 306/305/617 307/306/618 304/304/619 305/307/620
f 308/308/621 306/305/622 305/307/623 309/309/624
f 309/309/625 305/307/626 310/310/627 311/311/628
f 315/312/629 311/311/630 310/310/631 314/313/632
f 305/307/633 304/304/634 312/314/635 310/310/636
f 310/310/637 312/314/638 313/315/639 314/313/640
f 316/316/641 317/317/642 318/318/643 319/319/644
f 324/320/645 316/316/646 319/319/647 322/321/648
f 326/322/649 324/320/650 322/321/651 325/323/652
f 327/324/653 325/323/654 322/321/655 323/325/656
f 319/319/657 318/318/658 320/326/659 321/327/660
f 322/321/661 319/319/662 321/327/663 323/325/664
f 332/329/665 333/330/666 328/328/667 331/331/668
f 336/332/669 332/329/670 331/331/671 335/333/672
f 334/334/673 335/333/674 331/331/675 330/335/676
f 330/335/677 331/331/678 328/328/679 329/336/680
f 337/337/681 341/338/682 342/339/683 338/340/684
f 337/337/685 338/340/686 339/341/687 340/342/688
f 338/340/689 342/339/690 345/343/691 343/344/692
f 338/340/693 343/344/694 344/345/695 339/341/696
f 356/347/697 357/348/698 352/346/699 348/349/700
f 355/350/701 356/347/702 348/349/703 347/351/704
f 346/352/705 347/351/706 348/349/707 349/353/708
f 346/352/709 349/353/710 350/354/711 351/355/712
f 349/353/713 348/349/714 352/346/715 353/356/716
f 349/353/717 353/356/718 354/357/719 350/354/720
f 365/358/721 369/359/722 367/360/723 360/361/724
f 365/358/725 360/361/726 359/362/727 364/363/728
f 366/364/729 364/363/730 359/362/731 363/365/732
f 363/365/733 359/362/734 358/366/735 362/367/736
f 360/361/737 367/360/738 368/368/739 361/369/740
f 360/361/741 361/369/742 358/366/743 359/362/744
f 379/370/745 380/371/746 370/372/747 373/373/748
f 381/374/749 379/370/750 373/373/751 375/375/752
f 374/376/753 375/375/754 373/373/755 372/377/756
f 378/378/757 374/376/758 372/377/759 376/379/760
f 372/377/761 373/373/762 370/372/763 371/380/764
f 376/379/765 372/377/766 371/380/767 377/381/768
f 388/382/769 389/383/770 382/384/771 385/385/772
f 390/386/773 388/382/774 385/385/775 387/387/776
f 386/388/777 387/387/778 385/385/779 384/389/780
f 384/389/781 385/385/782 382/384/783 383/390/784
f 397/391/785 398/392/786 399/393/787 400/394/788
f 397/391/789 400/394/790 391/395/791 396/396/792
f 395/397/793 396/396/794 391/395/795 394/398/796
f 393/399/797 394/398/798 391/395/799 392/400/800
f 400/394/801 399/393/802 401/401/803 402/402/804
f 400/394/805 402/402/806 392/400/807 391/395/808
f 405/403/809 404/404/810 410/405/811 409/410/812
f 403/406/813 404/404/814 405/403/815 406/407/816
f 408/408/817 406/407/818 405/403/819 407/409/820
f 407/409/821 405/403/822 409/410/823 414/411/824
f 409/410/825 410/405/826 411/412/827 412/413/828
f 409/410/829 412/413/830 413/414/831 414/411/832
f 417/415/833 416/416/834 422/417/835 421/422/836
f 415/418/837 416/416/838 417/415/839 418/419/840
f 420/420/841 418/419/842 417/415/843 419/421/844
f 419/421/845 417/415/846 421/422/847 426/423/848
f 421/422/849 422/417/850 423/424/851 424/425/852
f 421/422/853 424/425/854 425/426/855 426/423/856
f 433/427/857 434/428/858 435/429/859 436/430/860
f 437/431/861 433/427/862 436/430/863 438/432/864
f 438/432/865 436/430/866 440/433/867 439/434/868
f 439/434/869 440/433/870 429/435/871 428/436/872
f 436/430/873 435/429/874 441/437/875 440/433/876
f 440/433/877 441/437/878 432/438/879 429/435/880
f 429/435/881 432/438/882 431/439/883 430/440/884
f 429/435/885 430/440/886 427/441/887 428/436/888
f 448/442/889 449/443/890 450/444/891 451/445/892
f 452/446/893 448/442/894 451/445/895 453/447/896
f 453/447/897 451/445/898 454/448/899 455/449/900
f 442/450/901 455/449/902 454/448/903 443/453/904
f 451/445/905 450/444/906 456/451/907 454/448/908
f 454/448/909 456/451/910 446/452/911 443/453/912
f 442/450/913 443/453/914 444/454/915 445/455/916
f 443/453/917 446/452/918 447/456/919 444/454/920
f 463/457/921 464/458/922 465/459/923 466/460/924
f 467/461/925 463/457/926 466/460/927 468/462/928
f 468/462/929 466/460/930 470/463/931 471/464/932
f 457/465/933 471/464/934 470/463/935 458/468/936
f 466/460/937 465/459/938 469/466/939 470/463/940
f 470/463/941 469/466/942 461/467/943 458/468/944
f 457/465/945 458/468/946 459/469/947 460/470/948
f 458/468/949 461/467/950 462/471/951 459/469/952
f 478/472/953 479/473/954 480/474/955 481/475/956
f 482/476/957 478/472/958 481/475/959 483/477/960
f 483/477/961 481/475/962 484/478/963 485/479/964
f 472/480/965 485/479/966 484/478/967 473/483/968
f 481/475/969 480/474/970 486/481/971 484/478/972
f 484/478/973 486/481/974 476/482/975 473/483/976
f 472/480/977 473/483/978 474/484/979 475/485/980
f 473/483/981 476/482/982 477/486/983 474/484/984
f 495/487/985 498/488/986 496/489/987 489/490/988
f 491/491/989 495/487/990 489/490/991 488/492/992
f 491/491/993 488/492/994 492/493/995 493/494/996
f 490/495/997 489/490/998 496/489/999 497/498/1000
f 489/490/1001 490/495/1002 487/496/1003 488/492/1004
f 488/492/1005 487/496/1006 494/497/1007 492/493/1008
f 508/500/1009 510/501/1010 507/499/1011 501/502/1012
f 508/500/1013 501/502/1014 500/503/1015 509/504/1016
f 501/502/1017 507/499/1018 503/505/1019 502/506/1020
f 501/502/1021 502/506/1022 499/507/1023 500/503/1024
f 505/508/1025 502/506/1026 503/505/1027 504/510/1028
f 502/506/1029 505/508/1030 506/509/1031 499/507/1032
f 513/512/1033 514/513/1034 511/511/1035 512/514/1036
f 515/515/1037 513/512/1038 512/514/1039 516/516/1040
f 516/516/1041 512/514/1042 517/517/1043 522/518/1044
f 521/519/1045 522/518/1046 517/517/1047 520/520/1048
f 512/514/1049 511/511/1050 518/521/1051 517/517/1052
f 517/517/1053 518/521/1054 519/522/1055 520/520/1056
f 523/523/1057 524/524/1058 525/525/1059 526/526/1060
f 532/527/1061 523/523/1062 526/526/1063 529/528/1064
f 531/529/1065 532/527/1066 529/528/1067 530/530/1068
f 533/531/1069 530/530/1070 529/528/1071 534/532/1072
f 526/526/1073 525/525/1074 527/533/1075 528/534/1076
f 529/528/1077 526/526/1078 528/534/1079 534/532/1080
f 544/536/1081 545/537/1082 543/535/1083 542/538/1084
f 546/539/1085 544/536/1086 542/538/1087 541/540/1088
f 541/540/1089 542/538/1090 536/541/1091 535/542/1092
f 535/542/1093 536/541/1094 537/543/1095 538/544/1096
f 542/538/1097 543/535/1098 539/545/1099 536/541/1100
f 537/543/1101 536/541/1102 539/545/1103 540/546/1104
f 555/547/1105 556/548/1106 557/549/1107 554/550/1108
f 552/551/1109 555/547/1110 554/550/1111 550/552/1112
f 552/551/1113 550/552/1114 549/553/1115 551/554/1116
f 554/550/1117 557/549/1118 558/555/1119 553/556/1120
f 550/552/1121 554/550/1122 553/556/1123 547/557/1124
f 549/553/1125 550/552/1126 547/557/1127 548/558/1128
f 566/560/1129 570/561/1130 569/559/1131 567/562/1132
f 565/563/1133 566/560/1134 567/562/1135 568/564/1136
f 568/564/1137 567/562/1138 560/565/1139 559/566/1140
f 559/566/1141 560/565/1142 561/567/1143 562/568/1144
f 560/565/1145 567/562/1146 569/559/1147 564/569/1148
f 560/565/1149 564/569/1150 563/570/1151 561/567/1152
f 580/572/1153 581/573/1154 578/571/1155 577/574/1156
f 582/575/1157 580/572/1158 577/574/1159 579/576/1160
f 571/577/1161 579/576/1162 577/574/1163 572/578/1164
f 571/577/1165 572/578/1166 573/579/1167 574/580/1168
f 577/574/1169 578/571/1170 576/581/1171 572/578/1172
f 572/578/1173 576/581/1174 575/582/1175 573/579/1176
f 592/584/1177 593/585/1178 590/583/1179 589/586/1180
f 594/587/1181 592/584/1182 589/586/1183 591/588/1184
f 583/589/1185 591/588/1186 589/586/1187 584/590/1188
f 583/589/1189 584/590/1190 585/591/1191 586/592/1192
f 589/586/1193 590/583/1194 588/593/1195 584/590/1196
f 584/590/1197 588/593/1198 587/594/1199 585/591/1200
f 604/596/1201 605/597/1202 602/595/1203 601/598/1204
f 606/599/1205 604/596/1206 601/598/1207 603/600/1208
f 595/601/1209 603/600/1210 601/598/1211 596/602/1212
f 595/601/1213 596/602/1214 597/603/1215 598/604/1216
f 601/598/1217 602/595/1218 600/605/1219 596/602/1220
f 596/602/1221 600/605/1222 599/606/1223 597/603/1224
f 613/608/1225 614/609/1226 611/607/1227 612/610/1228
f 612/610/1229 611/607/1230 609/611/1231 608/612/1232
f 607/613/1233 608/612/1234 609/611/1235 610/614/1236
f 621/616/1237 622/617/1238 619/615/1239 620/618/1240
f 616/619/1241 621/616/1242 620/618/1243 617/620/1244
f 615/621/1245 616/619/1246 617/620/1247 618/622/1248
f 627/623/1249 628/624/1250 629/625/1251 630/626/1252
f 632/627/1253 627/623/1254 630/626/1255 631/628/1256
f 624/629/1257 632/627/1258 631/628/1259 625/630/1260
f 623/631/1261 624/629/1262 625/630/1263 626/632/1264
f 641/633/1265 642/634/1266 640/635/1267 639/636/1268
f 639/636/1269 640/635/1270 637/637/1271 638/638/1272
f 633/639/1273 638/638/1274 637/637/1275 634/640/1276
f 633/639/1277 634/640/1278 635/641/1279 636/642/1280
f 647/643/1281 648/644/1282 649/645/1283 650/646/1284
f 650/646/1285 649/645/1286 651/647/1287 652/648/1288
f 643/649/1289 652/648/1290 651/647/1291 644/650/1292
f 643/649/1293 644/650/1294 645/651/1295 646/652/1296
f 657/653/1297 658/654/1298 659/655/1299 660/656/1300
f 660/656/1301 659/655/1302 661/657/1303 662/658/1304
f 662/658/1305 661/657/1306 654/659/1307 653/660/1308
f 653/660/1309 654/659/1310 655/661/1311 656/662/1312
f 667/663/1313 668/664/1314 669/665/1315 670/666/1316
f 671/667/1317 667/663/1318 670/666/1319 672/668/1320
f 664/669/1321 671/667/1322 672/668/1323 665/670/1324
f 663/671/1325 664/669/1326 665/670/1327 666/672/1328
f 679/674/1329 680/675/1330 677/673/1331 678/676/1332
f 674/677/1333 679/674/1334 678/676/1335 675/678/1336
f 673/679/1337 674/677/1338 675/678/1339 676/680/1340
f 688/682/1341 692/683/1342 691/681/1343 689/684/1344
f 687/685/1345 688/682/1346 689/684/1347 690/686/1348
f 690/686/1349 689/684/1350 682/687/1351 681/688/1352
f 681/688/1353 682/687/1354 683/689/1355 684/690/1356
f 689/684/1357 691/681/1358 685/691/1359 682/687/1360
f 683/689/1361 682/687/1362 685/691/1363 686/692/1364
f 703/693/1365 704/694/1366 702/695/1367 701/696/1368
f 698/697/1369 703/693/1370 701/696/1371 696/698/1372
f 698/697/1373 696/698/1374 695/699/1375 697/700/1376
f 701/696/1377 702/695/1378 699/701/1379 700/702/1380
f 696/698/1381 701/696/1382 700/702/1383 693/703/1384
f 695/699/1385 696/698/1386 693/703/1387 694/704/1388
f 712/706/1389 716/707/1390 715/705/1391 713/708/1392
f 711/709/1393 712/706/1394 713/708/1395 714/710/1396
f 714/710/1397 713/708/1398 706/711/1399 705/712/1400
f 705/712/1401 706/711/1402 707/713/1403 708/714/1404
f 713/708/1405 715/705/1406 709/715/1407 706/711/1408
f 707/713/1409 706/711/1410 709/715/1411 710/716/1412
f 727/717/1413 728/718/1414 726/719/1415 725/720/1416
f 722/721/1417 727/717/1418 725/720/1419 720/722/1420
f 722/721/1421 720/722/1422 719/723/1423 721/724/1424
f 725/720/1425 726/719/1426 723/725/1427 724/726/1428
f 720/722/1429 725/720/1430 724/726/1431 717/727/1432
f 719/723/1433 720/722/1434 717/727/1435 718/728/1436
f 738/730/1437 740/731/1438 739/729/1439 735/732/1440
f 737/733/1441 738/730/1442 735/732/1443 736/734/1444
f 736/734/1445 735/732/1446 730/735/1447 729/736/1448
f 729/736/1449 730/735/1450 731/737/1451 732/738/1452
f 730/735/1453 735/732/1454 739/729/1455 734/739/1456
f 730/735/1457 734/739/1458 733/740/1459 731/737/1460
f 748/742/1461 752/743/1462 751/741/1463 749/744/1464
f 747/745/1465 748/742/1466 749/744/1467 750/746/1468
f 750/746/1469 749/744/1470 742/747/1471 741/748/1472
f 741/748/1473 742/747/1474 743/749/1475 744/750/1476
f 742/747/1477 749/744/1478 751/741/1479 746/751/1480
f 742/747/1481 746/751/1482 745/752/1483 743/749/1484
f 759/754/1485 764/755/1486 763/753/1487 760/756/1488
f 759/754/1489 760/756/1490 761/757/1491 762/758/1492
f 755/759/1493 760/756/1494 763/753/1495 756/761/1496
f 760/756/1497 755/759/1498 757/760/1499 761/757/1500
f 755/759/1501 756/761/1502 753/762/1503 754/763/1504
f 757/760/1505 755/759/1506 754/763/1507 758/764/1508
f 775/765/1509 776/766/1510 771/767/1511 774/768/1512
f 775/765/1513 774/768/1514 767/769/1515 766/770/1516
f 765/771/1517 766/770/1518 767/769/1519 768/772/1520
f 768/772/1521 767/769/1522 769/773/1523 770/774/1524
f 773/775/1525 774/768/1526 771/767/1527 772/776/1528
f 774/768/1529 773/775/1530 769/773/1531 767/769/1532
f 784/778/1533 788/779/1534 787/777/1535 785/780/1536
f 783/781/1537 784/778/1538 785/780/1539 786/782/1540
f 786/782/1541 785/780/1542 778/783/1543 777/784/1544
f 777/784/1545 778/783/1546 779/785/1547 780/786/1548
f 778/783/1549 785/780/1550 787/777/1551 782/787/1552
f 778/783/1553 782/787/1554 781/788/1555 779/785/1556
f 799/790/1557 800/791/1558 795/789/1559 794/792/1560
f 797/793/1561 799/790/1562 794/792/1563 791/794/1564
f 797/793/1565 791/794/1566 790/795/1567 798/796/1568
f 793/797/1569 794/792/1570 795/789/1571 796/800/1572
f 791/794/1573 794/792/1574 793/797/1575 792/798/1576
f 791/794/1577 792/798/1578 789/799/1579 790/795/1580
f 807/801/1581 811/802/1582 812/803/1583 808/804/1584
f 807/801/1585 808/804/1586 805/805/1587 806/806/1588
f 808/804/1589 812/803/1590 809/807/1591 803/808/1592
f 805/805/1593 808/804/1594 803/808/1595 802/809/1596
f 801/810/1597 802/809/1598 803/808/1599 804/811/1600
f 804/811/1601 803/808/1602 809/807/1603 810/812/1604
f 823/813/1605 824/814/1606 819/815/1607 815/816/1608
f 822/817/1609 823/813/1610 815/816/1611 814/818/1612
f 813/819/1613 814/818/1614 815/816/1615 816/820/1616
f 813/819/1617 816/820/1618 817/821/1619 818/822/1620
f 816/820/1621 815/816/1622 819/815/1623 820/823/1624
f 816/820/1625 820/823/1626 821/824/1627 817/821/1628
f 832/826/1629 836/827/1630 834/825/1631 827/828/1632
f 832/826/1633 827/828/1634 826/829/1635 831/830/1636
f 833/831/1637 831/830/1638 826/829/1639 830/832/1640
f 830/832/1641 826/829/1642 825/833/1643 829/834/1644
f 827/828/1645 834/825/1646 835/835/1647 828/836/1648
f 827/828/1649 828/836/1650 825/833/1651 826/829/1652
f 844/838/1653 848/839/1654 847/837/1655 845/840/1656
f 843/841/1657 844/838/1658 845/840/1659 846/842/1660
f 846/842/1661 845/840/1662 838/843/1663 837/844/1664
f 837/844/1665 838/843/1666 839/845/1667 840/846/1668
f 838/843/1669 845/840/1670 847/837/1671 842/847/1672
f 838/843/1673 842/847/1674 841/848/1675 839/845/1676
f 858/850/1677 860/851/1678 859/849/1679 855/852/1680
f 857/853/1681 858/850/1682 855/852/1683 856/854/1684
f 856/854/1685 855/852/1686 850/855/1687 849/856/1688
f 849/856/1689 850/855/1690 851/857/1691 852/858/1692
f 850/855/1693 855/852/1694 859/849/1695 854/859/1696
f 850/855/1697 854/859/1698 853/860/1699 851/857/1700
f 871/861/1701 872/862/1702 868/863/1703 867/864/1704
f 871/861/1705 867/864/1706 864/865/1707 866/866/1708
f 865/867/1709 866/866/1710 864/865/1711 863/868/1712
f 863/868/1713 864/865/1714 861/869/1715 862/870/1716
f 867/864/1717 868/863/1718 869/871/1719 870/872/1720
f 864/865/1721 867/864/1722 870/872/1723 861/869/1724
f 883/874/1725 884/875/1726 881/873/1727 880/876/1728
f 882/877/1729 883/874/1730 880/876/1731 879/878/1732
f 879/878/1733 880/876/1734 874/879/1735 873/880/1736
f 873/880/1737 874/879/1738 875/881/1739 876/882/1740
f 874/879/1741 880/876/1742 881/873/1743 878/883/1744
f 874/879/1745 878/883/1746 877/884/1747 875/881/1748
f 893/885/1749 896/886/1750 895/887/1751 891/888/1752
f 893/885/1753 891/888/1754 888/889/1755 890/890/1756
f 889/891/1757 890/890/1758 888/889/1759 887/892/1760
f 887/892/1761 888/889/1762 885/893/1763 886/894/1764
f 891/888/1765 895/887/1766 894/895/1767 892/896/1768
f 888/889/1769 891/888/1770 892/896/1771 885/893/1772
f 907/898/1773 908/899/1774 905/897/1775 904/900/1776
f 906/901/1777 907/898/1778 904/900/1779 903/902/1780
f 903/902/1781 904/900/1782 898/903/1783 897/904/1784
f 897/904/1785 898/903/1786 899/905/1787 900/906/1788
f 898/903/1789 904/900/1790 905/897/1791 902/907/1792
f 898/903/1793 902/907/1794 901/908/1795 899/905/1796
f 917/909/1797 920/910/1798 919/911/1799 915/912/1800
f 917/909/1801 915/912/1802 912/913/1803 914/914/1804
f 913/915/1805 914/914/1806 912/913/1807 911/916/1808
f 911/916/1809 912/913/1810 909/917/1811 910/918/1812
f 915/912/1813 919/911/1814 918/919/1815 916/920/1816
f 912/913/1817 915/912/1818 916/920/1819 909/917/1820
f 931/921/1821 932/922/1822 927/923/1823 923/924/1824
f 930/925/1825 931/921/1826 923/924/1827 922/926/1828
f 921/927/1829 922/926/1830 923/924/1831 924/928/1832
f 921/927/1833 924/928/1834 925/929/1835 926/930/1836
f 924/928/1837 923/924/1838 927/923/1839 928/931/1840
f 924/928/1841 928/931/1842 929/932/1843 925/929/1844
f 940/934/1845 944/935/1846 942/933/1847 935/936/1848
f 940/934/1849 935/936/1850 934/937/1851 939/938/1852
f 941/939/1853 939/938/1854 934/937/1855 938/940/1856
f 938/940/1857 934/937/1858 933/941/1859 937/942/1860
f 935/936/1861 942/933/1862 943/943/1863 936/944/1864
f 935/936/1865 936/944/1866 933/941/1867 934/937/1868
f 955/945/1869 956/946/1870 951/947/1871 947/948/1872
f 954/949/1873 955/945/1874 947/948/1875 946/950/1876
f 945/951/1877 946/950/1878 947/948/1879 948/952/1880
f 945/951/1881 948/952/1882 949/953/1883 950/954/1884
f 948/952/1885 947/948/1886 951/947/1887 952/955/1888
f 948/952/1889 952/955/1890 953/956/1891 949/953/1892
f 964/958/1893 968/959/1894 966/957/1895 959/960/1896
f 964/958/1897 959/960/1898 958/961/1899 963/962/1900
f 965/963/1901 963/962/1902 958/961/1903 962/964/1904
f 962/964/1905 958/961/1906 957/965/1907 961/966/1908
f 959/960/1909 966/957/1910 967/967/1911 960/968/1912
f 959/960/1913 960/968/1914 957/965/1915 958/961/1916
f 978/970/1917 980/971/1918 979/969/1919 975/972/1920
f 977/973/1921 978/970/1922 975/972/1923 976/974/1924
f 976/974/1925 975/972/1926 971/975/1927 970/976/1928
f 969/977/1929 970/976/1930 971/975/1931 972/978/1932
f 971/975/1933 975/972/1934 979/969/1935 973/979/1936
f 972/978/1937 971/975/1938 973/979/1939 974/980/1940
f 991/981/1941 992/982/1942 988/983/1943 987/984/1944
f 991/981/1945 987/984/1946 983/985/1947 986/986/1948
f 986/986/1949 983/985/1950 982/987/1951 985/988/1952
f 987/984/1953 988/983/1954 989/989/1955 990/990/1956
f 983/985/1957 987/984/1958 990/990/1959 984/991/1960
f 983/985/1961 984/991/1962 981/992/1963 982/987/1964
f 1002/994/1965 1003/995/1966 1000/993/1967 999/996/1968
f 1004/997/1969 1002/994/1970 999/996/1971 1001/998/1972
f 993/999/1973 1001/998/1974 999/996/1975 994/1000/1976
f 993/999/1977 994/1000/1978 995/1001/1979 996/1002/1980
f 999/996/1981 1000/993/1982 998/1003/1983 994/1000/1984
f 994/1000/1985 998/1003/1986 997/1004/1987 995/1001/1988
f 1015/1005/1989 1016/1006/1990 1011/1007/1991 1007/1008/1992
f 1014/1009/1993 1015/1005/1994 1007/1008/1995 1006/1010/1996
f 1005/1011/1997 1006/1010/1998 1007/1008/1999 1008/1012/2000
f 1005/1011/2001 1008/1012/2002 1009/1013/2003 1010/1014/2004
f 1008/1012/2005 1007/1008/2006 1011/1007/2007 1012/1015/2008
f 1008/1012/2009 1012/1015/2010 1013/1016/2011 1009/1013/2012
f 1024/1018/2013 1028/1019/2014 1026/1017/2015 1019/1020/2016
f 1024/1018/2017 1019/1020/2018 1018/1021/2019 1023/1022/2020
f 1025/1023/2021 1023/1022/2022 1018/1021/2023 1022/1024/2024
f 1022/1024/2025 1018/1021/2026 1017/1025/2027 1021/1026/2028
f 1019/1020/2029 1026/1017/2030 1027/1027/2031 1020/1028/2032
f 1019/1020/2033 1020/1028/2034 1017/1025/2035 1018/1021/2036
f 1039/1029/2037 1040/1030/2038 1035/1031/2039 1031/1032/2040
f 1038/1033/2041 1039/1029/2042 1031/1032/2043 1030/1034/2044
f 1029/1035/2045 1030/1034/2046 1031/1032/2047 1032/1036/2048
f 1029/1035/2049 1032/1036/2050 1033/1037/2051 1034/1038/2052
f 1032/1036/2053 1031/1032/2054 1035/1031/2055 1036/1039/2056
f 1032/1036/2057 1036/1039/2058 1037/1040/2059 1033/1037/2060
f 1048/1042/2061 1052/1043/2062 1050/1041/2063 1043/1044/2064
f 1048/1042/2065 1043/1044/2066 1042/1045/2067 1047/1046/2068
f 1049/1047/2069 1047/1046/2070 1042/1045/2071 1046/1048/2072
f 1046/1048/2073 1042/1045/2074 1041/1049/2075 1045/1050/2076
f 1043/1044/2077 1050/1041/2078 1051/1051/2079 1044/1052/2080
f 1043/1044/2081 1044/1052/2082 1041/1049/2083 1042/1045/2084
f 1063/1053/2085 1064/1054/2086 1059/1055/2087 1055/1056/2088
f 1062/1057/2089 1063/1053/2090 1055/1056/2091 1054/1058/2092
f 1053/1059/2093 1054/1058/2094 1055/1056/2095 1056/1060/2096
f 1053/1059/2097 1056/1060/2098 1057/1061/2099 1058/1062/2100
f 1056/1060/2101 1055/1056/2102 1059/1055/2103 1060/1063/2104
f 1056/1060/2105 1060/1063/2106 1061/1064/2107 1057/1061/2108
f 1072/1066/2109 1076/1067/2110 1074/1065/2111 1067/1068/2112
f 1072/1066/2113 1067/1068/2114 1066/1069/2115 1071/1070/2116
f 1073/1071/2117 1071/1070/2118 1066/1069/2119 1070/1072/2120
f 1070/1072/2121 1066/1069/2122 1065/1073/2123 1069/1074/2124
f 1067/1068/2125 1074/1065/2126 1075/1075/2127 1068/1076/2128
f 1067/1068/2129 1068/1076/2130 1065/1073/2131 1066/1069/2132
f 1086/1078/2133 1088/1079/2134 1087/1077/2135 1083/1080/2136
f 1085/1081/2137 1086/1078/2138 1083/1080/2139 1084/1082/2140
f 1084/1082/2141 1083/1080/2142 1079/1083/2143 1078/1084/2144
f 1077/1085/2145 1078/1084/2146 1079/1083/2147 1080/1086/2148
f 1083/1080/2149 1087/1077/2150 1081/1087/2151 1079/1083/2152
f 1080/1086/2153 1079/1083/2154 1081/1087/2155 1082/1088/2156
f 1099/1089/2157 1100/1090/2158 1096/1091/2159 1095/1092/2160
f 1094/1093/2161 1099/1089/2162 1095/1092/2163 1091/1094/2164
f 1094/1093/2165 1091/1094/2166 1090/1095/2167 1093/1096/2168
f 1095/1092/2169 1096/1091/2170 1097/1097/2171 1098/1098/2172
f 1091/1094/2173 1095/1092/2174 1098/1098/2175 1092/1099/2176
f 1091/1094/2177 1092/1099/2178 1089/1100/2179 1090/1095/2180
f 1111/1101/2181 1112/1102/2182 1107/1103/2183 1103/1104/2184
f 1110/1105/2185 1111/1101/2186 1103/1104/2187 1102/1106/2188
f 1101/1107/2189 1102/1106/2190 1103/1104/2191 1104/1108/2192
f 1101/1107/2193 1104/1108/2194 1105/1109/2195 1106/1110/2196
f 1104/1108/2197 1103/1104/2198 1107/1103/2199 1108/1111/2200
f 1104/1108/2201 1108/1111/2202 1109/1112/2203 1105/1109/2204
f 1120/1114/2205 1124/1115/2206 1122/1113/2207 1115/1116/2208
f 1120/1114/2209 1115/1116/2210 1114/1117/2211 1119/1118/2212
f 1121/1119/2213 1119/1118/2214 1114/1117/2215 1118/1120/2216
f 1118/1120/2217 1114/1117/2218 1113/1121/2219 1117/1122/2220
f 1115/1116/2221 1122/1113/2222 1123/1123/2223 1116/1124/2224
f 1115/1116/2225 1116/1124/2226 1113/1121/2227 1114/1117/2228
f 1135/1125/2229 1136/1126/2230 1131/1127/2231 1127/1128/2232
f 1134/1129/2233 1135/1125/2234 1127/1128/2235 1126/1130/2236
f 1125/1131/2237 1126/1130/2238 1127/1128/2239 1128/1132/2240
f 1125/1131/2241 1128/1132/2242 1129/1133/2243 1130/1134/2244
f 1128/1132/2245 1127/1128/2246 1131/1127/2247 1132/1135/2248
f 1128/1132/2249 1132/1135/2250 1133/1136/2251 1129/1133/2252
f 1144/1138/2253 1148/1139/2254 1146/1137/2255 1139/1140/2256
f 1144/1138/2257 1139/1140/2258 1138/1141/2259 1143/1142/2260
f 1145/1143/2261 1143/1142/2262 1138/1141/2263 1142/1144/2264
f 1142/1144/2265 1138/1141/2266 1137/1145/2267 1141/1146/2268
f 1139/1140/2269 1146/1137/2270 1147/1147/2271 1140/1148/2272
f 1139/1140/2273 1140/1148/2274 1137/1145/2275 1138/1141/2276
f 1155/1150/2277 1156/1151/2278 1153/1149/2279 1154/1152/2280
f 1157/1153/2281 1155/1150/2282 1154/1152/2283 1158/1154/2284
f 1158/1154/2285 1154/1152/2286 1150/1155/2287 1149/1156/2288
f 1149/1156/2289 1150/1155/2290 1151/1157/2291 1152/1158/2292
f 1150/1155/2293 1154/1152/2294 1153/1149/2295 1159/1159/2296
f 1150/1155/2297 1159/1159/2298 1160/1160/2299 1151/1157/2300
f 1165/1161/2301 1166/1162/2302 1167/1163/2303 1168/1164/2304
f 1165/1161/2305 1168/1164/2306 1164/1165/2307 1172/1166/2308
f 1171/1167/2309 1172/1166/2310 1164/1165/2311 1163/1168/2312
f 1163/1168/2313 1164/1165/2314 1161/1169/2315 1162/1170/2316
f 1168/1164/2317 1167/1163/2318 1169/1171/2319 1170/1172/2320
f 1164/1165/2321 1168/1164/2322 1170/1172/2323 1161/1169/2324
f 1178/1174/2325 1179/1175/2326 1177/1173/2327 1174/1176/2328
f 1184/1177/2329 1178/1174/2330 1174/1176/2331 1173/1178/2332
f 1173/1178/2333 1174/1176/2334 1175/1179/2335 1176/1180/2336
f 1176/1180/2337 1175/1179/2338 1182/1181/2339 1181/1182/2340
f 1175/1179/2341 1174/1176/2342 1177/1173/2343 1185/1183/2344
f 1182/1181/2345 1175/1179/2346 1185/1183/2347 1186/1184/2348
f 1182/1181/2349 1186/1184/2350 1187/1185/2351 1183/1186/2352
f 1182/1181/2353 1183/1186/2354 1180/1187/2355 1181/1182/2356
f 1192/1188/2357 1193/1189/2358 1194/1190/2359 1191/1191/2360
f 1192/1188/2361 1191/1191/2362 1190/1192/2363 1200/1193/2364
f 1200/1193/2365 1190/1192/2366 1197/1194/2367 1202/1195/2368
f 1201/1196/2369 1202/1195/2370 1197/1194/2371 1196/1197/2372
f 1191/1191/2373 1194/1190/2374 1199/1198/2375 1188/1199/2376
f 1190/1192/2377 1191/1191/2378 1188/1199/2379 1189/1200/2380
f 1197/1194/2381 1190/1192/2382 1189/1200/2383 1198/1201/2384
f 1197/1194/2385 1198/1201/2386 1195/1202/2387 1196/1197/2388
f 1213/1204/2389 1214/1205/2390 1206/1203/2391 1205/1206/2392
f 1207/1207/2393 1213/1204/2394 1205/1206/2395 1208/1208/2396
f 1207/1207/2397 1208/1208/2398 1209/1209/2399 1210/1210/2400
f 1205/1206/2401 1206/1203/2402 1203/1211/2403 1204/1212/2404
f 1205/1206/2405 1204/1212/2406 1212/1213/2407 1208/1208/2408
f 1208/1208/2409 1212/1213/2410 1211/1214/2411 1209/1209/2412
f 1216/1215/2413 1225/1216/2414 1226/1217/2415 1217/1218/2416
f 1215/1219/2417 1216/1215/2418 1217/1218/2419 1218/1220/2420
f 1224/1221/2421 1218/1220/2422 1217/1218/2423 1222/1222/2424
f 1223/1223/2425 1224/1221/2426 1222/1222/2427 1221/1224/2428
f 1217/1218/2429 1226/1217/2430 1219/1225/2431 1222/1222/2432
f 1221/1224/2433 1222/1222/2434 1219/1225/2435 1220/1226/2436
f 1234/1228/2437 1238/1229/2438 1237/1227/2439 1235/1230/2440
f 1233/1231/2441 1234/1228/2442 1235/1230/2443 1236/1232/2444
f 1236/1232/2445 1235/1230/2446 1228/1233/2447 1227/1234/2448
f 1227/1234/2449 1228/1233/2450 1229/1235/2451 1230/1236/2452
f 1235/1230/2453 1237/1227/2454 1231/1237/2455 1228/1233/2456
f 1229/1235/2457 1228/1233/2458 1231/1237/2459 1232/1238/2460
f 1249/1239/2461 1250/1240/2462 1248/1241/2463 1247/1242/2464
f 1244/1243/2465 1249/1239/2466 1247/1242/2467 1242/1244/2468
f 1244/1243/2469 1242/1244/2470 1241/1245/2471 1243/1246/2472
f 1247/1242/2473 1248/1241/2474 1245/1247/2475 1246/1248/2476
f 1242/1244/2477 1247/1242/2478 1246/1248/2479 1239/1249/2480
f 1241/1245/2481 1242/1244/2482 1239/1249/2483 1240/1250/2484
f 1260/1252/2485 1262/1253/2486 1261/1251/2487 1257/1254/2488
f 1259/1255/2489 1260/1252/2490 1257/1254/2491 1258/1256/2492
f 1258/1256/2493 1257/1254/2494 1264/1257/2495 1263/1258/2496
f 1263/1258/2497 1264/1257/2498 1253/1259/2499 1252/1260/2500
f 1264/1257/2501 1257/1254/2502 1261/1251/2503 1265/1261/2504
f 1264/1257/2505 1265/1261/2506 1255/1262/2507 1253/1259/2508
f 1254/1263/2509 1253/1259/2510 1255/1262/2511 1256/1265/2512
f 1253/1259/2513 1254/1263/2514 1251/1264/2515 1252/1260/2516
f 1276/1266/2517 1277/1267/2518 1273/1268/2519 1272/1269/2520
f 1276/1266/2521 1272/1269/2522 1278/1270/2523 1280/1271/2524
f 1271/1272/2525 1280/1271/2526 1278/1270/2527 1268/1273/2528
f 1271/1272/2529 1268/1273/2530 1267/1274/2531 1270/1275/2532
f 1272/1269/2533 1273/1268/2534 1274/1276/2535 1275/1277/2536
f 1278/1270/2537 1272/1269/2538 1275/1277/2539 1279/1278/2540
f 1268/1273/2541 1278/1270/2542 1279/1278/2543 1269/1279/2544
f 1268/1273/2545 1269/1279/2546 1266/1280/2547 1267/1274/2548
f 1290/1282/2549 1292/1283/2550 1291/1281/2551 1287/1284/2552
f 1289/1285/2553 1290/1282/2554 1287/1284/2555 1288/1286/2556
f 1288/1286/2557 1287/1284/2558 1283/1287/2559 1282/1288/2560
f 1281/1289/2561 1282/1288/2562 1283/1287/2563 1284/1290/2564
f 1287/1284/2565 1291/1281/2566 1285/1291/2567 1283/1287/2568
f 1284/1290/2569 1283/1287/2570 1285/1291/2571 1286/1292/2572
f 1303/1293/2573 1304/1294/2574 1300/1295/2575 1299/1296/2576
f 1298/1297/2577 1303/1293/2578 1299/1296/2579 1295/1298/2580
f 1298/1297/2581 1295/1298/2582 1294/1299/2583 1297/1300/2584
f 1299/1296/2585 1300/1295/2586 1301/1301/2587 1302/1302/2588
f 1295/1298/2589 1299/1296/2590 1302/1302/2591 1296/1303/2592
f 1295/1298/2593 1296/1303/2594 1293/1304/2595 1294/1299/2596
f 1314/1306/2597 1316/1307/2598 1315/1305/2599 1311/1308/2600
f 1313/1309/2601 1314/1306/2602 1311/1308/2603 1312/1310/2604
f 1312/1310/2605 1311/1308/2606 1307/1311/2607 1306/1312/2608
f 1305/1313/2609 1306/1312/2610 1307/1311/2611 1308/1314/2612
f 1311/1308/2613 1315/1305/2614 1309/1315/2615 1307/1311/2616
f 1308/1314/2617 1307/1311/2618 1309/1315/2619 1310/1316/2620
f 1327/1317/2621 1328/1318/2622 1324/1319/2623 1323/1320/2624
f 1322/1321/2625 1327/1317/2626 1323/1320/2627 1319/1322/2628
f 1322/1321/2629 1319/1322/2630 1318/1323/2631 1321/1324/2632
f 1323/1320/2633 1324/1319/2634 1325/1325/2635 1326/1326/2636
f 1319/1322/2637 1323/1320/2638 1326/1326/2639 1320/1327/2640
f 1319/1322/2641 1320/1327/2642 1317/1328/2643 1318/1323/2644
f 1331/1330/2645 1332/1331/2646 1329/1329/2647 1330/1332/2648
f 1333/1333/2649 1331/1330/2650 1330/1332/2651 1334/1334/2652
f 1337/1335/2653 1334/1334/2654 1330/1332/2655 1336/1336/2656
f 1335/1337/2657 1336/1336/2658 1330/1332/2659 1329/1329/2660
f 1347/1339/2661 1349/1340/2662 1348/1338/2663 1344/1341/2664
f 1346/1342/2665 1347/1339/2666 1344/1341/2667 1345/1343/2668
f 1345/1343/2669 1344/1341/2670 1340/1344/2671 1339/1345/2672
f 1338/1346/2673 1339/1345/2674 1340/1344/2675 1341/1347/2676
f 1344/1341/2677 1348/1338/2678 1342/1348/2679 1340/1344/2680
f 1341/1347/2681 1340/1344/2682 1342/1348/2683 1343/1349/2684
f 1360/1350/2685 1361/1351/2686 1357/1352/2687 1356/1353/2688
f 1355/1354/2689 1360/1350/2690 1356/1353/2691 1352/1355/2692
f 1355/1354/2693 1352/1355/2694 1351/1356/2695 1354/1357/2696
f 1356/1353/2697 1357/1352/2698 1358/1358/2699 1359/1359/2700
f 1352/1355/2701 1356/1353/2702 1359/1359/2703 1353/1360/2704
f 1352/1355/2705 1353/1360/2706 1350/1361/2707 1351/1356/2708
f 1371/1363/2709 1373/1364/2710 1372/1362/2711 1368/1365/2712
f 1370/1366/2713 1371/1363/2714 1368/1365/2715 1369/1367/2716
f 1369/1367/2717 1368/1365/2718 1364/1368/2719 1363/1369/2720
f 1362/1370/2721 1363/1369/2722 1364/1368/2723 1365/1371/2724
f 1368/1365/2725 1372/1362/2726 1366/1372/2727 1364/1368/2728
f 1365/1371/2729 1364/1368/2730 1366/1372/2731 1367/1373/2732
f 1384/1374/2733 1385/1375/2734 1381/1376/2735 1380/1377/2736
f 1379/1378/2737 1384/1374/2738 1380/1377/2739 1376/1379/2740
f 1379/1378/2741 1376/1379/2742 1375/1380/2743 1378/1381/2744
f 1380/1377/2745 1381/1376/2746 1382/1382/2747 1383/1383/2748
f 1376/1379/2749 1380/1377/2750 1383/1383/2751 1377/1384/2752
f 1376/1379/2753 1377/1384/2754 1374/1385/2755 1375/1380/2756
f 1395/1387/2757 1397/1388/2758 1396/1386/2759 1392/1389/2760
f 1394/1390/2761 1395/1387/2762 1392/1389/2763 1393/1391/2764
f 1393/1391/2765 1392/1389/2766 1388/1392/2767 1387/1393/2768
f 1386/1394/2769 1387/1393/2770 1388/1392/2771 1389/1395/2772
f 1392/1389/2773 1396/1386/2774 1390/1396/2775 1388/1392/2776
f 1389/1395/2777 1388/1392/2778 1390/1396/2779 1391/1397/2780
f 1408/1398/2781 1409/1399/2782 1405/1400/2783 1404/1401/2784
f 1403/1402/2785 1408/1398/2786 1404/1401/2787 1400/1403/2788
f 1403/1402/2789 1400/1403/2790 1399/1404/2791 1402/1405/2792
f 1404/1401/2793 1405/1400/2794 1406/1406/2795 1407/1407/2796
f 1400/1403/2797 1404/1401/2798 1407/1407/2799 1401/1408/2800
f 1400/1403/2801 1401/1408/2802 1398/1409/2803 1399/1404/2804
f 1419/1411/2805 1421/1412/2806 1420/1410/2807 1416/1413/2808
f 1418/1414/2809 1419/1411/2810 1416/1413/2811 1417/1415/2812
f 1417/1415/2813 1416/1413/2814 1412/1416/2815 1411/1417/2816
f 1410/1418/2817 1411/1417/2818 1412/1416/2819 1413/1419/2820
f 1416/1413/2821 1420/1410/2822 1414/1420/2823 1412/1416/2824
f 1413/1419/2825 1412/1416/2826 1414/1420/2827 1415/1421/2828
f 1432/1422/2829 1433/1423/2830 1429/1424/2831 1428/1425/2832
f 1427/1426/2833 1432/1422/2834 1428/1425/2835 1424/1427/2836
f 1427/1426/2837 1424/1427/2838 1423/1428/2839 1426/1429/2840
f 1428/1425/2841 1429/1424/2842 1430/1430/2843 1431/1431/2844
f 1424/1427/2845 1428/1425/2846 1431/1431/2847 1425/1432/2848
f 1424/1427/2849 1425/1432/2850 1422/1433/2851 1423/1428/2852
f 1443/1435/2853 1445/1436/2854 1444/1434/2855 1440/1437/2856
f 1442/1438/2857 1443/1435/2858 1440/1437/2859 1441/1439/2860
f 1441/1439/2861 1440/1437/2862 1436/1440/2863 1435/1441/2864
f 1434/1442/2865 1435/1441/2866 1436/1440/2867 1437/1443/2868
f 1440/1437/2869 1444/1434/2870 1438/1444/2871 1436/1440/2872
f 1437/1443/2873 1436/1440/2874 1438/1444/2875 1439/1445/2876
f 1456/1446/2877 1457/1447/2878 1453/1448/2879 1452/1449/2880
f 1451/1450/2881 1456/1446/2882 1452/1449/2883 1448/1451/2884
f 1451/1450/2885 1448/1451/2886 1447/1452/2887 1450/1453/2888
f 1452/1449/2889 1453/1448/2890 1454/1454/2891 1455/1455/2892
f 1448/1451/2893 1452/1449/2894 1455/1455/2895 1449/1456/2896
f 1448/1451/2897 1449/1456/2898 1446/1457/2899 1447/1452/2900
f 1468/1459/2901 1469/1460/2902 1461/1458/2903 1460/1461/2904
f 1462/1462/2905 1468/1459/2906 1460/1461/2907 1463/1463/2908
f 1462/1462/2909 1463/1463/2910 1464/1464/2911 1465/1465/2912
f 1460/1461/2913 1461/1458/2914 1458/1466/2915 1459/1467/2916
f 1460/1461/2917 1459/1467/2918 1467/1468/2919 1463/1463/2920
f 1463/1463/2921 1467/1468/2922 1466/1469/2923 1464/1464/2924
f 1471/1470/2925 1480/1471/2926 1481/1472/2927 1472/1473/2928
f 1470/1474/2929 1471/1470/2930 1472/1473/2931 1473/1475/2932
f 1479/1476/2933 1473/1475/2934 1472/1473/2935 1477/1477/2936
f 1478/1478/2937 1479/1476/2938 1477/1477/2939 1476/1479/2940
f 1472/1473/2941 1481/1472/2942 1474/1480/2943 1477/1477/2944
f 1476/1479/2945 1477/1477/2946 1474/1480/2947 1475/1481/2948
f 1492/1483/2949 1493/1484/2950 1485/1482/2951 1484/1485/2952
f 1486/1486/2953 1492/1483/2954 1484/1485/2955 1487/1487/2956
f 1486/1486/2957 1487/1487/2958 1488/1488/2959 1489/1489/2960
f 1484/1485/2961 1485/1482/2962 1482/1490/2963 1483/1491/2964
f 1484/1485/2965 1483/1491/2966 1491/1492/2967 1487/1487/2968
f 1487/1487/2969 1491/1492/2970 1490/1493/2971 1488/1488/2972
f 1495/1494/2973 1504/1495/2974 1505/1496/2975 1496/1497/2976
f 1494/1498/2977 1495/1494/2978 1496/1497/2979 1497/1499/2980
f 1503/1500/2981 1497/1499/2982 1496/1497/2983 1501/1501/2984
f 1502/1502/2985 1503/1500/2986 1501/1501/2987 1500/1503/2988
f 1496/1497/2989 1505/1496/2990 1498/1504/2991 1501/1501/2992
f 1500/1503/2993 1501/1501/2994 1498/1504/2995 1499/1505/2996
f 1516/1506/2997 1517/1507/2998 1514/1508/2999 1508/1509/3000
f 1510/1510/3001 1516/1506/3002 1508/1509/3003 1507/1511/3004
f 1510/1510/3005 1507/1511/3006 1511/1512/3007 1512/1513/3008
f 1508/1509/3009 1514/1508/3010 1513/1514/3011 1509/1515/3012
f 1508/1509/3013 1509/1515/3014 1506/1516/3015 1507/1511/3016
f 1507/1511/3017 1506/1516/3018 1515/1517/3019 1511/1512/3020
f 1526/1519/3021 1529/1520/3022 1528/1518/3023 1520/1521/3024
f 1525/1522/3025 1526/1519/3026 1520/1521/3027 1519/1523/3028
f 1518/1524/3029 1519/1523/3030 1520/1521/3031 1521/1525/3032
f 1527/1526/3033 1518/1524/3034 1521/1525/3035 1524/1527/3036
f 1520/1521/3037 1528/1518/3038 1522/1528/3039 1521/1525/3040
f 1524/1527/3041 1521/1525/3042 1522/1528/3043 1523/1529/3044
f 1533/1530/3045 1534/1531/3046 1535/1532/3047 1530/1533/3048
f 1532/1534/3049 1533/1530/3050 1530/1533/3051 1531/1535/3052
f 1536/1536/3053 1532/1534/3054 1531/1535/3055 1537/1537/3056
f 1539/1538/3057 1537/1537/3058 1531/1535/3059 1538/1539/3060
f 1530/1533/3061 1535/1532/3062 1541/1540/3063 1540/1541/3064
f 1531/1535/3065 1530/1533/3066 1540/1541/3067 1538/1539/3068
f 1546/1543/3069 1547/1544/3070 1543/1542/3071 1542/1545/3072
f 1553/1546/3073 1546/1543/3074 1542/1545/3075 1552/1547/3076
f 1552/1547/3077 1542/1545/3078 1545/1548/3079 1551/1549/3080
f 1550/1550/3081 1551/1549/3082 1545/1548/3083 1549/1551/3084
f 1542/1545/3085 1543/1542/3086 1544/1552/3087 1545/1548/3088
f 1545/1548/3089 1544/1552/3090 1548/1553/3091 1549/1551/3092
f 1556/1555/3093 1557/1556/3094 1554/1554/3095 1555/1557/3096
f 1558/1558/3097 1556/1555/3098 1555/1557/3099 1559/1559/3100
f 1559/1559/3101 1555/1557/3102 1560/1560/3103 1565/1561/3104
f 1564/1562/3105 1565/1561/3106 1560/1560/3107 1563/1563/3108
f 1555/1557/3109 1554/1554/3110 1561/1564/3111 1560/1560/3112
f 1560/1560/3113 1561/1564/3114 1562/1565/3115 1563/1563/3116
f 1566/1566/3117 1567/1567/3118 1568/1568/3119 1569/1569/3120
f 1575/1570/3121 1566/1566/3122 1569/1569/3123 1572/1571/3124
f 1574/1572/3125 1575/1570/3126 1572/1571/3127 1573/1573/3128
f 1576/1574/3129 1573/1573/3130 1572/1571/3131 1577/1575/3132
f 1569/1569/3133 1568/1568/3134 1570/1576/3135 1571/1577/3136
f 1572/1571/3137 1569/1569/3138 1571/1577/3139 1577/1575/3140
f 1586/1578/3141 1589/1579/3142 1587/1580/3143 1580/1581/3144
f 1582/1582/3145 1586/1578/3146 1580/1581/3147 1579/1583/3148
f 1582/1582/3149 1579/1583/3150 1583/1584/3151 1584/1585/3152
f 1581/1586/3153 1580/1581/3154 1587/1580/3155 1588/1589/3156
f 1580/1581/3157 1581/1586/3158 1578/1587/3159 1579/1583/3160
f 1579/1583/3161 1578/1587/3162 1585/1588/3163 1583/1584/3164
f 1599/1591/3165 1601/1592/3166 1598/1590/3167 1592/1593/3168
f 1599/1591/3169 1592/1593/3170 1591/1594/3171 1600/1595/3172
f 1592/1593/3173 1598/1590/3174 1594/1596/3175 1593/1597/3176
f 1592/1593/3177 1593/1597/3178 1590/1598/3179 1591/1594/3180
f 1596/1599/3181 1593/1597/3182 1594/1596/3183 1595/1601/3184
f 1593/1597/3185 1596/1599/3186 1597/1600/3187 1590/1598/3188
f 1613/1602/3189 1616/1603/3190 1614/1604/3191 1611/1605/3192
f 1610/1606/3193 1613/1602/3194 1611/1605/3195 1608/1607/3196
f 1602/1608/3197 1610/1606/3198 1608/1607/3199 1603/1609/3200
f 1602/1608/3201 1603/1609/3202 1604/1610/3203 1605/1611/3204
f 1612/1612/3205 1611/1605/3206 1614/1604/3207 1615/1616/3208
f 1611/1605/3209 1612/1612/3210 1609/1613/3211 1608/1607/3212
f 1608/1607/3213 1609/1613/3214 1607/1614/3215 1603/1609/3216
f 1603/1609/3217 1607/1614/3218 1606/1615/3219 1604/1610/3220
f 1627/1617/3221 1628/1618/3222 1623/1619/3223 1626/1620/3224
f 1617/1621/3225 1627/1617/3226 1626/1620/3227 1618/1622/3228
f 1617/1621/3229 1618/1622/3230 1619/1623/3231 1620/1624/3232
f 1625/1625/3233 1626/1620/3234 1623/1619/3235 1624/1628/3236
f 1626/1620/3237 1625/1625/3238 1622/1626/3239 1618/1622/3240
f 1618/1622/3241 1622/1626/3242 1621/1627/3243 1619/1623/3244
f 1635/1630/3245 1640/1631/3246 1639/1629/3247 1636/1632/3248
f 1635/1630/3249 1636/1632/3250 1637/1633/3251 1638/1634/3252
f 1636/1632/3253 1639/1629/3254 1629/1635/3255 1632/1636/3256
f 1636/1632/3257 1632/1636/3258 1634/1637/3259 1637/1633/3260
f 1631/1638/3261 1632/1636/3262 1629/1635/3263 1630/1640/3264
f 1632/1636/3265 1631/1638/3266 1633/1639/3267 1634/1637/3268
f 1649/1641/3269 1652/1642/3270 1650/1643/3271 1647/1644/3272
f 1649/1641/3273 1647/1644/3274 1642/1645/3275 1641/1646/3276
f 1641/1646/3277 1642/1645/3278 1643/1647/3279 1644/1648/3280
f 1648/1649/3281 1647/1644/3282 1650/1643/3283 1651/1652/3284
f 1647/1644/3285 1648/1649/3286 1646/1650/3287 1642/1645/3288
f 1642/1645/3289 1646/1650/3290 1645/1651/3291 1643/1647/3292
f 1662/1654/3293 1664/1655/3294 1661/1653/3295 1659/1656/3296
f 1662/1654/3297 1659/1656/3298 1660/1657/3299 1663/1658/3300
f 1656/1659/3301 1659/1656/3302 1661/1653/3303 1653/1661/3304
f 1659/1656/3305 1656/1659/3306 1658/1660/3307 1660/1657/3308
f 1655/1662/3309 1656/1659/3310 1653/1661/3311 1654/1664/3312
f 1656/1659/3313 1655/1662/3314 1657/1663/3315 1658/1660/3316
f 1673/1665/3317 1676/1666/3318 1674/1667/3319 1667/1668/3320
f 1669/1669/3321 1673/1665/3322 1667/1668/3323 1666/1670/3324
f 1669/1669/3325 1666/1670/3326 1670/1671/3327 1671/1672/3328
f 1668/1673/3329 1667/1668/3330 1674/1667/3331 1675/1676/3332
f 1667/1668/3333 1668/1673/3334 1665/1674/3335 1666/1670/3336
f 1666/1670/3337 1665/1674/3338 1672/1675/3339 1670/1671/3340
f 1686/1678/3341 1688/1679/3342 1685/1677/3343 1679/1680/3344
f 1686/1678/3345 1679/1680/3346 1678/1681/3347 1687/1682/3348
f 1679/1680/3349 1685/1677/3350 1681/1683/3351 1680/1684/3352
f 1679/1680/3353 1680/1684/3354 1677/1685/3355 1678/1681/3356
f 1683/1686/3357 1680/1684/3358 1681/1683/3359 1682/1688/3360
f 1680/1684/3361 1683/1686/3362 1684/1687/3363 1677/1685/3364
f 1695/1690/3365 1699/1691/3366 1698/1689/3367 1696/1692/3368
f 1695/1690/3369 1696/1692/3370 1689/1693/3371 1694/1694/3372
f 1693/1695/3373 1694/1694/3374 1689/1693/3375 1692/1696/3376
f 1691/1697/3377 1692/1696/3378 1689/1693/3379 1690/1698/3380
f 1696/1692/3381 1698/1689/3382 1700/1699/3383 1697/1700/3384
f 1696/1692/3385 1697/1700/3386 1690/1698/3387 1689/1693/3388
f 1708/1702/3389 1712/1703/3390 1711/1701/3391 1709/1704/3392
f 1707/1705/3393 1708/1702/3394 1709/1704/3395 1710/1706/3396
f 1710/1706/3397 1709/1704/3398 1702/1707/3399 1701/1708/3400
f 1701/1708/3401 1702/1707/3402 1703/1709/3403 1704/1710/3404
f 1709/1704/3405 1711/1701/3406 1705/1711/3407 1702/1707/3408
f 1703/1709/3409 1702/1707/3410 1705/1711/3411 1706/1712/3412
f 1723/1713/3413 1724/1714/3414 1722/1715/3415 1721/1716/3416
f 1718/1717/3417 1723/1713/3418 1721/1716/3419 1716/1718/3420
f 1718/1717/3421 1716/1718/3422 1715/1719/3423 1717/1720/3424
f 1721/1716/3425 1722/1715/3426 1719/1721/3427 1720/1722/3428
f 1716/1718/3429 1721/1716/3430 1720/1722/3431 1713/1723/3432
f 1715/1719/3433 1716/1718/3434 1713/1723/3435 1714/1724/3436
f 1733/1726/3437 1734/1727/3438 1731/1725/3439 1732/1728/3440
f 1736/1729/3441 1733/1726/3442 1732/1728/3443 1735/1730/3444
f 1725/1731/3445 1735/1730/3446 1732/1728/3447 1726/1732/3448
f 1725/1731/3449 1726/1732/3450 1727/1733/3451 1728/1734/3452
f 1732/1728/3453 1731/1725/3454 1730/1735/3455 1726/1732/3456
f 1726/1732/3457 1730/1735/3458 1729/1736/3459 1727/1733/3460
f 1747/1738/3461 1748/1739/3462 1743/1737/3463 1742/1740/3464
f 1745/1741/3465 1747/1738/3466 1742/1740/3467 1739/1742/3468
f 1745/1741/3469 1739/1742/3470 1738/1743/3471 1746/1744/3472
f 1741/1745/3473 1742/1740/3474 1743/1737/3475 1744/1748/3476
f 1739/1742/3477 1742/1740/3478 1741/1745/3479 1740/1746/3480
f 1739/1742/3481 1740/1746/3482 1737/1747/3483 1738/1743/3484
f 1755/1749/3485 1759/1750/3486 1760/1751/3487 1756/1752/3488
f 1755/1749/3489 1756/1752/3490 1753/1753/3491 1754/1754/3492
f 1756/1752/3493 1760/1751/3494 1757/1755/3495 1751/1756/3496
f 1753/1753/3497 1756/1752/3498 1751/1756/3499 1750/1757/3500
f 1749/1758/3501 1750/1757/3502 1751/1756/3503 1752/1759/3504
f 1752/1759/3505 1751/1756/3506 1757/1755/3507 1758/1760/3508
f 1771/1761/3509 1772/1762/3510 1767/1763/3511 1763/1764/3512
f 1770/1765/3513 1771/1761/3514 1763/1764/3515 1762/1766/3516
f 1761/1767/3517 1762/1766/3518 1763/1764/3519 1764/1768/3520
f 1761/1767/3521 1764/1768/3522 1765/1769/3523 1766/1770/3524
f 1764/1768/3525 1763/1764/3526 1767/1763/3527 1768/1771/3528
f 1764/1768/3529 1768/1771/3530 1769/1772/3531 1765/1769/3532
f 1780/1774/3533 1784/1775/3534 1782/1773/3535 1775/1776/3536
f 1780/1774/3537 1775/1776/3538 1774/1777/3539 1779/1778/3540
f 1781/1779/3541 1779/1778/3542 1774/1777/3543 1778/1780/3544
f 1778/1780/3545 1774/1777/3546 1773/1781/3547 1777/1782/3548
f 1775/1776/3549 1782/1773/3550 1783/1783/3551 1776/1784/3552
f 1775/1776/3553 1776/1784/3554 1773/1781/3555 1774/1777/3556
f 1795/1785/3557 1796/1786/3558 1791/1787/3559 1787/1788/3560
f 1794/1789/3561 1795/1785/3562 1787/1788/3563 1786/1790/3564
f 1785/1791/3565 1786/1790/3566 1787/1788/3567 1788/1792/3568
f 1785/1791/3569 1788/1792/3570 1789/1793/3571 1790/1794/3572
f 1788/1792/3573 1787/1788/3574 1791/1787/3575 1792/1795/3576
f 1788/1792/3577 1792/1795/3578 1793/1796/3579 1789/1793/3580
f 1804/1798/3581 1808/1799/3582 1806/1797/3583 1799/1800/3584
f 1804/1798/3585 1799/1800/3586 1798/1801/3587 1803/1802/3588
f 1805/1803/3589 1803/1802/3590 1798/1801/3591 1802/1804/3592
f 1802/1804/3593 1798/1801/3594 1797/1805/3595 1801/1806/3596
f 1799/1800/3597 1806/1797/3598 1807/1807/3599 1800/1808/3600
f 1799/1800/3601 1800/1808/3602 1797/1805/3603 1798/1801/3604
f 1818/1810/3605 1819/1811/3606 1816/1809/3607 1815/1812/3608
f 1820/1813/3609 1818/1810/3610 1815/1812/3611 1817/1814/3612
f 1809/1815/3613 1817/1814/3614 1815/1812/3615 1810/1816/3616
f 1809/1815/3617 1810/1816/3618 1811/1817/3619 1812/1818/3620
f 1815/1812/3621 1816/1809/3622 1814/1819/3623 1810/1816/3624
f 1810/1816/3625 1814/1819/3626 1813/1820/3627 1811/1817/3628
f 1826/1822/3629 1827/1823/3630 1825/1821/3631 1822/1824/3632
f 1832/1825/3633 1826/1822/3634 1822/1824/3635 1821/1826/3636
f 1821/1826/3637 1822/1824/3638 1823/1827/3639 1824/1828/3640
f 1824/1828/3641 1823/1827/3642 1830/1829/3643 1829/1830/3644
f 1823/1827/3645 1822/1824/3646 1825/1821/3647 1833/1831/3648
f 1830/1829/3649 1823/1827/3650 1833/1831/3651 1834/1832/3652
f 1830/1829/3653 1834/1832/3654 1835/1833/3655 1831/1834/3656
f 1830/1829/3657 1831/1834/3658 1828/1835/3659 1829/1830/3660
f 1840/1836/3661 1841/1837/3662 1842/1838/3663 1839/1839/3664
f 1840/1836/3665 1839/1839/3666 1838/1840/3667 1848/1841/3668
f 1848/1841/3669 1838/1840/3670 1845/1842/3671 1850/1843/3672
f 1849/1844/3673 1850/1843/3674 1845/1842/3675 1844/1845/3676
f 1839/1839/3677 1842/1838/3678 1847/1846/3679 1836/1847/3680
f 1838/1840/3681 1839/1839/3682 1836/1847/3683 1837/1848/3684
f 1845/1842/3685 1838/1840/3686 1837/1848/3687 1846/1849/3688
f 1845/1842/3689 1846/1849/3690 1843/1850/3691 1844/1845/3692
f 1857/1851/3693 1858/1852/3694 1851/1853/3695 1854/1854/3696
f 1859/1855/3697 1857/1851/3698 1854/1854/3699 1856/1856/3700
f 1855/1857/3701 1856/1856/3702 1854/1854/3703 1853/1858/3704
f 1862/1859/3705 1855/1857/3706 1853/1858/3707 1861/1860/3708
f 1853/1858/3709 1854/1854/3710 1851/1853/3711 1852/1861/3712
f 1853/1858/3713 1852/1861/3714 1860/1862/3715 1861/1860/3716
f 1863/1864/3717 1870/1865/3718 1869/1863/3719 1864/1866/3720
f 1863/1864/3721 1864/1866/3722 1865/1867/3723 1866/1868/3724
f 1873/1869/3725 1866/1868/3726 1865/1867/3727 1872/1870/3728
f 1874/1871/3729 1872/1870/3730 1865/1867/3731 1868/1872/3732
f 1864/1866/3733 1869/1863/3734 1871/1873/3735 1867/1874/3736
f 1864/1866/3737 1867/1874/3738 1868/1872/3739 1865/1867/3740
f 1884/1876/3741 1885/1877/3742 1882/1875/3743 1881/1878/3744
f 1886/1879/3745 1884/1876/3746 1881/1878/3747 1883/1880/3748
f 1875/1881/3749 1883/1880/3750 1881/1878/3751 1876/1882/3752
f 1875/1881/3753 1876/1882/3754 1877/1883/3755 1878/1884/3756
f 1881/1878/3757 1882/1875/3758 1880/1885/3759 1876/1882/3760
f 1876/1882/3761 1880/1885/3762 1879/1886/3763 1877/1883/3764
f 1893/1887/3765 1896/1888/3766 1897/1889/3767 1894/1890/3768
f 1892/1891/3769 1893/1887/3770 1894/1890/3771 1890/1892/3772
f 1891/1893/3773 1892/1891/3774 1890/1892/3775 1889/1894/3776
f 1889/1894/3777 1890/1892/3778 1887/1895/3779 1888/1896/3780
f 1894/1890/3781 1897/1889/3782 1898/1897/3783 1895/1898/3784
f 1894/1890/3785 1895/1898/3786 1887/1895/3787 1890/1892/3788
f 1909/1899/3789 1910/1900/3790 1907/1901/3791 1902/1902/3792
f 1904/1903/3793 1909/1899/3794 1902/1902/3795 1901/1904/3796
f 1903/1905/3797 1904/1903/3798 1901/1904/3799 1905/1906/3800
f 1905/1906/3801 1901/1904/3802 1900/1907/3803 1908/1908/3804
f 1902/1902/3805 1907/1901/3806 1906/1909/3807 1899/1910/3808
f 1901/1904/3809 1902/1902/3810 1899/1910/3811 1900/1907/3812
f 1919/1912/3813 1922/1913/3814 1921/1911/3815 1912/1914/3816
f 1918/1915/3817 1919/1912/3818 1912/1914/3819 1911/1916/3820
f 1911/1916/3821 1912/1914/3822 1913/1917/3823 1914/1918/3824
f 1914/1918/3825 1913/1917/3826 1916/1919/3827 1920/1920/3828
f 1912/1914/3829 1921/1911/3830 1917/1921/3831 1913/1917/3832
f 1913/1917/3833 1917/1921/3834 1915/1922/3835 1916/1919/3836
f 1933/1923/3837 1934/1924/3838 1931/1925/3839 1925/1926/3840
f 1927/1927/3841 1933/1923/3842 1925/1926/3843 1924/1928/3844
f 1927/1927/3845 1924/1928/3846 1928/1929/3847 1929/1930/3848
f 1925/1926/3849 1931/1925/3850 1930/1931/3851 1926/1932/3852
f 1925/1926/3853 1926/1932/3854 1923/1933/3855 1924/1928/3856
f 1924/1928/3857 1923/1933/3858 1932/1934/3859 1928/1929/3860
f 1943/1936/3861 1946/1937/3862 1945/1935/3863 1937/1938/3864
f 1942/1939/3865 1943/1936/3866 1937/1938/3867 1936/1940/3868
f 1935/1941/3869 1936/1940/3870 1937/1938/3871 1938/1942/3872
f 1944/1943/3873 1935/1941/3874 1938/1942/3875 1941/1944/3876
f 1937/1938/3877 1945/1935/3878 1939/1945/3879 1938/1942/3880
f 1941/1944/3881 1938/1942/3882 1939/1945/3883 1940/1946/3884
f 1957/1947/3885 1958/1948/3886 1955/1949/3887 1949/1950/3888
f 1951/1951/3889 1957/1947/3890 1949/1950/3891 1948/1952/3892
f 1951/1951/3893 1948/1952/3894 1952/1953/3895 1953/1954/3896
f 1949/1950/3897 1955/1949/3898 1954/1955/3899 1950/1956/3900
f 1949/1950/3901 1950/1956/3902 1947/1957/3903 1948/1952/3904
f 1948/1952/3905 1947/1957/3906 1956/1958/3907 1952/1953/3908
f 1967/1960/3909 1970/1961/3910 1969/1959/3911 1961/1962/3912
f 1966/1963/3913 1967/1960/3914 1961/1962/3915 1960/1964/3916
f 1959/1965/3917 1960/1964/3918 1961/1962/3919 1962/1966/3920
f 1968/1967/3921 1959/1965/3922 1962/1966/3923 1965/1968/3924
f 1961/1962/3925 1969/1959/3926 1963/1969/3927 1962/1966/3928
f 1965/1968/3929 1962/1966/3930 1963/1969/3931 1964/1970/3932
f 1982/1971/3933 1985/1972/3934 1983/1973/3935 1980/1974/3936
f 1979/1975/3937 1982/1971/3938 1980/1974/3939 1977/1976/3940
f 1971/1977/3941 1979/1975/3942 1977/1976/3943 1972/1978/3944
f 1971/1977/3945 1972/1978/3946 1973/1979/3947 1974/1980/3948
f 1981/1981/3949 1980/1974/3950 1983/1973/3951 1984/1985/3952
f 1980/1974/3953 1981/1981/3954 1978/1982/3955 1977/1976/3956
f 1977/1976/3957 1978/1982/3958 1976/1983/3959 1972/1978/3960
f 1972/1978/3961 1976/1983/3962 1975/1984/3963 1973/1979/3964
f 1998/1987/3965 2000/1988/3966 1997/1986/3967 1995/1989/3968
f 1998/1987/3969 1995/1989/3970 1996/1990/3971 1999/1991/3972
f 1995/1989/3973 1997/1986/3974 1994/1992/3975 1993/1993/3976
f 1995/1989/3977 1993/1993/3978 1992/1994/3979 1996/1990/3980
f 1993/1993/3981 1994/1992/3982 1986/1995/3983 1989/1996/3984
f 1993/1993/3985 1989/1996/3986 1991/1997/3987 1992/1994/3988
f 1988/1998/3989 1989/1996/3990 1986/1995/3991 1987/2000/3992
f 1989/1996/3993 1988/1998/3994 1990/1999/3995 1991/1997/3996
f 2007/2001/3997 2011/2002/3998 2010/2003/3999 2008/2004/4000
f 2007/2001/4001 2008/2004/4002 2004/2005/4003 2003/2006/4004
f 2003/2006/4005 2004/2005/4006 2001/2007/4007 2002/2008/4008
f 2008/2004/4009 2010/2003/4010 2012/2009/4011 2009/2010/4012
f 2004/2005/4013 2008/2004/4014 2009/2010/4015 2005/2011/4016
f 2004/2005/4017 2005/2011/4018 2006/2012/4019 2001/2007/4020
f 2022/2013/4021 2023/2014/4022 2020/2015/4023 2019/2016/4024
f 2024/2017/4025 2022/2013/4026 2019/2016/4027 2021/2018/4028
f 2021/2018/4029 2019/2016/4030 2014/2019/4031 2018/2020/4032
f 2017/2021/4033 2018/2020/4034 2014/2019/4035 2013/2022/4036
f 2014/2019/4037 2019/2016/4038 2020/2015/4039 2015/2023/4040
f 2013/2022/4041 2014/2019/4042 2015/2023/4043 2016/2024/4044
f 2035/2025/4045 2036/2026/4046 2032/2027/4047 2031/2028/4048
f 2034/2029/4049 2035/2025/4050 2031/2028/4051 2027/2030/4052
f 2033/2031/4053 2034/2029/4054 2027/2030/4055 2026/2032/4056
f 2025/2033/4057 2026/2032/4058 2027/2030/4059 2028/2034/4060
f 2031/2028/4061 2032/2027/4062 2029/2035/4063 2030/2036/4064
f 2031/2028/4065 2030/2036/4066 2028/2034/4067 2027/2030/4068
f 2042/2037/4069 2048/2038/4070 2047/2039/4071 2043/2040/4072
f 2041/2041/4073 2042/2037/4074 2043/2040/4075 2044/2042/4076
f 2038/2043/4077 2044/2042/4078 2043/2040/4079 2039/2044/4080
f 2037/2045/4081 2038/2043/4082 2039/2044/4083 2040/2046/4084
f 2043/2040/4085 2047/2039/4086 2045/2047/4087 2039/2044/4088
f 2039/2044/4089 2045/2047/4090 2046/2048/4091 2040/2046/4092
f 2059/2049/4093 2060/2050/4094 2056/2051/4095 2055/2052/4096
f 2058/2053/4097 2059/2049/4098 2055/2052/4099 2051/2054/4100
f 2057/2055/4101 2058/2053/4102 2051/2054/4103 2050/2056/4104
f 2049/2057/4105 2050/2056/4106 2051/2054/4107 2052/2058/4108
f 2055/2052/4109 2056/2051/4110 2053/2059/4111 2054/2060/4112
f 2051/2054/4113 2055/2052/4114 2054/2060/4115 2052/2058/4116
f 2066/2061/4117 2072/2062/4118 2071/2063/4119 2067/2064/4120
f 2065/2065/4121 2066/2061/4122 2067/2064/4123 2068/2066/4124
f 2068/2066/4125 2067/2064/4126 2063/2067/4127 2062/2068/4128
f 2061/2069/4129 2062/2068/4130 2063/2067/4131 2064/2070/4132
f 2067/2064/4133 2071/2063/4134 2069/2071/4135 2063/2067/4136
f 2063/2067/4137 2069/2071/4138 2070/2072/4139 2064/2070/4140
f 2083/2073/4141 2084/2074/4142 2080/2075/4143 2079/2076/4144
f 2082/2077/4145 2083/2073/4146 2079/2076/4147 2075/2078/4148
f 2081/2079/4149 2082/2077/4150 2075/2078/4151 2074/2080/4152
f 2073/2081/4153 2074/2080/4154 2075/2078/4155 2076/2082/4156
f 2079/2076/4157 2080/2075/4158 2077/2083/4159 2078/2084/4160
f 2075/2078/4161 2079/2076/4162 2078/2084/4163 2076/2082/4164
f 2090/2085/4165 2096/2086/4166 2095/2087/4167 2091/2088/4168
f 2089/2089/4169 2090/2085/4170 2091/2088/4171 2092/2090/4172
f 2092/2090/4173 2091/2088/4174 2087/2091/4175 2086/2092/4176
f 2085/2093/4177 2086/2092/4178 2087/2091/4179 2088/2094/4180
f 2091/2088/4181 2095/2087/4182 2093/2095/4183 2087/2091/4184
f 2087/2091/4185 2093/2095/4186 2094/2096/4187 2088/2094/4188
f 2107/2097/4189 2108/2098/4190 2104/2099/4191 2103/2100/4192
f 2106/2101/4193 2107/2097/4194 2103/2100/4195 2099/2102/4196
f 2105/2103/4197 2106/2101/4198 2099/2102/4199 2098/2104/4200
f 2097/2105/4201 2098/2104/4202 2099/2102/4203 2100/2106/4204
f 2103/2100/4205 2104/2099/4206 2101/2107/4207 2102/2108/4208
f 2099/2102/4209 2103/2100/4210 2102/2108/4211 2100/2106/4212
f 2114/2109/4213 2120/2110/4214 2119/2111/4215 2115/2112/4216
f 2113/2113/4217 2114/2109/4218 2115/2112/4219 2116/2114/4220
f 2116/2114/4221 2115/2112/4222 2111/2115/4223 2110/2116/4224
f 2109/2117/4225 2110/2116/4226 2111/2115/4227 2112/2118/4228
f 2115/2112/4229 2119/2111/4230 2117/2119/4231 2111/2115/4232
f 2111/2115/4233 2117/2119/4234 2118/2120/4235 2112/2118/4236
f 2131/2121/4237 2132/2122/4238 2128/2123/4239 2127/2124/4240
f 2130/2125/4241 2131/2121/4242 2127/2124/4243 2123/2126/4244
f 2129/2127/4245 2130/2125/4246 2123/2126/4247 2122/2128/4248
f 2121/2129/4249 2122/2128/4250 2123/2126/4251 2124/2130/4252
f 2127/2124/4253 2128/2123/4254 2125/2131/4255 2126/2132/4256
f 2123/2126/4257 2127/2124/4258 2126/2132/4259 2124/2130/4260
f 2138/2133/4261 2144/2134/4262 2143/2135/4263 2139/2136/4264
f 2137/2137/4265 2138/2133/4266 2139/2136/4267 2140/2138/4268
f 2140/2138/4269 2139/2136/4270 2135/2139/4271 2134/2140/4272
f 2133/2141/4273 2134/2140/4274 2135/2139/4275 2136/2142/4276
f 2139/2136/4277 2143/2135/4278 2141/2143/4279 2135/2139/4280
f 2135/2139/4281 2141/2143/4282 2142/2144/4283 2136/2142/4284
f 2155/2145/4285 2156/2146/4286 2152/2147/4287 2151/2148/4288
f 2154/2149/4289 2155/2145/4290 2151/2148/4291 2147/2150/4292
f 2153/2151/4293 2154/2149/4294 2147/2150/4295 2146/2152/4296
f 2145/2153/4297 2146/2152/4298 2147/2150/4299 2148/2154/4300
f 2151/2148/4301 2152/2147/4302 2149/2155/4303 2150/2156/4304
f 2147/2150/4305 2151/2148/4306 2150/2156/4307 2148/2154/4308
f 2162/2157/4309 2168/2158/4310 2167/2159/4311 2163/2160/4312
f 2161/2161/4313 2162/2157/4314 2163/2160/4315 2164/2162/4316
f 2164/2162/4317 2163/2160/4318 2159/2163/4319 2158/2164/4320
f 2157/2165/4321 2158/2164/4322 2159/2163/4323 2160/2166/4324
f 2163/2160/4325 2167/2159/4326 2165/2167/4327 2159/2163/4328
f 2159/2163/4329 2165/2167/4330 2166/2168/4331 2160/2166/4332
f 2179/2169/4333 2180/2170/4334 2175/2171/4335 2174/2172/4336
f 2177/2173/4337 2179/2169/4338 2174/2172/4339 2170/2174/4340
f 2177/2173/4341 2170/2174/4342 2169/2175/4343 2178/2176/4344
f 2173/2177/4345 2174/2172/4346 2175/2171/4347 2176/2178/4348
f 2170/2174/4349 2174/2172/4350 2173/2177/4351 2171/2179/4352
f 2169/2175/4353 2170/2174/4354 2171/2179/4355 2172/2180/4356
f 2187/2181/4357 2192/2182/4358 2191/2183/4359 2188/2184/4360
f 2187/2181/4361 2188/2184/4362 2185/2185/4363 2186/2186/4364
f 2188/2184/4365 2191/2183/4366 2189/2187/4367 2184/2188/4368
f 2185/2185/4369 2188/2184/4370 2184/2188/4371 2183/2189/4372
f 2183/2189/4373 2184/2188/4374 2181/2190/4375 2182/2191/4376
f 2181/2190/4377 2184/2188/4378 2189/2187/4379 2190/2192/4380
f 2203/2193/4381 2204/2194/4382 2200/2195/4383 2199/2196/4384
f 2202/2197/4385 2203/2193/4386 2199/2196/4387 2195/2198/4388
f 2201/2199/4389 2202/2197/4390 2195/2198/4391 2194/2200/4392
f 2193/2201/4393 2194/2200/4394 2195/2198/4395 2196/2202/4396
f 2199/2196/4397 2200/2195/4398 2197/2203/4399 2198/2204/4400
f 2195/2198/4401 2199/2196/4402 2198/2204/4403 2196/2202/4404
f 2210/2205/4405 2216/2206/4406 2215/2207/4407 2211/2208/4408
f 2209/2209/4409 2210/2205/4410 2211/2208/4411 2212/2210/4412
f 2212/2210/4413 2211/2208/4414 2207/2211/4415 2206/2212/4416
f 2205/2213/4417 2206/2212/4418 2207/2211/4419 2208/2214/4420
f 2211/2208/4421 2215/2207/4422 2213/2215/4423 2207/2211/4424
f 2207/2211/4425 2213/2215/4426 2214/2216/4427 2208/2214/4428
f 2227/2217/4429 2228/2218/4430 2224/2219/4431 2223/2220/4432
f 2226/2221/4433 2227/2217/4434 2223/2220/4435 2219/2222/4436
f 2225/2223/4437 2226/2221/4438 2219/2222/4439 2218/2224/4440
f 2217/2225/4441 2218/2224/4442 2219/2222/4443 2220/2226/4444
f 2223/2220/4445 2224/2219/4446 2221/2227/4447 2222/2228/4448
f 2219/2222/4449 2223/2220/4450 2222/2228/4451 2220/2226/4452
f 2234/2229/4453 2240/2230/4454 2239/2231/4455 2235/2232/4456
f 2233/2233/4457 2234/2229/4458 2235/2232/4459 2236/2234/4460
f 2236/2234/4461 2235/2232/4462 2231/2235/4463 2230/2236/4464
f 2229/2237/4465 2230/2236/4466 2231/2235/4467 2232/2238/4468
f 2235/2232/4469 2239/2231/4470 2237/2239/4471 2231/2235/4472
f 2231/2235/4473 2237/2239/4474 2238/2240/4475 2232/2238/4476
f 2243/2241/4477 2248/2242/4478 2247/2243/4479 2244/2244/4480
f 2243/2241/4481 2244/2244/4482 2241/2245/4483 2242/2246/4484
f 2244/2244/4485 2247/2243/4486 2249/2247/4487 2246/2248/4488
f 2244/2244/4489 2246/2248/4490 2245/2249/4491 2241/2245/4492
f 2256/2250/4493 2257/2251/4494 2252/2252/4495 2251/2253/4496
f 2258/2254/4497 2256/2250/4498 2251/2253/4499 2255/2255/4500
f 2254/2256/4501 2255/2255/4502 2251/2253/4503 2250/2257/4504
f 2250/2257/4505 2251/2253/4506 2252/2252/4507 2253/2258/4508
f 2261/2259/4509 2266/2260/4510 2265/2261/4511 2262/2262/4512
f 2261/2259/4513 2262/2262/4514 2259/2263/4515 2260/2264/4516
f 2262/2262/4517 2265/2261/4518 2267/2265/4519 2264/2266/4520
f 2262/2262/4521 2264/2266/4522 2263/2267/4523 2259/2263/4524
f 2274/2268/4525 2275/2269/4526 2270/2270/4527 2269/2271/4528
f 2276/2272/4529 2274/2268/4530 2269/2271/4531 2273/2273/4532
f 2272/2274/4533 2273/2273/4534 2269/2271/4535 2268/2275/4536
f 2268/2275/4537 2269/2271/4538 2270/2270/4539 2271/2276/4540
f 2279/2277/4541 2284/2278/4542 2283/2279/4543 2280/2280/4544
f 2279/2277/4545 2280/2280/4546 2277/2281/4547 2278/2282/4548
f 2280/2280/4549 2283/2279/4550 2285/2283/4551 2282/2284/4552
f 2280/2280/4553 2282/2284/4554 2281/2285/4555 2277/2281/4556
f 2292/2286/4557 2293/2287/4558 2288/2288/4559 2287/2289/4560
f 2294/2290/4561 2292/2286/4562 2287/2289/4563 2291/2291/4564
f 2290/2292/4565 2291/2291/4566 2287/2289/4567 2286/2293/4568
f 2286/2293/4569 2287/2289/4570 2288/2288/4571 2289/2294/4572
f 2297/2295/4573 2302/2296/4574 2301/2297/4575 2298/2298/4576
f 2297/2295/4577 2298/2298/4578 2295/2299/4579 2296/2300/4580
f 2298/2298/4581 2301/2297/4582 2303/2301/4583 2300/2302/4584
f 2298/2298/4585 2300/2302/4586 2299/2303/4587 2295/2299/4588
f 2310/2304/4589 2311/2305/4590 2306/2306/4591 2305/2307/4592
f 2312/2308/4593 2310/2304/4594 2305/2307/4595 2309/2309/4596
f 2308/2310/4597 2309/2309/4598 2305/2307/4599 2304/2311/4600
f 2304/2311/4601 2305/2307/4602 2306/2306/4603 2307/2312/4604
f 2315/2313/4605 2320/2314/4606 2319/2315/4607 2316/2316/4608
f 2315/2313/4609 2316/2316/4610 2313/2317/4611 2314/2318/4612
f 2316/2316/4613 2319/2315/4614 2321/2319/4615 2318/2320/4616
f 2316/2316/4617 2318/2320/4618 2317/2321/4619 2313/2317/4620
f 2328/2322/4621 2329/2323/4622 2324/2324/4623 2323/2325/4624
f 2330/2326/4625 2328/2322/4626 2323/2325/4627 2327/2327/4628
f 2326/2328/4629 2327/2327/4630 2323/2325/4631 2322/2329/4632
f 2322/2329/4633 2323/2325/4634 2324/2324/4635 2325/2330/4636
f 2333/2331/4637 2338/2332/4638 2337/2333/4639 2334/2334/4640
f 2333/2331/4641 2334/2334/4642 2331/2335/4643 2332/2336/4644
f 2334/2334/4645 2337/2333/4646 2339/2337/4647 2336/2338/4648
f 2334/2334/4649 2336/2338/4650 2335/2339/4651 2331/2335/4652
f 2346/2340/4653 2347/2341/4654 2342/2342/4655 2341/2343/4656
f 2348/2344/4657 2346/2340/4658 2341/2343/4659 2345/2345/4660
f 2344/2346/4661 2345/2345/4662 2341/2343/4663 2340/2347/4664
f 2340/2347/4665 2341/2343/4666 2342/2342/4667 2343/2348/4668
f 2351/2349/4669 2356/2350/4670 2355/2351/4671 2352/2352/4672
f 2351/2349/4673 2352/2352/4674 2349/2353/4675 2350/2354/4676
f 2352/2352/4677 2355/2351/4678 2357/2355/4679 2354/2356/4680
f 2352/2352/4681 2354/2356/4682 2353/2357/4683 2349/2353/4684
f 2364/2358/4685 2365/2359/4686 2360/2360/4687 2359/2361/4688
f 2366/2362/4689 2364/2358/4690 2359/2361/4691 2363/2363/4692
f 2362/2364/4693 2363/2363/4694 2359/2361/4695 2358/2365/4696
f 2358/2365/4697 2359/2361/4698 2360/2360/4699 2361/2366/4700
f 2369/2367/4701 2374/2368/4702 2373/2369/4703 2370/2370/4704
f 2369/2367/4705 2370/2370/4706 2367/2371/4707 2368/2372/4708
f 2370/2370/4709 2373/2369/4710 2375/2373/4711 2372/2374/4712
f 2370/2370/4713 2372/2374/4714 2371/2375/4715 2367/2371/4716
f 2382/2376/4717 2383/2377/4718 2378/2378/4719 2377/2379/4720
f 2384/2380/4721 2382/2376/4722 2377/2379/4723 2381/2381/4724
f 2380/2382/4725 2381/2381/4726 2377/2379/4727 2376/2383/4728
f 2376/2383/4729 2377/2379/4730 2378/2378/4731 2379/2384/4732
f 2387/2385/4733 2392/2386/4734 2391/2387/4735 2388/2388/4736
f 2387/2385/4737 2388/2388/4738 2385/2389/4739 2386/2390/4740
f 2388/2388/4741 2391/2387/4742 2393/2391/4743 2390/2392/4744
f 2388/2388/4745 2390/2392/4746 2389/2393/4747 2385/2389/4748
f 2400/2394/4749 2401/2395/4750 2396/2396/4751 2395/2397/4752
f 2402/2398/4753 2400/2394/4754 2395/2397/4755 2399/2399/4756
f 2398/2400/4757 2399/2399/4758 2395/2397/4759 2394/2401/4760
f 2394/2401/4761 2395/2397/4762 2396/2396/4763 2397/2402/4764
f 2405/2403/4765 2410/2404/4766 2409/2405/4767 2406/2406/4768
f 2405/2403/4769 2406/2406/4770 2403/2407/4771 2404/2408/4772
f 2406/2406/4773 2409/2405/4774 2411/2409/4775 2408/2410/4776
f 2406/2406/4777 2408/2410/4778 2407/2411/4779 2403/2407/4780
f 2418/2412/4781 2419/2413/4782 2414/2414/4783 2413/2415/4784
f 2420/2416/4785 2418/2412/4786 2413/2415/4787 2417/2417/4788
f 2416/2418/4789 2417/2417/4790 2413/2415/4791 2412/2419/4792
f 2412/2419/4793 2413/2415/4794 2414/2414/4795 2415/2420/4796
f 2423/2421/4797 2428/2422/4798 2427/2423/4799 2424/2424/4800
f 2423/2421/4801 2424/2424/4802 2421/2425/4803 2422/2426/4804
f 2424/2424/4805 2427/2423/4806 2429/2427/4807 2426/2428/4808
f 2424/2424/4809 2426/2428/4810 2425/2429/4811 2421/2425/4812
f 2436/2430/4813 2437/2431/4814 2432/2432/4815 2431/2433/4816
f 2438/2434/4817 2436/2430/4818 2431/2433/4819 2435/2435/4820
f 2434/2436/4821 2435/2435/4822 2431/2433/4823 2430/2437/4824
f 2430/2437/4825 2431/2433/4826 2432/2432/4827 2433/2438/4828
f 2441/2439/4829 2446/2440/4830 2445/2441/4831 2442/2442/4832
f 2441/2439/4833 2442/2442/4834 2439/2443/4835 2440/2444/4836
f 2442/2442/4837 2445/2441/4838 2447/2445/4839 2444/2446/4840
f 2442/2442/4841 2444/2446/4842 2443/2447/4843 2439/2443/4844
f 2454/2448/4845 2455/2449/4846 2450/2450/4847 2449/2451/4848
f 2456/2452/4849 2454/2448/4850 2449/2451/4851 2453/2453/4852
f 2452/2454/4853 2453/2453/4854 2449/2451/4855 2448/2455/4856
f 2448/2455/4857 2449/2451/4858 2450/2450/4859 2451/2456/4860
f 2459/2457/4861 2464/2458/4862 2463/2459/4863 2460/2460/4864
f 2459/2457/4865 2460/2460/4866 2457/2461/4867 2458/2462/4868
f 2460/2460/4869 2463/2459/4870 2465/2463/4871 2462/2464/4872
f 2460/2460/4873 2462/2464/4874 2461/2465/4875 2457/2461/4876
f 2472/2466/4877 2473/2467/4878 2468/2468/4879 2467/2469/4880
f 2474/2470/4881 2472/2466/4882 2467/2469/4883 2471/2471/4884
f 2470/2472/4885 2471/2471/4886 2467/2469/4887 2466/2473/4888
f 2466/2473/4889 2467/2469/4890 2468/2468/4891 2469/2474/4892
f 2477/2475/4893 2482/2476/4894 2481/2477/4895 2478/2478/4896
f 2477/2475/4897 2478/2478/4898 2475/2479/4899 2476/2480/4900
f 2478/2478/4901 2481/2477/4902 2483/2481/4903 2480/2482/4904
f 2478/2478/4905 2480/2482/4906 2479/2483/4907 2475/2479/4908
f 2490/2484/4909 2491/2485/4910 2486/2486/4911 2485/2487/4912
f 2492/2488/4913 2490/2484/4914 2485/2487/4915 2489/2489/4916
f 2488/2490/4917 2489/2489/4918 2485/2487/4919 2484/2491/4920
f 2484/2491/4921 2485/2487/4922 2486/2486/4923 2487/2492/4924
f 2495/2493/4925 2500/2494/4926 2499/2495/4927 2496/2496/4928
f 2495/2493/4929 2496/2496/4930 2493/2497/4931 2494/2498/4932
f 2496/2496/4933 2499/2495/4934 2501/2499/4935 2498/2500/4936
f 2496/2496/4937 2498/2500/4938 2497/2501/4939 2493/2497/4940
f 2508/2502/4941 2509/2503/4942 2504/2504/4943 2503/2505/4944
f 2510/2506/4945 2508/2502/4946 2503/2505/4947 2507/2507/4948
f 2506/2508/4949 2507/2507/4950 2503/2505/4951 2502/2509/4952
f 2502/2509/4953 2503/2505/4954 2504/2504/4955 2505/2510/4956
f 2513/2511/4957 2518/2512/4958 2517/2513/4959 2514/2514/4960
f 2513/2511/4961 2514/2514/4962 2511/2515/4963 2512/2516/4964
f 2514/2514/4965 2517/2513/4966 2519/2517/4967 2516/2518/4968
f 2514/2514/4969 2516/2518/4970 2515/2519/4971 2511/2515/4972
f 2526/2520/4973 2527/2521/4974 2522/2522/4975 2521/2523/4976
f 2528/2524/4977 2526/2520/4978 2521/2523/4979 2525/2525/4980
f 2524/2526/4981 2525/2525/4982 2521/2523/4983 2520/2527/4984
f 2520/2527/4985 2521/2523/4986 2522/2522/4987 2523/2528/4988
f 2531/2529/4989 2536/2530/4990 2535/2531/4991 2532/2532/4992
f 2531/2529/4993 2532/2532/4994 2529/2533/4995 2530/2534/4996
f 2532/2532/4997 2535/2531/4998 2537/2535/4999 2534/2536/5000
f 2532/2532/5001 2534/2536/5002 2533/2537/5003 2529/2533/5004
f 2544/2538/5005 2545/2539/5006 2540/2540/5007 2539/2541/5008
f 2546/2542/5009 2544/2538/5010 2539/2541/5011 2543/2543/5012
f 2542/2544/5013 2543/2543/5014 2539/2541/5015 2538/2545/5016
f 2538/2545/5017 2539/2541/5018 2540/2540/5019 2541/2546/5020
f 2549/2547/5021 2554/2548/5022 2553/2549/5023 2550/2550/5024
f 2549/2547/5025 2550/2550/5026 2547/2551/5027 2548/2552/5028
f 2550/2550/5029 2553/2549/5030 2555/2553/5031 2552/2554/5032
f 2550/2550/5033 2552/2554/5034 2551/2555/5035 2547/2551/5036
f 2562/2556/5037 2563/2557/5038 2558/2558/5039 2557/2559/5040
f 2564/2560/5041 2562/2556/5042 2557/2559/5043 2561/2561/5044
f 2560/2562/5045 2561/2561/5046 2557/2559/5047 2556/2563/5048
f 2556/2563/5049 2557/2559/5050 2558/2558/5051 2559/2564/5052
f 2567/2565/5053 2572/2566/5054 2571/2567/5055 2568/2568/5056
f 2567/2565/5057 2568/2568/5058 2565/2569/5059 2566/2570/5060
f 2568/2568/5061 2571/2567/5062 2573/2571/5063 2570/2572/5064
f 2568/2568/5065 2570/2572/5066 2569/2573/5067 2565/2569/5068
f 2580/2574/5069 2581/2575/5070 2576/2576/5071 2575/2577/5072
f 2582/2578/5073 2580/2574/5074 2575/2577/5075 2579/2579/5076
f 2578/2580/5077 2579/2579/5078 2575/2577/5079 2574/2581/5080
f 2574/2581/5081 2575/2577/5082 2576/2576/5083 2577/2582/5084
f 2585/2583/5085 2590/2584/5086 2589/2585/5087 2586/2586/5088
f 2585/2583/5089 2586/2586/5090 2583/2587/5091 2584/2588/5092
f 2586/2586/5093 2589/2585/5094 2591/2589/5095 2588/2590/5096
f 2586/2586/5097 2588/2590/5098 2587/2591/5099 2583/2587/5100
f 2598/2592/5101 2599/2593/5102 2594/2594/5103 2593/2595/5104
f 2600/2596/5105 2598/2592/5106 2593/2595/5107 2597/2597/5108
f 2596/2598/5109 2597/2597/5110 2593/2595/5111 2592/2599/5112
f 2592/2599/5113 2593/2595/5114 2594/2594/5115 2595/2600/5116
f 2603/2601/5117 2608/2602/5118 2607/2603/5119 2604/2604/5120
f 2603/2601/5121 2604/2604/5122 2601/2605/5123 2602/2606/5124
f 2604/2604/5125 2607/2603/5126 2609/2607/5127 2606/2608/5128
f 2604/2604/5129 2606/2608/5130 2605/2609/5131 2601/2605/5132
f 2616/2610/5133 2617/2611/5134 2612/2612/5135 2611/2613/5136
f 2618/2614/5137 2616/2610/5138 2611/2613/5139 2615/2615/5140
f 2614/2616/5141 2615/2615/5142 2611/2613/5143 2610/2617/5144
f 2610/2617/5145 2611/2613/5146 2612/2612/5147 2613/2618/5148
f 2621/2619/5149 2626/2620/5150 2625/2621/5151 2622/2622/5152
f 2621/2619/5153 2622/2622/5154 2619/2623/5155 2620/2624/5156
f 2622/2622/5157 2625/2621/5158 2627/2625/5159 2624/2626/5160
f 2622/2622/5161 2624/2626/5162 2623/2627/5163 2619/2623/5164
f 2634/2628/5165 2635/2629/5166 2630/2630/5167 2629/2631/5168
f 2636/2632/5169 2634/2628/5170 2629/2631/5171 2633/2633/5172
f 2632/2634/5173 2633/2633/5174 2629/2631/5175 2628/2635/5176
f 2628/2635/5177 2629/2631/5178 2630/2630/5179 2631/2636/5180
f 2639/2637/5181 2644/2638/5182 2643/2639/5183 2640/2640/5184
f 2639/2637/5185 2640/2640/5186 2637/2641/5187 2638/2642/5188
f 2640/2640/5189 2643/2639/5190 2645/2643/5191 2642/2644/5192
f 2640/2640/5193 2642/2644/5194 2641/2645/5195 2637/2641/5196
f 2652/2646/5197 2653/2647/5198 2648/2648/5199 2647/2649/5200
f 2654/2650/5201 2652/2646/5202 2647/2649/5203 2651/2651/5204
f 2650/2652/5205 2651/2651/5206 2647/2649/5207 2646/2653/5208
f 2646/2653/5209 2647/2649/5210 2648/2648/5211 2649/2654/5212
f 2657/2655/5213 2662/2656/5214 2661/2657/5215 2658/2658/5216
f 2657/2655/5217 2658/2658/5218 2655/2659/5219 2656/2660/5220
f 2658/2658/5221 2661/2657/5222 2663/2661/5223 2660/2662/5224
f 2658/2658/5225 2660/2662/5226 2659/2663/5227 2655/2659/5228
f 2670/2664/5229 2671/2665/5230 2666/2666/5231 2665/2667/5232
f 2672/2668/5233 2670/2664/5234 2665/2667/5235 2669/2669/5236
f 2668/2670/5237 2669/2669/5238 2665/2667/5239 2664/2671/5240
f 2664/2671/5241 2665/2667/5242 2666/2666/5243 2667/2672/5244
