# This file uses centimeters as units for non-parametric coordinates.

mtllib 01.mtl
g default
v -0.635460 155.337753 11.778891
v -0.472616 153.328094 11.549847
v -0.045726 153.227127 11.844561
v 0.008843 155.286361 12.089105
v -0.672136 157.248947 11.877470
v 0.074515 157.253951 12.133747
v -0.675820 158.996246 11.792160
v 0.054901 159.003341 11.929408
v -0.689439 160.171890 11.497850
v -0.073088 160.200286 11.465548
v 0.740418 155.488800 11.705109
v 0.881640 157.349288 11.769352
v 0.752838 159.015045 11.724170
v 0.483607 160.224273 11.367748
v 0.461791 153.456176 11.524633
v 1.245608 158.271743 11.770192
v 1.547426 157.500884 11.959045
v 2.031851 157.559448 11.840327
v 1.709355 158.328948 11.586287
v 0.948858 159.247558 11.598869
v 1.391925 159.256912 11.402465
v 0.837157 160.005645 11.359184
v 1.229092 159.975036 11.299061
v 1.734815 159.295532 11.075921
v 1.578834 159.977706 11.040744
v 2.066649 158.403244 11.162709
v 2.393565 157.637893 11.364225
v -1.245608 158.271743 11.770192
v -2.031851 157.559448 11.840327
v -1.547426 157.500884 11.959045
v -1.709355 158.328948 11.586287
v -2.066649 158.403244 11.162709
v -2.393565 157.637893 11.364225
v -0.948858 159.247558 11.607789
v -1.391925 159.256912 11.408180
v -1.734815 159.295532 11.075921
v -1.229092 159.975036 11.360291
v -1.578834 159.977706 11.091993
v -0.837157 160.005645 11.415529
v 0.536996 157.625473 11.950575
v 0.625777 155.357727 12.024609
v 1.295873 155.549499 11.918389
v 1.226037 157.690582 11.914311
v 0.338999 159.091491 11.771209
v 0.987131 159.082641 11.637894
v 0.100720 160.324996 11.131339
v 0.806748 160.147567 11.164723
v 1.720487 159.095016 11.151401
v 1.489373 160.026000 11.048488
v 1.950108 157.793457 11.266361
v 2.006038 155.837738 11.191813
v -0.536996 157.625473 11.950575
v -1.295873 155.549499 11.918389
v -0.625777 155.357727 12.024609
v -1.226037 157.690582 11.914311
v -1.950108 157.793457 11.266361
v -2.006038 155.837738 11.191813
v -0.338999 159.091491 11.773645
v -0.987131 159.082641 11.640423
v -1.720487 159.095016 11.151401
v -0.100720 160.324996 11.140968
v -0.806748 160.147567 11.263594
v -1.489373 160.026000 11.108899
v 4.129854 161.945800 8.883653
v 3.858897 162.579681 9.322112
v 3.517132 162.330963 9.957352
v 3.778499 161.679748 9.573506
v 4.459297 161.294311 8.508562
v 4.090739 161.044204 9.244058
v 4.734478 160.772216 8.325826
v 4.352361 160.550552 9.134656
v 3.846155 160.303131 9.495615
v 3.619570 160.795822 9.627543
v 3.119698 162.108383 10.314512
v 3.332238 161.455566 9.916010
v -4.129854 161.945800 8.883653
v -3.517132 162.330963 9.957352
v -3.858897 162.579681 9.322112
v -3.778499 161.679748 9.573506
v -3.119698 162.108383 10.314512
v -3.332238 161.455566 9.916010
v -4.090739 161.044204 9.244058
v -3.619570 160.795822 9.627543
v -3.846155 160.303131 9.495615
v -4.352361 160.550552 9.134656
v -4.459297 161.294311 8.508562
v -4.734478 160.772216 8.325826
v 3.835110 160.748657 9.149406
v 4.173531 161.747238 9.125148
v 3.524258 161.494125 9.457992
v 4.449521 161.005691 8.747016
v 4.443134 161.968856 8.440801
v 4.758502 161.098816 7.932250
v 4.554604 160.210983 8.482980
v 4.897836 160.337539 7.613790
v 4.732337 159.296508 7.361469
v 4.472212 159.185531 8.236809
v 3.840622 159.971969 8.916958
v 3.762215 159.109451 8.717229
v -3.835110 160.748657 9.149406
v -3.524258 161.494125 9.457992
v -4.173531 161.747238 9.125148
v -4.449521 161.005691 8.747016
v -3.840622 159.971969 8.916958
v -4.554604 160.210983 8.482980
v -3.762215 159.109451 8.717229
v -4.472212 159.185531 8.236809
v -4.732337 159.296508 7.361469
v -4.897836 160.337539 7.613790
v -4.443134 161.968856 8.440801
v -4.758502 161.098816 7.932250
v 4.612742 162.642578 8.876095
v 4.975325 162.130249 8.048923
v 4.840224 162.941696 8.569621
v 4.733263 161.857620 8.421262
v 4.879692 161.059646 8.143430
v 5.114325 161.340545 7.749765
v 5.421014 160.596374 7.621724
v 5.119026 160.347305 8.030411
v 4.693424 160.088470 8.404199
v 4.551753 160.799820 8.472927
v 4.443734 161.611374 8.708303
v 4.400985 162.416702 9.138603
v -4.612742 162.642578 8.876095
v -4.840224 162.941696 8.569621
v -4.975325 162.130249 8.048923
v -4.733263 161.857620 8.421262
v -4.443734 161.611374 8.708303
v -4.400985 162.416702 9.138603
v -4.879692 161.059646 8.143430
v -4.551753 160.799820 8.472927
v -4.693424 160.088470 8.404199
v -5.119026 160.347305 8.030411
v -5.421014 160.596374 7.621724
v -5.114325 161.340545 7.749765
v 5.764215 164.417083 7.036916
v 6.259245 163.950241 6.209493
v 6.005113 164.668426 6.656949
v 5.996502 163.623306 6.592144
v 6.582376 163.131836 5.860233
v 6.429061 162.763153 6.340676
v 6.753308 162.328918 5.602723
v 6.594584 161.947021 6.203676
v 6.149591 161.543228 6.747620
v 5.950425 162.372192 6.836069
v 5.674294 163.266693 7.065439
v 5.458778 164.060135 7.445422
v -5.764215 164.417083 7.036916
v -6.005113 164.668426 6.656949
v -6.259245 163.950241 6.209493
v -5.996502 163.623306 6.592144
v -5.674294 163.266693 7.065439
v -5.458778 164.060135 7.445422
v -6.582376 163.131836 5.860233
v -6.429061 162.763153 6.340676
v -5.950425 162.372192 6.836069
v -6.149591 161.543228 6.747620
v -6.594584 161.947021 6.203676
v -6.753308 162.328918 5.602723
v 5.434730 162.603836 7.248688
v 6.069510 162.097275 6.372588
v 5.696120 162.941498 6.687089
v 5.776361 161.764846 7.065056
v 6.274172 161.233429 6.094266
v 5.973034 160.814117 6.817452
v 5.467060 160.459594 7.425027
v 5.340172 161.293747 7.697993
v 4.969556 162.078064 7.907999
v 6.818324 166.248962 5.622917
v 7.312319 165.912750 4.485062
v 7.077463 166.645813 5.103264
v 7.171790 165.477325 5.115743
v 7.650606 164.931473 4.125469
v 7.520783 164.530334 4.739343
v 7.144475 164.194687 5.273645
v 6.724166 165.028091 5.663811
v 6.483361 165.820801 6.116298
v -6.818324 166.248962 5.622917
v -7.077463 166.645813 5.103264
v -7.312319 165.912750 4.485062
v -7.171790 165.477325 5.115743
v -6.724166 165.028091 5.663811
v -6.483361 165.820801 6.116298
v -7.650606 164.931473 4.125469
v -7.520783 164.530334 4.739343
v -7.144475 164.194687 5.273645
v -5.434730 162.603836 7.248688
v -5.696120 162.941498 6.687089
v -6.069510 162.097275 6.372588
v -5.776361 161.764846 7.065056
v -5.340172 161.293747 7.697993
v -4.969556 162.078064 7.907999
v -6.274172 161.233429 6.094266
v -5.973034 160.814117 6.817452
v -5.467060 160.459594 7.425027
v 7.123020 165.858841 4.445941
v 6.847292 165.147094 5.197691
v 6.763825 164.056824 4.818453
v 7.161449 164.781982 3.940882
v 7.176859 165.583877 3.036472
v 7.262675 166.851105 3.610857
v 6.958765 163.930847 3.579343
v 6.965773 164.753509 2.588045
v 6.567200 163.236130 4.539219
v 6.192548 162.393051 4.337118
v 6.547759 163.075546 3.330326
v 6.465912 163.922150 2.255451
v -7.123020 165.858841 4.445941
v -6.763825 164.056824 4.818453
v -6.847292 165.147094 5.197691
v -7.161449 164.781982 3.940882
v -6.958765 163.930847 3.579343
v -6.567200 163.236130 4.539219
v -6.192548 162.393051 4.337118
v -6.547759 163.075546 3.330326
v -6.965773 164.753509 2.588045
v -6.465912 163.922150 2.255451
v -7.176859 165.583877 3.036472
v -7.262675 166.851105 3.610857
v 7.184956 166.389267 4.196122
v 7.161956 165.527695 3.800684
v 7.257967 165.918716 3.241937
v 7.368667 166.819626 3.695801
v 7.383112 167.584534 4.210144
v 7.191134 167.028808 4.597665
v 7.423789 167.230423 3.000184
v 7.436409 168.196686 3.603080
v 7.252427 166.333954 2.593297
v -7.184956 166.389267 4.196122
v -7.257967 165.918716 3.241937
v -7.161956 165.527695 3.800684
v -7.368667 166.819626 3.695801
v -7.423789 167.230423 3.000184
v -7.252427 166.333954 2.593297
v -7.383112 167.584534 4.210144
v -7.436409 168.196686 3.603080
v -7.191134 167.028808 4.597665
v 7.107705 165.327591 4.079226
v 7.012486 164.479584 3.631077
v 7.096495 164.866302 3.089062
v 7.271654 165.754867 3.590869
v 7.342165 166.524933 4.085196
v 7.152763 165.968704 4.474624
v 7.221195 166.164520 2.899725
v 7.406926 167.128494 3.511459
v 7.089759 165.278091 2.453776
v -7.107705 165.327591 4.079226
v -7.096495 164.866302 3.089062
v -7.012486 164.479584 3.631077
v -7.271654 165.754867 3.590869
v -7.221195 166.164520 2.899725
v -7.089759 165.278091 2.453776
v -7.342165 166.524933 4.085196
v -7.406926 167.128494 3.511459
v -7.152763 165.968704 4.474624
v 7.132119 166.822220 4.762396
v 6.838508 166.099167 5.470556
v 6.788599 164.996902 5.219388
v 7.272389 165.742096 4.412377
v 7.293757 166.550857 3.491749
v 7.288876 167.822738 4.070261
v 7.172609 164.871872 4.087535
v 7.187190 165.697311 3.089871
v 6.673862 164.164428 5.007570
v 6.440654 163.306091 4.788412
v 6.844392 163.995666 3.837173
v 6.781212 164.835953 2.766192
v -7.132119 166.822220 4.762396
v -6.788599 164.996902 5.219388
v -6.838508 166.099167 5.470556
v -7.272389 165.742096 4.412377
v -7.172609 164.871872 4.087535
v -6.673862 164.164428 5.007570
v -6.440654 163.306091 4.788412
v -6.844392 163.995666 3.837173
v -7.187190 165.697311 3.089871
v -6.781212 164.835953 2.766192
v -7.293757 166.550857 3.491749
v -7.288876 167.822738 4.070261
v 7.215946 167.743316 4.912370
v 6.930865 167.014312 5.665885
v 6.879486 165.912170 5.319017
v 7.279765 166.660385 4.442829
v 7.379158 167.469223 3.522000
v 7.358971 168.755127 4.045956
v 7.278115 165.782638 4.147252
v 7.261550 166.618667 3.148749
v 6.858802 165.070343 5.086177
v 6.826454 164.206848 4.887023
v 7.131017 164.895920 3.937794
v 7.161683 165.742401 2.907227
v -7.215946 167.743316 4.912370
v -6.879486 165.912170 5.319017
v -6.930865 167.014312 5.665885
v -7.279765 166.660385 4.442829
v -7.278115 165.782638 4.147252
v -6.858802 165.070343 5.086177
v -6.826454 164.206848 4.887023
v -7.131017 164.895920 3.937794
v -7.261550 166.618667 3.148749
v -7.161683 165.742401 2.907227
v -7.379158 167.469223 3.522000
v -7.358971 168.755127 4.045956
v 6.964540 166.302902 5.189209
v 6.612412 165.579269 5.897979
v 6.577619 164.478424 5.539359
v 7.074530 165.218994 4.725859
v 7.286196 166.016601 3.861275
v 7.225099 167.290176 4.434882
v 7.064844 164.352035 4.385739
v 7.195470 165.167602 3.471264
v 6.537960 163.644821 5.270830
v 6.489305 162.783020 5.062630
v 6.887238 163.475876 4.122483
v 7.063459 164.307739 3.155375
v -6.964540 166.302902 5.189209
v -6.577619 164.478424 5.539359
v -6.612412 165.579269 5.897979
v -7.074530 165.218994 4.725859
v -7.064844 164.352035 4.385739
v -6.537960 163.644821 5.270830
v -6.489305 162.783020 5.062630
v -6.887238 163.475876 4.122483
v -7.195470 165.167602 3.471264
v -7.063459 164.307739 3.155375
v -7.286196 166.016601 3.861275
v -7.225099 167.290176 4.434882
v 7.217438 167.656235 4.894500
v 6.949234 166.920471 5.355960
v 6.922346 165.817749 5.011316
v 7.301600 166.574707 4.419590
v 7.379321 167.382843 3.501413
v 7.361175 168.667084 4.031892
v 7.278702 165.696441 4.126039
v 7.263716 166.531784 3.089872
v 6.887156 164.978668 4.808315
v 6.725601 164.118057 4.597955
v 7.110713 164.810913 3.911870
v 7.018502 165.658096 2.814120
v -7.217438 167.656235 4.894500
v -6.922346 165.817749 5.011316
v -6.949234 166.920471 5.355960
v -7.301600 166.574707 4.419590
v -7.278702 165.696441 4.126039
v -6.887156 164.978668 4.808315
v -6.725601 164.118057 4.597955
v -7.110713 164.810913 3.911870
v -7.263716 166.531784 3.089872
v -7.018502 165.658096 2.814120
v -7.379321 167.382843 3.501413
v -7.361175 168.667084 4.031892
v 6.999703 165.646667 4.756048
v 6.688809 165.028457 5.357248
v 6.640028 164.091675 5.027084
v 7.072374 164.725845 4.330563
v 7.258307 165.407242 3.596538
v 7.202129 166.498886 4.083832
v 6.933471 163.988952 4.017761
v 7.079692 164.687500 3.234201
v 6.480804 163.381805 4.781608
v 6.289060 162.646438 4.593109
v 6.675288 163.241287 3.782007
v 6.806027 163.955826 2.945450
v -6.999703 165.646667 4.756048
v -6.640028 164.091675 5.027084
v -6.688809 165.028457 5.357248
v -7.072374 164.725845 4.330563
v -6.933471 163.988952 4.017761
v -6.480804 163.381805 4.781608
v -6.289060 162.646438 4.593109
v -6.675288 163.241287 3.782007
v -7.079692 164.687500 3.234201
v -6.806027 163.955826 2.945450
v -7.258307 165.407242 3.596538
v -7.202129 166.498886 4.083832
v 7.061714 165.155578 4.352459
v 6.808352 164.533188 5.001262
v 6.714458 163.579681 4.650547
v 7.069348 164.217041 3.878769
v 7.102737 164.916412 3.104478
v 7.204216 166.020752 3.644775
v 6.762034 163.472397 3.548530
v 6.783318 164.192291 2.688960
v 6.417824 162.859741 4.400473
v 5.978221 162.117752 4.227490
v 6.282227 162.720840 3.329695
v 6.331136 163.463318 2.390720
v -7.061714 165.155578 4.352459
v -6.714458 163.579681 4.650547
v -6.808352 164.533188 5.001262
v -7.069348 164.217041 3.878769
v -6.762034 163.472397 3.548530
v -6.417824 162.859741 4.400473
v -5.978221 162.117752 4.227490
v -6.282227 162.720840 3.329695
v -6.783318 164.192291 2.688960
v -6.331136 163.463318 2.390720
v -7.102737 164.916412 3.104478
v -7.204216 166.020752 3.644775
v 6.757126 166.283813 5.784439
v 6.860484 165.420181 5.400012
v 7.190261 165.798935 4.903505
v 7.044743 166.702957 5.370196
v 7.001984 167.477569 5.858419
v 6.721147 166.927902 6.175817
v 7.254158 167.232681 4.767728
v 7.205478 168.075531 5.332952
v 7.259122 166.333481 4.304074
v -6.757126 166.283813 5.784439
v -7.190261 165.798935 4.903505
v -6.860484 165.420181 5.400012
v -7.044743 166.702957 5.370196
v -7.254158 167.232681 4.767728
v -7.259122 166.333481 4.304074
v -7.001984 167.477569 5.858419
v -7.205478 168.075531 5.332952
v -6.721147 166.927902 6.175817
v 5.230018 161.495804 5.163564
v 4.629376 160.908584 5.917652
v 4.524042 160.257828 5.750272
v 5.148507 160.803863 4.886778
v 5.565961 161.455368 3.862563
v 5.852511 162.355179 4.220999
v 4.943792 160.151581 4.689712
v 5.183751 160.736297 3.608691
v 4.366023 159.519485 5.612790
v 4.057672 158.471069 5.486335
v 4.558244 159.235275 4.506675
v 4.683398 159.948807 3.347300
v -5.230018 161.495804 5.163564
v -4.524042 160.257828 5.750272
v -4.629376 160.908584 5.917652
v -5.148507 160.803863 4.886778
v -4.943792 160.151581 4.689712
v -4.366023 159.519485 5.612790
v -4.057672 158.471069 5.486335
v -4.558244 159.235275 4.506675
v -5.183751 160.736297 3.608691
v -4.683398 159.948807 3.347300
v -5.565961 161.455368 3.862563
v -5.852511 162.355179 4.220999
v 4.670821 161.112915 6.110672
v 3.832725 160.374817 7.033142
v 3.797974 159.742004 6.932693
v 4.685646 160.456360 5.940047
v 5.322796 161.169372 4.857219
v 5.356107 161.788696 5.191942
v 4.532232 159.501404 5.761741
v 5.135400 160.236542 4.523817
v 3.632915 158.906723 6.796097
v 3.283875 157.807846 6.633629
v 4.084674 158.303573 5.513702
v 4.539553 159.138717 4.169159
v -4.670821 161.112915 6.110672
v -3.797974 159.742004 6.932693
v -3.832725 160.374817 7.033142
v -4.685646 160.456360 5.940047
v -4.532232 159.501404 5.761741
v -3.632915 158.906723 6.796097
v -3.283875 157.807846 6.633629
v -4.084674 158.303573 5.513702
v -5.135400 160.236542 4.523817
v -4.539553 159.138717 4.169159
v -5.322796 161.169372 4.857219
v -5.356107 161.788696 5.191942
v 5.852890 162.347504 2.679867
v 5.211426 160.704422 3.358490
v 5.326952 161.514786 2.317440
v 5.783487 161.586624 3.659442
v 4.901001 160.050751 4.587709
v 5.150031 160.731491 4.743167
v 5.408996 161.553894 5.117951
v 6.193392 162.390014 4.095190
v 5.594564 162.113128 5.631416
v 6.350124 163.077423 4.652628
v 6.517111 163.190826 3.276725
v 6.881102 163.902649 3.920877
v -5.852890 162.347504 2.679867
v -5.326952 161.514786 2.317440
v -5.211426 160.704422 3.358490
v -5.783487 161.586624 3.659442
v -6.193392 162.390014 4.095190
v -6.517111 163.190826 3.276725
v -6.881102 163.902649 3.920877
v -6.350124 163.077423 4.652628
v -5.594564 162.113128 5.631416
v -5.408996 161.553894 5.117951
v -4.901001 160.050751 4.587709
v -5.150031 160.731491 4.743167
v 3.656907 160.266693 7.732388
v 2.475706 159.190750 9.026548
v 2.477204 158.331939 8.717826
v 3.660877 159.266021 7.276598
v 4.505774 160.178650 6.064864
v 4.809850 161.196228 6.455233
v 3.642233 158.094726 7.062837
v 4.353703 159.083374 5.850165
v 2.350021 157.111816 8.514669
v 1.823460 155.655166 8.408400
v 3.141649 157.021713 6.917070
v 3.828914 157.957947 5.869559
v -3.656907 160.266693 7.732388
v -2.477204 158.331939 8.717826
v -2.475706 159.190750 9.026548
v -3.660877 159.266021 7.276598
v -3.642233 158.094726 7.062837
v -2.350021 157.111816 8.514669
v -1.823460 155.655166 8.408400
v -3.141649 157.021713 6.917070
v -4.353703 159.083374 5.850165
v -3.828914 157.957947 5.869559
v -4.505774 160.178650 6.064864
v -4.809850 161.196228 6.455233
v 6.514057 163.172775 2.549284
v 5.731551 161.443634 3.182934
v 6.112906 162.309173 2.126939
v 6.274113 162.344421 3.533749
v 5.352387 160.955307 4.208697
v 5.680085 161.573425 4.516589
v 5.901352 162.354919 5.077429
v 6.675570 163.245941 4.041823
v 5.950219 162.912216 5.598488
v 6.710838 164.067795 4.573696
v 6.878819 164.040192 3.110507
v 7.127838 164.843429 3.668513
v -6.514057 163.172775 2.549284
v -6.112906 162.309173 2.126939
v -5.731551 161.443634 3.182934
v -6.274113 162.344421 3.533749
v -6.675570 163.245941 4.041823
v -6.878819 164.040192 3.110507
v -7.127838 164.843429 3.668513
v -6.710838 164.067795 4.573696
v -5.950219 162.912216 5.598488
v -5.901352 162.354919 5.077429
v -5.352387 160.955307 4.208697
v -5.680085 161.573425 4.516589
v 4.978621 161.389953 6.440078
v 4.013886 160.516449 7.601457
v 3.865917 159.761352 7.237217
v 4.818558 160.588516 5.956820
v 5.487888 161.387253 4.805747
v 5.787620 162.244873 5.204441
v 4.749357 159.464508 5.768972
v 5.343414 160.387451 4.494197
v 3.925598 158.822738 7.034062
v 3.595614 157.802612 6.927793
v 4.412772 158.574051 5.682976
v 4.937936 159.472488 4.432053
v -4.978621 161.389953 6.440078
v -3.865917 159.761352 7.237217
v -4.013886 160.516449 7.601457
v -4.818558 160.588516 5.956820
v -4.749357 159.464508 5.768972
v -3.925598 158.822738 7.034062
v -3.595614 157.802612 6.927793
v -4.412772 158.574051 5.682976
v -5.343414 160.387451 4.494197
v -4.937936 159.472488 4.432053
v -5.487888 161.387253 4.805747
v -5.787620 162.244873 5.204441
v 4.910777 161.531295 6.895015
v 3.768202 160.547638 8.126794
v 3.608960 159.813766 7.818071
v 4.655675 160.578155 6.590132
v 5.326887 161.387253 5.379796
v 5.674137 162.404083 5.773058
v 4.609188 159.335586 6.375362
v 5.226603 160.173721 5.170350
v 4.192399 157.993591 6.149153
v 4.822905 158.800125 5.018567
v 3.558044 158.482315 7.534196
v 3.175854 157.008865 7.415827
v -4.910777 161.531295 6.895015
v -3.608960 159.813766 7.818071
v -3.768202 160.547638 8.126794
v -4.655675 160.578155 6.590132
v -4.609188 159.335586 6.375362
v -3.558044 158.482315 7.534196
v -3.175854 157.008865 7.415827
v -4.192399 157.993591 6.149153
v -5.226603 160.173721 5.170350
v -4.822905 158.800125 5.018567
v -5.326887 161.387253 5.379796
v -5.674137 162.404083 5.773058
v 5.798599 162.402069 5.462754
v 5.109149 161.592254 6.372009
v 4.938423 160.823913 6.027053
v 5.609244 161.628265 4.896836
v 6.225705 162.377045 3.863870
v 6.467487 163.226349 4.562475
v 5.606174 160.679230 4.522767
v 5.920745 161.531830 3.388875
v 4.901802 159.777038 5.840120
v 4.696562 158.990051 5.696610
v 5.157927 159.688705 4.257254
v 5.354930 160.584701 2.994469
v -5.798599 162.402069 5.462754
v -4.938423 160.823913 6.027053
v -5.109149 161.592254 6.372009
v -5.609244 161.628265 4.896836
v -5.606174 160.679230 4.522767
v -4.901802 159.777038 5.840120
v -4.696562 158.990051 5.696610
v -5.157927 159.688705 4.257254
v -5.920745 161.531830 3.388875
v -5.354930 160.584701 2.994469
v -6.225705 162.377045 3.863870
v -6.467487 163.226349 4.562475
v 3.561768 159.699554 7.965330
v 4.510276 161.213318 7.488720
v 3.679610 160.409317 8.130909
v 4.245684 160.206833 7.225550
v 5.030764 161.648727 6.651058
v 4.873769 160.690155 6.331426
v 4.819957 159.554840 6.129014
v 4.322446 159.026489 7.292085
v 4.077871 157.444259 7.153083
v 4.511827 158.001693 5.954637
v 3.451816 158.615295 7.978372
v 3.183276 157.003524 7.836735
v -3.561768 159.699554 7.965330
v -3.679610 160.409317 8.130909
v -4.510276 161.213318 7.488720
v -4.245684 160.206833 7.225550
v -4.322446 159.026489 7.292085
v -3.451816 158.615295 7.978372
v -3.183276 157.003524 7.836735
v -4.077871 157.444259 7.153083
v -4.819957 159.554840 6.129014
v -4.511827 158.001693 5.954637
v -5.030764 161.648727 6.651058
v -4.873769 160.690155 6.331426
v 3.417024 159.594177 8.335418
v 4.387891 161.194809 7.698669
v 3.409050 160.409317 8.500167
v 4.219434 160.206833 7.550125
v 5.025484 161.648727 6.665577
v 4.784377 160.690155 6.549142
v 4.782584 159.207138 6.525211
v 4.285073 158.683685 7.637254
v 4.109029 157.386139 7.498253
v 4.542984 157.944763 6.356721
v 3.396565 158.305923 8.323541
v 3.212030 156.929565 8.181904
v -3.417024 159.594177 8.335418
v -3.409050 160.409317 8.500167
v -4.387891 161.194809 7.698669
v -4.219434 160.206833 7.550125
v -4.285073 158.683685 7.637254
v -3.396565 158.305923 8.323541
v -3.212030 156.929565 8.181904
v -4.109029 157.386139 7.498253
v -4.782584 159.207138 6.525211
v -4.542984 157.944763 6.356721
v -5.025484 161.648727 6.665577
v -4.784377 160.690155 6.549142
v 5.850855 160.708877 4.434053
v 5.192957 159.004547 5.506838
v 5.524933 159.782135 4.447178
v 5.537448 160.121292 5.508344
v 4.576154 158.724884 6.330627
v 4.866212 159.683731 6.305764
v 5.550949 161.054687 5.577348
v 4.918246 160.605621 6.375556
v 5.591259 161.958252 5.736012
v 5.029604 161.301117 6.577076
v 5.934687 161.875061 4.523316
v 6.091389 162.619507 4.822788
v 6.320470 163.394409 5.262132
v 5.746625 162.734863 6.050124
v 5.231006 162.083191 6.721622
v -5.850855 160.708877 4.434053
v -5.524933 159.782135 4.447178
v -5.192957 159.004547 5.506838
v -5.537448 160.121292 5.508344
v -5.550949 161.054687 5.577348
v -5.934687 161.875061 4.523316
v -6.091389 162.619507 4.822788
v -5.591259 161.958252 5.736012
v -6.320470 163.394409 5.262132
v -5.746625 162.734863 6.050124
v -4.576154 158.724884 6.330627
v -4.866212 159.683731 6.305764
v -4.918246 160.605621 6.375556
v -5.029604 161.301117 6.577076
v -5.231006 162.083191 6.721622
v 5.440440 160.372268 5.399406
v 4.705490 158.204605 6.259964
v 5.127216 158.759933 5.386279
v 5.114249 159.768234 6.335913
v 4.289154 157.816787 7.017755
v 4.509320 159.119125 7.177093
v 4.355501 160.495926 7.315774
v 5.046393 161.094345 6.518194
v 5.193937 162.116287 6.833164
v 4.524742 161.410614 7.710873
v 5.561437 161.796829 5.634223
v 5.782479 162.856827 5.975198
v -5.440440 160.372268 5.399406
v -5.127216 158.759933 5.386279
v -4.705490 158.204605 6.259964
v -5.114249 159.768234 6.335913
v -5.046393 161.094345 6.518194
v -5.561437 161.796829 5.634223
v -5.193937 162.116287 6.833164
v -5.782479 162.856827 5.975198
v -4.289154 157.816787 7.017755
v -4.509320 159.119125 7.177093
v -4.355501 160.495926 7.315774
v -4.524742 161.410614 7.710873
v 5.736454 160.173980 5.032958
v 4.907013 158.231109 5.929821
v 5.380965 159.117355 4.747900
v 5.315766 159.293838 6.340015
v 4.171551 157.361679 7.215027
v 4.509113 158.690658 7.301152
v 5.225196 160.435913 6.593835
v 4.546334 159.874496 7.445747
v 5.080027 161.469101 6.897733
v 4.460909 160.965835 7.577840
v 5.738466 161.156753 5.393388
v 5.601079 162.011459 5.890460
v 5.604153 162.828048 6.529494
v 5.091910 162.471649 7.324426
v 4.520214 161.931549 8.007166
v -5.736454 160.173980 5.032958
v -5.380965 159.117355 4.747900
v -4.907013 158.231109 5.929821
v -5.315766 159.293838 6.340015
v -5.225196 160.435913 6.593835
v -5.738466 161.156753 5.393388
v -5.601079 162.011459 5.890460
v -5.080027 161.469101 6.897733
v -5.604153 162.828048 6.529494
v -5.091910 162.471649 7.324426
v -4.171551 157.361679 7.215027
v -4.509113 158.690658 7.301152
v -4.546334 159.874496 7.445747
v -4.460909 160.965835 7.577840
v -4.520214 161.931549 8.007166
v 6.710838 164.067795 4.573696
v 6.074975 163.139587 5.610089
v 6.023136 162.493927 5.084567
v 6.708111 163.245712 4.042676
v 7.127838 164.843429 3.668513
v 6.899944 164.040024 3.111171
v 6.631931 163.108642 2.670383
v 6.435418 162.311935 3.700900
v 6.078506 161.443115 3.457993
v 6.210116 162.308182 2.280335
v 6.005353 161.573379 4.749293
v 5.677533 160.683426 4.588987
v -6.710838 164.067795 4.573696
v -6.023136 162.493927 5.084567
v -6.074975 163.139587 5.610089
v -6.708111 163.245712 4.042676
v -6.569124 162.198776 3.475815
v -6.006134 161.573044 4.518063
v -5.677533 160.683426 4.356483
v -6.078837 161.442978 3.185470
v -6.625901 163.028900 2.484512
v -6.209073 162.308624 2.129089
v -7.127838 164.843429 3.668513
v -6.899944 164.040024 3.111171
v -0.050139 160.722595 10.986877
v -0.430949 160.735565 10.897579
v -0.429005 160.462280 11.009911
v -0.039888 160.435897 11.125208
v 0.312842 160.746978 10.873114
v 0.315884 160.465713 10.968401
v 0.322139 160.134643 11.196569
v -0.021981 160.105819 11.400672
v 0.287266 159.718933 11.366071
v -0.014724 159.699279 11.559564
v -0.399327 160.134643 11.236624
v -0.314032 159.718933 11.404701
v -0.050139 160.722595 10.986877
v -0.430949 160.735565 10.897579
v -0.429005 160.462280 11.050604
v -0.039888 160.435897 11.167360
v 0.312842 160.746978 10.873114
v 0.315884 160.465713 11.004221
v 0.311736 160.089538 11.282036
v -0.032385 160.060714 11.492973
v -0.409730 160.089538 11.327903
v -0.601589 160.462280 11.045937
v -0.551013 160.089538 11.281700
v -0.032385 160.060714 11.487230
v -0.039888 160.435897 11.182783
v -0.050139 160.722595 10.986877
v -0.603533 160.735565 10.945855
v -0.605384 160.992065 10.949561
v -0.059902 160.984252 10.963146
v 0.511365 161.012054 10.880473
v 0.535359 160.746978 10.848980
v 0.455866 160.089538 11.238002
v 0.522547 160.465713 10.967365
v 0.099851 160.758209 11.037865
v -0.402610 160.760131 10.915030
v -0.432691 160.424011 11.074156
v -0.380947 161.101165 10.990274
v 0.121267 161.168777 11.084471
v 0.643714 161.159606 10.937598
v 0.657031 160.777359 10.826158
v 0.085073 160.413162 11.225466
v 0.672604 160.432540 10.962447
v -0.462771 160.087722 11.309737
v 0.070296 160.068054 11.524724
v 0.688176 160.087722 11.216167
v -0.085224 161.046844 11.131772
v -0.532525 161.071990 11.026876
v -0.531788 160.810302 10.959412
v -0.510862 161.294372 11.297551
v -0.115161 161.342910 11.415509
v 0.513799 161.345642 11.272141
v 0.527117 161.090835 10.950852
v -0.069323 160.792831 11.053405
v 0.542690 160.819168 10.840659
v -0.561868 160.474349 11.087927
v -0.059618 160.454681 11.216812
v 0.558262 160.474349 10.964610
v 0.265664 160.523910 11.179917
v 0.840707 160.543563 10.889088
v 0.834525 160.791137 10.809303
v 0.276064 160.775115 11.083861
v -0.266202 160.543563 11.146314
v -0.240495 160.797103 11.029460
v 0.286464 161.012969 11.107009
v -0.214787 161.033889 11.084873
v 0.302793 161.179077 11.263786
v -0.218306 161.209625 11.268362
v 0.828343 161.030532 10.859928
v 0.848839 161.211975 11.100525
v 0.869334 161.354202 11.428309
v 0.319121 161.351531 11.546783
v -0.221824 161.403427 11.541180
v -0.099233 160.224929 11.442657
v 0.493147 160.244583 11.294910
v 0.425826 160.512634 11.094203
v -0.139032 160.501464 11.233232
v -0.636939 160.167175 11.226025
v -0.676204 160.464263 11.032922
v -0.164605 160.770446 11.101032
v -0.701245 160.761337 10.943261
v -0.704399 160.989776 11.001623
v 0.372731 160.780136 11.017439
v 0.365796 160.996307 11.065182
v -0.161550 160.987762 11.118100
v -0.135723 161.308120 11.436588
v -0.687887 161.295944 11.322397
v 0.376637 161.297958 11.307289
v 0.284690 160.523910 11.228412
v 0.800387 160.543563 10.968438
v 0.787668 160.802413 10.872611
v 0.264198 160.774292 11.120530
v -0.309736 160.543563 11.142337
v -0.301008 160.780548 11.039747
v 0.243707 161.007202 11.190836
v -0.292279 161.001892 11.098841
v -0.280966 161.224975 11.259759
v 0.774950 161.048446 10.932893
v 0.752678 161.251068 11.138313
v 0.259004 161.200317 11.371086
v 0.274302 161.412689 11.662757
v -0.269653 161.464584 11.508110
v 0.730406 161.464584 11.419046
v -0.271738 160.523910 11.294786
v 0.325761 160.543563 11.200350
v 0.306071 160.799545 11.114877
v -0.268728 160.767974 11.172100
v -0.813750 160.543563 11.129449
v -0.795938 160.802322 11.030753
v -0.257346 160.995574 11.216947
v -0.782260 161.030838 11.081070
v -0.768288 161.224426 11.268875
v 0.294753 161.037124 11.185947
v 0.314416 161.229827 11.362890
v -0.250655 161.216918 11.459510
v -0.231362 161.459136 11.771651
v -0.754218 161.415527 11.503521
v 0.346681 161.442443 11.572304
v -1.833389 164.079147 11.683333
v -1.999380 164.078735 11.597791
v -2.222664 163.720092 11.582830
v -2.056090 163.730728 11.687931
v -2.194288 163.337676 11.512474
v -2.358127 163.315704 11.371284
v 2.007535 164.231231 11.564652
v 2.559619 163.700637 11.410721
v 2.239922 164.174057 11.437288
v 2.326415 163.759231 11.574179
v 2.791840 163.155563 11.141057
v 2.562466 163.186309 11.362125
v 2.194347 164.264984 11.429725
v 2.861485 163.659881 11.050538
v 2.526329 164.183334 11.223097
v 2.546233 163.743591 11.399354
v 3.119518 163.111633 10.825443
v 2.791840 163.155563 11.141057
v -0.728979 164.377761 12.076407
v -0.841328 164.383438 12.011471
v -0.982930 164.083648 12.133708
v -0.819348 164.100280 12.163957
v -0.928142 163.684783 12.288302
v -1.101258 163.645858 12.129747
v -0.856253 164.423644 12.015103
v -1.038621 164.429336 11.903939
v -1.213559 164.067031 11.985203
v -0.997855 164.083648 12.134923
v -1.359318 163.606933 11.999257
v -1.116183 163.645858 12.131353
v 3.129835 163.395446 10.858377
v 2.698177 163.993469 11.092371
v 2.414547 164.027771 11.337639
v 2.834137 163.475036 11.146881
v 3.007365 162.991806 10.855980
v 3.324925 162.900848 10.520518
v 2.981807 163.906845 10.885000
v 2.797594 163.941162 11.140344
v 3.163058 163.395446 10.877787
v 3.407637 163.315872 10.494361
v 3.642485 162.809875 10.185055
v 3.383863 162.900848 10.520518
v 0.868820 164.313903 12.026645
v 0.795873 164.311645 12.051218
v 0.901612 163.987274 12.156212
v 0.995052 163.980606 12.146190
v 1.110520 163.549499 12.178224
v 1.013266 163.565063 12.240086
v 0.980167 164.302734 12.010073
v 1.337474 163.946121 12.057232
v 1.162535 164.308425 11.959524
v 1.121769 163.962738 12.146548
v 1.483232 163.486022 12.009113
v 1.240097 163.524948 12.141098
v 1.468874 164.327850 11.738378
v 2.084885 163.767730 11.639670
v 1.740258 164.330123 11.619732
v 1.795084 163.804946 11.869446
v 2.086440 163.244812 11.647259
v 2.454970 163.193023 11.436202
v 1.275507 164.345748 11.805796
v 1.730363 163.817428 11.878108
v 1.417988 164.332565 11.755541
v 1.549143 163.852340 11.902299
v 2.029713 163.260299 11.686513
v 1.870878 163.303665 11.791554
v -1.497193 164.285186 11.877163
v -1.715410 164.287460 11.687757
v -2.012278 163.756042 11.684487
v -1.769480 163.793258 11.881344
v -1.930106 163.233123 11.744804
v -2.237946 163.181335 11.507553
v -1.189597 164.308746 11.957606
v -1.385320 164.285186 11.859953
v -1.655292 163.793258 11.899942
v -1.410281 163.855621 12.030681
v -1.787315 163.305541 11.860334
v -1.567788 163.382980 12.019229
v -3.129835 163.395446 10.858377
v -2.583390 163.958892 11.274881
v -2.820260 163.924591 11.015342
v -2.834137 163.475036 11.146458
v -3.007365 162.991806 10.855980
v -3.324925 162.900848 10.520518
v -2.981807 163.959152 10.836228
v -3.129835 163.395446 10.858377
v -2.698177 163.993469 11.092348
v -3.407637 163.315872 10.494361
v -3.642485 162.809875 10.185055
v -3.324925 162.900848 10.520518
v -2.325223 163.781860 11.526515
v -2.000669 164.333465 11.526895
v -2.166659 164.292633 11.434793
v -2.518545 163.771240 11.405867
v -2.552799 163.205169 11.306913
v -2.716637 163.183212 11.144289
v -2.166659 164.188064 11.439106
v -2.498641 164.106414 11.228524
v -2.833797 163.582962 11.051577
v -2.518545 163.666671 11.408089
v -3.044315 163.034713 10.825443
v -2.716637 163.078643 11.142790
v 3.082467 157.308746 7.574852
v 1.382963 153.653534 9.019151
v 2.581503 155.023666 7.767423
v 2.015619 156.263214 8.834317
v 0.529225 152.674789 9.536441
v 1.023958 155.279281 9.293852
v 2.122985 157.934249 8.695692
v 1.133706 157.153976 9.111911
v 2.166965 159.276153 8.557066
v 1.151255 158.619552 8.929969
v 3.152877 158.741806 7.430422
v 3.223288 159.860412 7.285993
v -3.082467 157.308746 7.574852
v -2.581503 155.023666 7.767423
v -1.382963 153.653534 9.019151
v -2.015619 156.263214 8.834317
v -3.152877 158.741806 7.430422
v -2.122985 157.934249 8.695692
v -2.166965 159.276153 8.557066
v -3.223288 159.860412 7.285993
v -0.529225 152.674789 9.536441
v -1.023958 155.279281 9.293852
v -1.133706 157.153976 9.111911
v -1.151255 158.619552 8.929969
v 1.075061 155.248962 10.066179
v 0.000193 152.659194 10.303627
v 0.663343 152.781326 10.424326
v -0.090806 155.164123 9.587202
v -0.606701 152.793701 10.879713
v -1.056951 155.251022 10.578093
v -1.287745 157.481552 10.296673
v -0.107796 157.424224 9.264117
v -0.056773 158.463104 9.240050
v -1.394885 158.470123 10.143722
v 1.159860 157.507843 10.030357
v 1.097446 158.470504 10.206860
v 2.888479 159.867370 8.230571
v 3.636901 159.324814 7.201191
v 3.798194 160.469085 7.249993
v 2.786678 158.323013 8.386672
v 3.780460 157.831772 7.209926
v 2.961293 156.801040 8.529026
v 2.687574 155.081573 8.587308
v 3.543112 156.462982 7.147800
v 1.949579 157.312408 9.245648
v 2.035275 155.600189 9.339733
v 1.734046 154.029663 9.326306
v 1.982896 159.278656 9.000446
v -2.888479 159.867370 8.230571
v -3.798194 160.469085 7.249993
v -3.636901 159.324814 7.201191
v -2.786678 158.323013 8.386672
v -1.949579 157.312408 9.245648
v -1.982896 159.278656 9.000446
v -3.780460 157.831772 7.209926
v -2.961293 156.801040 8.529026
v -2.035275 155.600189 9.339733
v -1.734046 154.029663 9.326306
v -2.687574 155.081573 8.587308
v -3.543112 156.462982 7.147800
v 1.436335 153.753692 9.712206
v 2.282167 154.844406 8.737648
v 2.655159 156.550201 8.588763
v 1.910801 155.490524 9.756575
v 0.574938 153.055267 10.309505
v 0.845382 154.651351 10.604799
v 0.928987 157.232193 10.309168
v 2.109368 157.928802 9.391578
v 2.044709 159.297241 9.102054
v 0.832736 159.005539 10.020744
v 2.875591 158.600387 8.102628
v 2.923285 159.501022 7.916304
v -1.436335 153.753692 9.712206
v -2.655159 156.550201 8.588763
v -2.282167 154.844406 8.737648
v -1.910801 155.490524 9.756575
v -2.109368 157.928802 9.391578
v -2.875591 158.600387 8.102628
v -2.923285 159.501022 7.916304
v -2.044709 159.297241 9.102054
v -0.928987 157.232193 10.309168
v -0.832736 159.005539 10.020744
v -0.574938 153.055267 10.309505
v -0.845382 154.651351 10.604799
v 1.392296 153.585388 10.041502
v 2.226541 154.670440 9.094654
v 2.655159 156.550201 8.906461
v 1.910801 155.490524 10.074271
v 0.533818 152.765579 10.562490
v 0.815417 154.385391 10.803636
v 0.928987 157.232193 10.508005
v 2.109368 157.928802 9.709275
v 2.044709 159.297241 9.419751
v 0.832736 159.005538 10.219580
v 2.875591 158.600387 8.420326
v 2.923285 159.501022 8.234001
v -1.392296 153.585388 10.041502
v -2.655159 156.550201 8.906461
v -2.226541 154.670440 9.094654
v -1.910801 155.490524 10.074271
v -2.109368 157.928802 9.709275
v -2.875591 158.600387 8.420326
v -2.923285 159.501022 8.234001
v -2.044709 159.297241 9.419751
v -0.928987 157.232193 10.508005
v -0.832736 159.005538 10.219580
v -0.533818 152.765579 10.562490
v -0.815417 154.385391 10.803636
v 0.960609 155.267684 10.697085
v 0.143707 152.804595 10.897251
v 0.682759 153.220184 10.486557
v 0.149101 154.995498 11.245085
v -0.271057 152.750549 10.315320
v -0.601802 154.765182 10.636271
v -0.801966 157.061370 10.643589
v 0.114946 157.340072 11.310723
v 0.071199 159.038360 11.094157
v -0.845157 158.838180 10.521569
v 1.041945 157.400131 10.721091
v 0.873583 159.055130 10.523114
v 3.399496 156.216125 8.976315
v 4.086189 157.268478 7.745919
v 4.383411 158.638519 7.559726
v 3.682756 157.899688 8.818280
v 2.544153 155.084579 9.628300
v 2.819047 157.051208 9.403168
v 2.731686 158.628692 9.201517
v 3.594463 159.289215 8.763760
v 3.324568 160.479400 8.810229
v 2.719501 159.914535 9.353457
v 4.332196 159.844375 7.581093
v 4.103686 161.182892 7.851233
v -3.399496 156.216125 8.976315
v -4.383411 158.638519 7.559726
v -4.086189 157.268478 7.745919
v -3.682756 157.899688 8.818280
v -3.594463 159.289215 8.763760
v -4.332196 159.844375 7.581093
v -4.103686 161.182892 7.851233
v -3.324568 160.479400 8.810229
v -2.731686 158.628692 9.201517
v -2.719501 159.914535 9.353457
v -2.544153 155.084579 9.628300
v -2.819047 157.051208 9.403168
v 2.089150 158.884689 10.275435
v 2.673585 160.251907 9.742851
v 2.070135 159.682586 10.354170
v 2.935287 159.366973 9.510116
v 3.159052 160.876007 9.329871
v 3.455692 160.067871 8.843490
v 3.009180 158.266647 9.702784
v 3.684375 159.016449 8.833374
v 2.883016 156.944870 9.980529
v 3.594997 157.596695 9.119562
v 2.019613 157.744171 10.285270
v 1.866997 156.228103 10.531085
v 1.673270 154.572235 10.556161
v 2.567282 155.249954 10.055028
v 3.226380 155.933212 9.056850
v -2.089150 158.884689 10.275435
v -2.070135 159.682586 10.354170
v -2.673585 160.251907 9.742851
v -2.935287 159.366973 9.510116
v -3.009180 158.266647 9.702784
v -2.019613 157.744171 10.285270
v -2.883016 156.944870 9.980529
v -1.866997 156.228103 10.531085
v -1.673270 154.572235 10.556161
v -2.567282 155.249954 10.055028
v -3.159052 160.876007 9.329871
v -3.455692 160.067871 8.843490
v -3.684375 159.016449 8.833374
v -3.594997 157.596695 9.119562
v -3.226380 155.933212 9.056850
v 3.314382 156.897323 9.163012
v 3.831322 157.747741 8.134957
v 4.145905 158.907043 7.957841
v 3.699062 158.332748 8.933893
v 2.333978 155.987228 9.623228
v 2.817358 157.836578 9.395884
v 3.003349 159.336044 9.266362
v 3.844049 159.670852 8.840242
v 3.097454 160.680938 9.160647
v 3.750161 161.018386 8.828540
v 4.282911 160.109527 7.899724
v 4.197680 161.303344 7.927395
v -3.314382 156.897323 9.163012
v -4.145905 158.907043 7.957841
v -3.831322 157.747741 8.134957
v -3.699062 158.332748 8.933893
v -3.844049 159.670852 8.840242
v -4.282911 160.109527 7.899724
v -4.197680 161.303344 7.927395
v -3.750161 161.018386 8.828540
v -3.097454 160.680938 9.160647
v -3.003349 159.336044 9.266362
v -2.333978 155.987228 9.623228
v -2.817358 157.836578 9.395884
v 1.520762 155.572662 10.513597
v 0.593038 153.543197 10.795604
v 1.031435 153.830780 10.272830
v 1.011942 155.428146 11.201863
v -0.029836 153.495300 11.092307
v 0.075485 155.221191 11.488843
v 0.100756 157.150894 11.511253
v 1.215701 157.343505 11.228034
v 1.152232 159.031845 11.038422
v 0.088663 158.910949 11.398839
v 1.753070 157.307464 10.482958
v 1.593824 158.996002 10.376045
v -1.520762 155.572662 10.513597
v -1.031435 153.830780 10.272830
v -0.593038 153.543197 10.795604
v -1.011942 155.428146 11.201863
v -1.753070 157.307464 10.482958
v -1.215701 157.343505 11.228034
v -1.593824 158.996002 10.376045
v -1.152232 159.031845 11.038422
v -0.100756 157.150894 11.511253
v -0.088663 158.910949 11.399034
v 0.029836 153.495300 11.092307
v -0.075485 155.221191 11.488843
v 1.828798 159.012710 10.535486
v 2.531576 160.379928 10.041245
v 1.809783 159.810607 10.645175
v 2.674934 159.508544 9.879215
v 3.017043 161.004028 9.628265
v 3.255037 160.198333 9.212589
v 2.790246 158.451339 10.045491
v 3.465441 159.167038 9.176081
v 2.821559 157.128036 10.240581
v 3.523195 157.759048 9.379614
v 1.800679 157.924163 10.627977
v 1.814543 156.450607 10.791137
v 1.605602 154.778839 10.816213
v 2.475114 155.422271 10.315080
v 3.135457 156.095810 9.316901
v -1.828798 159.012710 10.535486
v -1.809783 159.810607 10.652564
v -2.531576 160.379928 10.041245
v -2.674934 159.508544 9.879215
v -2.790246 158.451339 10.045491
v -1.800679 157.924163 10.627977
v -2.821559 157.128036 10.240581
v -1.814543 156.450607 10.791137
v -1.605602 154.778839 10.816213
v -2.475114 155.422271 10.315080
v -3.017043 161.004028 9.628265
v -3.255037 160.198333 9.212589
v -3.465441 159.167038 9.176081
v -3.523195 157.759048 9.379614
v -3.135457 156.095810 9.316901
v 1.828798 159.012710 10.464782
v 2.531576 160.379928 10.041245
v 1.809783 159.810607 10.645175
v 2.674934 159.508544 9.808510
v 3.017043 161.004028 9.628265
v 3.255037 160.198333 9.141884
v 2.748827 158.500152 9.928250
v 3.424022 159.015869 9.179888
v 2.775178 157.124588 10.169876
v 3.476815 157.758346 9.308910
v 1.759260 157.923858 10.474617
v 1.768762 156.447784 10.720432
v 1.605602 154.778839 10.745509
v 2.475114 155.422271 10.244375
v 3.135457 156.095810 9.246197
v -1.828798 159.012710 10.464782
v -1.809783 159.810607 10.652564
v -2.531576 160.379928 10.041245
v -2.674934 159.508544 9.808510
v -2.748827 158.500152 9.928250
v -1.759260 157.923858 10.474617
v -2.775178 157.124588 10.169876
v -1.768762 156.447784 10.720432
v -1.605602 154.778839 10.745509
v -2.475114 155.422271 10.244375
v -3.017043 161.004028 9.628265
v -3.255037 160.198333 9.141884
v -3.424022 159.015869 9.179888
v -3.476815 157.758346 9.308910
v -3.135457 156.095810 9.246197
v 1.110725 155.762573 11.176410
v 0.692538 153.550750 10.742292
v 1.448882 153.919021 10.577180
v 2.108249 156.268264 10.728604
v 1.192219 158.074111 11.197644
v 2.074815 158.329956 10.694729
v 1.736238 159.312973 10.661849
v 1.064792 159.684677 11.159934
v 2.796956 157.023132 9.830543
v 2.601529 158.710525 9.783690
v 2.267591 159.608413 9.986245
v 2.249568 154.935546 9.804761
v -1.110725 155.762573 11.176410
v -1.448882 153.919021 10.577180
v -0.692538 153.550750 10.742292
v -2.108249 156.268264 10.728604
v -2.796956 157.023132 9.830543
v -2.249568 154.935546 9.804761
v -1.192219 158.074111 11.197644
v -2.074815 158.329956 10.694729
v -2.601529 158.710525 9.783690
v -1.736238 159.312973 10.661849
v -2.267591 159.608413 9.986245
v -1.064792 159.684677 11.199268
v 2.631244 156.113861 7.653883
v 1.117437 153.876037 8.923911
v 2.366057 154.885925 7.789825
v 1.442482 155.236343 8.788913
v 0.244417 153.316543 9.259371
v 0.414074 154.633239 9.093037
v 1.618183 157.162628 8.567720
v 0.490550 156.603561 8.824844
v 1.670152 158.700073 8.437387
v 0.532965 158.172515 8.647509
v 2.807728 157.742782 7.431267
v 2.886833 159.106552 7.299510
v -2.631244 156.113861 7.653883
v -2.366057 154.885925 7.789825
v -1.117437 153.876037 8.923911
v -1.442482 155.236343 8.788913
v -2.807728 157.742782 7.431267
v -1.618183 157.162628 8.567720
v -1.670152 158.700073 8.437387
v -2.886833 159.106552 7.299510
v -0.244417 153.316543 9.259371
v -0.414074 154.633239 9.093037
v -0.490550 156.603561 8.824844
v -0.532965 158.172515 8.647509
v 0.792905 154.837783 9.352050
v -0.180845 153.343994 9.413159
v 0.629273 153.426071 9.628988
v -0.238056 154.761413 9.181605
v -0.886116 153.582794 10.293442
v -1.177898 154.931976 9.913468
v -0.111912 157.283569 8.975524
v -1.293203 157.403534 9.582260
v -0.041487 158.448288 8.991781
v -1.278729 158.459350 9.519467
v 1.015915 157.359069 9.060581
v 1.065913 158.456192 9.041880
v 0.654515 156.306869 10.971871
v -0.259880 154.185882 11.556540
v 0.416775 154.456481 10.882492
v -0.198835 156.128387 11.593733
v -0.818578 154.194763 10.974609
v -0.992319 155.958038 10.911057
v -1.050549 157.559906 10.796004
v -0.133637 157.774383 11.463137
v -0.177385 159.063537 11.244118
v -1.093741 158.907760 10.673983
v 0.793361 157.817184 10.873506
v 0.625000 159.076583 10.675530
v 0.437358 156.297500 11.283407
v -0.568660 154.223953 11.301031
v 0.176081 154.428848 10.967498
v -0.496509 156.142913 11.550570
v -1.042696 154.222869 10.774571
v -1.176911 155.968490 10.900380
v -1.208277 157.562057 10.862112
v -0.405603 157.777435 11.509295
v -0.415547 159.063537 11.287017
v -1.232072 158.907760 10.734879
v 0.601449 157.815109 11.280759
v 0.465740 159.076583 11.057756
v 0.232640 156.349288 11.391595
v -0.598944 154.108886 11.225221
v 0.046648 154.418228 11.021569
v -0.603368 156.091857 11.546603
v -1.177262 154.244079 10.642936
v -1.403932 156.059188 10.856288
v -1.473460 157.646072 10.891258
v -0.627503 157.674942 11.570623
v -0.671824 159.070419 11.449983
v -1.516652 158.971954 10.865088
v 0.281008 157.881393 11.535098
v 0.188473 159.139801 11.563988
v 1.380516 158.215377 11.151747
v 1.312684 157.081695 11.210436
v 1.963419 157.088699 11.087247
v 2.121123 158.329132 10.733423
v 1.388974 159.067794 11.071963
v 2.047478 159.176269 10.612520
v 1.855619 160.000808 10.669161
v 1.293901 159.875061 10.932575
v 2.586709 158.633850 10.063380
v 2.511844 159.388580 10.028423
v 2.308630 160.070785 10.179550
v 2.427957 157.612564 10.236182
v -1.380516 158.215377 11.151747
v -1.963419 157.088699 11.087247
v -1.312684 157.081695 11.210436
v -2.121123 158.329132 10.733423
v -2.586709 158.633850 10.063380
v -2.427957 157.612564 10.236182
v -1.388974 159.067794 11.071963
v -2.047478 159.176269 10.612520
v -2.511844 159.388580 10.028423
v -1.855619 160.000808 10.683617
v -2.308630 160.070785 10.179550
v -1.293901 159.875061 10.983980
v 0.080235 160.403137 11.218021
v -0.133436 160.213531 11.242984
v 0.177134 160.202072 11.397705
v -0.221419 160.409454 11.100588
v 0.043028 160.604202 11.081614
v -0.249712 160.605392 10.988639
v -0.237091 160.811401 10.937215
v 0.055505 160.854644 10.981581
v 0.499595 160.336318 11.095317
v 0.289022 160.516708 11.075334
v 0.222396 160.329925 11.210046
v 0.552606 160.523010 10.958454
v 0.331762 160.703491 10.994853
v 0.581731 160.709686 10.872312
v 0.337387 160.926574 10.963037
v 0.571773 160.923965 10.876507
v -0.407618 160.482864 11.178787
v -0.323116 160.196044 11.376179
v -0.054263 160.224929 11.444345
v -0.139032 160.501464 11.233232
v -0.432925 160.767486 11.051749
v -0.164605 160.770446 11.101032
v -0.432974 160.989471 11.099198
v -0.161550 160.987762 11.118100
v -0.411805 161.310134 11.361263
v -0.135723 161.308120 11.436588
v -0.622813 160.228866 11.186801
v -0.353961 160.257736 11.340533
v -0.438463 160.544555 11.148074
v -0.707049 160.525955 11.016393
v -0.479061 160.768035 11.063681
v -0.747381 160.761337 10.959594
v -0.750535 160.988616 11.021333
v -0.479110 160.991577 11.106942
v -0.457942 161.312515 11.368593
v -0.734024 161.294143 11.340141
v -0.214012 160.543563 11.121843
v 0.159961 160.523910 11.216848
v 0.147069 160.774749 11.132482
v -0.208520 160.779907 11.028873
v 0.148679 161.007751 11.218147
v -0.188527 161.000915 11.079358
v -0.153320 161.222076 11.246269
v 0.186392 161.200134 11.424630
v 0.243690 161.412689 11.689914
v -0.098530 161.464584 11.504074
v 0.443652 160.675643 11.172832
v 0.731835 160.689651 10.908317
v 0.719116 160.869018 10.867139
v 0.455904 160.846618 11.132482
v 0.706398 161.039978 10.925002
v 0.447743 161.007659 11.187845
v 0.684126 161.181655 11.079875
v 0.435518 161.140579 11.330576
v 0.661854 161.319961 11.316209
v 0.420839 161.279922 11.582414
v 0.129208 160.786834 11.164411
v 0.137548 160.533737 11.230718
v 0.436298 160.543563 11.211329
v 0.416608 160.800155 11.102802
v 0.129240 161.021240 11.254413
v 0.405289 161.038833 11.174002
v 0.135567 161.227188 11.477126
v 0.418102 161.231781 11.360196
v 0.140896 161.450790 11.689864
v 0.429917 161.442443 11.567536
v 0.351836 160.160461 11.203238
v 0.141263 160.340850 11.171802
v 0.074636 160.154067 11.333818
v 0.404847 160.347152 11.082050
v 0.184003 160.527633 11.034728
v 0.433971 160.533828 10.961557
v 0.189628 160.753829 10.932747
v 0.424013 160.749664 10.900259
v 0.601823 158.532302 11.717361
v 0.801946 157.756546 11.818467
v 1.770795 157.873184 11.581033
v 1.529318 158.645294 11.349549
v 0.432388 159.314193 11.618195
v 1.318523 159.332901 11.228147
v 1.229092 159.975036 11.134434
v 0.445223 160.036270 11.283842
v 2.243906 158.791778 10.502392
v 2.004302 159.410125 10.574985
v 1.928575 159.980377 10.618954
v 2.494224 158.028076 10.491267
v -0.601823 158.532302 11.717361
v -1.770795 157.873184 11.581033
v -0.801946 157.756546 11.818467
v -1.529318 158.645294 11.349549
v -2.243906 158.791778 10.502392
v -2.494224 158.028076 10.491267
v -0.432388 159.314193 11.622427
v -1.318523 159.332901 11.239501
v -2.004302 159.410125 10.574985
v -1.229092 159.975036 11.196905
v -1.928575 159.980377 10.626629
v -0.445223 160.036270 11.289818
v -0.073513 158.932037 12.068668
v -0.553298 159.567916 11.466340
v -0.631950 158.951690 11.739161
v 0.009234 159.540390 11.760614
v 0.005087 160.132278 11.425720
v -0.560174 160.109085 11.265023
v -0.564803 160.712463 10.912053
v -0.019320 160.781570 10.885037
v 0.513941 160.712463 10.828616
v 0.573925 160.109085 11.243220
v 0.435140 158.951690 11.702201
v 0.553998 159.567932 11.451919
v 7.638874 164.361267 3.546901
v 7.273532 164.813431 4.564771
v 7.312692 163.965210 4.128382
v 7.673726 165.293625 3.941984
v 7.077691 165.842987 5.102467
v 7.444855 166.320175 4.448682
v 6.855907 166.530136 5.507455
v 7.160030 167.004989 4.878588
v 7.370735 167.331436 4.177701
v 7.585778 166.649322 3.781807
v 7.712556 165.627273 3.300383
v 7.623909 164.794052 2.965540
v -7.638874 164.361267 3.546901
v -7.312692 163.965210 4.128382
v -7.273532 164.813431 4.564771
v -7.673726 165.293625 3.941984
v -7.712556 165.627273 3.300383
v -7.623909 164.794052 2.965540
v -7.077691 165.842987 5.102467
v -7.444855 166.320175 4.448682
v -7.585778 166.649322 3.781807
v -7.370735 167.331436 4.177701
v -7.160030 167.004989 4.878588
v -6.855907 166.530136 5.507455
v -1.033150 155.370803 11.252996
v -0.771394 153.407257 11.039451
v -0.098643 153.235733 11.628879
v -0.106201 155.294128 11.873423
v -1.074181 157.240768 11.405510
v 0.026670 157.253143 11.918065
v -0.856909 158.989166 11.483022
v 0.140890 159.003341 11.760057
v 0.078815 160.200286 11.272517
v -0.674547 160.143493 11.243556
v 0.841777 155.639862 11.105430
v 1.040297 157.433471 11.189277
v 1.061896 159.026748 11.348072
v 0.697613 160.248275 11.051772
v 0.628076 153.642242 10.989023
v 0.405366 157.153213 11.873393
v 0.365618 154.826004 11.707950
v 1.318631 154.806671 11.203044
v 1.516935 156.905441 11.305069
v 0.360994 158.601165 11.828239
v 1.476020 158.157455 11.271983
v 1.344332 159.329986 11.104834
v 0.333792 159.897735 11.436248
v 2.378886 157.108825 10.379482
v 2.299209 158.200576 10.237417
v 1.981157 159.208679 10.215706
v 2.161453 155.341888 10.368784
v -0.405366 157.153213 11.873393
v -1.318631 154.806671 11.203044
v -0.365618 154.826004 11.707950
v -1.516935 156.905441 11.305069
v -2.378886 157.108825 10.379482
v -2.161453 155.341888 10.368784
v -0.360994 158.601165 11.828239
v -1.476020 158.157455 11.271983
v -2.299209 158.200576 10.237417
v -1.344332 159.329986 11.113804
v -1.981157 159.208679 10.215706
v -0.333792 159.897735 11.444824
v 0.314992 157.565826 11.961624
v 0.396936 155.202484 12.020793
v 1.089618 155.527832 11.977992
v 1.008469 157.687911 11.889095
v 0.769563 159.082641 11.571294
v 0.157904 159.100326 11.637837
v 0.589180 160.147567 11.238365
v -0.138270 160.502426 10.966048
v 1.582225 157.886672 11.432256
v 1.361889 159.107391 11.181036
v 1.080044 159.904449 11.112470
v 1.656512 155.994857 11.376234
v -0.314992 157.565826 11.961624
v -1.089618 155.527832 11.977992
v -0.396936 155.202484 12.020793
v -1.008469 157.687911 11.889095
v -1.582225 157.886672 11.432256
v -1.656512 155.994857 11.376234
v -0.769563 159.082641 11.573541
v -1.361889 159.107391 11.181491
v -0.157904 159.100326 11.639523
v -0.589180 160.147567 11.280072
v -1.080044 159.904449 11.167217
v 0.138270 160.502426 10.959238
v 3.373867 159.177841 9.446239
v 3.660061 158.036590 9.570466
v 4.062328 158.160217 9.390079
v 3.767579 159.228042 9.262563
v 3.164944 160.146682 9.534153
v 3.519682 160.252578 9.311264
v 2.967566 161.406677 9.989477
v 3.291625 161.540969 9.756373
v 3.748603 160.502395 9.002199
v 3.474851 161.594513 9.458999
v 4.356754 158.321167 8.969677
v 4.025217 159.388946 8.893836
v -3.373867 159.177841 9.446239
v -4.062328 158.160217 9.390079
v -3.660061 158.036590 9.570466
v -3.767579 159.228042 9.262563
v -4.356754 158.321167 8.969677
v -4.025217 159.388946 8.893836
v -3.519682 160.252578 9.311264
v -3.748603 160.502395 9.002199
v -3.291625 161.540969 9.756373
v -3.474851 161.594513 9.458999
v -3.164944 160.146682 9.534153
v -2.967566 161.406677 9.989477
v 2.980155 159.131210 10.013548
v 3.257794 157.912918 10.134487
v 4.062328 158.160217 9.773711
v 3.767579 159.228042 9.646196
v 2.810205 160.039627 9.976569
v 3.519682 160.252578 9.530791
v 3.291625 161.540969 9.756373
v 2.643506 161.272399 10.222579
v 4.651180 158.470932 8.932908
v 4.282854 159.554718 8.908741
v 3.977523 160.575225 8.912660
v 3.658077 161.648040 9.161625
v -2.980155 159.131210 10.013548
v -4.062328 158.160217 9.773711
v -3.257794 157.912918 10.134487
v -3.767579 159.228042 9.646196
v -4.651180 158.470932 8.932908
v -4.282854 159.554718 8.908741
v -3.977523 160.575225 8.912660
v -3.519682 160.252578 9.530791
v -3.658077 161.648040 9.161625
v -3.291625 161.540969 9.756373
v -2.810205 160.039627 9.976569
v -2.643506 161.272399 10.222579
v 2.446542 158.132446 10.577088
v 2.692236 156.723815 10.698027
v 3.528714 157.106933 10.337252
v 3.233965 158.299102 10.209736
v 2.276592 159.218429 10.540109
v 2.986069 159.411117 10.094331
v 2.758011 160.531295 10.050940
v 2.109893 160.262725 10.513303
v 4.117567 157.488967 9.496449
v 3.749241 158.670608 9.472282
v 3.443909 159.731872 9.476200
v 3.124463 160.638366 9.456192
v -2.446542 158.132446 10.577088
v -3.528714 157.106933 10.337252
v -2.692236 156.723815 10.698027
v -3.233965 158.299102 10.209736
v -4.117567 157.488967 9.496449
v -3.749241 158.670608 9.472282
v -3.443909 159.731872 9.476200
v -2.986069 159.411117 10.094331
v -3.124463 160.638366 9.456192
v -2.758011 160.531295 10.050940
v -2.276592 159.218429 10.540109
v -2.109893 160.262725 10.517146
v 6.030520 160.401336 6.622294
v 5.226100 158.713089 7.403024
v 6.002548 159.443115 6.156462
v 5.234709 159.743271 7.692314
v 4.266767 158.175110 8.216027
v 4.222547 159.192749 8.459805
v 5.090957 160.770233 7.738011
v 4.103308 160.141983 8.500488
v 4.848772 161.560638 7.789198
v 3.981301 160.907318 8.463037
v 5.669889 161.421768 6.855328
v 5.379258 162.202209 7.040531
v 4.714914 162.193603 7.991590
v 3.964857 161.682495 8.758528
v 5.249987 162.775604 7.303063
v -6.030520 160.401336 6.622294
v -6.002548 159.443115 6.156462
v -5.226100 158.713089 7.403024
v -5.234709 159.743271 7.692314
v -5.090957 160.770233 7.738011
v -5.669889 161.421768 6.855328
v -5.379258 162.202209 7.040531
v -4.848772 161.560638 7.789198
v -4.714914 162.193603 7.991590
v -5.249987 162.775604 7.303063
v -4.266767 158.175110 8.216027
v -4.222547 159.192749 8.459805
v -4.103308 160.141983 8.500488
v -3.981301 160.907318 8.463037
v -3.964857 161.682495 8.758528
v 4.891202 159.032867 7.979025
v 3.951971 157.255554 8.577394
v 4.615443 158.028946 7.575857
v 4.250269 158.347351 8.866684
v 3.095936 156.433792 9.216228
v 3.408849 157.707870 9.522587
v 4.227911 159.459274 8.993948
v 3.469393 158.815673 9.583529
v 4.058524 160.214965 9.010063
v 3.398363 159.629303 9.580159
v 4.818446 160.169113 8.172632
v 4.692084 160.856537 8.261396
v 3.921673 160.940948 9.045498
v 3.272635 160.429840 9.558226
v 4.557308 161.522949 8.356970
v -4.891202 159.032867 7.979025
v -4.615443 158.028946 7.575857
v -3.951971 157.255554 8.577394
v -4.250269 158.347351 8.866684
v -4.227911 159.459274 8.993948
v -4.818446 160.169113 8.172632
v -4.692084 160.856537 8.261396
v -4.058524 160.214965 9.010063
v -3.921673 160.940948 9.045498
v -4.557308 161.522949 8.356970
v -3.095936 156.433792 9.216228
v -3.408849 157.707870 9.522587
v -3.469393 158.815673 9.583529
v -3.398363 159.629303 9.580159
v -3.272635 160.429840 9.558226
v 7.244424 164.042114 4.128849
v 7.035511 162.164352 4.471983
v 7.324372 162.749542 3.588735
v 7.042056 163.471802 4.935636
v 6.490484 161.574356 5.348016
v 6.399247 162.728042 5.776463
v 6.210705 163.885421 6.081637
v 6.762177 164.594238 5.395924
v 6.602073 165.503479 5.859799
v 6.130140 164.794937 6.418478
v 7.049839 165.256912 4.704865
v 6.821507 166.131759 5.223864
v -7.244424 164.042114 4.128849
v -7.324372 162.749542 3.588735
v -7.035511 162.164352 4.471983
v -7.042056 163.471802 4.935636
v -6.762177 164.594238 5.395924
v -7.049839 165.256912 4.704865
v -6.602073 165.503479 5.859799
v -6.821507 166.131759 5.223864
v -6.490484 161.574356 5.348016
v -6.399247 162.728042 5.776463
v -6.210705 163.885421 6.081637
v -6.130140 164.794937 6.418478
v 5.473954 161.732895 7.236242
v 5.784456 163.564056 6.680874
v 5.074982 162.588363 7.525479
v 6.194822 162.654083 6.290894
v 6.296494 164.482864 5.838701
v 6.787859 163.627487 5.342961
v 6.977739 162.706711 4.764835
v 6.506638 161.720062 5.890751
v 6.553899 160.715545 5.512945
v 6.993040 161.664566 4.167580
v 5.704534 160.833572 7.035451
v 5.672094 159.830597 6.753385
v -5.473954 161.732895 7.236242
v -5.074982 162.588363 7.525479
v -5.784456 163.564056 6.680874
v -6.194822 162.654083 6.290894
v -5.704534 160.833572 7.035451
v -6.506638 161.720062 5.890751
v -5.672094 159.830597 6.753385
v -6.553899 160.715545 5.512945
v -6.977739 162.706711 4.764835
v -6.993040 161.664566 4.167580
v -6.296494 164.482864 5.838701
v -6.787859 163.627487 5.342961
v 1.894360 159.012710 10.642551
v 2.531576 160.379928 10.041245
v 1.809783 159.810607 10.645175
v 2.740725 159.505920 10.101474
v 3.017043 161.004028 9.628265
v 3.255037 160.198333 9.319653
v 2.856037 158.447921 10.193658
v 3.507556 159.164535 9.283145
v 2.887350 157.132934 10.240581
v 3.565310 157.759689 9.379614
v 1.919516 157.925048 10.710469
v 1.855286 156.453125 10.791137
v 1.718778 154.802719 10.816213
v 2.591045 155.459182 10.315080
v 3.328155 156.141861 9.316901
v -1.894360 159.012710 10.642551
v -1.809783 159.810607 10.652564
v -2.531576 160.379928 10.041245
v -2.740725 159.505920 10.101474
v -2.856037 158.447921 10.193658
v -1.919516 157.925048 10.710469
v -2.887350 157.132934 10.240581
v -1.855286 156.453125 10.791137
v -1.718778 154.802719 10.816213
v -2.591045 155.459182 10.315080
v -3.017043 161.004028 9.628265
v -3.255037 160.198333 9.319653
v -3.507556 159.164535 9.283145
v -3.565310 157.759689 9.379614
v -3.328155 156.141861 9.316901
v -1.286059 156.586532 9.509831
v -0.078613 158.462432 8.682729
v -1.491340 158.471511 9.476512
v -0.150571 156.458282 8.795092
v 1.197355 158.468139 9.267116
v 1.015960 156.616623 9.033899
v 0.760298 154.751632 9.070548
v -0.193873 154.497070 9.035586
v -1.043978 154.633483 9.660456
v 0.016303 156.761169 12.163555
v 0.921673 156.748107 11.757047
v 0.865073 157.801986 11.782172
v 0.036335 157.817672 12.193767
v -0.834672 156.844604 11.715728
v -0.803159 157.857330 11.726836
v -0.738627 158.736221 11.690691
v 0.033530 158.722061 12.068824
v -0.660328 159.339996 11.585658
v 0.775220 158.718704 11.705590
v 0.656109 159.352508 11.527680
v 0.006548 159.342025 11.800030
v -0.043732 160.025085 11.485790
v -0.594897 160.018615 11.404903
v -0.576117 160.865860 10.998977
v -0.150347 160.845977 11.075985
v 0.223948 160.769912 10.914242
v 0.490634 160.022232 11.295206
v 7.295442 168.480682 4.954325
v 7.616479 167.952240 3.609477
v 7.342023 169.099716 4.158102
v 7.580121 167.323303 4.418479
v 7.825441 165.915909 3.943288
v 7.775440 166.565246 3.117746
v 7.751846 165.479965 2.774180
v 7.816050 164.774277 3.527467
v 7.510272 164.108185 4.329109
v 7.533943 165.164520 4.742235
v 7.268252 166.585785 5.230436
v 7.043642 167.733810 5.766998
v -7.295442 168.480682 4.954325
v -7.342023 169.099716 4.158102
v -7.616479 167.952240 3.609477
v -7.580121 167.323303 4.418479
v -7.268252 166.585785 5.230436
v -7.043642 167.733810 5.766998
v -7.825441 165.915909 3.943288
v -7.533943 165.164520 4.742235
v -7.510272 164.108185 4.329109
v -7.816050 164.774277 3.527467
v -7.751846 165.479965 2.774180
v -7.775440 166.565246 3.117746
v 1.766897 159.008880 10.767207
v 1.681528 158.020034 10.767915
v 2.595847 158.441558 10.089091
v 2.635460 159.300155 10.124447
v 1.796663 159.650848 10.687685
v 2.556437 159.985992 10.055205
v 2.386692 160.595565 10.232025
v 1.747265 160.274398 10.747782
v 3.306666 159.631942 9.389753
v 3.181157 160.366546 9.502805
v 2.943485 160.883575 9.756368
v 3.261509 158.850463 9.283718
v -1.766897 159.008880 10.767207
v -2.595847 158.441558 10.089091
v -1.681528 158.020034 10.767915
v -2.635460 159.300155 10.124447
v -3.306666 159.631942 9.389753
v -3.261509 158.850463 9.283718
v -1.796663 159.650848 10.690934
v -2.556437 159.985992 10.055205
v -3.181157 160.366546 9.502805
v -2.386692 160.595565 10.232025
v -2.943485 160.883575 9.756368
v -1.747265 160.274398 10.792837
v 6.680983 161.781036 5.149747
v 5.991398 160.153457 6.072490
v 6.520941 160.951904 4.898543
v 6.100592 161.000946 6.287099
v 5.227526 159.264206 7.207790
v 5.341457 160.192215 7.394986
v 6.009795 161.812729 6.495681
v 5.253133 161.054733 7.499561
v 5.720441 162.658752 6.602278
v 5.052880 161.918945 7.535930
v 6.506758 162.551086 5.406192
v 6.283989 163.269790 5.641695
v 5.619046 163.561371 7.019923
v 5.047982 162.897812 7.766769
v 6.051079 164.184631 6.210529
v -6.680983 161.781036 5.149747
v -6.520941 160.951904 4.898543
v -5.991398 160.153457 6.072490
v -6.100592 161.000946 6.287099
v -6.009795 161.812729 6.495681
v -6.506758 162.551086 5.406192
v -6.283989 163.269790 5.641695
v -5.720441 162.658752 6.602278
v -5.619046 163.561371 7.019923
v -6.051079 164.184631 6.210529
v -5.227526 159.264206 7.207790
v -5.341457 160.192215 7.394986
v -5.253133 161.054733 7.499561
v -5.052880 161.918945 7.535930
v -5.047982 162.897812 7.766769
v 1.258960 155.895843 11.191606
v 0.363202 153.510177 11.218392
v 0.888059 153.828674 10.883524
v 0.578245 155.738998 11.683340
v -0.232755 153.672912 11.249805
v -0.337772 155.731109 11.580020
v -0.479259 157.684524 11.548039
v 0.589269 157.758193 11.681577
v 0.557730 159.135543 11.465258
v -0.485919 159.086425 11.449175
v 1.330958 157.729705 11.138944
v 1.182957 159.111343 11.044940
v 0.789509 156.908920 11.234866
v -0.149947 154.155670 11.571685
v 0.532778 154.564224 10.905558
v -0.084887 156.625747 11.853537
v -0.721408 154.240722 10.992979
v -0.906647 156.529769 11.169135
v -0.942111 158.561065 11.326455
v -0.022158 158.497253 11.799780
v 0.020853 159.585311 11.526180
v -0.820780 159.587493 11.404163
v 0.900806 158.612457 11.400733
v 0.795411 159.569274 11.467188
v 0.405366 157.153213 11.804223
v 0.365618 154.826004 11.638780
v 1.318631 154.806671 11.133874
v 1.516935 156.905441 11.235901
v 0.360994 158.601165 11.759069
v 1.476020 158.157455 11.202813
v 1.344332 159.329986 11.104834
v 0.333792 159.897735 11.436248
v 2.378886 157.108825 10.310312
v 2.299209 158.200576 10.168247
v 1.981157 159.208679 10.215706
v 2.161453 155.341888 10.299614
v -0.405366 157.153213 11.804223
v -1.318631 154.806671 11.133874
v -0.365618 154.826004 11.638780
v -1.516935 156.905441 11.235901
v -2.378886 157.108825 10.310312
v -2.161453 155.341888 10.299614
v -0.360994 158.601165 11.759069
v -1.476020 158.157455 11.202813
v -2.299209 158.200576 10.168247
v -1.344332 159.329986 11.113804
v -1.981157 159.208679 10.215706
v -0.333792 159.897735 11.444824
v 0.688659 154.473983 11.664016
v -0.036659 156.191162 11.809396
v -0.055449 154.364822 11.573579
v 0.815653 155.978012 11.842304
v -0.012549 157.834579 11.869697
v 0.882146 157.501007 11.795023
v -0.072388 159.270355 11.696658
v 0.791166 158.829116 11.634917
v 0.658643 159.689300 11.387447
v -0.176534 160.525985 10.945974
v 1.279121 154.826248 11.038455
v 1.462421 156.080291 11.129396
v 1.527756 157.470596 11.135695
v 1.404077 158.526046 11.048669
v 1.260555 159.273712 11.026104
v 0.089241 155.343337 12.040806
v 0.070962 153.851898 11.909138
v 0.810682 153.996017 11.635822
v 0.973060 155.463394 11.706179
v 0.100403 157.048812 12.068605
v 1.046994 157.085388 11.661550
v 0.098673 158.602874 11.871557
v 0.977108 158.550582 11.497768
v 0.753513 159.813735 11.368498
v -0.037277 160.309295 11.208952
v 1.652102 155.835281 10.960631
v 1.760188 157.225540 10.951372
v 1.691069 158.382614 10.897334
v 1.428253 159.516296 11.016517
v 1.448761 154.429046 10.890960
v -0.089241 155.343337 12.040806
v -0.810682 153.996017 11.635822
v -0.070962 153.851898 11.909138
v -0.973060 155.463394 11.706179
v -1.652102 155.835281 10.960631
v -1.448761 154.429046 10.890960
v -0.100403 157.048812 12.068605
v -1.046994 157.085388 11.661550
v -1.760188 157.225540 10.951372
v -0.098673 158.602874 11.871557
v -0.977108 158.550582 11.497768
v -1.691069 158.382614 10.897334
v -0.753513 159.813735 11.394831
v -1.428253 159.516296 11.034742
v 0.037277 160.309295 11.199482
v -0.672215 155.306121 11.846858
v -1.506741 157.574783 11.422392
v -1.416313 155.459548 11.268903
v -0.687768 157.472763 11.924663
v -1.306776 159.228363 11.232032
v -0.560615 159.156448 11.597339
v -0.866736 160.305542 11.126361
v -0.435398 160.296600 11.180592
v 0.222238 160.455459 11.076534
v 0.305940 159.172714 11.737282
v 0.337318 155.229263 11.893697
v 0.364016 157.432373 12.025109
v 7.241448 164.043197 4.215902
v 7.031927 162.165863 4.727668
v 7.321430 162.750824 3.845342
v 7.040367 163.472534 4.984095
v 6.490484 161.574356 5.609554
v 6.399247 162.728042 5.776463
v 6.210705 163.885421 6.081637
v 6.762177 164.594238 5.395924
v 6.602073 165.503479 5.859799
v 6.130140 164.794937 6.418478
v 7.049839 165.256912 4.704865
v 6.821507 166.131759 5.223864
v -7.241448 164.043197 4.215902
v -7.321430 162.750824 3.845342
v -7.031927 162.165863 4.727668
v -7.040367 163.472534 4.984095
v -6.762177 164.594238 5.395924
v -7.049839 165.256912 4.704865
v -6.602073 165.503479 5.859799
v -6.821507 166.131759 5.223864
v -6.490484 161.574356 5.609554
v -6.399247 162.728042 5.776463
v -6.210705 163.885421 6.081637
v -6.130140 164.794937 6.418478
v 7.315161 164.042435 4.176865
v 6.867251 162.035171 4.670466
v 7.137452 162.621322 3.736496
v 6.982146 163.473114 5.006257
v 6.333294 161.442062 5.609554
v 6.307611 162.728302 5.775474
v 6.190115 163.884140 5.986409
v 6.708285 164.593109 5.326996
v 6.602073 165.503479 5.859799
v 6.251618 164.794159 6.421506
v 7.123278 165.256134 4.691219
v 6.821507 166.131759 5.223864
v -7.315161 164.042435 4.176865
v -7.137452 162.621322 3.736496
v -6.867251 162.035171 4.670466
v -6.982146 163.473114 5.006257
v -6.708285 164.593109 5.326996
v -7.123278 165.256134 4.691219
v -6.602073 165.503479 5.859799
v -6.821507 166.131759 5.223864
v -6.333294 161.442062 5.609554
v -6.307611 162.728302 5.775474
v -6.190115 163.884140 5.986409
v -6.251618 164.794159 6.421506
v 6.945290 163.370392 4.552015
v 6.622336 161.423401 5.245892
v 6.713951 161.942138 4.223397
v 6.632712 162.817779 5.461410
v 6.052211 160.854812 6.290190
v 6.022519 162.261062 6.336043
v 5.929999 163.200912 6.450802
v 6.395576 163.919174 5.731139
v 6.292575 164.824325 6.188943
v 5.842055 164.110824 6.775468
v 6.775912 164.581222 5.027990
v 6.628428 165.449035 5.517035
v -6.945290 163.370392 4.552015
v -6.713951 161.942138 4.223397
v -6.622336 161.423401 5.245892
v -6.632712 162.817779 5.461410
v -6.395576 163.919174 5.731139
v -6.775912 164.581222 5.027990
v -6.292575 164.824325 6.188943
v -6.628428 165.449035 5.517035
v -6.052211 160.854812 6.290190
v -6.022519 162.261062 6.336043
v -5.929999 163.200912 6.450802
v -5.842055 164.110824 6.775468
v 5.764215 164.417083 7.036916
v 5.152500 163.700653 7.863740
v 5.309812 162.906753 7.551699
v 5.949373 163.623459 6.591570
v 6.480420 164.273620 5.840654
v 6.251856 164.916366 6.290039
v 6.381917 162.763260 6.340268
v 6.835719 163.495041 5.401079
v 5.566498 161.979828 7.336844
v 5.657709 161.139434 7.231147
v 6.547696 161.947021 6.264091
v 7.045094 162.705032 5.127621
v -5.764215 164.417083 7.036916
v -5.309812 162.906753 7.551699
v -5.152500 163.700653 7.863740
v -5.949373 163.623459 6.591570
v -6.381917 162.763260 6.340268
v -5.566498 161.979828 7.336844
v -5.657709 161.139434 7.231147
v -6.547696 161.947021 6.264091
v -7.045094 162.705032 5.127621
v -6.835719 163.495041 5.401079
v -6.480420 164.273620 5.840654
v -6.251856 164.916366 6.290039
v 6.288951 161.654526 5.429428
v 5.635596 159.515548 6.235930
v 5.959024 160.403732 5.021445
v 5.833982 160.842666 6.562533
v 4.860511 158.591354 7.102158
v 4.946587 159.892944 7.444445
v 4.862648 161.187210 7.629508
v 5.610479 161.895126 6.733353
v 5.387755 162.920318 6.949931
v 4.778874 162.143722 7.819670
v 6.076999 162.574478 5.817128
v 5.848208 163.409607 6.106402
v -6.288951 161.654526 5.429428
v -5.959024 160.403732 5.021445
v -5.635596 159.515548 6.235930
v -5.833982 160.842666 6.562533
v -5.610479 161.895126 6.733353
v -6.076999 162.574478 5.817128
v -5.387755 162.920318 6.949931
v -5.848208 163.409607 6.106402
v -4.860511 158.591354 7.102158
v -4.946587 159.892944 7.444445
v -4.862648 161.187210 7.629508
v -4.778874 162.143722 7.819670
v 5.840082 160.401336 6.622294
v 4.845060 158.713104 7.403024
v 5.621509 159.418655 6.354992
v 4.981110 159.741501 7.692314
v 3.812554 158.167465 8.216027
v 3.958936 159.200103 8.459805
v 4.975336 160.770233 7.738011
v 3.987688 160.141983 8.500488
v 4.848772 161.560638 7.789198
v 3.981301 160.907318 8.463037
v 5.669889 161.421768 6.855328
v 5.379258 162.202209 7.040531
v 4.714914 162.193603 7.991590
v 3.964857 161.682495 8.758528
v 5.249987 162.775604 7.303063
v -5.840082 160.401336 6.622294
v -5.621509 159.418655 6.354992
v -4.845060 158.713104 7.403024
v -4.981110 159.741501 7.692314
v -4.975336 160.770233 7.738011
v -5.669889 161.421768 6.855328
v -5.379258 162.202209 7.040531
v -4.848772 161.560638 7.789198
v -4.714914 162.193603 7.991590
v -5.249987 162.775604 7.303063
v -3.812554 158.167465 8.216027
v -3.958936 159.200103 8.459805
v -3.987688 160.141983 8.500488
v -3.981301 160.907318 8.463037
v -3.964857 161.682495 8.758528
v 5.473954 161.732895 7.236242
v 5.784456 163.564056 6.680874
v 5.074982 162.588363 7.525479
v 6.194822 162.654083 6.290894
v 6.296494 164.482864 5.838701
v 6.787859 163.627487 5.342961
v 6.976083 162.707428 4.836537
v 6.506638 161.720062 5.890751
v 6.553899 160.715545 5.576446
v 6.991010 161.665420 4.461343
v 5.704534 160.833572 7.035451
v 5.672094 159.830597 6.753385
v -5.473954 161.732895 7.236242
v -5.074982 162.588363 7.525479
v -5.784456 163.564056 6.680874
v -6.194822 162.654083 6.290894
v -5.704534 160.833572 7.035451
v -6.506638 161.720062 5.890751
v -5.672094 159.830597 6.753385
v -6.553899 160.715545 5.576446
v -6.976083 162.707428 4.836537
v -6.991010 161.665420 4.461343
v -6.296494 164.482864 5.838701
v -6.787859 163.627487 5.342961
v 2.728622 157.951156 7.833636
v 1.114989 154.373138 8.990986
v 2.312166 155.712234 7.978863
v 1.566214 157.051437 8.847656
v 0.169715 153.444824 9.358577
v 0.446215 156.090530 9.152579
v 1.618183 158.589553 8.717324
v 0.499330 157.788498 8.975244
v 1.670152 159.739837 8.586992
v 0.532965 159.130584 8.797909
v 2.807728 159.264877 7.701879
v 2.886833 160.349807 7.570122
v -2.728622 157.951156 7.833636
v -2.312166 155.712234 7.978863
v -1.114989 154.373138 8.990986
v -1.566214 157.051437 8.847656
v -2.807728 159.264877 7.701879
v -1.618183 158.589553 8.717324
v -1.670152 159.739837 8.586992
v -2.886833 160.349807 7.570122
v -0.169715 153.444824 9.358577
v -0.446215 156.090530 9.152579
v -0.499330 157.788498 8.975244
v -0.532965 159.130584 8.797909
v 3.315420 157.341781 6.692376
v 1.999525 154.463211 8.281575
v 2.862343 155.708725 6.664355
v 2.488957 156.262100 8.225013
v 0.794408 153.043899 9.295269
v 1.328178 154.973266 9.152720
v 2.664643 157.837173 8.168450
v 1.513246 156.825821 9.010169
v 2.622534 159.497955 8.093032
v 1.605393 158.771606 8.820101
v 3.454386 158.719635 6.720397
v 3.639674 160.212936 6.757757
v -3.315420 157.341781 6.692376
v -2.862343 155.708725 6.664355
v -1.999525 154.463211 8.281575
v -2.488957 156.262100 8.225013
v -3.454386 158.719635 6.720397
v -2.664643 157.837173 8.168450
v -2.622534 159.497955 8.093032
v -3.639674 160.212936 6.757757
v -0.794408 153.043899 9.295269
v -1.328178 154.973266 9.152720
v -1.513246 156.825821 9.010169
v -1.605393 158.771606 8.820101
v 0.958709 155.132019 9.546702
v -0.051600 152.354126 9.777921
v 0.472811 152.754272 9.861936
v -0.016009 154.851013 9.332629
v -0.484313 152.591888 10.451251
v -0.882456 154.976196 10.136609
v 0.047332 157.185516 9.065987
v -1.109997 157.269897 9.959836
v 0.122973 158.462616 8.889112
v -1.289755 158.470932 9.862007
v 1.235931 157.302124 9.483904
v 1.398940 158.468811 9.652609
v 0.973738 154.856018 9.737543
v -0.027844 152.377304 9.953021
v 0.610448 152.509201 10.199106
v -0.057417 154.743057 9.567099
v -0.561728 152.657547 10.932252
v -0.995190 154.911819 10.298961
v 0.089673 157.283203 9.361017
v -1.091617 157.400482 9.967753
v 0.160098 158.448761 9.377274
v -1.077143 158.458557 9.904960
v 1.217500 157.362258 9.446075
v 1.267499 158.457000 9.427374
v 1.634490 155.671066 8.884267
v 0.415799 152.595687 10.272631
v 0.690513 152.831390 9.439697
v 0.926682 155.304565 9.925203
v 0.110565 154.937240 10.434152
v -0.032999 152.329116 10.729363
v 1.150918 157.757980 9.478144
v 0.099243 157.434341 10.062445
v 1.951001 158.071197 8.361852
v 2.119278 159.399459 7.977870
v 1.242433 159.149200 9.154980
v 0.113995 158.898925 9.800101
v -1.634490 155.671066 8.884267
v -0.690513 152.831390 9.439697
v -0.415799 152.595687 10.272631
v -0.926682 155.304565 9.925203
v -1.150918 157.757980 9.478144
v -1.951001 158.071197 8.361852
v -2.119278 159.399459 7.977870
v -1.242433 159.149200 9.154980
v -0.099243 157.434341 10.062445
v -0.113995 158.898925 9.800101
v -0.110565 154.937240 10.434152
v 0.032999 152.329116 10.729363
v 0.901914 154.933517 9.956678
v 0.030967 152.417236 10.526142
v 0.564962 152.557846 10.199606
v 0.049663 154.841995 10.243949
v -0.324102 152.448410 10.621230
v -0.669334 154.895248 9.900024
v 0.054149 157.202407 10.089905
v -0.870750 157.247528 9.369278
v 0.052048 158.464325 10.012665
v -1.009064 158.470169 8.852082
v 0.985691 157.225021 9.836444
v 0.951198 158.468063 9.798830
v 2.592891 160.082214 8.272131
v 3.341312 159.559875 7.242751
v 3.502605 160.678833 7.291553
v 2.491089 158.627899 8.428233
v 3.389097 158.356262 7.251486
v 2.598256 157.089737 8.570586
v 2.384709 155.519088 8.628867
v 3.250947 157.005096 7.189361
v 1.549605 157.606170 9.287208
v 1.572422 155.911651 9.381293
v 1.432529 154.454452 9.367867
v 1.687308 159.488403 9.042006
v -2.592891 160.082214 8.272131
v -3.502605 160.678833 7.291553
v -3.341312 159.559875 7.242751
v -2.491089 158.627899 8.428233
v -1.549605 157.606170 9.287208
v -1.687308 159.488403 9.042006
v -3.389097 158.356262 7.251486
v -2.598256 157.089737 8.570586
v -1.572422 155.911651 9.381293
v -1.432529 154.454452 9.367867
v -2.384709 155.519088 8.628867
v -3.250947 157.005096 7.189361
v 0.813127 153.086181 10.120688
v 1.506025 153.721420 9.368791
v 2.036407 155.873046 9.242093
v 1.277963 155.378585 10.015210
v 0.298264 152.824783 10.488986
v 0.472090 154.887390 10.422651
v 0.505346 157.121185 10.206461
v 1.428938 157.442062 9.789186
v 1.416386 159.100524 9.673286
v 0.421907 159.028884 10.074368
v 2.278551 157.765030 8.895205
v 2.443868 159.336547 8.518506
v -0.813127 153.086181 10.120688
v -2.036407 155.873046 9.242093
v -1.506025 153.721420 9.368791
v -1.277963 155.378585 10.015210
v -1.428938 157.442062 9.789186
v -2.278551 157.765030 8.895205
v -2.443868 159.336547 8.518506
v -1.416386 159.100524 9.673286
v -0.505346 157.121185 10.206461
v -0.421907 159.028884 10.074368
v -0.298264 152.824783 10.488986
v -0.472090 154.887390 10.422651
v 0.901914 154.933517 10.179866
v -0.072894 152.849411 10.749331
v 0.424405 152.941192 10.422794
v 0.049663 154.841995 10.467136
v -0.568126 152.909530 10.480123
v -0.669334 154.895248 10.123212
v 0.054149 157.202407 10.313094
v -0.870750 157.247528 9.592468
v 0.052048 158.464325 10.235854
v -1.009064 158.470169 9.075270
v 0.985691 157.225021 10.059632
v 0.951198 158.468063 10.022019
v 1.955482 155.905868 9.040127
v 0.701165 152.645462 10.435883
v 1.302374 153.318374 9.423583
v 1.211475 155.221176 10.176425
v 0.230760 152.203887 10.711030
v 0.383510 154.762527 10.444329
v 1.376041 157.640411 9.930985
v 0.385976 157.394104 10.164339
v 1.339091 159.155548 9.547484
v 0.313470 159.106872 9.925899
v 2.227077 158.116470 8.669237
v 2.321151 159.401886 8.400316
v -1.955482 155.905868 9.040127
v -1.302374 153.318374 9.423583
v -0.701165 152.645462 10.435883
v -1.211475 155.221176 10.176425
v -1.376041 157.640411 9.930985
v -2.227077 158.116470 8.669237
v -2.321151 159.401886 8.400316
v -1.339091 159.155548 9.547484
v -0.385976 157.394104 10.164339
v -0.313470 159.106872 9.925899
v -0.230760 152.203887 10.711030
v -0.383510 154.762527 10.444329
v 1.722363 155.769729 9.114614
v 0.368213 152.378662 10.591419
v 1.118093 153.092178 9.406383
v 0.699020 154.855133 10.539299
v -0.163170 152.041809 11.007746
v -0.296942 154.509353 10.914503
v 0.672961 157.318222 10.256218
v -0.421257 156.954544 10.518954
v 0.605721 158.630722 9.891451
v -0.554243 158.662628 10.154460
v 1.951246 157.918090 8.645185
v 1.993265 159.189529 8.396559
v -1.722363 155.769729 9.114614
v -1.118093 153.092178 9.406383
v -0.368213 152.378662 10.591419
v -0.699020 154.855133 10.539299
v -0.672961 157.318222 10.256218
v -1.951246 157.918090 8.645185
v -1.993265 159.189529 8.396559
v -0.605721 158.630722 9.891451
v 0.421257 156.954544 10.518954
v 0.554243 158.662628 10.154460
v 0.163170 152.041809 11.007746
v 0.296942 154.509353 10.914503
v 1.722363 155.769729 9.334999
v 0.351971 152.416244 10.573649
v 0.925883 152.881485 9.626768
v 0.699020 154.855133 10.759685
v -0.201692 152.240219 10.989976
v -0.296942 154.509353 11.134889
v 0.672961 157.318222 10.476605
v -0.421257 156.954544 10.739339
v 0.605721 158.630722 10.111837
v -0.554243 158.662628 10.374847
v 1.951246 157.918090 8.865570
v 1.993265 159.189529 8.616945
v -1.722363 155.769729 9.334999
v -0.925883 152.881485 9.626768
v -0.351971 152.416244 10.573649
v -0.699020 154.855133 10.759685
v -0.672961 157.318222 10.476605
v -1.951246 157.918090 8.865570
v -1.993265 159.189529 8.616945
v -0.605721 158.630722 10.111837
v 0.421257 156.954544 10.739339
v 0.554243 158.662628 10.374847
v 0.201692 152.240219 10.989976
v 0.296942 154.509353 11.134889
v 1.164510 153.703552 10.119959
v 1.943388 154.555297 9.320011
v 2.711647 156.579788 8.741147
v 1.914767 155.651840 9.822869
v 0.450346 152.866241 10.690232
v 1.037525 154.884796 10.352882
v 1.362941 157.113067 10.048445
v 2.278631 157.651199 9.534858
v 2.108941 159.260864 9.399303
v 1.183814 158.910125 9.862857
v 3.065008 158.332809 8.355487
v 2.921525 159.565933 8.356069
v -1.164510 153.703552 10.119959
v -2.711647 156.579788 8.741147
v -1.943388 154.555297 9.320011
v -1.914767 155.651840 9.822869
v -2.278631 157.651199 9.534858
v -3.065008 158.332809 8.355487
v -2.921525 159.565933 8.356069
v -2.108941 159.260864 9.399303
v -1.362941 157.113067 10.048445
v -1.183814 158.910125 9.862857
v -0.450346 152.866241 10.690232
v -1.037525 154.884796 10.352882
v 1.129639 153.932113 10.259265
v 1.874476 154.620269 9.361027
v 2.232086 156.556457 9.455238
v 1.440223 155.674530 10.318431
v 0.392948 153.248367 10.610559
v 0.492391 154.866104 10.856069
v 0.536953 157.180419 10.733838
v 1.610715 157.931579 10.143626
v 1.581569 159.301193 9.848779
v 0.476453 158.972717 10.434782
v 2.457987 158.666656 9.005913
v 2.505285 159.549545 8.830617
v -1.129639 153.932113 10.259265
v -2.232086 156.556457 9.455238
v -1.874476 154.620269 9.361027
v -1.440223 155.674530 10.318431
v -1.610715 157.931579 10.143626
v -2.457987 158.666656 9.005913
v -2.505285 159.549545 8.830617
v -1.581569 159.301193 9.848779
v -0.536953 157.180419 10.733838
v -0.476453 158.972717 10.434782
v -0.392948 153.248367 10.610559
v -0.492391 154.866104 10.856069
v 2.753128 158.891174 8.697026
v 3.618972 160.255050 8.038699
v 2.861038 159.765152 9.049685
v 3.495776 159.195785 7.801296
v 4.325404 160.738235 6.856350
v 4.008787 159.545074 6.585495
v 3.501270 158.256515 6.314640
v 3.135712 157.998382 7.485218
v 2.631129 157.718246 8.335726
v -2.753128 158.891174 8.697026
v -2.861038 159.765152 9.049685
v -3.618972 160.255050 8.038699
v -3.495776 159.195785 7.801296
v -3.135712 157.998382 7.485218
v -2.631129 157.718246 8.335726
v -4.325404 160.738235 6.856350
v -4.008787 159.545074 6.585495
v -3.501270 158.256515 6.314640
v 0.740226 155.249252 10.412833
v -0.111310 152.798507 10.997832
v 0.406386 153.173553 10.564304
v -0.068978 154.988143 11.034696
v -0.520896 152.798782 10.255939
v -0.816757 154.787323 10.352019
v -0.919554 157.063598 10.359338
v -0.002642 157.338302 11.026471
v -0.046389 159.038360 10.811357
v -0.962745 158.838180 10.237317
v 0.924357 157.398330 10.436840
v 0.755995 159.055130 10.238865
v 2.855368 155.074417 9.190165
v 3.566091 156.641357 8.093753
v 3.714003 158.178665 7.832347
v 3.176290 157.234466 8.803717
v 1.704011 153.585250 9.942167
v 2.299962 155.895706 9.554251
v 2.337483 158.016861 9.324360
v 3.126083 158.923187 8.641330
v 2.997267 159.865371 8.646180
v 2.147597 159.325317 9.228897
v 3.724609 159.346588 7.726781
v 3.687181 160.164596 7.736476
v -2.855368 155.074417 9.190165
v -3.714003 158.178665 7.832347
v -3.566091 156.641357 8.093753
v -3.176290 157.234466 8.803717
v -3.126083 158.923187 8.641330
v -3.724609 159.346588 7.726781
v -3.687181 160.164596 7.736476
v -2.997267 159.865371 8.646180
v -2.337483 158.016861 9.324360
v -2.147597 159.325317 9.228897
v -1.704011 153.585250 9.942167
v -2.299962 155.895706 9.554251
v 2.255910 154.959075 9.866606
v 2.843587 155.783096 9.222260
v 3.048240 157.287094 9.037013
v 2.419318 156.543914 9.915758
v 1.214603 153.649063 10.259364
v 1.588735 155.773773 10.306502
v 1.668012 157.658294 10.161953
v 2.373325 158.167373 9.635589
v 2.237343 159.139541 9.350672
v 1.615548 158.641174 9.780689
v 2.989299 158.698410 8.790230
v 2.863657 159.444870 8.542985
v -2.255910 154.959075 9.866606
v -3.048240 157.287094 9.037013
v -2.843587 155.783096 9.222260
v -2.419318 156.543914 9.915758
v -2.373325 158.167373 9.635589
v -2.989299 158.698410 8.790230
v -2.863657 159.444870 8.542985
v -2.237343 159.139541 9.350672
v -1.668012 157.658294 10.161953
v -1.615548 158.641174 9.780689
v -1.214603 153.649063 10.259364
v -1.588735 155.773773 10.306502
v 0.996817 153.758010 10.850747
v 1.911373 154.739074 10.105527
v 2.420239 157.021164 9.612799
v 1.469357 155.961334 10.630489
v 0.155420 152.913742 11.014136
v 0.302102 154.891860 11.137175
v 0.369019 157.649642 10.842594
v 1.681043 158.347152 10.285946
v 1.673309 159.593536 9.989391
v 0.330071 159.301834 10.539673
v 2.680989 158.968261 9.168538
v 2.763647 159.807571 8.994875
v -0.996817 153.758010 10.850747
v -2.420239 157.021164 9.612799
v -1.911373 154.739074 10.105527
v -1.469357 155.961334 10.630489
v -1.681043 158.347152 10.285946
v -2.680989 158.968261 9.168538
v -2.763647 159.807571 8.994875
v -1.673309 159.593536 9.989391
v -0.369019 157.649642 10.842594
v -0.330071 159.301834 10.540290
v -0.155420 152.913742 11.014136
v -0.302102 154.891860 11.137175
v 2.781742 159.169357 9.214659
v 3.559908 160.531555 8.556333
v 2.801974 160.047363 9.567318
v 3.524390 159.488327 8.318929
v 4.266339 161.014740 7.373983
v 4.037401 159.846481 7.103128
v 3.518636 158.517593 8.253502
v 3.957921 158.816589 7.060312
v 3.823230 157.659301 7.150792
v 3.457671 157.387146 8.321370
v 2.895020 158.183029 9.126621
v 2.953089 157.084365 9.171878
v -2.781742 159.169357 9.214659
v -2.801974 160.047363 9.567318
v -3.559908 160.531555 8.556333
v -3.524390 159.488327 8.318929
v -2.895020 158.183029 9.126621
v -3.518636 158.517593 8.253502
v -3.457671 157.387146 8.321370
v -2.953089 157.084365 9.171878
v -4.266339 161.014740 7.373983
v -4.037401 159.846481 7.103128
v -3.957921 158.816589 7.060312
v -3.823230 157.659301 7.150792
v 3.180968 155.482406 9.211343
v 3.958295 157.252105 7.823880
v 4.255518 158.643158 7.637687
v 3.554862 157.708007 8.918988
v 2.306666 154.584716 9.762621
v 2.691154 157.040741 9.403168
v 2.731686 158.628692 9.201517
v 3.594463 159.289215 8.763760
v 3.324568 160.479400 8.810229
v 2.719501 159.914535 9.353457
v 4.332196 159.844375 7.581093
v 4.103686 161.182892 7.851233
v -3.180968 155.482406 9.211343
v -4.255518 158.643158 7.637687
v -3.958295 157.252105 7.823880
v -3.554862 157.708007 8.918988
v -3.594463 159.289215 8.763760
v -4.332196 159.844375 7.581093
v -4.103686 161.182892 7.851233
v -3.324568 160.479400 8.810229
v -2.731686 158.628692 9.201517
v -2.719501 159.914535 9.353457
v -2.306666 154.584716 9.762621
v -2.691154 157.040741 9.403168
v 1.517660 158.137985 10.505656
v 2.438067 159.722671 9.819046
v 1.547710 159.170639 10.651701
v 2.649382 158.870971 9.700987
v 3.322682 160.418563 8.711416
v 3.572150 159.387680 8.448729
v 2.743831 157.113159 9.838759
v 3.663767 157.839889 8.571138
v 2.357338 154.839782 9.907139
v 3.343210 156.142562 8.611836
v 1.402192 156.110397 10.640323
v 1.055054 153.696167 10.696265
v -1.517660 158.137985 10.505656
v -1.547710 159.170639 10.651701
v -2.438067 159.722671 9.819046
v -2.649382 158.870971 9.700987
v -2.743831 157.113159 9.838759
v -1.402192 156.110397 10.640323
v -1.055054 153.696167 10.696265
v -2.357338 154.839782 9.907139
v -3.663767 157.839889 8.571138
v -3.343210 156.142562 8.611836
v -3.322682 160.418563 8.711416
v -3.572150 159.387680 8.448729
v 2.089150 158.884689 10.166388
v 2.673585 160.251907 9.742851
v 2.070135 159.682586 10.354170
v 2.935287 159.366973 9.510116
v 3.159052 160.876007 9.329871
v 3.455692 160.067871 8.843490
v 3.009180 158.266647 9.593737
v 3.684375 159.016449 8.724327
v 2.883016 156.944870 9.871482
v 3.594997 157.596695 9.010515
v 2.019613 157.744171 10.176223
v 1.866997 156.228103 10.422038
v 1.673270 154.572235 10.447115
v 2.567282 155.249954 9.945981
v 3.226380 155.933212 8.947803
v -2.089150 158.884689 10.166388
v -2.070135 159.682586 10.354170
v -2.673585 160.251907 9.742851
v -2.935287 159.366973 9.510116
v -3.009180 158.266647 9.593737
v -2.019613 157.744171 10.176223
v -2.883016 156.944870 9.871482
v -1.866997 156.228103 10.422038
v -1.673270 154.572235 10.447115
v -2.567282 155.249954 9.945981
v -3.159052 160.876007 9.329871
v -3.455692 160.067871 8.843490
v -3.684375 159.016449 8.724327
v -3.594997 157.596695 9.010515
v -3.226380 155.933212 8.947803
v 0.875451 152.924865 10.843703
v 0.606148 155.273574 10.910607
v 0.308643 152.732849 11.076600
v 1.539390 155.694870 10.607831
v 0.728819 157.422317 10.882834
v 1.698291 157.816223 10.601918
v 1.454727 159.071899 10.767591
v 0.613073 158.876281 11.240928
v 1.764506 153.726486 10.282592
v 2.453633 156.422363 10.057645
v 2.518545 158.294357 10.028542
v 2.086486 159.297210 10.213291
v -0.875451 152.924865 10.843703
v -0.308643 152.732849 11.076600
v -0.606148 155.273574 10.910607
v -1.539390 155.694870 10.607831
v -1.764506 153.726486 10.282592
v -2.453633 156.422363 10.057645
v -2.518545 158.294357 10.028542
v -1.698291 157.816223 10.601918
v -2.086486 159.297210 10.213291
v -1.454727 159.071899 10.767591
v -0.728819 157.422317 10.882834
v -0.613073 158.876281 11.240928
v 7.327689 165.798431 4.905494
v 7.365135 166.064651 4.609814
v 7.207724 166.966598 5.073655
v 7.182249 166.702301 5.372751
v 6.936572 166.492920 5.579128
v 7.163527 165.608429 5.156154
v 7.001984 167.477569 5.858419
v 6.824801 167.202560 6.017831
v 7.104313 167.775604 5.599340
v -7.327689 165.798431 4.905494
v -7.207724 166.966598 5.073655
v -7.365135 166.064651 4.609814
v -7.182249 166.702301 5.372751
v -7.001984 167.477569 5.858419
v -7.104313 167.775604 5.599340
v -6.936572 166.492920 5.579128
v -6.824801 167.202560 6.017831
v -7.163527 165.608429 5.156154
v 3.489661 163.243057 10.395030
v 3.210813 163.911285 10.678481
v 2.961653 163.790359 10.887060
v 3.270295 163.107452 10.614321
v 3.838012 162.592941 9.977594
v 3.598963 162.474594 10.246769
v 4.189908 162.072082 9.498313
v 3.932053 161.984741 9.826848
v 3.655547 161.882415 9.969877
v 3.325844 162.346344 10.378298
v 2.712136 163.645263 11.095767
v 3.016798 162.973236 10.783174
v -3.489661 163.243057 10.395030
v -2.961653 163.790359 10.886994
v -3.210813 163.911285 10.678481
v -3.270295 163.107452 10.614321
v -2.712136 163.645263 11.096071
v -3.016798 162.973236 10.783174
v -3.598963 162.474594 10.246769
v -3.325844 162.346344 10.378298
v -3.655547 161.882415 9.969877
v -3.932053 161.984741 9.826848
v -3.838012 162.592941 9.977594
v -4.189908 162.072082 9.498313
v 6.613023 162.886490 5.100563
v 6.462757 161.793487 4.933378
v 6.976933 162.441284 3.849091
v 7.136567 163.478897 4.114922
v 7.114065 164.385986 4.366669
v 6.647304 163.859588 5.283686
v 7.002649 165.505737 4.725597
v 6.601811 164.891525 5.510185
v 7.236574 164.037857 3.126341
v 7.297551 164.906372 3.440688
v 7.199490 165.925537 3.831489
v 7.050177 163.005691 2.775533
v -6.613023 162.886490 5.100563
v -6.976933 162.441284 3.849091
v -6.462673 161.793518 4.933240
v -7.136567 163.478897 4.114922
v -7.236574 164.037857 3.126341
v -7.050177 163.005691 2.775533
v -7.114065 164.385986 4.366669
v -7.297551 164.906372 3.440688
v -6.647304 163.859588 5.283686
v -7.002649 165.505737 4.725597
v -7.199490 165.925537 3.831489
v -6.601811 164.891525 5.510185
v 7.157367 164.840912 4.300729
v 7.124618 163.881119 3.949099
v 7.377116 164.434128 3.078725
v 7.378458 165.361572 3.432888
v 7.292110 166.263595 3.843292
v 7.012073 165.752899 4.654868
v 7.215058 167.180298 4.425077
v 6.940649 166.491028 5.218891
v 7.425978 166.013168 2.517948
v 7.344295 166.905899 2.955915
v 7.393266 167.774536 3.528851
v 7.417184 165.049942 2.165864
v -7.157367 164.840912 4.300729
v -7.377116 164.434128 3.078725
v -7.124618 163.881119 3.949099
v -7.378458 165.361572 3.432888
v -7.425978 166.013168 2.517948
v -7.417184 165.049942 2.165864
v -7.292110 166.263595 3.843292
v -7.344295 166.905899 2.955915
v -7.012073 165.752899 4.654868
v -7.215058 167.180298 4.425077
v -7.393266 167.774536 3.528851
v -6.940649 166.491028 5.218891
v 4.695768 163.190612 8.653641
v 4.272233 162.738861 9.178656
v 4.190321 161.913162 8.772890
v 4.769380 162.405655 8.198808
v 5.254210 162.950897 7.454135
v 5.152834 163.788849 8.040691
v 4.259931 161.088028 8.579971
v 4.915808 161.607681 7.920977
v 5.385075 162.169464 7.133647
v 5.759118 161.393463 6.990583
v 5.155142 160.895340 7.807960
v 4.303938 160.377655 8.555530
v -4.695768 163.190612 8.653641
v -4.190321 161.913162 8.772890
v -4.272233 162.738861 9.178656
v -4.769380 162.405655 8.198808
v -4.259931 161.088028 8.579971
v -4.915808 161.607681 7.920977
v -4.303938 160.377655 8.555530
v -5.155142 160.895340 7.807960
v -5.759118 161.393463 6.990583
v -5.385075 162.169464 7.133647
v -5.254210 162.950897 7.454135
v -5.152834 163.788849 8.040691
v 6.287796 163.747925 5.712550
v 6.580965 164.356354 5.342951
v 6.612455 164.950134 5.582180
v 6.329375 164.343109 6.043400
v 6.202052 165.096206 6.416581
v 6.491365 165.751251 6.078726
v -6.287796 163.747925 5.712550
v -6.612455 164.950134 5.582180
v -6.580965 164.356354 5.342951
v -6.329375 164.343109 6.043400
v -6.202052 165.096206 6.416581
v -6.491365 165.751251 6.078726
v 5.180655 163.548401 7.761147
v 4.896038 163.131927 8.246847
v 4.843216 162.679840 8.028837
v 5.300420 163.166610 7.588218
v 5.651203 163.548065 7.038696
v 5.534185 163.911865 7.303318
v 5.375673 162.675659 7.364736
v 5.763328 163.103561 6.792829
v 4.860231 162.151992 7.906484
v 4.853764 161.673416 7.711408
v 5.530431 162.098068 7.200699
v 5.940806 162.478012 6.530913
v -5.180655 163.548401 7.761147
v -4.843216 162.679840 8.028837
v -4.896038 163.131927 8.246847
v -5.300420 163.166610 7.588218
v -5.375673 162.675659 7.364736
v -4.860231 162.151992 7.906484
v -4.853764 161.673416 7.711408
v -5.530431 162.098068 7.200699
v -5.940806 162.478012 6.530913
v -5.763328 163.103561 6.792829
v -5.651203 163.548065 7.038696
v -5.534185 163.911865 7.303318
v 5.661501 163.210800 6.707140
v 5.768836 162.654861 6.585237
v 6.424836 163.102859 6.023252
v 6.231441 163.689911 6.214145
v 5.640033 163.723617 6.917528
v 6.088266 164.227371 6.435682
v 5.986524 164.687179 6.714209
v 5.617395 164.199768 7.210143
v 6.515876 164.132278 5.591925
v 6.376190 164.712066 5.921578
v 6.304524 165.248672 6.231686
v 6.653673 163.513260 5.338933
v -5.661501 163.210800 6.707140
v -6.424836 163.102859 6.023252
v -5.768836 162.654861 6.585237
v -6.231441 163.689911 6.214145
v -6.515876 164.132278 5.591925
v -6.653673 163.513260 5.338933
v -5.640033 163.723617 6.917528
v -6.088266 164.227371 6.435682
v -6.376190 164.712066 5.921578
v -5.986524 164.687179 6.714209
v -6.304524 165.248672 6.231686
v -5.617465 164.199737 7.210257
v 6.636219 166.145111 5.904001
v 6.317791 165.603973 6.260261
v 6.575414 164.797943 5.841378
v 6.828019 165.374161 5.394138
v 7.073998 165.807831 4.938883
v 6.907870 166.500473 5.348008
v 6.915101 164.041397 5.437682
v 7.301661 164.425201 5.025399
v 7.527696 164.789886 4.507395
v -6.636219 166.145111 5.904001
v -6.575414 164.797943 5.841378
v -6.317791 165.603973 6.260261
v -6.828019 165.374161 5.394138
v -6.915101 164.041397 5.437682
v -7.301661 164.425201 5.025399
v -7.527696 164.789886 4.507395
v -7.073998 165.807831 4.938883
v -6.907870 166.500473 5.348008
v 5.486382 163.588806 7.305090
v 5.594846 163.032547 7.184434
v 6.242466 163.483490 6.611010
v 6.042941 164.072174 6.795509
v 5.462556 164.102127 7.513525
v 5.896035 164.610855 7.012349
v 5.794823 165.070755 7.290525
v 5.440320 164.578079 7.806932
v 6.317760 164.595062 6.093506
v 6.269119 165.175308 6.346612
v 6.194137 165.635742 6.719611
v 6.463061 163.895813 5.919264
v -5.486382 163.588806 7.305090
v -6.242466 163.483490 6.611010
v -5.594846 163.032547 7.184434
v -6.042941 164.072174 6.795509
v -6.317760 164.595062 6.093506
v -6.463061 163.895813 5.919264
v -5.462556 164.102127 7.513525
v -5.896035 164.610855 7.012349
v -6.269119 165.175308 6.346612
v -5.794823 165.070755 7.290525
v -6.194137 165.635742 6.719611
v -5.440320 164.578079 7.806932
v 6.655331 161.956146 4.538326
v 6.003148 160.165771 5.334757
v 6.292560 161.065353 4.327822
v 6.223803 161.190780 5.570790
v 5.162107 159.198547 6.460459
v 5.291317 160.283844 6.624627
v 6.262879 161.954864 5.728306
v 5.354451 161.123932 6.692649
v 6.074950 162.831604 5.902704
v 5.356425 162.124954 6.826838
v 6.579077 162.654938 4.778936
v 6.469096 163.386413 5.154624
v 5.974315 163.730301 6.241541
v 5.362972 162.948211 7.132715
v 6.448807 164.270477 5.565892
v -6.655331 161.956146 4.538326
v -6.292560 161.065353 4.327822
v -6.003148 160.165771 5.334757
v -6.223803 161.190780 5.570790
v -6.262879 161.954864 5.728306
v -6.579091 162.654922 4.778960
v -6.469096 163.386413 5.154624
v -6.074950 162.831604 5.902704
v -5.974315 163.730301 6.241541
v -6.448807 164.270477 5.565892
v -5.162107 159.198547 6.460459
v -5.291317 160.283844 6.624627
v -5.354451 161.123932 6.692649
v -5.356425 162.124954 6.826838
v -5.362972 162.948211 7.132715
v 7.080090 163.340103 3.559192
v 6.596013 161.323532 3.955572
v 6.753062 161.918304 2.941152
v 6.872451 162.765121 4.425647
v 6.266101 160.725784 5.024829
v 6.312731 162.014862 5.328163
v 6.184373 162.984894 5.678520
v 6.672076 163.697479 4.993781
v 6.535913 164.600006 5.557080
v 6.092209 163.892502 6.111753
v 7.003975 164.358719 4.237730
v 6.940678 165.223144 4.941112
v -7.080090 163.340103 3.559192
v -6.753062 161.918304 2.941152
v -6.596013 161.323532 3.955572
v -6.872451 162.765121 4.425647
v -6.672076 163.697479 4.993781
v -7.003975 164.358719 4.237730
v -6.535913 164.600006 5.557080
v -6.940678 165.223144 4.941112
v -6.266101 160.725784 5.024829
v -6.312731 162.014862 5.328163
v -6.184373 162.984894 5.678520
v -6.092209 163.892502 6.111753
v 6.973123 166.368133 5.034804
v 6.683307 165.342804 5.570016
v 6.764419 164.421753 5.218514
v 7.071896 165.207504 4.513324
v 7.264956 166.310882 3.703198
v 7.298242 167.594055 4.338009
v 7.335164 164.075180 3.969631
v 7.346794 165.045318 3.038130
v 6.820741 163.250992 4.777573
v 6.722523 161.940338 4.340847
v 7.203390 162.817825 3.392943
v 7.150597 163.546081 2.393203
v -6.903873 166.179092 5.026516
v -6.764419 164.421753 5.218514
v -6.683307 165.342804 5.570016
v -7.071896 165.207504 4.513324
v -7.336056 164.074753 3.926846
v -6.820741 163.250992 4.777573
v -6.722523 161.940338 4.340847
v -7.203390 162.817825 3.392943
v -7.346597 164.824371 3.023787
v -7.150597 163.546081 2.393203
v -7.284924 165.892853 3.704001
v -7.171534 166.920181 4.329276
v 7.111955 167.490326 5.204083
v 6.762760 166.583832 5.721206
v 6.805233 165.649963 5.306217
v 7.177238 166.457290 4.542031
v 7.355680 167.319534 3.757418
v 7.207016 168.444351 4.473114
v 7.551837 165.183182 4.026957
v 7.491524 165.838119 3.040557
v 7.025832 164.518982 4.795358
v 7.014417 163.328476 4.234745
v 7.527051 164.011047 3.464348
v 7.561194 164.673080 2.681476
v -7.111955 167.490326 5.204083
v -6.805233 165.649963 5.306217
v -6.762760 166.583832 5.721206
v -7.177238 166.457290 4.542031
v -7.551837 165.183182 4.026957
v -7.025832 164.518982 4.795358
v -7.014417 163.328476 4.234745
v -7.527051 164.011047 3.464348
v -7.491524 165.838119 3.040557
v -7.561194 164.673080 2.681476
v -7.355680 167.319534 3.757418
v -7.207016 168.444351 4.473114
v 7.412234 169.662643 4.849103
v 7.197423 168.850067 5.604851
v 7.215768 167.902389 5.092572
v 7.466438 168.499603 4.160969
v 7.444009 170.356521 4.043970
v 7.498899 169.089371 3.341385
v 7.535126 167.962326 2.749217
v 7.532008 167.408340 3.657890
v 7.537202 166.621582 2.207971
v 7.590519 166.066727 3.248759
v 7.164968 166.881561 4.631836
v 7.283665 165.639053 4.231766
v -7.412234 169.662643 4.849103
v -7.215768 167.902389 5.092572
v -7.197423 168.850067 5.604851
v -7.466438 168.499603 4.160969
v -7.532008 167.408340 3.657890
v -7.164968 166.881561 4.631836
v -7.590519 166.066727 3.248759
v -7.283665 165.639053 4.231766
v -7.444009 170.356521 4.043970
v -7.498899 169.089371 3.341385
v -7.535126 167.962326 2.749217
v -7.537202 166.621582 2.207971
v 7.295442 168.480682 4.954325
v 7.084048 167.813751 5.607527
v 7.008717 166.669861 5.090431
v 7.386123 167.323425 4.417999
v 7.502079 167.986832 3.639173
v 7.401248 169.122070 4.209594
v 7.689467 165.915573 3.944612
v 7.617251 166.619934 3.132145
v 7.680212 164.773971 3.528624
v 7.557386 165.596451 2.839555
v 7.128179 165.235763 4.585329
v 7.109567 164.259903 4.193567
v -7.295442 168.480682 4.954325
v -7.008717 166.669861 5.090431
v -7.084048 167.813751 5.607527
v -7.386123 167.323425 4.417999
v -7.689467 165.915573 3.944612
v -7.128179 165.235763 4.585329
v -7.109567 164.259903 4.193567
v -7.680212 164.773971 3.528624
v -7.617251 166.619934 3.132145
v -7.557386 165.596451 2.839555
v -7.502079 167.986832 3.639173
v -7.401248 169.122070 4.209594
v 3.490172 159.570709 8.416580
v 4.207165 161.092315 7.846969
v 3.433132 160.526703 8.568597
v 4.359065 160.185150 7.701528
v 4.809702 161.571747 7.170069
v 4.864419 160.690155 6.910592
v 4.923516 159.357254 6.863386
v 4.426005 158.830810 7.817323
v 4.249961 157.402252 7.678321
v 4.683916 157.951843 6.769715
v 3.523330 158.373443 8.503610
v 3.455718 156.955124 8.361973
v -3.490172 159.570709 8.416580
v -3.433132 160.526703 8.568597
v -4.207165 161.092315 7.846969
v -4.359065 160.185150 7.701528
v -4.426005 158.830810 7.817323
v -3.523330 158.373443 8.503610
v -3.455718 156.955124 8.361973
v -4.249961 157.402252 7.678321
v -4.923516 159.357254 6.863386
v -4.683916 157.951843 6.769715
v -4.809702 161.571747 7.170069
v -4.864419 160.690155 6.910592
v 6.492729 162.931396 2.735221
v 5.958776 161.337692 3.362405
v 5.918328 162.043671 2.389042
v 6.470355 162.288406 3.705123
v 5.593055 160.478424 4.728047
v 5.812098 161.464721 4.793266
v 5.960882 162.456070 5.057414
v 6.666492 163.175964 4.093079
v 6.748048 164.148392 4.726882
v 6.154897 163.315750 5.479833
v 7.031561 163.979645 3.292513
v 7.101291 165.013840 4.047892
v -6.492729 162.931396 2.735221
v -5.918328 162.043671 2.389042
v -5.958846 161.337662 3.362518
v -6.470355 162.288406 3.705123
v -6.666492 163.175964 4.093079
v -7.031561 163.979645 3.292513
v -6.748048 164.148392 4.726882
v -7.101291 165.013840 4.047892
v -5.593055 160.478424 4.728047
v -5.812098 161.464721 4.793266
v -5.960882 162.456070 5.057414
v -6.154897 163.315750 5.479833
v 6.182838 161.788650 3.778033
v 5.795928 159.726883 4.757622
v 5.805500 160.491806 3.569162
v 6.054709 161.095886 5.021431
v 5.147517 158.971939 5.795791
v 5.421288 160.427139 6.021773
v 5.339392 161.731827 6.343219
v 5.957417 162.368667 5.423053
v 5.980162 163.425552 6.164365
v 5.398003 162.875717 7.071766
v 6.452396 163.081360 4.436355
v 6.615247 164.078628 5.147880
v -6.182838 161.788650 3.778033
v -5.805500 160.491806 3.569162
v -5.795928 159.726883 4.757622
v -6.054709 161.095886 5.021431
v -5.957417 162.368667 5.423053
v -6.452396 163.081360 4.436355
v -5.980162 163.425552 6.164365
v -6.615247 164.078628 5.147880
v -5.147517 158.971939 5.795791
v -5.421288 160.427139 6.021773
v -5.339392 161.731827 6.343219
v -5.398003 162.875717 7.071766
v 7.008775 164.646042 2.207458
v 6.697890 162.791229 2.615878
v 6.745514 163.424316 1.578319
v 7.078675 164.027328 3.208061
v 6.373806 162.167282 3.723767
v 6.697223 163.330932 4.140769
v 6.845466 164.260238 4.672939
v 7.190632 164.959076 3.800096
v 6.773214 165.259552 5.263801
v 7.105251 165.905105 4.402964
v 7.175107 165.615677 2.864157
v 7.198716 166.504883 3.458092
v -7.008775 164.646042 2.207458
v -6.745514 163.424316 1.578319
v -6.697890 162.791229 2.615878
v -7.078675 164.027328 3.208061
v -7.190632 164.959076 3.800096
v -7.175107 165.615677 2.864157
v -7.198706 166.504898 3.458077
v -7.105251 165.905105 4.402964
v -6.773214 165.259552 5.263801
v -6.845466 164.260238 4.672939
v -6.373806 162.167282 3.723767
v -6.697223 163.330932 4.140769
v 7.021534 166.080810 4.802693
v 6.683346 165.369003 5.524034
v 6.620622 164.103882 5.138180
v 7.069629 164.920471 4.311601
v 7.277116 165.796188 3.386826
v 7.286614 167.064895 4.024289
v 7.004502 163.815658 3.934036
v 7.174050 164.638565 2.946049
v 6.519066 163.024292 4.841598
v 6.453410 162.176819 4.651532
v 6.768975 162.812469 3.659774
v 6.892899 163.444473 2.660396
v -7.025700 165.980697 4.802266
v -6.620622 164.103882 5.138180
v -6.683346 165.369003 5.524034
v -7.069187 164.860306 4.307613
v -6.998902 163.696197 3.922435
v -6.519066 163.024292 4.841598
v -6.453410 162.176819 4.651532
v -6.768975 162.812469 3.659774
v -7.168275 164.359054 2.922662
v -6.892899 163.444473 2.660396
v -7.210713 165.432205 3.375281
v -7.172716 166.701431 4.010773
v 6.166800 161.526428 4.883753
v 5.710688 159.435806 5.622561
v 5.749251 160.123215 4.655032
v 5.958842 160.943100 5.731515
v 5.006821 158.654587 6.433920
v 5.318397 160.196457 6.607647
v 5.078300 161.341034 6.816902
v 5.729367 162.015655 6.079379
v 5.662374 163.019638 6.539784
v 5.099891 162.348343 7.140954
v 6.174314 162.684265 5.265196
v 6.064130 163.574356 5.849010
v -6.166800 161.526428 4.883753
v -5.749251 160.123215 4.655032
v -5.710688 159.435806 5.622561
v -5.958842 160.943100 5.731515
v -5.729367 162.015655 6.079379
v -6.174314 162.684265 5.265196
v -5.662374 163.019638 6.539784
v -6.064015 163.574356 5.849010
v -5.006821 158.654587 6.433920
v -5.318397 160.196457 6.607647
v -5.078300 161.341034 6.816902
v -5.099891 162.348343 7.140954
v 4.597853 158.333694 7.647617
v 5.378217 159.173248 6.531921
v 5.374132 160.453445 6.656655
v 4.725907 159.675552 7.742055
v 3.801620 158.977142 8.565261
v 3.710902 157.550018 8.455861
v 5.238848 161.532211 6.807839
v 4.495022 160.823654 7.833818
v 3.668101 160.211761 8.594959
v 4.472748 161.748428 8.001066
v 3.640945 161.058990 8.734546
v 5.188058 162.387909 7.091911
v -4.597853 158.333694 7.647617
v -5.374132 160.453445 6.656655
v -5.378217 159.173248 6.531921
v -4.725907 159.675552 7.742055
v -5.238848 161.532211 6.807839
v -4.495022 160.823654 7.833818
v -4.472748 161.748428 8.001066
v -5.188058 162.387909 7.091911
v -3.801620 158.977142 8.565261
v -3.668101 160.211761 8.594959
v -3.640945 161.058990 8.734546
v -3.710902 157.550018 8.455861
v 6.555767 162.021454 3.405328
v 6.122005 160.551849 4.373170
v 6.347021 161.233414 3.315130
v 6.471507 161.451782 4.457361
v 5.460680 160.040024 5.445953
v 5.848609 160.830383 5.493338
v 6.641476 162.420990 4.681147
v 5.982199 161.796142 5.531897
v 6.509213 163.495163 5.141713
v 5.938065 162.820099 5.797849
v 6.810788 163.125702 3.758648
v 6.936449 164.254410 4.354423
v 6.407059 164.326889 5.689002
v 5.954041 163.596328 6.294484
v 6.871317 165.056350 5.003534
v -6.555767 162.021454 3.405328
v -6.347021 161.233414 3.315130
v -6.122005 160.551849 4.373170
v -6.471507 161.451782 4.457361
v -6.641476 162.420990 4.681147
v -6.810788 163.125702 3.758648
v -6.936449 164.254410 4.354423
v -6.509097 163.495163 5.141713
v -6.407059 164.326889 5.689002
v -6.871317 165.056350 5.003534
v -5.460680 160.040024 5.445953
v -5.848609 160.830383 5.493338
v -5.982199 161.796142 5.531897
v -5.938065 162.820099 5.797849
v -5.954041 163.596328 6.294484
v 2.977661 160.349029 9.598084
v 3.501282 161.535873 9.610236
v 3.042506 161.222824 9.813684
v 3.590016 160.738891 9.239092
v 3.853641 161.847183 9.338726
v 4.103271 161.022338 8.662373
v 3.529516 159.907547 9.166558
v 4.155286 160.281341 8.399725
v 3.458788 159.209488 9.174252
v 4.193756 159.637497 8.213180
v 2.853163 159.586425 9.568650
v 2.693890 158.969070 9.563873
v -2.977661 160.349029 9.598084
v -3.042506 161.222824 9.813684
v -3.501282 161.535873 9.610236
v -3.590016 160.738891 9.239092
v -3.529516 159.907547 9.166558
v -2.853163 159.586425 9.568650
v -2.693890 158.969070 9.563873
v -3.458788 159.209488 9.174252
v -4.155286 160.281341 8.399725
v -4.193756 159.637497 8.213180
v -3.853641 161.847183 9.338726
v -4.103271 161.022338 8.662373
v 3.563360 161.300170 9.397388
v 3.994762 162.298751 9.462338
v 3.345489 162.045639 9.705974
v 4.228637 161.557205 9.054840
v 4.264365 162.520370 8.861429
v 4.486752 161.650329 8.294020
v 4.333721 160.762497 8.730962
v 4.626086 160.889053 7.861771
v 4.460588 159.913070 7.609450
v 4.200462 159.798278 8.484791
v 3.568872 160.534408 9.164940
v 3.490465 159.711792 8.965210
v -3.563360 161.300170 9.397388
v -3.345489 162.045639 9.705974
v -3.994762 162.298751 9.462338
v -4.228637 161.557205 9.054840
v -3.568872 160.534408 9.164940
v -4.333721 160.762497 8.730962
v -3.490465 159.711792 8.965210
v -4.200462 159.798278 8.484791
v -4.460588 159.913070 7.609450
v -4.626086 160.889053 7.861771
v -4.264365 162.520370 8.861429
v -4.486752 161.650329 8.294020
v 3.835110 160.748657 9.149406
v 4.173531 161.747238 9.125148
v 3.524258 161.494125 9.457992
v 4.449521 161.005691 8.747016
v 4.443134 161.968856 8.440801
v 4.758502 161.098816 7.932250
v 4.554604 160.210983 8.482980
v 4.897836 160.337539 7.613790
v 4.732337 159.296508 7.361469
v 4.472212 159.185531 8.236809
v 3.840622 159.971969 8.916958
v 3.762215 159.109451 8.717229
v -3.835110 160.748657 9.149406
v -3.524258 161.494125 9.457992
v -4.173531 161.747238 9.125148
v -4.449521 161.005691 8.747016
v -3.840622 159.971969 8.916958
v -4.554604 160.210983 8.482980
v -3.762215 159.109451 8.717229
v -4.472212 159.185531 8.236809
v -4.732337 159.296508 7.361469
v -4.897836 160.337539 7.613790
v -4.443134 161.968856 8.440801
v -4.758502 161.098816 7.932250
v 3.108846 160.847808 9.744618
v 3.517080 161.988205 9.855685
v 3.014319 161.650360 10.069230
v 3.618628 161.200805 9.496612
v 3.868888 162.303848 9.584771
v 4.139349 161.613815 8.985029
v 3.817559 160.371429 9.280982
v 4.383730 160.724289 8.604675
v 3.760412 159.409011 9.142591
v 4.399158 159.740051 8.435325
v 3.161639 160.055023 9.569320
v 3.037935 159.193893 9.539512
v -3.108846 160.847808 9.744618
v -3.014319 161.650360 10.069230
v -3.517080 161.988205 9.855685
v -3.618628 161.200805 9.496612
v -3.817559 160.371429 9.280982
v -3.161639 160.055023 9.569320
v -3.037935 159.193893 9.539512
v -3.760412 159.409011 9.142591
v -4.383730 160.724289 8.604675
v -4.399158 159.740051 8.435325
v -3.868888 162.303848 9.584771
v -4.139349 161.613815 8.985029
v 4.455925 161.345520 8.706424
v 4.352361 160.550552 9.134656
v 4.744665 160.794952 8.486049
v 4.090739 161.044204 9.244058
v 3.728260 160.217743 9.400702
v 3.554228 160.708969 9.566420
v 3.304260 161.405029 9.793418
v 3.778499 161.679748 9.573506
v 3.517132 162.330963 9.957352
v 3.164960 162.060226 10.213899
v 4.109277 162.012924 9.127162
v 3.828732 162.629470 9.620231
v -4.455925 161.345520 8.706424
v -4.744665 160.794952 8.486049
v -4.352361 160.550552 9.134656
v -4.090739 161.044204 9.244058
v -3.778499 161.679748 9.573506
v -4.109277 162.012924 9.127162
v -3.828732 162.629470 9.620231
v -3.517132 162.330963 9.957352
v -3.304260 161.405029 9.793418
v -3.164960 162.060226 10.213899
v -3.728260 160.217743 9.400702
v -3.554228 160.708969 9.566420
v 3.052465 161.793182 10.240114
v 3.344714 162.832092 10.388983
v 2.966865 162.512939 10.619010
v 3.571082 162.099868 10.020277
v 3.703743 163.046783 10.058871
v 4.011399 162.354248 9.399623
v 3.738490 161.519516 9.736845
v 4.226858 161.795227 8.955323
v 4.383439 161.220718 8.624437
v 3.854624 160.922103 9.453550
v 3.047199 161.174438 9.888585
v 3.138553 160.523101 9.635033
v -3.052465 161.793182 10.240114
v -2.966865 162.512939 10.619010
v -3.344714 162.832092 10.388983
v -3.571082 162.099868 10.020277
v -3.047199 161.174438 9.888585
v -3.738490 161.519516 9.736845
v -3.138553 160.523101 9.635033
v -3.854624 160.922103 9.453550
v -4.383439 161.220718 8.624437
v -4.226858 161.795227 8.955323
v -3.703743 163.046783 10.058871
v -4.011399 162.354248 9.399623
v 3.002209 162.367904 10.535425
v 3.278900 163.177948 10.563041
v 2.779866 162.887741 10.961503
v 3.617934 162.636352 10.197719
v 3.777220 163.419799 10.146241
v 4.056667 162.907562 9.759136
v 4.326299 162.404342 9.205355
v 3.848200 162.167648 9.743705
v 3.301963 161.911132 10.006763
v -3.002209 162.367904 10.535425
v -2.779866 162.887741 10.961242
v -3.278900 163.177948 10.563041
v -3.617934 162.636352 10.197719
v -3.848200 162.167648 9.743705
v -3.301963 161.911132 10.006763
v -3.777220 163.419799 10.146241
v -4.056667 162.907562 9.759136
v -4.326299 162.404342 9.205355
v 4.077061 162.711288 9.708419
v 3.932053 161.984741 9.826848
v 4.447762 162.159423 9.169779
v 3.598963 162.474594 10.246769
v 3.379040 161.780090 10.112906
v 3.052726 162.218078 10.509827
v 2.763303 162.839004 10.954159
v 3.270295 163.107452 10.614321
v 2.961653 163.790359 10.887060
v 2.462619 163.500152 11.297829
v 3.709027 163.378662 10.175738
v 3.459973 164.032211 10.470079
v -4.077061 162.711288 9.708419
v -4.447762 162.159423 9.169779
v -3.932053 161.984741 9.826848
v -3.598963 162.474594 10.246769
v -3.270295 163.107452 10.614321
v -3.709027 163.378662 10.175738
v -3.459973 164.032211 10.470079
v -2.961653 163.790359 10.886994
v -2.763303 162.839004 10.953915
v -2.462619 163.500152 11.305291
v -3.379040 161.780090 10.112906
v -3.052726 162.218078 10.509827
v 3.007365 162.991806 10.855980
v 3.642485 162.809875 10.185055
v 3.407637 163.315872 10.494361
v 2.834137 163.475036 11.146881
v 2.381867 163.148422 11.394927
v 2.172726 163.586151 11.547419
v 1.951611 164.061706 11.598882
v 2.414547 164.027771 11.337639
v 2.981807 163.959152 10.836228
v -3.007365 162.991806 10.855980
v -3.407637 163.315872 10.494361
v -3.642485 162.809875 10.185055
v -2.834137 163.475036 11.146458
v -2.981807 163.959152 10.836228
v -2.414547 164.027771 11.343380
v -1.951611 164.061706 11.610162
v -2.172726 163.586151 11.561774
v -2.381867 163.148422 11.404039
v 1.468874 164.327850 11.738378
v 2.383634 163.730529 11.424551
v 2.011641 164.332397 11.496064
v 1.786136 163.804946 11.830411
v 2.086440 163.244812 11.647259
v 2.823500 163.141220 11.184395
v 0.960014 164.374969 11.935430
v 1.156819 163.929656 11.993633
v 1.519174 163.399688 12.011173
v -1.468874 164.327850 11.747614
v -2.011641 164.332397 11.505925
v -2.383634 163.730529 11.434715
v -1.786136 163.804946 11.846048
v -0.960014 164.374969 11.937303
v -1.156819 163.929656 11.999471
v -1.519174 163.399688 12.024537
v -2.086440 163.244812 11.662749
v -2.823500 163.141220 11.184004
v 1.862365 164.346649 11.606667
v 2.861485 163.659881 11.050538
v 2.526329 164.183334 11.223097
v 2.213084 163.827301 11.626703
v 2.464162 163.199493 11.451038
v 3.119518 163.111633 10.825443
v 1.280335 164.413757 11.790007
v 1.588928 163.936630 11.810355
v 1.862881 163.380264 11.752040
v -1.862365 164.346649 11.617407
v -2.526329 164.183334 11.226353
v -2.861485 163.659881 11.050198
v -2.213084 163.827301 11.640565
v -1.280335 164.413757 11.796843
v -1.588928 163.936630 11.821547
v -1.862881 163.380264 11.768940
v -2.464162 163.199493 11.459829
v -3.119518 163.111633 10.825443
v 1.105899 164.321304 11.884730
v 1.622354 163.884414 11.793566
v 1.460508 164.245758 11.754667
v 1.280837 163.958999 12.013335
v 1.426596 163.498901 12.000320
v 1.808493 163.417800 11.803897
v 0.741163 164.309936 12.070872
v 0.831532 163.992248 12.165010
v 0.940326 163.576751 12.288397
v -1.105899 164.321304 11.889191
v -1.460508 164.245758 11.764082
v -1.622354 163.884414 11.804976
v -1.280837 163.958999 12.021027
v -0.741163 164.309936 12.070929
v -0.831532 163.992248 12.165287
v -0.940326 163.576751 12.288977
v -1.426596 163.498901 12.012365
v -1.808493 163.417800 11.820682
v 1.105899 164.321304 11.955014
v 1.622354 163.884414 11.764519
v 1.460508 164.245758 11.711625
v 1.280837 163.958999 12.048268
v 1.426596 163.498901 12.000320
v 1.808493 163.417800 11.729535
v 0.741163 164.309936 12.070872
v 0.831532 163.992248 12.165010
v 0.940326 163.576751 12.288397
v -1.105899 164.321304 11.959357
v -1.460508 164.245758 11.720968
v -1.622354 163.884414 11.775866
v -1.280837 163.958999 12.055916
v -0.741163 164.309936 12.070929
v -0.831532 163.992248 12.165287
v -0.940326 163.576751 12.288977
v -1.426596 163.498901 12.012365
v -1.808493 163.417800 11.746393
v 1.862365 164.346649 11.606667
v 2.861485 163.659881 11.050538
v 2.526329 164.183334 11.223097
v 2.213084 163.827301 11.626703
v 2.464162 163.199493 11.451038
v 3.119518 163.111633 10.825443
v 1.280335 164.413757 11.790007
v 1.588928 163.936630 11.810355
v 1.862881 163.380264 11.752040
v -1.862365 164.346649 11.617407
v -2.526329 164.183334 11.226353
v -2.861485 163.659881 11.050198
v -2.213084 163.827301 11.640565
v -1.280335 164.413757 11.796843
v -1.588928 163.936630 11.821547
v -1.862881 163.380264 11.768940
v -2.464162 163.199493 11.459829
v -3.119518 163.111633 10.825443
v 2.201179 159.156402 10.667632
v 2.138688 158.232406 10.650308
v 2.595847 158.441558 10.310895
v 2.635460 159.300155 10.346252
v 2.176550 159.818420 10.594874
v 2.556437 159.985992 10.277009
v 2.066978 160.434982 10.503993
v 2.386692 160.595565 10.232025
v 2.868797 160.176269 10.000810
v 2.665088 160.739563 9.994197
v 2.971063 159.462127 9.978904
v 2.928679 158.664825 9.908209
v -2.201179 159.156402 10.667632
v -2.595847 158.441558 10.310895
v -2.138688 158.232406 10.650308
v -2.635460 159.300155 10.346252
v -2.971063 159.462127 9.978904
v -2.928679 158.664825 9.908209
v -2.176550 159.818420 10.594874
v -2.556437 159.985992 10.277009
v -2.868797 160.176269 10.000810
v -2.386692 160.595565 10.232025
v -2.665088 160.739563 9.994197
v -2.066978 160.434982 10.512561
v 1.440963 157.297576 11.587291
v 1.434994 155.522445 11.400705
v 2.232007 155.631423 10.944953
v 2.266759 157.417785 11.206148
v 1.183723 158.876327 11.399504
v 1.975270 158.984802 11.100650
v 1.720855 160.000808 10.751932
v 0.909781 159.875061 11.025669
v 2.881614 157.730926 10.428448
v 2.588905 159.195678 10.355964
v 2.308630 160.070785 10.179550
v 2.955528 156.360534 10.227034
v -1.440963 157.297576 11.587291
v -2.232007 155.631423 10.944953
v -1.434994 155.522445 11.400705
v -2.266759 157.417785 11.206148
v -2.881614 157.730926 10.428448
v -2.955528 156.360534 10.227034
v -1.183723 158.876327 11.399504
v -1.975270 158.984802 11.100650
v -2.588905 159.195678 10.355964
v -1.720855 160.000808 10.780571
v -2.308630 160.070785 10.179550
v -0.909781 159.875061 11.072443
vt 0.866699 0.774658
vt 0.866699 0.847656
vt 0.749023 0.847656
vt 0.749023 0.774658
vt 0.879393 0.351726
vt 0.879393 0.192350
vt 0.985288 0.192350
vt 0.985288 0.351726
vt 0.510742 0.837524
vt 0.626465 0.836792
vt 0.626465 0.909912
vt 0.510742 0.909912
vt 0.868890 0.351787
vt 0.985288 0.351787
vt 0.985288 0.252131
vt 0.868890 0.252131
vt 0.985288 0.155536
vt 0.985288 0.033382
vt 0.868890 0.033382
vt 0.868890 0.155536
vt 0.868890 0.351787
vt 0.985288 0.351787
vt 0.985288 0.238299
vt 0.868890 0.238299
vt 0.754246 0.103534
vt 0.868767 0.103534
vt 0.868767 0.031456
vt 0.754246 0.031456
vt 0.754246 0.142183
vt 0.754246 0.244848
vt 0.868767 0.244848
vt 0.868767 0.142183
vt 0.713341 0.155426
vt 0.605512 0.155426
vt 0.605512 0.073277
vt 0.713341 0.073277
vt 0.868767 0.031719
vt 0.868767 0.139996
vt 0.754246 0.139996
vt 0.754246 0.031719
vt 0.988770 0.531982
vt 0.988770 0.400391
vt 0.873047 0.400391
vt 0.873047 0.531982
vt 0.985288 0.196111
vt 0.868767 0.196111
vt 0.868767 0.150135
vt 0.985288 0.150135
vt 0.499535 0.155426
vt 0.499535 0.073277
vt 0.868767 0.351787
vt 0.985288 0.351787
vt 0.985288 0.237454
vt 0.868767 0.237454
vt 0.147461 0.875061
vt 0.147461 0.982147
vt 0.075012 0.982147
vt 0.075012 0.875061
vt 0.868767 0.244848
vt 0.985288 0.244848
vt 0.985288 0.142183
vt 0.868767 0.142183
vt 0.754246 0.258519
vt 0.868767 0.258519
vt 0.868767 0.177480
vt 0.754246 0.177480
vt 0.626465 0.921021
vt 0.626465 0.989510
vt 0.742676 0.989510
vt 0.742676 0.921021
vt 0.754246 0.159536
vt 0.754246 0.238342
vt 0.868890 0.238342
vt 0.868890 0.159536
vt 0.985840 0.917786
vt 0.866211 0.917786
vt 0.866211 0.840820
vt 0.985840 0.840820
vt 0.499535 0.156914
vt 0.607228 0.156914
vt 0.607228 0.073277
vt 0.499535 0.073277
vt 0.499535 0.233608
vt 0.607228 0.233608
vt 0.510742 0.921021
vt 0.626465 0.844727
vt 0.510742 0.844727
vt 0.372070 0.988670
vt 0.498535 0.988670
vt 0.498535 0.921631
vt 0.372070 0.921631
vt 0.713341 0.156914
vt 0.713341 0.073277
vt 0.002077 0.864746
vt 0.002077 0.925842
vt 0.134033 0.925842
vt 0.134033 0.864746
vt 0.985288 0.142183
vt 0.985288 0.244848
vt 0.870620 0.244848
vt 0.870620 0.142183
vt 0.985288 0.354273
vt 0.870620 0.354273
vt 0.870620 0.259371
vt 0.985288 0.259371
vt 0.749023 0.994278
vt 0.866699 0.994278
vt 0.866699 0.927490
vt 0.749023 0.927490
vt 0.868767 0.147531
vt 0.868767 0.249256
vt 0.985288 0.249256
vt 0.985288 0.147531
vt 0.868890 0.177550
vt 0.868890 0.037196
vt 0.754246 0.037196
vt 0.754246 0.177550
vt 0.868890 0.129437
vt 0.754246 0.129437
vt 0.754246 0.252131
vt 0.754246 0.257189
vt 0.881370 0.257189
vt 0.881370 0.351726
vt 0.754246 0.351726
vt 0.754246 0.151712
vt 0.881370 0.151712
vt 0.985288 0.036371
vt 0.868890 0.036371
vt 0.868890 0.162872
vt 0.985288 0.162872
vt 0.881370 0.037496
vt 0.985288 0.037496
vt 0.985288 0.151712
vt 0.985288 0.257189
vt 0.985288 0.351726
vt 0.868890 0.152804
vt 0.868890 0.035446
vt 0.985288 0.035446
vt 0.985288 0.152804
vt 0.742676 0.837524
vt 0.742676 0.909912
vt 0.868890 0.162994
vt 0.868890 0.264286
vt 0.754246 0.264286
vt 0.754246 0.162994
vt 0.866699 0.846191
vt 0.985840 0.927490
vt 0.985840 0.846191
vt 0.607228 0.233608
vt 0.607228 0.351979
vt 0.499535 0.351979
vt 0.499535 0.233608
vt 0.881370 0.151712
vt 0.881370 0.037496
vt 0.754246 0.037496
vt 0.754246 0.151712
vt 0.870620 0.351787
vt 0.870620 0.258730
vt 0.754246 0.258730
vt 0.754246 0.351787
vt 0.985288 0.351787
vt 0.985288 0.258730
vt 0.636719 0.513428
vt 0.755859 0.513428
vt 0.755859 0.635010
vt 0.636719 0.635010
vt 0.985288 0.343256
vt 0.870620 0.343256
vt 0.515137 0.513428
vt 0.515137 0.635010
vt 0.636719 0.513428
vt 0.636719 0.396484
vt 0.515137 0.396484
vt 0.515137 0.513428
vt 0.636719 0.731689
vt 0.636719 0.635010
vt 0.515137 0.635010
vt 0.515137 0.731689
vt 0.879393 0.033721
vt 0.985288 0.033721
vt 0.868890 0.253398
vt 0.985288 0.253398
vt 0.985288 0.351787
vt 0.868890 0.351787
vt 0.636719 0.396484
vt 0.755859 0.396484
vt 0.755859 0.731689
vt 0.636719 0.731689
vt 0.755859 0.635010
vt 0.755859 0.513428
vt 0.985288 0.232988
vt 0.868890 0.232988
vt 0.868890 0.351726
vt 0.985288 0.351726
vt 0.985288 0.129513
vt 0.868890 0.129513
vt 0.866211 0.994278
vt 0.985840 0.994278
vt 0.985840 0.917786
vt 0.866211 0.917786
vt 0.868890 0.036021
vt 0.754246 0.036021
vt 0.754246 0.129513
vt 0.751465 0.734375
vt 0.868652 0.734375
vt 0.868652 0.622314
vt 0.751465 0.622314
vt 0.754246 0.232988
vt 0.985288 0.248118
vt 0.868767 0.248118
vt 0.985288 0.139996
vt 0.868890 0.351726
vt 0.754246 0.351726
vt 0.754246 0.232988
vt 0.868890 0.232988
vt 0.607228 0.073277
vt 0.607228 0.142864
vt 0.499535 0.142864
vt 0.499535 0.073277
vt 0.985288 0.262648
vt 0.985288 0.351726
vt 0.868890 0.351726
vt 0.868890 0.262648
vt 0.985288 0.230850
vt 0.868767 0.230850
vt 0.868767 0.120522
vt 0.985288 0.120522
vt 0.868890 0.129513
vt 0.868890 0.036021
vt 0.985288 0.036021
vt 0.985288 0.129513
vt 0.985288 0.249365
vt 0.868890 0.249365
vt 0.868890 0.351726
vt 0.985288 0.351726
vt 0.985288 0.152804
vt 0.868890 0.152804
vt 0.985288 0.035446
vt 0.868890 0.035446
vt 0.754246 0.035446
vt 0.754246 0.152804
vt 0.754246 0.351787
vt 0.754246 0.237454
vt 0.754246 0.249365
vt 0.868890 0.264274
vt 0.754246 0.264274
vt 0.754246 0.351787
vt 0.868890 0.351787
vt 0.868890 0.351726
vt 0.754246 0.351726
vt 0.754246 0.249365
vt 0.868890 0.249365
vt 0.868767 0.147210
vt 0.985288 0.147210
vt 0.985288 0.029965
vt 0.868767 0.029965
vt 0.176392 0.354004
vt 0.176392 0.278320
vt 0.107849 0.278320
vt 0.107849 0.354004
vt 0.868890 0.268444
vt 0.754246 0.268444
vt 0.754246 0.188989
vt 0.868890 0.188989
vt 0.985288 0.157171
vt 0.985288 0.037171
vt 0.868890 0.037171
vt 0.868890 0.157171
vt 0.985288 0.192350
vt 0.879393 0.192350
vt 0.879393 0.351726
vt 0.985288 0.351726
vt 0.985288 0.033721
vt 0.879393 0.033721
vt 0.075012 0.765381
vt 0.147461 0.765381
vt 0.868767 0.146120
vt 0.985288 0.146120
vt 0.985288 0.031351
vt 0.868767 0.031351
vt 0.868890 0.195845
vt 0.868890 0.274285
vt 0.985288 0.274285
vt 0.985288 0.195845
vt 0.985288 0.033721
vt 0.879393 0.033721
vt 0.879393 0.192350
vt 0.985288 0.192350
vt 0.754246 0.033721
vt 0.754246 0.192350
vt 0.985288 0.267313
vt 0.985288 0.343256
vt 0.868890 0.343256
vt 0.868890 0.267313
vt 0.879393 0.351726
vt 0.879393 0.192350
vt 0.985288 0.192350
vt 0.985288 0.351726
vt 0.754246 0.351726
vt 0.754246 0.192350
vt 0.985288 0.142183
vt 0.985288 0.029965
vt 0.868767 0.029965
vt 0.605512 0.248897
vt 0.499535 0.248897
vt 0.636719 0.639160
vt 0.636719 0.510010
vt 0.515137 0.510010
vt 0.515137 0.639160
vt 0.754246 0.351726
vt 0.754246 0.192350
vt 0.868767 0.351787
vt 0.985288 0.351787
vt 0.985288 0.247802
vt 0.868767 0.247802
vt 0.754246 0.033721
vt 0.619629 0.988670
vt 0.619629 0.921631
vt 0.495117 0.921631
vt 0.495117 0.988670
vt 0.746094 0.988670
vt 0.746094 0.921631
vt 0.619629 0.838989
vt 0.495117 0.838989
vt 0.985288 0.029965
vt 0.868767 0.029965
vt 0.754246 0.142183
vt 0.868767 0.142183
vt 0.868890 0.140207
vt 0.754246 0.140207
vt 0.754246 0.031402
vt 0.868890 0.031402
vt 0.746094 0.838989
vt 0.746094 0.767334
vt 0.619629 0.767334
vt 0.247437 0.921631
vt 0.247437 0.988670
vt 0.626465 0.762939
vt 0.742676 0.844727
vt 0.742676 0.763428
vt 0.495117 0.767334
vt 0.619629 0.767334
vt 0.619629 0.838989
vt 0.495117 0.838989
vt 0.625977 0.767334
vt 0.752441 0.767334
vt 0.752441 0.838989
vt 0.625977 0.838989
vt 0.864257 0.131814
vt 0.864257 0.033586
vt 0.754246 0.033382
vt 0.754246 0.131343
vt 0.746094 0.838989
vt 0.746094 0.921631
vt 0.619629 0.921631
vt 0.749023 0.885803
vt 0.866699 0.885803
vt 0.866699 0.774658
vt 0.749023 0.774658
vt 0.754246 0.284751
vt 0.754246 0.343256
vt 0.868890 0.343256
vt 0.868890 0.284751
vt 0.515137 0.385254
vt 0.636719 0.385254
vt 0.636719 0.510010
vt 0.515137 0.510010
vt 0.866699 0.994278
vt 0.985840 0.994278
vt 0.985840 0.885803
vt 0.509277 0.885803
vt 0.626953 0.885803
vt 0.626953 0.761841
vt 0.509277 0.761841
vt 0.866699 0.774658
vt 0.985840 0.774658
vt 0.985840 0.885803
vt 0.866699 0.885803
vt 0.866699 0.994278
vt 0.749023 0.994278
vt 0.749023 0.885803
vt 0.988770 0.622314
vt 0.868652 0.622314
vt 0.868652 0.509521
vt 0.988770 0.509521
vt 0.985288 0.244848
vt 0.509277 0.994278
vt 0.626953 0.994278
vt 0.746094 0.885803
vt 0.746094 0.761841
vt 0.607228 0.252079
vt 0.607228 0.351979
vt 0.499535 0.351979
vt 0.499535 0.252079
vt 0.626953 0.761841
vt 0.626953 0.885803
vt 0.509277 0.885803
vt 0.509277 0.761841
vt 0.868767 0.137039
vt 0.754246 0.137039
vt 0.868767 0.199750
vt 0.754246 0.199750
vt 0.754246 0.351726
vt 0.868767 0.351726
vt 0.746094 0.885803
vt 0.746094 0.994278
vt 0.626953 0.994278
vt 0.625977 0.988670
vt 0.625977 0.921631
vt 0.501465 0.921631
vt 0.501465 0.988670
vt 0.752441 0.988670
vt 0.752441 0.921631
vt 0.625977 0.838989
vt 0.501465 0.838989
vt 0.752441 0.838989
vt 0.868767 0.200181
vt 0.754246 0.200181
vt 0.754246 0.275519
vt 0.868767 0.275519
vt 0.752441 0.767334
vt 0.625977 0.767334
vt 0.985288 0.029965
vt 0.864380 0.148310
vt 0.754246 0.148310
vt 0.864380 0.029965
vt 0.754246 0.031467
vt 0.864257 0.031534
vt 0.864257 0.164895
vt 0.754246 0.164447
vt 0.501465 0.767334
vt 0.501465 0.838989
vt 0.985288 0.143163
vt 0.985288 0.244106
vt 0.868890 0.244106
vt 0.868890 0.143163
vt 0.754246 0.031250
vt 0.868890 0.031250
vt 0.868890 0.129437
vt 0.754246 0.129437
vt 0.625977 0.988670
vt 0.625977 0.921631
vt 0.501465 0.921631
vt 0.501465 0.988670
vt 0.625977 0.988670
vt 0.752441 0.988670
vt 0.752441 0.921631
vt 0.625977 0.921631
vt 0.754246 0.255246
vt 0.868767 0.255246
vt 0.754246 0.146120
vt 0.870620 0.236679
vt 0.754246 0.236679
vt 0.754246 0.343256
vt 0.870620 0.343256
vt 0.625977 0.838989
vt 0.625977 0.767334
vt 0.501465 0.767334
vt 0.501465 0.838989
vt 0.752441 0.838989
vt 0.752441 0.767334
vt 0.866699 0.846191
vt 0.866699 0.927490
vt 0.985840 0.927490
vt 0.985840 0.846191
vt 0.501465 0.921631
vt 0.501465 0.838989
vt 0.625977 0.838989
vt 0.625977 0.921631
vt 0.501465 0.767334
vt 0.625977 0.767334
vt 0.625977 0.838989
vt 0.501465 0.838989
vt 0.754246 0.252131
vt 0.868890 0.252131
vt 0.752441 0.921631
vt 0.752441 0.988670
vt 0.625977 0.988670
vt 0.752441 0.838989
vt 0.501465 0.921631
vt 0.501465 0.988670
vt 0.625977 0.988670
vt 0.752441 0.988670
vt 0.752441 0.921631
vt 0.625977 0.921631
vt 0.868767 0.343256
vt 0.985288 0.343256
vt 0.985288 0.244848
vt 0.868767 0.244848
vt 0.625977 0.838989
vt 0.625977 0.767334
vt 0.501465 0.767334
vt 0.501465 0.838989
vt 0.752441 0.838989
vt 0.752441 0.767334
vt 0.501465 0.921631
vt 0.625977 0.921631
vt 0.625977 0.988670
vt 0.501465 0.988670
vt 0.985288 0.244848
vt 0.985288 0.343256
vt 0.869755 0.343256
vt 0.869755 0.244848
vt 0.625977 0.767334
vt 0.752441 0.767334
vt 0.752441 0.988670
vt 0.752441 0.921631
vt 0.752441 0.838989
vt 0.752441 0.921631
vt 0.370361 0.988670
vt 0.370361 0.921631
vt 0.245850 0.921631
vt 0.245850 0.988670
vt 0.868890 0.182524
vt 0.868890 0.278479
vt 0.754246 0.278479
vt 0.754246 0.182524
vt 0.370361 0.838989
vt 0.245850 0.838989
vt 0.749023 0.846191
vt 0.749023 0.774658
vt 0.866699 0.774658
vt 0.866699 0.846191
vt 0.870620 0.200181
vt 0.754246 0.200181
vt 0.754246 0.275519
vt 0.870620 0.275519
vt 0.496826 0.838989
vt 0.496826 0.767334
vt 0.370361 0.767334
vt 0.985288 0.223485
vt 0.869755 0.223485
vt 0.869755 0.091029
vt 0.985288 0.091029
vt 0.122681 0.907898
vt 0.239136 0.907898
vt 0.239136 0.985077
vt 0.122681 0.985077
vt 0.245850 0.767334
vt 0.370361 0.767334
vt 0.370361 0.838989
vt 0.245850 0.838989
vt 0.754246 0.035921
vt 0.868890 0.035921
vt 0.496826 0.921631
vt 0.496826 0.988670
vt 0.370361 0.988670
vt 0.370361 0.921631
vt 0.496826 0.838989
vt 0.501465 0.988670
vt 0.868890 0.037171
vt 0.985288 0.037171
vt 0.985288 0.157171
vt 0.868890 0.157171
vt 0.754246 0.137250
vt 0.868767 0.137250
vt 0.868767 0.031617
vt 0.754246 0.031617
vt 0.752441 0.988670
vt 0.754246 0.036744
vt 0.754246 0.168300
vt 0.868890 0.168300
vt 0.868890 0.036744
vt 0.869755 0.244848
vt 0.869755 0.343256
vt 0.754246 0.343256
vt 0.754246 0.244848
vt 0.501465 0.921631
vt 0.625977 0.921631
vt 0.625977 0.988670
vt 0.501465 0.988670
vt 0.501465 0.838989
vt 0.625977 0.838989
vt 0.501465 0.767334
vt 0.625977 0.767334
vt 0.752441 0.767334
vt 0.752441 0.838989
vt 0.752441 0.921631
vt 0.752441 0.988670
vt 0.487549 0.859253
vt 0.487549 0.762939
vt 0.371338 0.760986
vt 0.371338 0.858643
vt 0.746094 0.988670
vt 0.619629 0.988670
vt 0.372070 0.838989
vt 0.247437 0.838989
vt 0.498535 0.838989
vt 0.868767 0.351787
vt 0.985288 0.351787
vt 0.985288 0.242417
vt 0.868767 0.242417
vt 0.864257 0.033586
vt 0.985288 0.033825
vt 0.985288 0.132286
vt 0.864257 0.131814
vt 0.247437 0.921631
vt 0.372070 0.921631
vt 0.372070 0.988670
vt 0.247437 0.988670
vt 0.487549 0.925964
vt 0.371338 0.925964
vt 0.247437 0.767334
vt 0.372070 0.767334
vt 0.372070 0.838989
vt 0.247437 0.838989
vt 0.498535 0.767334
vt 0.498535 0.838989
vt 0.498535 0.921631
vt 0.498535 0.988670
vt 0.868767 0.351787
vt 0.985288 0.351787
vt 0.985288 0.249280
vt 0.868767 0.249280
vt 0.158691 0.909912
vt 0.158691 0.989510
vt 0.009048 0.989510
vt 0.009048 0.909912
vt 0.749023 0.885803
vt 0.749023 0.994278
vt 0.866699 0.994278
vt 0.866699 0.885803
vt 0.868890 0.351787
vt 0.754246 0.351787
vt 0.754246 0.238299
vt 0.868890 0.238299
vt 0.985840 0.994278
vt 0.985840 0.885803
vt 0.866699 0.774658
vt 0.866699 0.885803
vt 0.749023 0.885803
vt 0.749023 0.774658
vt 0.985840 0.774658
vt 0.985840 0.885803
vt 0.868890 0.351726
vt 0.985288 0.351726
vt 0.985288 0.258887
vt 0.868890 0.258887
vt 0.868767 0.343256
vt 0.985288 0.343256
vt 0.985288 0.244848
vt 0.868767 0.244848
vt 0.868890 0.343256
vt 0.868890 0.246340
vt 0.754246 0.246340
vt 0.754246 0.343256
vt 0.511230 0.987801
vt 0.511230 0.872437
vt 0.628418 0.872437
vt 0.628418 0.987801
vt 0.754246 0.033382
vt 0.868890 0.033382
vt 0.868890 0.155536
vt 0.754246 0.155536
vt 0.985288 0.154437
vt 0.868890 0.154437
vt 0.985288 0.246340
vt 0.868890 0.033382
vt 0.868890 0.141083
vt 0.985288 0.141083
vt 0.985288 0.033382
vt 0.985288 0.033382
vt 0.868890 0.033382
vt 0.868767 0.031643
vt 0.868767 0.134294
vt 0.985288 0.134294
vt 0.985288 0.031643
vt 0.754246 0.246340
vt 0.754246 0.154437
vt 0.868890 0.154437
vt 0.868890 0.246340
vt 0.754246 0.033382
vt 0.868890 0.033382
vt 0.868890 0.351726
vt 0.868890 0.262041
vt 0.754246 0.262041
vt 0.754246 0.351726
vt 0.985288 0.246340
vt 0.985288 0.343256
vt 0.868890 0.343256
vt 0.985288 0.168300
vt 0.985288 0.036744
vt 0.868890 0.343256
vt 0.868890 0.263229
vt 0.754246 0.263229
vt 0.754246 0.343256
vt 0.985288 0.343256
vt 0.985288 0.263229
vt 0.501465 0.921631
vt 0.625977 0.921631
vt 0.864257 0.131814
vt 0.864257 0.033586
vt 0.754246 0.033382
vt 0.754246 0.131343
vt 0.514648 0.401367
vt 0.514648 0.516113
vt 0.635742 0.515381
vt 0.635742 0.399414
vt 0.754246 0.254038
vt 0.754246 0.131343
vt 0.864257 0.131814
vt 0.864257 0.254038
vt 0.754246 0.132605
vt 0.754246 0.237665
vt 0.868890 0.237665
vt 0.868890 0.132605
vt 0.754246 0.263229
vt 0.754246 0.151452
vt 0.868890 0.151452
vt 0.868890 0.263229
vt 0.754246 0.033382
vt 0.868890 0.033382
vt 0.985288 0.033382
vt 0.985288 0.151452
vt 0.985288 0.351787
vt 0.868767 0.351787
vt 0.985288 0.263229
vt 0.985288 0.343256
vt 0.868890 0.343256
vt 0.868890 0.288011
vt 0.985288 0.288011
vt 0.249756 0.902344
vt 0.249756 0.769897
vt 0.116089 0.769897
vt 0.116089 0.902344
vt 0.748535 0.872437
vt 0.748535 0.987801
vt 0.868890 0.278153
vt 0.754246 0.278153
vt 0.754246 0.343256
vt 0.868890 0.343256
vt 0.985288 0.278153
vt 0.985288 0.155536
vt 0.868890 0.155536
vt 0.985288 0.343256
vt 0.985288 0.155536
vt 0.868890 0.155536
vt 0.868890 0.033382
vt 0.985288 0.033382
vt 0.985288 0.237635
vt 0.868890 0.237635
vt 0.868890 0.152044
vt 0.985288 0.152044
vt 0.985288 0.029965
vt 0.868767 0.029965
vt 0.879393 0.033721
vt 0.985288 0.033721
vt 0.754246 0.155536
vt 0.754246 0.033382
vt 0.868890 0.278153
vt 0.754246 0.278153
vt 0.868890 0.343256
vt 0.868890 0.244377
vt 0.754246 0.244377
vt 0.754246 0.343256
vt 0.985288 0.132600
vt 0.985288 0.244377
vt 0.868890 0.343256
vt 0.985288 0.244377
vt 0.985288 0.343256
vt 0.498535 0.767334
vt 0.372070 0.767334
vt 0.985288 0.132600
vt 0.868890 0.244377
vt 0.868890 0.132600
vt 0.754246 0.132600
vt 0.754246 0.033382
vt 0.868890 0.033382
vt 0.985288 0.033382
vt 0.754246 0.129513
vt 0.754246 0.036021
vt 0.754246 0.244377
vt 0.868890 0.132600
vt 0.754246 0.033382
vt 0.754246 0.132600
vt 0.868890 0.033382
vt 0.985288 0.033382
vt 0.868890 0.132600
vt 0.754246 0.132600
vt 0.754246 0.244377
vt 0.868890 0.244377
vt 0.985288 0.343256
vt 0.868890 0.033382
vt 0.868890 0.155536
vt 0.985288 0.155536
vt 0.985288 0.033382
vt 0.754246 0.033382
vt 0.754246 0.155536
vt 0.754246 0.278153
vt 0.868890 0.278153
vt 0.868890 0.351787
vt 0.868890 0.253398
vt 0.754246 0.253398
vt 0.754246 0.351787
vt 0.985288 0.278153
vt 0.985288 0.132600
vt 0.985288 0.244377
vt 0.868890 0.244377
vt 0.868890 0.132600
vt 0.148682 0.932678
vt 0.148682 0.989510
vt 0.029785 0.989510
vt 0.029785 0.932678
vt 0.868890 0.343256
vt 0.868890 0.278153
vt 0.985288 0.278153
vt 0.985288 0.343256
vt 0.754246 0.343256
vt 0.754246 0.278153
vt 0.985288 0.262041
vt 0.985288 0.103534
vt 0.985288 0.031456
vt 0.868890 0.343256
vt 0.754246 0.343256
vt 0.985288 0.343256
vt 0.985288 0.244377
vt 0.868890 0.033382
vt 0.985288 0.033382
vt 0.985288 0.132600
vt 0.985288 0.286519
vt 0.985288 0.204316
vt 0.868767 0.204316
vt 0.868767 0.286519
vt 0.985288 0.033382
vt 0.868890 0.033382
vt 0.148682 0.875793
vt 0.029785 0.875793
vt 0.754246 0.244377
vt 0.754246 0.132600
vt 0.754246 0.033382
vt 0.868890 0.033382
vt 0.754246 0.033382
vt 0.754246 0.154437
vt 0.879393 0.351726
vt 0.985288 0.351726
vt 0.754246 0.249954
vt 0.864380 0.249954
vt 0.864380 0.148310
vt 0.754246 0.148310
vt 0.868890 0.343256
vt 0.868890 0.244377
vt 0.754246 0.244377
vt 0.754246 0.343256
vt 0.985288 0.343256
vt 0.985288 0.244377
vt 0.868890 0.140298
vt 0.754246 0.140298
vt 0.754246 0.148153
vt 0.754246 0.238878
vt 0.868767 0.238878
vt 0.868767 0.148153
vt 0.754246 0.033382
vt 0.754246 0.141083
vt 0.868890 0.033382
vt 0.754246 0.033382
vt 0.107849 0.202637
vt 0.176392 0.202637
vt 0.176392 0.278320
vt 0.107849 0.278320
vt 0.487549 0.875671
vt 0.487549 0.769409
vt 0.371338 0.768921
vt 0.371338 0.875671
vt 0.985288 0.033382
vt 0.868890 0.033382
vt 0.985288 0.033382
vt 0.985288 0.140298
vt 0.868890 0.140298
vt 0.754246 0.262041
vt 0.754246 0.157171
vt 0.868890 0.262041
vt 0.985288 0.244377
vt 0.868890 0.244377
vt 0.868890 0.343256
vt 0.868890 0.267313
vt 0.754246 0.267313
vt 0.754246 0.343256
vt 0.985288 0.343256
vt 0.985288 0.267313
vt 0.755859 0.639160
vt 0.755859 0.510010
vt 0.985288 0.155536
vt 0.868890 0.155536
vt 0.868890 0.033382
vt 0.754246 0.033382
vt 0.754246 0.155536
vt 0.985288 0.129437
vt 0.985288 0.031250
vt 0.868890 0.031250
vt 0.754246 0.031326
vt 0.754246 0.102829
vt 0.868767 0.102829
vt 0.868767 0.031326
vt 0.754246 0.267313
vt 0.754246 0.343256
vt 0.868767 0.343256
vt 0.868767 0.244848
vt 0.754246 0.244848
vt 0.985288 0.033382
vt 0.985288 0.155536
vt 0.754246 0.349050
vt 0.868767 0.349050
vt 0.868767 0.228891
vt 0.754246 0.228891
vt 0.868890 0.263800
vt 0.754246 0.263800
vt 0.754246 0.179855
vt 0.868890 0.179855
vt 0.869755 0.142183
vt 0.869755 0.244848
vt 0.985288 0.244848
vt 0.985288 0.142183
vt 0.255615 0.762939
vt 0.255615 0.859253
vt 0.985288 0.132286
vt 0.864257 0.254038
vt 0.985288 0.254038
vt 0.985288 0.033825
vt 0.067749 0.902344
vt 0.067749 0.769897
vt 0.116150 0.769897
vt 0.116150 0.902344
vt 0.870620 0.031642
vt 0.985288 0.031642
vt 0.985288 0.136973
vt 0.870620 0.136973
vt 0.754246 0.254038
vt 0.864257 0.254038
vt 0.864257 0.343256
vt 0.754246 0.343256
vt 0.754246 0.131343
vt 0.754246 0.033382
vt 0.985288 0.254038
vt 0.985288 0.343256
vt 0.868890 0.214449
vt 0.985288 0.214449
vt 0.371338 0.907898
vt 0.255371 0.907898
vt 0.371338 0.769897
vt 0.496094 0.769897
vt 0.625977 0.838989
vt 0.501465 0.838989
vt 0.985288 0.132286
vt 0.864257 0.254038
vt 0.985288 0.254038
vt 0.985288 0.033825
vt 0.754246 0.254038
vt 0.985288 0.343256
vt 0.864257 0.343256
vt 0.864257 0.343256
vt 0.754246 0.343256
vt 0.985288 0.242417
vt 0.985288 0.351787
vt 0.868767 0.351787
vt 0.868767 0.242417
vt 0.754246 0.033382
vt 0.864257 0.033586
vt 0.868767 0.035113
vt 0.868767 0.120522
vt 0.985288 0.120522
vt 0.985288 0.035113
vt 0.985288 0.254038
vt 0.985288 0.343256
vt 0.985288 0.268444
vt 0.868890 0.268444
vt 0.868890 0.188989
vt 0.985288 0.188989
vt 0.868890 0.033382
vt 0.868890 0.117990
vt 0.985288 0.117990
vt 0.985288 0.033382
vt 0.754246 0.033382
vt 0.754246 0.117990
vt 0.754246 0.214449
vt 0.868890 0.214449
vt 0.754246 0.029965
vt 0.870620 0.145272
vt 0.985288 0.145272
vt 0.868890 0.288011
vt 0.985288 0.288011
vt 0.985288 0.214449
vt 0.868890 0.343256
vt 0.985288 0.343256
vt 0.754246 0.288011
vt 0.754246 0.343256
vt 0.868767 0.119089
vt 0.754246 0.119089
vt 0.754246 0.200181
vt 0.868767 0.200181
vt 0.985288 0.117990
vt 0.868890 0.117990
vt 0.745605 0.885803
vt 0.626465 0.885803
vt 0.626465 0.774658
vt 0.745605 0.774658
vt 0.868890 0.209029
vt 0.985288 0.209029
vt 0.985288 0.124745
vt 0.868890 0.124745
vt 0.625977 0.988670
vt 0.501465 0.988670
vt 0.985288 0.116766
vt 0.985288 0.031643
vt 0.870620 0.031643
vt 0.870620 0.116766
vt 0.754246 0.288011
vt 0.754246 0.214449
vt 0.754246 0.147210
vt 0.754246 0.029965
vt 0.754246 0.142183
vt 0.868767 0.142183
vt 0.868767 0.029965
vt 0.754246 0.029965
vt 0.985288 0.244848
vt 0.869755 0.244848
vt 0.869755 0.142183
vt 0.985288 0.142183
vt 0.496826 0.767334
vt 0.754246 0.234793
vt 0.754246 0.343256
vt 0.868890 0.343256
vt 0.868890 0.234793
vt 0.985288 0.234793
vt 0.985288 0.343256
vt 0.985288 0.141083
vt 0.868890 0.141083
vt 0.868890 0.033382
vt 0.985288 0.033382
vt 0.754246 0.254038
vt 0.868767 0.351787
vt 0.985288 0.351787
vt 0.985288 0.242417
vt 0.868767 0.242417
vt 0.754246 0.141083
vt 0.754246 0.033382
vt 0.868890 0.234793
vt 0.754246 0.234793
vt 0.870620 0.343256
vt 0.870620 0.259458
vt 0.754246 0.259458
vt 0.754246 0.343256
vt 0.868890 0.033382
vt 0.985288 0.033382
vt 0.868890 0.032996
vt 0.868890 0.097730
vt 0.985288 0.097730
vt 0.985288 0.032996
vt 0.754246 0.124745
vt 0.754246 0.209029
vt 0.009300 0.763550
vt 0.009300 0.823486
vt 0.134888 0.823730
vt 0.134888 0.763916
vt 0.627930 0.819702
vt 0.512207 0.820435
vt 0.512207 0.765137
vt 0.627930 0.763550
vt 0.985288 0.343256
vt 0.985288 0.284751
vt 0.635254 0.735107
vt 0.635254 0.633789
vt 0.754395 0.633789
vt 0.754395 0.735107
vt 0.868890 0.351787
vt 0.985288 0.351787
vt 0.985288 0.268444
vt 0.868890 0.268444
vt 0.985288 0.124745
vt 0.985288 0.209029
vt 0.868890 0.209029
vt 0.868890 0.124745
vt 0.985288 0.284751
vt 0.868890 0.284751
vt 0.754246 0.351787
vt 0.754246 0.242417
vt 0.868767 0.242417
vt 0.868767 0.351787
vt 0.754246 0.124745
vt 0.754246 0.033382
vt 0.868890 0.033382
vt 0.866699 0.994278
vt 0.866699 0.885803
vt 0.749023 0.885803
vt 0.749023 0.994278
vt 0.868767 0.343256
vt 0.868767 0.286519
vt 0.985288 0.286519
vt 0.985288 0.343256
vt 0.868890 0.343256
vt 0.754246 0.343256
vt 0.754246 0.284751
vt 0.633301 0.575684
vt 0.636230 0.640625
vt 0.757324 0.640625
vt 0.754395 0.575684
vt 0.116150 0.985077
vt 0.067749 0.985077
vt 0.868890 0.164387
vt 0.985288 0.164387
vt 0.985288 0.255615
vt 0.868890 0.255615
vt 0.869508 0.244848
vt 0.985288 0.142183
vt 0.985288 0.244848
vt 0.869508 0.343256
vt 0.754246 0.147210
vt 0.868767 0.147210
vt 0.868767 0.033382
vt 0.754246 0.033382
vt 0.985288 0.275519
vt 0.868767 0.351787
vt 0.985288 0.351787
vt 0.754246 0.278153
vt 0.868890 0.278153
vt 0.868890 0.343256
vt 0.754246 0.343256
vt 0.868890 0.354273
vt 0.985288 0.354273
vt 0.870620 0.123174
vt 0.754246 0.123174
vt 0.868890 0.351726
vt 0.754246 0.351726
vt 0.985288 0.278153
vt 0.985288 0.343256
vt 0.985288 0.343256
vt 0.870620 0.343256
vt 0.870620 0.236679
vt 0.985288 0.236679
vt 0.868767 0.343256
vt 0.985288 0.343256
vt 0.985288 0.244848
vt 0.868767 0.244848
vt 0.742676 0.932678
vt 0.626465 0.932678
vt 0.626465 0.875793
vt 0.742676 0.875793
vt 0.754246 0.262648
vt 0.868890 0.262648
vt 0.868890 0.351726
vt 0.754246 0.351726
vt 0.868890 0.188989
vt 0.868890 0.268444
vt 0.985288 0.268444
vt 0.985288 0.188989
vt 0.868767 0.142183
vt 0.754246 0.142183
vt 0.868767 0.244848
vt 0.985288 0.244848
vt 0.868890 0.256789
vt 0.985288 0.256789
vt 0.985288 0.168300
vt 0.868890 0.168300
vt 0.510742 0.932678
vt 0.510742 0.875793
vt 0.635254 0.521240
vt 0.754395 0.521240
vt 0.499535 0.351979
vt 0.607228 0.351979
vt 0.754246 0.164387
vt 0.754246 0.031643
vt 0.868890 0.031643
vt 0.754246 0.134294
vt 0.754246 0.253715
vt 0.868767 0.253715
vt 0.754246 0.032139
vt 0.754246 0.147531
vt 0.868767 0.147531
vt 0.868767 0.032139
vt 0.985840 0.994278
vt 0.985840 0.885803
vt 0.985288 0.162994
vt 0.985288 0.264286
vt 0.255615 0.769409
vt 0.255615 0.875671
vt 0.985288 0.157312
vt 0.868890 0.157312
vt 0.868890 0.031643
vt 0.985288 0.031643
vt 0.754246 0.033721
vt 0.985288 0.102829
vt 0.985288 0.031326
vt 0.626953 0.836792
vt 0.505371 0.837524
vt 0.505371 0.909912
vt 0.626953 0.909912
vt 0.985288 0.351787
vt 0.868767 0.351787
vt 0.868767 0.253715
vt 0.985288 0.253715
vt 0.868890 0.031389
vt 0.868890 0.144219
vt 0.985288 0.144219
vt 0.985288 0.031389
vt 0.985840 0.927490
vt 0.985840 0.994278
vt 0.866699 0.994278
vt 0.866699 0.927490
vt 0.754246 0.343256
vt 0.868767 0.343256
vt 0.868767 0.247126
vt 0.754246 0.247126
vt 0.868767 0.247126
vt 0.985288 0.247126
vt 0.985288 0.343256
vt 0.985288 0.278153
vt 0.868890 0.278153
vt 0.868890 0.343256
vt 0.749023 0.994278
vt 0.749023 0.927490
vt 0.626465 0.819702
vt 0.742676 0.820435
vt 0.246338 0.354004
vt 0.246338 0.278320
vt 0.754246 0.262056
vt 0.754246 0.197858
vt 0.868767 0.197858
vt 0.868767 0.262056
vt 0.985288 0.249365
vt 0.985288 0.351726
vt 0.605512 0.073277
vt 0.499535 0.073277
vt 0.499535 0.155426
vt 0.605512 0.155426
vt 0.868767 0.355315
vt 0.985288 0.355315
vt 0.985288 0.232988
vt 0.985288 0.351726
vt 0.985288 0.343256
vt 0.985288 0.244848
vt 0.868890 0.342142
vt 0.985288 0.342142
vt 0.985288 0.256789
vt 0.868890 0.256789
vt 0.627930 0.932678
vt 0.512207 0.932678
vt 0.512207 0.875793
vt 0.627930 0.875793
vt 0.868767 0.101369
vt 0.754246 0.101369
vt 0.754246 0.036771
vt 0.868767 0.036771
vt 0.713341 0.202616
vt 0.607228 0.202616
vt 0.713341 0.142864
vt 0.866699 0.994278
vt 0.985840 0.994278
vt 0.868890 0.351787
vt 0.985288 0.351787
vt 0.985288 0.263800
vt 0.985288 0.351726
vt 0.868890 0.351726
vt 0.873047 0.531982
vt 0.988770 0.531982
vt 0.988770 0.629639
vt 0.873047 0.629639
vt 0.607228 0.156914
vt 0.499535 0.156914
vt 0.985840 0.923950
vt 0.985840 0.994278
vt 0.866699 0.994278
vt 0.866699 0.923950
vt 0.754246 0.343256
vt 0.868767 0.343256
vt 0.754246 0.247126
vt 0.868767 0.342169
vt 0.985288 0.342169
vt 0.985288 0.230850
vt 0.868767 0.230850
vt 0.499535 0.248897
vt 0.499535 0.351979
vt 0.605512 0.351979
vt 0.605512 0.248897
vt 0.627930 0.875793
vt 0.627930 0.932678
vt 0.512207 0.932678
vt 0.512207 0.875793
vt 0.137329 0.820435
vt 0.009575 0.819702
vt 0.009575 0.763550
vt 0.137329 0.765137
vt 0.868767 0.351787
vt 0.868767 0.275519
vt 0.985288 0.275519
vt 0.985288 0.351787
vt 0.985288 0.197858
vt 0.868767 0.111065
vt 0.985288 0.111065
vt 0.869755 0.244848
vt 0.869755 0.029965
vt 0.985288 0.029965
vt 0.985288 0.244848
vt 0.748047 0.837524
vt 0.748047 0.909912
vt 0.868890 0.243578
vt 0.754246 0.243578
vt 0.744141 0.932678
vt 0.744141 0.875793
vt 0.985288 0.238342
vt 0.985288 0.342142
vt 0.868890 0.342142
vt 0.868890 0.238342
vt 0.754246 0.351787
vt 0.868890 0.351787
vt 0.985288 0.177550
vt 0.868890 0.270594
vt 0.985288 0.270594
vt 0.864257 0.343256
vt 0.754246 0.343256
vt 0.005398 0.836792
vt 0.140015 0.837524
vt 0.140015 0.765137
vt 0.005398 0.763550
vt 0.126709 0.985077
vt 0.014389 0.871338
vt 0.014389 0.985077
vt 0.126709 0.871338
vt 0.014389 0.769897
vt 0.126709 0.769897
vt 0.126709 0.985077
vt 0.014389 0.871338
vt 0.014389 0.985077
vt 0.126709 0.871338
vt 0.014389 0.769897
vt 0.126709 0.769897
vt 0.484375 0.985077
vt 0.484375 0.868164
vt 0.366943 0.769897
vt 0.366943 0.868164
vt 0.868767 0.343256
vt 0.985288 0.343256
vt 0.985288 0.238878
vt 0.754246 0.343256
vt 0.985288 0.151452
vt 0.868890 0.151452
vt 0.126709 0.868164
vt 0.126709 0.985077
vt 0.014389 0.985077
vt 0.014389 0.868164
vt 0.014389 0.769897
vt 0.126709 0.769897
vt 0.249756 0.985077
vt 0.116089 0.985077
vt 0.116089 0.868164
vt 0.249756 0.868164
vt 0.249756 0.769897
vt 0.116089 0.769897
vt 0.754246 0.137039
vt 0.754246 0.031516
vt 0.868767 0.031516
vt 0.868767 0.137039
vt 0.988770 0.412598
vt 0.869141 0.412598
vt 0.869141 0.504639
vt 0.988770 0.504639
vt 0.868767 0.244848
vt 0.985288 0.244848
vt 0.985288 0.142183
vt 0.754246 0.185072
vt 0.754246 0.258887
vt 0.868890 0.185072
vt 0.754246 0.033382
vt 0.122681 0.769897
vt 0.014389 0.907898
vt 0.122681 0.907898
vt 0.014389 0.769897
vt 0.869755 0.029965
vt 0.869755 0.142183
vt 0.754246 0.142183
vt 0.754246 0.029965
vt 0.249756 0.907898
vt 0.116089 0.769897
vt 0.116089 0.907898
vt 0.249756 0.769897
vt 0.985288 0.140298
vt 0.985288 0.236679
vt 0.985288 0.123174
vt 0.868767 0.200181
vt 0.985288 0.200181
vt 0.267090 0.902344
vt 0.371826 0.902344
vt 0.371826 0.985077
vt 0.267090 0.985077
vt 0.014389 0.868164
vt 0.126709 0.985077
vt 0.014389 0.985077
vt 0.126709 0.868164
vt 0.126709 0.769897
vt 0.014389 0.769897
vt 0.014389 0.985077
vt 0.126709 0.868164
vt 0.126709 0.985077
vt 0.014389 0.868164
vt 0.014389 0.769897
vt 0.126709 0.769897
vt 0.126709 0.871338
vt 0.126709 0.985077
vt 0.014389 0.985077
vt 0.014389 0.871338
vt 0.754246 0.033382
vt 0.754246 0.124745
vt 0.868767 0.124745
vt 0.868767 0.033382
vt 0.126709 0.985077
vt 0.014389 0.985077
vt 0.014389 0.871338
vt 0.126709 0.871338
vt 0.014389 0.769897
vt 0.126709 0.769897
vt 0.985288 0.142183
vt 0.869755 0.033382
vt 0.985288 0.033382
vt 0.869755 0.142183
vt 0.754246 0.033382
vt 0.754246 0.142183
vt 0.754246 0.244848
vt 0.985288 0.029965
vt 0.985288 0.142183
vt 0.868767 0.142183
vt 0.868767 0.029965
vt 0.869755 0.142183
vt 0.869755 0.244848
vt 0.985288 0.244848
vt 0.985288 0.142183
vt 0.869755 0.343256
vt 0.985288 0.343256
vt 0.985288 0.033382
vt 0.869755 0.033382
vt 0.868890 0.033382
vt 0.985288 0.033382
vt 0.754246 0.343256
vt 0.754246 0.033382
vt 0.754246 0.142183
vt 0.754246 0.244848
vt 0.754246 0.343256
vt 0.744141 0.932678
vt 0.744141 0.875793
vt 0.512207 0.820435
vt 0.627930 0.819702
vt 0.754246 0.150135
vt 0.866699 0.994278
vt 0.985840 0.994278
vt 0.985840 0.923950
vt 0.866699 0.923950
vt 0.868890 0.351726
vt 0.868890 0.273141
vt 0.754246 0.273141
vt 0.754246 0.351726
vt 0.868767 0.343256
vt 0.985288 0.343256
vt 0.985288 0.343256
vt 0.985288 0.244848
vt 0.985288 0.142183
vt 0.869508 0.244848
vt 0.869508 0.343256
vt 0.754246 0.244848
vt 0.869508 0.142183
vt 0.869508 0.142183
vt 0.869508 0.033382
vt 0.985288 0.033382
vt 0.754246 0.244848
vt 0.754246 0.142183
vt 0.754246 0.033382
vt 0.754246 0.343256
vt 0.985288 0.343256
vt 0.501465 0.921631
vt 0.501465 0.988670
vt 0.754246 0.343256
vt 0.239136 0.769897
vt 0.122681 0.769897
vt 0.014389 0.871338
vt 0.122681 0.871338
vt 0.754246 0.142183
vt 0.754246 0.033382
vt 0.869508 0.033382
vt 0.985288 0.033382
vt 0.868767 0.033382
vt 0.754246 0.033382
vt 0.754246 0.142183
vt 0.868767 0.142183
vt 0.985288 0.033382
vt 0.985288 0.142183
vt 0.985288 0.244848
vt 0.868767 0.244848
vt 0.754246 0.142183
vt 0.868767 0.142183
vt 0.985288 0.343256
vt 0.868767 0.343256
vt 0.754246 0.244848
vt 0.868767 0.033382
vt 0.754246 0.033382
vt 0.868890 0.259837
vt 0.985288 0.259837
vt 0.985288 0.143799
vt 0.868890 0.143799
vt 0.754246 0.244848
vt 0.754246 0.343256
vt 0.868767 0.343256
vt 0.868767 0.244848
vt 0.754246 0.244848
vt 0.985288 0.033382
vt 0.985288 0.142183
vt 0.868767 0.033382
vt 0.754246 0.033382
vt 0.754246 0.142183
vt 0.868767 0.142183
vt 0.985288 0.033382
vt 0.985288 0.142183
vt 0.985288 0.244848
vt 0.985288 0.244848
vt 0.868767 0.244848
vt 0.754246 0.142183
vt 0.868767 0.142183
vt 0.985288 0.033382
vt 0.868767 0.343256
vt 0.754246 0.343256
vt 0.754246 0.244848
vt 0.868767 0.033382
vt 0.754246 0.033382
vt 0.754246 0.343256
vt 0.985288 0.343256
vt 0.985288 0.033382
vt 0.985288 0.142183
vt 0.067749 0.985077
vt 0.067749 0.902344
vt 0.022720 0.902344
vt 0.022720 0.985077
vt 0.754246 0.031643
vt 0.749023 0.847656
vt 0.866699 0.847656
vt 0.749023 0.923950
vt 0.626465 0.763550
vt 0.742676 0.765137
vt 0.868767 0.343256
vt 0.985288 0.343256
vt 0.985288 0.247126
vt 0.868767 0.247126
vt 0.755859 0.385254
vt 0.636719 0.385254
vt 0.868767 0.033382
vt 0.754246 0.033382
vt 0.985288 0.033382
vt 0.985288 0.148153
vt 0.868767 0.343256
vt 0.985288 0.343256
vt 0.985288 0.238878
vt 0.868767 0.238878
vt 0.868767 0.238878
vt 0.754246 0.238878
vt 0.754246 0.148153
vt 0.868767 0.148153
vt 0.754246 0.195845
vt 0.754246 0.274285
vt 0.868767 0.033382
vt 0.754246 0.033382
vt 0.754246 0.351787
vt 0.985288 0.262056
vt 0.868767 0.351787
vt 0.868767 0.238878
vt 0.868767 0.343256
vt 0.754246 0.343256
vt 0.754246 0.238878
vt 0.868890 0.105152
vt 0.754246 0.105152
vt 0.754246 0.031643
vt 0.868890 0.031643
vt 0.985288 0.033382
vt 0.985288 0.148153
vt 0.985288 0.238878
vt 0.985288 0.343256
vt 0.754246 0.286519
vt 0.754246 0.343256
vt 0.868767 0.343256
vt 0.754246 0.286519
vt 0.868767 0.286519
vt 0.868767 0.204316
vt 0.754246 0.204316
vt 0.868767 0.204316
vt 0.985288 0.204316
vt 0.985288 0.204316
vt 0.985288 0.124745
vt 0.985288 0.033382
vt 0.754246 0.029965
vt 0.754246 0.124745
vt 0.868767 0.124745
vt 0.868767 0.029965
vt 0.985288 0.286519
vt 0.868767 0.343256
vt 0.985288 0.343256
vt 0.866211 0.774658
vt 0.749023 0.840820
vt 0.749023 0.774658
vt 0.868767 0.124745
vt 0.985288 0.124745
vt 0.985288 0.033382
vt 0.868767 0.033382
vt 0.868767 0.035446
vt 0.754246 0.035446
vt 0.754246 0.286519
vt 0.754246 0.204316
vt 0.754246 0.124745
vt 0.754246 0.145272
vt 0.870620 0.145272
vt 0.870620 0.031924
vt 0.754246 0.031924
vt 0.870620 0.033382
vt 0.985288 0.033382
vt 0.985288 0.123174
vt 0.870620 0.123174
vt 0.754246 0.033382
vt 0.754246 0.123174
vt 0.067749 0.769897
vt 0.022720 0.769897
vt 0.870620 0.148938
vt 0.985288 0.148938
vt 0.985288 0.259458
vt 0.870620 0.259458
vt 0.868890 0.031339
vt 0.868890 0.106841
vt 0.985288 0.106841
vt 0.985288 0.031339
vt 0.985288 0.343256
vt 0.870620 0.033382
vt 0.985288 0.033382
vt 0.754246 0.105152
vt 0.754246 0.188989
vt 0.868890 0.105152
vt 0.754246 0.343256
vt 0.754246 0.236679
vt 0.754246 0.033382
vt 0.868767 0.033382
vt 0.868767 0.147210
vt 0.754246 0.147210
vt 0.754246 0.033382
vt 0.985288 0.033382
vt 0.985288 0.147210
vt 0.985288 0.247126
vt 0.868767 0.247126
vt 0.985288 0.343256
vt 0.868767 0.343256
vt 0.754246 0.247126
vt 0.754246 0.343256
vt 0.868767 0.147531
vt 0.868767 0.249256
vt 0.754246 0.249256
vt 0.754246 0.147531
vt 0.754246 0.278153
vt 0.754246 0.343256
vt 0.985288 0.101369
vt 0.751465 0.622314
vt 0.751465 0.509521
vt 0.754246 0.256196
vt 0.868767 0.256196
vt 0.868767 0.191945
vt 0.754246 0.191945
vt 0.626953 0.989510
vt 0.748047 0.989510
vt 0.742676 0.989510
vt 0.626465 0.989510
vt 0.985288 0.343256
vt 0.868890 0.343256
vt 0.122681 0.769897
vt 0.239136 0.769897
vt 0.754246 0.200181
vt 0.754246 0.119089
vt 0.868767 0.119089
vt 0.985288 0.234793
vt 0.985288 0.119089
vt 0.985288 0.119089
vt 0.985288 0.031643
vt 0.868767 0.031643
vt 0.754246 0.031643
vt 0.868767 0.031643
vt 0.116089 0.985077
vt 0.249756 0.985077
vt 0.985288 0.275519
vt 0.985288 0.200181
vt 0.868767 0.275519
vt 0.245850 0.921631
vt 0.985288 0.031643
vt 0.754246 0.275519
vt 0.754246 0.351787
vt 0.868767 0.351787
vt 0.754246 0.033382
vt 0.754246 0.140298
vt 0.014389 0.769897
vt 0.126709 0.769897
vt 0.870620 0.351787
vt 0.754246 0.351787
vt 0.754246 0.244377
vt 0.985288 0.275519
vt 0.985288 0.200181
vt 0.754246 0.032996
vt 0.754246 0.097730
vt 0.985288 0.249954
vt 0.985288 0.148310
vt 0.009293 0.871338
vt 0.130737 0.871338
vt 0.130737 0.985077
vt 0.009293 0.985077
vt 0.870620 0.119089
vt 0.754246 0.119089
vt 0.754246 0.031643
vt 0.870620 0.031643
vt 0.754246 0.143163
vt 0.754246 0.031731
vt 0.868890 0.031731
vt 0.754246 0.275519
vt 0.754246 0.200181
vt 0.870620 0.200181
vt 0.870620 0.275519
vt 0.870620 0.119089
vt 0.754246 0.031643
vt 0.754246 0.119089
vt 0.870620 0.031643
vt 0.985288 0.275519
vt 0.985288 0.351787
vt 0.870620 0.351787
vt 0.985288 0.119089
vt 0.985288 0.200181
vt 0.985288 0.031643
vt 0.985288 0.252131
vt 0.985288 0.351787
vt 0.868890 0.351787
vt 0.864257 0.164895
vt 0.754246 0.164447
vt 0.754246 0.264977
vt 0.864257 0.264977
vt 0.870620 0.031924
vt 0.985288 0.259371
vt 0.985288 0.145272
vt 0.870620 0.259371
vt 0.985288 0.354273
vt 0.870620 0.354273
vt 0.985288 0.031924
vt 0.754246 0.145272
vt 0.754246 0.031924
vt 0.985288 0.031924
vt 0.754246 0.259371
vt 0.985288 0.178157
vt 0.985288 0.036671
vt 0.868890 0.036671
vt 0.868890 0.178157
vt 0.985288 0.165344
vt 0.985288 0.031588
vt 0.864257 0.031534
vt 0.246338 0.278320
vt 0.246338 0.354004
vt 0.176392 0.354004
vt 0.869755 0.031258
vt 0.985288 0.031258
vt 0.754246 0.031258
vt 0.754246 0.091029
vt 0.985288 0.119089
vt 0.985288 0.262041
vt 0.868890 0.351726
vt 0.869755 0.091029
vt 0.869755 0.223485
vt 0.985288 0.223485
vt 0.985288 0.091029
vt 0.869755 0.350450
vt 0.985288 0.350450
vt 0.985288 0.031258
vt 0.869755 0.031258
vt 0.754246 0.031250
vt 0.754246 0.143799
vt 0.868890 0.031250
vt 0.126709 0.985077
vt 0.126709 0.902344
vt 0.014389 0.902344
vt 0.014389 0.985077
vt 0.754246 0.031258
vt 0.754246 0.091029
vt 0.754246 0.223485
vt 0.869755 0.350450
vt 0.754246 0.350450
vt 0.985288 0.235766
vt 0.985288 0.136973
vt 0.870620 0.136973
vt 0.870620 0.235766
vt 0.014389 0.902344
vt 0.126709 0.902344
vt 0.126709 0.985077
vt 0.014389 0.985077
vt 0.515137 0.639160
vt 0.636719 0.639160
vt 0.636719 0.742188
vt 0.515137 0.742188
vt 0.499535 0.202616
vt 0.754246 0.144219
vt 0.755859 0.396484
vt 0.635254 0.521240
vt 0.517578 0.521240
vt 0.517578 0.633789
vt 0.635254 0.633789
vt 0.009300 0.864746
vt 0.134888 0.864746
vt 0.868890 0.343256
vt 0.754246 0.343256
vt 0.868767 0.142183
vt 0.985288 0.142183
vt 0.985288 0.033382
vt 0.868767 0.033382
vt 0.985288 0.147210
vt 0.754246 0.343256
vt 0.754246 0.247126
vt 0.754246 0.256789
vt 0.754246 0.168300
vt 0.985288 0.137250
vt 0.985288 0.155729
vt 0.985288 0.031643
vt 0.868890 0.031643
vt 0.868890 0.155729
vt 0.868890 0.351726
vt 0.754246 0.270594
vt 0.754246 0.351726
vt 0.869141 0.610596
vt 0.751465 0.610596
vt 0.751465 0.734375
vt 0.869141 0.734375
vt 0.512207 0.989510
vt 0.627930 0.989510
vt 0.014389 0.907898
vt 0.122681 0.907898
vt 0.122681 0.985077
vt 0.014389 0.985077
vt 0.868767 0.343256
vt 0.985288 0.343256
vt 0.985288 0.137039
vt 0.754246 0.351726
vt 0.868767 0.031326
vt 0.754246 0.031326
vt 0.754246 0.114443
vt 0.868767 0.114443
vt 0.754246 0.152804
vt 0.868767 0.035113
vt 0.985288 0.035113
vt 0.754246 0.343256
vt 0.864380 0.343256
vt 0.003515 0.875061
vt 0.003515 0.982147
vt 0.075012 0.982147
vt 0.075012 0.875061
vt 0.754246 0.120522
vt 0.158691 0.837524
vt 0.009048 0.837036
vt 0.985840 0.774658
vt 0.754246 0.035113
vt 0.754246 0.259371
vt 0.754246 0.120522
vt 0.754246 0.035113
vt 0.754246 0.230850
vt 0.868767 0.249256
vt 0.868767 0.355315
vt 0.754246 0.355315
vt 0.754246 0.249256
vt 0.510742 0.989510
vt 0.371338 0.985077
vt 0.371338 0.907898
vt 0.255371 0.907898
vt 0.255371 0.985077
vt 0.985288 0.351787
vt 0.985840 0.847656
vt 0.985840 0.923950
vt 0.866699 0.923950
vt 0.754246 0.223485
vt 0.754246 0.350450
vt 0.109863 0.902344
vt 0.255859 0.902344
vt 0.255859 0.985077
vt 0.109863 0.985077
vt 0.985288 0.268814
vt 0.985288 0.351787
vt 0.868890 0.351787
vt 0.868890 0.268814
vt 0.881370 0.351726
vt 0.881370 0.257189
vt 0.754246 0.257189
vt 0.754246 0.351726
vt 0.868890 0.342142
vt 0.985288 0.342142
vt 0.985288 0.237635
vt 0.868890 0.237635
vt 0.754246 0.141896
vt 0.870620 0.141896
vt 0.870620 0.258730
vt 0.754246 0.258730
vt 0.749023 0.994278
vt 0.868890 0.114098
vt 0.754246 0.114098
vt 0.754246 0.031198
vt 0.868890 0.031198
vt 0.985288 0.256302
vt 0.868890 0.256302
vt 0.754246 0.248118
vt 0.868767 0.134294
vt 0.985288 0.134294
vt 0.510742 0.765137
vt 0.626465 0.763550
vt 0.754246 0.343256
vt 0.985288 0.033382
vt 0.868890 0.033382
vt 0.866699 0.994278
vt 0.866699 0.923950
vt 0.749023 0.923950
vt 0.749023 0.994278
vt 0.754246 0.249280
vt 0.868767 0.249280
vt 0.868767 0.134294
vt 0.754246 0.134294
vt 0.009575 0.875793
vt 0.137329 0.875793
vt 0.137329 0.932678
vt 0.622559 0.484375
vt 0.743652 0.484863
vt 0.726563 0.394531
vt 0.605469 0.393066
vt 0.009575 0.932678
vt 0.137329 0.989510
vt 0.009575 0.989510
vt 0.985840 0.994278
vt 0.868767 0.032139
vt 0.868767 0.147531
vt 0.985288 0.147531
vt 0.985288 0.032139
vt 0.868890 0.155536
vt 0.754246 0.155536
vt 0.245850 0.988670
vt 0.495117 0.921631
vt 0.713341 0.248897
vt 0.985288 0.351726
vt 0.868890 0.351726
vt 0.985288 0.155536
vt 0.749023 0.846191
vt 0.749023 0.774658
vt 0.866699 0.774658
vt 0.866699 0.846191
vt 0.985840 0.847656
vt 0.985840 0.774658
vt 0.866699 0.774658
vt 0.866699 0.847656
vt 0.985288 0.351787
vt 0.870620 0.351787
vt 0.870620 0.233758
vt 0.985288 0.233758
vt 0.866699 0.774658
vt 0.985840 0.774658
vt 0.754246 0.351787
vt 0.754246 0.242417
vt 0.985288 0.151712
vt 0.985288 0.037496
vt 0.754246 0.037496
vt 0.754246 0.142183
vt 0.754246 0.029965
vt 0.870620 0.029965
vt 0.866699 0.994278
vt 0.985840 0.994278
vt 0.985840 0.923950
vt 0.866699 0.923950
vt 0.605512 0.351979
vt 0.499535 0.351979
vt 0.868890 0.351787
vt 0.754246 0.351787
vt 0.985288 0.343256
vt 0.869755 0.343256
vt 0.866699 0.774658
vt 0.749023 0.774658
vt 0.868767 0.351787
vt 0.868767 0.275519
vt 0.985288 0.275519
vt 0.985288 0.351787
vt 0.985288 0.031427
vt 0.868767 0.031427
vt 0.754246 0.260324
vt 0.869755 0.260324
vt 0.869755 0.131815
vt 0.754246 0.131815
vt 0.754246 0.354273
vt 0.869755 0.354273
vt 0.985288 0.131815
vt 0.985288 0.031857
vt 0.869755 0.031857
vt 0.869755 0.131815
vt 0.869755 0.260324
vt 0.754246 0.260324
vt 0.754246 0.131815
vt 0.869755 0.031857
vt 0.754246 0.031857
vt 0.868890 0.105152
vt 0.754246 0.105152
vt 0.754246 0.031643
vt 0.868890 0.031643
vt 0.868767 0.355315
vt 0.985288 0.355315
vt 0.985288 0.249256
vt 0.868767 0.249256
vt 0.985288 0.131815
vt 0.985288 0.260324
vt 0.985288 0.354273
vt 0.869755 0.354273
vt 0.754246 0.343256
vt 0.754246 0.244848
vt 0.754246 0.351787
vt 0.754246 0.242417
vt 0.866699 0.847656
vt 0.985840 0.847656
vt 0.985840 0.774658
vt 0.866699 0.774658
vt 0.505371 0.765137
vt 0.626953 0.763550
vt 0.869755 0.029965
vt 0.754246 0.029965
vt 0.754246 0.244848
vt 0.869755 0.244848
vt 0.754246 0.032371
vt 0.754246 0.091422
vt 0.868890 0.091422
vt 0.868890 0.032371
vt 0.754246 0.033382
vt 0.868890 0.033382
vt 0.868767 0.351787
vt 0.985288 0.351787
vt 0.985288 0.256196
vt 0.868890 0.159536
vt 0.985288 0.159536
vt 0.985288 0.137039
vt 0.868767 0.137039
vt 0.868767 0.031516
vt 0.985288 0.031516
vt 0.985288 0.242417
vt 0.985288 0.137039
vt 0.985288 0.258519
vt 0.985288 0.177480
vt 0.985288 0.178157
vt 0.985288 0.036671
vt 0.868890 0.036671
vt 0.868890 0.178157
vt 0.985288 0.259837
vt 0.985288 0.344643
vt 0.868890 0.344643
vt 0.868890 0.259837
vt 0.744141 0.820435
vt 0.627930 0.763550
vt 0.744141 0.765137
vt 0.868767 0.031516
vt 0.868767 0.137039
vt 0.985288 0.137039
vt 0.985288 0.031516
vt 0.868767 0.031516
vt 0.754246 0.031516
vt 0.754246 0.137039
vt 0.868767 0.137039
vt 0.755371 0.531982
vt 0.755371 0.629639
vt 0.873047 0.629639
vt 0.754246 0.137039
vt 0.868890 0.143799
vt 0.754246 0.259837
vt 0.754246 0.143799
vt 0.754246 0.343256
vt 0.868890 0.343256
vt 0.754246 0.136973
vt 0.870620 0.031642
vt 0.754246 0.031642
vt 0.754246 0.031643
vt 0.870620 0.031643
vt 0.749023 0.927490
vt 0.866699 0.927490
vt 0.754246 0.235766
vt 0.870620 0.354273
vt 0.754246 0.354273
vt 0.985288 0.031642
vt 0.509766 0.737793
vt 0.636230 0.737793
vt 0.509766 0.640625
vt 0.985288 0.354273
vt 0.870620 0.235766
vt 0.985288 0.235766
vt 0.514648 0.631836
vt 0.635742 0.631836
vt 0.868890 0.031402
vt 0.868890 0.140207
vt 0.985288 0.140207
vt 0.985288 0.031402
vt 0.754246 0.136973
vt 0.137329 0.909912
vt 0.137329 0.989510
vt 0.009048 0.989510
vt 0.009048 0.909912
vt 0.866699 0.847656
vt 0.866699 0.923950
vt 0.749023 0.923950
vt 0.749023 0.847656
vt 0.985288 0.354273
vt 0.754246 0.235766
vt 0.754246 0.354273
vt 0.870620 0.354273
vt 0.985288 0.249256
vt 0.868767 0.249256
vt 0.868767 0.147531
vt 0.985288 0.147531
vt 0.985288 0.355315
vt 0.868767 0.355315
vt 0.868890 0.036599
vt 0.754246 0.036599
vt 0.754246 0.147531
vt 0.754246 0.032139
vt 0.868767 0.032139
vt 0.985288 0.105152
vt 0.985288 0.188989
vt 0.868767 0.032139
vt 0.985288 0.032139
vt 0.128906 0.875793
vt 0.023880 0.875793
vt 0.023880 0.820435
vt 0.128906 0.819702
vt 0.754246 0.147531
vt 0.754246 0.249256
vt 0.754246 0.355315
vt 0.744141 0.820435
vt 0.744141 0.765137
vt 0.985288 0.031719
vt 0.985288 0.147531
vt 0.868767 0.147531
vt 0.868767 0.032139
vt 0.985288 0.032139
vt 0.985288 0.343256
vt 0.870620 0.343256
vt 0.985288 0.249256
vt 0.985288 0.355315
vt 0.866699 0.994278
vt 0.749023 0.994278
vt 0.749023 0.923950
vt 0.754246 0.147531
vt 0.985288 0.343256
vt 0.985288 0.273141
vt 0.754246 0.032139
vt 0.754246 0.147531
vt 0.866699 0.994278
vt 0.749023 0.994278
vt 0.754246 0.355315
vt 0.754246 0.249256
vt 0.754246 0.354273
vt 0.985288 0.147531
vt 0.868767 0.032139
vt 0.985288 0.032139
vt 0.754246 0.192350
vt 0.754246 0.351726
vt 0.985288 0.249256
vt 0.985288 0.355315
vt 0.868767 0.355315
vt 0.754246 0.032139
vt 0.484375 0.985077
vt 0.484375 0.902344
vt 0.371826 0.902344
vt 0.371826 0.985077
vt 0.754246 0.247802
vt 0.868767 0.144642
vt 0.754246 0.144642
vt 0.635742 0.727539
vt 0.757324 0.727539
vt 0.757324 0.631836
vt 0.754246 0.249256
vt 0.868767 0.249256
vt 0.754246 0.355315
vt 0.868767 0.355315
vt 0.985288 0.249256
vt 0.985288 0.147531
vt 0.754246 0.351726
vt 0.754246 0.343256
vt 0.754246 0.031643
vt 0.868890 0.031643
vt 0.754246 0.268444
vt 0.985288 0.105152
vt 0.985288 0.152044
vt 0.985288 0.037152
vt 0.868890 0.037152
vt 0.868890 0.152044
vt 0.868890 0.351726
vt 0.985288 0.351726
vt 0.985288 0.263800
vt 0.868890 0.263800
vt 0.754246 0.351726
vt 0.985288 0.031643
vt 0.868890 0.342142
vt 0.754246 0.342142
vt 0.754246 0.237635
vt 0.985288 0.268444
vt 0.985288 0.351787
vt 0.754246 0.351726
vt 0.985288 0.037196
vt 0.985288 0.177550
vt 0.868890 0.177550
vt 0.868890 0.037196
vt 0.754246 0.263800
vt 0.754246 0.351726
vt 0.754246 0.037171
vt 0.754246 0.157171
vt 0.754246 0.031643
vt 0.754246 0.105152
vt 0.868890 0.105152
vt 0.868890 0.031643
vt 0.754246 0.188989
vt 0.868890 0.188989
vt 0.754246 0.268444
vt 0.985288 0.142183
vt 0.985288 0.244848
vt 0.868767 0.244848
vt 0.868767 0.142183
vt 0.985288 0.188989
vt 0.754246 0.152044
vt 0.754246 0.037152
vt 0.754246 0.351787
vt 0.985288 0.105152
vt 0.985288 0.031643
vt 0.754246 0.354273
vt 0.985288 0.351787
vt 0.868890 0.351787
vt 0.754246 0.351787
vt 0.754246 0.275519
vt 0.754246 0.351726
vt 0.128906 0.932678
vt 0.023880 0.932678
vt 0.868890 0.031643
vt 0.868890 0.157312
vt 0.985288 0.157312
vt 0.985288 0.031643
vt 0.754246 0.031643
vt 0.754246 0.157312
vt 0.754246 0.249256
vt 0.754246 0.035446
vt 0.868890 0.256302
vt 0.985288 0.256302
vt 0.985288 0.144642
vt 0.985288 0.343256
vt 0.868890 0.343256
vt 0.754246 0.031389
vt 0.868890 0.342142
vt 0.985288 0.342142
vt 0.713341 0.351979
vt 0.713341 0.248897
vt 0.754246 0.256302
vt 0.754246 0.157312
vt 0.868890 0.342142
vt 0.754246 0.342142
vt 0.754246 0.256789
vt 0.868890 0.256789
vt 0.754246 0.256735
vt 0.868890 0.256735
vt 0.868890 0.353979
vt 0.754246 0.353979
vt 0.985288 0.351787
vt 0.985288 0.253398
vt 0.985288 0.351726
vt 0.985288 0.257189
vt 0.754246 0.160186
vt 0.868890 0.160186
vt 0.985288 0.278153
vt 0.985288 0.343256
vt 0.868890 0.353979
vt 0.868890 0.256735
vt 0.754246 0.256735
vt 0.754246 0.353979
vt 0.868890 0.160186
vt 0.754246 0.160186
vt 0.754246 0.031643
vt 0.868890 0.031643
vt 0.868890 0.155729
vt 0.754246 0.155729
vt 0.985288 0.031643
vt 0.985288 0.155729
vt 0.985288 0.353979
vt 0.985288 0.256735
vt 0.255615 0.925964
vt 0.255615 0.985260
vt 0.371338 0.985260
vt 0.985288 0.031250
vt 0.754246 0.200181
vt 0.868767 0.200181
vt 0.868890 0.106841
vt 0.754246 0.106841
vt 0.754246 0.031339
vt 0.868890 0.031339
vt 0.985288 0.127114
vt 0.868890 0.127114
vt 0.868767 0.119089
vt 0.985288 0.119089
vt 0.985288 0.200181
vt 0.868767 0.119089
vt 0.985288 0.119089
vt 0.985288 0.031643
vt 0.868767 0.031643
vt 0.754246 0.031643
vt 0.868767 0.031643
vt 0.754246 0.119089
vt 0.985288 0.031250
vt 0.985288 0.129437
vt 0.985288 0.200181
vt 0.985288 0.031643
vt 0.754246 0.351787
vt 0.754246 0.119089
vt 0.754246 0.259458
vt 0.754246 0.148938
vt 0.754246 0.116766
vt 0.754246 0.031643
vt 0.985288 0.160186
vt 0.749023 0.847656
vt 0.749023 0.923950
vt 0.713341 0.252079
vt 0.754246 0.351787
vt 0.868767 0.351787
vt 0.868890 0.351787
vt 0.868890 0.264274
vt 0.985288 0.264274
vt 0.985288 0.351787
vt 0.985288 0.031643
vt 0.870620 0.116766
vt 0.754246 0.233758
vt 0.754246 0.116766
vt 0.868767 0.252458
vt 0.868767 0.351726
vt 0.754246 0.351726
vt 0.754246 0.252458
vt 0.754246 0.351787
vt 0.868767 0.351787
vt 0.148682 0.765137
vt 0.148682 0.820435
vt 0.029785 0.820068
vt 0.029785 0.764404
vt 0.075012 0.765381
vt 0.003515 0.765381
vt 0.749023 0.994278
vt 0.749023 0.927490
vt 0.985288 0.255615
vt 0.868890 0.255615
vt 0.868890 0.351787
vt 0.985288 0.351787
vt 0.985288 0.164387
vt 0.868890 0.164387
vt 0.985288 0.031643
vt 0.868890 0.031643
vt 0.754246 0.031643
vt 0.754246 0.164387
vt 0.371338 0.985260
vt 0.487549 0.985260
vt 0.754246 0.255615
vt 0.754246 0.162872
vt 0.754246 0.036371
vt 0.868890 0.036371
vt 0.868890 0.162872
vt 0.754246 0.351787
vt 0.754246 0.255615
vt 0.713341 0.073277
vt 0.749023 0.840820
vt 0.749023 0.917786
vt 0.866211 0.840820
vt 0.868767 0.343256
vt 0.985288 0.343256
vt 0.985288 0.244848
vt 0.868767 0.244848
vt 0.985288 0.354273
vt 0.985288 0.264977
vt 0.864257 0.354273
vt 0.985288 0.140207
vt 0.985288 0.243578
vt 0.754246 0.244848
vt 0.754246 0.142183
vt 0.868890 0.342142
vt 0.754246 0.342142
vt 0.754246 0.256789
vt 0.868890 0.256789
vt 0.985288 0.351787
vt 0.749023 0.994278
vt 0.866699 0.994278
vt 0.866699 0.774658
vt 0.985840 0.774658
vt 0.749023 0.774658
vt 0.749023 0.846191
vt 0.868890 0.351726
vt 0.868890 0.262648
vt 0.754246 0.262648
vt 0.754246 0.351726
vt 0.985288 0.351787
vt 0.868890 0.351787
vt 0.985288 0.031516
vt 0.869755 0.029965
vt 0.754246 0.029965
vt 0.754246 0.140769
vt 0.869755 0.140769
vt 0.754246 0.031198
vt 0.754246 0.114098
vt 0.868890 0.114098
vt 0.868890 0.031198
vt 0.754246 0.230850
vt 0.868767 0.244848
vt 0.868767 0.343256
vt 0.754246 0.343256
vt 0.754246 0.244848
vt 0.985288 0.114098
vt 0.510742 0.989510
vt 0.754246 0.351726
vt 0.754246 0.351787
vt 0.985288 0.114098
vt 0.985288 0.031198
vt 0.866699 0.774658
vt 0.985840 0.774658
vt 0.985840 0.847656
vt 0.985288 0.274285
vt 0.868890 0.274285
vt 0.868890 0.195845
vt 0.985288 0.195845
vt 0.985288 0.354273
vt 0.868890 0.354273
vt 0.754246 0.037171
vt 0.754246 0.195845
vt 0.754246 0.274285
vt 0.754246 0.354273
vt 0.749023 0.774658
vt 0.749023 0.846191
vt 0.496338 0.484863
vt 0.479004 0.394531
vt 0.510742 0.820435
vt 0.510742 0.765137
vt 0.985288 0.252458
vt 0.754246 0.351787
vt 0.868890 0.343256
vt 0.754246 0.343256
vt 0.869755 0.343256
vt 0.869755 0.244848
vt 0.754246 0.244848
vt 0.754246 0.343256
vt 0.869755 0.343256
vt 0.754246 0.343256
vt 0.754246 0.031642
vt 0.754246 0.031427
vt 0.868767 0.142183
vt 0.754246 0.142183
vt 0.868767 0.244848
vt 0.985288 0.244848
vt 0.985288 0.199750
vt 0.985288 0.351726
vt 0.754246 0.354273
vt 0.754246 0.137039
vt 0.754246 0.031516
vt 0.757324 0.737793
vt 0.985288 0.137039
vt 0.985288 0.031516
vt 0.754246 0.031516
vt 0.754246 0.242417
vt 0.868767 0.343256
vt 0.985288 0.343256
vt 0.985288 0.244848
vt 0.868767 0.244848
vt 0.754246 0.351787
vt 0.754246 0.036671
vt 0.868890 0.036671
vt 0.868890 0.178157
vt 0.754246 0.178157
vt 0.754246 0.351787
vt 0.754246 0.268444
vt 0.868767 0.351787
vt 0.985288 0.351787
vt 0.985288 0.031857
vt 0.985288 0.191945
vt 0.754246 0.351787
vt 0.713341 0.233608
vt 0.713341 0.156914
vt 0.985288 0.105152
vt 0.985288 0.031643
vt 0.985288 0.262056
vt 0.868767 0.351787
vt 0.985288 0.351787
vt 0.754246 0.111065
vt 0.754246 0.031415
vt 0.868767 0.031415
vt 0.746094 0.994278
vt 0.754246 0.351787
vt 0.868767 0.262056
vt 0.754246 0.262056
vt 0.868767 0.031415
vt 0.868767 0.111065
vt 0.985288 0.111065
vt 0.985288 0.031415
vt 0.749023 0.994278
vt 0.868767 0.197858
vt 0.985288 0.197858
vt 0.868767 0.343256
vt 0.754246 0.343256
vt 0.754246 0.197858
vt 0.754246 0.256789
vt 0.985288 0.351787
vt 0.985288 0.354273
vt 0.985288 0.260324
vt 0.748047 0.765137
vt 0.005398 0.909912
vt 0.140015 0.909912
vt 0.985288 0.351787
vt 0.985288 0.237665
vt 0.985840 0.847656
vt 0.985840 0.923950
vt 0.866699 0.923950
vt 0.866699 0.847656
vt 0.868890 0.351787
vt 0.985288 0.351787
vt 0.985288 0.243578
vt 0.868890 0.243578
vt 0.985288 0.033382
vt 0.985288 0.159536
vt 0.985288 0.036599
vt 0.868890 0.351787
vt 0.754246 0.351787
vt 0.754246 0.351787
vt 0.985288 0.351787
vt 0.985288 0.168300
vt 0.868890 0.168300
vt 0.868890 0.036744
vt 0.985288 0.036744
vt 0.985288 0.256789
vt 0.985288 0.342142
vt 0.754246 0.168300
vt 0.754246 0.036744
vt 0.754246 0.256302
vt 0.754246 0.351787
vt 0.868890 0.351787
vt 0.985288 0.033382
vt 0.501465 0.767334
vt 0.754246 0.155536
vt 0.868890 0.155536
vt 0.754246 0.342142
vt 0.749023 0.774658
vt 0.866699 0.774658
vt 0.866699 0.885803
vt 0.749023 0.885803
vt 0.985288 0.168300
vt 0.868890 0.168300
vt 0.868890 0.036744
vt 0.985288 0.036744
vt 0.985288 0.091422
vt 0.868890 0.091422
vt 0.868890 0.032371
vt 0.985288 0.032371
vt 0.985288 0.256789
vt 0.985288 0.342142
vt 0.754246 0.168300
vt 0.754246 0.036744
vt 0.495117 0.988670
vt 0.868890 0.037221
vt 0.868890 0.182524
vt 0.985288 0.182524
vt 0.985288 0.037221
vt 0.754246 0.037221
vt 0.754246 0.182524
vt 0.754246 0.278479
vt 0.868890 0.278479
vt 0.754246 0.351726
vt 0.868890 0.351726
vt 0.985288 0.106841
vt 0.985288 0.191312
vt 0.868890 0.191312
vt 0.985288 0.351726
vt 0.985288 0.278479
vt 0.752441 0.838989
vt 0.752441 0.767334
vt 0.625977 0.767334
vt 0.985288 0.182524
vt 0.985288 0.278479
vt 0.985288 0.351787
vt 0.754246 0.151452
vt 0.985288 0.033382
vt 0.985288 0.154437
vt 0.985288 0.264274
vt 0.985840 0.994278
vt 0.866211 0.994278
vt 0.713341 0.155426
vt 0.754246 0.155536
vt 0.985288 0.037196
vt 0.754246 0.270594
vt 0.868890 0.270594
vt 0.868890 0.351726
vt 0.754246 0.351726
vt 0.754246 0.177550
vt 0.754246 0.037196
vt 0.985288 0.270594
vt 0.985288 0.351726
vt 0.985288 0.178157
vt 0.754246 0.259837
vt 0.134033 0.823853
vt 0.002077 0.823730
vt 0.868890 0.344643
vt 0.985288 0.344643
vt 0.985288 0.143799
vt 0.868890 0.031250
vt 0.985288 0.031250
vt 0.754246 0.351787
vt 0.868767 0.351787
vt 0.754246 0.031250
vt 0.752441 0.767334
vt 0.754246 0.344643
vt 0.985288 0.091422
vt 0.985288 0.032371
vt 0.754246 0.179855
vt 0.868890 0.179855
vt 0.868890 0.031992
vt 0.754246 0.031992
vt 0.985288 0.179855
vt 0.868890 0.351787
vt 0.985288 0.351787
vt 0.754246 0.351787
vt 0.985288 0.179855
vt 0.985288 0.185072
vt 0.754246 0.031857
vt 0.754246 0.091422
vt 0.754246 0.032371
vt 0.626465 0.994278
vt 0.745605 0.994278
vt 0.745605 0.885803
vt 0.626465 0.885803
vt 0.754246 0.031643
vt 0.754246 0.196111
vt 0.713341 0.351979
vt 0.985288 0.029965
vt 0.744141 0.989510
vt 0.754246 0.351787
vt 0.754246 0.244106
vt 0.754246 0.253398
vt 0.754246 0.351787
vt 0.754246 0.031992
vt 0.868890 0.031992
vt 0.985288 0.031992
vt 0.985288 0.160186
vt 0.985288 0.256735
vt 0.985288 0.353979
vt 0.869755 0.029965
vt 0.985288 0.029965
vt 0.754246 0.029965
vt 0.754246 0.142183
vt 0.754246 0.244848
vt 0.754246 0.244848
vt 0.754246 0.343256
vt 0.869755 0.343256
vt 0.869755 0.244848
vt 0.869755 0.142183
vt 0.985288 0.244848
vt 0.985288 0.142183
vt 0.868767 0.244848
vt 0.868767 0.343256
vt 0.754246 0.343256
vt 0.754246 0.244848
vt 0.985288 0.029965
vt 0.869755 0.029965
vt 0.754246 0.132605
vt 0.754246 0.031630
vt 0.868890 0.031630
vt 0.868890 0.132605
vt 0.985288 0.343256
vt 0.869755 0.343256
vt 0.754246 0.029965
vt 0.754246 0.142183
vt 0.122681 0.985077
vt 0.014389 0.985077
vt 0.985288 0.142183
vt 0.869755 0.029965
vt 0.985288 0.029965
vt 0.869755 0.142183
vt 0.754246 0.029965
vt 0.754246 0.142183
vt 0.869755 0.244848
vt 0.754246 0.244848
vt 0.869755 0.343256
vt 0.754246 0.343256
vt 0.754246 0.351787
vt 0.869755 0.343256
vt 0.985288 0.343256
vt 0.985288 0.029965
vt 0.869755 0.029965
vt 0.985288 0.244848
vt 0.245850 0.767334
vt 0.754246 0.029965
vt 0.754246 0.142183
vt 0.754246 0.244848
vt 0.754246 0.343256
vt 0.754246 0.142183
vt 0.754246 0.029965
vt 0.754246 0.178157
vt 0.754246 0.262648
vt 0.868890 0.262648
vt 0.746094 0.761841
vt 0.742676 0.989510
vt 0.626465 0.989510
vt 0.868890 0.031300
vt 0.985288 0.031300
vt 0.985288 0.343256
vt 0.985840 0.846191
vt 0.985288 0.349050
vt 0.985288 0.228891
vt 0.754246 0.032139
vt 0.009300 0.925842
vt 0.134888 0.925842
vt 0.985288 0.142183
vt 0.985288 0.029965
vt 0.869755 0.029965
vt 0.869755 0.142183
vt 0.985288 0.029965
vt 0.985288 0.142183
vt 0.754246 0.342142
vt 0.985288 0.244848
vt 0.754246 0.142183
vt 0.754246 0.244848
vt 0.869755 0.244848
vt 0.754246 0.033382
vt 0.868890 0.033382
vt 0.985288 0.244848
vt 0.985288 0.343256
vt 0.754246 0.029965
vt 0.754246 0.343256
vt 0.869755 0.343256
vt 0.985288 0.031643
vt 0.754246 0.029965
vt 0.754246 0.351787
vt 0.754246 0.249280
vt 0.985288 0.142183
vt 0.509277 0.994278
vt 0.868767 0.343256
vt 0.985288 0.343256
vt 0.985288 0.114443
vt 0.754246 0.343256
vt 0.869508 0.343256
vt 0.985288 0.244848
vt 0.985288 0.343256
vt 0.985288 0.244848
vt 0.985288 0.142183
vt 0.869508 0.244848
vt 0.869508 0.343256
vt 0.985288 0.142183
vt 0.869508 0.142183
vt 0.869508 0.029965
vt 0.985288 0.029965
vt 0.754246 0.244848
vt 0.869508 0.244848
vt 0.754246 0.142183
vt 0.754246 0.029965
vt 0.754246 0.343256
vt 0.985288 0.343256
vt 0.009300 0.989510
vt 0.134888 0.989510
vt 0.754246 0.244848
vt 0.754246 0.343256
vt 0.869508 0.142183
vt 0.754246 0.142183
vt 0.754246 0.029965
vt 0.869508 0.029965
vt 0.985288 0.029965
vt 0.868767 0.029965
vt 0.754246 0.029965
vt 0.754246 0.142183
vt 0.868767 0.142183
vt 0.009293 0.769897
vt 0.130737 0.769897
vt 0.985288 0.142183
vt 0.246338 0.202637
vt 0.985288 0.244848
vt 0.985288 0.343256
vt 0.868767 0.343256
vt 0.868767 0.244848
vt 0.754246 0.244848
vt 0.985288 0.033382
vt 0.754246 0.142183
vt 0.754246 0.029965
vt 0.754246 0.244848
vt 0.754246 0.343256
vt 0.607228 0.073277
vt 0.499535 0.073277
vt 0.985288 0.029965
vt 0.985288 0.351787
vt 0.005398 0.989510
vt 0.140015 0.989510
vt 0.868767 0.244848
vt 0.985288 0.244848
vt 0.754246 0.244848
vt 0.985288 0.255246
vt 0.754246 0.142183
vt 0.868767 0.029965
vt 0.754246 0.029965
vt 0.868767 0.142183
vt 0.985288 0.029965
vt 0.985288 0.142183
vt 0.868890 0.036744
vt 0.985288 0.036744
vt 0.985288 0.343256
vt 0.868767 0.343256
vt 0.754246 0.244848
vt 0.754246 0.142183
vt 0.754246 0.343256
vt 0.754246 0.029965
vt 0.868767 0.029965
vt 0.985288 0.244848
vt 0.985288 0.343256
vt 0.868767 0.343256
vt 0.868767 0.244848
vt 0.754246 0.188989
vt 0.985288 0.029965
vt 0.868767 0.029965
vt 0.868767 0.142183
vt 0.754246 0.142183
vt 0.754246 0.029965
vt 0.985288 0.029965
vt 0.985288 0.142183
vt 0.985288 0.244848
vt 0.868767 0.244848
vt 0.985288 0.343256
vt 0.868767 0.343256
vt 0.754246 0.244848
vt 0.868767 0.244848
vt 0.868767 0.343256
vt 0.754246 0.343256
vt 0.754246 0.244848
vt 0.754246 0.343256
vt 0.754246 0.244848
vt 0.754246 0.343256
vt 0.868767 0.343256
vt 0.985288 0.343256
vt 0.985288 0.244848
vt 0.868767 0.244848
vt 0.267090 0.902344
vt 0.267090 0.985077
vt 0.985288 0.142183
vt 0.985288 0.244848
vt 0.868767 0.142183
vt 0.754246 0.142183
vt 0.868767 0.029965
vt 0.754246 0.029965
vt 0.868767 0.142183
vt 0.985288 0.029965
vt 0.868767 0.029965
vt 0.985288 0.343256
vt 0.754246 0.244848
vt 0.496094 0.769897
vt 0.371338 0.769897
vt 0.754246 0.142183
vt 0.754246 0.029965
vt 0.754246 0.343256
vt 0.868890 0.343256
vt 0.754246 0.343256
vt 0.022720 0.902344
vt 0.022720 0.985077
vt 0.985288 0.142183
vt 0.868767 0.029965
vt 0.754246 0.029965
vt 0.754246 0.142183
vt 0.868767 0.142183
vt 0.985288 0.029965
vt 0.985288 0.142183
vt 0.985288 0.244848
vt 0.517578 0.735107
vt 0.635254 0.735107
vt 0.985288 0.244848
vt 0.985288 0.343256
vt 0.868767 0.244848
vt 0.754246 0.244848
vt 0.868767 0.343256
vt 0.868767 0.286519
vt 0.985288 0.286519
vt 0.985288 0.343256
vt 0.868767 0.029965
vt 0.754246 0.142183
vt 0.754246 0.029965
vt 0.868767 0.142183
vt 0.754246 0.343256
vt 0.868767 0.343256
vt 0.754246 0.343256
vt 0.985288 0.029965
vt 0.985288 0.142183
vt 0.868767 0.029965
vt 0.754246 0.029965
vt 0.754246 0.142183
vt 0.868767 0.142183
vt 0.985288 0.029965
vt 0.985288 0.142183
vt 0.751465 0.610596
vt 0.751465 0.504639
vt 0.869141 0.504639
vt 0.869141 0.610596
vt 0.985288 0.244848
vt 0.985288 0.343256
vt 0.868767 0.343256
vt 0.868767 0.244848
vt 0.754246 0.244848
vt 0.754246 0.343256
vt 0.754246 0.244848
vt 0.868767 0.029965
vt 0.754246 0.142183
vt 0.754246 0.029965
vt 0.868767 0.142183
vt 0.868767 0.244848
vt 0.868767 0.343256
vt 0.754246 0.343256
vt 0.754246 0.244848
vt 0.754246 0.343256
vt 0.985288 0.029965
vt 0.985288 0.142183
vt 0.985288 0.343256
vt 0.985288 0.244848
vt 0.985288 0.029965
vt 0.754246 0.140769
vt 0.869755 0.140769
vt 0.869755 0.244848
vt 0.754246 0.244848
vt 0.754246 0.244848
vt 0.754246 0.343256
vt 0.754246 0.029965
vt 0.985840 0.994278
vt 0.985288 0.355315
vt 0.873047 0.732422
vt 0.755371 0.732422
vt 0.868890 0.035921
vt 0.868890 0.162994
vt 0.985288 0.162994
vt 0.985288 0.035921
vt 0.985288 0.342169
vt 0.868767 0.342169
vt 0.985288 0.351726
vt 0.868767 0.029965
vt 0.754246 0.029965
vt 0.985288 0.029965
vt 0.985288 0.142183
vt 0.754246 0.142183
vt 0.868767 0.142183
vt 0.868890 0.031630
vt 0.985288 0.132605
vt 0.985288 0.031630
vt 0.754246 0.244848
vt 0.754246 0.354273
vt 0.868767 0.029965
vt 0.754246 0.029965
vt 0.869141 0.734375
vt 0.988770 0.610596
vt 0.988770 0.734375
vt 0.754246 0.244848
vt 0.754246 0.343256
vt 0.868767 0.343256
vt 0.985288 0.343256
vt 0.985288 0.029965
vt 0.985288 0.142183
vt 0.868767 0.029965
vt 0.754246 0.029965
vt 0.985288 0.029965
vt 0.985288 0.142183
vt 0.985288 0.244848
vt 0.754246 0.142183
vt 0.868767 0.142183
vt 0.868767 0.343256
vt 0.985288 0.343256
vt 0.754246 0.244848
vt 0.754246 0.033382
vt 0.868767 0.029965
vt 0.754246 0.029965
vt 0.749023 0.774658
vt 0.866699 0.774658
vt 0.754246 0.343256
vt 0.985288 0.343256
vt 0.985288 0.029965
vt 0.985288 0.142183
vt 0.868767 0.029965
vt 0.754246 0.029965
vt 0.754246 0.142183
vt 0.868767 0.142183
vt 0.985288 0.029965
vt 0.985288 0.142183
vt 0.754246 0.152044
vt 0.985288 0.244848
vt 0.985288 0.343256
vt 0.754246 0.244848
vt 0.754246 0.031250
vt 0.868767 0.029965
vt 0.754246 0.142183
vt 0.754246 0.029965
vt 0.868767 0.142183
vt 0.754246 0.343256
vt 0.985288 0.343256
vt 0.985288 0.029965
vt 0.985288 0.142183
vt 0.506836 0.575684
vt 0.985288 0.249280
vt 0.985288 0.134294
vt 0.985288 0.244848
vt 0.985288 0.140769
vt 0.985288 0.029965
vt 0.754246 0.351787
vt 0.869755 0.343256
vt 0.754246 0.343256
vt 0.754246 0.029965
vt 0.869755 0.029965
vt 0.985288 0.244848
vt 0.985288 0.343256
vt 0.870620 0.351787
vt 0.754246 0.351787
vt 0.868767 0.031706
vt 0.754246 0.031706
vt 0.868767 0.029965
vt 0.754246 0.029965
vt 0.754246 0.148153
vt 0.868767 0.148153
vt 0.985288 0.029965
vt 0.985288 0.148153
vt 0.754246 0.031643
vt 0.985288 0.238878
vt 0.985288 0.343256
vt 0.496094 0.907898
vt 0.496094 0.985077
vt 0.371338 0.985077
vt 0.754246 0.343256
vt 0.868767 0.029965
vt 0.754246 0.148153
vt 0.754246 0.029965
vt 0.868767 0.148153
vt 0.754246 0.238878
vt 0.754246 0.343256
vt 0.985288 0.343256
vt 0.985288 0.029965
vt 0.985288 0.148153
vt 0.627930 0.973648
vt 0.512207 0.973648
vt 0.985288 0.343256
vt 0.985288 0.259458
vt 0.985288 0.148938
vt 0.870620 0.148938
vt 0.870620 0.029965
vt 0.985288 0.029965
vt 0.754246 0.148938
vt 0.754246 0.029965
vt 0.754246 0.343256
vt 0.868890 0.031731
vt 0.868890 0.143163
vt 0.985288 0.143163
vt 0.985288 0.031731
vt 0.754246 0.029965
vt 0.870620 0.029965
vt 0.985288 0.029965
vt 0.176392 0.202637
vt 0.246338 0.202637
vt 0.246338 0.137207
vt 0.176392 0.137207
vt 0.754246 0.343256
vt 0.754246 0.343256
vt 0.754246 0.286519
vt 0.754246 0.204316
vt 0.868767 0.204316
vt 0.985288 0.204316
vt 0.985288 0.124745
vt 0.985288 0.029965
vt 0.754246 0.029965
vt 0.868767 0.029965
vt 0.868767 0.124745
vt 0.754246 0.124745
vt 0.985288 0.343256
vt 0.022720 0.769897
vt 0.985288 0.124745
vt 0.985288 0.029965
vt 0.754246 0.343256
vt 0.754246 0.204316
vt 0.754246 0.033382
vt 0.754246 0.029965
vt 0.985288 0.029965
vt 0.864380 0.029965
vt 0.985288 0.132286
vt 0.635254 0.396484
vt 0.517578 0.396484
vt 0.985288 0.148310
vt 0.985288 0.029965
vt 0.985288 0.032139
vt 0.754246 0.029965
vt 0.754246 0.191312
vt 0.985288 0.249954
vt 0.864380 0.249954
vt 0.985288 0.343256
vt 0.864380 0.343256
vt 0.754246 0.249954
vt 0.754246 0.343256
vt 0.147461 0.875061
vt 0.147461 0.765381
vt 0.754246 0.351787
vt 0.147461 0.982147
vt 0.985288 0.343256
vt 0.003515 0.875061
vt 0.003515 0.765381
vt 0.003515 0.982147
vt 0.107849 0.354004
vt 0.107849 0.137207
vt 0.176392 0.137207
vt 0.246338 0.137207
vt 0.713341 0.073277
vt 0.985288 0.262648
vt 0.985288 0.351726
vt 0.866699 0.847656
vt 0.985840 0.847656
vt 0.985840 0.774658
vt 0.866699 0.774658
vt 0.985288 0.031326
vt 0.985288 0.343256
vt 0.107849 0.202637
vt 0.754246 0.275519
vt 0.985288 0.031198
vt 0.754246 0.237635
vt 0.754246 0.342142
vt 0.985288 0.031617
vt 0.868890 0.037152
vt 0.754246 0.037152
vt 0.985288 0.037152
vt 0.754246 0.111065
vt 0.754246 0.147210
vt 0.868767 0.147210
vt 0.868767 0.033382
vt 0.754246 0.033382
vt 0.985288 0.342142
vt 0.985288 0.140769
vt 0.023880 0.765137
vt 0.128906 0.763550
vt 0.985288 0.032139
vt 0.985288 0.238342
vt 0.868890 0.342142
vt 0.985288 0.342142
vt 0.868890 0.036599
vt 0.754246 0.159536
vt 0.754246 0.036599
vt 0.985288 0.036599
vt 0.754246 0.238342
vt 0.985288 0.343256
vt 0.985288 0.247126
vt 0.754246 0.342142
vt 0.754246 0.033382
vt 0.985840 0.994278
vt 0.985840 0.923950
vt 0.749023 0.847656
vt 0.868652 0.412598
vt 0.751465 0.412598
vt 0.985288 0.031440
vt 0.868767 0.031440
vt 0.749023 0.774658
vt 0.749023 0.994278
vt 0.754246 0.155729
vt 0.754246 0.031440
vt 0.985840 0.774658
vt 0.985840 0.847656
vt 0.626465 0.774658
vt 0.745605 0.774658
vt 0.755859 0.742188
vt 0.636719 0.742188
vt 0.137329 0.765137
vt 0.137329 0.837524
vt 0.009048 0.837036
vt 0.009048 0.764160
vt 0.745605 0.994278
vt 0.626465 0.994278
vt 0.126709 0.769897
vt 0.014389 0.769897
vt 0.754246 0.342169
vt 0.496826 0.921631
vt 0.985840 0.927490
vt 0.985840 0.994278
vt 0.749023 0.923950
vt 0.866699 0.994278
vt 0.749023 0.994278
vt 0.749023 0.847656
vt 0.749023 0.774658
vt 0.866699 0.774658
vt 0.985840 0.774658
vt 0.985840 0.994278
vt 0.985288 0.351787
vt 0.749023 0.847656
vt 0.749023 0.774658
vt 0.749023 0.923950
vt 0.866699 0.923950
vt 0.749023 0.994278
vt 0.866699 0.994278
vt 0.985840 0.923950
vt 0.749023 0.994278
vt 0.749023 0.847656
vt 0.866699 0.847656
vt 0.866699 0.774658
vt 0.749023 0.774658
vt 0.985840 0.774658
vt 0.742676 0.765137
vt 0.985288 0.343256
vt 0.985840 0.994278
vt 0.749023 0.923950
vt 0.749023 0.994278
vt 0.754246 0.342142
vt 0.866699 0.774658
vt 0.749023 0.774658
vt 0.985840 0.774658
vt 0.866699 0.994278
vt 0.749023 0.994278
vt 0.754395 0.396484
vt 0.754395 0.521240
vt 0.985840 0.885803
vt 0.985840 0.994278
vt 0.988770 0.732422
vt 0.873047 0.732422
vt 0.985840 0.847656
vt 0.985840 0.774658
vt 0.749023 0.774658
vt 0.751465 0.412598
vt 0.751465 0.504639
vt 0.754246 0.244848
vt 0.985840 0.923950
vt 0.985840 0.994278
vt 0.866699 0.994278
vt 0.749023 0.994278
vt 0.754246 0.031643
vt 0.985288 0.343256
vt 0.501465 0.767334
vt 0.002077 0.989510
vt 0.134033 0.989510
vt 0.757324 0.516113
vt 0.985288 0.097730
vt 0.868890 0.097730
vt 0.868890 0.032996
vt 0.985288 0.032996
vt 0.134033 0.764404
vt 0.002077 0.763916
vt 0.985288 0.258887
vt 0.868890 0.258887
vt 0.868890 0.185072
vt 0.985288 0.185072
vt 0.985288 0.351726
vt 0.868890 0.351726
vt 0.754246 0.097730
vt 0.754246 0.032996
vt 0.754246 0.185072
vt 0.754246 0.258887
vt 0.754246 0.351726
vt 0.985288 0.141896
vt 0.870620 0.141896
vt 0.754246 0.035921
vt 0.754246 0.162994
vt 0.754246 0.264286
vt 0.868890 0.264286
vt 0.754246 0.351726
vt 0.868890 0.351726
vt 0.985288 0.264286
vt 0.985288 0.351726
vt 0.985288 0.035921
vt 0.985288 0.031706
vt 0.988770 0.734375
vt 0.988770 0.622314
vt 0.754246 0.031415
vt 0.510742 0.989510
vt 0.985288 0.147210
vt 0.754246 0.117990
vt 0.754246 0.033382
vt 0.985288 0.343256
vt 0.985288 0.351726
vt 0.746094 0.767334
vt 0.754246 0.262648
vt 0.868890 0.127114
vt 0.754246 0.127114
vt 0.985288 0.350450
vt 0.985288 0.029965
vt 0.754246 0.209029
vt 0.754246 0.343256
vt 0.255615 0.985260
vt 0.868890 0.351726
vt 0.754246 0.351726
vt 0.985288 0.351726
vt 0.985288 0.262648
vt 0.754246 0.036671
vt 0.754246 0.264977
vt 0.864257 0.264977
vt 0.864257 0.354273
vt 0.754246 0.354273
vt 0.754246 0.178157
vt 0.868890 0.178157
vt 0.749023 0.774658
vt 0.868890 0.036671
vt 0.985288 0.036671
vt 0.985288 0.178157
vt 0.754246 0.191312
vt 0.754246 0.268814
vt 0.868890 0.268814
vt 0.868890 0.191312
vt 0.985288 0.035446
vt 0.512207 0.765137
vt 0.754246 0.155536
vt 0.985288 0.351726
vt 0.754246 0.162872
vt 0.754246 0.036371
vt 0.754246 0.273141
vt 0.868890 0.273141
vt 0.868890 0.351726
vt 0.754246 0.351726
vt 0.985288 0.273141
vt 0.985288 0.351726
vt 0.985288 0.162872
vt 0.985288 0.036371
vt 0.749023 0.774658
vt 0.985288 0.351726
vt 0.985288 0.262648
vt 0.754246 0.178157
vt 0.754246 0.343256
vt 0.754246 0.036671
vt 0.754246 0.351726
vt 0.985288 0.036671
vt 0.487549 0.985260
vt 0.754246 0.033382
vt 0.754246 0.354273
vt 0.754246 0.343256
vt 0.128906 0.989510
vt 0.023880 0.989510
vt 0.371826 0.769897
vt 0.484375 0.769897
vt 0.484375 0.902344
vt 0.754246 0.031467
vt 0.985288 0.029965
vt 0.713341 0.351979
vt 0.985288 0.031588
vt 0.985288 0.165344
vt 0.985288 0.264977
vt 0.985288 0.354273
vt 0.754246 0.343256
vt 0.754246 0.031300
vt 0.754246 0.127114
vt 0.754246 0.238299
vt 0.754246 0.351787
vt 0.495117 0.767334
vt 0.754246 0.355315
vt 0.985288 0.127114
vt 0.868890 0.031300
vt 0.985288 0.031300
vt 0.985288 0.238299
vt 0.985288 0.351787
vt 0.249756 0.985077
vt 0.116089 0.985077
vt 0.985288 0.033825
vt 0.754246 0.031351
vt 0.754246 0.031402
vt 0.754246 0.140207
vt 0.754246 0.243578
vt 0.754246 0.343256
vt 0.868767 0.343256
vt 0.985288 0.031402
vt 0.985840 0.846191
vt 0.985288 0.351787
vt 0.868890 0.351787
vt 0.247437 0.767334
vt 0.754246 0.351787
vt 0.754246 0.355315
vt 0.985288 0.351726
vt 0.985288 0.036771
vt 0.985288 0.351787
vt 0.985288 0.144219
vt 0.868890 0.144219
vt 0.868890 0.031389
vt 0.985288 0.031389
vt 0.754246 0.351787
vt 0.754246 0.264274
vt 0.754246 0.144219
vt 0.754246 0.031389
vt 0.496826 0.988670
vt 0.868890 0.037221
vt 0.985288 0.037221
vt 0.985288 0.343256
vt 0.267090 0.769897
vt 0.754246 0.036744
vt 0.985840 0.774658
vt 0.754246 0.343256
vt 0.985288 0.343256
vt 0.754246 0.031731
vt 0.754246 0.143163
vt 0.754246 0.244106
vt 0.868890 0.244106
vt 0.754246 0.351787
vt 0.868890 0.351787
vt 0.985288 0.244106
vt 0.985288 0.351787
vt 0.985288 0.031731
vt 0.510742 0.763428
vt 0.713341 0.233608
vt 0.754246 0.343256
vt 0.754246 0.351787
vt 0.754246 0.031630
vt 0.985288 0.031643
vt 0.985288 0.155536
vt 0.713341 0.351979
vt 0.985288 0.132605
vt 0.985288 0.031630
vt 0.985288 0.237665
vt 0.868890 0.237665
vt 0.985288 0.351787
vt 0.868890 0.351787
vt 0.158691 0.765137
vt 0.009048 0.764160
vt 0.754246 0.237665
vt 0.754246 0.351787
vt 0.754246 0.031339
vt 0.754246 0.106841
vt 0.985840 0.774658
vt 0.985288 0.191312
vt 0.755371 0.400391
vt 0.873047 0.400391
vt 0.755371 0.531982
vt 0.868890 0.351787
vt 0.985288 0.351787
vt 0.985288 0.268814
vt 0.985288 0.343256
vt 0.985288 0.031339
vt 0.985288 0.343256
vt 0.988770 0.412598
vt 0.496094 0.985077
vt 0.496094 0.907898
vt 0.754246 0.268814
vt 0.754246 0.351787
vt 0.751465 0.734375
vt 0.751465 0.412598
vt 0.869141 0.412598
vt 0.988770 0.504639
vt 0.988770 0.412598
vt 0.988770 0.610596
vt 0.988770 0.734375
vt 0.501465 0.767334
vt 0.014389 0.769897
vt 0.122681 0.769897
vt 0.754246 0.033721
vt 0.515137 0.742188
vt 0.754246 0.037221
vt 0.985288 0.343256
vt 0.515137 0.385254
vt 0.514648 0.727539
vt 0.755859 0.385254
vt 0.755859 0.510010
vt 0.755859 0.639160
vt 0.755859 0.742188
vt 0.014389 0.769897
vt 0.126709 0.769897
vt 0.985288 0.031643
vt 0.985288 0.141896
vt 0.870620 0.031643
vt 0.754246 0.031643
vt 0.754246 0.141896
vt 0.515137 0.731689
vt 0.515137 0.396484
vt 0.985288 0.031643
vt 0.985288 0.258730
vt 0.985288 0.351787
vt 0.988770 0.732422
vt 0.988770 0.629639
vt 0.754246 0.036671
vt 0.754246 0.031643
vt 0.755371 0.400391
vt 0.755371 0.629639
vt 0.755371 0.732422
vt 0.988770 0.400391
vt 0.985840 0.994278
vt 0.985288 0.351787
vt 0.744141 0.973648
vt 0.985840 0.994278
vt 0.988770 0.734375
vt 0.868652 0.734375
vt 0.985840 0.774658
vt 0.751465 0.734375
vt 0.751465 0.509521
vt 0.868652 0.509521
vt 0.868652 0.412598
vt 0.751465 0.412598
vt 0.757324 0.401367
vt 0.985288 0.351787
vt 0.985288 0.233758
vt 0.870620 0.233758
vt 0.870620 0.351787
vt 0.988770 0.509521
vt 0.988770 0.412598
vt 0.754246 0.351787
vt 0.517578 0.735107
vt 0.517578 0.633789
vt 0.517578 0.521240
vt 0.517578 0.396484
vt 0.635254 0.396484
vt 0.484375 0.985077
vt 0.754395 0.396484
vt 0.754395 0.633789
vt 0.754395 0.735107
vt 0.985288 0.351787
vt 0.985288 0.253715
vt 0.754246 0.032139
vt 0.754246 0.344643
vt 0.985840 0.774658
vt 0.713341 0.351979
vt 0.511230 0.765015
vt 0.628418 0.765015
vt 0.985288 0.033382
vt 0.748535 0.872437
vt 0.628418 0.872437
vt 0.628418 0.987801
vt 0.748535 0.987801
vt 0.748535 0.765015
vt 0.628418 0.765015
vt 0.511230 0.872437
vt 0.511230 0.987801
vt 0.109863 0.769897
vt 0.255859 0.769897
vt 0.754246 0.351787
vt 0.752441 0.921631
vt 0.749023 0.917786
vt 0.749023 0.994278
vt 0.866211 0.774658
vt 0.749023 0.774658
vt 0.985288 0.343256
vt 0.985288 0.036021
vt 0.985288 0.351726
vt 0.985840 0.840820
vt 0.985840 0.774658
vt 0.366943 0.769897
vt 0.484375 0.769897
vt 0.484375 0.868164
vt 0.985288 0.031992
vt 0.267090 0.769897
vt 0.366943 0.868164
vt 0.267090 0.868164
vt 0.267090 0.985077
vt 0.366943 0.985077
vt 0.484375 0.985077
vt 0.484375 0.769897
vt 0.366943 0.985077
vt 0.267090 0.985077
vt 0.267090 0.868164
vt 0.267090 0.769897
vt 0.255371 0.985077
vt 0.255371 0.769897
vt 0.754246 0.031300
vt 0.255371 0.769897
vt 0.371826 0.985077
vt 0.267090 0.871338
vt 0.267090 0.985077
vt 0.371826 0.871338
vt 0.371826 0.769897
vt 0.267090 0.769897
vt 0.484375 0.985077
vt 0.484375 0.871338
vt 0.484375 0.769897
vt 0.371826 0.985077
vt 0.267090 0.985077
vt 0.267090 0.871338
vt 0.371826 0.871338
vt 0.484375 0.985077
vt 0.484375 0.871338
vt 0.484375 0.769897
vt 0.371826 0.769897
vt 0.267090 0.769897
vt 0.107849 0.137207
vt 0.754246 0.033382
vt 0.116150 0.985077
vt 0.116150 0.902344
vt 0.511230 0.765015
vt 0.754246 0.343256
vt 0.505371 0.989510
vt 0.484375 0.769897
vt 0.371826 0.769897
vt 0.754246 0.033382
vt 0.267090 0.769897
vt 0.985288 0.033382
vt 0.754246 0.343256
vt 0.116150 0.769897
vt 0.752441 0.988670
vt 0.122681 0.985077
vt 0.014389 0.985077
vt 0.014389 0.769897
vt 0.239136 0.985077
vt 0.239136 0.871338
vt 0.122681 0.985077
vt 0.014389 0.985077
vt 0.014389 0.871338
vt 0.122681 0.871338
vt 0.239136 0.985077
vt 0.239136 0.871338
vt 0.239136 0.769897
vt 0.122681 0.769897
vt 0.014389 0.769897
vt 0.868767 0.031643
vt 0.985288 0.031643
vt 0.754246 0.351726
vt 0.713341 0.073277
vt 0.754246 0.351787
vt 0.754246 0.253715
vt 0.754246 0.134294
vt 0.754246 0.031643
vt 0.748535 0.765015
vt 0.754246 0.343256
vt 0.985288 0.031415
vt 0.985288 0.033382
vt 0.754246 0.233758
vt 0.754246 0.351787
vt 0.755859 0.731689
vt 0.985840 0.774658
vt 0.870620 0.031643
vt 0.754246 0.031643
vt 0.985288 0.031643
vt 0.985288 0.116766
vt 0.985288 0.351726
vt 0.754246 0.351787
vt 0.754246 0.342169
vt 0.754246 0.351787
vn 0.812929 0.062302 0.579021
vn 0.835395 0.035600 0.548497
vn 0.723294 -0.096999 0.683694
vn 0.683488 -0.023400 0.729587
vn 0.803110 0.193002 0.563707
vn 0.835447 0.119907 0.536330
vn 0.878005 0.148901 0.454902
vn 0.843609 0.187102 0.503306
vn -0.355810 0.097803 0.929427
vn 0.013300 0.125501 0.992004
vn 0.005400 0.115104 0.993339
vn -0.329108 0.054401 0.942724
vn -0.980918 -0.088902 0.172903
vn -0.991984 -0.069699 0.105398
vn -0.993700 -0.060400 0.094400
vn -0.978985 -0.087099 0.184397
vn -0.961268 -0.245692 -0.124896
vn -0.902963 -0.374185 -0.211291
vn -0.872315 -0.470508 -0.133002
vn -0.951454 -0.307785 -0.001800
vn -0.947024 -0.213406 0.240006
vn -0.968720 -0.170504 0.180304
vn -0.961583 -0.258496 0.092398
vn -0.951050 -0.247613 0.184910
vn -0.174102 0.132202 0.975813
vn 0.282586 0.149293 0.947553
vn 0.314308 0.191405 0.929825
vn -0.271711 0.215509 0.937939
vn 0.323793 0.069398 0.943579
vn 0.261507 0.038701 0.964426
vn -0.182896 0.070798 0.980580
vn -0.056702 0.104303 0.992928
vn -0.298487 0.307087 0.903661
vn -0.501168 0.388875 0.773050
vn -0.466806 0.414305 0.781309
vn -0.191998 0.303797 0.933190
vn -0.316008 -0.053901 0.947224
vn -0.310390 0.060698 0.948669
vn -0.528693 0.061399 0.846589
vn -0.621888 -0.083098 0.778685
vn -0.778425 -0.082303 0.622320
vn -0.761022 -0.098403 0.641219
vn -0.631719 -0.138504 0.762724
vn -0.651009 -0.111002 0.750910
vn 0.392185 0.277389 0.877067
vn 0.034300 0.306004 0.951412
vn 0.012300 0.220195 0.975378
vn 0.433185 0.201593 0.878471
vn -0.662679 0.401187 0.632380
vn -0.676821 0.443814 0.587318
vn -0.466806 0.414305 0.781309
vn -0.501168 0.388875 0.773050
vn 0.267308 0.125304 0.955429
vn -0.022000 0.067100 0.997504
vn -0.104496 0.057498 0.992862
vn 0.245389 0.073197 0.966657
vn 0.991736 0.045102 0.120104
vn 0.970532 -0.103303 0.217707
vn 0.935682 -0.133797 0.326494
vn 0.938531 -0.081603 0.335411
vn 0.151794 0.089396 0.984361
vn 0.596791 0.119898 0.793388
vn 0.671170 0.140494 0.727868
vn 0.258987 0.156892 0.953053
vn 0.717799 0.141600 0.681699
vn 0.465403 0.175101 0.867606
vn 0.444523 0.065803 0.893347
vn 0.720083 0.058899 0.691384
vn -0.028701 0.186506 0.982034
vn -0.018899 0.227192 0.973667
vn -0.235089 0.086096 0.968153
vn -0.261009 0.031201 0.964832
vn -0.976113 -0.041801 0.213203
vn -0.966719 -0.055701 0.249705
vn -0.985817 -0.033701 0.164403
vn -0.990919 -0.025600 0.132003
vn -0.594715 -0.137904 0.792020
vn -0.649761 -0.072696 0.756655
vn -0.652625 -0.160306 0.740528
vn -0.528187 -0.316892 0.787780
vn -0.055800 0.065300 0.996304
vn -0.376705 0.098201 0.921113
vn -0.389291 0.020899 0.920878
vn -0.145798 0.037999 0.988584
vn -0.185705 0.223606 0.956825
vn -0.375501 0.251301 0.892103
vn -0.376705 0.098201 0.921113
vn -0.055800 0.065300 0.996304
vn 0.292283 0.027198 0.955945
vn -0.028701 0.186506 0.982034
vn 0.010600 0.133695 0.990966
vn 0.370401 -0.032500 0.928303
vn -0.991089 -0.087999 0.099999
vn -0.991027 -0.127904 0.038801
vn -0.984803 -0.156600 -0.075100
vn -0.982139 -0.187407 0.016801
vn -0.662821 0.099603 0.742124
vn -0.716333 -0.006100 0.697732
vn -0.389291 0.020899 0.920878
vn -0.376705 0.098201 0.921113
vn -0.621577 -0.081797 0.779071
vn -0.578306 -0.080801 0.811809
vn -0.545292 -0.164797 0.821887
vn -0.625893 -0.120199 0.770591
vn -0.180000 0.130300 0.974999
vn -0.079703 0.067402 0.994537
vn 0.206693 0.051198 0.977065
vn 0.281005 0.153102 0.947415
vn 0.764535 0.220410 0.605728
vn 0.638797 0.168499 0.750697
vn 0.679660 0.110493 0.725157
vn 0.821731 0.123105 0.556421
vn 0.677890 0.055199 0.733089
vn 0.497591 0.130198 0.857585
vn 0.537577 0.186792 0.822265
vn 0.701979 0.147395 0.696779
vn 0.604282 0.181695 0.775777
vn 0.682796 0.004500 0.730595
vn 0.532980 -0.070697 0.843169
vn 0.404694 0.103399 0.908588
vn -0.810017 0.153303 0.566012
vn -0.779079 0.108397 0.617483
vn -0.750269 0.031699 0.660373
vn -0.766682 0.026399 0.641485
vn -0.979423 -0.141703 0.143703
vn -0.944919 -0.104402 0.310206
vn -0.950112 -0.123302 0.286504
vn -0.978985 -0.087099 0.184397
vn -0.865153 0.112294 0.488774
vn -0.778926 -0.010900 0.627021
vn -0.785873 -0.053398 0.616079
vn -0.873730 0.038101 0.484917
vn -0.839378 0.218294 0.497787
vn -0.748269 0.131794 0.650173
vn -0.778926 -0.010900 0.627021
vn -0.865153 0.112294 0.488774
vn -0.999805 -0.011600 -0.016000
vn -0.988861 -0.031399 0.145494
vn -0.990257 -0.065297 0.122995
vn -0.999491 -0.028000 0.015300
vn -0.748269 0.131794 0.650173
vn -0.714965 0.232789 0.659268
vn -0.579401 0.084000 0.810702
vn -0.630103 0.003500 0.776504
vn -0.778926 -0.010900 0.627021
vn -0.653780 -0.155295 0.740577
vn -0.685925 -0.169206 0.707726
vn -0.785873 -0.053398 0.616079
vn -0.748269 0.131794 0.650173
vn -0.630103 0.003500 0.776504
vn -0.653780 -0.155295 0.740577
vn -0.778926 -0.010900 0.627021
vn 0.834293 0.150099 0.530496
vn 0.842637 0.089904 0.530923
vn 0.935679 0.132097 0.327193
vn 0.885516 0.183103 0.427008
vn 0.013300 0.125501 0.992004
vn 0.403877 0.029198 0.914347
vn 0.373200 0.016700 0.927601
vn 0.005400 0.115104 0.993339
vn 0.965651 -0.066404 0.251213
vn 0.937600 -0.045700 0.344700
vn 0.894285 -0.065399 0.442693
vn 0.905293 -0.081499 0.416897
vn 0.521699 0.323299 0.789499
vn 0.537577 0.186792 0.822265
vn 0.352212 0.190006 0.916430
vn 0.304212 0.208808 0.929437
vn 0.375501 0.251301 0.892103
vn 0.315292 0.229694 0.920778
vn 0.205696 0.247195 0.946881
vn 0.185705 0.223606 0.956825
vn 0.748269 0.131794 0.650173
vn 0.714965 0.232789 0.659268
vn 0.822411 0.285604 0.492007
vn 0.839378 0.218294 0.497787
vn -0.735395 -0.037600 0.676595
vn -0.804076 -0.051599 0.592283
vn -0.573697 -0.195899 0.795296
vn -0.496091 -0.147297 0.855685
vn -0.914623 0.128003 0.383510
vn -0.930093 0.051500 0.363697
vn -0.804076 -0.051599 0.592283
vn -0.735395 -0.037600 0.676595
vn 0.797981 -0.150896 0.583486
vn 0.929265 -0.119396 0.349587
vn 0.930093 0.051500 0.363697
vn 0.804076 -0.051599 0.592283
vn -0.060498 0.004300 0.998159
vn 0.188702 -0.006800 0.982011
vn 0.206693 0.051198 0.977065
vn -0.079703 0.067402 0.994537
vn 0.567920 -0.223608 0.792128
vn 0.797981 -0.150896 0.583486
vn 0.804076 -0.051599 0.592283
vn 0.573697 -0.195899 0.795296
vn -0.797898 -0.150900 0.583599
vn -0.807392 -0.198298 0.555694
vn -0.561476 -0.235190 0.793366
vn -0.567920 -0.223608 0.792128
vn -0.735395 -0.037600 0.676595
vn -0.804076 -0.051599 0.592283
vn -0.573697 -0.195899 0.795296
vn -0.496091 -0.147297 0.855685
vn 0.835447 0.119907 0.536330
vn 0.838369 0.031699 0.544180
vn 0.903795 0.078000 0.420798
vn 0.878005 0.148901 0.454902
vn 0.826776 0.073698 0.557683
vn 0.865302 0.049500 0.498801
vn 0.819319 0.134603 0.557313
vn 0.786967 0.111295 0.606874
vn 0.797981 -0.150896 0.583486
vn 0.807392 -0.198298 0.555694
vn 0.938110 -0.180302 0.295703
vn 0.929265 -0.119396 0.349587
vn 0.804076 -0.051599 0.592283
vn 0.930093 0.051500 0.363697
vn 0.914623 0.128003 0.383510
vn 0.735395 -0.037600 0.676595
vn -0.930093 0.051500 0.363697
vn -0.929265 -0.119396 0.349587
vn -0.797898 -0.150900 0.583599
vn -0.804076 -0.051599 0.592283
vn -0.864733 -0.091003 0.493919
vn -0.816990 -0.121099 0.563793
vn -0.846690 -0.185798 0.498594
vn -0.861991 -0.164198 0.479595
vn -0.864733 -0.091003 0.493919
vn -0.832019 0.075302 0.549613
vn -0.763756 0.038398 0.644363
vn -0.816990 -0.121099 0.563793
vn 0.630477 -0.047198 0.774772
vn 0.648788 -0.083398 0.756386
vn 0.594715 -0.137904 0.792020
vn 0.649766 -0.072596 0.756660
vn -0.763756 0.038398 0.644363
vn -0.686690 0.116898 0.717490
vn -0.648011 0.079101 0.757513
vn -0.709402 -0.001500 0.704802
vn 0.790952 -0.071696 0.607663
vn 0.701421 -0.176605 0.690521
vn 0.672869 -0.122394 0.729566
vn 0.808996 -0.016000 0.587597
vn -0.763756 0.038398 0.644363
vn -0.709402 -0.001500 0.704802
vn -0.767418 -0.151404 0.623014
vn -0.816990 -0.121099 0.563793
vn -0.154497 0.165797 0.973983
vn -0.294990 0.164295 0.941269
vn -0.310390 0.060698 0.948669
vn -0.093301 0.043000 0.994709
vn 0.846690 -0.185798 0.498594
vn 0.842764 -0.218191 0.492079
vn 0.767418 -0.151404 0.623014
vn 0.816990 -0.121099 0.563793
vn -0.054798 -0.160794 0.985466
vn 0.027300 -0.089600 0.995604
vn -0.449199 -0.077100 0.890099
vn -0.584606 -0.138501 0.799408
vn 0.990873 0.000800 0.134796
vn 0.990966 -0.043399 0.126896
vn 0.982120 -0.096902 0.161403
vn 0.959315 -0.028400 0.280905
vn -0.517820 0.108104 0.848632
vn -0.664611 0.123502 0.736912
vn -0.667823 0.118504 0.734826
vn -0.426277 0.115794 0.897151
vn 0.763805 0.038400 0.644304
vn 0.686690 0.116898 0.717490
vn 0.756313 0.173403 0.630811
vn 0.832019 0.075302 0.549613
vn -0.847622 0.027001 0.529914
vn -0.834575 0.071898 0.546183
vn -0.854093 -0.039800 0.518596
vn -0.871293 -0.025600 0.490096
vn -0.885516 0.183103 0.427008
vn -0.834293 0.150099 0.530496
vn -0.834575 0.071898 0.546183
vn -0.847622 0.027001 0.529914
vn -0.834293 0.150099 0.530496
vn -0.885516 0.183103 0.427008
vn -0.935710 0.132101 0.327103
vn -0.842637 0.089904 0.530923
vn -0.834293 0.150099 0.530496
vn -0.842637 0.089904 0.530923
vn -0.722929 0.069403 0.687428
vn -0.697499 0.067500 0.713399
vn 0.572422 0.129105 0.809731
vn 0.267308 0.125304 0.955429
vn 0.245389 0.073197 0.966657
vn 0.590292 0.056799 0.805189
vn -0.834293 0.150099 0.530496
vn -0.697499 0.067500 0.713399
vn -0.791133 0.048402 0.609726
vn -0.834575 0.071898 0.546183
vn -0.992366 -0.094197 0.079597
vn -0.970162 -0.149994 0.190493
vn -0.969475 -0.092698 0.226994
vn -0.985322 -0.052901 0.162304
vn 0.854093 -0.039800 0.518596
vn 0.823966 -0.048298 0.564577
vn 0.791133 0.048402 0.609726
vn 0.834575 0.071898 0.546183
vn -0.049700 -0.055900 0.997199
vn -0.658768 -0.087296 0.747264
vn -0.824798 -0.030600 0.564599
vn -0.410903 -0.017700 0.911507
vn 0.646875 -0.025499 0.762170
vn 0.656901 -0.059800 0.751601
vn 0.707499 -0.027000 0.706199
vn 0.654500 -0.047000 0.754600
vn 0.700420 0.050801 0.711921
vn 0.631186 0.008700 0.775583
vn 0.578474 0.072597 0.812464
vn 0.679401 0.108500 0.725701
vn -0.998905 0.011700 0.045300
vn -0.989590 -0.063199 -0.129299
vn -0.985564 -0.107496 0.130795
vn -0.985001 -0.004100 0.172500
vn -0.878005 0.148901 0.454902
vn -0.835447 0.119907 0.536330
vn -0.803110 0.193002 0.563707
vn -0.843609 0.187102 0.503306
vn -0.903795 0.078000 0.420798
vn -0.838369 0.031699 0.544180
vn -0.835447 0.119907 0.536330
vn -0.878005 0.148901 0.454902
vn 0.991736 0.045102 0.120104
vn 0.938531 -0.081603 0.335411
vn 0.946926 -0.027101 0.320309
vn 0.990421 0.049501 0.128903
vn -0.247908 -0.117504 0.961631
vn -0.646722 -0.107404 0.755126
vn -0.695630 -0.129506 0.706631
vn -0.300194 -0.176097 0.937482
vn -0.826298 0.084900 0.556798
vn -0.840388 0.032800 0.540992
vn -0.883822 0.053001 0.464812
vn -0.880774 0.115697 0.459186
vn -0.940405 0.206601 0.270101
vn -0.901500 0.149600 0.406100
vn -0.907683 0.114298 0.403792
vn -0.948981 0.133897 0.285494
vn -0.824881 0.092498 0.557687
vn -0.837009 0.023000 0.546706
vn -0.907683 0.114298 0.403792
vn -0.901500 0.149600 0.406100
vn 0.895686 -0.388594 0.216197
vn 0.894986 -0.385894 0.223797
vn 0.891594 -0.378298 0.248898
vn 0.919411 -0.287103 0.268803
vn 0.916359 -0.007800 0.400282
vn 0.907683 0.114298 0.403792
vn 0.948981 0.133897 0.285494
vn 0.943770 -0.065298 0.324090
vn 0.916359 -0.007800 0.400282
vn 0.892346 -0.057903 0.447623
vn 0.837055 0.023001 0.546636
vn 0.907683 0.114298 0.403792
vn -0.056702 0.104303 0.992928
vn -0.452574 0.104794 0.885548
vn -0.449214 0.149504 0.880827
vn -0.015699 0.097996 0.995063
vn -0.534323 0.243211 0.809535
vn -0.656598 0.234999 0.716697
vn -0.662679 0.401187 0.632380
vn -0.501168 0.388875 0.773050
vn -0.789559 -0.121294 0.601569
vn -0.806475 -0.184694 0.561682
vn -0.529781 -0.249291 0.810670
vn -0.498316 -0.253108 0.829227
vn 0.803110 0.193002 0.563707
vn 0.735290 0.171898 0.655591
vn 0.802228 0.050002 0.594921
vn 0.835447 0.119907 0.536330
vn 0.026500 0.145403 0.989018
vn -0.537124 0.059003 0.841437
vn -0.598740 0.076805 0.797253
vn -0.024001 0.127506 0.991547
vn 0.835447 0.119907 0.536330
vn 0.802228 0.050002 0.594921
vn 0.803802 -0.026600 0.594302
vn 0.838369 0.031699 0.544180
vn -0.991089 -0.087999 0.099999
vn -0.989189 -0.133899 0.059799
vn -0.966745 -0.194709 0.165808
vn -0.977377 -0.133197 0.164296
vn -0.991089 -0.087999 0.099999
vn -0.991027 -0.127904 0.038801
vn -0.992536 -0.115204 -0.040001
vn -0.989189 -0.133899 0.059799
vn -0.957053 -0.281486 -0.069397
vn -0.944536 -0.319612 0.075503
vn -0.966745 -0.194709 0.165808
vn -0.989189 -0.133899 0.059799
vn 0.151707 0.130706 0.979745
vn 0.360220 0.077404 0.929651
vn -0.042800 0.117999 0.992091
vn -0.451002 0.130001 0.883004
vn 0.961743 -0.115505 0.248411
vn 0.879740 -0.167908 0.444820
vn 0.888394 -0.235798 0.393897
vn 0.946523 -0.238206 0.217605
vn -0.944573 -0.246893 -0.216394
vn -0.856691 -0.365296 -0.364196
vn -0.922082 -0.371793 -0.107398
vn -0.957053 -0.281486 -0.069397
vn -0.991089 -0.087999 0.099999
vn -0.982139 -0.187407 0.016801
vn -0.957180 -0.266994 0.111898
vn -0.977377 -0.133197 0.164296
vn 0.052799 0.094899 0.994086
vn 0.010600 0.133695 0.990966
vn -0.327793 0.062499 0.942680
vn -0.402507 0.000600 0.915417
vn 0.927308 -0.373303 0.027300
vn 0.922082 -0.371793 -0.107398
vn 0.957053 -0.281486 -0.069397
vn 0.944536 -0.319612 0.075503
vn 0.943475 -0.327891 -0.048399
vn 0.894282 -0.323893 -0.308794
vn 0.966974 -0.201794 -0.155696
vn 0.971418 -0.236604 0.019100
vn -0.820705 -0.067900 0.567303
vn -0.785928 -0.183307 0.590521
vn -0.653181 -0.169095 0.738079
vn -0.651181 -0.131296 0.747479
vn 0.944573 -0.246893 -0.216394
vn 0.992536 -0.115204 -0.040001
vn 0.989189 -0.133899 0.059799
vn 0.957053 -0.281486 -0.069397
vn -0.967705 -0.192801 0.162401
vn -0.979842 -0.172007 0.101604
vn -0.983335 -0.177506 0.039301
vn -0.987735 -0.123604 0.095403
vn -0.783458 -0.119394 0.609868
vn -0.832335 -0.267011 0.485720
vn -0.842369 -0.229092 0.487782
vn -0.849005 -0.136301 0.510503
vn 0.548307 -0.263104 0.793811
vn 0.798573 -0.250091 0.547481
vn 0.806475 -0.184694 0.561682
vn 0.529781 -0.249291 0.810670
vn -0.984997 -0.127500 0.116300
vn -0.995520 -0.079102 0.051801
vn -0.991028 -0.133204 0.011000
vn -0.979842 -0.172007 0.101604
vn -0.971658 -0.213591 0.101296
vn -0.984869 -0.173194 -0.006100
vn -0.987174 -0.159096 -0.013300
vn -0.990303 -0.133100 0.039800
vn 0.983335 -0.177506 0.039301
vn 0.976559 -0.191392 -0.098496
vn 0.991028 -0.133204 0.011000
vn 0.979842 -0.172007 0.101604
vn 0.984997 -0.127500 0.116300
vn 0.958386 -0.186197 0.216397
vn 0.967705 -0.192801 0.162401
vn 0.979842 -0.172007 0.101604
vn -0.559301 -0.202300 0.803901
vn -0.672869 -0.122394 0.729566
vn -0.653680 0.049098 0.755177
vn -0.549595 -0.079999 0.831592
vn -0.182896 0.070798 0.980580
vn -0.649575 0.129595 0.749171
vn -0.452574 0.104794 0.885548
vn -0.056702 0.104303 0.992928
vn -0.971658 -0.213591 0.101296
vn -0.960380 -0.222595 0.167696
vn -0.983353 -0.181310 0.012001
vn -0.984869 -0.173194 -0.006100
vn -0.986310 -0.135901 -0.093401
vn -0.988000 -0.132000 -0.080200
vn -0.987174 -0.159096 -0.013300
vn -0.984869 -0.173194 -0.006100
vn 0.068199 0.125998 0.989684
vn 0.032700 0.146902 0.988611
vn -0.149895 0.137695 0.979067
vn -0.207301 0.102400 0.972903
vn 0.987174 -0.159096 -0.013300
vn 0.984869 -0.173194 -0.006100
vn 0.971658 -0.213591 0.101296
vn 0.990303 -0.133100 0.039800
vn 0.590292 0.056799 0.805189
vn 0.245389 0.073197 0.966657
vn 0.270002 -0.107801 0.956806
vn 0.598076 -0.093496 0.795967
vn 0.177602 0.052301 0.982712
vn -0.195006 -0.041301 0.979932
vn -0.340801 0.007800 0.940103
vn 0.040601 0.066902 0.996933
vn 0.986310 -0.135901 -0.093401
vn 0.979721 -0.190104 -0.063301
vn 0.983353 -0.181310 0.012001
vn 0.984869 -0.173194 -0.006100
vn -0.983700 -0.043800 0.174400
vn -0.981656 -0.089796 0.168192
vn -0.946811 -0.162402 0.277803
vn -0.972261 -0.127195 0.196292
vn -0.983700 -0.043800 0.174400
vn -0.989875 -0.086298 0.112697
vn -0.997347 -0.067103 0.028201
vn -0.981656 -0.089796 0.168192
vn -0.971418 -0.236604 0.019100
vn -0.944643 -0.236311 0.227610
vn -0.946811 -0.162402 0.277803
vn -0.981656 -0.089796 0.168192
vn -0.966974 -0.201794 -0.155696
vn -0.971418 -0.236604 0.019100
vn -0.981656 -0.089796 0.168192
vn -0.997347 -0.067103 0.028201
vn 0.641087 0.078098 0.763484
vn 0.753396 0.124899 0.645597
vn 0.798400 0.074500 0.597500
vn 0.620775 0.141194 0.771169
vn -0.966974 -0.201794 -0.155696
vn -0.894282 -0.323893 -0.308794
vn -0.943475 -0.327891 -0.048399
vn -0.971418 -0.236604 0.019100
vn 0.572592 -0.069499 0.816889
vn 0.442009 -0.032601 0.896418
vn 0.312713 0.004000 0.949839
vn 0.417283 -0.005200 0.908762
vn 0.667217 -0.132303 0.733019
vn 0.788863 -0.161492 0.592972
vn 0.777688 -0.030900 0.627890
vn 0.617013 -0.038401 0.786016
vn 0.943474 -0.294592 0.151896
vn 0.943475 -0.327891 -0.048399
vn 0.971418 -0.236604 0.019100
vn 0.944643 -0.236311 0.227610
vn 0.971878 -0.079398 0.221695
vn 0.918593 -0.110999 0.379297
vn 0.874004 -0.091100 0.477302
vn 0.923774 -0.067798 0.376889
vn 0.963283 -0.135998 0.231496
vn 0.979635 -0.187507 0.071803
vn 0.981893 -0.133199 0.134699
vn 0.948148 -0.102005 0.301015
vn -0.944573 -0.246893 -0.216394
vn -0.957053 -0.281486 -0.069397
vn -0.989189 -0.133899 0.059799
vn -0.992536 -0.115204 -0.040001
vn -0.985141 -0.084704 0.149406
vn -0.985352 -0.094895 0.141693
vn -0.961168 -0.130996 0.242892
vn -0.973682 -0.140697 0.179297
vn -0.969797 -0.084800 0.228699
vn -0.979980 -0.081398 0.181696
vn -0.985723 -0.131303 0.105402
vn -0.971818 -0.149203 0.182503
vn 0.068602 -0.035201 0.997023
vn -0.322307 0.005100 0.946621
vn -0.247908 -0.117504 0.961631
vn 0.231495 -0.125698 0.964681
vn -0.731905 -0.001200 0.681405
vn -0.446515 0.024901 0.894430
vn -0.437895 0.038799 0.898189
vn -0.743570 0.057598 0.666173
vn -0.989381 -0.130398 0.064199
vn -0.983005 -0.181701 0.026200
vn -0.969033 -0.134005 0.207407
vn -0.957083 -0.106098 0.269695
vn -0.990716 -0.128002 -0.045801
vn -0.987464 -0.138995 -0.074797
vn -0.983005 -0.181701 0.026200
vn -0.989381 -0.130398 0.064199
vn 0.662784 0.022199 0.748482
vn 0.631723 0.057902 0.773029
vn 0.620709 0.033800 0.783312
vn 0.598384 -0.007100 0.801178
vn 0.961168 -0.130996 0.242892
vn 0.957083 -0.106098 0.269695
vn 0.989381 -0.130398 0.064199
vn 0.985352 -0.094895 0.141693
vn 0.949059 -0.133994 0.285188
vn 0.977648 -0.181690 0.105794
vn 0.980918 -0.130402 0.144203
vn 0.932104 -0.106100 0.346302
vn 0.953006 -0.122001 0.277302
vn 0.948148 -0.102005 0.301015
vn 0.981893 -0.133199 0.134699
vn 0.976858 -0.099396 0.189392
vn 0.993593 -0.100599 0.051500
vn 0.991480 -0.081398 0.101698
vn 0.985141 -0.084704 0.149406
vn 0.985352 -0.094895 0.141693
vn 0.990716 -0.128002 -0.045801
vn 0.993593 -0.100599 0.051500
vn 0.985352 -0.094895 0.141693
vn 0.989381 -0.130398 0.064199
vn -0.969797 -0.084800 0.228699
vn -0.971818 -0.149203 0.182503
vn -0.942065 -0.204492 0.265890
vn -0.955948 -0.140707 0.257613
vn -0.969797 -0.084800 0.228699
vn -0.979980 -0.081398 0.181696
vn -0.986147 -0.100595 0.131893
vn -0.970622 -0.094902 0.221105
vn -0.989381 -0.130398 0.064199
vn -0.957083 -0.106098 0.269695
vn -0.961168 -0.130996 0.242892
vn -0.985352 -0.094895 0.141693
vn 0.692886 0.172596 0.700086
vn 0.571080 0.161894 0.804772
vn 0.574120 0.109404 0.811429
vn 0.706702 0.111300 0.698702
vn -0.980918 -0.130402 0.144203
vn -0.977648 -0.181690 0.105794
vn -0.949059 -0.133994 0.285188
vn -0.932104 -0.106100 0.346302
vn -0.991171 -0.127996 0.034599
vn -0.990278 -0.138997 0.005400
vn -0.977648 -0.181690 0.105794
vn -0.980918 -0.130402 0.144203
vn 0.938285 -0.130998 0.320095
vn 0.970622 -0.094902 0.221105
vn 0.969805 -0.084700 0.228701
vn 0.955948 -0.140707 0.257613
vn 0.938285 -0.130998 0.320095
vn 0.932104 -0.106100 0.346302
vn 0.980918 -0.130402 0.144203
vn 0.970622 -0.094902 0.221105
vn 0.761364 0.031298 0.647569
vn 0.760431 0.035901 0.648426
vn 0.633519 0.062202 0.771223
vn 0.574573 0.049398 0.816961
vn 0.983005 -0.181701 0.026200
vn 0.987464 -0.138995 -0.074797
vn 0.990716 -0.128002 -0.045801
vn 0.989381 -0.130398 0.064199
vn -0.985141 -0.084704 0.149406
vn -0.991480 -0.081398 0.101698
vn -0.993593 -0.100599 0.051500
vn -0.985352 -0.094895 0.141693
vn 0.991171 -0.127996 0.034599
vn 0.986147 -0.100595 0.131893
vn 0.970622 -0.094902 0.221105
vn 0.980918 -0.130402 0.144203
vn -0.981623 -0.080102 0.173204
vn -0.978556 -0.107195 0.175892
vn -0.937161 -0.151294 0.314387
vn -0.951741 -0.147906 0.268912
vn 0.915820 0.035601 0.400009
vn 0.917852 -0.010699 0.396779
vn 0.860952 -0.004000 0.508671
vn 0.837328 0.009500 0.546618
vn -0.983222 -0.160004 0.087602
vn -0.945838 -0.190308 0.263010
vn -0.937161 -0.151294 0.314387
vn -0.978556 -0.107195 0.175892
vn -0.754647 -0.032202 0.655341
vn -0.795212 -0.126402 0.593009
vn -0.674697 -0.069700 0.734797
vn -0.662891 0.022100 0.748390
vn -0.593862 0.118792 0.795749
vn -0.431118 0.100004 0.896737
vn -0.587134 -0.019801 0.809247
vn -0.668317 0.028801 0.743319
vn -0.982506 -0.156401 -0.101101
vn -0.942598 -0.230099 -0.241999
vn -0.972155 -0.223890 0.069197
vn -0.983222 -0.160004 0.087602
vn 0.679978 0.030999 0.732577
vn 0.457809 0.060101 0.887017
vn 0.509911 0.003700 0.860219
vn 0.690201 -0.005000 0.723601
vn -0.623075 0.128295 0.771569
vn -0.646089 0.260896 0.717288
vn -0.589869 0.291985 0.752861
vn -0.566584 0.261893 0.781278
vn 0.949580 -0.222295 0.221095
vn 0.972155 -0.223890 0.069197
vn 0.983222 -0.160004 0.087602
vn 0.945838 -0.190308 0.263010
vn 0.965651 -0.066404 0.251213
vn 0.905293 -0.081499 0.416897
vn 0.946498 -0.166900 0.276199
vn 0.973719 -0.192004 0.122502
vn 0.994876 -0.091598 0.042799
vn 0.991480 -0.081398 0.101698
vn 0.981623 -0.080102 0.173204
vn 0.978556 -0.107195 0.175892
vn 0.982506 -0.156401 -0.101101
vn 0.994876 -0.091598 0.042799
vn 0.978556 -0.107195 0.175892
vn 0.983222 -0.160004 0.087602
vn 0.961168 -0.130996 0.242892
vn 0.985352 -0.094895 0.141693
vn 0.985141 -0.084704 0.149406
vn 0.973682 -0.140697 0.179297
vn 0.986300 -0.108800 0.124000
vn 0.990687 -0.055799 -0.124198
vn 0.997849 0.012799 0.064297
vn 0.983680 -0.009100 0.179696
vn 0.614286 -0.119497 0.779983
vn -0.028300 -0.097800 0.994804
vn -0.130902 -0.142402 0.981115
vn 0.738800 -0.172400 0.651500
vn 0.986147 -0.100595 0.131893
vn 0.979980 -0.081398 0.181696
vn 0.969805 -0.084700 0.228701
vn 0.970622 -0.094902 0.221105
vn -0.871214 -0.080201 0.484308
vn -0.820502 -0.024900 0.571101
vn -0.909183 0.001700 0.416392
vn -0.936119 -0.106702 0.335107
vn -0.643177 0.102896 0.758773
vn -0.676095 0.119899 0.726994
vn -0.795112 0.080401 0.601109
vn -0.804531 0.053202 0.591523
vn 0.942065 -0.204492 0.265890
vn 0.971818 -0.149203 0.182503
vn 0.969797 -0.084800 0.228699
vn 0.955948 -0.140707 0.257613
vn 0.942065 -0.204492 0.265890
vn 0.937189 -0.248597 0.244697
vn 0.966585 -0.244696 0.076399
vn 0.971818 -0.149203 0.182503
vn 0.940888 -0.270096 0.204397
vn 0.954628 -0.292508 0.055902
vn 0.966585 -0.244696 0.076399
vn 0.937189 -0.248597 0.244697
vn 0.954628 -0.292508 0.055902
vn 0.951580 -0.278094 -0.130997
vn 0.971246 -0.233411 -0.046902
vn 0.966585 -0.244696 0.076399
vn 0.985723 -0.131303 0.105402
vn 0.979980 -0.081398 0.181696
vn 0.969797 -0.084800 0.228699
vn 0.971818 -0.149203 0.182503
vn 0.971246 -0.233411 -0.046902
vn 0.985723 -0.131303 0.105402
vn 0.971818 -0.149203 0.182503
vn 0.966585 -0.244696 0.076399
vn -0.417910 0.029101 0.908022
vn -0.466583 -0.004100 0.884468
vn 0.061500 0.060100 0.996296
vn 0.062998 0.087497 0.994171
vn 0.992536 -0.115204 -0.040001
vn 0.991027 -0.127904 0.038801
vn 0.991089 -0.087999 0.099999
vn 0.989189 -0.133899 0.059799
vn -0.912636 -0.381115 -0.147806
vn -0.904202 -0.427001 -0.009400
vn -0.957180 -0.266994 0.111898
vn -0.982139 -0.187407 0.016801
vn -0.910386 -0.325295 -0.255696
vn -0.912636 -0.381115 -0.147806
vn -0.982139 -0.187407 0.016801
vn -0.984803 -0.156600 -0.075100
vn 0.630608 0.135902 0.764110
vn 0.467085 0.142395 0.872671
vn 0.469004 0.095601 0.878007
vn 0.643428 0.089704 0.760233
vn 0.785928 -0.183307 0.590521
vn 0.946022 -0.214905 0.242606
vn 0.909802 -0.095100 0.404001
vn 0.820705 -0.067900 0.567303
vn 0.957180 -0.266994 0.111898
vn 0.982139 -0.187407 0.016801
vn 0.991089 -0.087999 0.099999
vn 0.977377 -0.133197 0.164296
vn -0.372115 0.039702 0.927337
vn -0.417910 0.029101 0.908022
vn 0.062998 0.087497 0.994171
vn 0.037600 0.066100 0.997104
vn 0.879925 -0.472214 -0.052402
vn 0.876970 -0.454384 -0.156395
vn 0.912636 -0.381115 -0.147806
vn 0.904202 -0.427001 -0.009400
vn 0.876970 -0.454384 -0.156395
vn 0.872200 -0.394500 -0.289200
vn 0.910386 -0.325295 -0.255696
vn 0.912636 -0.381115 -0.147806
vn 0.984803 -0.156600 -0.075100
vn 0.991027 -0.127904 0.038801
vn 0.991089 -0.087999 0.099999
vn 0.982139 -0.187407 0.016801
vn -0.110198 0.117998 0.986880
vn -0.182592 -0.085596 0.979456
vn -0.431396 0.037300 0.901391
vn -0.056902 0.072503 0.995744
vn 0.355612 0.002600 0.934630
vn 0.238896 -0.043199 0.970084
vn 0.328518 0.065104 0.942251
vn 0.411791 0.060299 0.909281
vn -0.914809 -0.168402 0.367104
vn -0.910220 -0.222605 0.349208
vn -0.956316 -0.173603 0.235204
vn -0.952051 -0.126607 0.278515
vn 0.947024 -0.213406 0.240006
vn 0.917810 -0.300903 0.259003
vn 0.908195 -0.253299 0.333198
vn 0.951050 -0.247613 0.184910
vn -0.956316 -0.173603 0.235204
vn -0.974068 -0.148395 0.170794
vn -0.982293 -0.094799 0.161599
vn -0.952051 -0.126607 0.278515
vn 0.955653 -0.091296 0.279986
vn 0.952051 -0.126607 0.278515
vn 0.914874 -0.168295 0.366990
vn 0.907677 -0.129497 0.399190
vn 0.955653 -0.091296 0.279986
vn 0.997499 -0.060100 0.037200
vn 0.982293 -0.094799 0.161599
vn 0.952051 -0.126607 0.278515
vn -0.890071 -0.101897 0.444286
vn -0.899982 -0.151397 0.408792
vn -0.923892 -0.022400 0.381997
vn -0.857722 -0.001200 0.514113
vn -0.031500 0.069399 0.997092
vn 0.550589 0.185596 0.813883
vn 0.636013 0.121103 0.762116
vn 0.073098 0.055598 0.995774
vn -0.904406 -0.269602 0.330702
vn -0.909437 -0.316513 0.269711
vn -0.866909 -0.285503 0.408604
vn -0.843529 -0.257709 0.471216
vn -0.698310 -0.095401 0.709410
vn -0.751512 -0.198303 0.629210
vn -0.650418 -0.243707 0.719419
vn -0.635778 -0.178394 0.750974
vn 0.914198 -0.347999 0.207699
vn 0.903767 -0.427985 0.005800
vn 0.948011 -0.265603 0.175302
vn 0.914899 -0.224500 0.335500
vn -0.899216 -0.436808 -0.024700
vn -0.918695 -0.357598 0.167699
vn -0.909437 -0.316513 0.269711
vn -0.908571 -0.381888 0.169295
vn -0.912385 -0.239996 0.331595
vn -0.912432 -0.126104 0.389314
vn -0.938273 -0.118697 0.324891
vn -0.925841 -0.182588 0.330879
vn -0.899216 -0.436808 -0.024700
vn -0.855632 -0.476918 -0.201107
vn -0.906485 -0.418193 0.058299
vn -0.918695 -0.357598 0.167699
vn 0.677302 -0.067500 0.732602
vn 0.666518 0.036001 0.744620
vn 0.594002 0.009900 0.804403
vn 0.611585 -0.056199 0.789180
vn 0.866909 -0.285503 0.408604
vn 0.887936 -0.288412 0.358314
vn 0.918695 -0.357598 0.167699
vn 0.909437 -0.316513 0.269711
vn 0.899601 -0.351400 0.259300
vn 0.906485 -0.418193 0.058299
vn 0.918695 -0.357598 0.167699
vn 0.887936 -0.288412 0.358314
vn -0.970046 -0.046602 0.238411
vn -0.971303 0.008300 0.237701
vn -0.945250 -0.021801 0.325617
vn -0.962103 -0.042200 0.269401
vn 0.908571 -0.381888 0.169295
vn 0.902858 -0.354483 0.243289
vn 0.904406 -0.269602 0.330702
vn 0.909437 -0.316513 0.269711
vn -0.936119 -0.106702 0.335107
vn -0.909183 0.001700 0.416392
vn -0.947789 -0.000600 0.318896
vn -0.980823 -0.108503 0.161904
vn -0.845783 -0.145197 0.513390
vn -0.858265 -0.181393 0.480081
vn -0.795314 -0.205204 0.570410
vn -0.785791 -0.138899 0.602693
vn -0.845783 -0.145197 0.513390
vn -0.856778 -0.280093 0.432989
vn -0.881678 -0.259494 0.394090
vn -0.858265 -0.181393 0.480081
vn 0.946811 -0.162402 0.277803
vn 0.944643 -0.236311 0.227610
vn 0.971418 -0.236604 0.019100
vn 0.981656 -0.089796 0.168192
vn -0.807014 -0.066201 0.586810
vn -0.783692 -0.180998 0.594194
vn -0.648105 -0.165701 0.743306
vn -0.635786 -0.106498 0.764483
vn 0.525103 0.212801 0.824004
vn 0.493201 0.121400 0.861403
vn 0.042001 0.287305 0.956918
vn 0.011601 0.362417 0.931944
vn 0.678707 -0.042000 0.733207
vn 0.635786 -0.106498 0.764483
vn 0.807014 -0.066201 0.586810
vn 0.824032 -0.100704 0.557522
vn -0.691237 -0.047903 0.721039
vn -0.677032 -0.005200 0.735935
vn -0.746485 -0.004700 0.665386
vn -0.779992 -0.024900 0.625294
vn 0.795314 -0.205204 0.570410
vn 0.798568 -0.299188 0.522279
vn 0.870109 -0.304803 0.387304
vn 0.858265 -0.181393 0.480081
vn 0.810578 -0.359390 0.462387
vn 0.859111 -0.410305 0.305904
vn 0.870109 -0.304803 0.387304
vn 0.798568 -0.299188 0.522279
vn 0.859111 -0.410305 0.305904
vn 0.878796 -0.477198 0.000900
vn 0.910598 -0.338799 0.236699
vn 0.870109 -0.304803 0.387304
vn -0.294990 0.164295 0.941269
vn -0.154497 0.165797 0.973983
vn -0.133799 0.128899 0.982590
vn -0.216011 0.122706 0.968650
vn 0.910598 -0.338799 0.236699
vn 0.881678 -0.259494 0.394090
vn 0.858265 -0.181393 0.480081
vn 0.870109 -0.304803 0.387304
vn 0.908436 -0.332913 0.252810
vn 0.891916 -0.303406 0.335306
vn 0.898593 -0.227998 0.374897
vn 0.931633 -0.284810 0.225708
vn 0.225409 0.287311 0.930937
vn 0.604104 0.284202 0.744505
vn 0.551125 0.258612 0.793336
vn 0.179309 0.205710 0.962046
vn -0.635778 -0.178394 0.750974
vn -0.650418 -0.243707 0.719419
vn -0.597893 -0.311696 0.738491
vn -0.688164 -0.258186 0.678064
vn -0.907498 -0.415199 0.063700
vn -0.866838 -0.449320 0.216110
vn -0.864616 -0.445608 0.232104
vn -0.915129 -0.338811 0.218507
vn -0.907498 -0.415199 0.063700
vn -0.898988 -0.422195 -0.116499
vn -0.874168 -0.428884 -0.227792
vn -0.893589 -0.443395 -0.069999
vn -0.915129 -0.338811 0.218507
vn -0.935370 -0.351689 0.037399
vn -0.898988 -0.422195 -0.116499
vn -0.907498 -0.415199 0.063700
vn 0.874168 -0.428884 -0.227792
vn 0.893589 -0.443395 -0.069999
vn 0.857639 -0.492222 -0.148907
vn 0.872487 -0.427594 -0.236496
vn 0.991019 0.002300 0.133703
vn 0.965690 -0.000000 0.259697
vn 0.977664 -0.068798 0.198593
vn 0.996975 -0.077098 0.009800
vn 0.258987 0.156892 0.953053
vn 0.671170 0.140494 0.727868
vn 0.813600 0.113700 0.570200
vn 0.498688 0.148996 0.853880
vn 0.907683 0.114298 0.403792
vn 0.901500 0.149600 0.406100
vn 0.940405 0.206601 0.270101
vn 0.948981 0.133897 0.285494
vn 0.893589 -0.443395 -0.069999
vn 0.898200 -0.380400 0.220300
vn 0.888390 -0.448595 0.097599
vn 0.857639 -0.492222 -0.148907
vn 0.893589 -0.443395 -0.069999
vn 0.907498 -0.415199 0.063700
vn 0.866882 -0.449291 0.215995
vn 0.898200 -0.380400 0.220300
vn -0.836576 -0.253093 0.485886
vn -0.850386 -0.173897 0.496592
vn -0.801130 -0.182707 0.569921
vn -0.801003 -0.201301 0.563802
vn -0.845679 -0.295393 0.444489
vn -0.850386 -0.173897 0.496592
vn -0.836576 -0.253093 0.485886
vn -0.805492 -0.406196 0.431495
vn 0.845679 -0.295393 0.444489
vn 0.805492 -0.406196 0.431495
vn 0.836595 -0.253199 0.485797
vn 0.850386 -0.173897 0.496592
vn -0.910386 -0.325295 -0.255696
vn -0.872200 -0.394500 -0.289200
vn -0.876970 -0.454384 -0.156395
vn -0.912636 -0.381115 -0.147806
vn 0.850386 -0.173897 0.496592
vn 0.875110 -0.284303 0.391604
vn 0.891807 -0.241602 0.382503
vn 0.845679 -0.295393 0.444489
vn 0.875110 -0.284303 0.391604
vn 0.803198 -0.276799 0.527499
vn 0.817811 -0.363805 0.445906
vn 0.875110 -0.284303 0.391604
vn 0.817811 -0.363805 0.445906
vn 0.850794 -0.433797 0.296598
vn 0.891807 -0.241602 0.382503
vn 0.875110 -0.284303 0.391604
vn 0.850794 -0.433797 0.296598
vn 0.886437 -0.409617 0.215509
vn 0.763805 0.038400 0.644304
vn 0.709402 -0.001500 0.704802
vn 0.648011 0.079101 0.757513
vn 0.686690 0.116898 0.717490
vn 0.801130 -0.182707 0.569921
vn 0.803198 -0.276799 0.527499
vn 0.875110 -0.284303 0.391604
vn 0.850386 -0.173897 0.496592
vn -0.875110 -0.284303 0.391604
vn -0.817811 -0.363805 0.445906
vn -0.803198 -0.276799 0.527499
vn -0.875110 -0.284303 0.391604
vn -0.850794 -0.433797 0.296598
vn -0.817811 -0.363805 0.445906
vn -0.850794 -0.433797 0.296598
vn -0.875110 -0.284303 0.391604
vn -0.891807 -0.241602 0.382503
vn -0.886437 -0.409617 0.215509
vn -0.904523 -0.246006 0.348309
vn -0.864714 -0.216503 0.453207
vn -0.851495 -0.212899 0.479197
vn -0.887101 -0.263600 0.378901
vn -0.881655 -0.471876 0.004200
vn -0.905800 -0.423700 -0.002300
vn -0.936090 -0.341996 -0.082299
vn -0.929312 -0.369205 0.008200
vn -0.860112 -0.503307 0.083001
vn -0.881580 -0.451290 0.138397
vn -0.905800 -0.423700 -0.002300
vn -0.881655 -0.471876 0.004200
vn -0.897484 -0.368794 0.241896
vn -0.948395 -0.289398 0.129599
vn -0.905800 -0.423700 -0.002300
vn -0.881580 -0.451290 0.138397
vn -0.786967 0.111295 0.606874
vn -0.826776 0.073698 0.557683
vn -0.753724 0.068402 0.653621
vn -0.710622 0.095803 0.697021
vn -0.948395 -0.289398 0.129599
vn -0.962801 -0.261800 -0.066900
vn -0.936090 -0.341996 -0.082299
vn -0.905800 -0.423700 -0.002300
vn 0.910386 -0.325295 -0.255696
vn 0.984803 -0.156600 -0.075100
vn 0.982139 -0.187407 0.016801
vn 0.912636 -0.381115 -0.147806
vn 0.923475 -0.262293 0.279993
vn 0.889894 -0.336398 0.308098
vn 0.887101 -0.263600 0.378901
vn 0.904523 -0.246006 0.348309
vn 0.229293 -0.200094 0.952569
vn 0.248813 -0.181209 0.951449
vn 0.232906 -0.200406 0.951626
vn 0.216400 -0.215600 0.952201
vn 0.947266 -0.172294 0.270190
vn 0.948395 -0.289398 0.129599
vn 0.962801 -0.261800 -0.066900
vn 0.976621 -0.205405 0.063401
vn 0.947266 -0.172294 0.270190
vn 0.908695 -0.290198 0.300098
vn 0.897484 -0.368794 0.241896
vn 0.948395 -0.289398 0.129599
vn -0.998905 0.011700 0.045300
vn -0.985001 -0.004100 0.172500
vn -0.971303 0.008300 0.237701
vn -0.978620 -0.055301 0.198104
vn 0.282586 0.149293 0.947553
vn 0.599799 0.191900 0.776798
vn 0.721593 0.221898 0.655794
vn 0.314308 0.191405 0.929825
vn -0.866208 -0.378604 0.326103
vn -0.887101 -0.263600 0.378901
vn -0.851495 -0.212899 0.479197
vn -0.832442 -0.364475 0.417371
vn -0.866208 -0.378604 0.326103
vn -0.866367 -0.419684 0.270690
vn -0.889894 -0.336398 0.308098
vn -0.887101 -0.263600 0.378901
vn -0.857639 -0.492222 -0.148907
vn -0.893589 -0.443395 -0.069999
vn -0.874168 -0.428884 -0.227792
vn -0.872487 -0.427594 -0.236496
vn -0.923475 -0.262293 0.279993
vn -0.904523 -0.246006 0.348309
vn -0.887101 -0.263600 0.378901
vn -0.889894 -0.336398 0.308098
vn 0.607591 -0.009900 0.794188
vn 0.461502 0.075700 0.883904
vn 0.651195 0.073999 0.755294
vn 0.680909 0.042901 0.731110
vn -0.923475 -0.262293 0.279993
vn -0.908476 -0.408589 0.087898
vn -0.886083 -0.368493 0.281195
vn -0.904523 -0.246006 0.348309
vn 0.207601 -0.148301 0.966907
vn 0.229293 -0.200094 0.952569
vn 0.216400 -0.215600 0.952201
vn 0.208098 -0.144399 0.967390
vn 0.851495 -0.212899 0.479197
vn 0.864714 -0.216503 0.453207
vn 0.904523 -0.246006 0.348309
vn 0.887101 -0.263600 0.378901
vn 0.862614 -0.333905 0.380006
vn 0.886083 -0.368493 0.281195
vn 0.904523 -0.246006 0.348309
vn 0.864714 -0.216503 0.453207
vn -0.918695 -0.357598 0.167699
vn -0.906485 -0.418193 0.058299
vn -0.899601 -0.351400 0.259300
vn -0.887936 -0.288412 0.358314
vn -0.948981 0.133897 0.285494
vn -0.907683 0.114298 0.403792
vn -0.916359 -0.007800 0.400282
vn -0.943770 -0.065298 0.324090
vn -0.334193 -0.053599 0.940979
vn -0.463018 -0.023601 0.886035
vn -0.442009 -0.032601 0.896418
vn -0.312713 0.004000 0.949839
vn -0.865538 -0.361816 0.346315
vn -0.862568 -0.235891 0.447584
vn -0.804094 -0.240698 0.543596
vn -0.809672 -0.367987 0.457184
vn -0.865538 -0.361816 0.346315
vn -0.872238 -0.402518 0.277812
vn -0.901437 -0.284712 0.326113
vn -0.862568 -0.235891 0.447584
vn -0.873935 -0.228809 0.428817
vn -0.797382 -0.218095 0.562687
vn -0.804094 -0.240698 0.543596
vn -0.862568 -0.235891 0.447584
vn 0.868416 -0.005200 0.495809
vn 0.841485 0.030999 0.539390
vn 0.653681 0.066098 0.753878
vn 0.725307 0.012800 0.688307
vn -0.884058 -0.232089 0.405681
vn -0.847971 -0.121696 0.515883
vn -0.912432 -0.126104 0.389314
vn -0.912385 -0.239996 0.331595
vn -0.873935 -0.228809 0.428817
vn -0.869427 -0.327510 0.369911
vn -0.823195 -0.288498 0.488997
vn -0.797382 -0.218095 0.562687
vn -0.754814 -0.054001 0.653712
vn -0.650827 -0.160207 0.742131
vn -0.656901 -0.059800 0.751601
vn -0.707499 -0.027000 0.706199
vn -0.363014 0.143705 0.920635
vn -0.402581 0.084696 0.911458
vn 0.060400 0.151599 0.986595
vn 0.041400 0.155901 0.986905
vn 0.886083 -0.368493 0.281195
vn 0.908476 -0.408589 0.087898
vn 0.923475 -0.262293 0.279993
vn 0.904523 -0.246006 0.348309
vn 0.869427 -0.327510 0.369911
vn 0.908093 -0.299298 0.292898
vn 0.919541 -0.198609 0.339115
vn 0.873935 -0.228809 0.428817
vn 0.941993 -0.031000 0.334198
vn 0.930725 -0.103703 0.350709
vn 0.983680 -0.009100 0.179696
vn 0.975608 -0.002900 0.219502
vn 0.873935 -0.228809 0.428817
vn 0.919541 -0.198609 0.339115
vn 0.901382 -0.284794 0.326194
vn 0.862589 -0.235797 0.447594
vn -0.891594 -0.378298 0.248898
vn -0.919411 -0.287103 0.268803
vn -0.900833 -0.222508 0.372814
vn -0.872611 -0.347804 0.342904
vn -0.891594 -0.378298 0.248898
vn -0.894986 -0.385894 0.223797
vn -0.895686 -0.388594 0.216197
vn -0.919411 -0.287103 0.268803
vn -0.947021 0.006500 0.321107
vn -0.944692 -0.137599 0.297697
vn -0.806475 -0.184694 0.561682
vn -0.789559 -0.121294 0.601569
vn -0.934808 -0.348003 0.070901
vn -0.948011 -0.265603 0.175302
vn -0.919411 -0.287103 0.268803
vn -0.895686 -0.388594 0.216197
vn -0.948011 -0.265603 0.175302
vn -0.903767 -0.427985 0.005800
vn -0.914198 -0.347999 0.207699
vn -0.914899 -0.224500 0.335500
vn -0.991624 -0.123503 0.037801
vn -0.971136 -0.229808 -0.063902
vn -0.974966 -0.214192 0.059698
vn -0.979423 -0.141703 0.143703
vn 0.752714 -0.145303 0.642112
vn 0.744028 -0.091704 0.661825
vn 0.386889 -0.089497 0.917773
vn 0.279114 -0.145007 0.949246
vn 0.900833 -0.222508 0.372814
vn 0.914899 -0.224500 0.335500
vn 0.948011 -0.265603 0.175302
vn 0.919411 -0.287103 0.268803
vn 0.773131 0.125405 0.621725
vn 0.550909 0.189303 0.812813
vn 0.538512 0.123503 0.833518
vn 0.821946 0.036998 0.568363
vn 0.903767 -0.427985 0.005800
vn 0.876900 -0.445900 -0.179500
vn 0.934808 -0.348003 0.070901
vn 0.948011 -0.265603 0.175302
vn -0.060498 0.004300 0.998159
vn 0.188702 -0.006800 0.982011
vn 0.207893 0.051998 0.976768
vn -0.079498 0.066999 0.994581
vn 0.725111 0.005400 0.688611
vn 0.651781 -0.039499 0.757378
vn 0.618414 -0.019200 0.785618
vn 0.699592 0.018900 0.714292
vn -0.818674 -0.139396 0.557083
vn -0.758380 -0.006300 0.651783
vn -0.863795 -0.060500 0.500197
vn -0.911292 -0.145499 0.385197
vn 0.062998 0.087497 0.994171
vn 0.061500 0.060100 0.996296
vn 0.513197 0.052000 0.856694
vn 0.466215 0.058602 0.882728
vn -0.909802 -0.095100 0.404001
vn -0.820705 -0.067900 0.567303
vn -0.838275 -0.160195 0.521184
vn -0.850315 -0.223604 0.476409
vn -0.909802 -0.095100 0.404001
vn -0.946022 -0.214905 0.242606
vn -0.785928 -0.183307 0.590521
vn -0.820705 -0.067900 0.567303
vn -0.594800 0.286200 0.751200
vn -0.687398 0.103300 0.718898
vn -0.477513 0.196705 0.856323
vn -0.344310 0.355310 0.869025
vn 0.295203 0.028500 0.955009
vn 0.724708 0.008100 0.689008
vn 0.589798 0.169799 0.789498
vn 0.347921 0.148709 0.925655
vn 0.716421 -0.100303 0.690420
vn 0.838275 -0.160195 0.521184
vn 0.842720 -0.323508 0.430310
vn 0.737812 -0.267104 0.619910
vn 0.716421 -0.100303 0.690420
vn 0.651181 -0.131296 0.747479
vn 0.820705 -0.067900 0.567303
vn 0.838275 -0.160195 0.521184
vn 0.653181 -0.169095 0.738079
vn 0.785928 -0.183307 0.590521
vn 0.820705 -0.067900 0.567303
vn 0.651181 -0.131296 0.747479
vn -0.991171 -0.127996 0.034599
vn -0.980918 -0.130402 0.144203
vn -0.970622 -0.094902 0.221105
vn -0.986147 -0.100595 0.131893
vn 0.838275 -0.160195 0.521184
vn 0.850315 -0.223604 0.476409
vn 0.859768 -0.304889 0.409685
vn 0.842720 -0.323508 0.430310
vn 0.931633 -0.284810 0.225708
vn 0.898593 -0.227998 0.374897
vn 0.894959 -0.101795 0.434380
vn 0.962322 -0.184104 0.200105
vn -0.590795 0.221598 0.775793
vn -0.624028 0.027001 0.780935
vn -0.548206 0.124601 0.827009
vn -0.445004 0.264402 0.855607
vn -0.966585 -0.244696 0.076399
vn -0.937189 -0.248597 0.244697
vn -0.942065 -0.204492 0.265890
vn -0.971818 -0.149203 0.182503
vn -0.915398 -0.052600 0.399099
vn -0.807014 -0.066201 0.586810
vn -0.824032 -0.100704 0.557522
vn -0.891123 -0.172704 0.419611
vn -0.915398 -0.052600 0.399099
vn -0.943357 -0.212990 0.254388
vn -0.783692 -0.180998 0.594194
vn -0.807014 -0.066201 0.586810
vn -0.807014 -0.066201 0.586810
vn -0.635786 -0.106498 0.764483
vn -0.678707 -0.042000 0.733207
vn -0.824032 -0.100704 0.557522
vn -0.881324 -0.244707 0.404211
vn -0.891123 -0.172704 0.419611
vn -0.824032 -0.100704 0.557522
vn -0.829961 -0.207290 0.517876
vn 0.678707 -0.042000 0.733207
vn 0.824032 -0.100704 0.557522
vn 0.829961 -0.207290 0.517876
vn 0.690956 -0.136691 0.709855
vn -0.469008 0.095502 0.878015
vn -0.467085 0.142395 0.872671
vn -0.630608 0.135902 0.764110
vn -0.643428 0.089704 0.760233
vn 0.648009 -0.165602 0.743411
vn 0.783692 -0.180998 0.594194
vn 0.807014 -0.066201 0.586810
vn 0.635786 -0.106498 0.764483
vn 0.493788 0.070998 0.866679
vn 0.667823 0.118504 0.734826
vn 0.426277 0.115794 0.897151
vn 0.185393 0.039698 0.981862
vn 0.824032 -0.100704 0.557522
vn 0.891123 -0.172704 0.419611
vn 0.881324 -0.244707 0.404211
vn 0.829961 -0.207290 0.517876
vn 0.729817 0.075002 0.679516
vn 0.652430 0.103605 0.750734
vn 0.703506 0.026200 0.710206
vn 0.801146 0.025301 0.597934
vn -0.874879 -0.275593 0.398290
vn -0.908337 -0.168907 0.382616
vn -0.966106 -0.149001 0.210801
vn -0.942304 -0.330601 0.052600
vn -0.808893 -0.240998 0.536295
vn -0.801949 -0.174511 0.571335
vn -0.908337 -0.168907 0.382616
vn -0.874879 -0.275593 0.398290
vn -0.801949 -0.174511 0.571335
vn -0.828939 -0.136107 0.542526
vn -0.894959 -0.101795 0.434380
vn -0.908337 -0.168907 0.382616
vn 0.323793 0.069398 0.943579
vn -0.056702 0.104303 0.992928
vn -0.015699 0.097996 0.995063
vn 0.552588 -0.030899 0.832882
vn 0.821731 0.123105 0.556421
vn 0.679660 0.110493 0.725157
vn 0.691704 -0.126001 0.711104
vn 0.787728 0.001300 0.616022
vn -0.894959 -0.101795 0.434380
vn -0.898593 -0.227998 0.374897
vn -0.931633 -0.284810 0.225708
vn -0.962322 -0.184104 0.200105
vn -0.898593 -0.227998 0.374897
vn -0.891916 -0.303406 0.335306
vn -0.908436 -0.332913 0.252810
vn -0.931633 -0.284810 0.225708
vn -0.883386 -0.271496 0.381994
vn -0.877317 -0.295806 0.377907
vn -0.891916 -0.303406 0.335306
vn -0.898593 -0.227998 0.374897
vn 0.668299 -0.017000 0.743699
vn 0.766076 0.024599 0.642280
vn 0.730166 0.124294 0.671869
vn 0.613807 0.132201 0.778309
vn 0.966106 -0.149001 0.210801
vn 0.962322 -0.184104 0.200105
vn 0.894959 -0.101795 0.434380
vn 0.908337 -0.168907 0.382616
vn 0.930870 -0.142795 0.336289
vn 0.947323 -0.146504 0.284807
vn 0.947528 -0.192906 0.254908
vn 0.936369 -0.182094 0.300090
vn -0.875594 -0.054200 0.479997
vn -0.934135 -0.089903 0.345413
vn -0.954648 -0.187490 0.231287
vn -0.915325 -0.213906 0.341209
vn 0.946811 -0.162402 0.277803
vn 0.981656 -0.089796 0.168192
vn 0.983700 -0.043800 0.174400
vn 0.972261 -0.127195 0.196292
vn -0.760558 0.062397 0.646265
vn -0.732938 -0.060103 0.677635
vn -0.601992 -0.096999 0.792589
vn -0.612831 0.016601 0.790040
vn 0.898593 -0.227998 0.374897
vn 0.883386 -0.271496 0.381994
vn 0.828939 -0.136107 0.542526
vn 0.894959 -0.101795 0.434380
vn 0.622071 -0.049998 0.781363
vn -0.049700 -0.055900 0.997199
vn -0.410903 -0.017700 0.911507
vn 0.663104 -0.052200 0.746705
vn 0.803479 0.017200 0.595085
vn 0.619703 0.019100 0.784604
vn 0.721321 -0.089303 0.686820
vn 0.873378 -0.146496 0.464488
vn 0.630199 0.048800 0.774899
vn 0.407918 0.077303 0.909740
vn 0.469290 0.010600 0.882981
vn 0.655595 0.005300 0.755094
vn 0.972155 -0.223890 0.069197
vn 0.942598 -0.230099 -0.241999
vn 0.982506 -0.156401 -0.101101
vn 0.983222 -0.160004 0.087602
vn -0.820917 -0.130603 0.555912
vn -0.859610 -0.328204 0.391604
vn -0.880118 -0.275406 0.386708
vn -0.870879 -0.164396 0.463189
vn -0.870879 -0.164396 0.463189
vn -0.901857 -0.223514 0.369723
vn -0.938273 -0.118697 0.324891
vn -0.912432 -0.126104 0.389314
vn -0.880118 -0.275406 0.386708
vn -0.891059 -0.288887 0.350084
vn -0.901857 -0.223514 0.369723
vn -0.870879 -0.164396 0.463189
vn 0.938273 -0.118697 0.324891
vn 0.912432 -0.126104 0.389314
vn 0.912385 -0.239996 0.331595
vn 0.925841 -0.182588 0.330879
vn -0.820705 -0.067900 0.567303
vn -0.651181 -0.131296 0.747479
vn -0.716421 -0.100303 0.690420
vn -0.838275 -0.160195 0.521184
vn 0.640910 0.177503 0.746812
vn 0.483694 0.185798 0.855289
vn 0.478400 0.123600 0.869400
vn 0.643107 0.108101 0.758108
vn 0.912432 -0.126104 0.389314
vn 0.847971 -0.121696 0.515883
vn 0.884058 -0.232089 0.405681
vn 0.912385 -0.239996 0.331595
vn 0.912432 -0.126104 0.389314
vn 0.870879 -0.164396 0.463189
vn 0.820917 -0.130603 0.555912
vn 0.847971 -0.121696 0.515883
vn -0.697967 0.040798 0.714967
vn -0.684022 0.069702 0.726124
vn -0.571001 0.020200 0.820701
vn -0.716313 -0.118102 0.687712
vn -0.901829 -0.400613 0.161905
vn -0.915325 -0.213906 0.341209
vn -0.954648 -0.187490 0.231287
vn -0.931693 -0.344497 0.115199
vn -0.906284 -0.288395 0.308995
vn -0.899656 -0.196612 0.389824
vn -0.968696 -0.121299 0.216599
vn -0.933328 -0.355611 -0.049401
vn -0.809819 -0.185104 0.556713
vn -0.796473 -0.075997 0.599880
vn -0.875594 -0.054200 0.479997
vn -0.915325 -0.213906 0.341209
vn -0.796473 -0.075997 0.599880
vn -0.783458 -0.119394 0.609868
vn -0.849005 -0.136301 0.510503
vn -0.875594 -0.054200 0.479997
vn -0.344121 -0.059204 0.937057
vn -0.357184 -0.022699 0.933758
vn -0.358988 -0.011800 0.933268
vn -0.326489 -0.031699 0.944669
vn -0.216709 0.044102 0.975240
vn -0.495818 0.047402 0.867132
vn -0.492800 0.109700 0.863200
vn -0.203909 0.093204 0.974543
vn -0.849005 -0.136301 0.510503
vn -0.842369 -0.229092 0.487782
vn -0.889601 -0.236400 0.390800
vn -0.918199 -0.142500 0.369600
vn -0.657918 -0.201905 0.725520
vn -0.662812 -0.208704 0.719113
vn -0.558797 -0.353698 0.750096
vn -0.662694 -0.285597 0.692294
vn -0.670229 0.086204 0.737131
vn -0.715003 0.044500 0.697703
vn -0.729817 0.075002 0.679516
vn -0.652430 0.103605 0.750734
vn 0.954648 -0.187490 0.231287
vn 0.934135 -0.089903 0.345413
vn 0.875594 -0.054200 0.479997
vn 0.915325 -0.213906 0.341209
vn 0.918199 -0.142500 0.369600
vn 0.849005 -0.136301 0.510503
vn 0.875594 -0.054200 0.479997
vn 0.934135 -0.089903 0.345413
vn -0.782826 0.211707 0.585119
vn -0.752106 0.170501 0.636605
vn -0.643107 0.108101 0.758108
vn -0.640910 0.177503 0.746812
vn 0.915325 -0.213906 0.341209
vn 0.809819 -0.185104 0.556713
vn 0.860079 -0.335192 0.384591
vn 0.901829 -0.400613 0.161905
vn -0.918503 -0.065800 0.389901
vn -0.904177 0.030199 0.426089
vn -0.883680 0.027399 0.467289
vn -0.840100 -0.069200 0.538000
vn -0.669104 -0.009800 0.743104
vn -0.681815 0.089602 0.726016
vn -0.617082 0.033699 0.786177
vn -0.733400 -0.049400 0.678000
vn 0.842369 -0.229092 0.487782
vn 0.832335 -0.267011 0.485720
vn 0.783458 -0.119394 0.609868
vn 0.849005 -0.136301 0.510503
vn -0.187891 0.038098 0.981451
vn -0.156702 -0.085801 0.983912
vn -0.418492 -0.204996 0.884783
vn -0.497807 -0.094601 0.862113
vn -0.594800 0.286200 0.751200
vn -0.344310 0.355310 0.869025
vn -0.332408 0.356109 0.873322
vn -0.477805 0.367703 0.797808
vn 0.990837 -0.006500 0.134905
vn 0.999730 0.022701 -0.004900
vn 0.987834 0.091003 0.126104
vn 0.972601 0.054500 0.226000
vn 0.736116 0.072002 0.673015
vn 0.828985 0.027599 0.558590
vn 0.786905 -0.024100 0.616604
vn 0.752480 -0.013200 0.658483
vn 0.582396 -0.073299 0.809594
vn -0.024900 -0.119700 0.992498
vn -0.350204 -0.163402 0.922311
vn 0.675214 -0.165503 0.718815
vn 0.497477 0.100295 0.861660
vn 0.620775 0.141194 0.771169
vn 0.505724 0.159407 0.847840
vn 0.619285 0.055799 0.783181
vn 0.937341 -0.201109 0.284512
vn 0.960982 -0.215596 0.173297
vn 0.945277 -0.162896 0.282693
vn 0.937605 -0.251301 0.240301
vn -0.881721 -0.094002 0.462311
vn -0.909289 -0.032500 0.414895
vn -0.883822 0.053001 0.464812
vn -0.840388 0.032800 0.540992
vn -0.446515 0.024901 0.894430
vn -0.731905 -0.001200 0.681405
vn -0.758339 -0.084704 0.646333
vn -0.465989 -0.004300 0.884780
vn 0.925702 -0.083600 0.368901
vn 0.870875 -0.086198 0.483886
vn 0.860952 -0.004000 0.508671
vn 0.917852 -0.010699 0.396779
vn 0.960982 -0.215596 0.173297
vn 0.975652 -0.215811 -0.039102
vn 0.980195 -0.183199 0.075200
vn 0.945277 -0.162896 0.282693
vn 0.889673 0.060398 0.452586
vn 0.743570 0.057598 0.666173
vn 0.731905 -0.001200 0.681405
vn 0.905569 0.003400 0.424185
vn 0.588607 0.064901 0.805810
vn 0.367900 0.080200 0.926400
vn 0.389699 0.073600 0.917997
vn 0.570219 0.059602 0.819328
vn 0.414599 -0.246800 0.875898
vn 0.138497 -0.344593 0.928480
vn 0.117998 -0.115398 0.986286
vn 0.414085 -0.104096 0.904267
vn 0.926917 -0.062601 0.370007
vn 0.973617 -0.032901 0.225804
vn 0.979403 -0.086600 0.182401
vn 0.940489 -0.147598 0.306096
vn -0.679401 0.108500 0.725701
vn -0.700420 0.050801 0.711921
vn -0.796821 0.039601 0.602916
vn -0.777464 0.139894 0.613172
vn 0.761976 0.023499 0.647179
vn 0.842606 0.043100 0.536804
vn 0.722451 0.074895 0.687354
vn 0.571996 0.094499 0.814795
vn -0.919285 -0.008800 0.393494
vn -0.955731 0.008800 0.294110
vn -0.962249 0.068103 0.263513
vn -0.928089 0.037200 0.370496
vn 0.117998 -0.115398 0.986286
vn 0.138497 -0.344593 0.928480
vn -0.206603 -0.203103 0.957113
vn -0.138695 -0.089697 0.986265
vn -0.662812 -0.208704 0.719113
vn -0.644293 -0.199898 0.738192
vn -0.390822 -0.329818 0.859348
vn -0.558797 -0.353698 0.750096
vn -0.205696 0.247195 0.946881
vn -0.315292 0.229694 0.920778
vn -0.375501 0.251301 0.892103
vn -0.185705 0.223606 0.956825
vn 0.990837 -0.006500 0.134905
vn 0.965139 -0.053502 0.256210
vn 0.970802 -0.100100 0.218000
vn 0.991885 -0.064099 0.109798
vn 0.718912 0.038901 0.694012
vn 0.599684 0.153996 0.785280
vn 0.606184 0.165196 0.777979
vn 0.666518 0.036001 0.744620
vn 0.735309 0.246003 0.631508
vn 0.741745 0.225214 0.631738
vn 0.585782 0.203994 0.784376
vn 0.529117 0.201707 0.824227
vn -0.918503 -0.065800 0.389901
vn -0.941865 -0.046298 0.332788
vn -0.910686 0.028800 0.412094
vn -0.904177 0.030199 0.426089
vn 0.985590 -0.067499 0.155098
vn 0.957591 -0.087899 0.274397
vn 0.937600 -0.045700 0.344700
vn 0.965651 -0.066404 0.251213
vn 0.041400 0.155901 0.986905
vn 0.060400 0.151599 0.986595
vn 0.445003 0.114301 0.888205
vn 0.410323 0.105206 0.905851
vn 0.968602 0.048200 0.243900
vn 0.936025 0.012600 0.351709
vn 0.933761 -0.058498 0.353085
vn 0.964829 0.017301 0.262308
vn 0.907683 0.114298 0.403792
vn 0.837055 0.023001 0.546636
vn 0.824881 0.092498 0.557687
vn 0.901500 0.149600 0.406100
vn 0.279114 -0.145007 0.949246
vn 0.386889 -0.089497 0.917773
vn -0.060200 -0.070400 0.995701
vn -0.101398 -0.126398 0.986784
vn 0.001700 0.005500 0.999983
vn 0.354909 -0.038101 0.934124
vn 0.335896 -0.239697 0.910889
vn -0.017800 -0.168199 0.985592
vn -0.576106 0.214202 0.788809
vn -0.572977 0.217191 0.790269
vn -0.606184 0.165196 0.777979
vn -0.579521 0.162806 0.798530
vn -0.975742 -0.218910 0.002300
vn -0.985876 -0.167296 -0.007800
vn -0.987639 -0.117005 -0.104304
vn -0.988637 -0.139505 -0.056002
vn -0.352212 0.190006 0.916430
vn -0.272504 0.257303 0.927112
vn -0.497591 0.130198 0.857585
vn -0.537577 0.186792 0.822265
vn 0.823948 0.099106 0.557932
vn 0.604366 0.093895 0.791155
vn 0.565471 0.028998 0.824258
vn 0.811910 0.009400 0.583707
vn -0.049700 -0.055900 0.997199
vn -0.024999 0.071097 0.997156
vn -0.598092 0.034399 0.800689
vn -0.658768 -0.087296 0.747264
vn -0.980195 -0.183199 0.075200
vn -0.977368 -0.208893 -0.033399
vn -0.965130 -0.176405 0.193406
vn -0.945277 -0.162896 0.282693
vn -0.677890 0.055199 0.733089
vn -0.702028 0.147406 0.696727
vn -0.537577 0.186792 0.822265
vn -0.497591 0.130198 0.857585
vn 0.414085 -0.104096 0.904267
vn 0.117998 -0.115398 0.986286
vn 0.133397 0.048399 0.989880
vn 0.429507 0.028500 0.902614
vn 0.619332 -0.043202 0.783940
vn 0.584120 -0.131605 0.800927
vn 0.656901 -0.059800 0.751601
vn 0.646875 -0.025499 0.762170
vn -0.663112 0.083802 0.743814
vn -0.709403 0.029100 0.704203
vn -0.555024 0.049902 0.830336
vn -0.526390 0.103798 0.843884
vn 0.854093 -0.039800 0.518596
vn 0.834575 0.071898 0.546183
vn 0.847622 0.027001 0.529914
vn 0.871293 -0.025600 0.490096
vn 0.466806 0.414305 0.781309
vn 0.676821 0.443814 0.587318
vn 0.662679 0.401187 0.632380
vn 0.501301 0.388801 0.773002
vn 0.682796 0.004500 0.730595
vn 0.734620 -0.093403 0.672019
vn 0.608312 -0.165203 0.776315
vn 0.532980 -0.070697 0.843169
vn 0.846690 -0.185798 0.498594
vn 0.816990 -0.121099 0.563793
vn 0.864750 -0.091095 0.493872
vn 0.861991 -0.164198 0.479595
vn 0.550909 0.189303 0.812813
vn 0.336512 0.143805 0.930634
vn 0.217396 0.146797 0.964982
vn 0.538512 0.123503 0.833518
vn -0.937545 -0.105705 0.331416
vn -0.948382 0.054599 0.312394
vn -0.927093 -0.039000 0.372797
vn -0.905117 -0.052501 0.421908
vn 0.107001 -0.441002 0.891105
vn -0.044402 -0.379217 0.924242
vn -0.029400 -0.171200 0.984798
vn 0.158101 -0.122401 0.979807
vn -0.010900 0.048598 0.998759
vn -0.484323 0.038502 0.874042
vn -0.475891 -0.006100 0.879483
vn -0.012799 -0.017799 0.999760
vn 0.834575 0.071898 0.546183
vn 0.834293 0.150099 0.530496
vn 0.885516 0.183103 0.427008
vn 0.847622 0.027001 0.529914
vn 0.400089 0.030299 0.915975
vn 0.058003 0.030601 0.997847
vn 0.027300 -0.089600 0.995604
vn 0.488890 -0.089098 0.867783
vn 0.659699 -0.041200 0.750399
vn 0.676725 -0.066502 0.733227
vn 0.620709 0.033800 0.783312
vn 0.631723 0.057902 0.773029
vn 0.975408 0.058500 0.212502
vn 0.972601 0.054500 0.226000
vn 0.987834 0.091003 0.126104
vn 0.983480 0.097998 0.152197
vn 0.720083 0.058899 0.691384
vn 0.444523 0.065803 0.893347
vn 0.386889 -0.089497 0.917773
vn 0.744028 -0.091704 0.661825
vn 0.792467 0.017099 0.609675
vn 0.817737 -0.076203 0.570526
vn 0.769809 -0.082601 0.632907
vn 0.725111 0.005400 0.688611
vn 0.651009 -0.111002 0.750910
vn 0.778425 -0.082303 0.622320
vn 0.759883 -0.124197 0.638086
vn 0.641213 -0.158503 0.750815
vn 0.376705 0.098201 0.921113
vn 0.375501 0.251301 0.892103
vn 0.185705 0.223606 0.956825
vn 0.055801 0.065201 0.996311
vn 0.871912 -0.119302 0.474907
vn 0.871096 -0.205399 0.446098
vn 0.850723 -0.229606 0.472813
vn 0.821066 -0.139294 0.553577
vn 0.556585 0.130496 0.820478
vn 0.043901 0.109502 0.993017
vn -0.024999 0.071097 0.997156
vn 0.543008 0.068701 0.836912
vn 0.622565 0.105994 0.775357
vn 0.458703 0.136101 0.878105
vn 0.517820 0.108104 0.848632
vn 0.664611 0.123502 0.736912
vn 0.656613 0.234905 0.716714
vn 0.646806 0.125201 0.752307
vn 0.448415 0.105903 0.887529
vn 0.534323 0.243211 0.809535
vn -0.201808 -0.148906 0.968039
vn -0.158403 -0.352208 0.922420
vn -0.455425 -0.332018 0.826046
vn -0.489421 -0.146606 0.859636
vn 0.691727 0.032501 0.721428
vn 0.712614 -0.024901 0.701114
vn 0.694589 0.034299 0.718589
vn 0.651502 0.135200 0.746502
vn -0.661277 -0.039999 0.749074
vn -0.640392 0.079799 0.763891
vn -0.567093 0.049099 0.822189
vn -0.684011 -0.089901 0.723911
vn -0.385804 0.055501 0.920910
vn -0.555024 0.049902 0.830336
vn -0.576517 -0.065902 0.814424
vn -0.359496 -0.053899 0.931589
vn 0.850509 -0.304003 0.429205
vn 0.877934 -0.316312 0.359414
vn 0.899583 -0.367693 0.235696
vn 0.895126 -0.348910 0.277508
vn -0.361816 0.003900 0.932241
vn 0.001700 0.005500 0.999983
vn -0.017800 -0.168199 0.985592
vn -0.356715 -0.226109 0.906438
vn 0.961743 -0.115505 0.248411
vn 0.931784 -0.168197 0.321695
vn 0.876475 -0.169595 0.450587
vn 0.879740 -0.167908 0.444820
vn 0.127004 -0.234308 0.963831
vn -0.158403 -0.352208 0.922420
vn -0.201808 -0.148906 0.968039
vn 0.098998 -0.125997 0.987079
vn 0.994283 -0.045499 0.096598
vn 0.982164 -0.151694 0.111096
vn 0.983586 -0.100599 0.149798
vn 0.985817 -0.033701 0.164403
vn -0.677032 -0.005200 0.735935
vn -0.701120 -0.094003 0.706820
vn -0.787719 -0.100302 0.607815
vn -0.746485 -0.004700 0.665386
vn -0.855535 0.138706 0.498820
vn -0.810017 0.153303 0.566012
vn -0.839496 0.058600 0.540197
vn -0.857652 -0.000300 0.514231
vn -0.842720 -0.323508 0.430310
vn -0.838275 -0.160195 0.521184
vn -0.716421 -0.100303 0.690420
vn -0.737812 -0.267104 0.619910
vn -0.429603 -0.038300 0.902205
vn -0.400413 -0.040701 0.915430
vn -0.426189 -0.116697 0.897076
vn -0.449925 -0.084605 0.889050
vn 0.609387 -0.011900 0.792783
vn 0.601724 0.315313 0.733830
vn 0.610811 0.330906 0.719313
vn 0.639590 0.239396 0.730489
vn 0.656712 -0.053901 0.752213
vn 0.609387 -0.011900 0.792783
vn 0.639590 0.239396 0.730489
vn 0.681530 -0.019401 0.731533
vn 0.733610 0.144602 0.664009
vn 0.595780 0.114296 0.794973
vn 0.665908 0.255803 0.700808
vn 0.731176 0.310990 0.607180
vn 0.706624 0.009600 0.707524
vn 0.733610 0.144602 0.664009
vn 0.731176 0.310990 0.607180
vn 0.679999 -0.036600 0.732299
vn -0.712605 0.201501 0.672005
vn -0.728334 -0.048102 0.683532
vn -0.656669 0.004700 0.754164
vn -0.597417 0.172205 0.783223
vn 0.667899 0.081300 0.739798
vn 0.704774 -0.076697 0.705274
vn 0.472193 0.065099 0.879088
vn 0.653681 0.066098 0.753878
vn 0.900833 -0.222508 0.372814
vn 0.919411 -0.287103 0.268803
vn 0.891594 -0.378298 0.248898
vn 0.872611 -0.347804 0.342904
vn -0.910598 -0.338799 0.236699
vn -0.870109 -0.304803 0.387304
vn -0.858265 -0.181393 0.480081
vn -0.881678 -0.259494 0.394090
vn 0.677279 -0.097197 0.729278
vn 0.661396 0.202099 0.722296
vn 0.673893 0.231898 0.701493
vn 0.700904 0.175201 0.691404
vn 0.677279 -0.097197 0.729278
vn 0.700904 0.175201 0.691404
vn 0.668704 -0.207101 0.714104
vn 0.680704 -0.210701 0.701604
vn 0.801909 0.276703 0.529506
vn 0.792117 0.273006 0.545911
vn 0.831995 0.223899 0.507597
vn 0.848093 0.119499 0.516196
vn 0.810605 -0.028400 0.584904
vn 0.848093 0.119499 0.516196
vn 0.831995 0.223899 0.507597
vn 0.773380 -0.106197 0.624984
vn -0.725764 0.038498 0.686866
vn -0.729887 -0.093898 0.677088
vn -0.579124 -0.085604 0.810733
vn -0.611819 -0.024301 0.790624
vn 0.513423 -0.096104 0.852737
vn 0.603392 -0.058599 0.795289
vn 0.674689 -0.100798 0.731188
vn 0.554395 -0.140599 0.820292
vn 0.486017 0.178006 0.855629
vn 0.177999 0.199499 0.963596
vn 0.311388 0.083997 0.946563
vn 0.619703 0.019100 0.784604
vn -0.774194 -0.082899 0.627496
vn -0.840729 -0.101704 0.531819
vn -0.857722 -0.001200 0.514113
vn -0.864569 -0.023099 0.501982
vn -0.860079 -0.335192 0.384591
vn -0.809819 -0.185104 0.556713
vn -0.915325 -0.213906 0.341209
vn -0.901829 -0.400613 0.161905
vn 0.671125 0.129605 0.729927
vn 0.692522 0.345611 0.633220
vn 0.602793 -0.003500 0.797890
vn 0.557186 -0.003900 0.830379
vn -0.784299 -0.052000 0.618199
vn -0.685122 0.021101 0.728123
vn -0.838116 -0.022900 0.545011
vn -0.935469 -0.265291 0.233492
vn 0.597617 0.041201 0.800723
vn 0.277990 -0.156395 0.947767
vn 0.345182 0.133093 0.929051
vn 0.673390 0.144698 0.724989
vn -0.901437 -0.284712 0.326113
vn -0.919541 -0.198609 0.339115
vn -0.873935 -0.228809 0.428817
vn -0.862568 -0.235891 0.447584
vn -0.731905 -0.001200 0.681405
vn -0.905569 0.003400 0.424185
vn -0.925302 -0.114600 0.361501
vn -0.758339 -0.084704 0.646333
vn -0.613807 0.132201 0.778309
vn -0.451106 0.102101 0.886611
vn -0.567093 0.049099 0.822189
vn -0.640392 0.079799 0.763891
vn -0.629230 0.237211 0.740135
vn -0.579788 0.327193 0.746184
vn -0.498997 0.423998 0.755796
vn -0.492786 0.204094 0.845877
vn -0.714424 0.214507 0.666022
vn -0.721923 0.232007 0.651920
vn -0.682000 -0.100600 0.724400
vn -0.696623 0.085503 0.712324
vn -0.668704 -0.207101 0.714104
vn -0.696623 0.085503 0.712324
vn -0.682000 -0.100600 0.724400
vn -0.680704 -0.210701 0.701604
vn -0.774495 0.151799 0.614096
vn -0.661410 0.202003 0.722310
vn -0.695971 0.209691 0.686771
vn -0.799365 0.052198 0.598574
vn -0.774495 0.151799 0.614096
vn -0.799365 0.052198 0.598574
vn -0.734982 -0.123297 0.666783
vn -0.680805 -0.210702 0.701505
vn -0.562301 0.141700 0.814702
vn -0.602596 0.275198 0.749095
vn -0.593992 0.273396 0.756590
vn -0.570902 0.005100 0.821003
vn 0.851914 -0.164703 0.497108
vn 0.768967 0.004400 0.639273
vn 0.659722 -0.016701 0.751325
vn 0.637307 -0.085001 0.765908
vn -0.665861 0.255785 0.700859
vn -0.595787 0.114197 0.794982
vn -0.731726 0.093003 0.675224
vn -0.733800 0.289700 0.614500
vn -0.570902 0.005100 0.821003
vn -0.673211 -0.094302 0.733412
vn -0.654190 -0.098499 0.749889
vn -0.562301 0.141700 0.814702
vn 0.635498 -0.096900 0.765998
vn 0.778935 -0.118905 0.615728
vn 0.766385 -0.015800 0.642187
vn 0.631397 -0.040600 0.774396
vn 0.525097 -0.051300 0.849495
vn 0.635498 -0.096900 0.765998
vn 0.631397 -0.040600 0.774396
vn 0.403005 0.018500 0.915011
vn 0.403005 0.018500 0.915011
vn 0.631397 -0.040600 0.774396
vn 0.574573 0.049398 0.816961
vn 0.328485 0.079496 0.941158
vn -0.567194 -0.065299 0.820991
vn -0.441599 0.019600 0.896998
vn -0.598208 -0.014400 0.801211
vn -0.659516 -0.104303 0.744419
vn -0.631397 -0.040600 0.774396
vn -0.574573 0.049398 0.816961
vn -0.761364 0.031298 0.647569
vn -0.766385 -0.015800 0.642187
vn -0.633523 0.062102 0.771228
vn -0.760431 0.035901 0.648426
vn -0.761364 0.031298 0.647569
vn -0.574573 0.049398 0.816961
vn -0.766385 -0.015800 0.642187
vn -0.778935 -0.118905 0.615728
vn -0.635498 -0.096900 0.765998
vn -0.631397 -0.040600 0.774396
vn 0.966106 -0.149001 0.210801
vn 0.908337 -0.168907 0.382616
vn 0.874879 -0.275593 0.398290
vn 0.942304 -0.330601 0.052600
vn -0.829961 -0.207290 0.517876
vn -0.824032 -0.100704 0.557522
vn -0.678707 -0.042000 0.733207
vn -0.690956 -0.136691 0.709855
vn -0.631397 -0.040600 0.774396
vn -0.635498 -0.096900 0.765998
vn -0.525097 -0.051300 0.849495
vn -0.403005 0.018500 0.915011
vn -0.574573 0.049398 0.816961
vn -0.631397 -0.040600 0.774396
vn -0.403005 0.018500 0.915011
vn -0.328485 0.079496 0.941158
vn 0.633519 0.062202 0.771223
vn 0.275892 0.115097 0.954273
vn 0.328485 0.079496 0.941158
vn 0.574573 0.049398 0.816961
vn 0.306300 -0.561500 0.768699
vn 0.107001 -0.441002 0.891105
vn 0.158101 -0.122401 0.979807
vn 0.403906 -0.237203 0.883513
vn 0.158101 -0.122401 0.979807
vn -0.029400 -0.171200 0.984798
vn -0.067099 0.071399 0.995188
vn 0.174294 0.094297 0.980168
vn -0.010900 0.048598 0.998759
vn 0.012300 0.220195 0.975378
vn -0.445505 0.137802 0.884611
vn -0.484323 0.038502 0.874042
vn -0.885473 -0.154695 0.438187
vn -0.898673 -0.230793 0.372989
vn -0.914989 -0.147898 0.375395
vn -0.875587 -0.068399 0.478193
vn -0.992739 -0.089104 0.080803
vn -0.992379 -0.071998 0.099998
vn -0.971648 -0.148707 0.183809
vn -0.979906 -0.145901 0.136001
vn 0.474420 0.243210 0.846035
vn 0.221504 0.220004 0.950018
vn 0.177999 0.199499 0.963596
vn 0.486017 0.178006 0.855629
vn 0.752480 -0.013200 0.658483
vn 0.786905 -0.024100 0.616604
vn 0.766292 -0.134799 0.628193
vn -0.786903 -0.024200 0.616602
vn -0.828985 0.027599 0.558590
vn -0.736116 0.072002 0.673015
vn -0.752480 -0.013200 0.658483
vn -0.622235 0.095005 0.777044
vn -0.736116 0.072002 0.673015
vn -0.767603 0.005400 0.640903
vn 0.828985 0.027599 0.558590
vn 0.767603 0.005400 0.640903
vn 0.731769 -0.097996 0.674471
vn 0.910960 -0.174892 0.373584
vn 0.622235 0.095005 0.777044
vn 0.736116 0.072002 0.673015
vn 0.752480 -0.013200 0.658483
vn 0.622235 0.095005 0.777044
vn 0.723307 -0.096101 0.683807
vn 0.767603 0.005400 0.640903
vn 0.710106 -0.114601 0.694706
vn 0.767603 0.005400 0.640903
vn 0.723307 -0.096101 0.683807
vn 0.710106 -0.114601 0.694706
vn 0.731769 -0.097996 0.674471
vn 0.767603 0.005400 0.640903
vn 0.622235 0.095005 0.777044
vn 0.752480 -0.013200 0.658483
vn 0.611485 0.087698 0.786381
vn -0.752480 -0.013200 0.658483
vn -0.766292 -0.134799 0.628193
vn -0.786903 -0.024200 0.616602
vn -0.969797 -0.084800 0.228699
vn -0.970622 -0.094902 0.221105
vn -0.938285 -0.130998 0.320095
vn -0.955948 -0.140707 0.257613
vn -0.622235 0.095005 0.777044
vn -0.752480 -0.013200 0.658483
vn -0.736116 0.072002 0.673015
vn -0.622235 0.095005 0.777044
vn -0.611485 0.087698 0.786381
vn -0.752480 -0.013200 0.658483
vn 0.677503 0.086600 0.730404
vn 0.595495 0.170798 0.784993
vn 0.640587 -0.000900 0.767885
vn 0.684866 0.029698 0.728064
vn -0.622235 0.095005 0.777044
vn -0.767603 0.005400 0.640903
vn -0.723307 -0.096101 0.683807
vn -0.710106 -0.114601 0.694706
vn -0.723307 -0.096101 0.683807
vn -0.767603 0.005400 0.640903
vn -0.710106 -0.114601 0.694706
vn -0.767603 0.005400 0.640903
vn -0.731769 -0.097996 0.674471
vn -0.731769 -0.097996 0.674471
vn -0.767603 0.005400 0.640903
vn -0.828985 0.027599 0.558590
vn -0.910960 -0.174892 0.373584
vn 0.720070 -0.201592 0.663973
vn 0.815934 -0.129205 0.563523
vn 0.853977 -0.030999 0.519386
vn 0.720070 -0.201592 0.663973
vn 0.853977 -0.030999 0.519386
vn 0.784335 -0.102405 0.611827
vn 0.784335 -0.102405 0.611827
vn 0.689827 -0.221909 0.689127
vn 0.720070 -0.201592 0.663973
vn 0.784335 -0.102405 0.611827
vn 0.684993 -0.148799 0.713193
vn 0.689827 -0.221909 0.689127
vn 0.574120 0.109404 0.811429
vn 0.684993 -0.148799 0.713193
vn 0.784335 -0.102405 0.611827
vn -0.574120 0.109404 0.811429
vn -0.706702 0.111300 0.698702
vn -0.853977 -0.030999 0.519386
vn -0.784335 -0.102405 0.611827
vn -0.574120 0.109404 0.811429
vn -0.571080 0.161894 0.804772
vn -0.692886 0.172596 0.700086
vn -0.706702 0.111300 0.698702
vn 0.706702 0.111300 0.698702
vn 0.853977 -0.030999 0.519386
vn 0.845038 0.056402 0.531724
vn 0.838275 -0.160195 0.521184
vn 0.820705 -0.067900 0.567303
vn 0.909802 -0.095100 0.404001
vn 0.850315 -0.223604 0.476409
vn -0.720070 -0.201592 0.663973
vn -0.853977 -0.030999 0.519386
vn -0.815934 -0.129205 0.563523
vn -0.720070 -0.201592 0.663973
vn -0.784335 -0.102405 0.611827
vn -0.853977 -0.030999 0.519386
vn -0.823177 0.060198 0.564584
vn -0.876519 0.055901 0.478110
vn -0.941431 -0.063302 0.331211
vn -0.874707 -0.078801 0.478204
vn -0.706702 0.111300 0.698702
vn -0.845038 0.056402 0.531724
vn -0.853977 -0.030999 0.519386
vn 0.812214 0.116002 0.571710
vn 0.672310 0.174903 0.719311
vn 0.681199 0.115700 0.722898
vn 0.845038 0.056402 0.531724
vn -0.990716 -0.128002 -0.045801
vn -0.989381 -0.130398 0.064199
vn -0.985352 -0.094895 0.141693
vn -0.993593 -0.100599 0.051500
vn -0.784335 -0.102405 0.611827
vn -0.720070 -0.201592 0.663973
vn -0.689827 -0.221909 0.689127
vn -0.784335 -0.102405 0.611827
vn -0.689827 -0.221909 0.689127
vn -0.684993 -0.148799 0.713193
vn -0.574120 0.109404 0.811429
vn -0.784335 -0.102405 0.611827
vn -0.684993 -0.148799 0.713193
vn 0.694916 -0.189704 0.693616
vn 0.812405 -0.128301 0.568803
vn 0.854219 -0.030601 0.519012
vn 0.694916 -0.189704 0.693616
vn 0.854219 -0.030601 0.519012
vn 0.756700 -0.092400 0.647200
vn 0.756700 -0.092400 0.647200
vn 0.660360 -0.204188 0.722656
vn 0.694916 -0.189704 0.693616
vn 0.756700 -0.092400 0.647200
vn 0.648697 -0.150599 0.745997
vn 0.660360 -0.204188 0.722656
vn 0.509688 0.114697 0.852680
vn 0.648697 -0.150599 0.745997
vn 0.756700 -0.092400 0.647200
vn -0.509688 0.114697 0.852680
vn -0.681199 0.115700 0.722898
vn -0.854219 -0.030601 0.519012
vn -0.756700 -0.092400 0.647200
vn -0.934808 -0.348003 0.070901
vn -0.876900 -0.445900 -0.179500
vn -0.903767 -0.427985 0.005800
vn -0.948011 -0.265603 0.175302
vn 0.681199 0.115700 0.722898
vn 0.854219 -0.030601 0.519012
vn 0.845038 0.056402 0.531724
vn -0.681199 0.115700 0.722898
vn -0.672310 0.174903 0.719311
vn -0.812214 0.116002 0.571710
vn -0.845038 0.056402 0.531724
vn -0.694916 -0.189704 0.693616
vn -0.854219 -0.030601 0.519012
vn -0.812405 -0.128301 0.568803
vn -0.694916 -0.189704 0.693616
vn -0.756700 -0.092400 0.647200
vn -0.854219 -0.030601 0.519012
vn -0.681199 0.115700 0.722898
vn -0.845038 0.056402 0.531724
vn -0.854219 -0.030601 0.519012
vn 0.812214 0.116002 0.571710
vn 0.692886 0.172596 0.700086
vn 0.706702 0.111300 0.698702
vn 0.845038 0.056402 0.531724
vn 0.672310 0.174903 0.719311
vn 0.515307 0.164802 0.841011
vn 0.509688 0.114697 0.852680
vn 0.681199 0.115700 0.722898
vn -0.756700 -0.092400 0.647200
vn -0.694916 -0.189704 0.693616
vn -0.660360 -0.204188 0.722656
vn -0.756700 -0.092400 0.647200
vn -0.660360 -0.204188 0.722656
vn -0.648697 -0.150599 0.745997
vn -0.509688 0.114697 0.852680
vn -0.756700 -0.092400 0.647200
vn -0.648697 -0.150599 0.745997
vn 0.477805 0.367703 0.797808
vn 0.594800 0.286200 0.751200
vn 0.716288 0.226596 0.659989
vn 0.663920 0.313709 0.678820
vn 0.677302 -0.067500 0.732602
vn 0.792608 -0.095501 0.602206
vn 0.718912 0.038901 0.694012
vn 0.666518 0.036001 0.744620
vn 0.718092 -0.025200 0.695492
vn 0.759119 0.034901 0.650016
vn 0.821066 -0.139294 0.553577
vn 0.777371 -0.169494 0.605777
vn 0.429507 0.028500 0.902614
vn 0.133397 0.048399 0.989880
vn 0.145398 0.123098 0.981686
vn 0.436603 0.096101 0.894507
vn 0.043800 0.109601 0.993010
vn -0.537300 0.044800 0.842200
vn -0.586491 0.010500 0.809888
vn -0.030200 0.057499 0.997889
vn -0.806475 -0.184694 0.561682
vn -0.944692 -0.137599 0.297697
vn -0.939917 -0.212504 0.267205
vn -0.798573 -0.250091 0.547481
vn 0.709236 -0.056103 0.702735
vn 0.911676 -0.145496 0.384290
vn 0.868416 -0.005200 0.495809
vn 0.725307 0.012800 0.688307
vn 0.725307 0.012800 0.688307
vn 0.593206 -0.008300 0.805008
vn 0.709236 -0.056103 0.702735
vn 0.725307 0.012800 0.688307
vn 0.525497 0.050500 0.849295
vn 0.593206 -0.008300 0.805008
vn 0.472193 0.065099 0.879088
vn 0.525497 0.050500 0.849295
vn 0.725307 0.012800 0.688307
vn 0.472193 0.065099 0.879088
vn 0.725307 0.012800 0.688307
vn 0.653681 0.066098 0.753878
vn 0.667899 0.081300 0.739798
vn 0.704774 -0.076697 0.705274
vn 0.455398 0.061000 0.888196
vn 0.666781 0.051399 0.743479
vn -0.653681 0.066098 0.753878
vn -0.841485 0.030999 0.539390
vn -0.868416 -0.005200 0.495809
vn -0.725307 0.012800 0.688307
vn -0.776102 0.063500 0.627402
vn -0.793821 0.043201 0.606616
vn -0.840388 0.032800 0.540992
vn -0.826298 0.084900 0.556798
vn -0.868416 -0.005200 0.495809
vn -0.911676 -0.145496 0.384290
vn -0.709236 -0.056103 0.702735
vn -0.725307 0.012800 0.688307
vn -0.384018 0.150707 0.910943
vn -0.526390 0.103798 0.843884
vn -0.367304 0.123901 0.921811
vn -0.242995 0.189796 0.951279
vn -0.666781 0.051399 0.743479
vn -0.667899 0.081300 0.739798
vn -0.792827 0.078103 0.604421
vn -0.846581 0.008800 0.532188
vn 0.787901 -0.203800 0.581101
vn 0.705624 -0.245708 0.664622
vn 0.737188 -0.337795 0.585191
vn 0.798758 -0.353881 0.486574
vn -0.725307 0.012800 0.688307
vn -0.709236 -0.056103 0.702735
vn -0.593206 -0.008300 0.805008
vn -0.725307 0.012800 0.688307
vn -0.593206 -0.008300 0.805008
vn -0.525497 0.050500 0.849295
vn -0.472193 0.065099 0.879088
vn -0.725307 0.012800 0.688307
vn -0.525497 0.050500 0.849295
vn -0.472193 0.065099 0.879088
vn -0.653681 0.066098 0.753878
vn -0.725307 0.012800 0.688307
vn -0.859768 -0.304889 0.409685
vn -0.850315 -0.223604 0.476409
vn -0.838275 -0.160195 0.521184
vn -0.842720 -0.323508 0.430310
vn 0.680909 0.042901 0.731110
vn 0.787230 0.006600 0.616624
vn 0.748627 -0.031901 0.662224
vn 0.663495 -0.029600 0.747595
vn 0.776524 0.029001 0.629420
vn 0.681815 0.089602 0.726016
vn 0.648782 0.096897 0.754780
vn 0.776524 0.029001 0.629420
vn 0.648782 0.096897 0.754780
vn 0.724168 0.128894 0.677471
vn 0.659722 -0.016701 0.751325
vn 0.724168 0.128894 0.677471
vn 0.648782 0.096897 0.754780
vn 0.659722 -0.016701 0.751325
vn 0.768967 0.004400 0.639273
vn 0.724168 0.128894 0.677471
vn -0.648831 0.096905 0.754737
vn -0.461502 0.075700 0.883904
vn -0.617082 0.033699 0.786177
vn -0.681815 0.089602 0.726016
vn 0.461502 0.075700 0.883904
vn 0.659722 -0.016701 0.751325
vn 0.648782 0.096897 0.754780
vn 0.461502 0.075700 0.883904
vn 0.478610 -0.003900 0.878019
vn 0.659722 -0.016701 0.751325
vn 0.659722 -0.016701 0.751325
vn 0.478610 -0.003900 0.878019
vn 0.512322 -0.053302 0.857138
vn 0.659722 -0.016701 0.751325
vn 0.512322 -0.053302 0.857138
vn 0.637307 -0.085001 0.765908
vn 0.851914 -0.164703 0.497108
vn 0.768967 0.004400 0.639273
vn 0.659722 -0.016701 0.751325
vn 0.637307 -0.085001 0.765908
vn 0.617082 0.033699 0.786177
vn 0.681815 0.089602 0.726016
vn 0.669104 -0.009800 0.743104
vn 0.733400 -0.049400 0.678000
vn -0.703354 -0.145190 0.695854
vn -0.652625 -0.160306 0.740528
vn -0.763309 -0.045801 0.644408
vn -0.792876 -0.059398 0.606481
vn -0.461502 0.075700 0.883904
vn -0.648831 0.096905 0.754737
vn -0.659722 -0.016701 0.751325
vn -0.461502 0.075700 0.883904
vn -0.659722 -0.016701 0.751325
vn -0.478610 -0.003900 0.878019
vn -0.659722 -0.016701 0.751325
vn -0.512322 -0.053302 0.857138
vn -0.478610 -0.003900 0.878019
vn -0.659722 -0.016701 0.751325
vn -0.637307 -0.085001 0.765908
vn -0.512322 -0.053302 0.857138
vn 0.177602 0.052301 0.982712
vn 0.312400 0.108800 0.943700
vn -0.113599 0.098899 0.988592
vn -0.195006 -0.041301 0.979932
vn -0.776524 0.029001 0.629420
vn -0.648831 0.096905 0.754737
vn -0.681815 0.089602 0.726016
vn -0.776524 0.029001 0.629420
vn -0.724168 0.128894 0.677471
vn -0.648831 0.096905 0.754737
vn -0.659722 -0.016701 0.751325
vn -0.648831 0.096905 0.754737
vn -0.724168 0.128894 0.677471
vn -0.659722 -0.016701 0.751325
vn -0.724168 0.128894 0.677471
vn -0.768967 0.004400 0.639273
vn -0.442411 -0.138703 0.886021
vn -0.691594 -0.126099 0.711194
vn -0.486030 -0.241015 0.840052
vn -0.317196 -0.239997 0.917490
vn 0.541208 -0.011400 0.840812
vn 0.932065 -0.207492 0.296989
vn 0.925302 -0.114600 0.361501
vn 0.541208 -0.011400 0.840812
vn 0.925302 -0.114600 0.361501
vn 0.758339 -0.084704 0.646333
vn 0.758339 -0.084704 0.646333
vn 0.432394 0.013300 0.901587
vn 0.541208 -0.011400 0.840812
vn 0.758339 -0.084704 0.646333
vn 0.465989 -0.004300 0.884780
vn 0.432394 0.013300 0.901587
vn 0.687391 0.103399 0.718890
vn 0.704817 0.160404 0.691017
vn 0.716288 0.226596 0.659989
vn 0.594800 0.286200 0.751200
vn 0.695018 -0.015800 0.718819
vn 0.806439 0.018501 0.591028
vn 0.790254 0.062696 0.609564
vn 0.684022 0.069702 0.726124
vn -0.910190 -0.351996 0.218297
vn -0.949823 -0.279907 0.139603
vn -0.977790 -0.208698 -0.019300
vn -0.970808 -0.233702 0.054000
vn -0.731905 -0.001200 0.681405
vn -0.743570 0.057598 0.666173
vn -0.889673 0.060398 0.452586
vn -0.905569 0.003400 0.424185
vn -0.541208 -0.011400 0.840812
vn -0.925302 -0.114600 0.361501
vn -0.932065 -0.207492 0.296989
vn -0.541208 -0.011400 0.840812
vn -0.758339 -0.084704 0.646333
vn -0.925302 -0.114600 0.361501
vn 0.925302 -0.114600 0.361501
vn 0.905569 0.003400 0.424185
vn 0.731905 -0.001200 0.681405
vn 0.758339 -0.084704 0.646333
vn -0.627792 -0.070399 0.775191
vn -0.578474 0.072597 0.812464
vn -0.679401 0.108500 0.725701
vn -0.729205 -0.054700 0.682105
vn 0.731905 -0.001200 0.681405
vn 0.743570 0.057598 0.666173
vn 0.437895 0.038799 0.898189
vn 0.446515 0.024901 0.894430
vn -0.758339 -0.084704 0.646333
vn -0.541208 -0.011400 0.840812
vn -0.432394 0.013300 0.901587
vn -0.758339 -0.084704 0.646333
vn -0.432394 0.013300 0.901587
vn -0.465989 -0.004300 0.884780
vn 0.758339 -0.084704 0.646333
vn 0.731905 -0.001200 0.681405
vn 0.446515 0.024901 0.894430
vn 0.465989 -0.004300 0.884780
vn -0.602211 -0.295805 0.741513
vn -0.588400 -0.166700 0.791200
vn -0.809484 -0.181796 0.558289
vn -0.805763 -0.297186 0.512276
vn -0.401290 -0.265993 0.876478
vn -0.317892 -0.137696 0.938075
vn -0.588400 -0.166700 0.791200
vn -0.602211 -0.295805 0.741513
vn -0.263392 0.024799 0.964370
vn -0.565403 0.029000 0.824305
vn -0.588400 -0.166700 0.791200
vn -0.317892 -0.137696 0.938075
vn -0.263392 0.024799 0.964370
vn -0.314107 0.062601 0.947321
vn -0.604419 0.093803 0.791125
vn -0.565403 0.029000 0.824305
vn -0.588400 -0.166700 0.791200
vn -0.565403 0.029000 0.824305
vn -0.811910 0.009400 0.583707
vn -0.809484 -0.181796 0.558289
vn -0.565403 0.029000 0.824305
vn -0.604419 0.093803 0.791125
vn -0.823948 0.099106 0.557932
vn -0.811910 0.009400 0.583707
vn -0.585782 0.203994 0.784376
vn -0.623900 0.200300 0.755400
vn -0.717714 0.245005 0.651813
vn -0.741745 0.225214 0.631738
vn -0.945277 -0.162896 0.282693
vn -0.965130 -0.176405 0.193406
vn -0.924312 -0.223003 0.309704
vn -0.937605 -0.251301 0.240301
vn 0.433185 0.201593 0.878471
vn 0.012300 0.220195 0.975378
vn -0.010900 0.048598 0.998759
vn 0.436287 0.047099 0.898574
vn -0.672869 -0.122394 0.729566
vn -0.808996 -0.016000 0.587597
vn -0.788193 0.149099 0.597095
vn -0.653680 0.049098 0.755177
vn 0.450704 0.047500 0.891409
vn 0.075097 0.112095 0.990856
vn 0.094396 -0.012599 0.995455
vn 0.600810 -0.082601 0.795113
vn -0.017800 -0.168199 0.985592
vn -0.018100 -0.180502 0.983408
vn -0.298591 -0.322690 0.898173
vn -0.356715 -0.226109 0.906438
vn 0.432613 -0.352710 0.829724
vn 0.137298 -0.446894 0.883988
vn 0.138497 -0.344593 0.928480
vn 0.414599 -0.246800 0.875898
vn 0.901382 -0.284794 0.326194
vn 0.872262 -0.402483 0.277788
vn 0.865538 -0.361816 0.346315
vn 0.862589 -0.235797 0.447594
vn -0.690021 0.120304 0.713722
vn -0.727696 0.170399 0.664396
vn -0.646089 0.260896 0.717288
vn -0.623075 0.128295 0.771569
vn -0.730166 0.124294 0.671869
vn -0.766076 0.024599 0.642280
vn -0.668299 -0.017000 0.743699
vn -0.613807 0.132201 0.778309
vn 0.938273 -0.118697 0.324891
vn 0.901876 -0.223494 0.369690
vn 0.870879 -0.164396 0.463189
vn 0.912432 -0.126104 0.389314
vn -0.668299 -0.017000 0.743699
vn -0.481007 -0.002500 0.876713
vn -0.451106 0.102101 0.886611
vn -0.613807 0.132201 0.778309
vn 0.668299 -0.017000 0.743699
vn 0.481007 -0.002500 0.876713
vn 0.522976 -0.062397 0.850061
vn 0.668299 -0.017000 0.743699
vn 0.522976 -0.062397 0.850061
vn 0.648223 -0.098703 0.755026
vn -0.854189 -0.177598 0.488693
vn -0.648223 -0.098703 0.755026
vn -0.668299 -0.017000 0.743699
vn -0.766076 0.024599 0.642280
vn 0.225409 0.287311 0.930937
vn 0.179309 0.205710 0.962046
vn 0.290703 0.395804 0.871109
vn 0.308705 0.395106 0.865213
vn 0.567093 0.049099 0.822189
vn 0.451106 0.102101 0.886611
vn 0.613807 0.132201 0.778309
vn 0.640392 0.079799 0.763891
vn 0.937161 -0.151294 0.314387
vn 0.945838 -0.190308 0.263010
vn 0.983222 -0.160004 0.087602
vn 0.978556 -0.107195 0.175892
vn -0.668299 -0.017000 0.743699
vn -0.522976 -0.062397 0.850061
vn -0.481007 -0.002500 0.876713
vn -0.668299 -0.017000 0.743699
vn -0.648223 -0.098703 0.755026
vn -0.522976 -0.062397 0.850061
vn 0.640392 0.079799 0.763891
vn 0.760484 0.009500 0.649287
vn 0.745813 -0.059301 0.663511
vn 0.661224 -0.039901 0.749127
vn 0.613807 0.132201 0.778309
vn 0.730166 0.124294 0.671869
vn 0.760484 0.009500 0.649287
vn 0.640392 0.079799 0.763891
vn 0.823195 -0.288498 0.488997
vn 0.869427 -0.327510 0.369911
vn 0.873935 -0.228809 0.428817
vn 0.797382 -0.218095 0.562687
vn -0.700091 -0.052899 0.712091
vn -0.673211 -0.094302 0.733412
vn -0.733800 0.289700 0.614500
vn -0.731726 0.093003 0.675224
vn -0.687703 -0.090700 0.720304
vn -0.668317 0.028801 0.743319
vn -0.587134 -0.019801 0.809247
vn -0.704091 -0.146698 0.694791
vn 0.804094 -0.240698 0.543596
vn 0.797382 -0.218095 0.562687
vn 0.873935 -0.228809 0.428817
vn 0.862589 -0.235797 0.447594
vn -0.768496 -0.024200 0.639397
vn -0.699230 0.121305 0.704530
vn -0.593862 0.118792 0.795749
vn -0.668317 0.028801 0.743319
vn -0.835234 -0.220109 0.503921
vn -0.800180 -0.162996 0.577186
vn -0.899656 -0.196612 0.389824
vn -0.906284 -0.288395 0.308995
vn -0.442009 -0.032601 0.896418
vn -0.463018 -0.023601 0.886035
vn -0.551108 0.034700 0.833712
vn -0.527988 -0.021500 0.848980
vn -0.616005 -0.059301 0.785507
vn -0.613871 0.130394 0.778563
vn -0.577692 0.241896 0.779589
vn -0.566814 0.223606 0.792920
vn 0.649998 0.007600 0.759898
vn 0.468096 0.022400 0.883393
vn 0.515267 -0.046897 0.855745
vn 0.642504 -0.079901 0.762105
vn 0.923774 -0.067798 0.376889
vn 0.849188 -0.126998 0.512593
vn 0.844609 -0.198802 0.497105
vn 0.905377 -0.198995 0.375091
vn 0.784335 -0.102405 0.611827
vn 0.853977 -0.030999 0.519386
vn 0.706702 0.111300 0.698702
vn 0.574120 0.109404 0.811429
vn 0.587088 -0.019700 0.809283
vn 0.431118 0.100004 0.896737
vn 0.593862 0.118792 0.795749
vn 0.668372 0.028799 0.743269
vn 0.431118 0.100004 0.896737
vn 0.468096 0.022400 0.883393
vn 0.649998 0.007600 0.759898
vn 0.593862 0.118792 0.795749
vn -0.515267 -0.046897 0.855745
vn -0.468095 0.022500 0.883391
vn -0.649998 0.007600 0.759898
vn -0.642504 -0.079901 0.762105
vn 0.668372 0.028799 0.743269
vn 0.768496 -0.024200 0.639397
vn 0.764992 -0.098299 0.636494
vn 0.687710 -0.090601 0.720310
vn 0.451106 0.102101 0.886611
vn 0.481007 -0.002500 0.876713
vn 0.668299 -0.017000 0.743699
vn 0.613807 0.132201 0.778309
vn 0.649998 0.007600 0.759898
vn 0.771525 0.010000 0.636121
vn 0.699230 0.121305 0.704530
vn 0.593862 0.118792 0.795749
vn 0.850507 -0.153701 0.503004
vn 0.771525 0.010000 0.636121
vn 0.649998 0.007600 0.759898
vn 0.642504 -0.079901 0.762105
vn 0.736116 0.072002 0.673015
vn 0.767603 0.005400 0.640903
vn 0.828985 0.027599 0.558590
vn 0.986401 -0.107300 0.124500
vn 0.979834 -0.129104 0.152505
vn 0.975416 -0.107802 0.192203
vn 0.976858 -0.099396 0.189392
vn -0.777688 -0.030900 0.627890
vn -0.617013 -0.038401 0.786016
vn -0.622166 0.038098 0.781958
vn -0.746622 0.020901 0.664920
vn 0.787728 0.001300 0.616022
vn 0.691704 -0.126001 0.711104
vn 0.486030 -0.241015 0.840052
vn 0.806807 -0.218302 0.549005
vn -0.821731 0.123105 0.556421
vn -0.787728 0.001300 0.616022
vn -0.691594 -0.126099 0.711194
vn -0.679660 0.110493 0.725157
vn -0.764535 0.220410 0.605728
vn -0.821731 0.123105 0.556421
vn -0.679660 0.110493 0.725157
vn -0.638797 0.168499 0.750697
vn 0.486030 -0.241015 0.840052
vn 0.691704 -0.126001 0.711104
vn 0.442411 -0.138703 0.886021
vn 0.317196 -0.239997 0.917490
vn -0.486030 -0.241015 0.840052
vn -0.691594 -0.126099 0.711194
vn -0.787728 0.001300 0.616022
vn -0.806807 -0.218302 0.549005
vn 0.691704 -0.126001 0.711104
vn 0.679660 0.110493 0.725157
vn 0.501971 0.057797 0.862951
vn 0.442411 -0.138703 0.886021
vn -0.998636 0.021001 -0.047802
vn -0.978309 -0.045000 -0.202202
vn -0.949423 -0.135403 0.283307
vn -0.966978 -0.056599 0.248494
vn -0.883441 -0.022101 0.468022
vn -0.925513 -0.180003 0.333205
vn -0.788863 -0.161492 0.592972
vn -0.777688 -0.030900 0.627890
vn -0.656901 -0.059800 0.751601
vn -0.584120 -0.131605 0.800927
vn -0.619332 -0.043202 0.783940
vn -0.646876 -0.025399 0.762172
vn 0.454408 -0.017800 0.890616
vn 0.702399 -0.073300 0.707999
vn 0.690201 -0.005000 0.723601
vn 0.509911 0.003700 0.860219
vn 0.294603 0.050001 0.954311
vn 0.454408 -0.017800 0.890616
vn 0.509911 0.003700 0.860219
vn 0.223508 0.096303 0.969933
vn -0.699230 0.121305 0.704530
vn -0.771525 0.010000 0.636121
vn -0.649998 0.007600 0.759898
vn -0.593862 0.118792 0.795749
vn 0.997849 0.012799 0.064297
vn 0.982962 -0.083997 0.163494
vn 0.976111 -0.089901 0.197802
vn 0.975608 -0.002900 0.219502
vn -0.509911 0.003700 0.860219
vn -0.457809 0.060101 0.887017
vn -0.679978 0.030999 0.732577
vn -0.690201 -0.005000 0.723601
vn -0.507371 0.059797 0.859651
vn -0.676998 0.031800 0.735298
vn -0.679978 0.030999 0.732577
vn -0.457809 0.060101 0.887017
vn -0.690201 -0.005000 0.723601
vn -0.702399 -0.073300 0.707999
vn -0.454408 -0.017800 0.890616
vn -0.509911 0.003700 0.860219
vn -0.813505 -0.223001 0.537103
vn -0.773875 -0.152195 0.614780
vn -0.874707 -0.078801 0.478204
vn -0.893998 -0.245699 0.374699
vn 0.375392 0.388791 0.841381
vn 0.510288 0.304793 0.804181
vn 0.482597 0.166899 0.859794
vn 0.318793 0.332792 0.887480
vn -0.509911 0.003700 0.860219
vn -0.454408 -0.017800 0.890616
vn -0.294603 0.050001 0.954311
vn -0.223508 0.096303 0.969933
vn 0.457809 0.060101 0.887017
vn 0.160703 0.114702 0.980315
vn 0.223508 0.096303 0.969933
vn 0.509911 0.003700 0.860219
vn 0.507371 0.059797 0.859651
vn 0.132094 0.107795 0.985358
vn 0.160703 0.114702 0.980315
vn 0.457809 0.060101 0.887017
vn -0.535812 0.222405 0.814519
vn -0.589818 0.169605 0.789524
vn -0.348014 0.148606 0.925637
vn -0.333305 0.202503 0.920815
vn -0.621389 0.286895 0.729087
vn -0.617433 0.346619 0.706138
vn -0.545506 0.437904 0.714607
vn -0.515502 0.401502 0.757003
vn 0.498316 -0.253108 0.829227
vn 0.789559 -0.121294 0.601569
vn 0.704125 -0.128105 0.698425
vn 0.421416 -0.238909 0.874832
vn 0.058003 0.030601 0.997847
vn 0.068199 0.125998 0.989684
vn -0.207301 0.102400 0.972903
vn -0.337393 0.012600 0.941280
vn -0.970162 -0.149994 0.190493
vn -0.992366 -0.094197 0.079597
vn -0.985876 -0.167296 -0.007800
vn -0.961612 -0.233903 0.143502
vn -0.797898 -0.150900 0.583599
vn -0.929265 -0.119396 0.349587
vn -0.938110 -0.180302 0.295703
vn -0.807392 -0.198298 0.555694
vn 0.644293 -0.199898 0.738192
vn 0.856568 -0.066897 0.511681
vn 0.841044 -0.088805 0.533628
vn 0.662812 -0.208704 0.719113
vn -0.357184 -0.022699 0.933758
vn -0.303986 0.034398 0.952055
vn -0.336899 -0.009200 0.941496
vn -0.358988 -0.011800 0.933268
vn 0.915129 -0.338811 0.218507
vn 0.864616 -0.445608 0.232104
vn 0.866882 -0.449291 0.215995
vn 0.907498 -0.415199 0.063700
vn 0.175905 0.197806 0.964329
vn 0.711693 0.184998 0.677694
vn 0.700406 0.218102 0.679605
vn 0.267305 0.240504 0.933116
vn -0.024900 -0.119700 0.992498
vn -0.030200 0.057499 0.997889
vn -0.586491 0.010500 0.809888
vn -0.595021 -0.148205 0.789928
vn 0.556509 0.130602 0.820513
vn 0.043800 0.109601 0.993010
vn -0.030200 0.057499 0.997889
vn 0.535686 0.070398 0.841478
vn -0.849906 -0.034500 0.525804
vn -0.919285 -0.008800 0.393494
vn -0.928089 0.037200 0.370496
vn -0.830417 0.005900 0.557111
vn -0.028300 -0.097800 0.994804
vn -0.056902 0.072503 0.995744
vn -0.431396 0.037300 0.901391
vn -0.630913 -0.091702 0.770415
vn -0.934311 -0.027400 0.355404
vn -0.965631 -0.087603 0.244708
vn -0.906225 -0.117603 0.406111
vn -0.893505 -0.020100 0.448603
vn -0.865828 -0.072802 0.495016
vn -0.839496 0.058600 0.540197
vn -0.798075 0.030599 0.601781
vn -0.826271 -0.054998 0.560581
vn 0.694802 -0.190901 0.693402
vn 0.785816 -0.180904 0.591412
vn 0.745941 -0.233513 0.623734
vn 0.655692 -0.242897 0.714891
vn -0.064800 -0.483204 0.873107
vn -0.044402 -0.379217 0.924242
vn 0.107001 -0.441002 0.891105
vn 0.053799 -0.560089 0.826684
vn -0.719298 0.080700 0.689998
vn -0.725971 0.195092 0.659474
vn -0.713166 0.302286 0.632470
vn -0.713091 0.301996 0.632692
vn 0.026300 0.153402 0.987814
vn 0.561323 0.150306 0.813833
vn 0.596791 0.119898 0.793388
vn 0.151794 0.089396 0.984361
vn 0.270002 -0.107801 0.956806
vn 0.245389 0.073197 0.966657
vn -0.104496 0.057498 0.992862
vn -0.111095 -0.075296 0.990953
vn -0.791133 0.048402 0.609726
vn -0.823934 -0.048302 0.564623
vn -0.854093 -0.039800 0.518596
vn -0.834575 0.071898 0.546183
vn -0.039899 -0.167494 0.985065
vn 0.691991 -0.115599 0.712591
vn 0.653513 -0.102702 0.749915
vn 0.048901 -0.099603 0.993825
vn 0.791133 0.048402 0.609726
vn 0.697499 0.067500 0.713399
vn 0.834293 0.150099 0.530496
vn 0.834575 0.071898 0.546183
vn -0.426277 0.115794 0.897151
vn -0.667823 0.118504 0.734826
vn -0.493788 0.070998 0.866679
vn -0.185393 0.039698 0.981862
vn -0.334193 -0.053599 0.940979
vn -0.512479 -0.166693 0.842365
vn -0.549994 -0.051300 0.833591
vn -0.463018 -0.023601 0.886035
vn -0.814281 -0.214495 0.539387
vn -0.853551 -0.228914 0.468028
vn -0.935682 -0.133797 0.326494
vn -0.938574 -0.081598 0.335291
vn 0.813547 0.073295 0.576862
vn 0.667823 0.118504 0.734826
vn 0.493788 0.070998 0.866679
vn 0.891780 -0.062799 0.448090
vn 0.426401 -0.060600 0.902502
vn 0.355612 0.002600 0.934630
vn 0.411791 0.060299 0.909281
vn 0.456290 -0.038899 0.888981
vn -0.991028 -0.133204 0.011000
vn -0.976559 -0.191392 -0.098496
vn -0.983335 -0.177506 0.039301
vn -0.979842 -0.172007 0.101604
vn -0.501897 0.057800 0.862994
vn -0.679660 0.110493 0.725157
vn -0.691594 -0.126099 0.711194
vn -0.442411 -0.138703 0.886021
vn -0.493788 0.070998 0.866679
vn -0.667823 0.118504 0.734826
vn -0.813547 0.073295 0.576862
vn -0.891780 -0.062799 0.448090
vn 0.667823 0.118504 0.734826
vn 0.664611 0.123502 0.736912
vn 0.517820 0.108104 0.848632
vn 0.426277 0.115794 0.897151
vn 0.767079 0.107497 0.632483
vn 0.664611 0.123502 0.736912
vn 0.667823 0.118504 0.734826
vn 0.813547 0.073295 0.576862
vn -0.649632 0.129506 0.749137
vn -0.727737 -0.005300 0.685835
vn -0.823296 0.067400 0.563597
vn -0.758975 0.155095 0.632379
vn -0.028701 0.186506 0.982034
vn 0.292283 0.027198 0.955945
vn 0.220408 0.069402 0.972936
vn -0.018899 0.227192 0.973667
vn 0.510180 0.310488 0.802068
vn 0.590795 0.221598 0.775793
vn 0.599815 0.113003 0.792119
vn 0.536791 0.147698 0.830687
vn -0.764992 -0.098299 0.636494
vn -0.768496 -0.024200 0.639397
vn -0.668317 0.028801 0.743319
vn -0.687703 -0.090700 0.720304
vn 0.923708 0.065801 0.377403
vn 0.919808 -0.073601 0.385403
vn 0.875308 -0.059401 0.479904
vn 0.835395 0.035600 0.548497
vn -0.160703 0.114702 0.980315
vn -0.132094 0.107795 0.985358
vn -0.507371 0.059797 0.859651
vn -0.457809 0.060101 0.887017
vn -0.368912 0.341311 0.864529
vn -0.255900 0.369500 0.893300
vn -0.377803 0.491904 0.784407
vn -0.421101 0.520501 0.742801
vn 0.959879 -0.105298 0.259894
vn 0.932925 -0.195605 0.302308
vn 0.923704 -0.164901 0.345802
vn 0.906472 -0.088497 0.412887
vn 0.785873 -0.053398 0.616079
vn 0.778926 -0.010900 0.627021
vn 0.865144 0.112393 0.488768
vn 0.873730 0.038101 0.484917
vn -0.967930 0.002300 0.251208
vn -0.983973 0.008900 0.178095
vn -0.991019 0.002300 0.133703
vn -0.965690 -0.000000 0.259697
vn 0.567920 -0.223608 0.792128
vn 0.797981 -0.150896 0.583486
vn 0.804076 -0.051599 0.592283
vn 0.573697 -0.195899 0.795296
vn -0.967705 -0.192801 0.162401
vn -0.958406 -0.186201 0.216301
vn -0.984997 -0.127500 0.116300
vn -0.979842 -0.172007 0.101604
vn 0.890945 -0.119806 0.438022
vn 0.854010 -0.129402 0.503906
vn 0.873750 -0.205512 0.440825
vn 0.899974 -0.220294 0.376189
vn 0.968602 0.048200 0.243900
vn 0.957444 0.001700 0.288613
vn 0.921507 -0.016700 0.388003
vn 0.936025 0.012600 0.351709
vn -0.310390 0.060698 0.948669
vn -0.294990 0.164295 0.941269
vn -0.443994 0.148198 0.883689
vn -0.528693 0.061399 0.846589
vn -0.579521 0.162806 0.798530
vn -0.606184 0.165196 0.777979
vn -0.666518 0.036001 0.744620
vn -0.594002 0.009900 0.804403
vn -0.174102 0.132202 0.975813
vn -0.079498 0.066999 0.994581
vn 0.207893 0.051998 0.976768
vn 0.282586 0.149293 0.947553
vn -0.380098 0.109899 0.918394
vn 0.009800 0.146705 0.989132
vn 0.013300 0.125501 0.992004
vn -0.355810 0.097803 0.929427
vn -0.706702 0.111300 0.698702
vn -0.692886 0.172596 0.700086
vn -0.812214 0.116002 0.571710
vn -0.845038 0.056402 0.531724
vn -0.910598 -0.338799 0.236699
vn -0.878796 -0.477198 0.000900
vn -0.859111 -0.410305 0.305904
vn -0.870109 -0.304803 0.387304
vn -0.850723 -0.229606 0.472813
vn -0.821066 -0.139294 0.553577
vn -0.777371 -0.169494 0.605777
vn -0.851781 -0.296693 0.431790
vn 0.226191 0.098796 0.969060
vn -0.219687 0.103694 0.970044
vn -0.229492 -0.061498 0.971366
vn 0.303595 -0.081799 0.949283
vn 0.719797 -0.106300 0.685997
vn 0.714297 -0.080500 0.695197
vn 0.715205 -0.202602 0.668905
vn 0.722207 -0.260602 0.640706
vn -0.165097 0.044299 0.985282
vn -0.523004 0.006300 0.852307
vn -0.526722 0.002300 0.850035
vn -0.115998 0.011800 0.993180
vn 0.711897 -0.304999 0.632597
vn 0.720989 -0.340195 0.603691
vn 0.722207 -0.260602 0.640706
vn 0.715205 -0.202602 0.668905
vn 0.991028 -0.133204 0.011000
vn 0.995520 -0.079102 0.051801
vn 0.984997 -0.127500 0.116300
vn 0.979842 -0.172007 0.101604
vn 0.551103 0.235201 0.800604
vn 0.586706 0.226402 0.777508
vn 0.393609 0.153803 0.906320
vn 0.358298 0.172699 0.917495
vn 0.714297 -0.080500 0.695197
vn 0.719797 -0.106300 0.685997
vn 0.712614 -0.024901 0.701114
vn 0.691727 0.032501 0.721428
vn 0.905800 -0.423700 -0.002300
vn 0.948395 -0.289398 0.129599
vn 0.897484 -0.368794 0.241896
vn 0.881580 -0.451290 0.138397
vn 0.937161 -0.151294 0.314387
vn 0.978556 -0.107195 0.175892
vn 0.981623 -0.080102 0.173204
vn 0.951741 -0.147906 0.268912
vn 0.966745 -0.194709 0.165808
vn 0.944536 -0.319612 0.075503
vn 0.957053 -0.281486 -0.069397
vn 0.989189 -0.133899 0.059799
vn -0.875594 -0.054200 0.479997
vn -0.849005 -0.136301 0.510503
vn -0.918199 -0.142500 0.369600
vn -0.934135 -0.089903 0.345413
vn -0.392103 0.232302 0.890107
vn -0.534323 0.243211 0.809535
vn -0.501168 0.388875 0.773050
vn -0.298487 0.307087 0.903661
vn 0.957591 -0.087899 0.274397
vn 0.934301 -0.201900 0.293800
vn 0.931140 -0.116905 0.345415
vn 0.937600 -0.045700 0.344700
vn 0.936090 -0.341996 -0.082299
vn 0.962801 -0.261800 -0.066900
vn 0.948395 -0.289398 0.129599
vn 0.905800 -0.423700 -0.002300
vn -0.742001 0.260300 0.617801
vn -0.789714 0.250704 0.559910
vn -0.507688 0.323792 0.798381
vn -0.521682 0.323389 0.789473
vn -0.923708 0.065801 0.377403
vn -0.947622 0.097002 0.304307
vn -0.812929 0.062302 0.579021
vn -0.835395 0.035600 0.548497
vn 0.656403 0.360501 0.662703
vn 0.491206 0.365804 0.790509
vn 0.518815 0.256107 0.815623
vn 0.703667 0.272087 0.656370
vn 0.507688 0.323792 0.798381
vn 0.521699 0.323299 0.789499
vn 0.304212 0.208808 0.929437
vn 0.213591 0.180193 0.960161
vn -0.787818 0.175704 0.590314
vn -0.754913 0.149703 0.638511
vn -0.643428 0.089704 0.760233
vn -0.630608 0.135902 0.764110
vn 0.748269 0.131794 0.650173
vn 0.630103 0.003500 0.776504
vn 0.579401 0.084000 0.810702
vn 0.714965 0.232789 0.659268
vn -0.822411 0.285604 0.492007
vn -0.714965 0.232789 0.659268
vn -0.748269 0.131794 0.650173
vn -0.839378 0.218294 0.497787
vn 0.281005 0.153102 0.947415
vn 0.600628 0.183709 0.778137
vn 0.824797 0.156299 0.543398
vn 0.366184 0.198791 0.909061
vn -0.829153 -0.084905 0.552536
vn -0.831487 -0.129698 0.540192
vn -0.849500 -0.067900 0.523200
vn -0.804719 -0.073302 0.589114
vn -0.448415 0.105903 0.887529
vn -0.646806 0.125201 0.752307
vn -0.656598 0.234999 0.716697
vn -0.534323 0.243211 0.809535
vn 0.769809 -0.082601 0.632907
vn 0.765966 -0.214691 0.605973
vn 0.631186 0.008700 0.775583
vn 0.700420 0.050801 0.711921
vn 0.850509 -0.304003 0.429205
vn 0.895126 -0.348910 0.277508
vn 0.895892 -0.261998 0.358797
vn 0.847190 -0.223497 0.481994
vn -0.914809 -0.168402 0.367104
vn -0.952051 -0.126607 0.278515
vn -0.955680 -0.091298 0.279894
vn -0.907677 -0.129497 0.399190
vn -0.505724 0.159407 0.847840
vn -0.620775 0.141194 0.771169
vn -0.497520 0.100304 0.861634
vn -0.619285 0.055799 0.783181
vn 0.600810 -0.082601 0.795113
vn 0.094396 -0.012599 0.995455
vn 0.048901 -0.099603 0.993825
vn 0.653513 -0.102702 0.749915
vn 0.270002 -0.107801 0.956806
vn -0.111095 -0.075296 0.990953
vn -0.027401 -0.195004 0.980420
vn 0.289493 -0.224095 0.930578
vn -0.909085 -0.047499 0.413893
vn -0.948073 0.038699 0.315691
vn -0.971911 -0.040700 0.231803
vn -0.911680 -0.122897 0.392091
vn -0.948073 0.038699 0.315691
vn -0.909085 -0.047499 0.413893
vn -0.911706 0.019000 0.410403
vn -0.927023 0.102203 0.360809
vn 0.763805 0.038400 0.644304
vn 0.832019 0.075302 0.549613
vn 0.864750 -0.091095 0.493872
vn 0.816990 -0.121099 0.563793
vn -0.997624 0.003600 0.068802
vn -0.992261 -0.080897 -0.094196
vn -0.972892 -0.112599 0.201998
vn -0.971911 -0.040700 0.231803
vn 0.971911 -0.040700 0.231803
vn 0.948073 0.038699 0.315691
vn 0.909085 -0.047499 0.413893
vn 0.911680 -0.122897 0.392091
vn 0.972892 -0.112599 0.201998
vn 0.971911 -0.040700 0.231803
vn 0.911680 -0.122897 0.392091
vn 0.926165 -0.118595 0.357986
vn 0.729205 -0.054700 0.682105
vn 0.627792 -0.070399 0.775191
vn 0.669106 -0.171502 0.723107
vn 0.771243 -0.195011 0.605934
vn 0.727737 -0.005300 0.685835
vn 0.603013 -0.076902 0.794016
vn 0.507104 0.059800 0.859808
vn 0.649632 0.129506 0.749137
vn 0.997624 0.003600 0.068802
vn 0.973679 0.049899 0.222395
vn 0.948073 0.038699 0.315691
vn 0.971911 -0.040700 0.231803
vn 0.948073 0.038699 0.315691
vn 0.973679 0.049899 0.222395
vn 0.949621 0.132303 0.284106
vn 0.927023 0.102203 0.360809
vn 0.188702 -0.006800 0.982011
vn 0.392187 0.049198 0.918569
vn 0.442205 0.069601 0.894210
vn 0.206693 0.051198 0.977065
vn 0.782590 0.212097 0.585293
vn 0.640910 0.177503 0.746812
vn 0.643107 0.108101 0.758108
vn 0.752119 0.170404 0.636616
vn -0.796791 -0.076499 0.599393
vn -0.845679 -0.037299 0.532387
vn -0.830777 0.030199 0.555785
vn -0.732479 0.003400 0.680781
vn 0.363195 0.049699 0.930387
vn 0.354909 -0.038101 0.934124
vn 0.001700 0.005500 0.999983
vn 0.023600 0.097000 0.995005
vn -0.877934 -0.316312 0.359414
vn -0.868647 -0.226112 0.440824
vn -0.815309 -0.286803 0.503006
vn -0.850509 -0.304003 0.429205
vn -0.671432 -0.268713 0.690632
vn -0.652498 -0.179199 0.736298
vn -0.733358 -0.146992 0.663762
vn -0.748188 -0.279396 0.601791
vn 0.905800 -0.423700 -0.002300
vn 0.881580 -0.451290 0.138397
vn 0.860112 -0.503307 0.083001
vn 0.881655 -0.471876 0.004200
vn 0.029900 0.152102 0.987912
vn -0.206798 0.094699 0.973790
vn -0.292404 0.095501 0.951514
vn 0.075097 0.112095 0.990856
vn 0.994283 -0.045499 0.096598
vn 0.985817 -0.033701 0.164403
vn 0.990919 -0.025600 0.132003
vn 0.997744 -0.012301 0.066003
vn -0.456601 -0.011100 0.889602
vn -0.611883 -0.024199 0.790578
vn -0.579124 -0.085604 0.810733
vn -0.465903 -0.070701 0.882007
vn -0.478400 0.123600 0.869400
vn -0.643107 0.108101 0.758108
vn -0.611819 -0.024301 0.790624
vn -0.456601 -0.011100 0.889602
vn 0.444523 0.065803 0.893347
vn 0.465403 0.175101 0.867606
vn 0.184198 0.196298 0.963088
vn 0.092201 0.068101 0.993409
vn -0.995239 0.065803 0.071903
vn -0.998023 0.035601 0.051801
vn -0.972206 -0.085901 0.217801
vn -0.976958 0.013699 0.212991
vn 0.876519 0.055901 0.478110
vn 0.865583 0.082698 0.493890
vn 0.836784 0.050599 0.545190
vn 0.823177 0.060198 0.564584
vn 0.450796 -0.007900 0.892592
vn 0.174294 0.094297 0.980168
vn 0.180806 0.091703 0.979234
vn 0.459789 0.031199 0.887480
vn 0.579124 -0.085604 0.810733
vn 0.611883 -0.024199 0.790578
vn 0.456601 -0.011100 0.889602
vn 0.465903 -0.070701 0.882007
vn 0.579124 -0.085604 0.810733
vn 0.729887 -0.093898 0.677088
vn 0.725764 0.038498 0.686866
vn 0.611819 -0.024301 0.790624
vn -0.651009 -0.111002 0.750910
vn -0.447493 -0.120098 0.886186
vn -0.509599 -0.189000 0.839398
vn -0.641213 -0.158503 0.750815
vn 0.752119 0.170404 0.636616
vn 0.643107 0.108101 0.758108
vn 0.611883 -0.024199 0.790578
vn 0.725764 0.038498 0.686866
vn 0.874707 -0.078801 0.478204
vn 0.823177 0.060198 0.564584
vn 0.762927 -0.008900 0.646423
vn 0.773875 -0.152195 0.614780
vn -0.948395 -0.289398 0.129599
vn -0.897484 -0.368794 0.241896
vn -0.908695 -0.290198 0.300098
vn -0.947266 -0.172294 0.270190
vn -0.082898 0.126696 0.988472
vn -0.348014 0.148606 0.925637
vn -0.295203 0.028500 0.955009
vn -0.049202 0.026701 0.998432
vn 0.561476 -0.235190 0.793366
vn 0.807392 -0.198298 0.555694
vn 0.797981 -0.150896 0.583486
vn 0.567920 -0.223608 0.792128
vn -0.685153 0.008499 0.728350
vn -0.754647 -0.032202 0.655341
vn -0.662891 0.022100 0.748390
vn -0.631783 0.057898 0.772980
vn 0.217096 0.160997 0.962782
vn 0.036502 0.156809 0.986954
vn 0.106595 0.168293 0.979957
vn 0.333305 0.202503 0.920815
vn -0.589818 0.169605 0.789524
vn -0.724708 0.008100 0.689008
vn -0.295203 0.028500 0.955009
vn -0.348014 0.148606 0.925637
vn 0.148795 -0.181494 0.972070
vn -0.084900 -0.251600 0.964100
vn -0.156702 -0.085801 0.983912
vn 0.147796 -0.097797 0.984171
vn 0.333305 0.202503 0.920815
vn 0.535824 0.222310 0.814537
vn 0.531703 0.171401 0.829405
vn 0.217096 0.160997 0.962782
vn 0.391996 0.152198 0.907290
vn -0.016300 0.222097 0.974888
vn 0.042001 0.287305 0.956918
vn 0.493201 0.121400 0.861403
vn -0.946523 -0.238206 0.217605
vn -0.961743 -0.115505 0.248411
vn -0.985696 -0.154899 0.066400
vn -0.956841 -0.247811 -0.151807
vn 0.333305 0.202503 0.920815
vn 0.106595 0.168293 0.979957
vn 0.082898 0.126696 0.988472
vn 0.347921 0.148709 0.925655
vn 0.355611 0.002700 0.934630
vn 0.238896 -0.043199 0.970084
vn 0.328518 0.065104 0.942251
vn 0.411874 0.060296 0.909244
vn 0.840686 0.040699 0.539991
vn 0.875587 -0.068399 0.478193
vn 0.816509 -0.175202 0.550106
vn 0.723294 -0.096999 0.683694
vn -0.531632 0.171410 0.829449
vn -0.535812 0.222405 0.814519
vn -0.333305 0.202503 0.920815
vn -0.217096 0.160997 0.962782
vn -0.106606 0.168309 0.979953
vn -0.036498 0.156793 0.986957
vn -0.217096 0.160997 0.962782
vn -0.333305 0.202503 0.920815
vn 0.027300 -0.089600 0.995604
vn 0.058003 0.030601 0.997847
vn -0.337393 0.012600 0.941280
vn -0.449199 -0.077100 0.890099
vn -0.532980 -0.070697 0.843169
vn -0.682743 0.004400 0.730646
vn -0.604282 0.181695 0.775777
vn -0.404694 0.103399 0.908588
vn -0.608312 -0.165203 0.776315
vn -0.734620 -0.093403 0.672019
vn -0.682743 0.004400 0.730646
vn -0.532980 -0.070697 0.843169
vn -0.976113 -0.041801 0.213203
vn -0.990919 -0.025600 0.132003
vn -0.990476 -0.048399 0.128897
vn -0.979345 -0.073903 0.188209
vn -0.604282 0.181695 0.775777
vn -0.752985 0.204096 0.625587
vn -0.733014 0.275305 0.622011
vn -0.544481 0.238092 0.804272
vn 0.833515 -0.036201 0.551310
vn 0.777464 0.139894 0.613172
vn 0.679401 0.108500 0.725701
vn 0.729205 -0.054700 0.682105
vn 0.544481 0.238092 0.804272
vn 0.604282 0.181695 0.775777
vn 0.404694 0.103399 0.908588
vn 0.353113 0.188307 0.916434
vn -0.324396 -0.092499 0.941388
vn -0.300298 -0.059400 0.951994
vn -0.297291 0.005300 0.954772
vn -0.285707 -0.013500 0.958222
vn 0.752985 0.204096 0.625587
vn 0.797571 0.025699 0.602678
vn 0.682796 0.004500 0.730595
vn 0.604282 0.181695 0.775777
vn 0.797571 0.025699 0.602678
vn 0.851817 -0.005600 0.523810
vn 0.734620 -0.093403 0.672019
vn 0.682796 0.004500 0.730595
vn 0.099099 0.019400 0.994888
vn -0.216709 0.044102 0.975240
vn -0.203909 0.093204 0.974543
vn 0.101096 0.076097 0.991962
vn -0.063199 -0.042600 0.997091
vn -0.093301 0.043000 0.994709
vn -0.310390 0.060698 0.948669
vn -0.316008 -0.053901 0.947224
vn -0.393609 0.153803 0.906320
vn -0.586706 0.226402 0.777508
vn -0.551103 0.235201 0.800604
vn -0.358298 0.172699 0.917495
vn 0.684022 0.069702 0.726124
vn 0.790254 0.062696 0.609564
vn 0.781997 0.056700 0.620698
vn 0.697967 0.040798 0.714967
vn -0.507104 0.059800 0.859808
vn -0.603013 -0.076902 0.794016
vn -0.727737 -0.005300 0.685835
vn -0.649632 0.129506 0.749137
vn 0.892879 -0.135297 0.429490
vn 0.885025 -0.219006 0.410812
vn 0.816509 -0.175202 0.550106
vn 0.875308 -0.059401 0.479904
vn -0.586706 0.226402 0.777508
vn -0.649632 0.129506 0.749137
vn -0.758975 0.155095 0.632379
vn -0.742463 0.240388 0.625269
vn -0.463018 -0.023601 0.886035
vn -0.549994 -0.051300 0.833591
vn -0.604399 0.050200 0.795099
vn -0.551108 0.034700 0.833712
vn -0.999491 -0.028000 0.015300
vn -0.990257 -0.065297 0.122995
vn -0.992379 -0.071998 0.099998
vn -0.998872 -0.037299 0.029399
vn 0.734373 0.270590 0.622477
vn 0.742463 0.240388 0.625269
vn 0.586706 0.226402 0.777508
vn 0.551103 0.235201 0.800604
vn 0.956316 -0.173603 0.235204
vn 0.910220 -0.222605 0.349208
vn 0.914874 -0.168295 0.366990
vn 0.952051 -0.126607 0.278515
vn 0.823296 0.067400 0.563597
vn 0.727737 -0.005300 0.685835
vn 0.649632 0.129506 0.749137
vn 0.758975 0.155095 0.632379
vn 0.586706 0.226402 0.777508
vn 0.649632 0.129506 0.749137
vn 0.507104 0.059800 0.859808
vn 0.393609 0.153803 0.906320
vn 0.948073 0.038699 0.315691
vn 0.927023 0.102203 0.360809
vn 0.911706 0.019000 0.410403
vn 0.909085 -0.047499 0.413893
vn -0.383514 0.133505 0.913834
vn -0.585782 0.203994 0.784376
vn -0.529178 0.201792 0.824166
vn -0.337893 0.138897 0.930879
vn -0.802180 0.049999 0.594985
vn -0.735290 0.171898 0.655591
vn -0.803110 0.193002 0.563707
vn -0.835447 0.119907 0.536330
vn -0.484312 0.140003 0.863621
vn -0.551309 0.106202 0.827514
vn -0.703167 0.160092 0.692767
vn -0.623900 0.200300 0.755400
vn -0.585782 0.203994 0.784376
vn -0.741745 0.225214 0.631738
vn -0.735384 0.246095 0.631386
vn -0.529178 0.201792 0.824166
vn 0.417816 0.412616 0.809431
vn 0.404107 0.362506 0.839814
vn 0.579721 0.327212 0.746228
vn 0.498994 0.423295 0.756192
vn 0.538092 0.119398 0.834387
vn -0.024001 0.127506 0.991547
vn -0.044001 0.004500 0.999021
vn 0.609292 -0.026900 0.792490
vn 0.535686 0.070398 0.841478
vn -0.030200 0.057499 0.997889
vn -0.024900 -0.119700 0.992498
vn 0.582396 -0.073299 0.809594
vn -0.016300 0.222097 0.974888
vn 0.004700 0.301908 0.953326
vn -0.257608 0.194706 0.946429
vn -0.369096 0.102799 0.923689
vn 0.717714 0.245005 0.651813
vn 0.623900 0.200300 0.755400
vn 0.585782 0.203994 0.784376
vn 0.741745 0.225214 0.631738
vn 0.778106 0.218502 0.588904
vn 0.703178 0.159995 0.692779
vn 0.623900 0.200300 0.755400
vn 0.717714 0.245005 0.651813
vn 0.585782 0.203994 0.784376
vn 0.623900 0.200300 0.755400
vn 0.484228 0.140108 0.863651
vn 0.383514 0.133505 0.913834
vn -0.767418 -0.151404 0.623014
vn -0.842764 -0.218191 0.492079
vn -0.846690 -0.185798 0.498594
vn -0.816990 -0.121099 0.563793
vn 0.801130 -0.182707 0.569921
vn 0.850386 -0.173897 0.496592
vn 0.836595 -0.253199 0.485797
vn 0.801003 -0.201301 0.563802
vn -0.669106 -0.171502 0.723107
vn -0.627792 -0.070399 0.775191
vn -0.729205 -0.054700 0.682105
vn -0.771243 -0.195011 0.605934
vn 0.778926 -0.010900 0.627021
vn 0.748269 0.131794 0.650173
vn 0.839378 0.218294 0.497787
vn 0.865144 0.112393 0.488768
vn -0.578474 0.072597 0.812464
vn -0.631186 0.008700 0.775583
vn -0.700420 0.050801 0.711921
vn -0.679401 0.108500 0.725701
vn -0.679401 0.108500 0.725701
vn -0.777464 0.139894 0.613172
vn -0.833515 -0.036201 0.551310
vn -0.729205 -0.054700 0.682105
vn -0.996975 -0.077098 0.009800
vn -0.992927 -0.115403 -0.027901
vn -0.973468 -0.129296 0.188794
vn -0.977664 -0.068798 0.198593
vn -0.769809 -0.082601 0.632907
vn -0.817737 -0.076203 0.570526
vn -0.792467 0.017099 0.609675
vn -0.725111 0.005400 0.688611
vn 0.769809 -0.082601 0.632907
vn 0.765966 -0.214691 0.605973
vn 0.651781 -0.039499 0.757378
vn 0.725111 0.005400 0.688611
vn 0.833515 -0.036201 0.551310
vn 0.729205 -0.054700 0.682105
vn 0.771243 -0.195011 0.605934
vn 0.880740 -0.227610 0.415319
vn 0.967930 0.002300 0.251208
vn 0.934911 -0.023500 0.354104
vn 0.937223 -0.039301 0.346509
vn 0.965690 -0.000000 0.259697
vn 0.796821 0.039601 0.602916
vn 0.700420 0.050801 0.711921
vn 0.679401 0.108500 0.725701
vn 0.777464 0.139894 0.613172
vn 0.796821 0.039601 0.602916
vn 0.817737 -0.076203 0.570526
vn 0.769809 -0.082601 0.632907
vn 0.700420 0.050801 0.711921
vn 0.931140 -0.116905 0.345415
vn 0.889617 -0.109002 0.443509
vn 0.894285 -0.065399 0.442693
vn 0.937600 -0.045700 0.344700
vn 0.679401 0.108500 0.725701
vn 0.578474 0.072597 0.812464
vn 0.627792 -0.070399 0.775191
vn 0.729205 -0.054700 0.682105
vn 0.885623 0.129403 0.446012
vn 0.855535 0.138706 0.498820
vn 0.810017 0.153303 0.566012
vn 0.779079 0.108397 0.617483
vn -0.651781 -0.039499 0.757378
vn -0.765966 -0.214691 0.605973
vn -0.769809 -0.082601 0.632907
vn -0.725111 0.005400 0.688611
vn -0.985001 -0.004100 0.172500
vn -0.985564 -0.107496 0.130795
vn -0.945968 -0.131296 0.296490
vn -0.935126 -0.100003 0.339910
vn -0.737188 -0.337795 0.585191
vn -0.705624 -0.245708 0.664622
vn -0.787901 -0.203800 0.581101
vn -0.798758 -0.353881 0.486574
vn -0.705624 -0.245708 0.664622
vn -0.634704 -0.026400 0.772305
vn -0.703506 0.026200 0.710206
vn -0.787901 -0.203800 0.581101
vn -0.634704 -0.026400 0.772305
vn -0.609509 0.070801 0.789612
vn -0.652430 0.103605 0.750734
vn -0.703506 0.026200 0.710206
vn -0.258512 0.085204 0.962243
vn -0.217396 0.146797 0.964982
vn -0.538512 0.123503 0.833518
vn -0.620598 -0.007000 0.784098
vn -0.703506 0.026200 0.710206
vn -0.652430 0.103605 0.750734
vn -0.729817 0.075002 0.679516
vn -0.801146 0.025301 0.597934
vn -0.938056 -0.101706 0.331220
vn -0.977664 -0.068798 0.198593
vn -0.973468 -0.129296 0.188794
vn -0.939816 -0.136102 0.313405
vn -0.609509 0.070801 0.789612
vn -0.560997 0.110599 0.820396
vn -0.670229 0.086204 0.737131
vn -0.652430 0.103605 0.750734
vn 0.861256 -0.164892 0.480675
vn 0.787901 -0.203800 0.581101
vn 0.798758 -0.353881 0.486574
vn 0.880976 -0.363590 0.302792
vn 0.861256 -0.164892 0.480675
vn 0.801146 0.025301 0.597934
vn 0.703506 0.026200 0.710206
vn 0.787901 -0.203800 0.581101
vn 0.638797 0.168499 0.750697
vn 0.652497 0.040700 0.756697
vn 0.501971 0.057797 0.862951
vn 0.679660 0.110493 0.725157
vn 0.729817 0.075002 0.679516
vn 0.715003 0.044500 0.697703
vn 0.670278 0.086297 0.737076
vn 0.652430 0.103605 0.750734
vn -0.719437 0.085004 0.689336
vn -0.798400 0.074500 0.597500
vn -0.620775 0.141194 0.771169
vn -0.505724 0.159407 0.847840
vn 0.941993 -0.031000 0.334198
vn 0.975608 -0.002900 0.219502
vn 0.976111 -0.089901 0.197802
vn 0.943570 -0.063698 0.324990
vn -0.324396 -0.092499 0.941388
vn -0.371496 -0.245497 0.895389
vn -0.375311 -0.135604 0.916926
vn -0.300298 -0.059400 0.951994
vn -0.828939 -0.136107 0.542526
vn -0.883386 -0.271496 0.381994
vn -0.898593 -0.227998 0.374897
vn -0.894959 -0.101795 0.434380
vn -0.933761 -0.058498 0.353085
vn -0.936025 0.012600 0.351709
vn -0.968602 0.048200 0.243900
vn -0.964829 0.017301 0.262308
vn -0.882543 -0.096505 0.460222
vn -0.862781 -0.046999 0.503389
vn -0.936025 0.012600 0.351709
vn -0.933761 -0.058498 0.353085
vn -0.682743 0.004400 0.730646
vn -0.797571 0.025699 0.602678
vn -0.752985 0.204096 0.625587
vn -0.604282 0.181695 0.775777
vn 0.834293 0.150099 0.530496
vn 0.697499 0.067500 0.713399
vn 0.722929 0.069403 0.687428
vn 0.842637 0.089904 0.530923
vn -0.921507 -0.016700 0.388003
vn -0.957444 0.001700 0.288613
vn -0.968602 0.048200 0.243900
vn -0.936025 0.012600 0.351709
vn -0.044001 0.004500 0.999021
vn -0.024001 0.127506 0.991547
vn -0.598740 0.076805 0.797253
vn -0.651624 -0.004600 0.758528
vn 0.881678 -0.259494 0.394090
vn 0.856778 -0.280093 0.432989
vn 0.845783 -0.145197 0.513390
vn 0.858265 -0.181393 0.480081
vn -0.959686 -0.258996 0.109198
vn -0.961612 -0.233903 0.143502
vn -0.985876 -0.167296 -0.007800
vn -0.975742 -0.218910 0.002300
vn -0.931629 -0.053102 0.359511
vn -0.961517 0.008800 0.274605
vn -0.955731 0.008800 0.294110
vn -0.919285 -0.008800 0.393494
vn 0.534323 0.243211 0.809535
vn 0.448415 0.105903 0.887529
vn 0.323183 0.118794 0.938851
vn 0.392103 0.232302 0.890107
vn 0.936025 0.012600 0.351709
vn 0.921507 -0.016700 0.388003
vn 0.855801 -0.038100 0.515900
vn 0.862781 -0.046999 0.503389
vn 0.931629 -0.053102 0.359511
vn 0.867025 -0.112003 0.485514
vn 0.849906 -0.034500 0.525804
vn 0.919285 -0.008800 0.393494
vn 0.753724 0.068402 0.653621
vn 0.823671 0.074297 0.562180
vn 0.786967 0.111295 0.606874
vn 0.710622 0.095803 0.697021
vn -0.819319 0.134603 0.557313
vn -0.865302 0.049500 0.498801
vn -0.826776 0.073698 0.557683
vn -0.786967 0.111295 0.606874
vn -0.934311 -0.027400 0.355404
vn -0.893505 -0.020100 0.448603
vn -0.826776 0.073698 0.557683
vn -0.865302 0.049500 0.498801
vn 0.685925 -0.169206 0.707726
vn 0.653780 -0.155295 0.740577
vn 0.778926 -0.010900 0.627021
vn 0.785873 -0.053398 0.616079
vn 0.838525 -0.079602 0.539016
vn 0.886889 -0.016300 0.461694
vn 0.823671 0.074297 0.562180
vn 0.753724 0.068402 0.653621
vn 0.915129 -0.338811 0.218507
vn 0.907498 -0.415199 0.063700
vn 0.898988 -0.422195 -0.116499
vn 0.935370 -0.351689 0.037399
vn -0.786967 0.111295 0.606874
vn -0.823671 0.074297 0.562180
vn -0.753724 0.068402 0.653621
vn -0.710622 0.095803 0.697021
vn -0.823671 0.074297 0.562180
vn -0.886889 -0.016300 0.461694
vn -0.838525 -0.079602 0.539016
vn -0.753724 0.068402 0.653621
vn 0.859017 -0.156903 0.487310
vn 0.906225 -0.117603 0.406111
vn 0.893505 -0.020100 0.448603
vn 0.838525 -0.079602 0.539016
vn 0.906225 -0.117603 0.406111
vn 0.965631 -0.087603 0.244708
vn 0.934311 -0.027400 0.355404
vn 0.893505 -0.020100 0.448603
vn -0.819319 0.134603 0.557313
vn -0.859419 0.061901 0.507511
vn -0.823671 0.074297 0.562180
vn -0.786967 0.111295 0.606874
vn 0.037600 0.066100 0.997104
vn 0.418780 0.015399 0.907957
vn 0.405592 0.011600 0.913981
vn 0.007900 0.033300 0.999414
vn -0.893998 -0.245699 0.374699
vn -0.874707 -0.078801 0.478204
vn -0.941431 -0.063302 0.331211
vn -0.960612 -0.272004 0.056901
vn 0.761364 0.031298 0.647569
vn 0.574573 0.049398 0.816961
vn 0.631397 -0.040600 0.774396
vn 0.766385 -0.015800 0.642187
vn -0.798400 0.074500 0.597500
vn -0.753396 0.124899 0.645597
vn -0.641087 0.078098 0.763484
vn -0.620775 0.141194 0.771169
vn 0.949823 -0.279907 0.139603
vn 0.876092 -0.355597 0.325597
vn 0.863211 -0.407505 0.298004
vn 0.910190 -0.351996 0.218297
vn -0.951050 -0.247613 0.184910
vn -0.961583 -0.258496 0.092398
vn -0.929712 -0.328804 -0.165902
vn -0.955423 -0.293607 0.031001
vn -0.671799 -0.033000 0.739998
vn -0.475485 -0.009500 0.879673
vn -0.457976 0.046398 0.887753
vn -0.641087 0.078098 0.763484
vn 0.671799 -0.033000 0.739998
vn 0.475527 -0.009401 0.879651
vn 0.508010 -0.042201 0.860317
vn 0.629919 -0.077102 0.772824
vn -0.832421 -0.131503 0.538314
vn -0.629915 -0.077202 0.772818
vn -0.671799 -0.033000 0.739998
vn -0.783531 0.006000 0.621324
vn 0.979635 -0.187507 0.071803
vn 0.982628 -0.182405 -0.034201
vn 0.991096 -0.125099 0.045600
vn 0.981893 -0.133199 0.134699
vn 0.497477 0.100295 0.861660
vn 0.457976 0.046398 0.887753
vn 0.641087 0.078098 0.763484
vn 0.620775 0.141194 0.771169
vn -0.800180 -0.162996 0.577186
vn -0.774194 -0.082899 0.627496
vn -0.864569 -0.023099 0.501982
vn -0.899656 -0.196612 0.389824
vn -0.508010 -0.042201 0.860317
vn -0.475485 -0.009500 0.879673
vn -0.671799 -0.033000 0.739998
vn -0.629915 -0.077202 0.772818
vn 0.620775 0.141194 0.771169
vn 0.798400 0.074500 0.597500
vn 0.719486 0.084998 0.689286
vn 0.505724 0.159407 0.847840
vn -0.894959 -0.101795 0.434380
vn -0.962322 -0.184104 0.200105
vn -0.966106 -0.149001 0.210801
vn -0.908337 -0.168907 0.382616
vn 0.671799 -0.033000 0.739998
vn 0.783531 0.006000 0.621324
vn 0.753396 0.124899 0.645597
vn 0.641087 0.078098 0.763484
vn 0.571001 0.020200 0.820701
vn 0.530887 -0.033499 0.846780
vn 0.695018 -0.015800 0.718819
vn 0.684022 0.069702 0.726124
vn -0.428892 0.017700 0.903183
vn -0.612831 0.016601 0.790040
vn -0.601992 -0.096999 0.792589
vn -0.503803 -0.092001 0.858905
vn -0.918608 -0.007200 0.395104
vn -0.886889 -0.016300 0.461694
vn -0.823671 0.074297 0.562180
vn -0.859419 0.061901 0.507511
vn -0.796791 -0.076499 0.599393
vn -0.796617 -0.189804 0.573912
vn -0.811382 -0.156097 0.563288
vn -0.804719 -0.073302 0.589114
vn 0.400089 0.030299 0.915975
vn 0.267301 0.102900 0.958103
vn 0.068199 0.125998 0.989684
vn 0.058003 0.030601 0.997847
vn 0.231897 0.175997 0.956686
vn -0.180896 0.143497 0.972978
vn -0.219687 0.103694 0.970044
vn 0.226191 0.098796 0.969060
vn -0.367304 0.123901 0.921811
vn -0.526390 0.103798 0.843884
vn -0.555024 0.049902 0.830336
vn -0.385804 0.055501 0.920910
vn 0.985322 -0.052901 0.162304
vn 0.992366 -0.094197 0.079597
vn 0.995191 -0.077499 -0.059899
vn 0.999213 -0.028100 0.028000
vn -0.771243 -0.195011 0.605934
vn -0.729205 -0.054700 0.682105
vn -0.833515 -0.036201 0.551310
vn -0.880740 -0.227610 0.415319
vn 0.612831 0.016601 0.790040
vn 0.518815 0.256107 0.815623
vn 0.329401 0.244801 0.911903
vn 0.428892 0.017700 0.903183
vn 0.062902 0.140105 0.988137
vn -0.025901 -0.015801 0.999540
vn -0.317302 -0.020300 0.948107
vn -0.223990 0.087496 0.970656
vn -0.077800 0.039000 0.996206
vn -0.379989 0.051198 0.923573
vn -0.322307 0.005100 0.946621
vn 0.068602 -0.035201 0.997023
vn 0.180595 0.041699 0.982673
vn 0.211488 0.008299 0.977345
vn 0.196605 -0.010700 0.980424
vn 0.141697 -0.008100 0.989877
vn -0.946926 -0.027101 0.320309
vn -0.892919 -0.049301 0.447510
vn -0.814281 -0.214495 0.539387
vn -0.938574 -0.081598 0.335291
vn 0.670699 -0.042700 0.740499
vn 0.659699 -0.041200 0.750399
vn 0.631723 0.057902 0.773029
vn 0.685100 0.008500 0.728400
vn -0.987834 0.091003 0.126104
vn -0.972601 0.054500 0.226000
vn -0.975382 0.058599 0.212596
vn -0.983480 0.097998 0.152197
vn -0.987834 0.091003 0.126104
vn -0.999730 0.022701 -0.004900
vn -0.990837 -0.006500 0.134905
vn -0.972601 0.054500 0.226000
vn -0.990837 -0.006500 0.134905
vn -0.999730 0.022701 -0.004900
vn -0.997490 -0.022900 -0.066999
vn -0.991885 -0.064099 0.109798
vn -0.990837 -0.006500 0.134905
vn -0.991885 -0.064099 0.109798
vn -0.970802 -0.100100 0.218000
vn -0.965139 -0.053502 0.256210
vn -0.363014 0.143705 0.920635
vn 0.041400 0.155901 0.986905
vn 0.007500 0.182496 0.983178
vn -0.356406 0.174903 0.917815
vn -0.990837 -0.006500 0.134905
vn -0.965139 -0.053502 0.256210
vn -0.951591 0.012900 0.307097
vn -0.972601 0.054500 0.226000
vn 0.955571 -0.136996 0.260992
vn 0.961115 -0.042201 0.272904
vn 0.988861 -0.031399 0.145494
vn 0.990257 -0.065297 0.122995
vn 0.975408 0.058500 0.212502
vn 0.965228 0.000900 0.261408
vn 0.951591 0.012900 0.307097
vn 0.972601 0.054500 0.226000
vn -0.054798 -0.160794 0.985466
vn 0.574909 -0.150202 0.804313
vn 0.488890 -0.089098 0.867783
vn 0.027300 -0.089600 0.995604
vn 0.386889 -0.089497 0.917773
vn 0.444523 0.065803 0.893347
vn 0.092201 0.068101 0.993409
vn -0.060200 -0.070400 0.995701
vn 0.763309 -0.045801 0.644408
vn 0.723908 -0.059701 0.687308
vn 0.649766 -0.072596 0.756660
vn 0.652625 -0.160306 0.740528
vn 0.516490 0.191596 0.834583
vn 0.340894 0.176497 0.923385
vn 0.328618 0.133707 0.934951
vn 0.519128 0.137607 0.843546
vn -0.814081 -0.042599 0.579187
vn -0.855660 -0.049398 0.515176
vn -0.746622 0.020901 0.664920
vn -0.712423 -0.006200 0.701723
vn 0.985696 -0.154899 0.066400
vn 0.934680 -0.257395 0.245195
vn 0.931784 -0.168197 0.321695
vn 0.961743 -0.115505 0.248411
vn -0.493087 -0.057499 0.868078
vn 0.073098 0.055598 0.995774
vn 0.175905 0.197806 0.964329
vn -0.371614 0.122005 0.920336
vn 0.937545 -0.105705 0.331416
vn 0.944170 -0.202994 0.259492
vn 0.867686 -0.049999 0.494592
vn 0.905117 -0.052501 0.421908
vn 0.567093 0.049099 0.822189
vn 0.640392 0.079799 0.763891
vn 0.661224 -0.039901 0.749127
vn 0.684011 -0.089901 0.723911
vn -0.670754 -0.042697 0.740450
vn -0.685153 0.008499 0.728350
vn -0.631783 0.057898 0.772980
vn -0.659699 -0.041200 0.750399
vn 0.674697 -0.069700 0.734797
vn 0.662784 0.022199 0.748482
vn 0.598384 -0.007100 0.801178
vn 0.610671 -0.052198 0.790162
vn 0.674697 -0.069700 0.734797
vn 0.795212 -0.126402 0.593009
vn 0.754647 -0.032202 0.655341
vn 0.662784 0.022199 0.748482
vn -0.982120 -0.096902 0.161403
vn -0.959315 -0.028400 0.280905
vn -0.920086 -0.099399 0.378894
vn -0.978116 -0.175403 0.111902
vn 0.685100 0.008500 0.728400
vn 0.631723 0.057902 0.773029
vn 0.662784 0.022199 0.748482
vn 0.754647 -0.032202 0.655341
vn 0.918593 -0.110999 0.379297
vn 0.917173 -0.119696 0.380089
vn 0.880519 -0.147403 0.450510
vn 0.874004 -0.091100 0.477302
vn -0.456601 -0.011100 0.889602
vn -0.611819 -0.024301 0.790624
vn -0.579124 -0.085604 0.810733
vn -0.465903 -0.070701 0.882007
vn -0.891035 0.004000 0.453918
vn -0.847579 0.066498 0.526487
vn -0.814326 0.014800 0.580219
vn -0.891798 -0.043900 0.450299
vn -0.873750 -0.205512 0.440825
vn -0.854010 -0.129402 0.503906
vn -0.890945 -0.119806 0.438022
vn -0.899974 -0.220294 0.376189
vn -0.767079 0.107497 0.632483
vn -0.813547 0.073295 0.576862
vn -0.667823 0.118504 0.734826
vn -0.664611 0.123502 0.736912
vn -0.670106 0.044900 0.740906
vn -0.630814 0.134903 0.764117
vn -0.782121 0.114503 0.612516
vn -0.817583 0.049399 0.573688
vn -0.826298 0.084900 0.556798
vn -0.880774 0.115697 0.459186
vn -0.922499 -0.067800 0.379999
vn -0.890945 -0.119806 0.438022
vn 0.137298 -0.446894 0.883988
vn -0.287593 -0.230595 0.929578
vn -0.206603 -0.203103 0.957113
vn 0.138497 -0.344593 0.928480
vn -0.837009 0.023000 0.546706
vn -0.892346 -0.057903 0.447623
vn -0.916359 -0.007800 0.400282
vn -0.907683 0.114298 0.403792
vn 0.587088 -0.019700 0.809283
vn 0.668372 0.028799 0.743269
vn 0.687710 -0.090601 0.720310
vn 0.704091 -0.146698 0.694791
vn 0.922499 -0.067800 0.379999
vn 0.890945 -0.119806 0.438022
vn 0.899974 -0.220294 0.376189
vn 0.934845 -0.251612 0.250512
vn 0.813711 0.068601 0.577208
vn 0.942534 0.115504 0.313511
vn 0.930515 0.030200 0.365006
vn 0.840686 0.040699 0.539991
vn 0.883822 0.053001 0.464812
vn 0.840313 0.032800 0.541108
vn 0.826298 0.084900 0.556798
vn 0.880774 0.115697 0.459186
vn 0.883822 0.053001 0.464812
vn 0.909289 -0.032500 0.414895
vn 0.881721 -0.094002 0.462311
vn 0.840313 0.032800 0.541108
vn 0.944724 -0.136704 0.298008
vn 0.986300 -0.108800 0.124000
vn 0.983680 -0.009100 0.179696
vn 0.930725 -0.103703 0.350709
vn 0.826298 0.084900 0.556798
vn 0.776102 0.063500 0.627402
vn 0.854010 -0.129402 0.503906
vn 0.890945 -0.119806 0.438022
vn 0.840313 0.032800 0.541108
vn 0.793821 0.043201 0.606616
vn 0.776102 0.063500 0.627402
vn 0.826298 0.084900 0.556798
vn 0.881721 -0.094002 0.462311
vn 0.838796 -0.120699 0.530898
vn 0.793821 0.043201 0.606616
vn 0.840313 0.032800 0.541108
vn 0.951591 0.012900 0.307097
vn 0.965139 -0.053502 0.256210
vn 0.990837 -0.006500 0.134905
vn 0.972601 0.054500 0.226000
vn 0.507688 0.323792 0.798381
vn 0.789714 0.250704 0.559910
vn 0.742001 0.260300 0.617801
vn 0.521699 0.323299 0.789499
vn 0.251503 0.032500 0.967311
vn -0.165097 0.044299 0.985282
vn -0.115998 0.011800 0.993180
vn 0.243090 0.083996 0.966360
vn 0.133397 0.048399 0.989880
vn -0.150599 0.000800 0.988595
vn -0.158393 0.086796 0.983554
vn 0.145398 0.123098 0.981686
vn 0.369890 0.182495 0.910976
vn 0.062902 0.140105 0.988137
vn 0.034300 0.306004 0.951412
vn 0.392185 0.277389 0.877067
vn 0.549002 0.174500 0.817402
vn 0.026500 0.145403 0.989018
vn -0.024001 0.127506 0.991547
vn 0.538092 0.119398 0.834387
vn 0.880118 -0.275406 0.386708
vn 0.859610 -0.328204 0.391604
vn 0.820917 -0.130603 0.555912
vn 0.870879 -0.164396 0.463189
vn -0.845674 -0.159895 0.509184
vn -0.862688 -0.099799 0.495793
vn -0.793690 -0.081099 0.602892
vn -0.828272 -0.225192 0.513083
vn -0.847190 -0.223497 0.481994
vn -0.850509 -0.304003 0.429205
vn -0.815309 -0.286803 0.503006
vn -0.827604 -0.294902 0.477603
vn 0.295203 0.028500 0.955009
vn 0.347921 0.148709 0.925655
vn 0.082898 0.126696 0.988472
vn 0.049202 0.026701 0.998432
vn 0.598076 -0.093496 0.795967
vn 0.270002 -0.107801 0.956806
vn 0.289493 -0.224095 0.930578
vn 0.616914 -0.223205 0.754717
vn 0.652708 0.001300 0.757609
vn 0.772622 0.083002 0.629418
vn 0.600597 0.231199 0.765396
vn 0.526403 0.083700 0.846105
vn 0.177602 0.052301 0.982712
vn 0.040601 0.066902 0.996933
vn 0.488992 0.068599 0.869587
vn -0.469008 0.095502 0.878015
vn -0.643428 0.089704 0.760233
vn -0.611883 -0.024199 0.790578
vn -0.456601 -0.011100 0.889602
vn -0.501897 0.057800 0.862994
vn -0.652497 0.040700 0.756697
vn -0.638797 0.168499 0.750697
vn -0.679660 0.110493 0.725157
vn -0.725764 0.038498 0.686866
vn -0.729887 -0.093898 0.677088
vn -0.579124 -0.085604 0.810733
vn -0.611883 -0.024199 0.790578
vn -0.752106 0.170501 0.636605
vn -0.725764 0.038498 0.686866
vn -0.611819 -0.024301 0.790624
vn -0.643107 0.108101 0.758108
vn -0.084900 -0.251600 0.964100
vn -0.276507 -0.385910 0.880123
vn -0.418492 -0.204996 0.884783
vn -0.156702 -0.085801 0.983912
vn 0.579124 -0.085604 0.810733
vn 0.611819 -0.024301 0.790624
vn 0.456601 -0.011100 0.889602
vn 0.465903 -0.070701 0.882007
vn 0.579124 -0.085604 0.810733
vn 0.729887 -0.093898 0.677088
vn 0.725764 0.038498 0.686866
vn 0.611883 -0.024199 0.790578
vn 0.611883 -0.024199 0.790578
vn 0.643107 0.108101 0.758108
vn 0.478400 0.123600 0.869400
vn 0.456601 -0.011100 0.889602
vn 0.754913 0.149703 0.638511
vn 0.643428 0.089704 0.760233
vn 0.611819 -0.024301 0.790624
vn 0.725764 0.038498 0.686866
vn 0.597502 0.172001 0.783203
vn 0.423990 0.162996 0.890879
vn 0.443699 0.081100 0.892499
vn 0.591817 0.111503 0.798323
vn -0.951591 0.012900 0.307097
vn -0.965228 0.000900 0.261408
vn -0.975382 0.058599 0.212596
vn -0.972601 0.054500 0.226000
vn 0.701979 0.147395 0.696779
vn 0.537577 0.186792 0.822265
vn 0.521699 0.323299 0.789499
vn 0.742001 0.260300 0.617801
vn 0.853742 -0.188787 0.485267
vn 0.949423 -0.135403 0.283307
vn 0.966978 -0.056599 0.248494
vn 0.853706 -0.176301 0.490004
vn 0.670278 0.086297 0.737076
vn 0.560997 0.110599 0.820396
vn 0.609509 0.070801 0.789612
vn 0.652430 0.103605 0.750734
vn 0.184198 0.196298 0.963088
vn 0.465403 0.175101 0.867606
vn 0.353299 0.245599 0.902697
vn 0.184198 0.196298 0.963088
vn 0.353299 0.245599 0.902697
vn 0.197990 0.243988 0.949352
vn 0.972892 -0.112599 0.201998
vn 0.992261 -0.080897 -0.094196
vn 0.997624 0.003600 0.068802
vn 0.971911 -0.040700 0.231803
vn 0.098998 -0.125997 0.987079
vn -0.201808 -0.148906 0.968039
vn -0.216709 0.044102 0.975240
vn 0.099099 0.019400 0.994888
vn 0.094396 -0.012599 0.995455
vn 0.075097 0.112095 0.990856
vn -0.292404 0.095501 0.951514
vn -0.447008 -0.005200 0.894515
vn -0.753396 0.124899 0.645597
vn -0.783531 0.006000 0.621324
vn -0.671799 -0.033000 0.739998
vn -0.641087 0.078098 0.763484
vn 0.337082 0.145592 0.930150
vn 0.029900 0.152102 0.987912
vn 0.075097 0.112095 0.990856
vn 0.450704 0.047500 0.891409
vn 0.535269 0.222487 0.814853
vn 0.375501 0.251301 0.892103
vn 0.376705 0.098201 0.921113
vn 0.662821 0.099603 0.742124
vn -0.201808 -0.148906 0.968039
vn -0.489421 -0.146606 0.859636
vn -0.495818 0.047402 0.867132
vn -0.216709 0.044102 0.975240
vn -0.798758 -0.353881 0.486574
vn -0.787901 -0.203800 0.581101
vn -0.861256 -0.164892 0.480675
vn -0.880976 -0.363590 0.302792
vn 0.384018 0.150707 0.910943
vn 0.242995 0.189796 0.951279
vn 0.367304 0.123901 0.921811
vn 0.526390 0.103798 0.843884
vn -0.760539 -0.080904 0.644233
vn -0.791325 -0.143905 0.594219
vn -0.537312 -0.106602 0.836619
vn -0.576517 -0.065902 0.814424
vn -0.709403 0.029100 0.704203
vn -0.760539 -0.080904 0.644233
vn -0.576517 -0.065902 0.814424
vn -0.555024 0.049902 0.830336
vn -0.983353 -0.181310 0.012001
vn -0.979721 -0.190104 -0.063301
vn -0.986310 -0.135901 -0.093401
vn -0.984869 -0.173194 -0.006100
vn 0.526390 0.103798 0.843884
vn 0.663112 0.083802 0.743814
vn 0.601625 0.098904 0.792632
vn 0.384018 0.150707 0.910943
vn 0.537312 -0.106602 0.836619
vn 0.576517 -0.065902 0.814424
vn 0.359496 -0.053899 0.931589
vn 0.360101 -0.086400 0.928904
vn -0.829153 -0.084905 0.552536
vn -0.804719 -0.073302 0.589114
vn -0.811382 -0.156097 0.563288
vn -0.914521 -0.257006 0.312407
vn 0.576517 -0.065902 0.814424
vn 0.555024 0.049902 0.830336
vn 0.385804 0.055501 0.920910
vn 0.359496 -0.053899 0.931589
vn -0.653681 0.066098 0.753878
vn -0.667899 0.081300 0.739798
vn -0.792827 0.078103 0.604421
vn -0.841485 0.030999 0.539390
vn 0.555024 0.049902 0.830336
vn 0.526390 0.103798 0.843884
vn 0.367304 0.123901 0.921811
vn 0.385804 0.055501 0.920910
vn 0.663112 0.083802 0.743814
vn 0.526390 0.103798 0.843884
vn 0.555024 0.049902 0.830336
vn 0.709403 0.029100 0.704203
vn -0.867686 -0.049999 0.494592
vn -0.905117 -0.052501 0.421908
vn -0.909183 0.001700 0.416392
vn -0.820502 -0.024900 0.571101
vn -0.948073 0.038699 0.315691
vn -0.927023 0.102203 0.360809
vn -0.949621 0.132303 0.284106
vn -0.973679 0.049899 0.222395
vn -0.356513 0.083703 0.930533
vn 0.023600 0.097000 0.995005
vn 0.001700 0.005500 0.999983
vn -0.361816 0.003900 0.932241
vn -0.352312 0.089103 0.931631
vn -0.376596 0.012800 0.926289
vn -0.400413 -0.040701 0.915430
vn -0.429603 -0.038300 0.902205
vn -0.787719 -0.100302 0.607815
vn -0.822582 -0.134597 0.552488
vn -0.825302 -0.041000 0.563201
vn -0.746485 -0.004700 0.665386
vn 0.845679 -0.037299 0.532387
vn 0.849500 -0.067900 0.523200
vn 0.804719 -0.073302 0.589114
vn 0.796791 -0.076499 0.599393
vn -0.907193 -0.265698 0.326198
vn -0.908474 -0.314991 0.274692
vn -0.934680 -0.257395 0.245195
vn -0.931784 -0.168197 0.321695
vn -0.820917 -0.130603 0.555912
vn -0.870879 -0.164396 0.463189
vn -0.912432 -0.126104 0.389314
vn -0.847971 -0.121696 0.515883
vn 0.936090 -0.341996 -0.082299
vn 0.905800 -0.423700 -0.002300
vn 0.881655 -0.471876 0.004200
vn 0.929312 -0.369205 0.008200
vn -0.997744 -0.012301 0.066003
vn -0.999006 -0.034600 0.028100
vn -0.990476 -0.048399 0.128897
vn -0.990919 -0.025600 0.132003
vn 0.931629 -0.053102 0.359511
vn 0.867025 -0.112003 0.485514
vn 0.855801 -0.038100 0.515900
vn 0.921507 -0.016700 0.388003
vn -0.294990 0.164295 0.941269
vn -0.216011 0.122706 0.968650
vn -0.382005 0.121702 0.916112
vn -0.443994 0.148198 0.883689
vn 0.957444 0.001700 0.288613
vn 0.961517 0.008800 0.274605
vn 0.931629 -0.053102 0.359511
vn 0.921507 -0.016700 0.388003
vn 0.962249 0.068103 0.263513
vn 0.928089 0.037200 0.370496
vn 0.919292 -0.011900 0.393397
vn 0.958929 0.047101 0.279708
vn 0.962249 0.068103 0.263513
vn 0.955731 0.008800 0.294110
vn 0.919285 -0.008800 0.393494
vn 0.928089 0.037200 0.370496
vn 0.955731 0.008800 0.294110
vn 0.961517 0.008800 0.274605
vn 0.931629 -0.053102 0.359511
vn 0.919285 -0.008800 0.393494
vn 0.928089 0.037200 0.370496
vn 0.830417 0.005900 0.557111
vn 0.855571 -0.017699 0.517383
vn 0.919292 -0.011900 0.393397
vn 0.928089 0.037200 0.370496
vn 0.919285 -0.008800 0.393494
vn 0.849906 -0.034500 0.525804
vn 0.830417 0.005900 0.557111
vn -0.855801 -0.038100 0.515900
vn -0.867025 -0.112003 0.485514
vn -0.931629 -0.053102 0.359511
vn -0.921507 -0.016700 0.388003
vn 0.954648 -0.187490 0.231287
vn 0.915325 -0.213906 0.341209
vn 0.901829 -0.400613 0.161905
vn 0.931693 -0.344497 0.115199
vn 0.969033 -0.134005 0.207407
vn 0.983005 -0.181701 0.026200
vn 0.989381 -0.130398 0.064199
vn 0.957083 -0.106098 0.269695
vn 0.937341 -0.201109 0.284512
vn 0.950649 -0.260714 0.168209
vn 0.956021 -0.286206 0.064101
vn 0.960982 -0.215596 0.173297
vn -0.867686 -0.049999 0.494592
vn -0.944170 -0.202994 0.259492
vn -0.937545 -0.105705 0.331416
vn -0.905117 -0.052501 0.421908
vn -0.905117 -0.052501 0.421908
vn -0.927093 -0.039000 0.372797
vn -0.947789 -0.000600 0.318896
vn -0.909183 0.001700 0.416392
vn 0.801409 0.104001 0.589006
vn 0.815594 0.170299 0.552996
vn 0.904177 0.030199 0.426089
vn 0.883680 0.027399 0.467289
vn 0.947789 -0.000600 0.318896
vn 0.909183 0.001700 0.416392
vn 0.936119 -0.106702 0.335107
vn 0.980823 -0.108503 0.161904
vn 0.819890 -0.126399 0.558393
vn 0.733358 -0.146992 0.663762
vn 0.748188 -0.279396 0.601791
vn 0.851867 -0.305288 0.425584
vn 0.927093 -0.039000 0.372797
vn 0.948382 0.054599 0.312394
vn 0.937545 -0.105705 0.331416
vn 0.905117 -0.052501 0.421908
vn 0.909183 0.001700 0.416392
vn 0.820502 -0.024900 0.571101
vn 0.871214 -0.080201 0.484308
vn 0.936119 -0.106702 0.335107
vn 0.909183 0.001700 0.416392
vn 0.905117 -0.052501 0.421908
vn 0.867686 -0.049999 0.494592
vn 0.820502 -0.024900 0.571101
vn 0.966745 -0.194709 0.165808
vn 0.989189 -0.133899 0.059799
vn 0.991089 -0.087999 0.099999
vn 0.977377 -0.133197 0.164296
vn -0.943301 -0.062500 0.326000
vn -0.915820 0.035601 0.400009
vn -0.962635 0.020701 0.270010
vn -0.992835 -0.118704 0.013700
vn -0.867876 -0.028099 0.495986
vn -0.837328 0.009500 0.546618
vn -0.915820 0.035601 0.400009
vn -0.943301 -0.062500 0.326000
vn -0.860925 -0.004100 0.508715
vn -0.917852 -0.010699 0.396779
vn -0.915820 0.035601 0.400009
vn -0.837328 0.009500 0.546618
vn -0.860925 -0.004100 0.508715
vn -0.870875 -0.086198 0.483886
vn -0.925702 -0.083600 0.368901
vn -0.917852 -0.010699 0.396779
vn 0.977790 -0.208698 -0.019300
vn 0.991832 -0.125404 0.023301
vn 0.952325 -0.120903 0.280107
vn 0.949823 -0.279907 0.139603
vn -0.925702 -0.083600 0.368901
vn -0.944751 -0.065304 0.321217
vn -0.936426 -0.037001 0.348910
vn -0.917852 -0.010699 0.396779
vn -0.971246 -0.233411 -0.046902
vn -0.951580 -0.278094 -0.130997
vn -0.954628 -0.292508 0.055902
vn -0.966585 -0.244696 0.076399
vn 0.962635 0.020701 0.270010
vn 0.936426 -0.037001 0.348910
vn 0.917852 -0.010699 0.396779
vn 0.915820 0.035601 0.400009
vn -0.931629 -0.053102 0.359511
vn -0.961517 0.008800 0.274605
vn -0.957444 0.001700 0.288613
vn -0.921507 -0.016700 0.388003
vn -0.870109 -0.304803 0.387304
vn -0.798568 -0.299188 0.522279
vn -0.795314 -0.205204 0.570410
vn -0.858265 -0.181393 0.480081
vn 0.906485 -0.418193 0.058299
vn 0.855632 -0.476918 -0.201107
vn 0.899216 -0.436808 -0.024700
vn 0.918695 -0.357598 0.167699
vn -0.917852 -0.010699 0.396779
vn -0.936426 -0.037001 0.348910
vn -0.962635 0.020701 0.270010
vn -0.915820 0.035601 0.400009
vn -0.484312 0.140003 0.863621
vn -0.623900 0.200300 0.755400
vn -0.585782 0.203994 0.784376
vn -0.383514 0.133505 0.913834
vn -0.992366 -0.094197 0.079597
vn -0.995191 -0.077499 -0.059899
vn -0.987639 -0.117005 -0.104304
vn -0.985876 -0.167296 -0.007800
vn -0.594715 -0.137904 0.792020
vn -0.648788 -0.083398 0.756386
vn -0.630417 -0.047201 0.774821
vn -0.649761 -0.072696 0.756655
vn 0.501301 0.388801 0.773002
vn 0.534323 0.243211 0.809535
vn 0.392103 0.232302 0.890107
vn 0.298487 0.307087 0.903661
vn -0.866838 -0.449320 0.216110
vn -0.907498 -0.415199 0.063700
vn -0.893589 -0.443395 -0.069999
vn -0.898200 -0.380400 0.220300
vn -0.810017 0.153303 0.566012
vn -0.855535 0.138706 0.498820
vn -0.885623 0.129403 0.446012
vn -0.779079 0.108397 0.617483
vn 0.798075 0.030599 0.601781
vn 0.839496 0.058600 0.540197
vn 0.865828 -0.072802 0.495016
vn 0.826271 -0.054998 0.560581
vn 0.798075 0.030599 0.601781
vn 0.766682 0.026399 0.641485
vn 0.810017 0.153303 0.566012
vn 0.839496 0.058600 0.540197
vn 0.750269 0.031699 0.660373
vn 0.779079 0.108397 0.617483
vn 0.810017 0.153303 0.566012
vn 0.766682 0.026399 0.641485
vn 0.857652 -0.000300 0.514231
vn 0.879929 -0.063702 0.470816
vn 0.865828 -0.072802 0.495016
vn 0.839496 0.058600 0.540197
vn 0.855535 0.138706 0.498820
vn 0.857652 -0.000300 0.514231
vn 0.839496 0.058600 0.540197
vn 0.810017 0.153303 0.566012
vn 0.966978 -0.056599 0.248494
vn 0.998636 0.021001 -0.047802
vn 0.990873 0.000800 0.134796
vn 0.959315 -0.028400 0.280905
vn -0.649998 0.007600 0.759898
vn -0.468095 0.022500 0.883391
vn -0.431118 0.100004 0.896737
vn -0.593862 0.118792 0.795749
vn -0.762927 -0.008900 0.646423
vn -0.823177 0.060198 0.564584
vn -0.874707 -0.078801 0.478204
vn -0.773875 -0.152195 0.614780
vn 0.899216 -0.436808 -0.024700
vn 0.908571 -0.381888 0.169295
vn 0.909437 -0.316513 0.269711
vn 0.918695 -0.357598 0.167699
vn -0.621577 -0.081797 0.779071
vn -0.625893 -0.120199 0.770591
vn -0.642409 -0.088701 0.761211
vn -0.642387 -0.089098 0.761184
vn -0.836789 0.050499 0.545193
vn -0.865583 0.082698 0.493890
vn -0.876519 0.055901 0.478110
vn -0.823177 0.060198 0.564584
vn 0.941431 -0.063302 0.331211
vn 0.874707 -0.078801 0.478204
vn 0.893998 -0.245699 0.374699
vn 0.960612 -0.272004 0.056901
vn 0.941431 -0.063302 0.331211
vn 0.876519 0.055901 0.478110
vn 0.823177 0.060198 0.564584
vn 0.874707 -0.078801 0.478204
vn 0.599684 0.153996 0.785280
vn 0.567833 0.214713 0.794647
vn 0.572990 0.217096 0.790286
vn 0.606184 0.165196 0.777979
vn 0.874707 -0.078801 0.478204
vn 0.773875 -0.152195 0.614780
vn 0.813505 -0.223001 0.537103
vn 0.893998 -0.245699 0.374699
vn 0.977648 -0.181690 0.105794
vn 0.990278 -0.138997 0.005400
vn 0.991171 -0.127996 0.034599
vn 0.980918 -0.130402 0.144203
vn 0.836784 0.050599 0.545190
vn 0.834105 -0.036400 0.550403
vn 0.762927 -0.008900 0.646423
vn 0.823177 0.060198 0.564584
vn -0.748188 -0.279396 0.601791
vn -0.733358 -0.146992 0.663762
vn -0.819890 -0.126399 0.558393
vn -0.851867 -0.305288 0.425584
vn -0.652498 -0.179199 0.736298
vn -0.618414 -0.019200 0.785618
vn -0.699592 0.018900 0.714292
vn -0.733358 -0.146992 0.663762
vn -0.618414 -0.019200 0.785618
vn -0.651781 -0.039499 0.757378
vn -0.725111 0.005400 0.688611
vn -0.699592 0.018900 0.714292
vn -0.886889 -0.016300 0.461694
vn -0.887277 -0.099897 0.450288
vn -0.853573 -0.149095 0.499184
vn -0.838525 -0.079602 0.539016
vn -0.699592 0.018900 0.714292
vn -0.725111 0.005400 0.688611
vn -0.792467 0.017099 0.609675
vn -0.761683 0.061899 0.644986
vn -0.769809 -0.082601 0.632907
vn -0.817737 -0.076203 0.570526
vn -0.796821 0.039601 0.602916
vn -0.700420 0.050801 0.711921
vn -0.631186 0.008700 0.775583
vn -0.765966 -0.214691 0.605973
vn -0.769809 -0.082601 0.632907
vn -0.700420 0.050801 0.711921
vn -0.971246 -0.233411 -0.046902
vn -0.966585 -0.244696 0.076399
vn -0.971818 -0.149203 0.182503
vn -0.985723 -0.131303 0.105402
vn 0.819890 -0.126399 0.558393
vn 0.761683 0.061899 0.644986
vn 0.699592 0.018900 0.714292
vn 0.733358 -0.146992 0.663762
vn -0.864569 -0.023099 0.501982
vn -0.857722 -0.001200 0.514113
vn -0.923892 -0.022400 0.381997
vn -0.954303 0.034000 0.296901
vn -0.911680 -0.122897 0.392091
vn -0.971911 -0.040700 0.231803
vn -0.972892 -0.112599 0.201998
vn -0.926165 -0.118595 0.357986
vn 0.733358 -0.146992 0.663762
vn 0.652498 -0.179199 0.736298
vn 0.671432 -0.268713 0.690632
vn 0.748188 -0.279396 0.601791
vn 0.934808 -0.348003 0.070901
vn 0.895686 -0.388594 0.216197
vn 0.919411 -0.287103 0.268803
vn 0.948011 -0.265603 0.175302
vn -0.918087 -0.118998 0.378095
vn -0.908783 -0.169497 0.381293
vn -0.930870 -0.142795 0.336289
vn -0.947323 -0.146504 0.284807
vn 0.936025 0.012600 0.351709
vn 0.862781 -0.046999 0.503389
vn 0.882408 -0.096401 0.460504
vn 0.933761 -0.058498 0.353085
vn 0.062902 0.140105 0.988137
vn -0.223990 0.087496 0.970656
vn -0.332387 0.212192 0.918963
vn 0.034300 0.306004 0.951412
vn 0.267301 0.102900 0.958103
vn 0.166802 0.111101 0.979711
vn 0.032700 0.146902 0.988611
vn 0.068199 0.125998 0.989684
vn -0.180000 0.130300 0.974999
vn 0.281005 0.153102 0.947415
vn 0.366184 0.198791 0.909061
vn -0.391587 0.235592 0.889470
vn 0.037600 0.066100 0.997104
vn 0.062998 0.087497 0.994171
vn 0.466215 0.058602 0.882728
vn 0.418780 0.015399 0.907957
vn 0.247993 -0.661581 0.707680
vn 0.053799 -0.560089 0.826684
vn 0.107001 -0.441002 0.891105
vn 0.306300 -0.561500 0.768699
vn 0.880519 -0.147403 0.450510
vn 0.816704 -0.192501 0.544002
vn 0.797521 -0.070002 0.599216
vn 0.874004 -0.091100 0.477302
vn 0.753724 0.068402 0.653621
vn 0.826776 0.073698 0.557683
vn 0.786967 0.111295 0.606874
vn 0.710622 0.095803 0.697021
vn 0.838525 -0.079602 0.539016
vn 0.893505 -0.020100 0.448603
vn 0.826776 0.073698 0.557683
vn 0.753724 0.068402 0.653621
vn 0.853573 -0.149095 0.499184
vn 0.887277 -0.099897 0.450288
vn 0.886889 -0.016300 0.461694
vn 0.838525 -0.079602 0.539016
vn 0.887277 -0.099897 0.450288
vn 0.947808 -0.058101 0.313503
vn 0.918608 -0.007200 0.395104
vn 0.886889 -0.016300 0.461694
vn 0.823671 0.074297 0.562180
vn 0.859419 0.061901 0.507511
vn 0.819319 0.134603 0.557313
vn 0.786967 0.111295 0.606874
vn 0.823671 0.074297 0.562180
vn 0.886889 -0.016300 0.461694
vn 0.918608 -0.007200 0.395104
vn 0.859419 0.061901 0.507511
vn 0.655595 0.005300 0.755094
vn 0.449989 -0.028499 0.892579
vn 0.696003 -0.083200 0.713203
vn 0.655595 0.005300 0.755094
vn 0.469290 0.010600 0.882981
vn 0.449989 -0.028499 0.892579
vn 0.316295 0.011900 0.948586
vn 0.449989 -0.028499 0.892579
vn 0.469290 0.010600 0.882981
vn 0.209398 0.061599 0.975888
vn 0.209398 0.061599 0.975888
vn 0.469290 0.010600 0.882981
vn 0.407918 0.077303 0.909740
vn 0.149296 0.103397 0.983372
vn -0.149296 0.103397 0.983372
vn -0.114504 0.127304 0.985232
vn -0.478088 0.078698 0.874779
vn -0.407918 0.077303 0.909740
vn -0.469290 0.010600 0.882981
vn -0.407918 0.077303 0.909740
vn -0.630199 0.048800 0.774899
vn -0.655595 0.005300 0.755094
vn -0.519128 0.137607 0.843546
vn -0.516573 0.191490 0.834556
vn -0.687078 0.123696 0.715977
vn -0.724690 0.067199 0.685791
vn -0.655595 0.005300 0.755094
vn -0.696003 -0.083200 0.713203
vn -0.449989 -0.028499 0.892579
vn -0.655595 0.005300 0.755094
vn -0.449989 -0.028499 0.892579
vn -0.469290 0.010600 0.882981
vn 0.691237 -0.047903 0.721039
vn 0.716401 -0.098500 0.690701
vn 0.766600 -0.101200 0.634100
vn 0.779992 -0.024900 0.625294
vn 0.630199 0.048800 0.774899
vn 0.625997 0.048800 0.778297
vn 0.478088 0.078698 0.874779
vn 0.407918 0.077303 0.909740
vn -0.469290 0.010600 0.882981
vn -0.449989 -0.028499 0.892579
vn -0.316295 0.011900 0.948586
vn -0.209398 0.061599 0.975888
vn -0.407918 0.077303 0.909740
vn -0.469290 0.010600 0.882981
vn -0.209398 0.061599 0.975888
vn -0.149296 0.103397 0.983372
vn 0.585284 0.340691 0.735780
vn 0.692522 0.345611 0.633220
vn 0.671125 0.129605 0.729927
vn 0.526026 0.242912 0.815040
vn 0.803002 -0.203101 0.560301
vn 0.920725 -0.260407 0.290608
vn 0.911292 -0.145499 0.385197
vn 0.818460 -0.139093 0.557473
vn 0.731393 -0.164999 0.661694
vn 0.803002 -0.203101 0.560301
vn 0.818460 -0.139093 0.557473
vn 0.692813 -0.117902 0.711413
vn 0.692813 -0.117902 0.711413
vn 0.818460 -0.139093 0.557473
vn 0.758429 -0.006300 0.651725
vn 0.579972 0.016899 0.814461
vn 0.579972 0.016899 0.814461
vn 0.758429 -0.006300 0.651725
vn 0.764691 0.002300 0.644393
vn 0.554417 0.054902 0.830426
vn 0.696983 0.198095 0.689183
vn 0.353299 0.245599 0.902697
vn 0.465403 0.175101 0.867606
vn 0.717799 0.141600 0.681699
vn -0.764691 0.002300 0.644393
vn -0.819049 -0.115707 0.561934
vn -0.863795 -0.060500 0.500197
vn -0.758380 -0.006300 0.651783
vn -0.911292 -0.145499 0.385197
vn -0.920725 -0.260407 0.290608
vn -0.803002 -0.203101 0.560301
vn -0.818674 -0.139396 0.557083
vn 0.863795 -0.060500 0.500197
vn 0.758429 -0.006300 0.651725
vn 0.818460 -0.139093 0.557473
vn 0.911292 -0.145499 0.385197
vn -0.983222 -0.160004 0.087602
vn -0.972155 -0.223890 0.069197
vn -0.949580 -0.222295 0.221095
vn -0.945838 -0.190308 0.263010
vn -0.818674 -0.139396 0.557083
vn -0.803002 -0.203101 0.560301
vn -0.731393 -0.164999 0.661694
vn -0.692813 -0.117902 0.711413
vn -0.758380 -0.006300 0.651783
vn -0.818674 -0.139396 0.557083
vn -0.692813 -0.117902 0.711413
vn -0.579972 0.016899 0.814461
vn -0.764691 0.002300 0.644393
vn -0.758380 -0.006300 0.651783
vn -0.579972 0.016899 0.814461
vn -0.554417 0.054902 0.830426
vn 0.498688 0.148996 0.853880
vn -0.290785 0.183890 0.938951
vn -0.268906 0.129503 0.954421
vn 0.258987 0.156892 0.953053
vn -0.976958 0.013699 0.212991
vn -0.903627 -0.110903 0.413713
vn -0.926923 -0.062502 0.370009
vn -0.973617 -0.032901 0.225804
vn 0.987174 -0.159096 -0.013300
vn 0.988000 -0.132000 -0.080200
vn 0.986310 -0.135901 -0.093401
vn 0.984869 -0.173194 -0.006100
vn 0.005400 0.115104 0.993339
vn 0.373200 0.016700 0.927601
vn 0.312702 0.040100 0.949005
vn 0.022000 0.154297 0.987780
vn -0.896611 -0.420105 -0.140002
vn -0.955423 -0.293607 0.031001
vn -0.929712 -0.328804 -0.165902
vn -0.855728 -0.397613 -0.331111
vn -0.947266 -0.172294 0.270190
vn -0.976621 -0.205405 0.063401
vn -0.962801 -0.261800 -0.066900
vn -0.948395 -0.289398 0.129599
vn 0.922499 -0.067800 0.379999
vn 0.880774 0.115697 0.459186
vn 0.826298 0.084900 0.556798
vn 0.890945 -0.119806 0.438022
vn 0.792467 0.017099 0.609675
vn 0.725111 0.005400 0.688611
vn 0.699592 0.018900 0.714292
vn 0.761683 0.061899 0.644986
vn -0.352212 0.190006 0.916430
vn -0.537577 0.186792 0.822265
vn -0.521682 0.323389 0.789473
vn -0.304212 0.208808 0.929437
vn 0.188702 -0.006800 0.982011
vn 0.392185 0.049298 0.918565
vn 0.442305 0.071501 0.894010
vn 0.207893 0.051998 0.976768
vn -0.586706 0.226402 0.777508
vn -0.742463 0.240388 0.625269
vn -0.734321 0.270408 0.622618
vn -0.551103 0.235201 0.800604
vn -0.303986 0.034398 0.952055
vn -0.254894 -0.072098 0.964277
vn -0.263306 -0.080802 0.961322
vn -0.336899 -0.009200 0.941496
vn 0.526279 0.055998 0.848466
vn 0.700303 0.042100 0.712603
vn 0.784299 -0.052000 0.618199
vn 0.685122 0.021101 0.728123
vn -0.784299 -0.052000 0.618199
vn -0.700253 0.042097 0.712652
vn -0.526279 0.055998 0.848466
vn -0.685122 0.021101 0.728123
vn -0.849906 -0.034500 0.525804
vn -0.867025 -0.112003 0.485514
vn -0.931629 -0.053102 0.359511
vn -0.919285 -0.008800 0.393494
vn 0.685122 0.021101 0.728123
vn 0.456412 0.138504 0.878923
vn 0.526279 0.055998 0.848466
vn 0.838116 -0.022900 0.545011
vn 0.804531 0.053202 0.591523
vn 0.643177 0.102896 0.758773
vn 0.928396 -0.360998 0.088100
vn 0.934217 -0.356706 -0.000300
vn 0.956021 -0.286206 0.064101
vn 0.950649 -0.260714 0.168209
vn -0.456412 0.138504 0.878923
vn -0.465014 0.151604 0.872226
vn -0.676095 0.119899 0.726994
vn -0.643177 0.102896 0.758773
vn 0.838116 -0.022900 0.545011
vn 0.685122 0.021101 0.728123
vn 0.784299 -0.052000 0.618199
vn 0.935469 -0.265291 0.233492
vn 0.643177 0.102896 0.758773
vn 0.456412 0.138504 0.878923
vn 0.685122 0.021101 0.728123
vn 0.838116 -0.022900 0.545011
vn -0.838116 -0.022900 0.545011
vn -0.643177 0.102896 0.758773
vn -0.804531 0.053202 0.591523
vn 0.795307 0.080001 0.600905
vn 0.676095 0.119899 0.726994
vn 0.643177 0.102896 0.758773
vn 0.804531 0.053202 0.591523
vn -0.854010 -0.129402 0.503906
vn -0.776102 0.063500 0.627402
vn -0.826298 0.084900 0.556798
vn -0.890945 -0.119806 0.438022
vn -0.850507 -0.153701 0.503004
vn -0.642504 -0.079901 0.762105
vn -0.649998 0.007600 0.759898
vn -0.771525 0.010000 0.636121
vn -0.685122 0.021101 0.728123
vn -0.526279 0.055998 0.848466
vn -0.456412 0.138504 0.878923
vn 0.246202 0.063901 0.967110
vn -0.110198 0.117998 0.986880
vn -0.056902 0.072503 0.995744
vn 0.435108 -0.051301 0.898916
vn 0.983353 -0.181310 0.012001
vn 0.960380 -0.222595 0.167696
vn 0.971658 -0.213591 0.101296
vn 0.984869 -0.173194 -0.006100
vn -0.257086 0.106094 0.960547
vn -0.722908 0.198202 0.661907
vn -0.649575 0.129595 0.749171
vn -0.182896 0.070798 0.980580
vn 0.048901 -0.099603 0.993825
vn 0.094396 -0.012599 0.995455
vn -0.447008 -0.005200 0.894515
vn -0.574508 -0.098001 0.812611
vn 0.243595 0.050099 0.968582
vn -0.257086 0.106094 0.960547
vn -0.182896 0.070798 0.980580
vn 0.261507 0.038701 0.964426
vn 0.750315 -0.018800 0.660813
vn 0.792401 -0.039800 0.608701
vn 0.766494 -0.137799 0.627295
vn -0.792401 -0.039800 0.608701
vn -0.833090 0.016400 0.552894
vn -0.723891 0.060099 0.687292
vn -0.750315 -0.018800 0.660813
vn 0.833090 0.016400 0.552894
vn 0.763685 -0.001100 0.645588
vn 0.721718 -0.073102 0.688317
vn 0.833090 0.016400 0.552894
vn 0.721718 -0.073102 0.688317
vn 0.898080 -0.111398 0.425491
vn 0.602016 0.073202 0.795121
vn 0.723891 0.060099 0.687292
vn 0.750315 -0.018800 0.660813
vn 0.625297 0.055700 0.778396
vn 0.602016 0.073202 0.795121
vn 0.646988 -0.039299 0.761486
vn 0.763685 -0.001100 0.645588
vn 0.833090 0.016400 0.552894
vn 0.723891 0.060099 0.687292
vn 0.661082 -0.066298 0.747379
vn 0.763685 -0.001100 0.645588
vn 0.646988 -0.039299 0.761486
vn 0.661082 -0.066298 0.747379
vn 0.721718 -0.073102 0.688317
vn 0.763685 -0.001100 0.645588
vn -0.750315 -0.018800 0.660813
vn -0.766494 -0.137799 0.627295
vn -0.792401 -0.039800 0.608701
vn -0.254894 -0.072098 0.964277
vn -0.302096 -0.191297 0.933886
vn -0.274494 -0.170897 0.946281
vn -0.263306 -0.080802 0.961322
vn -0.750315 -0.018800 0.660813
vn -0.723891 0.060099 0.687292
vn -0.602016 0.073202 0.795121
vn -0.625297 0.055700 0.778396
vn -0.763685 -0.001100 0.645588
vn -0.646988 -0.039299 0.761486
vn -0.602016 0.073202 0.795121
vn -0.723891 0.060099 0.687292
vn -0.833090 0.016400 0.552894
vn -0.661082 -0.066298 0.747379
vn -0.646988 -0.039299 0.761486
vn -0.763685 -0.001100 0.645588
vn -0.661082 -0.066298 0.747379
vn -0.763685 -0.001100 0.645588
vn -0.721718 -0.073102 0.688317
vn -0.833090 0.016400 0.552894
vn -0.721718 -0.073102 0.688317
vn -0.763685 -0.001100 0.645588
vn -0.833090 0.016400 0.552894
vn -0.898080 -0.111398 0.425491
vn -0.721718 -0.073102 0.688317
vn 0.659516 -0.104303 0.744419
vn 0.789504 -0.159701 0.592603
vn 0.726790 -0.019200 0.686591
vn 0.659516 -0.104303 0.744419
vn 0.726790 -0.019200 0.686591
vn 0.598208 -0.014400 0.801211
vn -0.616005 -0.059301 0.785507
vn -0.654385 -0.201995 0.728683
vn -0.641697 -0.203399 0.739496
vn -0.613871 0.130394 0.778563
vn 0.389699 0.073600 0.917997
vn 0.441599 0.019600 0.896998
vn 0.598208 -0.014400 0.801211
vn -0.650827 -0.160207 0.742131
vn -0.522100 -0.288800 0.802500
vn -0.584120 -0.131605 0.800927
vn -0.656901 -0.059800 0.751601
vn -0.389699 0.073600 0.917997
vn -0.367900 0.080200 0.926400
vn -0.588607 0.064901 0.805810
vn -0.570219 0.059602 0.819328
vn 0.570219 0.059602 0.819328
vn 0.726790 -0.019200 0.686591
vn 0.709400 0.074100 0.700900
vn -0.024900 -0.119700 0.992498
vn -0.595021 -0.148205 0.789928
vn -0.751449 -0.127491 0.647356
vn -0.350204 -0.163402 0.922311
vn -0.659516 -0.104303 0.744419
vn -0.726790 -0.019200 0.686591
vn -0.789504 -0.159701 0.592603
vn -0.659516 -0.104303 0.744419
vn -0.598208 -0.014400 0.801211
vn -0.726790 -0.019200 0.686591
vn 0.598208 -0.014400 0.801211
vn 0.726790 -0.019200 0.686591
vn 0.570219 0.059602 0.819328
vn 0.389699 0.073600 0.917997
vn -0.570219 0.059602 0.819328
vn -0.709400 0.074100 0.700900
vn -0.726790 -0.019200 0.686591
vn 0.726685 0.069099 0.683486
vn 0.588607 0.064901 0.805810
vn 0.570219 0.059602 0.819328
vn 0.709400 0.074100 0.700900
vn 0.389291 0.020899 0.920878
vn 0.376705 0.098201 0.921113
vn 0.055801 0.065201 0.996311
vn 0.145798 0.037999 0.988584
vn 0.598208 -0.014400 0.801211
vn 0.441599 0.019600 0.896998
vn 0.567194 -0.065299 0.820991
vn 0.659516 -0.104303 0.744419
vn -0.389699 0.073600 0.917997
vn -0.598208 -0.014400 0.801211
vn -0.441599 0.019600 0.896998
vn -0.478400 0.123600 0.869400
vn -0.483694 0.185798 0.855289
vn -0.640910 0.177503 0.746812
vn -0.643107 0.108101 0.758108
vn -0.352312 0.089103 0.931631
vn -0.235801 0.223701 0.945704
vn -0.318807 0.110802 0.941321
vn -0.376596 0.012800 0.926289
vn -0.182896 0.070798 0.980580
vn -0.649575 0.129595 0.749171
vn -0.451002 0.130001 0.883004
vn -0.042800 0.117999 0.992091
vn -0.980918 -0.130402 0.144203
vn -0.932104 -0.106100 0.346302
vn -0.938285 -0.130998 0.320095
vn -0.970622 -0.094902 0.221105
vn 0.319604 0.072001 0.944812
vn 0.261507 0.038701 0.964426
vn -0.182896 0.070798 0.980580
vn -0.042800 0.117999 0.992091
vn -0.247908 -0.117504 0.961631
vn -0.322307 0.005100 0.946621
vn -0.619939 -0.001400 0.784649
vn -0.646722 -0.107404 0.755126
vn 0.847261 -0.039898 0.529676
vn 0.630976 -0.051798 0.774071
vn 0.892015 -0.162703 0.421707
vn 0.847261 -0.039898 0.529676
vn 0.620598 -0.007000 0.784098
vn 0.630976 -0.051798 0.774071
vn 0.620598 -0.007000 0.784098
vn 0.437684 0.016999 0.898968
vn 0.630976 -0.051798 0.774071
vn 0.620598 -0.007000 0.784098
vn 0.258512 0.085204 0.962243
vn 0.437684 0.016999 0.898968
vn -0.919292 -0.011900 0.393397
vn -0.928089 0.037200 0.370496
vn -0.962249 0.068103 0.263513
vn -0.958929 0.047101 0.279708
vn -0.217396 0.146797 0.964982
vn -0.336512 0.143805 0.930634
vn -0.550909 0.189303 0.812813
vn -0.538512 0.123503 0.833518
vn -0.538512 0.123503 0.833518
vn -0.821946 0.036998 0.568363
vn -0.847261 -0.039898 0.529676
vn -0.620598 -0.007000 0.784098
vn -0.538512 0.123503 0.833518
vn -0.550909 0.189303 0.812813
vn -0.773131 0.125405 0.621725
vn -0.821946 0.036998 0.568363
vn -0.847261 -0.039898 0.529676
vn -0.892015 -0.162703 0.421707
vn -0.630976 -0.051798 0.774071
vn -0.847261 -0.039898 0.529676
vn -0.630976 -0.051798 0.774071
vn -0.620598 -0.007000 0.784098
vn -0.571996 0.094499 0.814795
vn -0.500595 0.134999 0.855091
vn -0.691159 0.106194 0.714858
vn -0.722451 0.074895 0.687354
vn 0.652430 0.103605 0.750734
vn 0.609509 0.070801 0.789612
vn 0.634704 -0.026400 0.772305
vn 0.703506 0.026200 0.710206
vn -0.991624 -0.123503 0.037801
vn -0.979423 -0.141703 0.143703
vn -0.978985 -0.087099 0.184397
vn -0.993700 -0.060400 0.094400
vn -0.620598 -0.007000 0.784098
vn -0.630976 -0.051798 0.774071
vn -0.437684 0.016999 0.898968
vn -0.620598 -0.007000 0.784098
vn -0.437684 0.016999 0.898968
vn -0.258512 0.085204 0.962243
vn 0.538512 0.123503 0.833518
vn 0.217396 0.146797 0.964982
vn 0.258512 0.085204 0.962243
vn 0.620598 -0.007000 0.784098
vn -0.721321 -0.089303 0.686820
vn -0.619703 0.019100 0.784604
vn -0.803479 0.017200 0.595085
vn -0.873378 -0.146496 0.464488
vn -0.551995 -0.030400 0.833293
vn -0.311388 0.083997 0.946563
vn -0.619703 0.019100 0.784604
vn -0.721321 -0.089303 0.686820
vn -0.311388 0.083997 0.946563
vn -0.177999 0.199499 0.963596
vn -0.486017 0.178006 0.855629
vn -0.619703 0.019100 0.784604
vn -0.177999 0.199499 0.963596
vn -0.221504 0.220004 0.950018
vn -0.474420 0.243210 0.846035
vn -0.486017 0.178006 0.855629
vn 0.803479 0.017200 0.595085
vn 0.486017 0.178006 0.855629
vn 0.619703 0.019100 0.784604
vn 0.803479 0.017200 0.595085
vn 0.764853 0.085095 0.638560
vn 0.486017 0.178006 0.855629
vn -0.486017 0.178006 0.855629
vn -0.474420 0.243210 0.846035
vn -0.728478 0.150295 0.668380
vn -0.764853 0.085095 0.638560
vn -0.328485 0.079496 0.941158
vn -0.275889 0.115195 0.954262
vn -0.633523 0.062102 0.771228
vn -0.574573 0.049398 0.816961
vn -0.803479 0.017200 0.595085
vn -0.619703 0.019100 0.784604
vn -0.486017 0.178006 0.855629
vn -0.803479 0.017200 0.595085
vn -0.486017 0.178006 0.855629
vn -0.764853 0.085095 0.638560
vn 0.728478 0.150295 0.668380
vn 0.474420 0.243210 0.846035
vn 0.486017 0.178006 0.855629
vn 0.764853 0.085095 0.638560
vn 0.474420 0.243210 0.846035
vn 0.221504 0.220004 0.950018
vn 0.177999 0.199499 0.963596
vn 0.486017 0.178006 0.855629
vn 0.498994 0.423295 0.756192
vn 0.579721 0.327212 0.746228
vn 0.629290 0.237196 0.740089
vn 0.492786 0.204094 0.845877
vn -0.330094 0.026299 0.943582
vn -0.177999 0.199499 0.963596
vn -0.486017 0.178006 0.855629
vn -0.627377 -0.019499 0.778472
vn 0.807316 0.003100 0.590112
vn 0.730192 -0.163898 0.663293
vn 0.878379 -0.198295 0.434890
vn 0.807316 0.003100 0.590112
vn 0.627377 -0.019499 0.778472
vn 0.730192 -0.163898 0.663293
vn -0.556409 -0.119202 0.822314
vn -0.330094 0.026299 0.943582
vn -0.627377 -0.019499 0.778472
vn -0.730192 -0.163898 0.663293
vn 0.957180 -0.266994 0.111898
vn 0.904202 -0.427001 -0.009400
vn 0.912636 -0.381115 -0.147806
vn 0.982139 -0.187407 0.016801
vn -0.177999 0.199499 0.963596
vn -0.221504 0.220004 0.950018
vn -0.474420 0.243210 0.846035
vn -0.486017 0.178006 0.855629
vn 0.807316 0.003100 0.590112
vn 0.486017 0.178006 0.855629
vn 0.627377 -0.019499 0.778472
vn 0.807316 0.003100 0.590112
vn 0.764853 0.085095 0.638560
vn 0.486017 0.178006 0.855629
vn 0.599815 0.113003 0.792119
vn 0.590795 0.221598 0.775793
vn 0.623899 0.025200 0.781099
vn 0.563520 0.079903 0.822229
vn -0.807316 0.003100 0.590112
vn -0.878379 -0.198295 0.434890
vn -0.730192 -0.163898 0.663293
vn -0.807316 0.003100 0.590112
vn -0.730192 -0.163898 0.663293
vn -0.627377 -0.019499 0.778472
vn -0.807316 0.003100 0.590112
vn -0.627377 -0.019499 0.778472
vn -0.486017 0.178006 0.855629
vn -0.807316 0.003100 0.590112
vn -0.486017 0.178006 0.855629
vn -0.764853 0.085095 0.638560
vn 0.728478 0.150295 0.668380
vn 0.474420 0.243210 0.846035
vn 0.486017 0.178006 0.855629
vn 0.764853 0.085095 0.638560
vn 0.851495 -0.212899 0.479197
vn 0.887101 -0.263600 0.378901
vn 0.866208 -0.378604 0.326103
vn 0.832411 -0.364505 0.417406
vn -0.716288 0.226596 0.659989
vn -0.594800 0.286200 0.751200
vn -0.477805 0.367703 0.797808
vn -0.663920 0.313709 0.678820
vn 0.486017 0.178006 0.855629
vn 0.177999 0.199499 0.963596
vn 0.330094 0.026299 0.943582
vn 0.627377 -0.019499 0.778472
vn 0.753676 -0.185994 0.630380
vn 0.768828 -0.111704 0.629623
vn 0.840188 -0.093399 0.534192
vn 0.753676 -0.185994 0.630380
vn 0.840188 -0.093399 0.534192
vn 0.727132 -0.111205 0.677430
vn 0.727132 -0.111205 0.677430
vn 0.653219 -0.110103 0.749121
vn 0.753676 -0.185994 0.630380
vn 0.727132 -0.111205 0.677430
vn 0.514993 0.003300 0.857188
vn 0.653219 -0.110103 0.749121
vn 0.456210 0.071201 0.887019
vn 0.514993 0.003300 0.857188
vn 0.727132 -0.111205 0.677430
vn 0.662812 -0.208704 0.719113
vn 0.841044 -0.088805 0.533628
vn 0.768693 -0.133199 0.625595
vn 0.657918 -0.201905 0.725520
vn -0.456210 0.071201 0.887019
vn -0.402993 0.133698 0.905385
vn -0.630814 0.134903 0.764117
vn -0.670106 0.044900 0.740906
vn 0.670001 0.044900 0.741001
vn 0.840188 -0.093399 0.534192
vn 0.817583 0.049399 0.573688
vn -0.663495 -0.029600 0.747595
vn -0.680909 0.042901 0.731110
vn -0.607591 -0.009900 0.794188
vn -0.763663 -0.130594 0.632269
vn -0.753676 -0.185994 0.630380
vn -0.840188 -0.093399 0.534192
vn -0.768828 -0.111704 0.629623
vn -0.753676 -0.185994 0.630380
vn -0.727132 -0.111205 0.677430
vn -0.840188 -0.093399 0.534192
vn 0.727132 -0.111205 0.677430
vn 0.840188 -0.093399 0.534192
vn 0.670001 0.044900 0.741001
vn 0.456210 0.071201 0.887019
vn -0.670106 0.044900 0.740906
vn -0.817583 0.049399 0.573688
vn -0.840188 -0.093399 0.534192
vn 0.782121 0.114503 0.612516
vn 0.630814 0.134903 0.764117
vn 0.670001 0.044900 0.741001
vn 0.817583 0.049399 0.573688
vn 0.795314 -0.205204 0.570410
vn 0.858265 -0.181393 0.480081
vn 0.845783 -0.145197 0.513390
vn 0.785791 -0.138899 0.602693
vn -0.727132 -0.111205 0.677430
vn -0.753676 -0.185994 0.630380
vn -0.653219 -0.110103 0.749121
vn -0.727132 -0.111205 0.677430
vn -0.653219 -0.110103 0.749121
vn -0.514993 0.003300 0.857188
vn -0.456210 0.071201 0.887019
vn -0.727132 -0.111205 0.677430
vn -0.514993 0.003300 0.857188
vn 0.612366 -0.137892 0.778456
vn 0.820161 -0.177892 0.543774
vn 0.773314 -0.034001 0.633111
vn 0.612366 -0.137892 0.778456
vn 0.773314 -0.034001 0.633111
vn 0.656398 -0.067400 0.751398
vn 0.656398 -0.067400 0.751398
vn 0.550131 -0.138308 0.823546
vn 0.612366 -0.137892 0.778456
vn 0.656398 -0.067400 0.751398
vn 0.554584 -0.100997 0.825976
vn 0.550131 -0.138308 0.823546
vn 0.443699 0.081100 0.892499
vn 0.554584 -0.100997 0.825976
vn 0.656398 -0.067400 0.751398
vn -0.785816 -0.180904 0.591412
vn -0.803594 -0.127799 0.581295
vn -0.674689 -0.100798 0.731188
vn -0.694802 -0.190901 0.693402
vn -0.443699 0.081100 0.892499
vn -0.423990 0.162996 0.890879
vn -0.597502 0.172001 0.783203
vn -0.591817 0.111503 0.798323
vn 0.591817 0.111503 0.798323
vn 0.773314 -0.034001 0.633111
vn 0.776602 0.073400 0.625701
vn -0.591817 0.111503 0.798323
vn -0.597502 0.172001 0.783203
vn -0.741876 0.124496 0.658879
vn -0.776602 0.073400 0.625701
vn -0.612366 -0.137892 0.778456
vn -0.773314 -0.034001 0.633111
vn -0.820161 -0.177892 0.543774
vn -0.612366 -0.137892 0.778456
vn -0.656398 -0.067400 0.751398
vn -0.773314 -0.034001 0.633111
vn 0.656398 -0.067400 0.751398
vn 0.773314 -0.034001 0.633111
vn 0.591817 0.111503 0.798323
vn 0.443699 0.081100 0.892499
vn -0.591817 0.111503 0.798323
vn -0.776602 0.073400 0.625701
vn -0.773314 -0.034001 0.633111
vn -0.600597 0.231199 0.765396
vn -0.602698 0.308799 0.735798
vn -0.674473 0.312988 0.668674
vn -0.685501 0.276801 0.673401
vn 0.891916 -0.303406 0.335306
vn 0.877317 -0.295806 0.377907
vn 0.883386 -0.271496 0.381994
vn 0.898593 -0.227998 0.374897
vn -0.656398 -0.067400 0.751398
vn -0.612366 -0.137892 0.778456
vn -0.550131 -0.138308 0.823546
vn -0.656398 -0.067400 0.751398
vn -0.550131 -0.138308 0.823546
vn -0.554584 -0.100997 0.825976
vn -0.443699 0.081100 0.892499
vn -0.656398 -0.067400 0.751398
vn -0.554584 -0.100997 0.825976
vn 0.767418 -0.151404 0.623014
vn 0.709402 -0.001500 0.704802
vn 0.763805 0.038400 0.644304
vn 0.816990 -0.121099 0.563793
vn -0.895892 -0.261998 0.358797
vn -0.895126 -0.348910 0.277508
vn -0.850509 -0.304003 0.429205
vn -0.847190 -0.223497 0.481994
vn -0.899604 -0.367702 0.235601
vn -0.877934 -0.316312 0.359414
vn -0.850509 -0.304003 0.429205
vn -0.895126 -0.348910 0.277508
vn 0.814326 0.014800 0.580219
vn 0.891798 -0.043900 0.450299
vn 0.862688 -0.099799 0.495793
vn 0.793684 -0.081198 0.602888
vn 0.815309 -0.286803 0.503006
vn 0.850509 -0.304003 0.429205
vn 0.847190 -0.223497 0.481994
vn 0.827604 -0.294902 0.477603
vn 0.815309 -0.286803 0.503006
vn 0.868647 -0.226112 0.440824
vn 0.877934 -0.316312 0.359414
vn 0.850509 -0.304003 0.429205
vn 0.497591 0.130198 0.857585
vn 0.272504 0.257303 0.927112
vn 0.352212 0.190006 0.916430
vn 0.537577 0.186792 0.822265
vn 0.703178 0.159995 0.692779
vn 0.551309 0.106202 0.827514
vn 0.484228 0.140108 0.863651
vn 0.623900 0.200300 0.755400
vn -0.918695 -0.357598 0.167699
vn -0.887936 -0.288412 0.358314
vn -0.866909 -0.285503 0.408604
vn -0.909437 -0.316513 0.269711
vn -0.642995 -0.239998 0.727295
vn -0.641213 -0.158503 0.750815
vn -0.509599 -0.189000 0.839398
vn -0.522796 -0.265998 0.809894
vn -0.973719 -0.192004 0.122502
vn -0.965651 -0.066404 0.251213
vn -0.985590 -0.067499 0.155098
vn -0.983456 -0.179092 0.027199
vn -0.517820 0.108104 0.848632
vn -0.458624 0.136107 0.878145
vn -0.622497 0.106100 0.775397
vn -0.664611 0.123502 0.736912
vn 0.723891 0.060099 0.687292
vn 0.833090 0.016400 0.552894
vn 0.792401 -0.039800 0.608701
vn 0.750315 -0.018800 0.660813
vn -0.865828 -0.072802 0.495016
vn -0.879929 -0.063702 0.470816
vn -0.857652 -0.000300 0.514231
vn -0.839496 0.058600 0.540197
vn 0.534014 0.074102 0.842222
vn 0.828894 0.015300 0.559196
vn 0.842606 0.043100 0.536804
vn 0.534014 0.074102 0.842222
vn 0.842606 0.043100 0.536804
vn 0.761976 0.023499 0.647179
vn 0.561908 0.031200 0.826611
vn 0.534014 0.074102 0.842222
vn 0.761976 0.023499 0.647179
vn 0.681105 -0.035900 0.731305
vn 0.571996 0.094499 0.814795
vn 0.681105 -0.035900 0.731305
vn 0.761976 0.023499 0.647179
vn -0.571996 0.094499 0.814795
vn -0.722451 0.074895 0.687354
vn -0.842606 0.043100 0.536804
vn -0.761976 0.023499 0.647179
vn -0.766600 -0.101200 0.634100
vn -0.779992 -0.024900 0.625294
vn -0.853698 -0.008500 0.520699
vn -0.835875 -0.050598 0.546583
vn 0.722451 0.074895 0.687354
vn 0.842606 0.043100 0.536804
vn 0.828555 0.035698 0.558769
vn -0.793821 0.043201 0.606616
vn -0.838796 -0.120699 0.530898
vn -0.881721 -0.094002 0.462311
vn -0.840388 0.032800 0.540992
vn -0.534014 0.074102 0.842222
vn -0.842606 0.043100 0.536804
vn -0.828894 0.015300 0.559196
vn -0.534014 0.074102 0.842222
vn -0.761976 0.023499 0.647179
vn -0.842606 0.043100 0.536804
vn -0.655692 -0.242897 0.714891
vn -0.694802 -0.190901 0.693402
vn -0.563811 -0.168103 0.808615
vn -0.525826 -0.240312 0.815940
vn -0.722451 0.074895 0.687354
vn -0.828555 0.035698 0.558769
vn -0.842606 0.043100 0.536804
vn 0.806626 0.063702 0.587619
vn 0.691159 0.106194 0.714858
vn 0.722451 0.074895 0.687354
vn 0.828555 0.035698 0.558769
vn 0.691159 0.106194 0.714858
vn 0.500595 0.134999 0.855091
vn 0.571996 0.094499 0.814795
vn 0.722451 0.074895 0.687354
vn -0.761976 0.023499 0.647179
vn -0.534014 0.074102 0.842222
vn -0.561908 0.031200 0.826611
vn -0.681105 -0.035900 0.731305
vn -0.571996 0.094499 0.814795
vn -0.761976 0.023499 0.647179
vn -0.681105 -0.035900 0.731305
vn 0.530423 -0.072403 0.844636
vn 0.752011 -0.021200 0.658810
vn 0.772622 0.083002 0.629418
vn 0.530423 -0.072403 0.844636
vn 0.772622 0.083002 0.629418
vn 0.652708 0.001300 0.757609
vn 0.652708 0.001300 0.757609
vn 0.464389 -0.088698 0.881179
vn 0.530423 -0.072403 0.844636
vn 0.652708 0.001300 0.757609
vn 0.475197 -0.067400 0.877294
vn 0.464389 -0.088698 0.881179
vn 0.447611 0.188104 0.874221
vn 0.475197 -0.067400 0.877294
vn 0.652708 0.001300 0.757609
vn -0.447611 0.188104 0.874221
vn -0.600597 0.231199 0.765396
vn -0.652708 0.001300 0.757609
vn 0.447611 0.188104 0.874221
vn 0.600597 0.231199 0.765396
vn 0.602698 0.308799 0.735798
vn 0.447611 0.188104 0.874221
vn 0.602698 0.308799 0.735798
vn 0.320303 0.357403 0.877308
vn 0.600597 0.231199 0.765396
vn 0.772622 0.083002 0.629418
vn 0.685501 0.276801 0.673401
vn -0.904523 -0.246006 0.348309
vn -0.886083 -0.368493 0.281195
vn -0.862614 -0.333905 0.380006
vn -0.864714 -0.216503 0.453207
vn -0.530423 -0.072403 0.844636
vn -0.772622 0.083002 0.629418
vn -0.752011 -0.021200 0.658810
vn -0.530423 -0.072403 0.844636
vn -0.652708 0.001300 0.757609
vn -0.772622 0.083002 0.629418
vn 0.759119 0.034901 0.650016
vn 0.718092 -0.025200 0.695492
vn 0.670191 0.048699 0.740590
vn 0.686690 0.116898 0.717490
vn -0.600597 0.231199 0.765396
vn -0.685501 0.276801 0.673401
vn -0.772622 0.083002 0.629418
vn 0.674473 0.312988 0.668674
vn 0.602698 0.308799 0.735798
vn 0.600597 0.231199 0.765396
vn 0.685501 0.276801 0.673401
vn -0.447611 0.188104 0.874221
vn -0.602698 0.308799 0.735798
vn -0.600597 0.231199 0.765396
vn -0.447611 0.188104 0.874221
vn -0.320303 0.357403 0.877308
vn -0.602698 0.308799 0.735798
vn -0.652708 0.001300 0.757609
vn -0.530423 -0.072403 0.844636
vn -0.464389 -0.088698 0.881179
vn -0.652708 0.001300 0.757609
vn -0.464389 -0.088698 0.881179
vn -0.475197 -0.067400 0.877294
vn -0.447611 0.188104 0.874221
vn -0.652708 0.001300 0.757609
vn -0.475197 -0.067400 0.877294
vn 0.243494 0.054399 0.968376
vn 0.608016 0.035701 0.793121
vn 0.718478 0.025599 0.695079
vn 0.577311 -0.003600 0.816516
vn 0.297889 -0.008300 0.954564
vn 0.243494 0.054399 0.968376
vn 0.577311 -0.003600 0.816516
vn 0.430098 -0.042200 0.901795
vn 0.328618 0.133707 0.934951
vn 0.430098 -0.042200 0.901795
vn 0.577311 -0.003600 0.816516
vn 0.519128 0.137607 0.843546
vn 0.965690 -0.000000 0.259697
vn 0.937223 -0.039301 0.346509
vn 0.938056 -0.101706 0.331220
vn 0.977664 -0.068798 0.198593
vn -0.328489 0.133896 0.934969
vn -0.340983 0.176491 0.923354
vn -0.516573 0.191490 0.834556
vn -0.519128 0.137607 0.843546
vn 0.718478 0.025599 0.695079
vn 0.724690 0.067199 0.685791
vn 0.519128 0.137607 0.843546
vn 0.577311 -0.003600 0.816516
vn -0.979423 -0.141703 0.143703
vn -0.974966 -0.214192 0.059698
vn -0.961108 -0.143601 0.235902
vn -0.944919 -0.104402 0.310206
vn -0.718478 0.025599 0.695079
vn -0.608016 0.035701 0.793121
vn -0.243494 0.054399 0.968376
vn -0.577378 -0.003700 0.816469
vn -0.519128 0.137607 0.843546
vn -0.724690 0.067199 0.685791
vn -0.718478 0.025599 0.695079
vn -0.577378 -0.003700 0.816469
vn 0.687078 0.123696 0.715977
vn 0.516490 0.191596 0.834583
vn 0.519128 0.137607 0.843546
vn 0.724690 0.067199 0.685791
vn -0.904406 -0.269602 0.330702
vn -0.902858 -0.354483 0.243289
vn -0.908571 -0.381888 0.169295
vn -0.909437 -0.316513 0.269711
vn -0.577378 -0.003700 0.816469
vn -0.243494 0.054399 0.968376
vn -0.297889 -0.008300 0.954564
vn -0.430098 -0.042200 0.901795
vn -0.577378 -0.003700 0.816469
vn -0.430098 -0.042200 0.901795
vn -0.328489 0.133896 0.934969
vn -0.519128 0.137607 0.843546
vn 0.207794 -0.024299 0.977871
vn -0.187891 0.038098 0.981451
vn -0.165097 0.044299 0.985282
vn 0.251503 0.032500 0.967311
vn -0.229492 -0.061498 0.971366
vn -0.219687 0.103694 0.970044
vn -0.636298 0.066200 0.768598
vn -0.682205 -0.056100 0.729005
vn -0.928630 -0.170305 0.329611
vn -0.941741 -0.085404 0.325314
vn -0.891798 -0.043900 0.450299
vn -0.862688 -0.099799 0.495793
vn -0.948786 -0.061399 0.309895
vn -0.891035 0.004000 0.453918
vn -0.891798 -0.043900 0.450299
vn -0.941741 -0.085404 0.325314
vn -0.862688 -0.099799 0.495793
vn -0.891798 -0.043900 0.450299
vn -0.814326 0.014800 0.580219
vn -0.793690 -0.081099 0.602892
vn 0.953006 -0.122001 0.277302
vn 0.976858 -0.099396 0.189392
vn 0.975416 -0.107802 0.192203
vn 0.960147 -0.130206 0.247312
vn 0.793684 -0.081198 0.602888
vn 0.862688 -0.099799 0.495793
vn 0.845674 -0.159895 0.509184
vn 0.828272 -0.225192 0.513083
vn -0.187891 0.038098 0.981451
vn -0.497807 -0.094601 0.862113
vn -0.523004 0.006300 0.852307
vn -0.165097 0.044299 0.985282
vn 0.814326 0.014800 0.580219
vn 0.847579 0.066498 0.526487
vn 0.891035 0.004000 0.453918
vn 0.891798 -0.043900 0.450299
vn 0.862688 -0.099799 0.495793
vn 0.928630 -0.170305 0.329611
vn 0.902356 -0.203390 0.379982
vn 0.845674 -0.159895 0.509184
vn 0.573697 -0.195899 0.795296
vn 0.804076 -0.051599 0.592283
vn 0.735395 -0.037600 0.676595
vn 0.496091 -0.147297 0.855685
vn 0.609292 -0.026900 0.792490
vn -0.044001 0.004500 0.999021
vn -0.132704 -0.051301 0.989827
vn 0.724925 -0.125904 0.677224
vn 0.603419 0.000600 0.797424
vn 0.933165 -0.156094 0.323788
vn 0.878640 -0.034702 0.476222
vn 0.711269 0.008500 0.702869
vn 0.491313 0.038701 0.870123
vn 0.603419 0.000600 0.797424
vn 0.711269 0.008500 0.702869
vn 0.445192 0.071399 0.892584
vn 0.854189 -0.177598 0.488693
vn 0.766076 0.024599 0.642280
vn 0.668299 -0.017000 0.743699
vn 0.648223 -0.098703 0.755026
vn -0.455398 0.061000 0.888196
vn -0.704774 -0.076697 0.705274
vn -0.667899 0.081300 0.739798
vn -0.666781 0.051399 0.743479
vn -0.590795 0.221598 0.775793
vn -0.445004 0.264402 0.855607
vn -0.454593 0.298795 0.839087
vn -0.510180 0.310488 0.802068
vn 0.792827 0.078103 0.604421
vn 0.667899 0.081300 0.739798
vn 0.653681 0.066098 0.753878
vn 0.841485 0.030999 0.539390
vn -0.878640 -0.034702 0.476222
vn -0.933165 -0.156094 0.323788
vn -0.603419 0.000600 0.797424
vn -0.711269 0.008500 0.702869
vn 0.878640 -0.034702 0.476222
vn 0.846581 0.008800 0.532188
vn 0.666781 0.051399 0.743479
vn 0.711269 0.008500 0.702869
vn 0.792827 0.078103 0.604421
vn 0.667899 0.081300 0.739798
vn 0.666781 0.051399 0.743479
vn 0.846581 0.008800 0.532188
vn -0.472193 0.065099 0.879088
vn -0.704774 -0.076697 0.705274
vn -0.667899 0.081300 0.739798
vn -0.653681 0.066098 0.753878
vn -0.711269 0.008500 0.702869
vn -0.603419 0.000600 0.797424
vn -0.491313 0.038701 0.870123
vn -0.445192 0.071399 0.892584
vn 0.711269 0.008500 0.702869
vn 0.666781 0.051399 0.743479
vn 0.455398 0.061000 0.888196
vn 0.445192 0.071399 0.892584
vn -0.081398 -0.447289 0.890678
vn -0.412689 -0.430389 0.802779
vn -0.455425 -0.332018 0.826046
vn -0.158403 -0.352208 0.922420
vn -0.781997 0.056700 0.620698
vn -0.790254 0.062696 0.609564
vn -0.684022 0.069702 0.726124
vn -0.697967 0.040798 0.714967
vn -0.790254 0.062696 0.609564
vn -0.806439 0.018501 0.591028
vn -0.695018 -0.015800 0.718819
vn -0.684022 0.069702 0.726124
vn 0.806439 0.018501 0.591028
vn 0.695018 -0.015800 0.718819
vn 0.641888 -0.088398 0.761686
vn 0.806439 0.018501 0.591028
vn 0.641888 -0.088398 0.761686
vn 0.853378 -0.149196 0.499487
vn -0.695018 -0.015800 0.718819
vn -0.530887 -0.033499 0.846780
vn -0.571001 0.020200 0.820701
vn -0.684022 0.069702 0.726124
vn 0.695018 -0.015800 0.718819
vn 0.530887 -0.033499 0.846780
vn 0.553428 -0.065203 0.830341
vn 0.695018 -0.015800 0.718819
vn 0.553428 -0.065203 0.830341
vn 0.641888 -0.088398 0.761686
vn 0.571001 0.020200 0.820701
vn 0.684022 0.069702 0.726124
vn 0.697967 0.040798 0.714967
vn 0.716313 -0.118102 0.687712
vn -0.905377 -0.198995 0.375091
vn -0.923774 -0.067798 0.376889
vn -0.971878 -0.079398 0.221695
vn -0.954439 -0.259911 -0.146606
vn -0.695018 -0.015800 0.718819
vn -0.553428 -0.065203 0.830341
vn -0.530887 -0.033499 0.846780
vn -0.695018 -0.015800 0.718819
vn -0.641888 -0.088398 0.761686
vn -0.553428 -0.065203 0.830341
vn -0.806439 0.018501 0.591028
vn -0.641888 -0.088398 0.761686
vn -0.695018 -0.015800 0.718819
vn -0.806439 0.018501 0.591028
vn -0.853378 -0.149196 0.499487
vn -0.641888 -0.088398 0.761686
vn 0.535824 0.222310 0.814537
vn 0.333305 0.202503 0.920815
vn 0.347921 0.148709 0.925655
vn 0.589798 0.169799 0.789498
vn 0.650827 -0.160207 0.742131
vn 0.522100 -0.288800 0.802500
vn 0.526590 -0.318294 0.788284
vn 0.714022 -0.107503 0.691821
vn 0.866909 -0.285503 0.408604
vn 0.909437 -0.316513 0.269711
vn 0.904406 -0.269602 0.330702
vn 0.843529 -0.257709 0.471216
vn -0.748627 -0.031901 0.662224
vn -0.787182 0.006600 0.616686
vn -0.680909 0.042901 0.731110
vn -0.663495 -0.029600 0.747595
vn 0.787230 0.006600 0.616624
vn 0.680909 0.042901 0.731110
vn 0.651195 0.073999 0.755294
vn 0.787230 0.006600 0.616624
vn 0.651195 0.073999 0.755294
vn 0.748016 0.085002 0.658214
vn 0.659722 -0.016701 0.751325
vn 0.748016 0.085002 0.658214
vn 0.651195 0.073999 0.755294
vn 0.659722 -0.016701 0.751325
vn 0.768967 0.004400 0.639273
vn 0.748016 0.085002 0.658214
vn -0.651195 0.073999 0.755294
vn -0.461502 0.075700 0.883904
vn -0.607591 -0.009900 0.794188
vn -0.680909 0.042901 0.731110
vn 0.461502 0.075700 0.883904
vn 0.659722 -0.016701 0.751325
vn 0.651195 0.073999 0.755294
vn 0.461502 0.075700 0.883904
vn 0.478610 -0.003900 0.878019
vn 0.659722 -0.016701 0.751325
vn 0.659722 -0.016701 0.751325
vn 0.478610 -0.003900 0.878019
vn 0.512322 -0.053302 0.857138
vn 0.659722 -0.016701 0.751325
vn 0.512322 -0.053302 0.857138
vn 0.637307 -0.085001 0.765908
vn -0.851914 -0.164703 0.497108
vn -0.637307 -0.085001 0.765908
vn -0.659722 -0.016701 0.751325
vn -0.768967 0.004400 0.639273
vn 0.607591 -0.009900 0.794188
vn 0.680909 0.042901 0.731110
vn 0.663495 -0.029600 0.747595
vn 0.763663 -0.130594 0.632269
vn -0.716288 0.226596 0.659989
vn -0.704806 0.160501 0.691005
vn -0.687398 0.103300 0.718898
vn -0.594800 0.286200 0.751200
vn -0.461502 0.075700 0.883904
vn -0.651195 0.073999 0.755294
vn -0.659722 -0.016701 0.751325
vn -0.461502 0.075700 0.883904
vn -0.659722 -0.016701 0.751325
vn -0.478610 -0.003900 0.878019
vn -0.659722 -0.016701 0.751325
vn -0.512322 -0.053302 0.857138
vn -0.478610 -0.003900 0.878019
vn -0.659722 -0.016701 0.751325
vn -0.637307 -0.085001 0.765908
vn -0.512322 -0.053302 0.857138
vn -0.748627 -0.031901 0.662224
vn -0.776524 0.029001 0.629420
vn -0.681815 0.089602 0.726016
vn -0.669104 -0.009800 0.743104
vn -0.787182 0.006600 0.616686
vn -0.651195 0.073999 0.755294
vn -0.680909 0.042901 0.731110
vn -0.787182 0.006600 0.616686
vn -0.748016 0.085002 0.658214
vn -0.651195 0.073999 0.755294
vn -0.659722 -0.016701 0.751325
vn -0.651195 0.073999 0.755294
vn -0.748016 0.085002 0.658214
vn -0.659722 -0.016701 0.751325
vn -0.748016 0.085002 0.658214
vn -0.768967 0.004400 0.639273
vn -0.851914 -0.164703 0.497108
vn -0.637307 -0.085001 0.765908
vn -0.659722 -0.016701 0.751325
vn -0.768967 0.004400 0.639273
vn 0.417283 -0.005200 0.908762
vn 0.312713 0.004000 0.949839
vn 0.375198 0.016600 0.926796
vn -0.572592 -0.069499 0.816889
vn -0.417283 -0.005200 0.908762
vn -0.312713 0.004000 0.949839
vn -0.442009 -0.032601 0.896418
vn 0.824032 -0.100704 0.557522
vn 0.807014 -0.066201 0.586810
vn 0.915434 -0.052602 0.399015
vn 0.891123 -0.172704 0.419611
vn 0.644293 -0.199898 0.738192
vn 0.657906 -0.214502 0.721906
vn 0.854899 -0.068900 0.514199
vn 0.856568 -0.066897 0.511681
vn 0.572592 -0.069499 0.816889
vn 0.527988 -0.021500 0.848980
vn 0.442009 -0.032601 0.896418
vn 0.619703 0.019100 0.784604
vn 0.311388 0.083997 0.946563
vn 0.551995 -0.030400 0.833293
vn 0.721321 -0.089303 0.686820
vn 0.529117 0.201707 0.824227
vn 0.585782 0.203994 0.784376
vn 0.383514 0.133505 0.913834
vn 0.337893 0.138897 0.930879
vn -0.417283 -0.005200 0.908762
vn -0.375198 0.016600 0.926796
vn -0.312713 0.004000 0.949839
vn 0.952325 -0.120903 0.280107
vn 0.847107 -0.116901 0.518405
vn 0.876092 -0.355597 0.325597
vn 0.949823 -0.279907 0.139603
vn -0.572592 -0.069499 0.816889
vn -0.442009 -0.032601 0.896418
vn -0.527988 -0.021500 0.848980
vn 0.551108 0.034700 0.833712
vn 0.463018 -0.023601 0.886035
vn 0.442009 -0.032601 0.896418
vn 0.527988 -0.021500 0.848980
vn 0.604399 0.050200 0.795099
vn 0.549994 -0.051300 0.833591
vn 0.463018 -0.023601 0.886035
vn 0.551108 0.034700 0.833712
vn 0.442009 -0.032601 0.896418
vn 0.463018 -0.023601 0.886035
vn 0.334193 -0.053599 0.940979
vn 0.312713 0.004000 0.949839
vn 0.549994 -0.051300 0.833591
vn 0.512479 -0.166693 0.842365
vn 0.334193 -0.053599 0.940979
vn 0.463018 -0.023601 0.886035
vn -0.946926 -0.027101 0.320309
vn -0.938574 -0.081598 0.335291
vn -0.991736 0.045102 0.120104
vn -0.990421 0.049501 0.128903
vn 0.787706 0.175901 0.590405
vn 0.630608 0.135902 0.764110
vn 0.643428 0.089704 0.760233
vn 0.754913 0.149703 0.638511
vn -0.935682 -0.133797 0.326494
vn -0.970532 -0.103303 0.217707
vn -0.991736 0.045102 0.120104
vn -0.938574 -0.081598 0.335291
vn -0.443699 0.081100 0.892499
vn -0.591817 0.111503 0.798323
vn -0.773314 -0.034001 0.633111
vn -0.656398 -0.067400 0.751398
vn 0.653780 -0.155295 0.740577
vn 0.630103 0.003500 0.776504
vn 0.748269 0.131794 0.650173
vn 0.778926 -0.010900 0.627021
vn -0.902356 -0.203390 0.379982
vn -0.928630 -0.170305 0.329611
vn -0.862688 -0.099799 0.495793
vn -0.845674 -0.159895 0.509184
vn 0.814325 -0.214507 0.539316
vn 0.892919 -0.049301 0.447510
vn 0.946926 -0.027101 0.320309
vn 0.938531 -0.081603 0.335411
vn 0.935682 -0.133797 0.326494
vn 0.853551 -0.228914 0.468028
vn 0.814325 -0.214507 0.539316
vn 0.938531 -0.081603 0.335411
vn -0.707499 -0.027000 0.706199
vn -0.656901 -0.059800 0.751601
vn -0.646876 -0.025399 0.762172
vn -0.654393 -0.047000 0.754692
vn -0.948011 -0.265603 0.175302
vn -0.914899 -0.224500 0.335500
vn -0.900833 -0.222508 0.372814
vn -0.919411 -0.287103 0.268803
vn -0.778410 -0.023700 0.627308
vn -0.714022 -0.107503 0.691821
vn -0.650827 -0.160207 0.742131
vn -0.754814 -0.054001 0.653712
vn -0.650827 -0.160207 0.742131
vn -0.714022 -0.107503 0.691821
vn -0.526517 -0.318311 0.788326
vn -0.522100 -0.288800 0.802500
vn 0.389291 0.020899 0.920878
vn 0.716333 -0.006100 0.697732
vn 0.662821 0.099603 0.742124
vn 0.376705 0.098201 0.921113
vn 0.987906 -0.042900 0.149001
vn 0.992157 -0.010000 0.124595
vn 0.979403 -0.086600 0.182401
vn 0.973617 -0.032901 0.225804
vn -0.759119 0.034901 0.650016
vn -0.828387 0.084199 0.553792
vn -0.748058 0.208088 0.630165
vn -0.686690 0.116898 0.717490
vn -0.039899 -0.167494 0.985065
vn 0.048901 -0.099603 0.993825
vn -0.574508 -0.098001 0.812611
vn -0.673509 -0.168102 0.719810
vn 0.584120 -0.131605 0.800927
vn 0.522100 -0.288800 0.802500
vn 0.650827 -0.160207 0.742131
vn 0.656901 -0.059800 0.751601
vn -0.509688 0.114697 0.852680
vn -0.515307 0.164802 0.841011
vn -0.672310 0.174903 0.719311
vn -0.681199 0.115700 0.722898
vn 0.656901 -0.059800 0.751601
vn 0.650827 -0.160207 0.742131
vn 0.754814 -0.054001 0.653712
vn 0.707499 -0.027000 0.706199
vn -0.760484 0.009500 0.649287
vn -0.730166 0.124294 0.671869
vn -0.613807 0.132201 0.778309
vn -0.640392 0.079799 0.763891
vn -0.899974 -0.220294 0.376189
vn -0.890945 -0.119806 0.438022
vn -0.922499 -0.067800 0.379999
vn -0.934845 -0.251612 0.250512
vn -0.938056 -0.101706 0.331220
vn -0.937223 -0.039301 0.346509
vn -0.965690 -0.000000 0.259697
vn -0.977664 -0.068798 0.198593
vn -0.937223 -0.039301 0.346509
vn -0.934911 -0.023500 0.354104
vn -0.967930 0.002300 0.251208
vn -0.965690 -0.000000 0.259697
vn -0.961268 -0.245692 -0.124896
vn -0.951454 -0.307785 -0.001800
vn -0.965130 -0.176405 0.193406
vn -0.977368 -0.208893 -0.033399
vn -0.991019 0.002300 0.133703
vn -0.996975 -0.077098 0.009800
vn -0.977664 -0.068798 0.198593
vn -0.965690 -0.000000 0.259697
vn -0.028300 -0.097800 0.994804
vn -0.630913 -0.091702 0.770415
vn -0.694022 -0.073202 0.716223
vn -0.130902 -0.142402 0.981115
vn 0.973468 -0.129296 0.188794
vn 0.977664 -0.068798 0.198593
vn 0.938056 -0.101706 0.331220
vn 0.939816 -0.136102 0.313405
vn 0.973468 -0.129296 0.188794
vn 0.992927 -0.115403 -0.027901
vn 0.996975 -0.077098 0.009800
vn 0.977664 -0.068798 0.198593
vn -0.699592 0.018900 0.714292
vn -0.761683 0.061899 0.644986
vn -0.819890 -0.126399 0.558393
vn -0.733358 -0.146992 0.663762
vn 0.709403 0.029100 0.704203
vn 0.555024 0.049902 0.830336
vn 0.576517 -0.065902 0.814424
vn 0.760539 -0.080904 0.644233
vn 0.809404 -0.181801 0.558403
vn 0.588410 -0.166603 0.791213
vn 0.602211 -0.295805 0.741513
vn 0.805763 -0.297186 0.512276
vn 0.991019 0.002300 0.133703
vn 0.983973 0.008900 0.178095
vn 0.967930 0.002300 0.251208
vn 0.965690 -0.000000 0.259697
vn 0.891798 -0.043900 0.450299
vn 0.941741 -0.085404 0.325314
vn 0.928630 -0.170305 0.329611
vn 0.862688 -0.099799 0.495793
vn -0.285707 -0.013500 0.958222
vn -0.297291 0.005300 0.954772
vn -0.282303 0.059001 0.957509
vn -0.262498 0.025600 0.964593
vn -0.404694 0.103399 0.908588
vn -0.604282 0.181695 0.775777
vn -0.544481 0.238092 0.804272
vn -0.353113 0.188307 0.916434
vn -0.685122 0.021101 0.728123
vn -0.456412 0.138504 0.878923
vn -0.643177 0.102896 0.758773
vn -0.838116 -0.022900 0.545011
vn -0.994283 -0.045499 0.096598
vn -0.997744 -0.012301 0.066003
vn -0.990919 -0.025600 0.132003
vn -0.985817 -0.033701 0.164403
vn -0.983586 -0.100599 0.149798
vn -0.982164 -0.151694 0.111096
vn -0.994283 -0.045499 0.096598
vn -0.985817 -0.033701 0.164403
vn 0.990476 -0.048399 0.128897
vn 0.990919 -0.025600 0.132003
vn 0.976113 -0.041801 0.213203
vn 0.979345 -0.073903 0.188209
vn 0.990476 -0.048399 0.128897
vn 0.999006 -0.034600 0.028100
vn 0.997744 -0.012301 0.066003
vn 0.990919 -0.025600 0.132003
vn 0.985817 -0.033701 0.164403
vn 0.966719 -0.055701 0.249705
vn 0.976113 -0.041801 0.213203
vn 0.990919 -0.025600 0.132003
vn 0.604366 0.093895 0.791155
vn 0.313895 0.062699 0.947385
vn 0.263392 0.024799 0.964370
vn 0.565471 0.028998 0.824258
vn 0.983586 -0.100599 0.149798
vn 0.976876 -0.124397 0.173896
vn 0.966719 -0.055701 0.249705
vn 0.985817 -0.033701 0.164403
vn 0.662679 0.401187 0.632380
vn 0.656613 0.234905 0.716714
vn 0.534323 0.243211 0.809535
vn 0.501301 0.388801 0.773002
vn -0.371614 0.122005 0.920336
vn 0.175905 0.197806 0.964329
vn 0.267305 0.240504 0.933116
vn -0.207305 0.174304 0.962623
vn -0.850723 -0.229606 0.472813
vn -0.871096 -0.205399 0.446098
vn -0.871943 -0.119406 0.474824
vn -0.821066 -0.139294 0.553577
vn -0.821066 -0.139294 0.553577
vn -0.759119 0.034901 0.650016
vn -0.718092 -0.025200 0.695492
vn -0.777371 -0.169494 0.605777
vn -0.612094 0.124699 0.780892
vn -0.653680 0.049098 0.755177
vn -0.788193 0.149099 0.597095
vn -0.804180 0.197295 0.560686
vn -0.229492 -0.061498 0.971366
vn -0.682205 -0.056100 0.729005
vn -0.722588 -0.072299 0.687488
vn -0.290603 -0.141601 0.946308
vn -0.759119 0.034901 0.650016
vn -0.686690 0.116898 0.717490
vn -0.670191 0.048699 0.740590
vn -0.718092 -0.025200 0.695492
vn 0.777371 -0.169494 0.605777
vn 0.821066 -0.139294 0.553577
vn 0.850723 -0.229606 0.472813
vn 0.851781 -0.296693 0.431790
vn -0.826776 0.073698 0.557683
vn -0.893505 -0.020100 0.448603
vn -0.838525 -0.079602 0.539016
vn -0.753724 0.068402 0.653621
vn 0.303595 -0.081799 0.949283
vn -0.229492 -0.061498 0.971366
vn -0.290603 -0.141601 0.946308
vn 0.447102 -0.209501 0.869603
vn 0.759119 0.034901 0.650016
vn 0.686690 0.116898 0.717490
vn 0.748058 0.208088 0.630165
vn 0.828387 0.084199 0.553792
vn 0.211488 0.008299 0.977345
vn 0.207601 -0.148301 0.966907
vn 0.208098 -0.144399 0.967390
vn 0.196605 -0.010700 0.980424
vn 0.759119 0.034901 0.650016
vn 0.828387 0.084199 0.553792
vn 0.871912 -0.119302 0.474907
vn 0.821066 -0.139294 0.553577
vn -0.947528 -0.192906 0.254908
vn -0.947323 -0.146504 0.284807
vn -0.930870 -0.142795 0.336289
vn -0.936369 -0.182094 0.300090
vn -0.923347 0.042402 0.381619
vn -0.947021 0.006500 0.321107
vn -0.789559 -0.121294 0.601569
vn -0.704125 -0.128105 0.698425
vn 0.454283 -0.091297 0.886167
vn 0.426401 -0.060600 0.902502
vn 0.456410 -0.038901 0.888919
vn 0.478086 -0.056798 0.876475
vn 0.930870 -0.142795 0.336289
vn 0.908783 -0.169497 0.381293
vn 0.918098 -0.118900 0.378099
vn 0.947323 -0.146504 0.284807
vn 0.510288 0.304793 0.804181
vn 0.607784 0.111897 0.786179
vn 0.573488 0.072698 0.815982
vn 0.482597 0.166899 0.859794
vn -0.747130 0.099904 0.657127
vn -0.767079 0.107497 0.632483
vn -0.664611 0.123502 0.736912
vn -0.622497 0.106100 0.775397
vn -0.982506 -0.156401 -0.101101
vn -0.983222 -0.160004 0.087602
vn -0.978556 -0.107195 0.175892
vn -0.994876 -0.091598 0.042799
vn -0.845679 -0.037299 0.532387
vn -0.796791 -0.076499 0.599393
vn -0.804719 -0.073302 0.589114
vn -0.849500 -0.067900 0.523200
vn 0.426401 -0.060600 0.902502
vn 0.355611 0.002700 0.934630
vn 0.411874 0.060296 0.909244
vn 0.456410 -0.038901 0.888919
vn -0.620659 0.033898 0.783348
vn -0.676774 -0.066597 0.733172
vn -0.659699 -0.041200 0.750399
vn -0.631783 0.057898 0.772980
vn 0.811382 -0.156097 0.563288
vn 0.804719 -0.073302 0.589114
vn 0.829153 -0.084905 0.552536
vn 0.914521 -0.257006 0.312407
vn 0.811382 -0.156097 0.563288
vn 0.796617 -0.189804 0.573912
vn 0.796791 -0.076499 0.599393
vn 0.804719 -0.073302 0.589114
vn 0.744323 -0.163405 0.647520
vn 0.732479 0.003400 0.680781
vn 0.796791 -0.076499 0.599393
vn 0.796617 -0.189804 0.573912
vn 0.830777 0.030199 0.555785
vn 0.845679 -0.037299 0.532387
vn 0.796791 -0.076499 0.599393
vn 0.732479 0.003400 0.680781
vn 0.849500 -0.067900 0.523200
vn 0.831487 -0.129698 0.540192
vn 0.829153 -0.084905 0.552536
vn 0.804719 -0.073302 0.589114
vn -0.379989 0.051198 0.923573
vn -0.570087 -0.002400 0.821581
vn -0.619939 -0.001400 0.784649
vn -0.322307 0.005100 0.946621
vn -0.723294 -0.096999 0.683694
vn -0.835395 0.035600 0.548497
vn -0.812929 0.062302 0.579021
vn -0.683488 -0.023400 0.729587
vn -0.816554 -0.175212 0.550037
vn -0.875308 -0.059401 0.479904
vn -0.835395 0.035600 0.548497
vn -0.723294 -0.096999 0.683694
vn -0.816554 -0.175212 0.550037
vn -0.885025 -0.219006 0.410812
vn -0.892879 -0.135297 0.429490
vn -0.875308 -0.059401 0.479904
vn -0.810017 0.153303 0.566012
vn -0.766682 0.026399 0.641485
vn -0.798075 0.030599 0.601781
vn -0.839496 0.058600 0.540197
vn -0.875308 -0.059401 0.479904
vn -0.919808 -0.073601 0.385403
vn -0.923708 0.065801 0.377403
vn -0.835395 0.035600 0.548497
vn 0.679010 -0.024800 0.733710
vn 0.630477 -0.047198 0.774772
vn 0.649766 -0.072596 0.756660
vn 0.723908 -0.059701 0.687308
vn -0.723294 -0.096999 0.683694
vn -0.840657 0.040703 0.540036
vn -0.813711 0.068601 0.577208
vn -0.683488 -0.023400 0.729587
vn 0.812929 0.062302 0.579021
vn 0.947622 0.097002 0.304307
vn 0.923708 0.065801 0.377403
vn 0.835395 0.035600 0.548497
vn 0.415492 0.055799 0.907884
vn 0.403877 0.029198 0.914347
vn 0.013300 0.125501 0.992004
vn 0.009800 0.146705 0.989132
vn 0.043901 0.109502 0.993017
vn -0.537417 0.044801 0.842126
vn -0.598092 0.034399 0.800689
vn -0.024999 0.071097 0.997156
vn 0.919808 -0.073601 0.385403
vn 0.917311 -0.141702 0.372104
vn 0.892879 -0.135297 0.429490
vn 0.875308 -0.059401 0.479904
vn -0.816509 -0.175202 0.550106
vn -0.885025 -0.219006 0.410812
vn -0.885473 -0.154695 0.438187
vn -0.875587 -0.068399 0.478193
vn 0.874168 -0.428884 -0.227792
vn 0.898988 -0.422195 -0.116499
vn 0.907498 -0.415199 0.063700
vn 0.893589 -0.443395 -0.069999
vn -0.966719 -0.055701 0.249705
vn -0.976876 -0.124397 0.173896
vn -0.983586 -0.100599 0.149798
vn -0.985817 -0.033701 0.164403
vn -0.904177 0.030199 0.426089
vn -0.815594 0.170299 0.552996
vn -0.801409 0.104001 0.589006
vn -0.883680 0.027399 0.467289
vn -0.904177 0.030199 0.426089
vn -0.910686 0.028800 0.412094
vn -0.865071 0.201993 0.459185
vn -0.815594 0.170299 0.552996
vn 0.883680 0.027399 0.467289
vn 0.904177 0.030199 0.426089
vn 0.918503 -0.065800 0.389901
vn 0.840100 -0.069200 0.538000
vn 0.369808 -0.312106 0.875118
vn 0.657906 -0.214502 0.721906
vn 0.644293 -0.199898 0.738192
vn 0.390822 -0.329818 0.859348
vn -0.871943 -0.119406 0.474824
vn -0.828387 0.084199 0.553792
vn -0.759119 0.034901 0.650016
vn -0.821066 -0.139294 0.553577
vn 0.910686 0.028800 0.412094
vn 0.941865 -0.046298 0.332788
vn 0.918503 -0.065800 0.389901
vn 0.904177 0.030199 0.426089
vn -0.754913 0.149703 0.638511
vn -0.725764 0.038498 0.686866
vn -0.611883 -0.024199 0.790578
vn -0.643428 0.089704 0.760233
vn -0.816509 -0.175202 0.550106
vn -0.875587 -0.068399 0.478193
vn -0.840657 0.040703 0.540036
vn -0.723294 -0.096999 0.683694
vn 0.641213 -0.158503 0.750815
vn 0.759883 -0.124197 0.638086
vn 0.738625 -0.218507 0.637721
vn 0.642995 -0.239998 0.727295
vn -0.930515 0.030200 0.365006
vn -0.942534 0.115504 0.313511
vn -0.813711 0.068601 0.577208
vn -0.840657 0.040703 0.540036
vn -0.875587 -0.068399 0.478193
vn -0.914989 -0.147898 0.375395
vn -0.930515 0.030200 0.365006
vn -0.840657 0.040703 0.540036
vn 0.811910 0.009400 0.583707
vn 0.565471 0.028998 0.824258
vn 0.588410 -0.166603 0.791213
vn 0.809404 -0.181801 0.558403
vn 0.813711 0.068601 0.577208
vn 0.840686 0.040699 0.539991
vn 0.723294 -0.096999 0.683694
vn 0.683488 -0.023400 0.729587
vn 0.603392 -0.058599 0.795289
vn 0.813273 -0.116596 0.570081
vn 0.803594 -0.127799 0.581295
vn 0.674689 -0.100798 0.731188
vn 0.835395 0.035600 0.548497
vn 0.875308 -0.059401 0.479904
vn 0.816509 -0.175202 0.550106
vn 0.723294 -0.096999 0.683694
vn -0.268906 0.129503 0.954421
vn -0.329706 -0.022400 0.943818
vn 0.151794 0.089396 0.984361
vn 0.258987 0.156892 0.953053
vn 0.914989 -0.147898 0.375395
vn 0.898673 -0.230793 0.372989
vn 0.885473 -0.154695 0.438187
vn 0.875587 -0.068399 0.478193
vn 0.885473 -0.154695 0.438187
vn 0.885025 -0.219006 0.410812
vn 0.816509 -0.175202 0.550106
vn 0.875587 -0.068399 0.478193
vn 0.832421 -0.131503 0.538314
vn 0.783531 0.006000 0.621324
vn 0.671799 -0.033000 0.739998
vn 0.629919 -0.077102 0.772824
vn 0.863795 -0.060500 0.500197
vn 0.819082 -0.115698 0.561888
vn 0.764691 0.002300 0.644393
vn 0.758429 -0.006300 0.651725
vn -0.971418 -0.236604 0.019100
vn -0.943475 -0.327891 -0.048399
vn -0.943474 -0.294592 0.151896
vn -0.944643 -0.236311 0.227610
vn 0.991096 -0.125099 0.045600
vn 0.986401 -0.107300 0.124500
vn 0.976858 -0.099396 0.189392
vn 0.981893 -0.133199 0.134699
vn -0.864569 -0.023099 0.501982
vn -0.954303 0.034000 0.296901
vn -0.968696 -0.121299 0.216599
vn -0.899656 -0.196612 0.389824
vn -0.423077 -0.259786 0.868053
vn -0.276507 -0.385910 0.880123
vn -0.545292 -0.164797 0.821887
vn -0.578306 -0.080801 0.811809
vn -0.016300 0.222097 0.974888
vn -0.369096 0.102799 0.923689
vn -0.431212 0.271208 0.860524
vn 0.042001 0.287305 0.956918
vn 0.756700 -0.092400 0.647200
vn 0.854219 -0.030601 0.519012
vn 0.681199 0.115700 0.722898
vn 0.509688 0.114697 0.852680
vn 0.968696 -0.121299 0.216599
vn 0.899656 -0.196612 0.389824
vn 0.906284 -0.288395 0.308995
vn 0.933328 -0.355611 -0.049401
vn -0.642387 -0.089098 0.761184
vn -0.642409 -0.088701 0.761211
vn -0.636198 -0.114400 0.762997
vn -0.620519 -0.130104 0.773323
vn 0.923892 -0.022400 0.381997
vn 0.857722 -0.001200 0.514113
vn 0.864613 -0.023100 0.501907
vn 0.954303 0.034000 0.296901
vn 0.923892 -0.022400 0.381997
vn 0.899982 -0.151397 0.408792
vn 0.890071 -0.101897 0.444286
vn 0.857722 -0.001200 0.514113
vn 0.899656 -0.196612 0.389824
vn 0.800180 -0.162996 0.577186
vn 0.835234 -0.220109 0.503921
vn 0.906284 -0.288395 0.308995
vn 0.864613 -0.023100 0.501907
vn 0.774194 -0.082899 0.627496
vn 0.800180 -0.162996 0.577186
vn 0.899656 -0.196612 0.389824
vn 0.857722 -0.001200 0.514113
vn 0.840729 -0.101704 0.531819
vn 0.774194 -0.082899 0.627496
vn 0.864613 -0.023100 0.501907
vn 0.890071 -0.101897 0.444286
vn 0.886775 -0.166195 0.431288
vn 0.840729 -0.101704 0.531819
vn 0.857722 -0.001200 0.514113
vn -0.930093 0.051500 0.363697
vn -0.929265 -0.119396 0.349587
vn -0.797898 -0.150900 0.583599
vn -0.804076 -0.051599 0.592283
vn -0.946498 -0.166900 0.276199
vn -0.905293 -0.081499 0.416897
vn -0.965651 -0.066404 0.251213
vn -0.973719 -0.192004 0.122502
vn -0.894285 -0.065399 0.442693
vn -0.937600 -0.045700 0.344700
vn -0.965651 -0.066404 0.251213
vn -0.905293 -0.081499 0.416897
vn -0.894285 -0.065399 0.442693
vn -0.889617 -0.109002 0.443509
vn -0.931175 -0.116397 0.345491
vn -0.937600 -0.045700 0.344700
vn -0.937600 -0.045700 0.344700
vn -0.957591 -0.087899 0.274397
vn -0.985590 -0.067499 0.155098
vn -0.965651 -0.066404 0.251213
vn -0.931175 -0.116397 0.345491
vn -0.934301 -0.201900 0.293800
vn -0.957591 -0.087899 0.274397
vn -0.937600 -0.045700 0.344700
vn 0.985590 -0.067499 0.155098
vn 0.965651 -0.066404 0.251213
vn 0.973719 -0.192004 0.122502
vn 0.983474 -0.178995 0.027199
vn -0.044001 0.004500 0.999021
vn -0.651624 -0.004600 0.758528
vn -0.699205 -0.004800 0.714905
vn -0.132704 -0.051301 0.989827
vn 0.701421 -0.176605 0.690521
vn 0.695775 -0.277290 0.662576
vn 0.559370 -0.202289 0.803856
vn 0.672869 -0.122394 0.729566
vn 0.537312 -0.106602 0.836619
vn 0.791325 -0.143905 0.594219
vn 0.760539 -0.080904 0.644233
vn 0.576517 -0.065902 0.814424
vn 0.005400 0.115104 0.993339
vn 0.022000 0.154297 0.987780
vn -0.288106 0.082702 0.954021
vn -0.329108 0.054401 0.942724
vn 0.588410 -0.166603 0.791213
vn 0.565471 0.028998 0.824258
vn 0.263392 0.024799 0.964370
vn 0.317892 -0.137696 0.938075
vn 0.908337 -0.168907 0.382616
vn 0.801903 -0.174501 0.571402
vn 0.808999 -0.241300 0.535999
vn 0.874879 -0.275593 0.398290
vn -0.478088 0.078698 0.874779
vn -0.625994 0.048900 0.778293
vn -0.630199 0.048800 0.774899
vn -0.407918 0.077303 0.909740
vn 0.976111 -0.089901 0.197802
vn 0.982962 -0.083997 0.163494
vn 0.974896 -0.150499 0.164099
vn 0.922082 -0.371793 -0.107398
vn 0.856691 -0.365296 -0.364196
vn 0.944573 -0.246893 -0.216394
vn 0.957053 -0.281486 -0.069397
vn 0.997849 0.012799 0.064297
vn 0.975608 -0.002900 0.219502
vn 0.983680 -0.009100 0.179696
vn 0.920086 -0.099399 0.378894
vn 0.853706 -0.176301 0.490004
vn 0.966978 -0.056599 0.248494
vn 0.959315 -0.028400 0.280905
vn -0.985001 -0.004100 0.172500
vn -0.935126 -0.100003 0.339910
vn -0.945250 -0.021801 0.325617
vn -0.971303 0.008300 0.237701
vn 0.955423 -0.293607 0.031001
vn 0.951050 -0.247613 0.184910
vn 0.908195 -0.253299 0.333198
vn 0.913287 -0.219997 0.342795
vn 0.679978 0.030999 0.732577
vn 0.676998 0.031800 0.735298
vn 0.507371 0.059797 0.859651
vn 0.457809 0.060101 0.887017
vn 0.627377 -0.019499 0.778472
vn 0.330094 0.026299 0.943582
vn 0.556409 -0.119202 0.822314
vn 0.730192 -0.163898 0.663293
vn 0.875594 -0.054200 0.479997
vn 0.796473 -0.075997 0.599880
vn 0.809819 -0.185104 0.556713
vn 0.915325 -0.213906 0.341209
vn -0.560514 -0.095502 0.822620
vn -0.031500 0.069399 0.997092
vn 0.073098 0.055598 0.995774
vn -0.493087 -0.057499 0.868078
vn 0.041400 0.155901 0.986905
vn 0.410323 0.105206 0.905851
vn 0.392116 0.150406 0.907537
vn 0.007500 0.182496 0.983178
vn -0.979412 -0.086501 0.182402
vn -0.973617 -0.032901 0.225804
vn -0.926923 -0.062502 0.370009
vn -0.940489 -0.147598 0.306096
vn -0.979412 -0.086501 0.182402
vn -0.992157 -0.010000 0.124595
vn -0.987906 -0.042900 0.149001
vn -0.973617 -0.032901 0.225804
vn -0.855801 -0.038100 0.515900
vn -0.921507 -0.016700 0.388003
vn -0.936025 0.012600 0.351709
vn -0.862781 -0.046999 0.503389
vn -0.995239 0.065803 0.071903
vn -0.976958 0.013699 0.212991
vn -0.973617 -0.032901 0.225804
vn -0.987906 -0.042900 0.149001
vn -0.976958 0.013699 0.212991
vn -0.972206 -0.085901 0.217801
vn -0.914958 -0.153093 0.373383
vn -0.903627 -0.110903 0.413713
vn 0.622166 0.038098 0.781958
vn 0.746622 0.020901 0.664920
vn 0.712423 -0.006200 0.701723
vn 0.707035 -0.069703 0.703735
vn 0.947789 -0.000600 0.318896
vn 0.927093 -0.039000 0.372797
vn 0.905117 -0.052501 0.421908
vn 0.909183 0.001700 0.416392
vn 0.926917 -0.062601 0.370007
vn 0.903627 -0.110903 0.413713
vn 0.976958 0.013699 0.212991
vn 0.973617 -0.032901 0.225804
vn 0.983335 -0.177506 0.039301
vn 0.979842 -0.172007 0.101604
vn 0.967705 -0.192801 0.162401
vn 0.987735 -0.123604 0.095403
vn 0.972206 -0.085901 0.217801
vn 0.998023 0.035601 0.051801
vn 0.995239 0.065803 0.071903
vn 0.976958 0.013699 0.212991
vn -0.847107 -0.116901 0.518405
vn -0.871402 -0.134400 0.471801
vn -0.906455 -0.088505 0.412925
vn -0.952325 -0.120903 0.280107
vn -0.779992 -0.024900 0.625294
vn -0.746485 -0.004700 0.665386
vn -0.825302 -0.041000 0.563201
vn -0.853698 -0.008500 0.520699
vn 0.177602 0.052301 0.982712
vn 0.526403 0.083700 0.846105
vn 0.577174 0.101695 0.810264
vn 0.312400 0.108800 0.943700
vn 0.174294 0.094297 0.980168
vn -0.067099 0.071399 0.995188
vn -0.086798 0.128697 0.987878
vn 0.180806 0.091703 0.979234
vn -0.951454 -0.307785 -0.001800
vn -0.913806 -0.298702 0.275202
vn -0.924312 -0.223003 0.309704
vn -0.965130 -0.176405 0.193406
vn -0.970046 -0.046602 0.238411
vn -0.970609 -0.084601 0.225302
vn -0.978620 -0.055301 0.198104
vn -0.971303 0.008300 0.237701
vn -0.990257 -0.065297 0.122995
vn -0.955571 -0.136996 0.260992
vn -0.971648 -0.148707 0.183809
vn -0.992379 -0.071998 0.099998
vn -0.988861 -0.031399 0.145494
vn -0.961115 -0.042201 0.272904
vn -0.955571 -0.136996 0.260992
vn -0.990257 -0.065297 0.122995
vn 0.971648 -0.148707 0.183809
vn 0.992379 -0.071998 0.099998
vn 0.992739 -0.089104 0.080803
vn 0.979906 -0.145901 0.136001
vn -0.507104 0.059800 0.859808
vn -0.649632 0.129506 0.749137
vn -0.586706 0.226402 0.777508
vn -0.393609 0.153803 0.906320
vn 0.206693 0.051198 0.977065
vn 0.442205 0.069601 0.894210
vn 0.600628 0.183709 0.778137
vn 0.281005 0.153102 0.947415
vn 0.992379 -0.071998 0.099998
vn 0.998872 -0.037299 0.029399
vn 0.998778 -0.043099 0.024199
vn 0.992739 -0.089104 0.080803
vn 0.992379 -0.071998 0.099998
vn 0.990257 -0.065297 0.122995
vn 0.999491 -0.028000 0.015300
vn 0.998872 -0.037299 0.029399
vn 0.990257 -0.065297 0.122995
vn 0.988861 -0.031399 0.145494
vn 0.999805 -0.011600 -0.016000
vn 0.999491 -0.028000 0.015300
vn -0.796791 -0.076499 0.599393
vn -0.732479 0.003400 0.680781
vn -0.744323 -0.163405 0.647520
vn -0.796617 -0.189804 0.573912
vn -0.982120 -0.096902 0.161403
vn -0.990966 -0.043399 0.126896
vn -0.990873 0.000800 0.134796
vn -0.959315 -0.028400 0.280905
vn -0.966978 -0.056599 0.248494
vn -0.853706 -0.176301 0.490004
vn -0.920086 -0.099399 0.378894
vn -0.959315 -0.028400 0.280905
vn -0.990873 0.000800 0.134796
vn -0.998636 0.021001 -0.047802
vn -0.966978 -0.056599 0.248494
vn -0.959315 -0.028400 0.280905
vn 0.741876 0.124496 0.658879
vn 0.597502 0.172001 0.783203
vn 0.591817 0.111503 0.798323
vn 0.776602 0.073400 0.625701
vn -0.966978 -0.056599 0.248494
vn -0.949423 -0.135403 0.283307
vn -0.853742 -0.188787 0.485267
vn -0.853706 -0.176301 0.490004
vn 0.920086 -0.099399 0.378894
vn 0.959315 -0.028400 0.280905
vn 0.982120 -0.096902 0.161403
vn 0.978116 -0.175403 0.111902
vn -0.703506 0.026200 0.710206
vn -0.801146 0.025301 0.597934
vn -0.861256 -0.164892 0.480675
vn -0.787901 -0.203800 0.581101
vn 0.923774 -0.067798 0.376889
vn 0.874004 -0.091100 0.477302
vn 0.797521 -0.070002 0.599216
vn 0.849188 -0.126998 0.512593
vn 0.949423 -0.135403 0.283307
vn 0.978309 -0.045000 -0.202202
vn 0.998636 0.021001 -0.047802
vn 0.966978 -0.056599 0.248494
vn -0.372115 0.039702 0.927337
vn 0.037600 0.066100 0.997104
vn 0.007900 0.033300 0.999414
vn -0.365690 0.029299 0.930275
vn -0.870109 -0.304803 0.387304
vn -0.859111 -0.410305 0.305904
vn -0.810578 -0.359390 0.462387
vn -0.798568 -0.299188 0.522279
vn -0.712423 -0.006200 0.701723
vn -0.746622 0.020901 0.664920
vn -0.622166 0.038098 0.781958
vn -0.707035 -0.069703 0.703735
vn 0.681815 0.089602 0.726016
vn 0.776524 0.029001 0.629420
vn 0.748627 -0.031901 0.662224
vn 0.669104 -0.009800 0.743104
vn -0.883441 -0.022101 0.468022
vn -0.777688 -0.030900 0.627890
vn -0.746622 0.020901 0.664920
vn -0.855660 -0.049398 0.515176
vn -0.410613 -0.240108 0.879628
vn -0.464597 -0.128199 0.876194
vn -0.375311 -0.135604 0.916926
vn -0.371496 -0.245497 0.895389
vn -0.579788 0.327193 0.746184
vn -0.633001 0.146300 0.760201
vn -0.506386 0.233194 0.830177
vn -0.404107 0.362506 0.839814
vn -0.777688 -0.030900 0.627890
vn -0.788863 -0.161492 0.592972
vn -0.667217 -0.132303 0.733019
vn -0.617013 -0.038401 0.786016
vn 0.891798 -0.043900 0.450299
vn 0.891035 0.004000 0.453918
vn 0.948786 -0.061399 0.309895
vn 0.941741 -0.085404 0.325314
vn 0.622166 0.038098 0.781958
vn 0.617013 -0.038401 0.786016
vn 0.777688 -0.030900 0.627890
vn 0.746622 0.020901 0.664920
vn 0.535269 0.222487 0.814853
vn 0.398608 0.129603 0.907918
vn 0.315292 0.229694 0.920778
vn 0.375501 0.251301 0.892103
vn 0.788863 -0.161492 0.592972
vn 0.925513 -0.180003 0.333205
vn 0.883441 -0.022101 0.468022
vn 0.777688 -0.030900 0.627890
vn 0.746622 0.020901 0.664920
vn 0.855660 -0.049398 0.515176
vn 0.814081 -0.042599 0.579187
vn 0.712423 -0.006200 0.701723
vn 0.457976 0.046398 0.887753
vn 0.475527 -0.009401 0.879651
vn 0.671799 -0.033000 0.739998
vn 0.641087 0.078098 0.763484
vn -0.423907 0.032701 0.905115
vn 0.026300 0.153402 0.987814
vn 0.151794 0.089396 0.984361
vn -0.329706 -0.022400 0.943818
vn -0.928104 -0.329001 0.174301
vn -0.913287 -0.219997 0.342795
vn -0.955423 -0.293607 0.031001
vn -0.896611 -0.420105 -0.140002
vn -0.908195 -0.253299 0.333198
vn -0.951050 -0.247613 0.184910
vn -0.955423 -0.293607 0.031001
vn -0.913287 -0.219997 0.342795
vn -0.908195 -0.253299 0.333198
vn -0.917810 -0.300903 0.259003
vn -0.947024 -0.213406 0.240006
vn -0.951050 -0.247613 0.184910
vn -0.957053 -0.281486 -0.069397
vn -0.922082 -0.371793 -0.107398
vn -0.927308 -0.373303 0.027300
vn -0.944536 -0.319612 0.075503
vn -0.734620 -0.093403 0.672019
vn -0.851817 -0.005600 0.523810
vn -0.797571 0.025699 0.602678
vn -0.682743 0.004400 0.730646
vn 0.929712 -0.328804 -0.165902
vn 0.955423 -0.293607 0.031001
vn 0.896611 -0.420105 -0.140002
vn 0.855728 -0.397613 -0.331111
vn 0.929712 -0.328804 -0.165902
vn 0.961583 -0.258496 0.092398
vn 0.951050 -0.247613 0.184910
vn 0.955423 -0.293607 0.031001
vn 0.961583 -0.258496 0.092398
vn 0.968720 -0.170504 0.180304
vn 0.947024 -0.213406 0.240006
vn 0.951050 -0.247613 0.184910
vn 0.435187 0.350590 0.829276
vn 0.345182 0.133093 0.929051
vn 0.277990 -0.156395 0.947767
vn 0.459392 0.371993 0.806586
vn 0.783692 -0.180998 0.594194
vn 0.943357 -0.212990 0.254388
vn 0.915434 -0.052602 0.399015
vn 0.807014 -0.066201 0.586810
vn 0.930515 0.030200 0.365006
vn 0.914989 -0.147898 0.375395
vn 0.875587 -0.068399 0.478193
vn 0.840686 0.040699 0.539991
vn 0.231495 -0.125698 0.964681
vn -0.247908 -0.117504 0.961631
vn -0.300194 -0.176097 0.937482
vn 0.383999 -0.209300 0.899299
vn -0.888394 -0.235798 0.393897
vn -0.879740 -0.167908 0.444820
vn -0.961743 -0.115505 0.248411
vn -0.946523 -0.238206 0.217605
vn -0.876475 -0.169595 0.450587
vn -0.931784 -0.168197 0.321695
vn -0.961743 -0.115505 0.248411
vn -0.879740 -0.167908 0.444820
vn 0.243595 0.050099 0.968582
vn -0.256995 0.105998 0.960582
vn -0.182896 0.070798 0.980580
vn 0.261507 0.038701 0.964426
vn -0.931784 -0.168197 0.321695
vn -0.934680 -0.257395 0.245195
vn -0.985696 -0.154899 0.066400
vn -0.961743 -0.115505 0.248411
vn -0.948073 0.038699 0.315691
vn -0.973679 0.049899 0.222395
vn -0.997624 0.003600 0.068802
vn -0.971911 -0.040700 0.231803
vn 0.985696 -0.154899 0.066400
vn 0.961743 -0.115505 0.248411
vn 0.946523 -0.238206 0.217605
vn 0.956841 -0.247811 -0.151807
vn -0.620659 0.033898 0.783348
vn -0.631783 0.057898 0.772980
vn -0.662891 0.022100 0.748390
vn -0.598384 -0.007100 0.801178
vn 0.934680 -0.257395 0.245195
vn 0.908474 -0.314991 0.274692
vn 0.907193 -0.265698 0.326198
vn 0.931784 -0.168197 0.321695
vn -0.912636 -0.381115 -0.147806
vn -0.876970 -0.454384 -0.156395
vn -0.879925 -0.472214 -0.052402
vn -0.904202 -0.427001 -0.009400
vn -0.028701 0.186506 0.982034
vn -0.261009 0.031201 0.964832
vn -0.327793 0.062499 0.942680
vn 0.010600 0.133695 0.990966
vn 0.907193 -0.265698 0.326198
vn 0.884490 -0.281597 0.371996
vn 0.876475 -0.169595 0.450587
vn 0.931784 -0.168197 0.321695
vn -0.623900 0.200300 0.755400
vn -0.703167 0.160092 0.692767
vn -0.778106 0.218502 0.588904
vn -0.717714 0.245005 0.651813
vn 0.849005 -0.136301 0.510503
vn 0.783458 -0.119394 0.609868
vn 0.796473 -0.075997 0.599880
vn 0.875594 -0.054200 0.479997
vn 0.936426 -0.037001 0.348910
vn 0.944768 -0.065198 0.321189
vn 0.925702 -0.083600 0.368901
vn 0.917852 -0.010699 0.396779
vn 0.436287 0.047099 0.898574
vn -0.010900 0.048598 0.998759
vn -0.012799 -0.017799 0.999760
vn 0.409587 0.000300 0.912271
vn 0.175905 0.197806 0.964329
vn 0.073098 0.055598 0.995774
vn 0.636013 0.121103 0.762116
vn 0.711693 0.184998 0.677694
vn -0.985322 -0.052901 0.162304
vn -0.999213 -0.028100 0.028000
vn -0.995191 -0.077499 -0.059899
vn -0.992366 -0.094197 0.079597
vn 0.987639 -0.117005 -0.104304
vn 0.985876 -0.167296 -0.007800
vn 0.975742 -0.218910 0.002300
vn 0.988637 -0.139505 -0.056002
vn 0.987639 -0.117005 -0.104304
vn 0.995191 -0.077499 -0.059899
vn 0.992366 -0.094197 0.079597
vn 0.985876 -0.167296 -0.007800
vn 0.403906 -0.237203 0.883513
vn 0.158101 -0.122401 0.979807
vn 0.174294 0.094297 0.980168
vn 0.450796 -0.007900 0.892592
vn 0.985322 -0.052901 0.162304
vn 0.969475 -0.092698 0.226994
vn 0.970162 -0.149994 0.190493
vn 0.992366 -0.094197 0.079597
vn 0.985876 -0.167296 -0.007800
vn 0.961612 -0.233903 0.143502
vn 0.959686 -0.258996 0.109198
vn 0.975742 -0.218910 0.002300
vn 0.985876 -0.167296 -0.007800
vn 0.992366 -0.094197 0.079597
vn 0.970162 -0.149994 0.190493
vn 0.961612 -0.233903 0.143502
vn -0.981623 -0.080102 0.173204
vn -0.991480 -0.081398 0.101698
vn -0.994876 -0.091598 0.042799
vn -0.978556 -0.107195 0.175892
vn -0.875110 -0.284303 0.391604
vn -0.803198 -0.276799 0.527499
vn -0.801130 -0.182707 0.569921
vn -0.850386 -0.173897 0.496592
vn 0.962635 0.020701 0.270010
vn 0.915820 0.035601 0.400009
vn 0.943301 -0.062500 0.326000
vn 0.992835 -0.118704 0.013700
vn 0.901876 -0.223494 0.369690
vn 0.891059 -0.288887 0.350084
vn 0.880118 -0.275406 0.386708
vn 0.870879 -0.164396 0.463189
vn -0.629230 0.237211 0.740135
vn -0.615781 0.195894 0.763177
vn -0.633001 0.146300 0.760201
vn -0.579788 0.327193 0.746184
vn -0.855571 -0.017699 0.517383
vn -0.830417 0.005900 0.557111
vn -0.928089 0.037200 0.370496
vn -0.919292 -0.011900 0.393397
vn 0.435108 -0.051301 0.898916
vn -0.056902 0.072503 0.995744
vn -0.028300 -0.097800 0.994804
vn 0.614286 -0.119497 0.779983
vn -0.527188 -0.318793 0.787682
vn -0.528187 -0.316892 0.787780
vn -0.652625 -0.160306 0.740528
vn -0.703354 -0.145190 0.695854
vn -0.486017 0.178006 0.855629
vn -0.474420 0.243210 0.846035
vn -0.728478 0.150295 0.668380
vn -0.764853 0.085095 0.638560
vn 0.995239 0.065803 0.071903
vn 0.987906 -0.042900 0.149001
vn 0.973617 -0.032901 0.225804
vn 0.976958 0.013699 0.212991
vn 0.889601 -0.236400 0.390800
vn 0.842369 -0.229092 0.487782
vn 0.849005 -0.136301 0.510503
vn 0.918199 -0.142500 0.369600
vn 0.826776 0.073698 0.557683
vn 0.893505 -0.020100 0.448603
vn 0.934311 -0.027400 0.355404
vn 0.865302 0.049500 0.498801
vn 0.617082 0.033699 0.786177
vn 0.461502 0.075700 0.883904
vn 0.648782 0.096897 0.754780
vn 0.681815 0.089602 0.726016
vn -0.844567 -0.198792 0.497181
vn -0.849188 -0.126998 0.512593
vn -0.923774 -0.067798 0.376889
vn -0.905377 -0.198995 0.375091
vn -0.797468 -0.070097 0.599276
vn -0.874004 -0.091100 0.477302
vn -0.923774 -0.067798 0.376889
vn -0.849188 -0.126998 0.512593
vn -0.797468 -0.070097 0.599276
vn -0.816704 -0.192501 0.544002
vn -0.880519 -0.147403 0.450510
vn -0.874004 -0.091100 0.477302
vn -0.874004 -0.091100 0.477302
vn -0.918593 -0.110999 0.379297
vn -0.971878 -0.079398 0.221695
vn -0.923774 -0.067798 0.376889
vn -0.880519 -0.147403 0.450510
vn -0.917173 -0.119696 0.380089
vn -0.918593 -0.110999 0.379297
vn -0.874004 -0.091100 0.477302
vn 0.971878 -0.079398 0.221695
vn 0.923774 -0.067798 0.376889
vn 0.905377 -0.198995 0.375091
vn 0.954439 -0.259911 -0.146606
vn 0.400490 0.015100 0.916177
vn 0.370401 -0.032500 0.928303
vn 0.010600 0.133695 0.990966
vn 0.052799 0.094899 0.994086
vn -0.535269 0.222487 0.814853
vn -0.662821 0.099603 0.742124
vn -0.376705 0.098201 0.921113
vn -0.375501 0.251301 0.892103
vn -0.455398 0.061000 0.888196
vn -0.666781 0.051399 0.743479
vn -0.711269 0.008500 0.702869
vn -0.445192 0.071399 0.892584
vn 0.804094 -0.240698 0.543596
vn 0.862589 -0.235797 0.447594
vn 0.865538 -0.361816 0.346315
vn 0.809672 -0.367987 0.457184
vn -0.980918 -0.088902 0.172903
vn -0.978985 -0.087099 0.184397
vn -0.950112 -0.123302 0.286504
vn -0.956499 -0.133300 0.259500
vn 0.593862 0.118792 0.795749
vn 0.699230 0.121305 0.704530
vn 0.768496 -0.024200 0.639397
vn 0.668372 0.028799 0.743269
vn -0.766600 -0.101200 0.634100
vn -0.716401 -0.098500 0.690701
vn -0.691237 -0.047903 0.721039
vn -0.779992 -0.024900 0.625294
vn 0.990837 -0.006500 0.134905
vn 0.991885 -0.064099 0.109798
vn 0.997490 -0.022900 -0.066999
vn 0.999730 0.022701 -0.004900
vn 0.960982 -0.215596 0.173297
vn 0.956021 -0.286206 0.064101
vn 0.960362 -0.266789 -0.080797
vn 0.975652 -0.215811 -0.039102
vn -0.456210 0.071201 0.887019
vn -0.670106 0.044900 0.740906
vn -0.840188 -0.093399 0.534192
vn -0.727132 -0.111205 0.677430
vn -0.323090 0.118896 0.938870
vn -0.448415 0.105903 0.887529
vn -0.534323 0.243211 0.809535
vn -0.392103 0.232302 0.890107
vn 0.853698 -0.008500 0.520699
vn 0.779992 -0.024900 0.625294
vn 0.766600 -0.101200 0.634100
vn 0.835875 -0.050598 0.546583
vn 0.825302 -0.041000 0.563201
vn 0.746485 -0.004700 0.665386
vn 0.779992 -0.024900 0.625294
vn 0.853698 -0.008500 0.520699
vn 0.825302 -0.041000 0.563201
vn 0.822582 -0.134597 0.552488
vn 0.787719 -0.100302 0.607815
vn 0.746485 -0.004700 0.665386
vn 0.454319 -0.091404 0.886137
vn 0.426401 -0.060600 0.902502
vn 0.456290 -0.038899 0.888981
vn 0.478092 -0.056599 0.876485
vn 0.746485 -0.004700 0.665386
vn 0.677032 -0.005200 0.735935
vn 0.691237 -0.047903 0.721039
vn 0.779992 -0.024900 0.625294
vn 0.787719 -0.100302 0.607815
vn 0.701120 -0.094003 0.706820
vn 0.677032 -0.005200 0.735935
vn 0.746485 -0.004700 0.665386
vn 0.847261 -0.039898 0.529676
vn 0.821946 0.036998 0.568363
vn 0.538512 0.123503 0.833518
vn 0.620598 -0.007000 0.784098
vn -0.863211 -0.407505 0.298004
vn -0.876092 -0.355597 0.325597
vn -0.949823 -0.279907 0.139603
vn -0.910190 -0.351996 0.218297
vn -0.876092 -0.355597 0.325597
vn -0.847107 -0.116901 0.518405
vn -0.952325 -0.120903 0.280107
vn -0.949823 -0.279907 0.139603
vn -0.982293 -0.094799 0.161599
vn -0.997499 -0.060100 0.037200
vn -0.955680 -0.091298 0.279894
vn -0.952051 -0.126607 0.278515
vn -0.952325 -0.120903 0.280107
vn -0.991832 -0.125404 0.023301
vn -0.977790 -0.208698 -0.019300
vn -0.949823 -0.279907 0.139603
vn 0.481720 -0.128605 0.866837
vn 0.631719 -0.138504 0.762724
vn 0.651009 -0.111002 0.750910
vn 0.447493 -0.120098 0.886186
vn -0.923704 -0.164901 0.345802
vn -0.932925 -0.195605 0.302308
vn -0.959879 -0.105298 0.259894
vn -0.906455 -0.088505 0.412925
vn 0.889894 -0.336398 0.308098
vn 0.866367 -0.419684 0.270690
vn 0.866208 -0.378604 0.326103
vn 0.887101 -0.263600 0.378901
vn 0.977790 -0.208698 -0.019300
vn 0.949823 -0.279907 0.139603
vn 0.910190 -0.351996 0.218297
vn 0.970808 -0.233702 0.054000
vn 0.676095 0.119899 0.726994
vn 0.465014 0.151604 0.872226
vn 0.456412 0.138504 0.878923
vn 0.643177 0.102896 0.758773
vn 0.959879 -0.105298 0.259894
vn 0.906472 -0.088497 0.412887
vn 0.952325 -0.120903 0.280107
vn 0.991832 -0.125404 0.023301
vn -0.484781 -0.047098 0.873366
vn -0.549595 -0.079999 0.831592
vn -0.653680 0.049098 0.755177
vn -0.612094 0.124699 0.780892
vn 0.454484 0.299289 0.838970
vn 0.445004 0.264402 0.855607
vn 0.590795 0.221598 0.775793
vn 0.510180 0.310488 0.802068
vn 0.746622 0.020901 0.664920
vn 0.777688 -0.030900 0.627890
vn 0.883441 -0.022101 0.468022
vn 0.855660 -0.049398 0.515176
vn 0.906472 -0.088497 0.412887
vn 0.871402 -0.134400 0.471801
vn 0.847107 -0.116901 0.518405
vn 0.952325 -0.120903 0.280107
vn 0.923704 -0.164901 0.345802
vn 0.920133 -0.218308 0.325112
vn 0.871402 -0.134400 0.471801
vn 0.906472 -0.088497 0.412887
vn 0.894959 -0.101795 0.434380
vn 0.828939 -0.136107 0.542526
vn 0.801903 -0.174501 0.571402
vn 0.908337 -0.168907 0.382616
vn -0.745941 -0.233513 0.623734
vn -0.785816 -0.180904 0.591412
vn -0.694802 -0.190901 0.693402
vn -0.655692 -0.242897 0.714891
vn 0.012300 0.220195 0.975378
vn 0.034300 0.306004 0.951412
vn -0.332387 0.212192 0.918963
vn -0.445505 0.137802 0.884611
vn -0.803594 -0.127799 0.581295
vn -0.813273 -0.116596 0.570081
vn -0.603392 -0.058599 0.795289
vn -0.674689 -0.100798 0.731188
vn -0.674689 -0.100798 0.731188
vn -0.554395 -0.140599 0.820292
vn -0.563811 -0.168103 0.808615
vn -0.694802 -0.190901 0.693402
vn -0.674689 -0.100798 0.731188
vn -0.603392 -0.058599 0.795289
vn -0.513423 -0.096104 0.852737
vn -0.554395 -0.140599 0.820292
vn 0.563811 -0.168103 0.808615
vn 0.694802 -0.190901 0.693402
vn 0.655692 -0.242897 0.714891
vn 0.525826 -0.240312 0.815940
vn -0.966585 -0.244696 0.076399
vn -0.954628 -0.292508 0.055902
vn -0.940888 -0.270096 0.204397
vn -0.937189 -0.248597 0.244697
vn -0.719298 0.080700 0.689998
vn -0.677414 -0.016600 0.735415
vn -0.691087 -0.020300 0.722486
vn -0.725971 0.195092 0.659474
vn -0.803802 -0.026600 0.594302
vn -0.802180 0.049999 0.594985
vn -0.835447 0.119907 0.536330
vn -0.838369 0.031699 0.544180
vn 0.674689 -0.100798 0.731188
vn 0.803594 -0.127799 0.581295
vn 0.785816 -0.180904 0.591412
vn 0.694802 -0.190901 0.693402
vn -0.704125 -0.128105 0.698425
vn -0.789559 -0.121294 0.601569
vn -0.498316 -0.253108 0.829227
vn -0.421405 -0.239003 0.874811
vn 0.915820 0.035601 0.400009
vn 0.837328 0.009500 0.546618
vn 0.867876 -0.028099 0.495986
vn 0.943301 -0.062500 0.326000
vn -0.256995 0.105998 0.960582
vn -0.722908 0.198202 0.661907
vn -0.649575 0.129595 0.749171
vn -0.182896 0.070798 0.980580
vn 0.117998 -0.115398 0.986286
vn -0.138695 -0.089697 0.986265
vn -0.150599 0.000800 0.988595
vn 0.133397 0.048399 0.989880
vn 0.147796 -0.097797 0.984171
vn -0.156702 -0.085801 0.983912
vn -0.187891 0.038098 0.981451
vn 0.207794 -0.024299 0.977871
vn -0.806475 -0.184694 0.561682
vn -0.798573 -0.250091 0.547481
vn -0.548307 -0.263104 0.793811
vn -0.529781 -0.249291 0.810670
vn -0.016300 0.222097 0.974888
vn 0.391996 0.152198 0.907290
vn 0.258792 0.228693 0.938470
vn 0.004700 0.301908 0.953326
vn 0.529781 -0.249291 0.810670
vn 0.806475 -0.184694 0.561682
vn 0.789559 -0.121294 0.601569
vn 0.498316 -0.253108 0.829227
vn 0.207893 0.051998 0.976768
vn 0.442305 0.071501 0.894010
vn 0.599799 0.191900 0.776798
vn 0.282586 0.149293 0.947553
vn 0.806475 -0.184694 0.561682
vn 0.798573 -0.250091 0.547481
vn 0.939917 -0.212504 0.267205
vn 0.944692 -0.137599 0.297697
vn 0.789559 -0.121294 0.601569
vn 0.947021 0.006500 0.321107
vn 0.923347 0.042402 0.381619
vn 0.704125 -0.128105 0.698425
vn 0.806475 -0.184694 0.561682
vn 0.944692 -0.137599 0.297697
vn 0.947021 0.006500 0.321107
vn 0.789559 -0.121294 0.601569
vn 0.543008 0.068701 0.836912
vn -0.024999 0.071097 0.997156
vn -0.049700 -0.055900 0.997199
vn 0.622071 -0.049998 0.781363
vn -0.623114 0.130203 0.771217
vn -0.607784 0.111897 0.786179
vn -0.617433 0.346619 0.706138
vn -0.621389 0.286895 0.729087
vn 0.758975 0.155095 0.632379
vn 0.649632 0.129506 0.749137
vn 0.586706 0.226402 0.777508
vn 0.742463 0.240388 0.625269
vn 0.797981 -0.150896 0.583486
vn 0.807392 -0.198298 0.555694
vn 0.938110 -0.180302 0.295703
vn 0.929265 -0.119396 0.349587
vn -0.804076 -0.051599 0.592283
vn -0.797898 -0.150900 0.583599
vn -0.567920 -0.223608 0.792128
vn -0.573697 -0.195899 0.795296
vn -0.797898 -0.150900 0.583599
vn -0.807392 -0.198298 0.555694
vn -0.561476 -0.235190 0.793366
vn -0.567920 -0.223608 0.792128
vn 0.573697 -0.195899 0.795296
vn 0.804076 -0.051599 0.592283
vn 0.735395 -0.037600 0.676595
vn 0.496091 -0.147297 0.855685
vn -0.804076 -0.051599 0.592283
vn -0.797898 -0.150900 0.583599
vn -0.567920 -0.223608 0.792128
vn -0.573697 -0.195899 0.795296
vn 0.561476 -0.235190 0.793366
vn 0.807392 -0.198298 0.555694
vn 0.797981 -0.150896 0.583486
vn 0.567920 -0.223608 0.792128
vn -0.797898 -0.150900 0.583599
vn -0.929265 -0.119396 0.349587
vn -0.938110 -0.180302 0.295703
vn -0.807392 -0.198298 0.555694
vn 0.804076 -0.051599 0.592283
vn 0.930093 0.051500 0.363697
vn 0.914623 0.128003 0.383510
vn 0.735395 -0.037600 0.676595
vn 0.797981 -0.150896 0.583486
vn 0.929265 -0.119396 0.349587
vn 0.930093 0.051500 0.363697
vn 0.804076 -0.051599 0.592283
vn 0.611819 -0.024301 0.790624
vn 0.643428 0.089704 0.760233
vn 0.469004 0.095601 0.878007
vn 0.456601 -0.011100 0.889602
vn -0.738625 -0.218507 0.637721
vn -0.759883 -0.124197 0.638086
vn -0.641213 -0.158503 0.750815
vn -0.642995 -0.239998 0.727295
vn -0.759883 -0.124197 0.638086
vn -0.778425 -0.082303 0.622320
vn -0.651009 -0.111002 0.750910
vn -0.641213 -0.158503 0.750815
vn 0.915012 -0.153202 0.373205
vn 0.972206 -0.085901 0.217801
vn 0.976958 0.013699 0.212991
vn 0.903627 -0.110903 0.413713
vn -0.893505 -0.020100 0.448603
vn -0.906225 -0.117603 0.406111
vn -0.859017 -0.156903 0.487310
vn -0.838525 -0.079602 0.539016
vn -0.651009 -0.111002 0.750910
vn -0.631719 -0.138504 0.762724
vn -0.481720 -0.128605 0.866837
vn -0.447493 -0.120098 0.886186
vn 0.509599 -0.189000 0.839398
vn 0.641213 -0.158503 0.750815
vn 0.642995 -0.239998 0.727295
vn 0.522796 -0.265998 0.809894
vn 0.509599 -0.189000 0.839398
vn 0.447493 -0.120098 0.886186
vn 0.651009 -0.111002 0.750910
vn 0.641213 -0.158503 0.750815
vn 0.699592 0.018900 0.714292
vn 0.618414 -0.019200 0.785618
vn 0.652498 -0.179199 0.736298
vn 0.733358 -0.146992 0.663762
vn 0.631719 -0.138504 0.762724
vn 0.761022 -0.098403 0.641219
vn 0.778425 -0.082303 0.622320
vn 0.651009 -0.111002 0.750910
vn -0.892879 -0.135297 0.429490
vn -0.917311 -0.141702 0.372104
vn -0.919808 -0.073601 0.385403
vn -0.875308 -0.059401 0.479904
vn -0.180896 0.143497 0.972978
vn -0.569693 0.067399 0.819089
vn -0.636298 0.066200 0.768598
vn -0.219687 0.103694 0.970044
vn 0.164398 -0.301496 0.939188
vn -0.081398 -0.447289 0.890678
vn -0.158403 -0.352208 0.922420
vn 0.127004 -0.234308 0.963831
vn 0.971648 -0.148707 0.183809
vn 0.955571 -0.136996 0.260992
vn 0.990257 -0.065297 0.122995
vn 0.992379 -0.071998 0.099998
vn 0.982293 -0.094799 0.161599
vn 0.974068 -0.148395 0.170794
vn 0.956316 -0.173603 0.235204
vn 0.952051 -0.126607 0.278515
vn -0.559301 -0.202300 0.803901
vn -0.695775 -0.277290 0.662576
vn -0.701421 -0.176605 0.690521
vn -0.672869 -0.122394 0.729566
vn -0.304212 0.208808 0.929437
vn -0.521682 0.323389 0.789473
vn -0.507688 0.323792 0.798381
vn -0.213591 0.180193 0.960161
vn -0.672869 -0.122394 0.729566
vn -0.701421 -0.176605 0.690521
vn -0.790952 -0.071696 0.607663
vn -0.808996 -0.016000 0.587597
vn 0.788193 0.149099 0.597095
vn 0.653680 0.049098 0.755177
vn 0.612094 0.124699 0.780892
vn 0.804180 0.197295 0.560686
vn 0.788193 0.149099 0.597095
vn 0.808996 -0.016000 0.587597
vn 0.672869 -0.122394 0.729566
vn 0.653680 0.049098 0.755177
vn 0.011601 0.362417 0.931944
vn 0.042001 0.287305 0.956918
vn -0.431212 0.271208 0.860524
vn -0.466217 0.352913 0.811230
vn -0.656446 0.360525 0.662646
vn -0.703667 0.272087 0.656370
vn -0.518815 0.256107 0.815623
vn -0.491281 0.365786 0.790470
vn 0.653680 0.049098 0.755177
vn 0.549595 -0.079999 0.831592
vn 0.484781 -0.047098 0.873366
vn 0.612094 0.124699 0.780892
vn 0.653680 0.049098 0.755177
vn 0.672869 -0.122394 0.729566
vn 0.559370 -0.202289 0.803856
vn 0.549595 -0.079999 0.831592
vn -0.871402 -0.134400 0.471801
vn -0.920133 -0.218308 0.325112
vn -0.923704 -0.164901 0.345802
vn -0.906455 -0.088505 0.412925
vn -0.768693 -0.133199 0.625595
vn -0.841044 -0.088805 0.533628
vn -0.662812 -0.208704 0.719113
vn -0.657918 -0.201905 0.725520
vn -0.841044 -0.088805 0.533628
vn -0.856568 -0.066897 0.511681
vn -0.644293 -0.199898 0.738192
vn -0.662812 -0.208704 0.719113
vn -0.644293 -0.199898 0.738192
vn -0.856568 -0.066897 0.511681
vn -0.854899 -0.068900 0.514199
vn -0.657906 -0.214502 0.721906
vn -0.579788 0.327193 0.746184
vn -0.404107 0.362506 0.839814
vn -0.417917 0.412117 0.809633
vn -0.498997 0.423998 0.755796
vn -0.644293 -0.199898 0.738192
vn -0.657906 -0.214502 0.721906
vn -0.369808 -0.312106 0.875118
vn -0.390822 -0.329818 0.859348
vn 0.558797 -0.353698 0.750096
vn 0.662812 -0.208704 0.719113
vn 0.657918 -0.201905 0.725520
vn 0.662694 -0.285597 0.692294
vn 0.390822 -0.329818 0.859348
vn 0.644293 -0.199898 0.738192
vn 0.662812 -0.208704 0.719113
vn 0.558797 -0.353698 0.750096
vn 0.606184 0.165196 0.777979
vn 0.572990 0.217096 0.790286
vn 0.576094 0.214298 0.788792
vn 0.579512 0.162903 0.798517
vn 0.733014 0.275305 0.622011
vn 0.752985 0.204096 0.625587
vn 0.604282 0.181695 0.775777
vn 0.544481 0.238092 0.804272
vn -0.762927 -0.008900 0.646423
vn -0.834105 -0.036400 0.550403
vn -0.836789 0.050499 0.545193
vn -0.823177 0.060198 0.564584
vn -0.598384 -0.007100 0.801178
vn -0.662891 0.022100 0.748390
vn -0.674697 -0.069700 0.734797
vn -0.610671 -0.052198 0.790162
vn -0.952325 -0.120903 0.280107
vn -0.906455 -0.088505 0.412925
vn -0.959879 -0.105298 0.259894
vn -0.991832 -0.125404 0.023301
vn -0.315292 0.229694 0.920778
vn -0.398488 0.129596 0.907972
vn -0.535269 0.222487 0.814853
vn -0.375501 0.251301 0.892103
vn -0.766505 -0.228002 0.600404
vn -0.701005 -0.293402 0.650005
vn -0.650418 -0.243707 0.719419
vn -0.751512 -0.198303 0.629210
vn 0.934217 -0.356706 -0.000300
vn 0.919909 -0.352103 -0.172602
vn 0.960362 -0.266789 -0.080797
vn 0.956021 -0.286206 0.064101
vn 0.597785 -0.311692 0.738581
vn 0.650475 -0.243691 0.719373
vn 0.635718 -0.178405 0.751022
vn 0.688210 -0.258204 0.678010
vn 0.597785 -0.311692 0.738581
vn 0.550301 -0.451600 0.702301
vn 0.701005 -0.293402 0.650005
vn 0.650475 -0.243691 0.719373
vn 0.650475 -0.243691 0.719373
vn 0.751512 -0.198303 0.629210
vn 0.698310 -0.095401 0.709410
vn 0.635718 -0.178405 0.751022
vn -0.641087 0.078098 0.763484
vn -0.457976 0.046398 0.887753
vn -0.497520 0.100304 0.861634
vn -0.620775 0.141194 0.771169
vn -0.368912 0.341311 0.864529
vn -0.732889 0.153998 0.662690
vn -0.645404 0.195101 0.738505
vn -0.255900 0.369500 0.893300
vn -0.745813 -0.059301 0.663511
vn -0.760484 0.009500 0.649287
vn -0.640392 0.079799 0.763891
vn -0.661277 -0.039999 0.749074
vn 0.966974 -0.201794 -0.155696
vn 0.997347 -0.067103 0.028201
vn 0.981656 -0.089796 0.168192
vn 0.971418 -0.236604 0.019100
vn -0.702028 0.147406 0.696727
vn -0.742001 0.260300 0.617801
vn -0.521682 0.323389 0.789473
vn -0.537577 0.186792 0.822265
vn -0.649761 -0.072696 0.756655
vn -0.723952 -0.059796 0.687254
vn -0.763309 -0.045801 0.644408
vn -0.652625 -0.160306 0.740528
vn -0.649761 -0.072696 0.756655
vn -0.630417 -0.047201 0.774821
vn -0.679010 -0.024800 0.733710
vn -0.723952 -0.059796 0.687254
vn 0.763309 -0.045801 0.644408
vn 0.652625 -0.160306 0.740528
vn 0.703403 -0.145201 0.695803
vn 0.792876 -0.059398 0.606481
vn 0.630814 0.134903 0.764117
vn 0.402993 0.133698 0.905385
vn 0.456210 0.071201 0.887019
vn 0.670001 0.044900 0.741001
vn -0.763756 0.038398 0.644363
vn -0.832019 0.075302 0.549613
vn -0.756313 0.173403 0.630811
vn -0.686690 0.116898 0.717490
vn 0.062902 0.140105 0.988137
vn 0.369890 0.182495 0.910976
vn 0.424409 0.060901 0.903420
vn -0.025901 -0.015801 0.999540
vn 0.652625 -0.160306 0.740528
vn 0.528187 -0.316892 0.787780
vn 0.527188 -0.318793 0.787682
vn 0.703403 -0.145201 0.695803
vn 0.652625 -0.160306 0.740528
vn 0.649766 -0.072596 0.756660
vn 0.594715 -0.137904 0.792020
vn 0.528187 -0.316892 0.787780
vn 0.687693 -0.154399 0.709393
vn 0.709471 -0.097396 0.697972
vn 0.728334 -0.048102 0.683532
vn 0.656669 0.004700 0.754164
vn -0.918608 -0.007200 0.395104
vn -0.947808 -0.058101 0.313503
vn -0.887277 -0.099897 0.450288
vn -0.886889 -0.016300 0.461694
vn 0.548501 -0.142600 0.823901
vn 0.687693 -0.154399 0.709393
vn 0.656669 0.004700 0.754164
vn 0.541905 0.029900 0.839908
vn 0.559084 0.109297 0.821876
vn 0.541905 0.029900 0.839908
vn 0.656669 0.004700 0.754164
vn 0.597417 0.172205 0.783223
vn 0.712620 0.201406 0.672019
vn 0.597417 0.172205 0.783223
vn 0.656669 0.004700 0.754164
vn 0.728334 -0.048102 0.683532
vn -0.559084 0.109297 0.821876
vn -0.597417 0.172205 0.783223
vn -0.656669 0.004700 0.754164
vn -0.541905 0.029900 0.839908
vn -0.548501 -0.142600 0.823901
vn -0.541905 0.029900 0.839908
vn -0.656669 0.004700 0.754164
vn -0.687693 -0.154399 0.709393
vn -0.599767 0.112994 0.792157
vn -0.590795 0.221598 0.775793
vn -0.510180 0.310488 0.802068
vn -0.536791 0.147698 0.830687
vn 0.563811 -0.168103 0.808615
vn 0.554395 -0.140599 0.820292
vn 0.674689 -0.100798 0.731188
vn 0.694802 -0.190901 0.693402
vn -0.666781 0.051399 0.743479
vn -0.846581 0.008800 0.532188
vn -0.878640 -0.034702 0.476222
vn -0.711269 0.008500 0.702869
vn 0.955423 -0.293607 0.031001
vn 0.913287 -0.219997 0.342795
vn 0.928104 -0.329001 0.174301
vn 0.896611 -0.420105 -0.140002
vn -0.223508 0.096303 0.969933
vn -0.160703 0.114702 0.980315
vn -0.457809 0.060101 0.887017
vn -0.509911 0.003700 0.860219
vn 0.703506 0.026200 0.710206
vn 0.634704 -0.026400 0.772305
vn 0.705624 -0.245708 0.664622
vn 0.787901 -0.203800 0.581101
vn 0.677503 0.086600 0.730404
vn 0.595780 0.114296 0.794973
vn 0.515229 0.250114 0.819745
vn 0.595505 0.170701 0.785006
vn 0.640587 -0.000900 0.767885
vn 0.684866 0.029698 0.728064
vn 0.677503 0.086600 0.730404
vn 0.595505 0.170701 0.785006
vn 0.595505 0.170701 0.785006
vn 0.515229 0.250114 0.819745
vn 0.453095 0.223498 0.862991
vn 0.447275 0.157891 0.880350
vn 0.595505 0.170701 0.785006
vn 0.447275 0.157891 0.880350
vn 0.472396 -0.035000 0.880692
vn 0.640587 -0.000900 0.767885
vn -0.515302 0.250101 0.819703
vn -0.595780 0.114296 0.794973
vn -0.677503 0.086600 0.730404
vn -0.595495 0.170798 0.784993
vn -0.453095 0.223498 0.862991
vn -0.515302 0.250101 0.819703
vn -0.595495 0.170798 0.784993
vn -0.447195 0.157898 0.880389
vn -0.472396 -0.035000 0.880692
vn -0.447195 0.157898 0.880389
vn -0.595495 0.170798 0.784993
vn -0.640587 -0.001000 0.767885
vn -0.640587 -0.001000 0.767885
vn -0.595495 0.170798 0.784993
vn -0.677503 0.086600 0.730404
vn -0.684813 0.029701 0.728114
vn 0.650827 -0.160207 0.742131
vn 0.714022 -0.107503 0.691821
vn 0.778410 -0.023700 0.627308
vn 0.754814 -0.054001 0.653712
vn -0.888390 -0.448595 0.097599
vn -0.898200 -0.380400 0.220300
vn -0.893589 -0.443395 -0.069999
vn -0.857639 -0.492222 -0.148907
vn 0.332408 0.356109 0.873322
vn 0.344280 0.355279 0.869050
vn 0.594800 0.286200 0.751200
vn 0.477805 0.367703 0.797808
vn 0.650475 -0.243691 0.719373
vn 0.701005 -0.293402 0.650005
vn 0.766505 -0.228002 0.600404
vn 0.751512 -0.198303 0.629210
vn 0.478088 0.078698 0.874779
vn 0.114504 0.127304 0.985232
vn 0.149296 0.103397 0.983372
vn 0.407918 0.077303 0.909740
vn -0.017800 -0.168199 0.985592
vn 0.335896 -0.239697 0.910889
vn 0.280297 -0.335996 0.899189
vn -0.018100 -0.180502 0.983408
vn 0.506386 0.233194 0.830177
vn 0.632992 0.146398 0.760190
vn 0.579721 0.327212 0.746228
vn 0.404107 0.362506 0.839814
vn -0.951454 -0.307785 -0.001800
vn -0.872315 -0.470508 -0.133002
vn -0.893915 -0.431707 0.120602
vn -0.913806 -0.298702 0.275202
vn 0.632992 0.146398 0.760190
vn 0.615793 0.195798 0.763192
vn 0.629290 0.237196 0.740089
vn 0.579721 0.327212 0.746228
vn -0.389699 0.073600 0.917997
vn -0.570219 0.059602 0.819328
vn -0.726790 -0.019200 0.686591
vn -0.598208 -0.014400 0.801211
vn -0.919541 -0.198609 0.339115
vn -0.908093 -0.299298 0.292898
vn -0.869427 -0.327510 0.369911
vn -0.873935 -0.228809 0.428817
vn 0.968696 -0.121299 0.216599
vn 0.954303 0.034000 0.296901
vn 0.864613 -0.023100 0.501907
vn 0.899656 -0.196612 0.389824
vn -0.722451 0.074895 0.687354
vn -0.691159 0.106194 0.714858
vn -0.806626 0.063702 0.587619
vn -0.828555 0.035698 0.558769
vn 0.477590 0.196696 0.856282
vn 0.687391 0.103399 0.718890
vn 0.594800 0.286200 0.751200
vn 0.344280 0.355279 0.869050
vn 0.997347 -0.067103 0.028201
vn 0.989875 -0.086298 0.112697
vn 0.983700 -0.043800 0.174400
vn 0.981656 -0.089796 0.168192
vn 0.677503 0.086600 0.730404
vn 0.595780 0.114296 0.794973
vn 0.515229 0.250114 0.819745
vn 0.595495 0.170798 0.784993
vn 0.595495 0.170798 0.784993
vn 0.515229 0.250114 0.819745
vn 0.453095 0.223498 0.862991
vn 0.447275 0.157891 0.880350
vn -0.515302 0.250101 0.819703
vn -0.595780 0.114296 0.794973
vn -0.677503 0.086600 0.730404
vn -0.595495 0.170798 0.784993
vn -0.453095 0.223498 0.862991
vn -0.515302 0.250101 0.819703
vn -0.595495 0.170798 0.784993
vn -0.447195 0.157898 0.880389
vn -0.472396 -0.035000 0.880692
vn -0.447195 0.157898 0.880389
vn -0.595495 0.170798 0.784993
vn -0.640587 -0.001000 0.767885
vn -0.640587 -0.001000 0.767885
vn -0.595495 0.170798 0.784993
vn -0.677503 0.086600 0.730404
vn -0.684813 0.029701 0.728114
vn -0.594002 0.009900 0.804403
vn -0.666518 0.036001 0.744620
vn -0.677302 -0.067500 0.732602
vn -0.611585 -0.056199 0.789180
vn -0.840729 -0.101704 0.531819
vn -0.886775 -0.166195 0.431288
vn -0.890071 -0.101897 0.444286
vn -0.857722 -0.001200 0.514113
vn 0.466806 0.414305 0.781309
vn 0.501301 0.388801 0.773002
vn 0.298487 0.307087 0.903661
vn 0.191998 0.303797 0.933190
vn -0.572977 0.217191 0.790269
vn -0.567833 0.214713 0.794647
vn -0.599684 0.153996 0.785280
vn -0.606184 0.165196 0.777979
vn -0.718912 0.038901 0.694012
vn -0.792608 -0.095501 0.602206
vn -0.677302 -0.067500 0.732602
vn -0.666518 0.036001 0.744620
vn -0.606184 0.165196 0.777979
vn -0.599684 0.153996 0.785280
vn -0.718912 0.038901 0.694012
vn -0.666518 0.036001 0.744620
vn -0.701005 -0.293402 0.650005
vn -0.550301 -0.451600 0.702301
vn -0.597893 -0.311696 0.738491
vn -0.650418 -0.243707 0.719419
vn 0.666518 0.036001 0.744620
vn 0.606184 0.165196 0.777979
vn 0.579512 0.162903 0.798517
vn 0.594002 0.009900 0.804403
vn -0.570219 0.059602 0.819328
vn -0.588607 0.064901 0.805810
vn -0.726685 0.069099 0.683486
vn -0.709400 0.074100 0.700900
vn -0.359496 -0.053899 0.931589
vn -0.576517 -0.065902 0.814424
vn -0.537312 -0.106602 0.836619
vn -0.360101 -0.086400 0.928904
vn 0.588410 -0.166603 0.791213
vn 0.317892 -0.137696 0.938075
vn 0.401290 -0.265993 0.876478
vn 0.602211 -0.295805 0.741513
vn -0.082898 0.126696 0.988472
vn -0.106606 0.168309 0.979953
vn -0.333305 0.202503 0.920815
vn -0.348014 0.148606 0.925637
vn -0.329312 0.244809 0.911933
vn -0.518815 0.256107 0.815623
vn -0.612831 0.016601 0.790040
vn -0.428892 0.017700 0.903183
vn -0.876475 -0.169595 0.450587
vn -0.884490 -0.281597 0.371996
vn -0.907193 -0.265698 0.326198
vn -0.931784 -0.168197 0.321695
vn -0.914623 0.128003 0.383510
vn -0.930093 0.051500 0.363697
vn -0.804076 -0.051599 0.592283
vn -0.735395 -0.037600 0.676595
vn 0.865071 0.201993 0.459185
vn 0.910686 0.028800 0.412094
vn 0.904177 0.030199 0.426089
vn 0.815594 0.170299 0.552996
vn -0.703667 0.272087 0.656370
vn -0.760558 0.062397 0.646265
vn -0.612831 0.016601 0.790040
vn -0.518815 0.256107 0.815623
vn 0.601992 -0.096999 0.792589
vn 0.612831 0.016601 0.790040
vn 0.428892 0.017700 0.903183
vn 0.503803 -0.092001 0.858905
vn 0.601992 -0.096999 0.792589
vn 0.732938 -0.060103 0.677635
vn 0.760558 0.062397 0.646265
vn 0.612831 0.016601 0.790040
vn -0.998778 -0.043099 0.024199
vn -0.998872 -0.037299 0.029399
vn -0.992379 -0.071998 0.099998
vn -0.992739 -0.089104 0.080803
vn 0.703667 0.272087 0.656370
vn 0.518815 0.256107 0.815623
vn 0.612831 0.016601 0.790040
vn 0.760558 0.062397 0.646265
vn 0.491206 0.365804 0.790509
vn 0.317405 0.336405 0.886615
vn 0.329401 0.244801 0.911903
vn 0.518815 0.256107 0.815623
vn 0.747074 0.099996 0.657177
vn 0.622565 0.105994 0.775357
vn 0.664611 0.123502 0.736912
vn 0.767079 0.107497 0.632483
vn -0.329312 0.244809 0.911933
vn -0.317405 0.336405 0.886615
vn -0.491281 0.365786 0.790470
vn -0.518815 0.256107 0.815623
vn 0.472396 -0.035000 0.880692
vn 0.640587 -0.000900 0.767885
vn 0.595495 0.170798 0.784993
vn 0.447275 0.157891 0.880350
vn 0.548206 0.124601 0.827009
vn 0.623899 0.025200 0.781099
vn 0.590795 0.221598 0.775793
vn 0.445004 0.264402 0.855607
vn -0.624028 0.027001 0.780935
vn -0.590795 0.221598 0.775793
vn -0.599767 0.112994 0.792157
vn -0.563520 0.079903 0.822229
vn -0.687693 -0.154399 0.709393
vn -0.656669 0.004700 0.754164
vn -0.728334 -0.048102 0.683532
vn -0.709471 -0.097396 0.697972
vn -0.652708 0.001300 0.757609
vn -0.600597 0.231199 0.765396
vn -0.772622 0.083002 0.629418
vn 0.652708 0.001300 0.757609
vn 0.600597 0.231199 0.765396
vn 0.447611 0.188104 0.874221
vn -0.767603 0.005400 0.640903
vn -0.736116 0.072002 0.673015
vn -0.828985 0.027599 0.558590
vn 0.622235 0.095005 0.777044
vn 0.767603 0.005400 0.640903
vn 0.736116 0.072002 0.673015
vn -0.850386 -0.173897 0.496592
vn -0.845679 -0.295393 0.444489
vn -0.891807 -0.241602 0.382503
vn -0.875110 -0.284303 0.391604
vn -0.526390 0.103798 0.843884
vn -0.384018 0.150707 0.910943
vn -0.601688 0.098898 0.792585
vn -0.663112 0.083802 0.743814
vn 0.319604 0.072001 0.944812
vn -0.042800 0.117999 0.992091
vn 0.360220 0.077404 0.929651
vn 0.518984 0.013800 0.854673
s off
g beard01
usemtl Beard01SG
f 2846/1/1 2847/2/2 2844/3/3 2845/4/4
f 160/5/5 163/6/6 161/7/7 162/8/8
f 801/9/9 806/10/10 799/11/11 800/12/12
f 3168/13/13 3179/14/14 3178/15/15 3171/16/16
f 762/17/17 763/18/18 761/19/19 758/20/20
f 3102/21/21 3103/22/22 3101/23/23 3100/24/24
f 1315/25/25 1318/26/26 1316/27/27 1317/28/28
f 2334/29/29 2344/30/30 2340/31/31 2337/32/32
f 28/33/33 31/34/34 29/35/35 30/36/36
f 1992/37/37 1995/38/38 1993/39/39 1994/40/40
f 3350/41/41 3351/42/42 3349/43/43 3346/44/44
f 1813/45/45 1814/46/46 1810/47/47 1812/48/48
f 32/49/49 33/50/50 29/35/51 31/34/52
f 1907/51/53 1908/52/54 1905/53/55 1906/54/56
f 2696/55/57 2702/56/58 2700/57/59 2697/58/60
f 2232/59/61 2233/60/62 2231/61/63 2229/62/64
f 1960/63/65 1954/64/66 1952/65/67 1959/66/68
f 791/67/69 794/68/70 793/69/71 792/70/72
f 2772/71/73 2780/72/74 2778/73/75 2775/74/76
f 3440/75/77 3436/76/78 3435/77/79 3443/78/80
f 52/79/81 55/80/82 53/81/83 54/82/84
f 58/83/85 59/84/86 55/80/87 52/79/88
f 796/85/89 791/67/90 790/86/91 798/87/92
f 388/88/93 399/89/94 398/90/95 391/91/96
f 56/92/97 57/93/98 53/81/99 55/80/100
f 1417/94/101 1420/95/102 1419/96/103 1418/97/104
f 2238/98/105 2248/99/106 2244/100/107 2241/101/108
f 1277/102/109 1273/103/110 1272/104/111 1276/105/112
f 1471/106/113 1467/107/114 1466/108/115 1470/109/116
f 1587/110/117 1589/111/118 1588/112/119 1584/113/120
f 2092/114/121 2095/115/122 2094/116/123 2093/117/124
f 3172/118/125 3173/119/126 3169/120/127 3171/16/128
f 76/121/129 79/122/130 77/123/131 78/124/132
f 86/125/133 82/126/134 79/122/135 76/121/136
f 3035/127/137 3030/128/138 3028/129/139 3034/130/140
f 82/126/141 85/131/142 84/132/143 83/133/144
f 79/122/145 81/134/146 80/135/147 77/123/148
f 82/126/149 83/133/150 81/134/151 79/122/152
f 141/136/153 143/137/154 142/138/155 140/139/156
f 806/10/157 807/140/158 805/141/159 799/11/160
f 2943/142/161 2947/143/162 2946/144/163 2945/145/164
f 1464/146/165 1466/108/166 1465/147/167 1461/148/168
f 45/149/169 47/150/170 46/151/171 44/152/172
f 69/153/173 71/154/174 70/155/175 68/156/176
f 102/157/177 103/158/178 100/159/179 101/160/180
f 110/161/181 111/162/182 103/158/183 102/157/184
f 3312/163/185 3313/164/186 3311/165/187 3309/166/188
f 2249/167/189 2246/168/190 2244/100/191 2248/99/192
f 3316/169/193 3312/163/194 3309/166/195 3306/170/196
f 3323/171/197 3325/172/198 3324/173/199 3322/174/200
f 3320/175/201 3321/176/202 3318/177/203 3319/178/204
f 163/6/205 165/179/206 164/180/207 161/7/208
f 1743/181/209 1745/182/210 1744/183/211 1741/184/212
f 3312/163/213 3315/185/214 3314/186/215 3313/164/216
f 3309/166/217 3311/165/218 3310/187/219 3307/188/220
f 3329/189/221 3327/190/222 3323/171/223 3321/176/224
f 126/191/225 127/192/226 124/193/227 125/194/228
f 126/191/229 135/195/230 130/196/231 127/192/232
f 3428/197/233 3429/198/234 3426/199/235 3427/200/236
f 130/196/237 133/201/238 132/202/239 131/203/240
f 3365/204/241 3362/205/242 3361/206/243 3364/207/244
f 130/196/245 131/203/246 128/208/247 127/192/248
f 2001/209/249 1997/210/250 1995/38/251 2003/211/252
f 112/212/253 123/213/254 122/214/255 115/215/256
f 3/216/257 4/217/258 1/218/259 2/219/260
f 3040/220/261 3041/221/262 3036/222/263 3039/223/264
f 1381/224/265 1382/225/266 1378/226/267 1375/227/268
f 116/228/269 119/229/270 118/230/271 117/231/272
f 150/232/273 151/233/274 148/234/275 149/235/276
f 154/236/277 155/237/278 151/233/279 150/232/280
f 155/237/281 154/236/282 159/238/283 158/239/284
f 155/237/285 158/239/286 157/240/287 156/241/288
f 1910/242/289 1907/51/290 1906/54/291 1909/243/292
f 155/237/293 156/241/294 152/244/295 151/233/296
f 3148/245/297 3153/246/298 3152/247/299 3151/248/300
f 136/249/301 147/250/302 146/251/303 139/252/304
f 2487/253/305 2489/254/306 2488/255/307 2485/256/308
f 2714/257/309 2715/258/310 2712/259/311 2713/260/312
f 1664/261/313 1665/262/314 1663/263/315 1662/264/316
f 2984/265/317 2985/266/318 2983/267/319 2980/268/320
f 189/269/321 190/270/322 187/271/323 188/272/324
f 193/273/325 194/274/326 190/270/327 189/269/328
f 2696/55/329 2697/58/330 2694/275/331 2695/276/332
f 1354/277/333 1356/278/334 1355/279/335 1352/280/336
f 1888/281/337 1891/282/338 1890/283/339 1889/284/340
f 184/285/341 185/286/342 181/287/343 180/288/344
f 186/289/345 182/290/346 181/287/347 185/286/348
f 590/291/349 591/292/350 586/293/351 589/294/352
f 169/295/353 172/296/354 170/297/355 171/298/356
f 169/295/357 177/299/358 176/300/359 172/296/360
f 2337/32/361 2339/301/362 2338/302/363 2335/303/364
f 35/304/365 36/305/366 32/49/367 31/34/368
f 3297/306/369 3299/307/370 3298/308/371 3294/309/372
f 160/5/373 168/310/374 167/311/375 163/6/376
f 1335/312/377 1336/313/378 1333/314/379 1334/315/380
f 163/6/381 167/311/382 166/316/383 165/179/384
f 208/317/385 211/318/386 209/319/387 210/320/388
f 208/317/389 219/321/390 218/322/391 211/318/392
f 212/323/393 213/324/394 209/319/395 211/318/396
f 2278/325/397 2275/326/398 2277/328/399 2279/2720/400
f 3111/329/401 3113/330/402 3112/331/403 3109/332/404
f 216/333/405 217/334/406 215/335/407 212/323/408
f 388/88/409 391/91/410 389/336/411 390/337/412
f 789/338/413 790/86/414 787/339/415 788/340/416
f 205/341/417 206/342/418 202/343/419 204/344/420
f 266/345/421 267/346/422 263/347/423 262/348/424
f 626/349/425 629/350/426 628/351/427 627/352/428
f 203/353/429 200/354/430 199/355/431 202/343/432
f 229/356/433 232/357/434 230/358/435 231/359/436
f 740/360/437 741/361/438 736/362/439 734/363/440
f 3293/364/441 3291/365/442 3288/366/443 3292/367/444
f 235/368/445 236/369/446 233/370/447 232/357/448
f 247/371/449 250/372/450 248/373/451 249/374/452
f 222/375/453 228/376/454 226/377/455 223/378/456
f 224/379/457 225/380/458 220/381/459 223/378/460
f 3374/382/461 3370/383/462 3369/384/463 3377/385/464
f 2340/31/465 2341/386/466 2339/301/467 2337/32/468
f 247/371/469 255/387/470 253/388/471 250/372/472
f 251/389/473 252/390/474 248/373/475 250/372/476
f 8/391/477 10/392/478 9/393/479 7/394/480
f 240/395/481 241/396/482 238/397/483 239/398/484
f 1909/243/485 1906/54/486 1902/399/487 1899/400/488
f 1797/401/489 1799/402/490 1798/403/491 1795/404/492
f 244/405/493 245/406/494 242/407/495 241/396/496
f 268/408/497 271/409/498 269/410/499 270/411/500
f 268/408/501 279/412/502 278/413/503 271/409/504
f 272/414/505 273/415/506 269/410/507 271/409/508
f 276/416/509 272/414/510 271/409/511 278/413/512
f 1770/417/513 1771/418/514 1769/419/515 1767/420/516
f 276/416/517 277/421/518 275/422/519 272/414/520
f 2678/423/521 2673/424/522 2671/425/523 2670/426/524
f 3071/427/525 3068/428/526 3067/429/527 3070/430/528
f 265/431/529 266/345/530 262/348/531 264/432/532
f 3180/433/533 3190/434/534 3187/435/535 3183/436/536
f 3165/437/537 3166/438/538 3162/439/539 3164/440/540
f 216/333/541 212/323/542 211/318/543 218/322/544
f 292/441/545 295/442/546 293/443/547 294/444/548
f 364/445/549 375/446/550 374/447/551 367/448/552
f 1361/449/553 1358/450/554 1354/277/555 1351/451/556
f 1175/452/557 1180/453/558 1179/454/559 1178/455/560
f 296/456/561 299/457/562 298/458/563 297/459/564
f 300/460/565 301/461/566 299/457/567 296/456/568
f 1848/462/569 1850/463/570 1849/464/571 1845/465/572
f 282/466/573 288/467/574 286/468/575 283/469/576
f 313/470/577 314/471/578 310/472/579 312/473/580
f 3158/474/581 3164/440/582 3162/439/583 3159/475/584
f 284/476/585 285/477/586 280/478/587 283/469/588
f 287/479/589 284/476/590 283/469/591 286/468/592
f 364/445/593 367/448/594 365/480/595 366/481/596
f 316/482/597 327/483/598 326/484/599 319/485/600
f 296/456/601 297/459/602 293/443/603 295/442/604
f 1053/486/605 1054/487/606 1051/488/607 1052/489/608
f 320/490/609 323/491/610 322/492/611 321/493/612
f 324/494/613 325/495/614 323/491/615 320/490/616
f 306/496/617 307/497/618 304/498/619 305/499/620
f 306/496/621 312/473/622 310/472/623 307/497/624
f 995/500/625 996/501/626 993/502/627 991/503/628
f 290/504/629 291/505/630 287/479/631 286/468/632
f 292/441/633 303/506/634 302/507/635 295/442/636
f 311/508/637 308/509/638 307/497/639 310/472/640
f 340/510/641 343/511/642 341/512/643 342/513/644
f 2055/514/645 2059/515/646 2058/516/647 2057/517/648
f 344/518/649 345/519/650 341/512/651 343/511/652
f 1861/520/653 1862/521/654 1858/522/655 1860/523/656
f 1256/524/657 1257/525/658 1252/526/659 1255/527/660
f 348/528/661 349/529/662 347/530/663 344/518/664
f 1301/531/665 1297/532/666 1294/533/667 1291/534/668
f 957/535/669 958/536/670 955/537/671 956/538/672
f 337/539/673 338/540/674 334/541/675 336/542/676
f 2943/142/677 2945/145/678 2944/543/679 2941/544/680
f 332/545/681 333/546/682 328/547/683 331/548/684
f 335/549/685 332/545/686 331/548/687 334/541/688
f 282/466/689 283/469/690 280/478/691 281/550/692
f 2974/551/693 2975/552/694 2971/553/695 2970/554/696
f 1911/555/697 1914/556/698 1912/557/699 1913/558/700
f 308/509/701 309/559/702 304/498/703 307/497/704
f 2048/560/705 2049/561/706 2043/562/707 2042/563/708
f 2266/564/709 2269/565/710 2268/566/711 2267/567/712
f 354/568/713 355/569/714 352/570/715 353/571/716
f 354/568/717 360/572/718 358/573/719 355/569/720
f 361/574/721 362/575/722 358/573/723 360/572/724
f 362/575/725 363/576/726 359/577/727 358/573/728
f 356/578/729 357/579/730 352/570/731 355/569/732
f 359/577/733 356/578/734 355/569/735 358/573/736
f 776/580/737 777/581/738 775/582/739 773/583/740
f 200/354/741 201/584/742 196/585/743 199/355/744
f 392/586/745 393/587/746 389/336/747 391/91/748
f 396/588/749 392/586/750 391/91/751 398/90/752
f 1929/589/753 1930/590/754 1927/591/755 1928/592/756
f 618/593/757 619/594/758 616/595/759 617/596/760
f 378/597/761 379/598/762 376/599/763 377/600/764
f 768/601/765 776/580/766 773/583/767 769/602/768
f 385/603/769 386/604/770 382/605/771 384/606/772
f 386/604/773 387/607/774 383/608/775 382/605/776
f 380/609/777 381/610/778 376/599/779 379/598/780
f 1919/611/781 1920/612/782 1917/613/783 1918/614/784
f 1458/615/785 1460/616/786 1459/617/787 1457/618/788
f 409/619/789 417/620/790 415/621/791 412/622/792
f 3092/623/793 3093/624/794 3090/625/795 3091/626/796
f 415/621/797 416/627/798 413/628/799 412/622/800
f 402/629/801 403/630/802 400/631/803 401/632/804
f 402/629/805 408/633/806 406/634/807 403/630/808
f 2933/635/809 2934/636/810 2931/637/811 2932/638/812
f 1017/639/813 1018/640/814 1015/641/815 1016/642/816
f 430/643/817 433/644/818 431/645/819 432/646/820
f 3417/647/821 3418/648/822 3414/649/823 3413/650/824
f 595/651/825 596/652/826 592/653/827 594/654/828
f 438/655/829 434/656/830 433/644/831 440/657/832
f 702/658/833 703/659/834 700/660/835 701/661/836
f 438/655/837 439/662/838 437/663/839 434/656/840
f 3554/664/841 3555/665/842 3552/666/843 3553/667/844
f 420/668/845 426/669/846 424/670/847 421/671/848
f 427/672/849 428/673/850 424/670/851 426/669/852
f 2976/674/853 2979/675/854 2977/676/855 2978/677/856
f 422/678/857 423/679/858 418/680/859 421/671/860
f 2042/563/861 2043/562/862 2040/681/863 2041/682/864
f 454/683/865 457/684/866 455/685/867 456/686/868
f 454/683/869 465/687/870 464/688/871 457/684/872
f 258/689/873 264/432/874 262/348/875 259/690/876
f 650/691/877 653/692/878 652/693/879 651/694/880
f 1495/695/881 1496/696/882 1488/697/883 1485/698/884
f 634/699/885 644/700/886 641/701/887 637/702/888
f 3224/703/889 3225/704/890 3221/705/891 3219/706/892
f 444/707/893 450/708/894 448/709/895 445/710/896
f 451/711/897 452/712/898 448/709/899 450/708/900
f 452/712/901 453/713/902 449/714/903 448/709/904
f 1997/210/905 2001/209/906 2000/715/907 1999/716/908
f 449/714/909 446/717/910 445/710/911 448/709/912
f 670/718/913 671/719/914 666/720/915 669/721/916
f 927/722/917 930/723/918 929/724/919 928/725/920
f 3413/650/921 3414/649/922 3411/726/923 3412/727/924
f 482/728/925 487/729/926 486/730/927 485/731/928
f 482/728/929 483/732/930 478/733/931 481/734/932
f 485/731/933 484/735/934 483/732/935 482/728/936
f 466/736/937 469/737/938 467/738/939 468/739/940
f 2745/740/941 2740/741/942 2739/742/943 2744/743/944
f 2229/62/945 2231/61/946 2230/744/947 2227/745/948
f 172/296/949 174/746/950 173/747/951 170/297/952
f 469/737/953 471/748/954 470/749/955 467/738/956
f 469/737/957 473/750/958 472/751/959 471/748/960
f 502/752/961 505/753/962 503/754/963 504/755/964
f 512/757/965 505/753/966 502/752/967 513/782/968
f 494/759/969 495/760/970 490/758/971 493/764/972
f 396/588/973 397/761/974 395/762/975 392/586/976
f 493/764/977 496/765/978 497/763/979 494/759/980
f 496/765/981 498/766/982 499/767/983
f 496/765/984 499/767/985 500/768/986
f 497/763/987 496/765/988 500/768/989 501/769/990
f 116/228/991 121/770/992 120/771/993 119/229/994
f 492/772/995 498/766/996 496/765/997 493/764/998
f 506/773/999 508/774/1000 507/775/1001
f 506/773/1002 509/776/1003 508/774/1004
f 509/776/1005 506/773/1006 510/756/1007 511/777/1008
f 554/778/1009 555/779/1010 551/780/1011 553/781/1012
f 528/783/1013 529/784/1014 526/785/1015 527/786/1016
f 536/787/1017 537/788/1018 529/784/1019 528/783/1020
f 535/789/1021 530/790/1022 529/784/1023 537/788/1024
f 1754/791/1025 1755/792/1026 1752/793/1027 1753/794/1028
f 530/790/1029 531/795/1030 526/785/1031 529/784/1032
f 383/608/1033 380/609/1034 379/598/1035 382/605/1036
f 545/796/1037 542/797/1038 541/798/1039 544/799/1040
f 1450/800/1041 1452/801/1042 1451/802/1043 1449/803/1044
f 523/804/1045 521/805/1046 524/806/1047 525/807/1048
f 523/804/1049 522/808/1050 520/809/1051 521/805/1052
f 2984/265/1053 2980/268/1054 2979/675/1055 2986/810/1056
f 1318/26/1057 1320/811/1058 1319/812/1059 1316/27/1060
f 550/813/1061 553/781/1062 551/780/1063 552/814/1064
f 550/813/1065 561/815/1066 560/816/1067 553/781/1068
f 480/817/1069 481/734/1070 478/733/1071 479/818/1072
f 558/819/1073 554/778/1074 553/781/1075 560/816/1076
f 2640/820/1077 2650/821/1078 2646/822/1079 2643/823/1080
f 558/819/1081 559/824/1082 557/825/1083 554/778/1084
f 1448/826/1085 1450/800/1086 1449/803/1087 1447/827/1088
f 540/828/1089 546/829/1090 544/799/1091 541/798/1092
f 547/830/1093 548/831/1094 544/799/1095 546/829/1096
f 434/656/1097 437/663/1098 436/832/1099 435/833/1100
f 180/288/1101 181/287/1102 178/834/1103 179/835/1104
f 2692/836/1105 2689/837/1106 2685/838/1107 2684/839/1108
f 574/840/1109 577/841/1110 575/842/1111 576/843/1112
f 574/840/1113 585/844/1114 584/845/1115 577/841/1116
f 578/846/1117 579/847/1118 575/842/1119 577/841/1120
f 1107/848/1121 1115/849/1122 1112/850/1123 1108/851/1124
f 708/852/1125 709/853/1126 703/659/1127 702/658/1128
f 578/846/1129 581/854/1130 580/855/1131 579/847/1132
f 2734/856/1133 2730/857/1134 2727/858/1135 2724/859/1136
f 780/860/1137 786/861/1138 785/862/1139 781/863/1140
f 548/831/1141 549/864/1142 545/796/1143 544/799/1144
f 570/865/1145 571/866/1146 569/867/1147 568/868/1148
f 2966/869/1149 2972/870/1150 2970/554/1151 2967/871/1152
f 568/868/1153 569/867/1154 566/872/1155 565/873/1156
f 598/874/1157 601/875/1158 599/876/1159 600/877/1160
f 598/874/1161 609/878/1162 608/879/1163 601/875/1164
f 3305/880/1165 3303/881/1166 3299/307/1167 3297/306/1168
f 606/882/1169 602/883/1170 601/875/1171 608/879/1172
f 602/883/1173 605/884/1174 604/885/1175 603/886/1176
f 3176/887/1177 3177/888/1178 3175/889/1179 3172/118/1180
f 1957/890/1181 1958/891/1182 1950/892/1183 1947/893/1184
f 588/894/1185 594/654/1186 592/653/1187 589/294/1188
f 2357/895/1189 2354/896/1190 2352/897/1191 2356/898/1192
f 596/652/1193 597/899/1194 593/900/1195 592/653/1196
f 1326/901/1197 1323/902/1198 1321/903/1199 1325/904/1200
f 2132/905/1201 2133/906/1202 2131/907/1203 2130/908/1204
f 2217/909/1205 2219/910/1206 2218/911/1207 2214/912/1208
f 773/583/1209 775/582/1210 774/913/1211 772/914/1212
f 630/915/1213 626/349/1214 625/916/1215 633/917/1216
f 630/915/1217 631/918/1218 629/350/1219 626/349/1220
f 3528/919/1221 3532/920/1222 3531/921/1223 3530/922/1224
f 1562/923/1225 1571/924/1226 1568/925/1227 1563/926/1228
f 610/927/1229 613/928/1230 611/929/1231 612/930/1232
f 610/927/1233 620/931/1234 617/596/1235 613/928/1236
f 621/932/1237 618/593/1238 617/596/1239 620/931/1240
f 324/494/1241 320/490/1242 319/485/1243 326/484/1244
f 613/928/1245 615/933/1246 614/934/1247 611/929/1248
f 669/721/1249 666/720/1250 664/935/1251 668/936/1252
f 3474/937/1253 3478/939/1254 3477/940/1255 3476/3007/1256
f 368/941/1257 369/942/1258 365/480/1259 367/448/1260
f 654/943/1261 650/691/1262 649/944/1263 657/945/1264
f 654/943/1265 655/946/1266 653/692/1267 650/691/1268
f 650/691/1269 651/694/1270 646/947/1271 649/944/1272
f 656/948/1273 657/945/1274 649/944/1275 648/949/1276
f 634/699/1277 637/702/1278 635/950/1279 636/951/1280
f 1941/952/1281 1946/953/1282 1944/954/1283 1942/955/1284
f 645/956/1285 642/957/1286 641/701/1287 644/700/1288
f 1365/958/1289 1366/959/1290 1363/960/1291 1364/961/1292
f 637/702/1293 639/962/1294 638/963/1295 635/950/1296
f 1697/964/1297 1694/965/1298 1692/966/1299 1696/967/1300
f 675/968/1301 676/969/1302 673/970/1303 674/971/1304
f 683/972/1305 684/973/1306 676/969/1307 675/968/1308
f 684/973/1309 685/974/1310 677/975/1311 676/969/1312
f 2334/29/1313 2337/32/1314 2335/303/1315 2336/976/1316
f 1276/105/1317 1272/104/1318 1270/977/1319 1275/978/1320
f 677/975/1321 680/979/1322 679/980/1323 678/981/1324
f 680/979/1325 682/982/1326 681/983/1327 679/980/1328
f 686/984/1329 687/985/1330 682/982/1331 680/979/1332
f 1215/986/1333 1216/987/1334 1214/988/1335 1213/989/1336
f 658/990/1337 668/936/1338 664/935/1339 661/991/1340
f 2810/992/1341 2811/993/1342 2808/994/1343 2809/995/1344
f 731/996/1345 732/997/1346 727/998/1347 730/999/1348
f 258/689/1349 259/690/1350 256/1000/1351 257/1001/1352
f 3592/1002/1353 3593/1003/1354 3589/1004/1355 3591/1005/1356
f 666/720/1357 667/1006/1358 665/1007/1359 664/935/1360
f 2484/1008/1361 2487/253/1362 2485/256/1363 2486/1009/1364
f 2370/1010/1365 2373/1011/1366 2371/1012/1367 2372/1013/1368
f 2188/1014/1369 2184/1015/1370 2181/1016/1371 2178/1017/1372
f 338/540/1373 339/1018/1374 335/549/1375 334/541/1376
f 710/1019/1377 711/1020/1378 706/1021/1379 704/1022/1380
f 704/1022/1381 705/1023/1382 700/660/1383 703/659/1384
f 706/1021/1385 707/1024/1386 705/1023/1387 704/1022/1388
f 688/1025/1389 691/1026/1390 689/1027/1391 690/1028/1392
f 626/349/1393 627/352/1394 622/1029/1395 625/916/1396
f 1542/1030/1397 1543/1031/1398 1540/1032/1399 1541/1033/1400
f 691/1026/1401 693/1034/1402 692/1035/1403 689/1027/1404
f 691/1026/1405 695/1036/1406 694/1037/1407 693/1034/1408
f 2630/1038/1409 2631/1039/1410 2628/1040/1411 2629/1041/1412
f 729/1042/1413 730/999/1414 727/998/1415 728/1043/1416
f 2927/1044/1417 2928/1045/1418 2925/1046/1419 2926/1047/1420
f 738/1048/1421 739/1049/1422 731/996/1423 730/999/1424
f 739/1049/1425 740/360/1426 734/363/1427 731/996/1428
f 1405/1050/1429 1406/1051/1430 1403/1052/1431 1404/1053/1432
f 871/1054/1433 873/1055/1434 872/1056/1435 868/1057/1436
f 734/363/1437 736/362/1438 735/1058/1439 733/1059/1440
f 3392/1060/1441 3393/1061/1442 3390/1062/1443 3391/1063/1444
f 1709/1064/1445 1710/1065/1446 1707/1066/1447 1708/1067/1448
f 712/1068/1449 722/1069/1450 718/1070/1451 715/1071/1452
f 723/1072/1453 720/1073/1454 718/1070/1455 722/1069/1456
f 1558/1074/1457 1556/1075/1458 1555/1076/1459 1557/1077/1460
f 715/1071/1461 717/1078/1462 716/1079/1463 713/1080/1464
f 2877/1081/1465 2880/1082/1466 2878/1083/1467 2879/1084/1468
f 1146/1085/1469 1147/1086/1470 1144/1087/1471 1145/1088/1472
f 725/1089/1473 726/1090/1474 721/1091/1475 720/1073/1476
f 844/1092/1477 849/1093/1478 846/1094/1479 845/1095/1480
f 3528/919/1481 3530/922/1482 3529/1096/1483 3525/1097/1484
f 1825/1098/1485 1826/1099/1486 1822/1100/1487 1824/1101/1488
f 1024/1102/1489 1025/1103/1490 1022/1104/1491 1021/1105/1492
f 1093/1106/1493 1096/1107/1494 1094/1108/1495 1095/1109/1496
f 1764/1110/1497 1767/420/1498 1765/1111/1499 1766/1112/1500
f 744/1113/1501 745/1114/1502 742/1115/1503 743/1116/1504
f 1892/1117/1505 1893/1118/1506 1890/283/1507 1891/282/1508
f 1180/453/1509 1175/452/1510 1174/1119/1511 1182/1120/1512
f 2060/1121/1513 2061/1122/1514 2058/516/1515 2059/515/1516
f 745/1114/1517 747/1123/1518 746/1124/1519 742/1115/1520
f 1170/1125/1521 1168/1126/1522 1166/1127/1523 1169/1128/1524
f 2318/1129/1525 2319/1130/1526 2316/1131/1527 2317/1132/1528
f 863/1133/1529 864/1134/1530 859/1135/1531 862/1136/1532
f 2990/1137/1533 2991/1138/1534 2988/1139/1535 2989/1140/1536
f 1675/1141/1537 1678/1142/1538 1677/1143/1539 1676/1144/1540
f 2499/1145/1541 2498/1146/1542 2503/1147/1543 2502/1148/1544
f 2020/1149/1545 2021/1150/1546 2016/1151/1547 2019/1152/1548
f 859/1135/1549 864/1134/1550 861/1153/1551 860/1154/1552
f 3393/1061/1553 3395/1155/1554 3394/1156/1555 3390/1062/1556
f 61/1157/1557 62/1158/1558 59/84/1559 58/83/1560
f 1825/1098/1561 1830/1159/1562 1829/1160/1563 1828/1161/1564
f 3562/1162/1565 3560/1163/1566 3557/1164/1567 3555/665/1568
f 1640/1165/1569 1641/1166/1570 1635/1167/1571 1634/1168/1572
f 2877/1081/1573 2885/1169/1574 2884/1170/1575 2880/1082/1576
f 2940/1171/1577 2950/1172/1578 2947/143/1579 2943/142/1580
f 781/863/1581 785/862/1582 784/1173/1583 783/1174/1584
f 1716/1175/1585 1719/1176/1586 1717/1177/1587 1718/1178/1588
f 172/296/1589 176/300/1590 175/1179/1591 174/746/1592
f 1947/893/1593 1950/892/1594 1948/1180/1595 1949/1181/1596
f 818/1182/1597 819/1183/1598 817/1184/1599 811/1185/1600
f 3575/1186/1601 3573/1187/1602 3571/1188/1603 3570/1189/1604
f 3146/1190/1605 3147/1191/1606 3144/1192/1607 3145/1193/1608
f 1479/1194/1609 1484/1195/1610 1482/1196/1611 1480/1197/1612
f 1194/1198/1613 1191/1199/1614 1190/1200/1615 1193/1201/1616
f 2487/253/1617 2491/1202/1618 2490/1203/1619 2489/254/1620
f 764/1204/1621 765/1205/1622 757/1206/1623 754/1207/1624
f 1483/1208/1625 1481/1209/1626 1480/1197/1627 1482/1196/1628
f 862/1136/1629 859/1135/1630 856/1210/1631 855/1211/1632
f 2722/1212/1633 2723/1213/1634 2715/258/1635 2714/257/1636
f 1988/1214/1637 1985/1215/1638 1984/1216/1639 1987/1217/1640
f 136/249/1641 139/252/1642 137/1218/1643 138/1219/1644
f 18/1220/1645 27/1221/1646 26/1222/1647 19/1223/1648
f 1589/111/1649 1591/1224/1650 1590/1225/1651 1588/112/1652
f 112/212/1653 115/215/1654 113/1226/1655 114/1227/1656
f 2354/896/1657 2355/1228/1658 2353/1229/1659 2352/897/1660
f 2046/1230/1661 2047/1231/1662 2045/1232/1663 2044/1233/1664
f 831/1234/1665 832/1235/1666 830/1236/1667 829/1237/1668
f 1806/1238/1669 1808/1239/1670 1807/1240/1671 1803/1241/1672
f 139/252/1673 141/136/1674 140/139/1675 137/1218/1676
f 12/1242/1677 6/1243/1678 4/217/1679 11/1244/1680
f 1851/1245/1681 1852/1246/1682 1849/464/1683 1850/463/1684
f 1821/1247/1685 1824/1101/1686 1822/1100/1687 1823/1248/1688
f 1959/66/1689 1952/65/1690 1950/892/1691 1958/891/1692
f 2135/1249/1693 2138/1250/1694 2136/1251/1695 2132/905/1696
f 3336/1252/1697 3337/1253/1698 3335/1254/1699 3333/1255/1700
f 43/1256/1701 45/149/1702 44/152/1703 40/1257/1704
f 2788/1258/1705 2789/1259/1706 2784/1260/1707 2787/1261/1708
f 2495/1262/1709 2492/1263/1710 2491/1202/1711 2494/1264/1712
f 1369/1265/1713 1370/1266/1714 1367/1267/1715 1368/1268/1716
f 24/1269/1717 25/1270/1718 23/1271/1719 21/1272/1720
f 874/1273/1721 879/1274/1722 876/1275/1723 875/1276/1724
f 1435/1277/1725 1436/1278/1726 1433/1279/1727 1434/1280/1728
f 1224/1281/1729 1225/1282/1730 1222/1283/1731 1223/1284/1732
f 1983/1285/1733 1984/1216/1734 1980/1286/1735 1977/1287/1736
f 2469/1288/1737 2473/1289/1738 2472/1290/1739 2471/1291/1740
f 813/1292/1741 818/1182/1742 811/1185/1743 812/1293/1744
f 3111/329/1745 3115/1294/1746 3114/1295/1747 3113/330/1748
f 878/1296/1749 879/1274/1750 874/1273/1751 877/1297/1752
f 2769/1298/1753 2770/1299/1754 2766/1300/1755 2764/1301/1756
f 3225/704/1757 3226/1302/1758 3222/1303/1759 3221/705/1760
f 2097/1304/1761 2092/114/1762 2091/1305/1763 2098/1306/1764
f 624/1307/1765 625/916/1766 622/1029/1767 623/1308/1768
f 1387/1309/1769 1390/1310/1770 1388/1311/1771 1389/1312/1772
f 890/1314/1773 891/1315/1774 889/1313/1775 892/1316/1776
f 893/1317/1777 890/1314/1778 892/1316/1779 894/1318/1780
f 896/1320/1781 897/1321/1782 895/1319/1783 898/1322/1784
f 899/1323/1785 896/1320/1786 898/1322/1787 900/1324/1788
f 3457/1325/1789 3454/1326/1790 3456/1328/1791 3458/3521/1792
f 1113/1329/1793 1114/1330/1794 1111/1331/1795 1112/850/1796
f 588/894/1797 589/294/1798 586/293/1799 587/1332/1800
f 462/1333/1801 458/1334/1802 457/684/1803 464/688/1804
f 913/1335/1805 914/1336/1806 915/1337/1807 916/1338/1808
f 913/1335/1809 916/1338/1810 917/1339/1811 918/1340/1812
f 919/1341/1813 920/1342/1814 921/1343/1815 922/1344/1816
f 923/1345/1817 922/1344/1818 921/1343/1819 924/1346/1820
f 1552/1347/1821 1553/1348/1822 1549/1349/1823 1551/1350/1824
f 3269/1351/1825 3266/1352/1826 3264/1353/1827 3268/1354/1828
f 2376/1355/1829 2377/1356/1830 2375/1357/1831 2373/1011/1832
f 2937/1358/1833 2938/1359/1834 2932/638/1835 2929/1360/1836
f 737/1361/1837 738/1048/1838 730/999/1839 729/1042/1840
f 938/1363/1841 940/1364/1842 941/1362/1843 942/1365/1844
f 2264/1366/1845 2265/1367/1846 2262/1368/1847 2263/1369/1848
f 947/1371/1849 944/1372/1850 946/1370/1851 948/1373/1852
f 584/845/1853 582/1374/1854 578/846/1855 577/841/1856
f 1175/452/1857 1176/1375/1858 1172/1376/1859 1174/1119/1860
f 1226/1377/1861 1227/1378/1862 1222/1283/1863 1225/1282/1864
f 3509/1379/1865 3510/1380/1866 3507/1381/1867 3508/1382/1868
f 962/1384/1869 963/1385/1870 961/1383/1871 964/1386/1872
f 965/1387/1873 964/1386/1874 961/1383/1875 966/1388/1876
f 968/1390/1877 969/1391/1878 967/1389/1879 970/1392/1880
f 968/1390/1881 970/1392/1882 971/1393/1883 972/1394/1884
f 973/1395/1885 974/1396/1886 975/1397/1887 976/1398/1888
f 1143/1399/1889 1138/1400/1890 1137/1401/1891 1142/1402/1892
f 979/1403/1893 980/1404/1894 981/1405/1895 982/1406/1896
f 976/1398/1897 978/1407/1898 977/1408/1899 973/1395/1900
f 986/1410/1901 987/1411/1902 985/1409/1903 988/1412/1904
f 989/1413/1905 986/1410/1906 988/1412/1907 990/1414/1908
f 990/1414/1909 988/1412/1910 991/503/1911 992/1415/1912
f 2332/1416/1913 2333/1417/1914 2325/1418/1915 2322/1419/1916
f 1000/1420/1917 1002/1421/1918 1001/1422/1919 997/1423/1920
f 1003/1424/1921 1004/1425/1922 1001/1422/1923 1002/1421/1924
f 997/1423/1925 998/1426/1926 999/1427/1927 1000/1420/1928
f 658/990/1929 661/991/1930 659/1428/1931 660/1429/1932
f 648/949/1933 649/944/1934 646/947/1935 647/1430/1936
f 1000/1420/1937 999/1427/1938 1005/1431/1939 1006/1432/1940
f 1002/1421/1941 1000/1420/1942 1006/1432/1943 1007/1433/1944
f 993/502/1945 994/1434/1946 992/1415/1947 991/503/1948
f 834/1435/1949 831/1234/1950 829/1237/1951 833/1436/1952
f 829/1237/1953 830/1236/1954 828/1437/1955 826/1438/1956
f 1806/1238/1957 1810/47/1958 1809/1439/1959 1808/1239/1960
f 2907/1440/1961 2908/1441/1962 2906/1442/1963 2905/1443/1964
f 3024/1444/1965 3027/1445/1966 3025/1446/1967 3026/1447/1968
f 2378/1448/1969 2379/1449/1970 2377/1356/1971 2376/1355/1972
f 1021/1105/1973 1022/1104/1974 1023/1450/1975
f 1035/1451/1976 1039/1452/1977 1036/1453/1978 1033/1454/1979
f 1037/1455/1980 1036/1453/1981 1040/1456/1982
f 1025/1103/1983 1026/1457/1984 1027/1458/1985 1028/1459/1986
f 1029/1460/1987 1024/1102/1988 1021/1105/1989
f 1029/1460/1990 1030/1461/1991 1026/1457/1992
f 1031/1462/1993 1026/1457/1994 1030/1461/1995
f 1031/1462/1996 1027/1458/1997 1026/1457/1998
f 1029/1460/1999 1021/1105/2000 1032/1463/2001
f 1033/1454/2002 1034/1464/2003 1035/1451/2004
f 316/482/2005 319/485/2006 317/1465/2007 318/1466/2008
f 1037/1455/2009 1033/1454/2010 1036/1453/2011
f 1037/1455/2012 1038/1467/2013 1033/1454/2014
f 3535/1470/2015 3537/1471/2016 3538/1469/2017 3539/3564/2018
f 1037/1455/2019 1040/1456/2020 1041/1472/2021
f 1042/1473/2022 1041/1472/2023 1040/1456/2024
f 1042/1473/2025 1040/1456/2026 1043/1474/2027
f 1043/1474/2028 1040/1456/2029 1039/1452/2030 1044/1475/2031
f 1045/1476/2032 1046/1477/2033 1047/1478/2034
f 1045/1476/2035 1047/1478/2036 1048/1479/2037
f 1048/1479/2038 1049/1480/2039 1045/1476/2040
f 1048/1479/2041 1050/1481/2042 1049/1480/2043
f 1051/488/2044 1050/1481/2045 1048/1479/2046
f 1065/1482/2047 1061/1483/2048 1058/1484/2049 1060/1485/2050
f 1065/1482/2051 1066/1486/2052 1064/1487/2053 1061/1483/2054
f 1052/489/2055 1047/1478/2056 1055/1488/2057
f 613/928/2058 617/596/2059 616/595/2060 615/933/2061
f 1057/1489/2062 1058/1484/2063 1059/1490/2064
f 1057/1489/2065 1060/1485/2066 1058/1484/2067
f 2116/1491/2068 2117/1492/2069 2112/1493/2070 2115/1494/2071
f 1061/1483/2072 1062/1495/2073 1058/1484/2074
f 1080/1496/2075 1077/1497/2076 1076/1498/2077 1079/1499/2078
f 300/460/2079 296/456/2080 295/442/2081 302/507/2082
f 1060/1485/2083 1057/1489/2084 1067/1500/2085
f 1060/1485/2086 1067/1500/2087 1068/1501/2088
f 1065/1482/2089 1060/1485/2090 1068/1501/2091
f 1069/1502/2092 1070/1503/2093 1071/1504/2094
f 1069/1502/2095 1071/1504/2096 1072/1505/2097
f 1072/1505/2098 1073/1506/2099 1069/1502/2100
f 1072/1505/2101 1074/1507/2102 1073/1506/2103
f 1075/1508/2104 1074/1507/2105 1072/1505/2106
f 1089/1509/2107 1085/1510/2108 1082/1511/2109 1084/1512/2110
f 606/882/2111 607/1513/2112 605/884/2113 602/883/2114
f 1076/1498/2115 1071/1504/2116 1079/1499/2117
f 1085/1510/2118 1088/1514/2119 1087/1515/2120 1086/1516/2121
f 1081/1517/2122 1082/1511/2123 1083/1518/2124
f 1081/1517/2125 1084/1512/2126 1082/1511/2127
f 1085/1510/2128 1086/1516/2129 1082/1511/2130
f 1056/1519/2131 1053/486/2132 1052/489/2133 1055/1488/2134
f 1077/1497/2135 1078/1520/2136 1075/1508/2137 1076/1498/2138
f 1084/1512/2139 1081/1517/2140 1091/1521/2141
f 1084/1512/2142 1091/1521/2143 1092/1522/2144
f 1089/1509/2145 1084/1512/2146 1092/1522/2147
f 3516/1523/2148 3519/1524/2149 3517/1525/2150 3518/1526/2151
f 3554/664/2152 3563/1527/2153 3562/1162/2154 3555/665/2155
f 2790/1528/2156 2791/1529/2157 2787/1261/2158 2786/1530/2159
f 855/1211/2160 856/1210/2161 853/1531/2162 854/1532/2163
f 1101/1533/2164 1102/1534/2165 1099/1535/2166 1100/1536/2167
f 3299/307/2168 3303/881/2169 3302/1537/2170 3301/1538/2171
f 1105/1539/2172 1106/1540/2173 1107/848/2174 1108/851/2175
f 1108/851/2176 1109/1541/2177 1105/1539/2178
f 1108/851/2179 1110/1542/2180 1109/1541/2181
f 1111/1331/2182 1110/1542/2183 1108/851/2184
f 1111/1331/2185 1108/851/2186 1112/850/2187
f 2600/1543/2188 2601/1544/2189 2598/1545/2190 2599/1546/2191
f 1121/1547/2192 1122/1548/2193 1118/1549/2194 1120/1550/2195
f 1896/1551/2196 1897/1552/2197 1891/282/2198 1888/281/2199
f 1118/1549/2200 1119/1554/2201 1117/1553/2202 1120/1550/2203
f 1989/1557/2204 1987/1217/2205 1986/1556/2206 1991/2490/2207
f 2608/1558/2208 2611/1559/2209 2610/1560/2210 2609/1561/2211
f 1689/1562/2212 1691/1563/2213 1690/1564/2214 1687/1565/2215
f 1120/1550/2216 1117/1553/2217 1127/1566/2218
f 1120/1550/2219 1127/1566/2220 1128/1567/2221
f 1125/1568/2222 1120/1550/2223 1128/1567/2224
f 1125/1568/2225 1121/1547/2226 1120/1550/2227
f 632/1569/2228 633/917/2229 625/916/2230 624/1307/2231
f 2643/823/2232 2645/1570/2233 2644/1571/2234 2641/1572/2235
f 1134/1573/2236 1132/1574/2237 1135/1575/2238
f 1134/1573/2239 1135/1575/2240 1136/1576/2241
f 1137/1401/2242 1136/1576/2243 1135/1575/2244
f 1137/1401/2245 1138/1400/2246 1136/1576/2247
f 1148/1577/2248 1149/1578/2249 1144/1087/2250 1147/1086/2251
f 1139/1579/2252 1137/1401/2253 1135/1575/2254
f 1139/1579/2255 1140/1580/2256 1137/1401/2257
f 1137/1401/2258 1140/1580/2259 1141/1581/2260
f 1137/1401/2261 1141/1581/2262 1142/1402/2263
f 2654/1582/2264 2649/1583/2265 2648/1584/2266 2653/1585/2267
f 1129/1586/2268 1132/1574/2269 1130/1587/2270 1131/1588/2271
f 3434/1589/2272 3435/77/2273 3432/1590/2274 3433/1591/2275
f 1149/1578/2276 1148/1577/2277 1150/1592/2278
f 1149/1578/2279 1150/1592/2280 1151/1593/2281
f 1150/1592/2282 1152/1594/2283 1151/1593/2284
f 1150/1592/2285 1153/1595/2286 1152/1594/2287
f 1797/401/2288 1801/1596/2289 1800/1597/2290 1799/402/2291
f 1155/1598/2292 1148/1577/2293 1147/1086/2294
f 1155/1598/2295 1156/1599/2296 1148/1577/2297
f 1150/1592/2298 1148/1577/2299 1156/1599/2300
f 1150/1592/2301 1156/1599/2302 1157/1600/2303
f 1279/1601/2304 1282/1602/2305 1280/1603/2306 1281/1604/2307
f 1159/1605/2308 1160/1606/2309 1161/1607/2310
f 1159/1605/2311 1161/1607/2312 1162/1608/2313
f 1162/1608/2314 1163/1609/2315 1159/1605/2316
f 1162/1608/2317 1164/1610/2318 1163/1609/2319
f 3520/1611/2320 3521/1612/2321 3517/1525/2322 3519/1524/2323
f 2622/1613/2324 2623/1614/2325 2621/1615/2326 2619/1616/2327
f 3245/1617/2328 3246/1618/2329 3243/1619/2330 3244/1620/2331
f 1175/452/2332 1178/455/2333 1177/1621/2334 1176/1375/2335
f 1171/1622/2336 1172/1376/2337 1173/1623/2338
f 1171/1622/2339 1174/1119/2340 1172/1376/2341
f 1161/1607/2342 1169/1128/2343 1166/1127/2344 1162/1608/2345
f 1682/1624/2346 1683/1625/2347 1675/1141/2348 1674/1626/2349
f 1166/1127/2350 1168/1126/2351 1167/1627/2352 1165/1628/2353
f 1174/1119/2354 1171/1622/2355 1181/1629/2356
f 1174/1119/2357 1181/1629/2358 1182/1120/2359
f 1162/1608/2360 1166/1127/2361 1165/1628/2362 1164/1610/2363
f 1197/1630/2364 1198/1631/2365 1195/1632/2366 1196/1633/2367
f 1205/1634/2368 1206/1635/2369 1198/1631/2370 1197/1630/2371
f 1203/1636/2372 1200/1637/2373 1198/1631/2374 1206/1635/2375
f 1203/1636/2376 1204/1638/2377 1202/1639/2378 1200/1637/2379
f 1198/1631/2380 1200/1637/2381 1199/1640/2382 1195/1632/2383
f 1200/1637/2384 1202/1639/2385 1201/1641/2386 1199/1640/2387
f 1647/1642/2388 1651/1643/2389 1650/1644/2390 1649/1645/2391
f 754/1207/2392 757/1206/2393 755/1646/2394 756/1647/2395
f 1812/48/2396 1810/47/2397 1806/1238/2398 1805/1648/2399
f 3370/383/2400 3371/1649/2401 3366/1650/2402 3369/384/2403
f 1533/1651/2404 1528/1652/2405 1526/1653/2406 1532/1654/2407
f 811/1185/2408 815/1655/2409 814/1656/2410 812/1293/2411
f 867/1657/2412 865/1658/2413 864/1134/2414 863/1133/2415
f 566/872/2416 567/1659/2417 562/1660/2418 565/873/2419
f 959/1661/2420 960/1662/2421 958/536/2422 957/535/2423
f 1234/1663/2424 1235/1664/2425 1228/1665/2426 1226/1377/2427
f 688/1025/2428 698/1666/2429 695/1036/2430 691/1026/2431
f 1228/1665/2432 1229/1667/2433 1227/1378/2434 1226/1377/2435
f 1215/986/2436 1218/1668/2437 1219/1669/2438
f 1215/986/2439 1219/1669/2440 1220/1670/2441
f 1236/1671/2442 1231/1672/2443 1228/1665/2444 1235/1664/2445
f 927/722/2446 928/725/2447 925/1673/2448 926/1674/2449
f 1207/1675/2450 1217/1676/2451 1213/989/2452 1210/1677/2453
f 330/1678/2454 336/542/2455 334/541/2456 331/548/2457
f 1228/1665/2458 1230/1679/2459 1229/1667/2460
f 1228/1665/2461 1231/1672/2462 1230/1679/2463
f 1210/1677/2464 1212/1680/2465 1211/1681/2466 1208/1682/2467
f 1213/989/2468 1214/988/2469 1212/1680/2470 1210/1677/2471
f 573/1683/2472 570/865/2473 568/868/2474 572/1684/2475
f 983/1685/2476 984/1686/2477 982/1406/2478 981/1405/2479
f 1254/1687/2480 1255/527/2481 1252/526/2482 1253/1688/2483
f 564/1689/2484 572/1684/2485 568/868/2486 565/873/2487
f 1263/1690/2488 1264/1691/2489 1256/524/2490 1255/527/2491
f 2935/1692/2492 2936/1693/2493 2928/1045/2494 2927/1044/2495
f 2685/838/2496 2689/837/2497 2688/1694/2498 2687/1695/2499
f 885/1696/2500 886/1697/2501 883/1698/2502 884/1699/2503
f 1245/1700/2504 1248/1701/2505 1249/1702/2506 1250/1703/2507
f 3183/436/2508 3185/1704/2509 3184/1705/2510 3181/1706/2511
f 1048/1479/2512 1047/1478/2513 1052/489/2514 1051/488/2515
f 1237/1707/2516 1247/1708/2517 1243/1709/2518 1240/1710/2519
f 1247/1708/2520 1248/1701/2521 1245/1700/2522 1243/1709/2523
f 1260/1712/2524 1259/1713/2525 1258/1711/2526 1261/1714/2527
f 1240/1710/2528 1242/1715/2529 1241/1716/2530 1238/1717/2531
f 1217/1676/2532 1218/1668/2533 1215/986/2534 1213/989/2535
f 1245/1700/2536 1246/1718/2537 1244/1719/2538 1243/1709/2539
f 1251/1720/2540 1246/1718/2541 1245/1700/2542 1250/1703/2543
f 1024/1102/2544 1026/1457/2545 1025/1103/2546
f 3160/1721/2547 3161/1722/2548 3156/1723/2549 3159/475/2550
f 3076/1724/2551 3077/1725/2552 3072/1726/2553 3075/1727/2554
f 1275/978/2555 1270/977/2556 1269/1728/2557 1278/1734/2558
f 1287/1729/2559 1283/1730/2560 1282/1602/2561 1286/1731/2562
f 1289/1732/2563 1287/1729/2564 1286/1731/2565 1288/1733/2566
f 1269/1728/2567 1270/977/2568 1267/1735/2569 1268/1736/2570
f 1280/1603/2571 1282/1602/2572 1283/1730/2573 1284/1737/2574
f 1270/977/2575 1272/104/2576 1271/1738/2577 1267/1735/2578
f 3056/1739/2579 3057/1740/2580 3055/1741/2581 3052/1742/2582
f 3080/1743/2583 3081/1744/2584 3079/1745/2585 3076/1724/2586
f 2727/858/2587 2729/1746/2588 2728/1747/2589 2725/1748/2590
f 1292/1749/2591 1293/1750/2592 1291/534/2593 1294/533/2594
f 1295/1751/2595 1292/1749/2596 1294/533/2597 1296/1752/2598
f 1264/1691/2599 1265/1753/2600 1258/1711/2601 1256/524/2602
f 2971/553/2603 2968/1754/2604 2964/1755/2605 2967/871/2606
f 1306/1756/2607 1308/1757/2608 1307/1758/2609 1303/1759/2610
f 1309/1760/2611 1310/1761/2612 1307/1758/2613 1308/1757/2614
f 1303/1759/2615 1304/1762/2616 1305/1763/2617 1306/1756/2618
f 2120/1764/2619 2121/1765/2620 2115/1494/2621 2114/1766/2622
f 931/1767/2623 934/1768/2624 932/1769/2625 933/1770/2626
f 1306/1756/2627 1305/1763/2628 1311/1771/2629 1312/1772/2630
f 1297/532/2631 1298/1773/2632 1296/1752/2633 1294/533/2634
f 1299/1774/2635 1300/1775/2636 1298/1773/2637 1297/532/2638
f 1579/1776/2639 1576/1777/2640 1575/1778/2641 1578/1779/2642
f 909/1780/2643 910/1781/2644 907/1782/2645 908/1783/2646
f 3282/1784/2647 3285/1785/2648 3283/1786/2649 3284/1787/2650
f 6/1243/2651 8/391/2652 7/394/2653 5/1788/2654
f 3153/246/2655 3148/245/2656 3147/1191/2657 3155/1789/2658
f 3323/171/2659 3327/190/2660 3326/1790/2661 3325/172/2662
f 3384/1791/2663 3385/1792/2664 3383/1793/2665 3381/1794/2666
f 1406/1051/2667 1408/1795/2668 1407/1796/2669 1403/1052/2670
f 475/1797/2671 474/1798/2672 472/751/2673 473/750/2674
f 1012/1799/2675 1014/1800/2676 1013/1801/2677 1010/1802/2678
f 1096/1107/2679 1100/1536/2680 1099/1535/2681 1098/1803/2682
f 1104/1804/2683 1101/1533/2684 1100/1536/2685 1103/1805/2686
f 2026/1806/2687 2020/1149/2688 2019/1152/2689 2025/1807/2690
f 1914/556/2691 1918/614/2692 1917/613/2693 1916/1808/2694
f 1760/1809/2695 1761/1810/2696 1759/1811/2697 1757/1812/2698
f 2088/1813/2699 2091/1305/2700 2089/1814/2701 2090/1815/2702
f 3261/1816/2703 3263/1817/2704 3262/1818/2705 3259/1819/2706
f 837/1820/2707 832/1235/2708 831/1234/2709 836/1821/2710
f 951/1822/2711 952/1823/2712 949/1824/2713 950/1825/2714
f 2234/1826/2715 2235/1827/2716 2233/60/2717 2232/59/2718
f 1902/399/2719 1906/54/2720 1905/53/2721 1904/1828/2722
f 152/244/2723 153/1829/2724 148/234/2725 151/233/2726
f 1523/1830/2727 1535/1831/2728 1531/1832/2729 1524/1833/2730
f 146/251/2731 145/1834/2732 141/136/2733 139/252/2734
f 1375/227/2735 1378/226/2736 1376/1835/2737 1377/1836/2738
f 2692/836/2739 2693/1837/2740 2691/1838/2741 2689/837/2742
f 2709/1839/2743 2710/1840/2744 2707/1841/2745 2706/1842/2746
f 1371/1843/2747 1366/959/2748 1365/958/2749 1374/1847/2750
f 1456/1844/2751 1458/615/2752 1457/618/2753 1454/1845/2754
f 233/370/2755 234/1846/2756 230/358/2757 232/357/2758
f 1285/1848/2759 1286/1731/2760 1282/1602/2761 1279/1601/2762
f 1376/1835/2763 1378/226/2764 1379/1849/2765 1380/1850/2766
f 1366/959/2767 1368/1268/2768 1367/1267/2769 1363/960/2770
f 1372/1851/2771 1368/1268/2772 1366/959/2773 1371/1843/2774
f 1627/1852/2775 1629/1853/2776 1628/1854/2777 1626/1855/2778
f 791/67/2779 796/85/2780 795/1856/2781 794/68/2782
f 3462/1857/2783 3465/1858/2784 3463/1859/2785 3464/1860/2786
f 1262/1861/2787 1263/1690/2788 1255/527/2789 1254/1687/2790
f 2852/1862/2791 2853/1863/2792 2849/1864/2793 2847/2/2794
f 1313/1865/2795 1314/1866/2796 1309/1760/2797 1308/1757/2798
f 903/1867/2799 904/1868/2800 901/1869/2801 902/1870/2802
f 3239/1871/2803 3242/1872/2804 3240/1873/2805 3236/1874/2806
f 66/1875/2807 67/1876/2808 64/1877/2809 65/1878/2810
f 2757/1879/2811 2758/1880/2812 2755/1881/2813 2754/1882/2814
f 98/1883/2815 94/1884/2816 91/1885/2817 88/1886/2818
f 229/356/2819 237/1887/2820 235/368/2821 232/357/2822
f 1872/1888/2823 1874/1889/2824 1873/1890/2825 1870/1891/2826
f 1716/1175/2827 1726/1892/2828 1723/1893/2829 1719/1176/2830
f 1995/38/2831 1997/210/2832 1996/1894/2833 1993/39/2834
f 3570/1189/2835 3571/1188/2836 3567/1895/2837 3564/1896/2838
f 1315/25/2839 1325/904/2840 1321/903/2841 1318/26/2842
f 808/1897/2843 809/1898/2844 806/10/2845 801/9/2846
f 1061/1483/2847 1064/1487/2848 1063/1899/2849 1062/1495/2850
f 462/1333/2851 463/1900/2852 461/1901/2853 458/1334/2854
f 2796/1902/2855 2799/1903/2856 2797/1904/2857 2798/1905/2858
f 1349/1906/2859 1346/1907/2860 1342/1908/2861 1339/1909/2862
f 1438/1910/2863 1437/1911/2864 1439/1912/2865 1440/1917/2866
f 841/1913/2867 843/1914/2868 842/1915/2869 838/1916/2870
f 1441/1918/2871 1442/1919/2872 1440/1917/2873 1439/1912/2874
f 226/377/2875 227/1920/2876 224/379/2877 223/378/2878
f 1610/1921/2879 1611/1922/2880 1608/1923/2881 1609/1924/2882
f 1437/1911/2883 1438/1910/2884 1436/1278/2885 1435/1277/2886
f 517/1925/2887 521/805/2888 520/809/2889 519/1926/2890
f 330/1678/2891 331/548/2892 328/547/2893 329/1927/2894
f 198/1928/2895 204/344/2896 202/343/2897 199/355/2898
f 731/996/2899 734/363/2900 733/1059/2901 732/997/2902
f 34/1929/2903 35/304/2904 31/34/2905 28/33/2906
f 2950/1172/2907 2951/1930/2908 2948/1931/2909 2947/143/2910
f 514/1932/2911 524/806/2912 521/805/2913 517/1925/2914
f 1477/1933/2915 1478/1934/2916 1474/1935/2917 1476/1936/2918
f 2860/1937/2919 2861/1938/2920 2857/1939/2921 2859/1940/2922
f 3586/1941/2923 3582/1942/2924 3581/1943/2925 3585/1944/2926
f 1463/1945/2927 1464/146/2928 1461/148/2929 1462/1946/2930
f 1945/1947/2931 1943/1948/2932 1942/955/2933 1944/954/2934
f 69/153/2935 73/1949/2936 72/1950/2937 71/154/2938
f 87/1951/2939 85/131/2940 82/126/2941 86/125/2942
f 2241/101/2943 2243/1952/2944 2242/1953/2945 2239/1954/2946
f 2832/1955/2947 2843/1956/2948 2842/1957/2949 2835/1958/2950
f 37/1959/2951 38/1960/2952 36/305/2953 35/304/2954
f 1668/1961/2955 1669/1962/2956 1665/262/2957 1664/261/2958
f 2469/1288/2959 2471/1291/2960 2470/1963/2961 2467/1964/2962
f 409/619/2963 412/622/2964 410/1965/2965 411/1966/2966
f 1781/1967/2967 1782/1968/2968 1779/1969/2969 1780/1970/2970
f 1532/1654/2971 1526/1653/2972 1524/1833/2973 1531/1832/2974
f 1902/399/2975 1904/1828/2976 1903/1971/2977 1900/1972/2978
f 1515/1973/2979 1516/1974/2980 1512/1975/2981 1511/1976/2982
f 1516/1974/2983 1515/1973/2984 1520/1977/2985 1519/1978/2986
f 116/228/2987 117/231/2988 113/1226/2989 115/215/2990
f 1513/1979/2991 1514/1980/2992 1509/1981/2993 1512/1975/2994
f 1500/1982/2995 1502/1983/2996 1501/1984/2997 1498/1985/2998
f 1497/1986/2999 1500/1982/3000 1498/1985/3001 1499/1987/3002
f 1659/1988/3003 1661/1989/3004 1660/1990/3005 1657/1991/3006
f 1614/1992/3007 1615/1993/3008 1612/1994/3009 1613/1995/3010
f 1507/1996/3011 1506/1997/3012 1502/1983/3013 1500/1982/3014
f 1502/1983/3015 1506/1997/3016 1505/1998/3017 1504/1999/3018
f 2246/168/3019 2247/2000/3020 2245/2001/3021 2244/100/3022
f 1546/2002/3023 1542/1030/3024 1541/1033/3025 1545/2003/3026
f 2836/2004/3027 2841/2005/3028 2840/2006/3029 2839/2007/3030
f 822/2008/3031 819/1183/3032 818/1182/3033 821/2009/3034
f 2479/2010/3035 2480/2011/3036 2475/2012/3037 2478/2013/3038
f 2149/2014/3039 2150/2015/3040 2142/2016/3041 2141/2017/3042
f 517/1925/3043 519/1926/3044 518/2018/3045 515/2019/3046
f 1529/2020/3047 1530/2021/3048 1527/2022/3049 1528/1652/3050
f 2769/1298/3051 2764/1301/3052 2763/2023/3053 2768/2024/3054
f 1935/2025/3055 1938/2026/3056 1936/2027/3057 1937/2028/3058
f 1554/2029/3059 1555/1076/3060 1551/1350/3061 1548/2030/3062
f 1952/65/3063 1954/64/3064 1953/2031/3065 1951/2032/3066
f 3008/2033/3067 3009/2034/3068 3007/2035/3069 3004/2036/3070
f 2110/2037/3071 2111/2038/3072 2108/2039/3073 2107/2040/3074
f 825/2041/3075 826/1438/3076 823/2042/3077 824/2043/3078
f 1538/2044/3079 1539/2045/3080 1536/2046/3081 1537/2047/3082
f 1925/2048/3083 1934/2049/3084 1931/2050/3085 1926/2051/3086
f 3346/44/3087 3347/2052/3088 3342/2053/3089 3345/2054/3090
f 1545/2003/3091 1541/1033/3092 1539/2045/3093 1544/2055/3094
f 2103/2056/3095 2107/2040/3096 2106/2057/3097 2105/2058/3098
f 530/790/3099 535/789/3100 534/2059/3101 533/2060/3102
f 1572/2061/3103 1575/1778/3104 1573/2062/3105 1574/2063/3106
f 99/2064/3107 97/2065/3108 94/1884/3109 98/1883/3110
f 1865/2066/3111 1861/520/3112 1860/523/3113 1864/2067/3114
f 1566/2069/3115 1567/2070/3116 1565/2068/3117 1564/2076/3118
f 1576/1777/3119 1577/2071/3120 1573/2062/3121 1575/1778/3122
f 852/2072/3123 850/2073/3124 849/1093/3125 848/2074/3126
f 1564/2076/3127 1569/2077/3128 1570/2075/3129 1566/2069/3130
f 1494/2078/3131 1489/2079/3132 1488/697/3133 1496/696/3134
f 3122/2080/3135 3123/2081/3136 3120/2082/3137 3121/2083/3138
f 1564/2076/3139 1565/2068/3140 1560/2084/3141 1563/926/3142
f 1400/2085/3143 1402/2086/3144 1401/2087/3145 1399/2088/3146
f 2889/2089/3147 2891/2090/3148 2890/2091/3149 2886/2092/3150
f 1582/2093/3151 1579/1776/3152 1578/1779/3153 1581/2096/3154
f 1580/2094/3155 1583/2095/3156 1581/2096/3157 1578/1779/3158
f 4/217/3159 6/1243/3160 5/1788/3161 1/218/3162
f 1606/2097/3163 1602/2098/3164 1599/2099/3165 1596/2100/3166
f 1607/2101/3167 1604/2102/3168 1602/2098/3169 1606/2097/3170
f 2772/71/3171 2775/74/3172 2773/2103/3173 2774/2104/3174
f 1599/2099/3175 1601/2105/3176 1600/2106/3177 1597/2107/3178
f 1656/2108/3179 1666/2109/3180 1662/264/3181 1659/1988/3182
f 1586/2110/3183 1587/110/3184 1584/113/3185 1585/2111/3186
f 1427/2112/3187 1428/2113/3188 1426/2114/3189 1425/2115/3190
f 1595/2116/3191 1592/2117/3192 1589/111/3193 1587/110/3194
f 1592/2117/3195 1593/2118/3196 1591/1224/3197 1589/111/3198
f 870/2119/3199 871/1054/3200 868/1057/3201 869/2120/3202
f 2002/2121/3203 2003/211/3204 1995/38/3205 1992/37/3206
f 1620/2122/3207 1623/2123/3208 1621/2124/3209 1622/2125/3210
f 2619/1616/3211 2621/1615/3212 2620/2126/3213 2617/2127/3214
f 1630/2128/3215 1631/2129/3216 1629/1853/3217 1627/1852/3218
f 2850/2130/3219 2851/2131/3220 2848/2132/3221 2849/1864/3222
f 1623/2123/3223 1627/1852/3224 1626/1855/3225 1625/2133/3226
f 2689/837/3227 2691/1838/3228 2690/2134/3229 2688/1694/3230
f 3034/130/3231 3028/129/3232 3027/1445/3233 3033/2135/3234
f 1616/2136/3235 1617/2137/3236 1611/1922/3237 1610/1921/3238
f 404/2138/3239 405/2139/3240 400/631/3241 403/630/3242
f 1619/2140/3243 1614/1992/3244 1613/1995/3245 1618/2141/3246
f 1611/1922/3247 1613/1995/3248 1612/1994/3249 1608/1923/3250
f 1502/1983/3251 1504/1999/3252 1503/2142/3253 1501/1984/3254
f 1644/2143/3255 1647/1642/3256 1645/2144/3257 1646/2145/3258
f 191/2146/3259 192/2147/3260 187/271/3261 190/270/3262
f 1654/2148/3263 1655/2149/3264 1653/2150/3265 1651/1643/3266
f 1647/1642/3267 1649/1645/3268 1648/2151/3269 1645/2144/3270
f 3504/2152/3271 3505/2153/3272 3501/2154/3273 3498/2155/3274
f 1337/2156/3275 1334/315/3276 1330/2157/3277 1327/2158/3278
f 1103/1805/3279 1100/1536/3280 1096/1107/3281 1093/1106/3282
f 1489/2079/3283 1492/2159/3284 1491/2160/3285 1490/2161/3286
f 1642/2162/3287 1637/2163/3288 1635/1167/3289 1641/1166/3290
f 1643/2164/3291 1638/2165/3292 1637/2163/3293 1642/2162/3294
f 1635/1167/3295 1637/2163/3296 1636/2166/3297 1632/2167/3298
f 128/208/3299 129/2168/3300 124/193/3301 127/192/3302
f 492/772/3303 493/764/3304 490/758/3305 491/2169/3306
f 1681/2170/3307 1682/1624/3308 1674/1626/3309 1673/2171/3310
f 67/1876/3311 69/153/3312 68/156/3313 64/1877/3314
f 1683/1625/3315 1684/2172/3316 1678/1142/3317 1675/1141/3318
f 1675/1141/3319 1676/1144/3320 1671/2173/3321 1674/1626/3322
f 2752/2174/3323 2753/2175/3324 2749/2176/3325 2751/2177/3326
f 2147/2178/3327 2148/2179/3328 2145/2180/3329 2146/2181/3330
f 2136/1251/3331 2137/2182/3332 2133/906/3333 2132/905/3334
f 1656/2108/3335 1659/1988/3336 1657/1991/3337 1658/2183/3338
f 2742/2184/3339 2743/2185/3340 2741/2186/3341 2740/741/3342
f 1667/2187/3343 1664/261/3344 1662/264/3345 1666/2109/3346
f 1667/2187/3347 1670/2188/3348 1668/1961/3349 1664/261/3350
f 2948/1931/3351 2949/2189/3352 2946/144/3353 2947/143/3354
f 1662/264/3355 1663/263/3356 1661/1989/3357 1659/1988/3358
f 2087/2190/3359 2083/2191/3360 2082/2192/3361 2086/2193/3362
f 2152/2194/3363 2153/2195/3364 2147/2178/3365 2146/2181/3366
f 2980/268/3367 2983/267/3368 2982/2196/3369 2981/2197/3370
f 1711/2198/3371 1712/2199/3372 1704/2200/3373 1703/2201/3374
f 1712/2199/3375 1713/2202/3376 1705/2203/3377 1704/2200/3378
f 1713/2202/3379 1714/2204/3380 1708/1067/3381 1705/2203/3382
f 2369/2205/3383 2366/2206/3384 2362/2207/3385 2361/2208/3386
f 1705/2203/3387 1708/1067/3388 1707/1066/3389 1706/2209/3390
f 2748/2210/3391 2751/2177/3392 2749/2176/3393 2750/2211/3394
f 1714/2204/3395 1715/2212/3396 1709/1064/3397 1708/1067/3398
f 1686/2213/3399 1689/1562/3400 1687/1565/3401 1688/2214/3402
f 1686/2213/3403 1696/967/3404 1692/966/3405 1689/1562/3406
f 1273/103/3407 1274/2215/3408 1271/1738/3409 1272/104/3410
f 1697/964/3411 1700/2216/3412 1698/2217/3413 1694/965/3414
f 1789/2218/3415 1790/2219/3416 1782/1968/3417 1781/1967/3418
f 2966/869/3419 2967/871/3420 2964/1755/3421 2965/2220/3422
f 1427/2112/3423 1430/2221/3424 1429/2222/3425 1428/2113/3426
f 685/974/3427 686/984/3428 680/979/3429 677/975/3430
f 1730/2223/3431 1731/2224/3432 1728/2225/3433 1729/2226/3434
f 1736/2227/3435 1737/2228/3436 1731/2224/3437 1730/2223/3438
f 1602/2098/3439 1603/2229/3440 1601/2105/3441 1599/2099/3442
f 141/136/3443 145/1834/3444 144/2230/3445 143/137/3446
f 1732/2231/3447 1733/2232/3448 1728/2225/3449 1731/2224/3450
f 1330/2157/3451 1334/315/3452 1333/314/3453 1332/2233/3454
f 446/717/3455 447/2234/3456 442/2235/3457 445/710/3458
f 3154/2236/3459 3155/1789/3460 3147/1191/3461 3146/1190/3462
f 2022/2237/3463 2023/2238/3464 2021/1150/3465 2020/1149/3466
f 21/1272/3467 23/1271/3468 22/2239/3469 20/2240/3470
f 1719/1176/3471 1723/1893/3472 1722/2241/3473 1721/2242/3474
f 2012/2243/3475 2013/2244/3476 2010/2245/3477 2011/2246/3478
f 2154/2247/3479 2157/2248/3480 2155/2249/3481 2156/2250/3482
f 1762/2251/3483 1763/2252/3484 1755/792/3485 1754/791/3486
f 1760/1809/3487 1757/1812/3488 1755/792/3489 1763/2252/3490
f 74/2253/3491 75/2254/3492 67/1876/3493 66/1875/3494
f 2164/2255/3495 2161/2256/3496 2157/2248/3497 2154/2247/3498
f 475/1797/3499 473/750/3500 476/2257/3501 477/2258/3502
f 2168/2259/3503 2169/2260/3504 2166/2261/3505 2167/2262/3506
f 2169/2260/3507 2171/2263/3508 2170/2264/3509 2166/2261/3510
f 1751/2265/3511 1748/2266/3512 1747/2267/3513 1750/2268/3514
f 1748/2266/3515 1749/2269/3516 1746/2270/3517 1747/2267/3518
f 2176/2271/3519 2177/2272/3520 2169/2260/3521 2168/2259/3522
f 769/602/3523 771/2273/3524 770/2274/3525 766/2275/3526
f 2114/1766/3527 2115/1494/3528 2112/1493/3529 2113/2276/3530
f 995/500/3531 991/503/3532 988/1412/3533 985/1409/3534
f 1790/2219/3535 1791/2277/3536 1783/2278/3537 1782/1968/3538
f 3231/2279/3539 3233/2280/3540 3232/2281/3541 3229/2282/3542
f 3100/24/3543 3101/23/3544 3096/2283/3545 3099/2284/3546
f 1785/2285/3547 1786/2286/3548 1784/2287/3549 1783/2278/3550
f 1772/2288/3551 1775/2289/3552 1776/2290/3553 1777/2291/3554
f 1793/2292/3555 1788/2293/3556 1785/2285/3557 1792/2294/3558
f 3166/438/3559 3167/2295/3560 3163/2296/3561 3162/439/3562
f 1764/1110/3563 1774/2297/3564 1770/417/3565 1767/420/3566
f 2936/1693/3567 2937/1358/3568 2929/1360/3569 2928/1045/3570
f 1787/2298/3571 1786/2286/3572 1785/2285/3573 1788/2293/3574
f 1767/420/3575 1769/419/3576 1768/2299/3577 1765/1111/3578
f 677/975/3579 678/981/3580 673/970/3581 676/969/3582
f 1772/2288/3583 1773/2300/3584 1771/418/3585 1770/417/3586
f 2616/2301/3587 2626/2302/3588 2622/1613/3589 2619/1616/3590
f 3588/2303/3591 3591/1005/3592 3589/1004/3593 3590/2304/3594
f 2174/2305/3595 2171/2263/3596 2169/2260/3597 2177/2272/3598
f 2836/2004/3599 2837/2306/3600 2833/2307/3601 2835/1958/3602
f 12/1242/3603 13/2308/3604 8/391/3605 6/1243/3606
f 1350/2309/3607 1347/2310/3608 1346/1907/3609 1349/1906/3610
f 1986/1556/3611 1987/1217/3612 1984/1216/3613 1983/1285/3614
f 3141/2311/3615 3139/2312/3616 3142/2313/3617 3143/2314/3618
f 1673/2171/3619 1674/1626/3620 1671/2173/3621 1672/2315/3622
f 3579/2316/3623 3581/1943/3624 3580/2317/3625 3576/2318/3626
f 1815/2319/3627 1818/2320/3628 1817/2321/3629 1816/2322/3630
f 1362/2323/3631 1359/2324/3632 1358/450/3633 1361/449/3634
f 1445/2325/3635 1446/2326/3636 1443/2327/3637 1444/2328/3638
f 2703/2329/3639 2711/2330/3640 2709/1839/3641 2706/1842/3642
f 1855/2331/3643 1851/1245/3644 1850/463/3645 1854/2332/3646
f 1835/2333/3647 1836/2334/3648 1833/2335/3649 1834/2336/3650
f 1835/2333/3651 1844/2337/3652 1839/2338/3653 1836/2334/3654
f 1839/2338/3655 1844/2337/3656 1843/2339/3657 1842/2340/3658
f 1839/2338/3659 1842/2340/3660 1841/2341/3661 1840/2342/3662
f 780/860/3663 781/863/3664 778/2343/3665 779/2344/3666
f 1839/2338/3667 1840/2342/3668 1837/2345/3669 1836/2334/3670
f 3022/2346/3671 3023/2347/3672 3021/2348/3673 3019/2349/3674
f 1821/1247/3675 1832/2350/3676 1831/2351/3677 1824/1101/3678
f 3/216/3679 15/2352/3680 11/1244/3681 4/217/3682
f 1950/892/3683 1952/65/3684 1951/2032/3685 1948/1180/3686
f 3420/2353/3687 3430/2354/3688 3427/200/3689 3423/2355/3690
f 2552/2356/3691 2553/2357/3692 2550/2358/3693 2551/2359/3694
f 3082/2360/3695 3083/2361/3696 3075/1727/3697 3074/2362/3698
f 3108/2363/3699 3118/2364/3700 3115/1294/3701 3111/329/3702
f 1019/2365/3703 1016/642/3704 1012/1799/3705 1009/2366/3706
f 2036/2367/3707 2037/2368/3708 2034/2369/3709 2035/2370/3710
f 1207/1675/3711 1210/1677/3712 1208/1682/3713 1209/2371/3714
f 1867/2372/3715 1865/2066/3716 1864/2067/3717 1866/2373/3718
f 1847/2374/3719 1848/462/3720 1845/465/3721 1846/2375/3722
f 1847/2374/3723 1856/2376/3724 1853/2377/3725 1848/462/3726
f 3048/2378/3727 3051/2379/3728 3049/2380/3729 3050/2381/3730
f 1854/2332/3731 1850/463/3732 1848/462/3733 1853/2377/3734
f 3190/434/3735 3191/2382/3736 3188/2383/3737 3187/435/3738
f 1548/2030/3739 1551/1350/3740 1549/1349/3741 1550/2384/3742
f 2586/2385/3743 2587/2386/3744 2584/2387/3745 2585/2388/3746
f 1894/2389/3747 1895/2390/3748 1887/2391/3749 1886/2392/3750
f 1383/2393/3751 1379/1849/3752 1378/226/3753 1382/225/3754
f 2434/2394/3755 2437/2395/3756 2436/2396/3757 2435/2397/3758
f 1888/281/3759 1889/284/3760 1884/2398/3761 1887/2391/3762
f 865/1658/3763 866/2399/3764 861/1153/3765 864/1134/3766
f 182/290/3767 183/2400/3768 178/834/3769 181/287/3770
f 1237/1707/3771 1240/1710/3772 1238/1717/3773 1239/2401/3774
f 1869/2402/3775 1872/1888/3776 1870/1891/3777 1871/2403/3778
f 2888/2404/3779 2897/2405/3780 2894/2406/3781 2889/2089/3782
f 1880/2407/3783 1877/2408/3784 1875/2409/3785 1879/2410/3786
f 1880/2407/3787 1883/2411/3788 1881/2412/3789 1877/2408/3790
f 2973/2413/3791 2974/551/3792 2970/554/3793 2972/870/3794
f 1875/2409/3795 1876/2414/3796 1874/1889/3797 1872/1888/3798
f 1877/2408/3799 1878/2415/3800 1876/2414/3801 1875/2409/3802
f 1881/2412/3803 1882/2416/3804 1878/2415/3805 1877/2408/3806
f 1831/2351/3807 1830/1159/3808 1825/1098/3809 1824/1101/3810
f 1463/1945/3811 1472/2417/3812 1469/2418/3813 1464/146/3814
f 840/2419/3815 841/1913/3816 838/1916/3817 839/2420/3818
f 856/1210/3819 858/2421/3820 857/2422/3821 853/1531/3822
f 1820/2423/3823 1815/2319/3824 1814/46/3825 1813/45/3826
f 1338/2424/3827 1335/312/3828 1334/315/3829 1337/2156/3830
f 696/2425/3831 697/2426/3832 694/1037/3833 695/1036/3834
f 2582/2427/3835 2583/2428/3836 2580/2429/3837 2581/2430/3838
f 2477/2431/3839 2478/2013/3840 2475/2012/3841 2476/2432/3842
f 1562/923/3843 1563/926/3844 1560/2084/3845 1561/2433/3846
f 1899/400/3847 1902/399/3848 1900/1972/3849 1901/2434/3850
f 2523/2435/3851 2522/2436/3852 2527/2437/3853
f 1794/2439/3854 1797/401/3855 1795/404/3856 1796/2440/3857
f 1941/952/3858 1942/955/3859 1938/2026/3860 1935/2025/3861
f 1285/1848/3862 1290/2441/3863 1288/1733/3864 1286/1731/3865
f 1939/2442/3866 1940/2443/3867 1936/2027/3868 1938/2026/3869
f 1556/1075/3870 1552/1347/3871 1551/1350/3872 1555/1076/3873
f 850/2073/3874 851/2444/3875 846/1094/3876 849/1093/3877
f 1925/2048/3878 1926/2051/3879 1923/2445/3880 1924/2446/3881
f 1538/2044/3882 1547/2447/3883 1544/2055/3884 1539/2045/3885
f 1539/2045/3886 1541/1033/3887 1540/1032/3888 1536/2046/3889
f 1932/2448/3890 1928/592/3891 1926/2051/3892 1931/2050/3893
f 2450/2449/3894 2451/2450/3895 2448/2451/3896 2449/2452/3897
f 1837/2345/3898 1838/2453/3899 1833/2335/3900 1836/2334/3901
f 1470/109/3902 1466/108/3903 1464/146/3904 1469/2418/3905
f 3047/2454/3906 3044/2455/3907 3042/2456/3908 3046/2457/3909
f 1698/2217/3910 1699/2458/3911 1695/2459/3912 1694/965/3913
f 1953/2031/3914 1954/64/3915 1955/2460/3916
f 1953/2031/3917 1955/2460/3918 1956/2461/3919
f 1497/1986/3920 1508/2462/3921 1507/1996/3922 1500/1982/3923
f 877/1297/3924 874/1273/3925 871/1054/3926 870/2119/3927
f 1526/1653/3928 1528/1652/3929 1527/2022/3930 1525/2463/3931
f 1791/2277/3932 1792/2294/3933 1785/2285/3934 1783/2278/3935
f 1534/2464/3936 1529/2020/3937 1528/1652/3938 1533/1651/3939
f 48/2465/3940 45/149/3941 43/1256/3942 50/2466/3943
f 874/1273/3944 875/1276/3945 873/1055/3946 871/1054/3947
f 1703/2201/3948 1704/2200/3949 1701/2467/3950 1702/2468/3951
f 1970/2470/3952 1971/2471/3953 1968/2469/3954 1969/2477/3955
f 1981/2472/3956 1982/2473/3957 1978/2474/3958 1980/1286/3959
f 1985/1215/3960 1981/2472/3961 1980/1286/3962 1984/1216/3963
f 253/388/3964 254/2475/3965 251/389/3966 250/372/3967
f 1969/2477/3968 1974/2478/3969 1975/2476/3970 1970/2470/3971
f 1964/2479/3972 1965/2480/3973 1962/2481/3974 1963/2482/3975
f 2832/1955/3976 2835/1958/3977 2833/2307/3978 2834/2483/3979
f 1965/2480/3980 1967/2484/3981 1966/2485/3982 1962/2481/3983
f 1121/1547/3984 1124/2486/3985 1123/2487/3986 1122/1548/3987
f 1967/2484/3988 1969/2477/3989 1968/2469/3990 1966/2485/3991
f 1974/2478/3992 1969/2477/3993 1967/2484/3994 1973/2488/3995
f 2050/2489/3996 2044/1233/3997 2043/562/3998 2049/561/3999
f 1516/1974/4000 1519/1978/4001 1518/2491/4002 1517/2492/4003
f 820/2493/4004 821/2009/4005 818/1182/4006 813/1292/4007
f 1391/2494/4008 1392/2495/4009 1390/1310/4010 1387/1309/4011
f 3222/1303/4012 3223/2496/4013 3220/2497/4014 3221/705/4015
f 2827/2498/4016 2824/2499/4017 2823/2500/4018 2826/2501/4019
f 3126/2502/4020 3127/2503/4021 3125/2504/4022 3124/2505/4023
f 710/1019/4024 704/1022/4025 703/659/4026 709/853/4027
f 514/1932/4028 517/1925/4029 515/2019/4030 516/2506/4031
f 2776/2507/4032 2777/2508/4033 2773/2103/4034 2775/74/4035
f 1724/2509/4036 1725/2510/4037 1722/2241/4038 1723/1893/4039
f 1997/210/4040 1999/716/4041 1998/2511/4042 1996/1894/4043
f 1726/1892/4044 1727/2512/4045 1724/2509/4046 1723/1893/4047
f 2004/2513/4048 2007/2514/4049 2005/2515/4050 2006/2516/4051
f 2004/2513/4052 2014/2517/4053 2011/2246/4054 2007/2514/4055
f 2014/2517/4056 2015/2518/4057 2012/2243/4058 2011/2246/4059
f 2007/2514/4060 2009/2519/4061 2008/2520/4062 2005/2515/4063
f 2007/2514/4064 2011/2246/4065 2010/2245/4066 2009/2519/4067
f 1738/2521/4068 1739/2522/4069 1734/2523/4070 1732/2231/4071
f 712/1068/4072 715/1071/4073 713/1080/4074 714/2524/4075
f 289/2525/4076 290/504/4077 286/468/4078 288/467/4079
f 744/1113/4080 752/2526/4081 749/2527/4082 745/1114/4083
f 2050/2489/4084 2051/2528/4085 2046/1230/4086 2044/1233/4087
f 2044/1233/4088 2045/1232/4089 2040/681/4090 2043/562/4091
f 2874/2529/4092 2875/2530/4093 2871/2531/4094 2870/2532/4095
f 2028/2533/4096 2031/2534/4097 2029/2535/4098 2030/2536/4099
f 2124/2537/4100 2127/2538/4101 2125/2539/4102 2126/2540/4103
f 2038/2541/4104 2039/2542/4105 2036/2367/4106 2035/2370/4107
f 2031/2534/4108 2033/2543/4109 2032/2544/4110 2029/2535/4111
f 2031/2534/4112 2035/2370/4113 2034/2369/4114 2033/2543/4115
f 198/1928/4116 199/355/4117 196/585/4118 197/2545/4119
f 2066/2546/4120 2067/2547/4121 2064/2548/4122 2065/2549/4123
f 2072/2550/4124 2073/2551/4125 2067/2547/4126 2066/2546/4127
f 2074/2552/4128 2068/2553/4129 2067/2547/4130 2073/2551/4131
f 2074/2552/4132 2075/2554/4133 2070/2555/4134 2068/2553/4135
f 3228/2556/4136 3238/2557/4137 3234/2558/4138 3231/2279/4139
f 2070/2555/4140 2071/2559/4141 2069/2560/4142 2068/2553/4143
f 372/2561/4144 373/2562/4145 371/2563/4146 368/941/4147
f 2052/2564/4148 2062/2565/4149 2059/515/4150 2055/514/4151
f 1734/2523/4152 1735/2566/4153 1733/2232/4154 1732/2231/4155
f 458/1334/4156 459/2567/4157 455/685/4158 457/684/4159
f 428/673/4160 429/2568/4161 425/2569/4162 424/670/4163
f 2068/2553/4164 2069/2560/4165 2064/2548/4166 2067/2547/4167
f 1654/2148/4168 1651/1643/4169 1647/1642/4170 1644/2143/4171
f 3148/245/4172 3149/2570/4173 3144/1192/4174 3147/1191/4175
f 3440/75/4176 3441/2571/4177 3439/2572/4178 3436/76/4179
f 19/1223/4180 21/1272/4181 20/2240/4182 16/2573/4183
f 487/729/4184 482/728/4185 481/734/4186 489/2574/4187
f 2092/114/4188 2097/1304/4189 2096/2575/4190 2095/115/4191
f 2078/2576/4192 2079/2577/4193 2076/2578/4194 2077/2579/4195
f 2078/2576/4196 2084/2580/4197 2082/2192/4198 2079/2577/4199
f 2085/2581/4200 2086/2193/4201 2082/2192/4202 2084/2580/4203
f 2080/2582/4204 2081/2583/4205 2076/2578/4206 2079/2577/4207
f 2083/2191/4208 2080/2582/4209 2079/2577/4210 2082/2192/4211
f 3042/2456/4212 3043/2584/4213 3040/220/4214 3039/223/4215
f 1258/1711/4216 1259/1713/4217 1257/525/4218 1256/524/4219
f 2122/2585/4220 2116/1491/4221 2115/1494/4222 2121/1765/4223
f 425/2569/4224 422/678/4225 421/671/4226 424/670/4227
f 1417/94/4228 1418/97/4229 1416/2586/4230 1415/2587/4231
f 2118/2588/4232 2119/2589/4233 2117/1492/4234 2116/1491/4235
f 2100/2590/4236 2103/2056/4237 2101/2591/4238 2102/2592/4239
f 2100/2590/4240 2110/2037/4241 2107/2040/4242 2103/2056/4243
f 3560/1163/4244 3561/2593/4245 3559/2594/4246 3557/1164/4247
f 2103/2056/4248 2105/2058/4249 2104/2595/4250 2101/2591/4251
f 314/471/4252 315/2596/4253 311/508/4254 310/472/4255
f 2108/2039/4256 2109/2597/4257 2106/2057/4258 2107/2040/4259
f 2141/2017/4260 2142/2016/4261 2139/2598/4262 2140/2599/4263
f 2150/2015/4264 2151/2600/4265 2143/2601/4266 2142/2016/4267
f 2151/2600/4268 2152/2194/4269 2146/2181/4270 2143/2601/4271
f 2171/2263/4272 2173/2602/4273 2172/2603/4274 2170/2264/4275
f 2143/2601/4276 2146/2181/4277 2145/2180/4278 2144/2604/4279
f 1679/2605/4280 1680/2606/4281 1677/1143/4282 1678/1142/4283
f 1684/2172/4284 1685/2607/4285 1679/2605/4286 1678/1142/4287
f 372/2561/4288 368/941/4289 367/448/4290 374/447/4291
f 2124/2537/4292 2134/2608/4293 2130/908/4294 2127/2538/4295
f 2929/1360/4296 2932/638/4297 2931/637/4298 2930/2609/4299
f 1511/1976/4300 1512/1975/4301 1509/1981/4302 1510/2610/4303
f 2127/2538/4304 2129/2611/4305 2128/2612/4306 2125/2539/4307
f 593/900/4308 590/291/4309 589/294/4310 592/653/4311
f 2818/2613/4312 2819/2614/4313 2815/2615/4314 2817/2616/4315
f 1719/1176/4316 1721/2242/4317 1720/2617/4318 1717/1177/4319
f 1815/2319/4320 1816/2322/4321 1811/2618/4322 1814/46/4323
f 13/2308/4324 14/2619/4325 10/392/4326 8/391/4327
f 2238/98/4328 2241/101/4329 2239/1954/4330 2240/2620/4331
f 769/602/4332 773/583/4333 772/914/4334 771/2273/4335
f 835/2621/4336 836/1821/4337 831/1234/4338 834/1435/4339
f 3188/2383/4340 3189/2622/4341 3186/2623/4342 3187/435/4343
f 1740/2624/4344 1743/181/4345 1741/184/4346 1742/2625/4347
f 1750/2268/4348 1747/2267/4349 1743/181/4350 1740/2624/4351
f 2165/2626/4352 2162/2627/4353 2161/2256/4354 2164/2255/4355
f 2162/2627/4356 2163/2628/4357 2160/2629/4358 2161/2256/4359
f 2157/2248/4360 2159/2630/4361 2158/2631/4362 2155/2249/4363
f 2157/2248/4364 2161/2256/4365 2160/2629/4366 2159/2630/4367
f 2178/1017/4368 2179/2632/4369 2180/2633/4370
f 2178/1017/4371 2181/1016/4372 2179/2632/4373
f 2182/2634/4374 2179/2632/4375 2181/1016/4376 2183/2635/4377
f 2183/2635/4378 2181/1016/4379 2184/1015/4380 2185/2636/4381
f 2200/2637/4382 2201/2638/4383 2196/2639/4384 2195/2640/4385
f 2193/2641/4386 2195/2640/4387 2194/2642/4388 2190/2643/4389
f 2560/2644/4390 2563/2645/4391 2562/2646/4392 2561/2647/4393
f 2190/2643/4394 2191/2648/4395 2192/2649/4396
f 2190/2643/4397 2192/2649/4398 2193/2641/4399
f 3208/2650/4400 3209/2651/4401 3204/2652/4402 3207/2653/4403
f 2188/1014/4404 2189/2654/4405 2186/2655/4406 2184/1015/4407
f 2193/2641/4408 2192/2649/4409 2198/2656/4410 2199/2657/4411
f 2195/2640/4412 2193/2641/4413 2199/2657/4414 2200/2637/4415
f 937/2658/4416 940/1364/4417 938/1363/4418 939/2659/4419
f 2203/2661/4420 2204/2662/4421 2202/2660/4422 2205/2663/4423
f 2206/2664/4424 2203/2661/4425 2205/2663/4426 2207/2665/4427
f 2207/2665/4428 2205/2663/4429 2208/2666/4430 2209/2667/4431
f 2209/2667/4432 2208/2666/4433 2210/2668/4434 2211/2669/4435
f 1961/2670/4436 1955/2460/4437 1954/64/4438 1960/63/4439
f 2220/2671/4440 2221/2672/4441 2218/911/4442 2219/910/4443
f 2214/912/4444 2215/2673/4445 2216/2674/4446 2217/909/4447
f 2212/2675/4448 2208/2666/4449 2205/2663/4450 2202/2660/4451
f 344/518/4452 347/530/4453 346/2676/4454 345/519/4455
f 2217/909/4456 2216/2674/4457 2222/2677/4458 2223/2678/4459
f 2219/910/4460 2217/909/4461 2223/2678/4462 2224/2679/4463
f 2220/2671/4464 2219/910/4465 2224/2679/4466 2225/2680/4467
f 2227/745/4468 2228/2682/4469 2226/2681/4470 2229/62/4471
f 3004/2036/4472 3005/2683/4473 3001/2684/4474 3003/2685/4475
f 240/395/4476 246/2686/4477 244/405/4478 241/396/4479
f 799/11/4480 805/141/4481 804/2687/4482 803/2688/4483
f 3098/2689/4484 3099/2284/4485 3096/2283/4486 3097/2690/4487
f 533/2060/4488 532/2691/4489 531/795/4490 530/790/4491
f 1869/2402/4492 1879/2410/4493 1875/2409/4494 1872/1888/4495
f 2135/1249/4496 2132/905/4497 2130/908/4498 2134/2608/4499
f 1479/1194/4500 1480/1197/4501 1476/1936/4502 1473/2692/4503
f 1323/902/4504 1324/2693/4505 1322/2694/4506 1321/903/4507
f 1623/2123/4508 1625/2133/4509 1624/2695/4510 1621/2124/4511
f 1408/1795/4512 1410/2696/4513 1409/2697/4514 1407/1796/4515
f 2254/2698/4516 2255/2699/4517 2251/2700/4518 2253/2701/4519
f 2264/1366/4520 2273/2702/4521 2272/2703/4522 2265/1367/4523
f 2026/1806/4524 2027/2704/4525 2022/2237/4526 2020/1149/4527
f 2253/2701/4528 2257/2705/4529 2254/2698/4530
f 2250/2706/4531 2258/2707/4532 2256/2708/4533
f 753/2709/4534 750/2710/4535 749/2527/4536 752/2526/4537
f 2270/2711/4538 2271/2712/4539 2269/565/4540 2266/564/4541
f 2250/2706/4542 2253/2701/4543 2251/2700/4544 2252/2713/4545
f 2256/2708/4546 2257/2705/4547 2253/2701/4548 2250/2706/4549
f 2262/1368/4550 2266/564/4551 2267/567/4552
f 2259/2714/4553 2260/2715/4554 2256/2708/4555 2258/2707/4556
f 1895/2390/4557 1896/1551/4558 1888/281/4559 1887/2391/4560
f 1266/2716/4561 1261/1714/4562 1258/1711/4563 1265/1753/4564
f 2265/1367/4565 2272/2703/4566 2270/2711/4567
f 1922/2718/4568 1919/611/4569 1918/614/4570 1921/2719/4571
f 242/407/4572 243/2721/4573 238/397/4574 241/396/4575
f 2342/2722/4576 2343/2723/4577 2341/386/4578 2340/31/4579
f 1524/1833/4580 1526/1653/4581 1525/2463/4582 1521/2724/4583
f 2345/2725/4584 2342/2722/4585 2340/31/4586 2344/30/4587
f 2286/2726/4588 2287/2727/4589 2288/2728/4590
f 2300/2729/4591 2304/2730/4592 2301/2731/4593 2298/2732/4594
f 2290/2733/4595 2291/2734/4596 2292/2735/4597
f 2290/2733/4598 2292/2735/4599 2293/2736/4600
f 2294/2737/4601 2289/2738/4602 2286/2726/4603 2297/2741/4604
f 2294/2737/4605 2295/2739/4606 2291/2734/4607 2290/2733/4608 2289/2738/4609
f 2296/2740/4610 2291/2734/4611 2295/2739/4612
f 2296/2740/4613 2292/2735/4614 2291/2734/4615
f 2298/2732/4616 2299/2742/4617 2300/2729/4618
f 1410/2696/4619 1412/2743/4620 1411/2744/4621 1409/2697/4622
f 2298/2732/4623 2301/2731/4624 2302/2745/4625 2303/2746/4626
f 2305/2747/4627 2306/2748/4628 2302/2745/4629 2301/2731/4630 2304/2730/4631
f 2307/2749/4632 2306/2748/4633 2305/2747/4634
f 2307/2749/4635 2305/2747/4636 2308/2750/4637
f 2304/2730/4638 2308/2750/4639 2305/2747/4640
f 2304/2730/4641 2309/2751/4642 2308/2750/4643
f 2310/2752/4644 2311/2753/4645 2312/2754/4646
f 2310/2752/4647 2312/2754/4648 2313/2755/4649
f 885/1696/4650 888/2756/4651 887/2757/4652 886/1697/4653
f 2316/1131/4654 2315/2758/4655 2313/2755/4656
f 2730/857/4657 2731/2759/4658 2729/1746/4659 2727/858/4660
f 2330/2760/4661 2331/2761/4662 2329/2762/4663 2326/2763/4664
f 2317/1132/4665 2312/2754/4666 2320/2764/4667
f 1096/1107/4668 1098/1803/4669 1097/2765/4670 1094/1108/4671
f 2322/1419/4672 2323/2766/4673 2324/2767/4674
f 2322/1419/4675 2325/1418/4676 2323/2766/4677
f 2313/2755/4678 2312/2754/4679 2317/1132/4680 2316/1131/4681
f 2326/2763/4682 2327/2768/4683 2323/2766/4684
f 2321/2769/4685 2318/1129/4686 2317/1132/4687 2320/2764/4688
f 42/2770/4689 43/1256/4690 40/1257/4691 41/2771/4692
f 2313/2755/4693 2315/2758/4694 2314/2772/4695 2310/2752/4696
f 2330/2760/4697 2325/1418/4698 2333/1417/4699
f 1554/2029/4700 1559/2773/4701 1557/1077/4702 1555/1076/4703
f 1391/2494/4704 1394/2774/4705 1393/2775/4706 1392/2495/4707
f 2280/2776/4708 2281/2777/4709 2279/2720/4710 2277/328/4711
f 320/490/4712 321/493/4713 317/1465/4714 319/485/4715
f 2274/327/4716 2284/2778/4717 2280/2776/4718 2277/328/4719
f 1354/277/4720 1358/450/4721 1357/2779/4722 1356/278/4723
f 2346/2780/4724 2347/2781/4725 2348/2782/4726
f 2346/2780/4727 2349/2783/4728 2347/2781/4729
f 2349/2783/4730 2350/2784/4731 2347/2781/4732
f 2349/2783/4733 2351/2785/4734 2350/2784/4735
f 2018/2786/4736 2019/1152/4737 2016/1151/4738 2017/2787/4739
f 2366/2206/4740 2367/2788/4741 2365/2789/4742 2362/2207/4743
f 2362/2207/4744 2363/2790/4745 2358/2791/4746 2361/2208/4747
f 2362/2207/4748 2365/2789/4749 2364/2792/4750 2363/2790/4751
f 2358/2791/4752 2359/2793/4753 2360/2794/4754
f 2358/2791/4755 2360/2794/4756 2361/2208/4757
f 2516/2795/4758 2517/2796/4759 2515/2797/4760 2512/2798/4761
f 1694/965/4762 1695/2459/4763 1693/2799/4764 1692/966/4765
f 3176/887/4766 3172/118/4767 3171/16/4768 3178/15/4769
f 2361/2208/4770 2360/2794/4771 2368/2800/4772
f 2361/2208/4773 2368/2800/4774 2369/2205/4775
f 2352/897/4776 2353/1229/4777 2351/2785/4778 2349/2783/4779
f 2384/2801/4780 2385/2802/4781 2382/2803/4782 2383/2804/4783
f 2392/2805/4784 2393/2806/4785 2385/2802/4786 2384/2801/4787
f 2393/2806/4788 2390/2807/4789 2386/2808/4790 2385/2802/4791
f 2390/2807/4792 2391/2809/4793 2389/2810/4794 2386/2808/4795
f 2370/1010/4796 2376/1355/4797 2373/1011/4798
f 2370/1010/4799 2380/2811/4800 2376/1355/4801
f 2410/2812/4802 2413/2813/4803 2412/2814/4804 2411/2815/4805
f 1007/1433/4806 1008/2816/4807 1003/1424/4808 1002/1421/4809
f 2382/2803/4810 2385/2802/4811 2386/2808/4812
f 2382/2803/4813 2386/2808/4814 2387/2817/4815
f 2381/2818/4816 2378/1448/4817 2376/1355/4818 2380/2811/4819
f 2402/2819/4820 2403/2820/4821 2401/2821/4822 2400/2822/4823
f 3498/2155/4824 3501/2154/4825 3499/2823/4826 3500/2824/4827
f 2417/2825/4828 2414/2826/4829 2410/2812/4830 2409/2827/4831
f 2394/2828/4832 2395/2829/4833 2396/2830/4834
f 2394/2828/4835 2397/2831/4836 2395/2829/4837
f 2416/2832/4838 2417/2825/4839 2409/2827/4840 2408/2833/4841
f 378/597/4842 384/606/4843 382/605/4844 379/598/4845
f 2414/2826/4846 2415/2834/4847 2413/2813/4848 2410/2812/4849
f 2394/2828/4850 2400/2822/4851 2397/2831/4852
f 2394/2828/4853 2404/2835/4854 2400/2822/4855
f 3463/1859/4856 3465/1858/4857 3466/2837/4858 3467/3526/4859
f 2406/2838/4860 2407/2839/4861 2408/2833/4862
f 2406/2838/4863 2408/2833/4864 2409/2827/4865
f 2406/2838/4866 2409/2827/4867 2410/2812/4868
f 2406/2838/4869 2410/2812/4870 2411/2815/4871
f 2405/2840/4872 2402/2819/4873 2400/2822/4874 2404/2835/4875
f 540/828/4876 541/798/4877 538/2841/4878 539/2842/4879
f 3527/2843/4880 3528/919/4881 3525/1097/4882 3526/2844/4883
f 2400/2822/4884 2401/2821/4885 2399/2845/4886 2397/2831/4887
f 2418/2846/4888 2419/2847/4889 2420/2848/4890
f 2418/2846/4891 2420/2848/4892 2421/2849/4893
f 2421/2849/4894 2422/2850/4895 2418/2846/4896
f 2421/2849/4897 2423/2851/4898 2422/2850/4899
f 2424/2852/4900 2423/2851/4901 2421/2849/4902
f 3381/1794/4903 3383/1793/4904 3382/2853/4905 3379/2854/4906
f 2438/2855/4907 2439/2856/4908 2437/2395/4909 2434/2394/4910
f 2425/2857/4911 2420/2848/4912 2428/2858/4913
f 2657/2859/4914 2658/2860/4915 2655/2861/4916 2656/2862/4917
f 2430/2863/4918 2431/2864/4919 2432/2865/4920
f 2430/2863/4921 2433/2866/4922 2431/2864/4923
f 2421/2849/4924 2420/2848/4925 2425/2857/4926 2424/2852/4927
f 2434/2394/4928 2435/2397/4929 2431/2864/4930
f 2429/2867/4931 2426/2868/4932 2425/2857/4933 2428/2858/4934
f 444/707/4935 445/710/4936 442/2235/4937 443/2869/4938
f 2433/2866/4939 2430/2863/4940 2440/2870/4941
f 2433/2866/4942 2440/2870/4943 2441/2871/4944
f 2438/2855/4945 2433/2866/4946 2441/2871/4947
f 2442/2872/4948 2443/2873/4949 2444/2874/4950
f 2442/2872/4951 2444/2874/4952 2445/2875/4953
f 2445/2875/4954 2446/2876/4955 2442/2872/4956
f 2445/2875/4957 2447/2877/4958 2446/2876/4959
f 2448/2451/4960 2447/2877/4961 2445/2875/4962
f 3281/2878/4963 3278/2879/4964 3274/2880/4965 3273/2881/4966
f 2462/2882/4967 2463/2883/4968 2461/2884/4969 2458/2885/4970
f 2449/2452/4971 2444/2874/4972 2452/2886/4973
f 2458/2885/4974 2461/2884/4975 2460/2887/4976 2459/2888/4977
f 2454/2889/4978 2455/2890/4979 2456/2891/4980
f 2454/2889/4981 2457/2892/4982 2455/2890/4983
f 2445/2875/4984 2444/2874/4985 2449/2452/4986 2448/2451/4987
f 2458/2885/4988 2459/2888/4989 2455/2890/4990
f 2536/2893/4991 2539/2894/4992 2538/2895/4993 2537/2896/4994
f 671/719/4995 672/2897/4996 667/1006/4997 666/720/4998
f 2457/2892/4999 2454/2889/5000 2464/2898/5001
f 2457/2892/5002 2464/2898/5003 2465/2899/5004
f 2462/2882/5005 2457/2892/5006 2465/2899/5007
f 122/214/5008 121/770/5009 116/228/5010 115/215/5011
f 2481/2900/5012 2482/2901/5013 2478/2013/5014 2477/2431/5015
f 2483/2902/5016 2479/2010/5017 2478/2013/5018 2482/2901/5019
f 2578/2903/5020 2574/2904/5021 2571/2905/5022 2568/2906/5023
f 2466/2907/5024 2469/1288/5025 2467/1964/5026 2468/2908/5027
f 2466/2907/5028 2474/2909/5029 2473/1289/5030 2469/1288/5031
f 1467/107/5032 1468/2910/5033 1465/147/5034 1466/108/5035
f 1638/2165/5036 1639/2911/5037 1636/2166/5038 1637/2163/5039
f 434/656/5040 435/833/5041 431/645/5042 433/644/5043
f 3344/2912/5044 3345/2054/5045 3342/2053/5046 3343/2913/5047
f 2954/2914/5048 2955/2915/5049 2952/2916/5050 2953/2917/5051
f 1381/224/5052 1386/2918/5053 1384/2919/5054 1382/225/5055
f 2289/2738/5056 2290/2733/5057 2287/2727/5058 2286/2726/5059
f 2088/1813/5060 2099/2920/5061 2098/1306/5062 2091/1305/5063
f 2496/2921/5064 2497/2922/5065 2498/1146/5066
f 2496/2921/5067 2498/1146/5068 2499/1145/5069
f 2500/2923/5070 2496/2921/5071 2499/1145/5072 2501/2924/5073
f 2502/1148/5074 2501/2924/5075 2499/1145/5076
f 2516/2795/5077 2512/2798/5078 2509/2925/5079 2511/2926/5080
f 3216/2927/5081 3219/706/5082 3217/2928/5083 3218/2929/5084
f 2503/1147/5085 2498/1146/5086 2506/2930/5087
f 1897/1552/5088 1898/2931/5089 1892/1117/5090 1891/282/5091
f 2508/2932/5092 2509/2925/5093 2510/2933/5094
f 2508/2932/5095 2511/2926/5096 2509/2925/5097
f 3272/2934/5098 3273/2881/5099 3270/2935/5100 3271/2936/5101
f 2512/2798/5102 2513/2937/5103 2509/2925/5104
f 2507/2938/5105 2504/2939/5106 2503/1147/5107 2506/2930/5108
f 2504/2939/5109 2505/2940/5110 2502/1148/5111 2503/1147/5112
f 2511/2926/5113 2508/2932/5114 2518/2941/5115 2519/2942/5116
f 2516/2795/5117 2511/2926/5118 2519/2942/5119
f 2520/2943/5120 2521/2944/5121 2522/2436/5122
f 2520/2943/5123 2522/2436/5124 2523/2435/5125
f 2523/2435/5126 2524/2945/5127 2520/2943/5128
f 2523/2435/5129 2525/2946/5130 2524/2945/5131
f 2526/2438/5132 2525/2946/5133 2523/2435/5134
f 2540/2947/5135 2536/2893/5136 2535/2949/5137
f 2526/2438/5138 2527/2437/5139 2528/2950/5140
f 2526/2438/5141 2528/2950/5142 2529/2951/5143
f 2527/2437/5144 2522/2436/5145 2530/2952/5146
f 554/778/5147 557/825/5148 556/2953/5149 555/779/5150
f 2532/2954/5151 2533/2948/5152 2534/2955/5153
f 2532/2954/5154 2535/2949/5155 2533/2948/5156
f 2791/1529/5157 2790/1528/5158 2795/2956/5159 2794/2957/5160
f 2536/2893/5161 2537/2896/5162 2533/2948/5163
f 2531/2958/5164 2528/2950/5165 2527/2437/5166 2530/2952/5167
f 2540/2947/5168 2539/2894/5169 2536/2893/5170
f 2540/2947/5171 2541/2959/5172 2539/2894/5173
f 2535/2949/5174 2532/2954/5175 2542/2960/5176
f 2535/2949/5177 2542/2960/5178 2543/2961/5179
f 2540/2947/5180 2535/2949/5181 2543/2961/5182
f 2544/2962/5183 2545/2963/5184 2546/2964/5185 2547/2965/5186
f 2548/2966/5187 2544/2962/5188 2547/2965/5189 2549/2967/5190
f 2550/2358/5191 2549/2967/5192 2547/2965/5193 2551/2359/5194
f 2740/741/5195 2741/2186/5196 2736/2968/5197 2739/742/5198
f 2564/2969/5199 2565/2970/5200 2563/2645/5201 2560/2644/5202
f 2546/2964/5203 2554/2971/5204 2551/2359/5205 2547/2965/5206
f 3172/118/5207 3175/889/5208 3174/2972/5209 3173/119/5210
f 2557/2974/5211 2558/2975/5212 2556/2973/5213 2559/2976/5214
f 2560/2644/5215 2561/2647/5216 2557/2974/5217 2559/2976/5218
f 2555/2977/5219 2552/2356/5220 2551/2359/5221 2554/2971/5222
f 430/643/5223 441/2978/5224 440/657/5225 433/644/5226
f 2559/2976/5227 2556/2973/5228 2566/2979/5229 2567/2980/5230
f 2559/2976/5231 2567/2980/5232 2564/2969/5233 2560/2644/5234
f 847/2981/5235 844/1092/5236 841/1913/5237 840/2419/5238
f 1342/1908/5239 1346/1907/5240 1345/2982/5241 1344/2983/5242
f 2589/2984/5243 2590/2985/5244 2585/2388/5245 2583/2428/5246
f 2591/2986/5247 2586/2385/5248 2585/2388/5249 2590/2985/5250
f 2583/2428/5251 2585/2388/5252 2584/2387/5253 2580/2429/5254
f 3158/474/5255 3159/475/5256 3156/1723/5257 3157/2987/5258
f 2568/2906/5259 2571/2905/5260 2569/2988/5261 2570/2989/5262
f 844/1092/5263 845/1095/5264 843/1914/5265 841/1913/5266
f 2578/2903/5267 2579/2990/5268 2577/2991/5269 2574/2904/5270
f 2571/2905/5271 2573/2992/5272 2572/2993/5273 2569/2988/5274
f 88/1886/5275 91/1885/5276 89/2994/5277 90/2995/5278
f 1327/2158/5279 1330/2157/5280 1328/2996/5281 1329/2997/5282
f 2592/2998/5283 2593/2999/5284 2594/3000/5285 2595/3001/5286
f 2596/3002/5287 2592/2998/5288 2595/3001/5289 2597/3003/5290
f 1221/3004/5291 1216/987/5292 1215/986/5293 1220/1670/5294
f 2612/3005/5295 2613/3006/5296 2611/1559/5297 2608/1558/5298
f 3474/937/5299 3476/3007/5300 3475/3008/5301 3471/3009/5302
f 1116/3010/5303 1113/1329/5304 1112/850/5305 1115/849/5306
f 2605/3012/5307 2606/3013/5308 2604/3011/5309 2607/3014/5310
f 2594/3000/5311 2602/3015/5312 2599/1546/5313 2595/3001/5314
f 2603/3016/5315 2600/1543/5316 2599/1546/5317 2602/3015/5318
f 1125/1568/5319 1126/3017/5320 1124/2486/5321 1121/1547/5322
f 2607/3014/5323 2604/3011/5324 2614/3018/5325 2615/3019/5326
f 2595/3001/5327 2599/1546/5328 2598/1545/5329 2597/3003/5330
f 880/3020/5331 881/3021/5332 876/1275/5333 879/1274/5334
f 2638/3022/5335 2639/3023/5336 2631/1039/5337 2630/1038/5338
f 2639/3023/5339 2636/3024/5340 2632/3025/5341 2631/1039/5342
f 2623/1614/5343 2622/1613/5344 2624/3026/5345
f 2623/1614/5346 2624/3026/5347 2625/3027/5348
f 2632/3025/5349 2633/3028/5350 2628/1040/5351 2631/1039/5352
f 2622/1613/5353 2626/2302/5354 2627/3029/5355
f 2622/1613/5356 2627/3029/5357 2624/3026/5358
f 2616/2301/5359 2619/1616/5360 2617/2127/5361 2618/3030/5362
f 3194/3031/5363 3195/3032/5364 3192/3033/5365 3193/3034/5366
f 2632/3025/5367 2634/3035/5368 2633/3028/5369
f 2632/3025/5370 2635/3036/5371 2634/3035/5372
f 2636/3024/5373 2635/3036/5374 2632/3025/5375
f 2636/3024/5376 2637/3037/5377 2635/3036/5378
f 1569/2077/5379 1564/2076/5380 1563/926/5381 1568/925/5382
f 2717/3038/5383 2721/3039/5384 2720/3040/5385 2719/3041/5386
f 420/668/5387 421/671/5388 418/680/5389 419/3042/5390
f 2665/3043/5391 2666/3044/5392 2658/2860/5393 2657/2859/5394
f 2645/1570/5395 2643/823/5396 2646/822/5397
f 2645/1570/5398 2646/822/5399 2647/3045/5400
f 2648/1584/5401 2647/3045/5402 2646/822/5403
f 2648/1584/5404 2649/1583/5405 2647/3045/5406
f 2659/3046/5407 2660/3047/5408 2655/2861/5409 2658/2860/5410
f 2650/821/5411 2648/1584/5412 2646/822/5413
f 2650/821/5414 2651/3048/5415 2648/1584/5416
f 2648/1584/5417 2651/3048/5418 2652/3049/5419
f 2648/1584/5420 2652/3049/5421 2653/1585/5422
f 2669/3050/5423 2664/3051/5424 2661/3052/5425 2668/3053/5426
f 2640/820/5427 2643/823/5428 2641/1572/5429 2642/3054/5430
f 3527/2843/5431 3533/3055/5432 3532/920/5433 3528/919/5434
f 2660/3047/5435 2659/3046/5436 2661/3052/5437
f 2660/3047/5438 2661/3052/5439 2662/3056/5440
f 2661/3052/5441 2663/3057/5442 2662/3056/5443
f 2661/3052/5444 2664/3051/5445 2663/3057/5446
f 1154/3058/5447 1155/1598/5448 1147/1086/5449 1146/1085/5450
f 2666/3044/5451 2659/3046/5452 2658/2860/5453
f 2666/3044/5454 2667/3059/5455 2659/3046/5456
f 2661/3052/5457 2659/3046/5458 2667/3059/5459
f 2661/3052/5460 2667/3059/5461 2668/3053/5462
f 1158/3060/5463 1153/1595/5464 1150/1592/5465 1157/1600/5466
f 2670/426/5467 2671/425/5468 2672/3061/5469
f 2686/3062/5470 2682/3063/5471 2684/839/5472 2685/838/5473
f 637/702/5474 641/701/5475 640/3064/5476 639/962/5477
f 3384/1791/5478 3387/3065/5479 3386/3066/5480 3385/1792/5481
f 2678/423/5482 2679/3067/5483 2673/424/5484
f 2373/1011/5485 2375/1357/5486 2374/3068/5487 2371/1012/5488
f 1634/1168/5489 1635/1167/5490 1632/2167/5491 1633/3069/5492
f 2682/3063/5493 2683/3070/5494 2684/839/5495
f 3234/2558/5496 3235/3071/5497 3233/2280/5498 3231/2279/5499
f 2686/3062/5500 2685/838/5501 2687/1695/5502
f 2680/3072/5503 2675/3073/5504 2673/424/5505 2679/3067/5506
f 2681/3074/5507 2676/3075/5508 2675/3073/5509 2680/3072/5510
f 2673/424/5511 2675/3073/5512 2674/3076/5513 2671/425/5514
f 2676/3075/5515 2677/3077/5516 2674/3076/5517 2675/3073/5518
f 2703/2329/5519 2706/1842/5520 2704/3078/5521 2705/3079/5522
f 1933/3080/5523 1929/589/5524 1928/592/5525 1932/2448/5526
f 2707/1841/5527 2708/3081/5528 2704/3078/5529 2706/1842/5530
f 2462/2882/5531 2458/2885/5532 2455/2890/5533 2457/2892/5534
f 75/2254/5535 73/1949/5536 69/153/5537 67/1876/5538
f 2588/3082/5539 2589/2984/5540 2583/2428/5541 2582/2427/5542
f 2698/3083/5543 2699/3084/5544 2694/275/5545 2697/58/5546
f 2700/57/5547 2701/3085/5548 2698/3083/5549 2697/58/5550
f 2724/859/5551 2727/858/5552 2725/1748/5553 2726/3086/5554
f 602/883/5555 603/886/5556 599/876/5557 601/875/5558
f 2735/3087/5559 2733/3088/5560 2730/857/5561 2734/856/5562
f 2730/857/5563 2733/3088/5564 2732/3089/5565 2731/2759/5566
f 42/2770/5567 51/3090/5568 50/2466/5569 43/1256/5570
f 2992/3091/5571 2993/3092/5572 2988/1139/5573 2991/1138/5574
f 2801/3093/5575 2805/3094/5576 2804/3095/5577 2803/3096/5578
f 1523/1830/5579 1524/1833/5580 1521/2724/5581 1522/3097/5582
f 2723/1213/5583 2721/3039/5584 2717/3038/5585 2715/258/5586
f 1089/1509/5587 1090/3098/5588 1088/1514/5589 1085/1510/5590
f 2715/258/5591 2717/3038/5592 2716/3099/5593 2712/259/5594
f 1233/3100/5595 1234/1663/5596 1226/1377/5597 1225/1282/5598
f 1886/2392/5599 1887/2391/5600 1884/2398/5601 1885/3101/5602
f 2748/2210/5603 2756/3102/5604 2754/1882/5605 2751/2177/5606
f 2756/3102/5607 2759/3103/5608 2757/1879/5609 2754/1882/5610
f 762/17/5611 758/20/5612 757/1206/5613 765/1205/5614
f 2755/1881/5615 2752/2174/5616 2751/2177/5617 2754/1882/5618
f 1914/556/5619 1916/1808/5620 1915/3104/5621 1912/557/5622
f 2738/3105/5623 2739/742/5624 2736/2968/5625 2737/3106/5626
f 2738/3105/5627 2747/3107/5628 2744/743/5629 2739/742/5630
f 2143/2601/5631 2144/2604/5632 2139/2598/5633 2142/2016/5634
f 1973/2488/5635 1967/2484/5636 1965/2480/5637 1972/3108/5638
f 1183/3109/5639 1186/3110/5640 1184/3111/5641 1185/3112/5642
f 2745/740/5643 2746/3113/5644 2742/2184/5645 2740/741/5646
f 2574/2904/5647 2575/3114/5648 2573/2992/5649 2571/2905/5650
f 1425/2115/5651 1426/2114/5652 1423/3115/5653 1424/3116/5654
f 1596/2100/5655 1599/2099/5656 1597/2107/5657 1598/3117/5658
f 2265/1367/5659 2270/2711/5660 2266/564/5661 2262/1368/5662
f 2779/3118/5663 2776/2507/5664 2775/74/5665 2778/73/5666
f 2781/3119/5667 2782/3120/5668 2779/3118/5669 2778/73/5670
f 2762/3121/5671 2763/2023/5672 2760/3122/5673 2761/3123/5674
f 2762/3121/5675 2771/3124/5676 2768/2024/5677 2763/2023/5678
f 2764/1301/5679 2765/3125/5680 2760/3122/5681 2763/2023/5682
f 1191/1199/5683 1192/3126/5684 1189/3127/5685 1190/1200/5686
f 2766/1300/5687 2767/3128/5688 2765/3125/5689 2764/1301/5690
f 26/1222/5691 24/1269/5692 21/1272/5693 19/1223/5694
f 1009/2366/5695 1012/1799/5696 1010/1802/5697 1011/3129/5698
f 2796/1902/5699 2807/3130/5700 2806/3131/5701 2799/1903/5702
f 2799/1903/5703 2801/3093/5704 2800/3132/5705 2797/1904/5706
f 3368/3133/5707 3369/384/5708 3366/1650/5709 3367/3134/5710
f 1342/1908/5711 1344/2983/5712 1343/3135/5713 1340/3136/5714
f 2801/3093/5715 2803/3096/5716 2802/3137/5717 2800/3132/5718
f 2786/1530/5719 2787/1261/5720 2784/1260/5721 2785/3138/5722
f 1755/792/5723 1757/1812/5724 1756/3139/5725 1752/793/5726
f 1339/1909/5727 1342/1908/5728 1340/3136/5729 1341/3140/5730
f 2791/1529/5731 2794/2957/5732 2793/3141/5733 2792/3142/5734
f 1446/2326/5735 1448/826/5736 1447/827/5737 1443/2327/5738
f 2791/1529/5739 2792/3142/5740 2788/1258/5741 2787/1261/5742
f 2814/3143/5743 2817/2616/5744 2815/2615/5745 2816/3144/5746
f 3304/3145/5747 3305/880/5748 3297/306/5749 3296/3146/5750
f 1395/3147/5751 1398/3148/5752 1396/3149/5753 1397/3150/5754
f 2810/992/5755 2813/3151/5756 2812/3152/5757 2811/993/5758
f 934/1768/5759 936/3153/5760 935/3154/5761 932/1769/5762
f 1385/3155/5763 1383/2393/5764 1382/225/5765 1384/2919/5766
f 348/528/5767 344/518/5768 343/511/5769 350/3156/5770
f 2841/2005/5771 2836/2004/5772 2835/1958/5773 2842/1957/5774
f 1398/3148/5775 1400/2085/5776 1399/2088/5777 1396/3149/5778
f 1863/3157/5779 1868/3158/5780 1866/2373/5781 1864/2067/5782
f 2822/3159/5783 2823/2500/5784 2820/3160/5785 2821/3161/5786
f 2822/3159/5787 2828/3162/5788 2826/2501/5789 2823/2500/5790
f 2829/3163/5791 2830/3164/5792 2826/2501/5793 2828/3162/5794
f 2831/3165/5795 2827/2498/5796 2826/2501/5797 2830/3164/5798
f 2824/2499/5799 2825/3166/5800 2820/3160/5801 2823/2500/5802
f 1359/2324/5803 1360/3167/5804 1357/2779/5805 1358/450/5806
f 2856/3168/5807 2859/1940/5808 2857/1939/5809 2858/3169/5810
f 2862/3170/5811 2863/3171/5812 2859/1940/5813 2856/3168/5814
f 2862/3170/5815 2867/3172/5816 2865/3173/5817 2863/3171/5818
f 2092/114/5819 2093/117/5820 2089/1814/5821 2091/1305/5822
f 2863/3171/5823 2864/3174/5824 2860/1937/5825 2859/1940/5826
f 3431/3175/5827 3428/197/5828 3427/200/5829 3430/2354/5830
f 2898/3176/5831 2901/3177/5832 2899/3178/5833 2900/3179/5834
f 2846/1/5835 2855/3180/5836 2852/1862/5837 2847/2/5838
f 810/3181/5839 807/140/5840 806/10/5841 809/1898/5842
f 2492/1263/5843 2493/3182/5844 2490/1203/5845 2491/1202/5846
f 2853/1863/5847 2854/3183/5848 2850/2130/5849 2849/1864/5850
f 2904/3184/5851 2909/3185/5852 2907/1440/5853 2905/1443/5854
f 466/736/5855 476/2257/5856 473/750/5857 469/737/5858
f 2780/72/5859 2783/3186/5860 2781/3119/5861 2778/73/5862
f 2880/1082/5863 2882/3187/5864 2881/3188/5865 2878/1083/5866
f 2880/1082/5867 2884/1170/5868 2883/3189/5869 2882/3187/5870
f 2870/2532/5871 2871/2531/5872 2868/3190/5873 2869/3191/5874
f 3389/3192/5875 3387/3065/5876 3384/1791/5877 3388/3193/5878
f 2806/3131/5879 2805/3094/5880 2801/3093/5881 2799/1903/5882
f 2872/3194/5883 2873/3195/5884 2868/3190/5885 2871/2531/5886
f 1943/1948/5887 1939/2442/5888 1938/2026/5889 1942/955/5890
f 2904/3184/5891 2905/1443/5892 2901/3177/5893 2898/3176/5894
f 3333/1255/5895 3335/1254/5896 3334/3196/5897 3331/3197/5898
f 2902/3198/5899 2903/3199/5900 2899/3178/5901 2901/3177/5902
f 2905/1443/5903 2906/1442/5904 2902/3198/5905 2901/3177/5906
f 1193/1201/5907 1190/1200/5908 1186/3110/5909 1183/3109/5910
f 2888/2404/5911 2889/2089/5912 2886/2092/5913 2887/3200/5914
f 3266/1352/5915 3267/3201/5916 3265/3202/5917 3264/1353/5918
f 2847/2/5919 2849/1864/5920 2848/2132/5921 2844/3/5922
f 2226/2681/5923 2236/3203/5924 2232/59/5925 2229/62/5926
f 2895/3204/5927 2896/3205/5928 2892/3206/5929 2891/2090/5930
f 2892/3206/5931 2893/3207/5932 2890/2091/5933 2891/2090/5934
f 1778/3208/5935 1773/2300/5936 1772/2288/5937 1777/2291/5938
f 2212/2675/5939 2213/3209/5940 2210/2668/5941 2208/2666/5942
f 272/414/5943 275/422/5944 274/3210/5945 273/415/5946
f 3163/2296/5947 3160/1721/5948 3159/475/5949 3162/439/5950
f 2929/1360/5951 2930/2609/5952 2925/1046/5953 2928/1045/5954
f 1421/3211/5955 1422/3212/5956 1419/96/5957 1420/95/5958
f 1489/2079/5959 1490/2161/5960 1486/3213/5961 1488/697/5962
f 1072/1505/5963 1071/1504/5964 1076/1498/5965 1075/1508/5966
f 2910/3214/5967 2913/3215/5968 2911/3216/5969 2912/3217/5970
f 1415/2587/5971 1416/2586/5972 1413/3218/5973 1414/3219/5974
f 2921/3220/5975 2918/3221/5976 2916/3222/5977 2920/3223/5978
f 2921/3220/5979 2924/3224/5980 2922/3225/5981 2918/3221/5982
f 2913/3215/5983 2915/3226/5984 2914/3227/5985 2911/3216/5986
f 2916/3222/5987 2917/3228/5988 2915/3226/5989 2913/3215/5990
f 2918/3221/5991 2919/3229/5992 2917/3228/5993 2916/3222/5994
f 2922/3225/5995 2923/3230/5996 2919/3229/5997 2918/3221/5998
f 111/162/5999 109/3231/6000 105/3232/6001 103/158/6002
f 2960/3233/6003 2961/3234/6004 2955/2915/6005 2954/2914/6006
f 2962/3235/6007 2956/3236/6008 2955/2915/6009 2961/3234/6010
f 2962/3235/6011 2963/3237/6012 2958/3238/6013 2956/3236/6014
f 2956/3236/6015 2957/3239/6016 2952/2916/6017 2955/2915/6018
f 2958/3238/6019 2959/3240/6020 2957/3239/6021 2956/3236/6022
f 2940/1171/6023 2943/142/6024 2941/544/6025 2942/3241/6026
f 1330/2157/6027 1332/2233/6028 1331/3242/6029 1328/2996/6030
f 3362/205/6031 3363/3243/6032 3360/3244/6033 3361/206/6034
f 1964/2479/6035 1976/3245/6036 1972/3108/6037 1965/2480/6038
f 799/11/6039 803/2688/6040 802/3246/6041 800/12/6042
f 1186/3110/6043 1190/1200/6044 1189/3127/6045 1188/3247/6046
f 661/991/6047 663/3248/6048 662/3249/6049 659/1428/6050
f 2196/2639/6051 2197/3250/6052 2194/2642/6053 2195/2640/6054
f 2964/1755/6055 2968/1754/6056 2969/3251/6057
f 206/342/6058 207/3252/6059 203/353/6060 202/343/6061
f 2971/553/6062 2967/871/6063 2970/554/6064
f 3038/3253/6065 3046/2457/6066 3042/2456/6067 3039/223/6068
f 2980/268/6069 2981/2197/6070 2977/676/6071 2979/675/6072
f 3087/3254/6073 3091/626/6074 3090/625/6075 3089/3255/6076
f 1301/531/6077 1302/3256/6078 1299/1774/6079 1297/532/6080
f 2397/2831/6081 2399/2845/6082 2398/3257/6083 2395/2829/6084
f 718/1070/6085 719/3258/6086 717/1078/6087 715/1071/6088
f 1020/3259/6089 1017/639/6090 1016/642/6091 1019/2365/6092
f 781/863/6093 783/1174/6094 782/3260/6095 778/2343/6096
f 3000/3261/6097 3003/2685/6098 3001/2684/6099 3002/3262/6100
f 3000/3261/6101 3011/3263/6102 3010/3264/6103 3003/2685/6104
f 1738/2521/6105 1732/2231/6106 1731/2224/6107 1737/2228/6108
f 3008/2033/6109 3004/2036/6110 3003/2685/6111 3010/3264/6112
f 3004/2036/6113 3007/2035/6114 3006/3265/6115 3005/2683/6116
f 3060/3266/6117 3063/3267/6118 3061/3268/6119 3062/3269/6120
f 2028/2533/6121 2038/2541/6122 2035/2370/6123 2031/2534/6124
f 2990/1137/6125 2996/3270/6126 2994/3271/6127 2991/1138/6128
f 222/375/6129 223/378/6130 220/381/6131 221/3272/6132
f 2998/3273/6133 2999/3274/6134 2995/3275/6135 2994/3271/6136
f 3255/3276/6137 3256/3277/6138 3250/3278/6139 3247/3279/6140
f 3219/706/6141 3221/705/6142 3220/2497/6143 3217/2928/6144
f 1797/401/6145 1794/2439/6146 1802/3280/6147 1801/1596/6148
f 826/1438/6149 828/1437/6150 827/3281/6151 823/2042/6152
f 758/20/6153 759/3282/6154 755/1646/6155 757/1206/6156
f 2976/674/6157 2987/3283/6158 2986/810/6159 2979/675/6160
f 3028/129/6161 3029/3284/6162 3025/1446/6163 3027/1445/6164
f 3030/128/6165 3031/3285/6166 3029/3284/6167 3028/129/6168
f 3014/3286/6169 3015/3287/6170 3012/3288/6171 3013/3289/6172
f 1630/2128/6173 1627/1852/6174 1623/2123/6175 1620/2122/6176
f 2244/100/6177 2245/2001/6178 2243/1952/6179 2241/101/6180
f 3015/3287/6181 3017/3290/6182 3016/3291/6183 3012/3288/6184
f 3015/3287/6185 3019/2349/6186 3018/3292/6187 3017/3290/6188
f 3019/2349/6189 3021/2348/6190 3020/3293/6191 3018/3292/6192
f 2836/2004/6193 2839/2007/6194 2838/3294/6195 2837/2306/6196
f 3048/2378/6197 3059/3295/6198 3058/3296/6199 3051/2379/6200
f 3052/1742/6201 3053/3297/6202 3049/2380/6203 3051/2379/6204
f 3058/3296/6205 3056/1739/6206 3052/1742/6207 3051/2379/6208
f 2453/3298/6209 2450/2449/6210 2449/2452/6211 2452/2886/6212
f 3052/1742/6213 3055/1741/6214 3054/3299/6215 3053/3297/6216
f 3038/3253/6217 3039/223/6218 3036/222/6219 3037/3300/6220
f 1705/2203/6221 1706/2209/6222 1701/2467/6223 1704/2200/6224
f 3183/436/6225 3187/435/6226 3186/2623/6227 3185/1704/6228
f 3044/2455/6229 3045/3301/6230 3043/2584/6231 3042/2456/6232
f 768/601/6233 769/602/6234 766/2275/6235 767/3302/6236
f 458/1334/6237 461/1901/6238 460/3303/6239 459/2567/6240
f 3074/2362/6241 3075/1727/6242 3072/1726/6243 3073/3304/6244
f 1132/1574/6245 1134/1573/6246 1133/3305/6247 1130/1587/6248
f 3080/1743/6249 3076/1724/6250 3075/1727/6251 3083/2361/6252
f 1431/3306/6253 1432/3307/6254 1429/2222/6255 1430/2221/6256
f 3510/1380/6257 3514/3308/6258 3513/3309/6259 3512/3310/6260
f 3076/1724/6261 3079/1745/6262 3078/3311/6263 3077/1725/6264
f 2574/2904/6265 2577/2991/6266 2576/3312/6267 2575/3114/6268
f 3060/3266/6269 3070/430/6270 3067/429/6271 3063/3267/6272
f 48/2465/6273 49/3313/6274 47/150/6275 45/149/6276
f 3068/428/6277 3069/3314/6278 3066/3315/6279 3067/429/6280
f 3063/3267/6281 3065/3316/6282 3064/3317/6283 3061/3268/6284
f 1774/2297/6285 1775/2289/6286 1772/2288/6287 1770/417/6288
f 2237/3318/6289 2234/1826/6290 2232/59/6291 2236/3203/6292
f 3104/3319/6293 3105/3320/6294 3099/2284/6295 3098/2689/6296
f 3106/3321/6297 3100/24/6298 3099/2284/6299 3105/3320/6300
f 3106/3321/6301 3107/3322/6302 3102/21/6303 3100/24/6304
f 212/323/6305 215/335/6306 214/3323/6307 213/324/6308
f 1604/2102/6309 1605/3324/6310 1603/2229/6311 1602/2098/6312
f 3084/3325/6313 3087/3254/6314 3085/3326/6315 3086/3327/6316
f 3084/3325/6317 3094/3328/6318 3091/626/6319 3087/3254/6320
f 3094/3328/6321 3095/3329/6322 3092/623/6323 3091/626/6324
f 943/3330/6325 946/1370/6326 944/1372/6327 945/3331/6328
f 642/957/6329 643/3332/6330 640/3064/6331 641/701/6332
f 2894/2406/6333 2895/3204/6334 2891/2090/6335 2889/2089/6336
f 1351/451/6337 1354/277/6338 1352/280/6339 1353/3333/6340
f 3128/3334/6341 3129/3335/6342 3123/2081/6343 3122/2080/6344
f 3130/3336/6345 3124/2505/6346 3123/2081/6347 3129/3335/6348
f 2285/3337/6349 2282/3338/6350 2280/2776/6351 2284/2778/6352
f 3124/2505/6353 3125/2504/6354 3120/2082/6355 3123/2081/6356
f 1516/1974/6357 1517/2492/6358 1513/1979/6359 1512/1975/6360
f 3108/2363/6361 3111/329/6362 3109/332/6363 3110/3339/6364
f 1863/3157/6365 1864/2067/6366 1860/523/6367 1857/3340/6368
f 3118/2364/6369 3119/3341/6370 3116/3342/6371 3115/1294/6372
f 392/586/6373 395/762/6374 394/3343/6375 393/587/6376
f 791/67/6377 792/70/6378 787/339/6379 790/86/6380
f 3116/3342/6381 3117/3344/6382 3114/1295/6383 3115/1294/6384
f 1651/1643/6385 1653/2150/6386 1652/3345/6387 1650/1644/6388
f 720/1073/6389 721/1091/6390 719/3258/6391 718/1070/6392
f 2062/2565/6393 2063/3346/6394 2060/1121/6395 2059/515/6396
f 1805/1648/6397 1806/1238/6398 1803/1241/6399 1804/3347/6400
f 1012/1799/6401 1016/642/6402 1015/641/6403 1014/1800/6404
f 3151/248/6405 3150/3348/6406 3149/2570/6407 3148/245/6408
f 3132/3349/6409 3135/3350/6410 3133/3351/6411 3134/3352/6412
f 3132/3349/6413 3142/2313/6414 3139/2312/6415 3135/3350/6416
f 833/1436/6417 829/1237/6418 826/1438/6419 825/2041/6420
f 3141/2311/6421 3140/3353/6422 3138/3354/6423 3139/2312/6424
f 3135/3350/6425 3137/3355/6426 3136/3356/6427 3133/3351/6428
f 3135/3350/6429 3139/2312/6430 3138/3354/6431 3137/3355/6432
f 340/510/6433 351/3357/6434 350/3156/6435 343/511/6436
f 506/773/6437 507/775/6438 503/754/6439 505/753/6440
f 2052/2564/6441 2055/514/6442 2053/3358/6443 2054/3359/6444
f 698/1666/6445 699/3360/6446 696/2425/6447 695/1036/6448
f 3509/1379/6449 3515/3361/6450 3514/3308/6451 3510/1380/6452
f 2024/3362/6453 2025/1807/6454 2019/1152/6455 2018/2786/6456
f 1921/2719/6457 1918/614/6458 1914/556/6459 1911/555/6460
f 3442/3363/6461 3443/78/6462 3435/77/6463 3434/1589/6464
f 2386/2808/6465 2389/2810/6466 2388/3364/6467 2387/2817/6468
f 2995/3275/6469 2992/3091/6470 2991/1138/6471 2994/3271/6472
f 724/3365/6473 725/1089/6474 720/1073/6475 723/1072/6476
f 1743/181/6477 1747/2267/6478 1746/2270/6479 1745/182/6480
f 1129/1586/6481 1139/1579/6482 1135/1575/6483 1132/1574/6484
f 3200/3366/6485 3201/3367/6486 3195/3032/6487 3194/3031/6488
f 3202/3368/6489 3196/3369/6490 3195/3032/6491 3201/3367/6492
f 3202/3368/6493 3203/3370/6494 3198/3371/6495 3196/3369/6496
f 3196/3369/6497 3197/3372/6498 3192/3033/6499 3195/3032/6500
f 3198/3371/6501 3199/3373/6502 3197/3372/6503 3196/3369/6504
f 3180/433/6505 3183/436/6506 3181/1706/6507 3182/3374/6508
f 797/3375/6509 798/87/6510 790/86/6511 789/338/6512
f 60/3376/6513 56/92/6514 55/80/6515 59/84/6516
f 2612/3005/6517 2608/1558/6518 2607/3014/6519 2615/3019/6520
f 564/1689/6521 565/873/6522 562/1660/6523 563/3377/6524
f 3168/13/6525 3171/16/6526 3169/120/6527 3170/3378/6528
f 1243/1709/6529 1244/1719/6530 1242/1715/6531 1240/1710/6532
f 3216/2927/6533 3227/3379/6534 3224/703/6535 3219/706/6536
f 1825/1098/6537 1828/1161/6538 1827/3380/6539 1826/1099/6540
f 745/1114/6541 749/2527/6542 748/3381/6543 747/1123/6544
f 2438/2855/6545 2434/2394/6546 2431/2864/6547 2433/2866/6548
f 39/3382/6549 37/1959/6550 35/304/6551 34/1929/6552
f 3206/3383/6553 3207/2653/6554 3204/2652/6555 3205/3384/6556
f 3210/3385/6557 3211/3386/6558 3207/2653/6559 3206/3383/6560
f 3210/3385/6561 3215/3387/6562 3213/3388/6563 3211/3386/6564
f 1453/3389/6565 1456/1844/6566 1454/1845/6567 1455/3390/6568
f 3211/3386/6569 3212/3391/6570 3208/2650/6571 3207/2653/6572
f 3213/3388/6573 3214/3392/6574 3212/3391/6575 3211/3386/6576
f 2346/2780/6577 2356/898/6578 2352/897/6579 2349/2783/6580
f 3253/3393/6581 3254/3394/6582 3246/1618/6583 3245/1617/6584
f 3254/3394/6585 3255/3276/6586 3247/3279/6587 3246/1618/6588
f 413/628/6589 414/3395/6590 410/1965/6591 412/622/6592
f 3247/3279/6593 3248/3396/6594 3243/1619/6595 3246/1618/6596
f 3341/3397/6597 3338/3398/6598 3336/1252/6599 3340/3399/6600
f 3251/3400/6601 3252/3401/6602 3249/3402/6603 3250/3278/6604
f 542/797/6605 543/3403/6606 538/2841/6607 541/798/6608
f 3228/2556/6609 3231/2279/6610 3229/2282/6611 3230/3404/6612
f 2260/2715/6613 2261/3405/6614 2257/2705/6615 2256/2708/6616
f 3239/1871/6617 3236/1874/6618 3234/2558/6619 3238/2557/6620
f 3376/3406/6621 3377/385/6622 3369/384/6623 3368/3133/6624
f 3468/3407/6625 3469/3408/6626 3465/1858/6627 3462/1857/6628
f 3063/3267/6629 3067/429/6630 3066/3315/6631 3065/3316/6632
f 3236/1874/6633 3237/3409/6634 3235/3071/6635 3234/2558/6636
f 3240/1873/6637 3241/3410/6638 3237/3409/6639 3236/1874/6640
f 664/935/6641 665/1007/6642 663/3248/6643 661/991/6644
f 3280/3411/6645 3281/2878/6646 3273/2881/6647 3272/2934/6648
f 1810/47/6649 1814/46/6650 1811/2618/6651 1809/1439/6652
f 3278/2879/6653 3279/3412/6654 3277/3413/6655 3274/2880/6656
f 3274/2880/6657 3275/3414/6658 3270/2935/6659 3273/2881/6660
f 3274/2880/6661 3277/3413/6662 3276/3415/6663 3275/3414/6664
f 3258/3416/6665 3261/1816/6666 3259/1819/6667 3260/3417/6668
f 368/941/6669 371/2563/6670 370/3418/6671 369/942/6672
f 951/1822/6673 954/3419/6674 953/3420/6675 952/1823/6676
f 195/3421/6677 191/2146/6678 190/270/6679 194/274/6680
f 3264/1353/6681 3265/3202/6682 3263/1817/6683 3261/1816/6684
f 3296/3146/6685 3297/306/6686 3294/309/6687 3295/3422/6688
f 2055/514/6689 2057/517/6690 2056/3423/6691 2053/3358/6692
f 2282/3338/6693 2283/3424/6694 2281/2777/6695 2280/2776/6696
f 859/1135/6697 860/1154/6698 858/2421/6699 856/1210/6700
f 848/2074/6701 849/1093/6702 844/1092/6703 847/2981/6704
f 3299/307/6705 3301/1538/6706 3300/3425/6707 3298/308/6708
f 1489/2079/6709 1494/2078/6710 1493/3426/6711 1492/2159/6712
f 3292/367/6713 3288/366/6714 3285/1785/6715 3282/1784/6716
f 1321/903/6717 1322/2694/6718 1320/811/6719 1318/26/6720
f 3288/366/6721 3291/365/6722 3290/3427/6723 3289/3428/6724
f 3285/1785/6725 3287/3429/6726 3286/3430/6727 3283/1786/6728
f 3288/366/6729 3289/3428/6730 3287/3429/6731 3285/1785/6732
f 2494/1264/6733 2491/1202/6734 2487/253/6735 2484/1008/6736
f 911/3431/6737 912/3432/6738 910/1781/6739 909/1780/6740
f 1618/2141/6741 1613/1995/6742 1611/1922/6743 1617/2137/6744
f 94/1884/6745 97/2065/6746 96/3433/6747 95/3434/6748
f 3321/176/6749 3323/171/6750 3322/174/6751 3318/177/6752
f 105/3232/6753 107/3435/6754 106/3436/6755 104/3437/6756
f 3306/170/6757 3309/166/6758 3307/188/6759 3308/3438/6760
f 103/158/6761 105/3232/6762 104/3437/6763 100/159/6764
f 3317/3439/6765 3315/185/6766 3312/163/6767 3316/169/6768
f 105/3232/6769 109/3231/6770 108/3440/6771 107/3435/6772
f 91/1885/6773 93/3441/6774 92/3442/6775 89/2994/6776
f 94/1884/6777 95/3434/6778 93/3441/6779 91/1885/6780
f 1926/2051/6781 1928/592/6782 1927/591/6783 1923/2445/6784
f 3352/3443/6785 3353/3444/6786 3345/2054/6787 3344/2912/6788
f 3353/3444/6789 3350/41/6790 3346/44/6791 3345/2054/6792
f 2997/3445/6793 2998/3273/6794 2994/3271/6795 2996/3270/6796
f 1757/1812/6797 1759/1811/6798 1758/3446/6799 1756/3139/6800
f 3346/44/6801 3349/43/6802 3348/3447/6803 3347/2052/6804
f 3330/3448/6805 3333/1255/6806 3331/3197/6807 3332/3449/6808
f 3330/3448/6809 3340/3399/6810 3336/1252/6811 3333/1255/6812
f 2130/908/6813 2131/907/6814 2129/2611/6815 2127/2538/6816
f 3338/3398/6817 3339/3450/6818 3337/1253/6819 3336/1252/6820
f 2865/3173/6821 2866/3451/6822 2864/3174/6823 2863/3171/6824
f 1347/2310/6825 1348/3452/6826 1345/2982/6827 1346/1907/6828
f 882/3453/6829 880/3020/6830 879/1274/6831 878/1296/6832
f 3014/3286/6833 3022/2346/6834 3019/2349/6835 3015/3287/6836
f 406/634/6837 407/3454/6838 404/2138/6839 403/630/6840
f 3374/382/6841 3375/3455/6842 3373/3456/6843 3370/383/6844
f 1473/2692/6845 1476/1936/6846 1474/1935/6847 1475/3457/6848
f 3370/383/6849 3373/3456/6850 3372/3458/6851 3371/1649/6852
f 3354/3459/6853 3357/3460/6854 3355/3461/6855 3356/3462/6856
f 3354/3459/6857 3364/207/6858 3361/206/6859 3357/3460/6860
f 1485/698/6861 1488/697/6862 1486/3213/6863 1487/3463/6864
f 3598/3464/6865 3596/3465/6866 3595/3466/6867 3597/3467/6868
f 3357/3460/6869 3359/3468/6870 3358/3469/6871 3355/3461/6872
f 3357/3460/6873 3361/206/6874 3360/3244/6875 3359/3468/6876
f 3256/3277/6877 3257/3470/6878 3251/3400/6879 3250/3278/6880
f 3400/3471/6881 3401/3472/6882 3393/1061/6883 3392/1060/6884
f 3401/3472/6885 3399/3473/6886 3395/1155/6887 3393/1061/6888
f 3395/1155/6889 3399/3473/6890 3398/3474/6891 3397/3475/6892
f 3510/1380/6893 3512/3310/6894 3511/3476/6895 3507/1381/6896
f 3395/1155/6897 3397/3475/6898 3396/3477/6899 3394/1156/6900
f 3378/3478/6901 3381/1794/6902 3379/2854/6903 3380/3479/6904
f 3388/3193/6905 3384/1791/6906 3381/1794/6907 3378/3478/6908
f 3557/1164/6909 3559/2594/6910 3558/3480/6911 3556/3481/6912
f 1594/3482/6913 1595/2116/6914 1587/110/6915 1586/2110/6916
f 2122/2585/6917 2123/3483/6918 2118/2588/6919 2116/1491/6920
f 1857/3340/6921 1860/523/6922 1858/522/6923 1859/3484/6924
f 3247/3279/6925 3250/3278/6926 3249/3402/6927 3248/3396/6928
f 62/1158/6929 63/3485/6930 60/3376/6931 59/84/6932
f 3419/3486/6933 3415/3487/6934 3414/649/6935 3418/648/6936
f 750/2710/6937 751/3488/6938 748/3381/6939 749/2527/6940
f 3402/3489/6941 3405/3490/6942 3403/3491/6943 3404/3492/6944
f 3402/3489/6945 3410/3493/6946 3409/3494/6947 3405/3490/6948
f 3405/3490/6949 3407/3495/6950 3406/3496/6951 3403/3491/6952
f 1783/2278/6953 1784/2287/6954 1779/1969/6955 1782/1968/6956
f 903/1867/6957 906/3497/6958 905/3498/6959 904/1868/6960
f 1232/3499/6961 1233/3100/6962 1225/1282/6963 1224/1281/6964
f 263/347/6965 260/3500/6966 259/690/6967 262/348/6968
f 1481/1209/6969 1477/1933/6970 1476/1936/6971 1480/1197/6972
f 3436/76/6973 3437/3501/6974 3432/1590/6975 3435/77/6976
f 3436/76/6977 3439/2572/6978 3438/3502/6979 3437/3501/6980
f 3420/2353/6981 3423/2355/6982 3421/3503/6983 3422/3504/6984
f 2426/2868/6985 2427/3505/6986 2424/2852/6987 2425/2857/6988
f 130/196/6989 135/195/6990 134/3506/6991 133/201/6992
f 1815/2319/6993 1820/2423/6994 1819/3507/6995 1818/2320/6996
f 3423/2355/6997 3425/3508/6998 3424/3509/6999 3421/3503/7000
f 3423/2355/7001 3427/200/7002 3426/199/7003 3425/3508/7004
f 3444/3510/7005 3445/3511/7006 3446/3512/7007 3447/3515/7008
f 2174/2305/7009 2175/3513/7010 2173/2602/7011 2171/2263/7012
f 3448/3514/7013 3444/3510/7014 3447/3515/7015 3449/3516/7016
f 3450/3517/7017 3449/3516/7018 3447/3515/7019 3451/3518/7020
f 3452/3519/7021 3451/3518/7022 3447/3515/7023 3446/3512/7024
f 3459/3522/7025 3458/3521/7026 3456/1328/7027 3460/3523/7028
f 3461/3524/7029 3460/3523/7030 3456/1328/7031 3453/1327/7032
f 3473/938/7033 3474/937/7034 3471/3009/7035 3472/3525/7036
f 3258/3416/7037 3268/1354/7038 3264/1353/7039 3261/1816/7040
f 2608/1558/7041 2609/1561/7042 2605/3012/7043 2607/3014/7044
f 3087/3254/7045 3089/3255/7046 3088/3527/7047 3085/3326/7048
f 1312/1772/7049 1313/1865/7050 1308/1757/7051 1306/1756/7052
f 1692/966/7053 1693/2799/7054 1691/1563/7055 1689/1562/7056
f 3481/3530/7057 3482/3531/7058 3480/3529/7059 3483/3532/7060
f 3484/3533/7061 3485/3534/7062 3481/3530/7063 3483/3532/7064
f 3483/3532/7065 3480/3529/7066 3486/3535/7067 3487/3536/7068
f 3483/3532/7069 3487/3536/7070 3488/3537/7071 3484/3533/7072
f 3489/3538/7073 3490/3539/7074 3491/3540/7075 3492/3541/7076
f 3493/3542/7077 3489/3538/7078 3492/3541/7079 3494/3543/7080
f 3495/3544/7081 3494/3543/7082 3492/3541/7083 3496/3545/7084
f 3496/3545/7085 3492/3541/7086 3491/3540/7087 3497/3546/7088
f 2717/3038/7089 2719/3041/7090 2718/3547/7091 2716/3099/7092
f 488/3548/7093 489/2574/7094 481/734/7095 480/817/7096
f 3522/3549/7097 3523/3550/7098 3519/1524/7099 3516/1523/7100
f 3405/3490/7101 3409/3494/7102 3408/3551/7103 3407/3495/7104
f 2186/2655/7105 2187/3552/7106 2185/2636/7107 2184/1015/7108
f 811/1185/7109 817/1184/7110 816/3553/7111 815/1655/7112
f 3506/3554/7113 3502/3555/7114 3501/2154/7115 3505/2153/7116
f 758/20/7117 761/19/7118 760/3556/7119 759/3282/7120
f 3502/3555/7121 3503/3557/7122 3499/2823/7123 3501/2154/7124
f 2330/2760/7125 2326/2763/7126 2323/2766/7127 2325/1418/7128
f 582/1374/7129 583/3558/7130 581/854/7131 578/846/7132
f 2910/3214/7133 2920/3223/7134 2916/3222/7135 2913/3215/7136
f 2512/2798/7137 2515/2797/7138 2514/3559/7139 2513/2937/7140
f 3524/3560/7141 3520/1611/7142 3519/1524/7143 3523/3550/7144
f 260/3500/7145 261/3561/7146 256/1000/7147 259/690/7148
f 3535/1470/7149 3536/3563/7150 3534/3562/7151 3537/1471/7152
f 3537/1471/7153 3534/3562/7154 3540/3565/7155 3541/3566/7156
f 3543/3567/7157 3544/3568/7158 3545/3569/7159 3546/3570/7160
f 3547/3571/7161 3543/3567/7162 3546/3570/7163 3548/3572/7164
f 3549/3573/7165 3548/3572/7166 3546/3570/7167 3550/3574/7168
f 3550/3574/7169 3546/3570/7170 3545/3569/7171 3551/3575/7172
f 3564/1896/7173 3567/1895/7174 3565/3576/7175 3566/3577/7176
f 2938/1359/7177 2939/3578/7178 2933/635/7179 2932/638/7180
f 18/1220/7181 19/1223/7182 16/2573/7183 17/3579/7184
f 3573/1187/7185 3574/3580/7186 3572/3581/7187 3571/1188/7188
f 3568/3582/7189 3569/3583/7190 3565/3576/7191 3567/1895/7192
f 3571/1188/7193 3572/3581/7194 3568/3582/7195 3567/1895/7196
f 3415/3487/7197 3416/3584/7198 3411/726/7199 3414/649/7200
f 3555/665/7201 3557/1164/7202 3556/3481/7203 3552/666/7204
f 2326/2763/7205 2329/2762/7206 2328/3585/7207 2327/2768/7208
f 1977/1287/7209 1980/1286/7210 1978/2474/7211 1979/3586/7212
f 1186/3110/7213 1188/3247/7214 1187/3587/7215 1184/3111/7216
f 1572/2061/7217 1580/2094/7218 1578/1779/7219 1575/1778/7220
f 3594/3588/7221 3595/3466/7222 3591/1005/7223 3588/2303/7224
f 3130/3336/7225 3131/3589/7226 3126/2502/7227 3124/2505/7228
f 3328/3590/7229 3329/189/7230 3321/176/7231 3320/175/7232
f 2876/3591/7233 2872/3194/7234 2871/2531/7235 2875/2530/7236
f 3596/3465/7237 3592/1002/7238 3591/1005/7239 3595/3466/7240
f 3578/3592/7241 3579/2316/7242 3576/2318/7243 3577/3593/7244
f 3578/3592/7245 3587/3594/7246 3584/3595/7247 3579/2316/7248
f 3032/3596/7249 3033/2135/7250 3027/1445/7251 3024/1444/7252
f 3585/1944/7253 3581/1943/7254 3579/2316/7255 3584/3595/7256
f 3582/1942/7257 3583/3597/7258 3580/2317/7259 3581/1943/7260
f 1373/3598/7261 1369/1265/7262 1368/1268/7263 1372/1851/7264
f 3594/3588/7265 3599/3599/7266 3597/3467/7267 3595/3466/7268
f 3542/1468/7269 3538/1469/7270 3537/1471/7271 3541/3566/7272
f 3470/2836/7273 3466/2837/7274 3465/1858/7275 3469/3408/7276
f 3478/939/7277 3474/937/7278 3473/938/7279 3479/3528/7280
f 3453/1327/7281 3456/1328/7282 3454/1326/7283 3455/3520/7284
f 2535/2949/7285 2536/2893/7286 2533/2948/7287
f 2523/2435/7288 2527/2437/7289 2526/2438/7290
f 1040/1456/7291 1036/1453/7292 1039/1452/7293
f 1029/1460/7294 1026/1457/7295 1024/1102/7296
f 505/753/7297 512/757/7298 510/756/7299 506/773/7300
f 1987/1217/7301 1989/1557/7302 1990/1555/7303 1988/1214/7304
f 2274/327/7305 2277/328/7306 2275/326/7307 2276/2717/7308
