# This file uses centimeters as units for non-parametric coordinates.

mtllib Beard03.mtl
g default
v 1.426229 164.160964 11.745204
v 2.207640 163.559265 11.522544
v 1.881290 164.076049 11.564261
v 1.709013 163.530670 11.892781
v 2.111775 162.925918 11.650609
v 2.695794 162.853240 11.112124
v 0.923389 164.114929 11.978151
v 1.209882 163.438049 12.166568
v 1.545434 163.035217 12.048750
v -1.426229 164.160964 11.745204
v -1.881290 164.076049 11.564261
v -2.207640 163.559265 11.522544
v -1.709013 163.530670 11.892781
v -0.923389 164.114929 11.978151
v -1.209882 163.438049 12.166568
v -1.545434 163.035217 12.048750
v -2.111775 162.925918 11.650609
v -2.695794 162.853240 11.112124
v 1.069050 164.562744 11.792923
v 2.168673 164.082397 11.441040
v 1.676700 164.540130 11.573215
v 1.440393 163.961151 11.842676
v 1.980315 163.385131 11.680808
v 2.794903 163.607574 11.136891
v 0.496883 164.458435 12.005591
v 0.770909 163.866912 12.170902
v 1.300040 163.291854 12.166950
v -1.069050 164.562744 11.792923
v -1.676700 164.540130 11.573215
v -2.168673 164.082397 11.441040
v -1.440393 163.961151 11.842676
v -0.496883 164.458435 12.005591
v -0.770909 163.866912 12.170902
v -1.300040 163.291854 12.166950
v -1.980315 163.385131 11.680808
v -2.794903 163.607574 11.136891
v 1.463380 164.328613 11.657171
v 2.470530 163.670944 11.346179
v 2.067761 164.301803 11.457447
v 1.831924 163.725204 11.736868
v 2.306593 163.087982 11.504598
v 2.943594 162.938095 10.980866
v 1.014414 164.372467 11.780834
v 1.252322 163.653152 12.114345
v 1.688936 163.048217 11.864497
v -1.463380 164.328613 11.657171
v -2.067761 164.301803 11.457447
v -2.470530 163.670944 11.346179
v -1.831924 163.725204 11.736868
v -1.014414 164.372467 11.780834
v -1.252322 163.653152 12.114345
v -1.688936 163.048217 11.864497
v -2.306593 163.087982 11.504598
v -2.943594 162.938095 10.980866
v 1.204344 164.328521 11.789728
v 2.025659 163.727569 11.637755
v 1.676292 164.206146 11.609184
v 1.488876 163.738265 11.987132
v 1.868492 163.111709 11.852248
v 2.498723 162.987548 11.464997
v 0.750432 164.325393 11.934058
v 0.953038 163.686553 12.244213
v 1.269682 163.262374 12.149106
v -1.204344 164.328521 11.789728
v -1.676292 164.206146 11.609184
v -2.025659 163.727569 11.637755
v -1.488876 163.738265 11.987132
v -0.750432 164.325393 11.934058
v -0.953038 163.686553 12.244213
v -1.269682 163.262374 12.149106
v -1.868492 163.111709 11.852248
v -2.498723 162.987548 11.464997
v 1.942737 164.063369 11.577291
v 2.843625 163.523178 11.102650
v 2.432008 164.017395 11.309689
v 2.404730 163.399017 11.534076
v 2.809620 162.857086 11.115607
v 3.387879 163.070892 10.491353
v 1.507518 163.983337 11.809603
v 1.829007 163.308288 11.866163
v 2.235601 162.902877 11.621152
v -1.942737 164.063369 11.577291
v -2.432008 164.017395 11.309689
v -2.843625 163.523178 11.102650
v -2.404730 163.399017 11.534076
v -1.507518 163.983337 11.809603
v -1.829007 163.308288 11.866163
v -2.235601 162.902877 11.621152
v -2.809620 162.857086 11.115607
v -3.387879 163.070892 10.491353
v 2.457757 163.946762 11.314815
v 3.479854 163.485305 10.549965
v 3.015540 163.843841 10.857324
v 2.877908 163.380813 11.238793
v 3.233759 162.783554 10.820542
v 4.171528 163.060913 10.012023
v 1.870639 163.917282 11.658192
v 2.082415 163.352447 11.741273
v 2.348630 162.664978 11.479248
v -2.457757 163.946762 11.314815
v -3.015540 163.843841 10.857324
v -3.479854 163.485305 10.549965
v -2.877908 163.380813 11.238793
v -1.870639 163.917282 11.658192
v -2.082415 163.352447 11.741273
v -2.348630 162.664978 11.479248
v -3.233759 162.783554 10.820542
v -4.171528 163.060913 10.012023
v 1.936563 164.205566 11.572395
v 3.075584 163.754516 10.913907
v 2.610216 164.111389 11.177229
v 2.329470 163.639953 11.581582
v 2.819282 163.001632 11.271706
v 4.029529 163.262908 10.139096
v 1.274220 164.171020 11.863331
v 1.531176 163.594711 12.016954
v 1.912358 162.880294 11.841980
v -1.936563 164.205566 11.572395
v -2.610216 164.111389 11.177229
v -3.075584 163.754516 10.913907
v -2.329470 163.639953 11.581582
v -1.274220 164.171020 11.863331
v -1.531176 163.594711 12.016954
v -1.912358 162.880294 11.841980
v -2.819282 163.001632 11.271706
v -4.029529 163.262908 10.139096
v 2.041241 164.379653 11.448567
v 3.156078 163.712829 10.874536
v 2.714871 164.162277 11.097987
v 2.532502 163.711624 11.477861
v 2.883383 163.123138 11.228207
v 3.662270 163.266342 10.459893
v 1.516325 164.310150 11.629824
v 1.794423 163.720672 11.796881
v 2.131882 163.208297 11.698253
v -2.041241 164.379653 11.448567
v -2.714871 164.162277 11.097987
v -3.156078 163.712829 10.874536
v -2.532502 163.711624 11.477861
v -1.516325 164.310150 11.629824
v -1.794423 163.720672 11.796881
v -2.131882 163.208297 11.698253
v -2.883383 163.123138 11.228207
v -3.662270 163.266342 10.459893
v 1.131006 164.452774 11.741616
v 2.275122 163.794937 11.578866
v 1.924688 164.342346 11.525539
v 1.517314 163.785446 11.986063
v 1.975307 163.007400 11.917469
v 2.816650 163.099823 11.321500
v 0.590538 164.375030 12.017231
v 0.962601 163.750472 12.211911
v 1.190153 163.306884 12.228061
v -1.131006 164.452774 11.741616
v -1.924688 164.342346 11.525539
v -2.275122 163.794937 11.578866
v -1.517314 163.785446 11.986063
v -0.590538 164.375030 12.017231
v -0.962601 163.750472 12.211911
v -1.190153 163.306884 12.228061
v -1.975307 163.007400 11.917469
v -2.816650 163.099823 11.321500
v 2.167559 164.425430 11.379409
v 3.394933 163.692321 10.631944
v 2.845130 164.199844 10.972968
v 2.638737 163.747802 11.433083
v 3.314282 163.106323 10.998915
v 4.187214 163.195678 9.982935
v 1.579911 164.469253 11.587295
v 1.881407 163.755325 11.847671
v 2.234616 163.071044 11.788157
v -2.167559 164.425430 11.379409
v -2.845130 164.199844 10.972968
v -3.394933 163.692321 10.631944
v -2.638737 163.747802 11.433083
v -1.579911 164.469253 11.587295
v -1.881407 163.755325 11.847671
v -2.234616 163.071044 11.788157
v -3.314282 163.106323 10.998915
v -4.187214 163.195678 9.982935
v 1.135629 164.212295 11.836887
v 2.141939 163.762527 11.703618
v 1.691011 164.189056 11.624120
v 1.531255 163.661575 12.068302
v 2.030883 163.121078 11.911915
v 2.711707 163.321884 11.454978
v 0.611092 164.116729 12.133139
v 0.930935 163.580978 12.306029
v 1.415794 163.043472 12.214562
v -1.135629 164.212295 11.836887
v -1.691011 164.189056 11.624120
v -2.141939 163.762527 11.703618
v -1.531255 163.661575 12.068302
v -0.611092 164.116729 12.133139
v -0.930935 163.580978 12.306029
v -1.415794 163.043472 12.214562
v -2.030883 163.121078 11.911915
v -2.711707 163.321884 11.454978
v 1.008744 164.541503 11.775461
v 1.809435 164.226287 11.636630
v 1.507709 164.548614 11.553812
v 1.301465 164.174728 11.920826
v 1.635664 163.746856 11.997861
v 2.218148 163.822082 11.628436
v 0.640418 164.437744 11.973582
v 0.813848 164.078399 12.131264
v 1.068955 163.782028 12.155524
v -1.008744 164.541503 11.775461
v -1.507709 164.548614 11.553812
v -1.809435 164.226287 11.636630
v -1.301465 164.174728 11.920826
v -0.640418 164.437744 11.973582
v -0.813848 164.078399 12.131264
v -1.068955 163.782028 12.155524
v -1.635664 163.746856 11.997861
v -2.218148 163.822082 11.628436
v 1.172150 164.485870 11.735087
v 2.181973 164.038330 11.583043
v 1.660916 164.476608 11.545768
v 1.597889 164.019699 11.906084
v 2.205978 163.342956 11.904082
v 2.952143 163.406860 11.355124
v 0.806531 164.426849 11.969464
v 1.031907 163.988113 12.141233
v 1.410866 163.407196 12.193453
v -1.172150 164.485870 11.735087
v -1.660916 164.476608 11.545768
v -2.181973 164.038330 11.583043
v -1.597889 164.019699 11.906084
v -0.806531 164.426849 11.969464
v -1.031907 163.988113 12.141233
v -1.410866 163.407196 12.193453
v -2.205978 163.342956 11.904082
v -2.952143 163.406860 11.355124
v 1.068672 164.508071 11.815658
v 2.104212 164.003692 11.689963
v 1.636695 164.456588 11.630095
v 1.478463 163.967895 12.024196
v 1.936188 163.369445 12.078269
v 2.701519 163.451873 11.531969
v 0.588728 164.429763 12.041246
v 0.788503 163.967895 12.291652
v 1.106843 163.359619 12.417231
v -1.068672 164.508071 11.815658
v -1.636695 164.456588 11.630095
v -2.104212 164.003692 11.689963
v -1.478463 163.967895 12.024196
v -0.588728 164.429763 12.041246
v -0.788503 163.967895 12.291652
v -1.106843 163.359619 12.417231
v -1.936188 163.369445 12.078269
v -2.701519 163.451873 11.531969
v 1.877651 164.491622 11.465581
v 3.092785 163.548507 11.044811
v 2.613386 164.194976 11.184982
v 2.353771 163.754425 11.600180
v 2.690560 162.788848 11.480715
v 3.471461 162.844848 10.714713
v 1.163274 164.504043 11.707529
v 1.582105 163.788528 11.970117
v 1.951749 162.908462 11.910755
v -1.877651 164.491622 11.465581
v -2.613386 164.194976 11.184982
v -3.092785 163.548507 11.044811
v -2.353771 163.754425 11.600180
v -1.163274 164.504043 11.707529
v -1.582105 163.788528 11.970117
v -1.951749 162.908462 11.910755
v -2.690560 162.788848 11.480715
v -3.471461 162.844848 10.714713
v 1.186876 164.691619 11.675474
v 2.127027 164.251113 11.519851
v 1.799522 164.620269 11.446273
v 1.499045 164.247451 11.823553
v 1.816993 163.712417 11.972299
v 2.569752 163.761352 11.547395
v 0.736398 164.549255 11.907843
v 0.881897 164.170471 12.106267
v 1.055864 163.673980 12.305653
v -1.186876 164.691619 11.675474
v -1.799522 164.620269 11.446273
v -2.127027 164.251113 11.519851
v -1.499045 164.247451 11.823553
v -0.736398 164.549255 11.907843
v -0.881897 164.170471 12.106267
v -1.055864 163.673980 12.305653
v -1.816993 163.712417 11.972299
v -2.569752 163.761352 11.547395
v 2.775090 164.495162 11.061389
v 3.328944 164.464508 10.694341
v 2.925131 164.629592 10.922762
v 3.189450 164.275314 10.812851
v 3.738369 164.357299 10.419758
v 3.611289 164.111633 10.516546
v 4.051905 164.061035 10.180902
v 4.160565 164.365783 10.072862
v 4.491501 164.104141 9.814953
v 4.584559 164.463119 9.686371
v 2.624811 164.350189 11.182084
v 3.041385 164.085372 10.927789
v 3.465966 163.872726 10.615120
v 3.912237 163.769500 10.273200
v 4.355832 163.763275 9.910431
v 4.766943 163.841583 9.521752
v 4.909095 164.221572 9.425459
v 5.001055 164.622436 9.296220
v 2.473411 164.186691 11.274975
v 2.875241 163.893920 11.035391
v 3.283251 163.647262 10.715530
v 3.710892 163.504333 10.334662
v 4.134939 163.458541 9.939710
v 4.524404 163.503326 9.552145
v 2.321162 164.014144 11.354732
v 2.699758 163.701721 11.137152
v 3.081854 163.428543 10.816884
v 3.478878 163.252349 10.381028
v 3.871437 163.171905 9.935886
v 4.231673 163.185958 9.549591
v 4.574269 163.247268 9.189887
v 4.895923 163.593414 9.167020
v 5.161692 163.962173 9.119880
v 5.315689 164.376159 9.024196
v 5.413802 164.812759 8.904238
v -2.775090 164.495162 11.061389
v -2.925131 164.629592 10.922762
v -3.328944 164.464508 10.694341
v -3.189450 164.275329 10.812852
v -2.624811 164.350189 11.182084
v -3.041385 164.085372 10.927789
v -2.473411 164.186691 11.274975
v -2.875241 163.893920 11.035391
v -2.321162 164.014144 11.354732
v -2.699758 163.701721 11.137152
v -3.738369 164.357299 10.419758
v -3.611289 164.111648 10.516547
v -3.465966 163.872711 10.615120
v -3.283251 163.647262 10.715530
v -3.081854 163.428543 10.816884
v -3.478878 163.252365 10.381028
v -3.710892 163.504333 10.334662
v -3.871437 163.171905 9.935886
v -4.051905 164.061050 10.180903
v -3.912237 163.769500 10.273200
v -4.160565 164.365768 10.072861
v -4.491501 164.104141 9.814953
v -4.355831 163.763275 9.910431
v -4.134939 163.458541 9.939710
v -4.231673 163.185958 9.549591
v -4.524405 163.503341 9.552145
v -4.574269 163.247268 9.189887
v -4.895923 163.593414 9.167020
v -4.584559 164.463119 9.686372
v -4.909095 164.221572 9.425459
v -4.766943 163.841583 9.521752
v -5.001055 164.622436 9.296220
v -5.315689 164.376159 9.024196
v -5.161692 163.962173 9.119880
v -5.413802 164.812759 8.904238
v 2.740419 164.101608 11.108648
v 3.218953 164.059387 10.806098
v 2.856484 164.289291 10.993781
v 3.154590 163.833496 10.908563
v 3.566747 163.880737 10.580780
v 3.545282 163.625213 10.674504
v 3.892507 163.537017 10.432297
v 3.887649 163.804611 10.313962
v 4.208957 163.528625 10.193073
v 4.187849 163.800323 10.041122
v 2.623951 163.930557 11.212380
v 3.073951 163.619567 10.992690
v 3.496206 163.376434 10.735781
v 3.867908 163.270629 10.490988
v 4.202372 163.253891 10.258460
v 4.510171 163.277893 10.032661
v 4.504379 163.559738 9.962314
v 4.470280 163.837112 9.791504
v 2.506569 163.793380 11.295483
v 2.960684 163.429580 11.040297
v 3.391923 163.141021 10.732205
v 3.784236 163.006637 10.430088
v 4.140401 162.973114 10.150723
v 4.459346 162.987152 9.902086
v 4.814464 163.346328 9.813052
v 2.388529 163.672775 11.368161
v 2.830838 163.251541 11.069145
v 3.259741 162.912338 10.695631
v 3.670858 162.743835 10.309066
v 4.050738 162.689300 9.956423
v 4.380214 162.691925 9.671048
v 4.764734 163.051879 9.676044
v 5.081538 163.170471 9.466976
v 5.139737 163.462921 9.601616
v 4.801559 163.634628 9.730913
v 4.757335 163.919815 9.539201
v 4.683685 162.754303 9.429466
v 4.986471 162.879089 9.209963
v 5.288913 163.035034 9.001501
v 5.404051 163.315979 9.266394
v 5.475500 163.603546 9.394274
v 5.124200 163.757507 9.491518
v 5.071795 164.053176 9.259047
v 5.459572 163.904388 9.248127
v 5.399956 164.211883 8.964967
v -2.740419 164.101608 11.108649
v -2.856484 164.289291 10.993781
v -3.218953 164.059387 10.806098
v -3.154590 163.833496 10.908563
v -2.623951 163.930557 11.212380
v -3.073951 163.619567 10.992690
v -2.506569 163.793380 11.295483
v -2.960684 163.429580 11.040298
v -2.388529 163.672775 11.368161
v -2.830838 163.251541 11.069145
v -3.566747 163.880737 10.580780
v -3.545283 163.625213 10.674504
v -3.496206 163.376419 10.735781
v -3.391923 163.141021 10.732205
v -3.259741 162.912323 10.695631
v -3.670858 162.743835 10.309066
v -3.784236 163.006637 10.430088
v -4.050737 162.689300 9.956423
v -3.892507 163.537017 10.432297
v -3.867908 163.270629 10.490988
v -3.887649 163.804611 10.313962
v -4.208957 163.528625 10.193073
v -4.202372 163.253906 10.258460
v -4.140401 162.973114 10.150723
v -4.459346 162.987152 9.902086
v -4.380214 162.691925 9.671048
v -4.764734 163.051879 9.676044
v -4.683686 162.754318 9.429466
v -4.187849 163.800308 10.041124
v -4.504379 163.559738 9.962314
v -4.510171 163.277893 10.032661
v -4.814465 163.346344 9.813051
v -5.081538 163.170471 9.466976
v -4.986471 162.879089 9.209963
v -4.470280 163.837112 9.791504
v -4.801559 163.634628 9.730913
v -4.757335 163.919815 9.539201
v -5.124200 163.757507 9.491518
v -5.139737 163.462921 9.601616
v -5.404051 163.315979 9.266394
v -5.288913 163.035034 9.001501
v -5.071795 164.053176 9.259047
v -5.459572 163.904388 9.248127
v -5.475500 163.603546 9.394274
v -5.399956 164.211883 8.964967
v 2.430793 164.919982 11.195429
v 2.832146 164.925415 11.019419
v 2.574411 165.056594 11.118794
v 2.783360 164.705703 11.078820
v 3.124524 164.867431 10.882103
v 3.165190 164.578048 10.922349
v 3.609437 164.640106 10.709501
v 3.488463 164.964065 10.679169
v 4.027126 164.852462 10.518722
v 3.839489 165.167572 10.500093
v 2.314119 164.754364 11.265456
v 2.740475 164.477447 11.125595
v 3.192399 164.294372 10.934709
v 3.701746 164.325271 10.686368
v 4.177591 164.540588 10.461474
v 4.520469 164.909927 10.295397
v 4.322581 165.175094 10.394771
v 4.087824 165.430038 10.411892
v 2.251086 164.534103 11.329883
v 2.708773 164.232055 11.147415
v 3.192421 164.022125 10.890270
v 3.736681 164.028717 10.556219
v 4.253714 164.235199 10.252467
v 4.644620 164.624252 10.031514
v 2.214738 164.287689 11.396195
v 2.682290 163.978088 11.157965
v 3.178441 163.755600 10.816150
v 3.742799 163.741302 10.372312
v 4.292664 163.933075 9.967582
v 4.731903 164.328338 9.685376
v 5.050900 164.807159 9.512748
v 4.918335 165.088348 9.890201
v 4.752337 165.343292 10.188430
v 4.519473 165.545761 10.328214
v 4.253176 165.721984 10.388774
v 5.241235 165.249511 9.439038
v 5.085559 165.519989 9.828756
v 4.897064 165.750762 10.144525
v 4.642927 165.902191 10.312399
v 4.355970 166.013946 10.406324
v 4.729662 166.251510 10.321954
v 4.427485 166.305892 10.444205
v 5.367238 165.673660 9.414786
v 5.199538 165.935394 9.807245
v 4.998219 166.145294 10.132152
v -2.430793 164.919982 11.195429
v -2.574411 165.056594 11.118793
v -2.832146 164.925415 11.019419
v -2.783360 164.705703 11.078820
v -2.314119 164.754364 11.265456
v -2.740475 164.477447 11.125595
v -2.251086 164.534103 11.329883
v -2.708773 164.232040 11.147417
v -2.214738 164.287689 11.396195
v -2.682290 163.978088 11.157965
v -3.124524 164.867431 10.882103
v -3.165190 164.578048 10.922349
v -3.192399 164.294372 10.934708
v -3.192421 164.022125 10.890270
v -3.178441 163.755600 10.816150
v -3.742799 163.741302 10.372312
v -3.736681 164.028717 10.556219
v -4.292664 163.933075 9.967582
v -3.609437 164.640106 10.709501
v -3.701746 164.325271 10.686368
v -3.488463 164.964065 10.679169
v -4.027126 164.852478 10.518722
v -4.177591 164.540603 10.461474
v -4.253714 164.235199 10.252467
v -4.731903 164.328338 9.685376
v -4.644621 164.624237 10.031514
v -5.050900 164.807159 9.512748
v -3.839489 165.167572 10.500093
v -4.322581 165.175109 10.394771
v -4.520470 164.909912 10.295397
v -4.087824 165.430038 10.411892
v -4.519473 165.545761 10.328214
v -4.752337 165.343292 10.188430
v -4.918335 165.088348 9.890201
v -5.241235 165.249511 9.439038
v -5.085559 165.519973 9.828756
v -5.367238 165.673660 9.414786
v -5.199538 165.935394 9.807245
v -4.253176 165.721984 10.388774
v -4.642927 165.902191 10.312399
v -4.897064 165.750762 10.144525
v -4.355970 166.013946 10.406324
v -4.729662 166.251510 10.321954
v -4.998219 166.145294 10.132152
v -4.427485 166.305892 10.444205
v 2.760561 164.687347 11.088219
v 3.210197 164.733856 10.859260
v 2.877729 164.865982 11.006311
v 3.151031 164.528396 10.949328
v 3.536555 164.654815 10.705872
v 3.545958 164.427307 10.791504
v 3.952451 164.443695 10.646919
v 3.851854 164.681976 10.567104
v 4.337472 164.554748 10.520440
v 4.155878 164.787796 10.458371
v 2.630420 164.503601 11.168586
v 3.067755 164.315139 11.031012
v 3.520112 164.188125 10.857795
v 4.007027 164.189971 10.688169
v 4.469157 164.303283 10.527168
v 4.841752 164.510620 10.364688
v 4.664622 164.737670 10.409074
v 4.446428 164.944732 10.391287
v 2.473702 164.310791 11.247773
v 2.935685 164.086288 11.095352
v 3.423463 163.925598 10.884813
v 3.969577 163.905365 10.652319
v 4.501024 164.014938 10.423222
v 4.936753 164.243621 10.195962
v 2.303427 164.113204 11.326214
v 2.778979 163.849639 11.150120
v 3.291261 163.651351 10.891903
v 3.886005 163.605316 10.577713
v 4.482983 163.708175 10.263939
v 4.990689 163.956634 9.965063
v 5.390550 164.278991 9.705933
v 5.283809 164.542907 9.985419
v 5.140700 164.787582 10.201673
v 4.924857 164.993804 10.291460
v 4.672646 165.180770 10.318015
v 5.665582 164.603485 9.514452
v 5.550399 164.864257 9.808701
v 5.382586 165.109710 10.040392
v 5.109515 165.324478 10.146969
v 4.783814 165.523925 10.190986
v 5.256386 165.692443 9.989038
v 4.837458 165.920639 10.037080
v 5.878199 164.929046 9.356794
v 5.776756 165.196655 9.648895
v 5.595942 165.454406 9.879981
v -2.760560 164.687347 11.088219
v -2.877729 164.865982 11.006311
v -3.210197 164.733856 10.859260
v -3.151031 164.528396 10.949329
v -2.630420 164.503601 11.168586
v -3.067755 164.315139 11.031012
v -2.473711 164.310791 11.247791
v -2.935685 164.086288 11.095352
v -2.303427 164.113204 11.326214
v -2.778988 163.849639 11.150136
v -3.536555 164.654815 10.705872
v -3.545958 164.427307 10.791504
v -3.520112 164.188125 10.857795
v -3.423463 163.925598 10.884813
v -3.291261 163.651351 10.891903
v -3.886005 163.605316 10.577713
v -3.969577 163.905365 10.652319
v -4.482983 163.708175 10.263939
v -3.952451 164.443695 10.646919
v -4.007027 164.189971 10.688169
v -3.851854 164.681976 10.567104
v -4.337472 164.554748 10.520440
v -4.469157 164.303253 10.527167
v -4.501024 164.014938 10.423223
v -4.990689 163.956634 9.965063
v -4.936753 164.243621 10.195962
v -5.390549 164.278991 9.705933
v -4.155878 164.787796 10.458371
v -4.664622 164.737670 10.409074
v -4.841752 164.510620 10.364688
v -4.446428 164.944732 10.391287
v -4.924857 164.993804 10.291460
v -5.140700 164.787597 10.201673
v -5.283809 164.542907 9.985420
v -5.665582 164.603485 9.514452
v -5.550399 164.864257 9.808701
v -5.878199 164.929046 9.356794
v -5.776756 165.196655 9.648895
v -4.672646 165.180770 10.318015
v -5.109515 165.324493 10.146969
v -5.382586 165.109710 10.040392
v -4.783814 165.523925 10.190986
v -5.256386 165.692443 9.989038
v -5.595942 165.454406 9.879981
v -4.837458 165.920639 10.037080
v 2.381833 164.637695 11.280130
v 2.820589 164.603164 11.091816
v 2.525593 164.758377 11.200301
v 2.775392 164.399185 11.188099
v 3.155374 164.491561 10.958504
v 3.194646 164.224212 11.055610
v 3.669873 164.197143 10.874379
v 3.571964 164.478775 10.791445
v 4.151147 164.285675 10.674062
v 4.009197 164.553466 10.602658
v 2.251828 164.510513 11.352015
v 2.728736 164.206512 11.258316
v 3.218452 163.979766 11.105994
v 3.741482 163.939285 10.895376
v 4.255922 164.033569 10.672991
v 4.714347 164.210266 10.440540
v 4.584711 164.456817 10.451055
v 4.403287 164.703979 10.382866
v 2.149262 164.372497 11.412742
v 2.678856 164.036224 11.275382
v 3.211500 163.781127 11.063232
v 3.760850 163.728988 10.793192
v 4.286491 163.812866 10.527254
v 4.740409 163.964965 10.272618
v 5.106002 164.437500 10.214757
v 2.060333 164.229293 11.469503
v 2.627162 163.877166 11.266160
v 3.188972 163.605438 10.972612
v 3.754067 163.542480 10.629360
v 4.280095 163.607833 10.309446
v 4.714685 163.720306 10.025993
v 5.121162 164.157806 10.036374
v 5.431030 164.363891 9.832738
v 5.423874 164.683364 10.019555
v 4.950473 164.681884 10.234527
v 4.724760 164.908645 10.174990
v 5.066139 163.860504 9.778681
v 5.345593 164.009124 9.572619
v 5.589048 164.161911 9.387182
v 5.705454 164.576599 9.645410
v 5.704854 164.938583 9.839639
v 5.231533 164.932190 10.059760
v 4.946599 165.145721 10.026661
v 5.470241 165.195144 9.905872
v 5.118621 165.399002 9.908106
v -2.381833 164.637710 11.280130
v -2.525582 164.758377 11.200283
v -2.820589 164.603164 11.091816
v -2.775392 164.399185 11.188099
v -2.251837 164.510513 11.352032
v -2.728736 164.206512 11.258316
v -2.149262 164.372497 11.412742
v -2.678857 164.036209 11.275382
v -2.060333 164.229293 11.469503
v -2.627163 163.877182 11.266160
v -3.155374 164.491561 10.958504
v -3.194646 164.224212 11.055610
v -3.218442 163.979751 11.105974
v -3.211500 163.781127 11.063232
v -3.188972 163.605438 10.972613
v -3.754067 163.542480 10.629360
v -3.760850 163.728988 10.793192
v -4.280095 163.607833 10.309446
v -3.669873 164.197143 10.874379
v -3.741482 163.939285 10.895376
v -3.571964 164.478775 10.791445
v -4.151147 164.285675 10.674062
v -4.255922 164.033569 10.672992
v -4.286491 163.812866 10.527254
v -4.740409 163.964965 10.272618
v -4.714685 163.720306 10.025993
v -5.121162 164.157821 10.036374
v -5.066139 163.860504 9.778681
v -4.009197 164.553466 10.602657
v -4.584711 164.456817 10.451055
v -4.714347 164.210266 10.440540
v -5.106002 164.437484 10.214757
v -5.431029 164.363906 9.832738
v -5.345593 164.009124 9.572619
v -4.403287 164.703979 10.382866
v -4.950473 164.681884 10.234527
v -4.724760 164.908630 10.174990
v -5.231533 164.932205 10.059760
v -5.423874 164.683364 10.019555
v -5.705454 164.576599 9.645410
v -5.589048 164.161911 9.387182
v -4.946599 165.145721 10.026661
v -5.470241 165.195144 9.905872
v -5.704854 164.938583 9.839639
v -5.118621 165.399002 9.908106
v 2.394304 164.262054 11.308610
v 2.808365 164.205047 11.056499
v 2.600331 164.441787 11.134962
v 2.626452 163.990036 11.258244
v 3.054610 163.994903 10.949450
v 2.891637 163.738418 11.174999
v 3.225070 163.539367 11.027355
v 3.379001 163.844055 10.790701
v 3.642673 163.423584 10.806494
v 3.784702 163.769622 10.575907
v 2.177761 164.087432 11.467820
v 2.430980 163.786758 11.430602
v 2.715466 163.500869 11.354340
v 3.065140 163.258605 11.198541
v 3.497535 163.105178 10.954580
v 4.032590 163.081604 10.639558
v 4.162642 163.420486 10.509772
v 4.276388 163.788818 10.292957
v 1.939918 163.925064 11.606080
v 2.208149 163.608566 11.550492
v 2.512645 163.301223 11.446018
v 2.892748 163.025756 11.237161
v 3.345020 162.842010 10.935445
v 3.868375 162.801666 10.592317
v 1.690462 163.769622 11.737693
v 1.970756 163.443084 11.645303
v 2.295719 163.120162 11.485900
v 2.713516 162.816833 11.205827
v 3.188374 162.606506 10.831853
v 3.686766 162.551208 10.455970
v 4.200569 162.573394 10.088291
v 4.431991 162.833023 10.237901
v 4.624079 163.123001 10.298786
v 4.737498 163.473724 10.182216
v 4.811584 163.854797 9.976919
v -2.394304 164.262054 11.308610
v -2.600331 164.441787 11.134962
v -2.808365 164.205047 11.056499
v -2.626452 163.990051 11.258245
v -2.177760 164.087448 11.467819
v -2.430980 163.786758 11.430602
v -1.939918 163.925064 11.606081
v -2.208149 163.608566 11.550493
v -1.690462 163.769622 11.737693
v -1.970756 163.443084 11.645303
v -3.054610 163.994903 10.949450
v -2.891637 163.738418 11.174998
v -2.715466 163.500885 11.354339
v -2.512645 163.301223 11.446018
v -2.295719 163.120162 11.485900
v -2.713516 162.816833 11.205827
v -2.892748 163.025756 11.237160
v -3.188374 162.606506 10.831853
v -3.225070 163.539352 11.027355
v -3.065140 163.258605 11.198540
v -3.379001 163.844055 10.790701
v -3.642673 163.423584 10.806493
v -3.497536 163.105163 10.954580
v -3.345020 162.842025 10.935445
v -3.686766 162.551208 10.455970
v -3.868374 162.801681 10.592318
v -4.200569 162.573394 10.088291
v -4.431991 162.833023 10.237901
v -3.784702 163.769638 10.575906
v -4.162643 163.420486 10.509772
v -4.032590 163.081619 10.639558
v -4.276388 163.788818 10.292957
v -4.737498 163.473724 10.182216
v -4.624079 163.123016 10.298786
v -4.811584 163.854797 9.976919
v 2.028069 163.554656 11.640197
v 1.709325 164.105117 11.644816
v 1.514891 163.942779 11.764282
v 2.196511 163.789123 11.607800
v 1.911701 164.271408 11.535976
v 2.349372 164.020950 11.545924
v 2.131133 164.443115 11.438992
v 2.472642 164.245849 11.418506
v 2.358871 164.616363 11.344894
v 2.581304 164.467269 11.258774
v 2.530625 163.228439 11.478836
v 2.673817 163.524475 11.527211
v 2.783078 163.812942 11.513990
v 2.826738 164.086090 11.375502
v 2.837620 164.352111 11.176466
v 3.208722 164.012954 11.291679
v 3.162740 164.309356 11.101997
v 3.022728 163.067382 11.264329
v 3.139150 163.391967 11.374454
v 3.214233 163.709503 11.407769
v 3.628307 163.691390 11.255100
v 3.590969 164.014358 11.175081
v 3.509794 164.332946 11.019851
v 3.946041 164.071273 11.058130
v 3.832401 164.412017 10.936555
v 3.484246 163.023529 11.039950
v 3.578438 163.359664 11.185596
v 3.976451 163.382873 11.010191
v 4.010369 163.728805 11.106750
v 4.378168 163.793960 10.964775
v 4.289031 164.155944 10.945409
v 4.143978 164.518875 10.856491
v 3.893018 163.035202 10.840286
v 4.277154 163.074630 10.656310
v 4.355619 163.433837 10.845318
v -2.028069 163.554672 11.640198
v -1.514891 163.942779 11.764282
v -1.709325 164.105117 11.644816
v -2.196510 163.789138 11.607799
v -2.530625 163.228439 11.478836
v -2.673817 163.524475 11.527211
v -3.022728 163.067382 11.264329
v -3.139150 163.391967 11.374454
v -3.484246 163.023513 11.039950
v -1.911701 164.271408 11.535976
v -2.349372 164.020950 11.545924
v -2.783078 163.812957 11.513989
v -3.214233 163.709503 11.407769
v -3.578438 163.359664 11.185595
v -3.893018 163.035202 10.840286
v -3.976451 163.382873 11.010190
v -4.277154 163.074630 10.656310
v -2.131133 164.443115 11.438992
v -2.472642 164.245849 11.418506
v -2.826738 164.086090 11.375502
v -3.208721 164.012954 11.291680
v -3.628306 163.691390 11.255100
v -4.010369 163.728805 11.106750
v -4.355619 163.433837 10.845318
v -2.358871 164.616363 11.344894
v -2.581304 164.467269 11.258774
v -2.837620 164.352111 11.176466
v -3.162739 164.309356 11.101997
v -3.590969 164.014358 11.175081
v -3.946041 164.071273 11.058130
v -4.378168 163.793960 10.964775
v -3.509793 164.332946 11.019851
v -3.832401 164.412017 10.936555
v -4.289031 164.155944 10.945409
v -4.143978 164.518875 10.856491
v 1.705701 163.850570 11.727628
v 1.563256 164.384567 11.651901
v 1.337002 164.268936 11.744800
v 1.947886 164.005187 11.685151
v 1.798360 164.500289 11.558843
v 2.168063 164.166946 11.608366
v 2.052133 164.613830 11.455834
v 2.345984 164.342636 11.457944
v 2.314916 164.724090 11.343255
v 2.502889 164.524673 11.269856
v 2.111342 163.468841 11.685142
v 2.352150 163.666503 11.687438
v 2.549476 163.875793 11.628788
v 2.661912 164.108383 11.446781
v 2.731855 164.352981 11.205442
v 3.023816 163.951080 11.397533
v 3.043535 164.238189 11.152859
v 2.593979 163.156845 11.533432
v 2.799421 163.410400 11.589118
v 2.957687 163.672348 11.567974
v 3.366676 163.549591 11.438693
v 3.400158 163.864624 11.303360
v 3.389531 164.182983 11.087566
v 3.760396 163.838348 11.189702
v 3.722457 164.187286 11.010017
v 3.079448 162.936111 11.307569
v 3.245503 163.241195 11.414104
v 3.647821 163.157836 11.244498
v 3.751126 163.493759 11.293061
v 4.125000 163.471389 11.150809
v 4.114032 163.842163 11.075565
v 4.049985 164.221359 10.932779
v 3.496788 162.826263 11.118614
v 3.881866 162.771835 10.964215
v 4.030064 163.117401 11.091457
v -1.705701 163.850570 11.727628
v -1.337002 164.268936 11.744801
v -1.563256 164.384567 11.651901
v -1.947886 164.005187 11.685151
v -2.111342 163.468841 11.685142
v -2.352150 163.666503 11.687438
v -2.593979 163.156845 11.533432
v -2.799421 163.410400 11.589118
v -3.079448 162.936111 11.307569
v -1.798360 164.500289 11.558843
v -2.168063 164.166946 11.608366
v -2.549476 163.875793 11.628788
v -2.957687 163.672348 11.567974
v -3.245503 163.241195 11.414103
v -3.496788 162.826263 11.118614
v -3.647821 163.157836 11.244497
v -3.881866 162.771835 10.964215
v -2.052133 164.613830 11.455834
v -2.345984 164.342636 11.457944
v -2.661912 164.108383 11.446781
v -3.023816 163.951080 11.397533
v -3.366676 163.549606 11.438692
v -3.751126 163.493759 11.293061
v -4.030064 163.117401 11.091457
v -2.314916 164.724090 11.343255
v -2.502889 164.524673 11.269856
v -2.731855 164.352981 11.205442
v -3.043535 164.238189 11.152859
v -3.400157 163.864624 11.303360
v -3.760395 163.838363 11.189702
v -4.125000 163.471374 11.150810
v -3.389531 164.182983 11.087566
v -3.722457 164.187301 11.010018
v -4.114032 163.842163 11.075565
v -4.049985 164.221359 10.932779
v 1.931365 164.913177 11.417263
v 2.267229 164.853332 11.312509
v 2.132921 165.002227 11.349481
v 2.158474 164.695892 11.416791
v 2.456931 164.735183 11.268702
v 2.435696 164.521102 11.406149
v 2.813211 164.427169 11.355661
v 2.757244 164.675308 11.201310
v 3.247181 164.484802 11.260065
v 3.122776 164.766998 11.103416
v 1.743185 164.819274 11.481543
v 2.039103 164.545135 11.506104
v 2.385494 164.321350 11.516141
v 2.833139 164.192169 11.463863
v 3.330318 164.214294 11.349194
v 3.828887 164.460617 11.219246
v 3.696831 164.778945 11.140730
v 3.510918 165.115097 10.982292
v 1.582139 164.718002 11.542701
v 1.898259 164.407943 11.565756
v 2.277036 164.149169 11.566006
v 2.781100 163.983200 11.474173
v 3.331364 163.967193 11.303191
v 3.853357 164.177917 11.138165
v 1.434483 164.613555 11.604157
v 1.746375 164.277740 11.611573
v 2.139076 163.990707 11.585935
v 2.692769 163.787475 11.436108
v 3.290931 163.731781 11.187790
v 3.823790 163.913024 10.976814
v 4.328249 164.212890 10.812377
v 4.365978 164.502182 11.004095
v 4.333232 164.819229 11.106870
v 4.159433 165.191772 11.031560
v 3.915109 165.592086 10.867208
v -1.931365 164.913177 11.417263
v -2.132921 165.002227 11.349481
v -2.267229 164.853332 11.312509
v -2.158474 164.695892 11.416791
v -1.743185 164.819274 11.481543
v -2.039103 164.545135 11.506104
v -1.582139 164.718002 11.542701
v -1.898259 164.407943 11.565756
v -1.434483 164.613555 11.604157
v -1.746375 164.277740 11.611573
v -2.456931 164.735183 11.268702
v -2.435696 164.521118 11.406151
v -2.385494 164.321365 11.516140
v -2.277036 164.149169 11.566006
v -2.139076 163.990707 11.585934
v -2.692769 163.787475 11.436108
v -2.781100 163.983184 11.474173
v -3.290931 163.731781 11.187790
v -2.813212 164.427169 11.355661
v -2.833139 164.192169 11.463863
v -2.757244 164.675308 11.201310
v -3.247181 164.484802 11.260065
v -3.330319 164.214279 11.349194
v -3.331364 163.967193 11.303191
v -3.823790 163.913024 10.976814
v -3.853357 164.177917 11.138165
v -4.328249 164.212890 10.812377
v -4.365978 164.502182 11.004095
v -3.122777 164.766998 11.103416
v -3.696831 164.778961 11.140730
v -3.828887 164.460632 11.219246
v -3.510918 165.115097 10.982292
v -4.159433 165.191772 11.031560
v -4.333232 164.819213 11.106870
v -3.915109 165.592086 10.867208
v 2.971450 164.354003 10.941771
v 3.290800 164.360870 10.771082
v 3.019417 164.539978 10.938696
v 3.276783 164.157943 10.802027
v 3.594324 164.255126 10.574391
v 3.618312 164.028198 10.624553
v 4.035054 164.031082 10.390598
v 3.964365 164.296051 10.333659
v 4.478572 164.145858 10.134262
v 4.357001 164.446716 10.076104
v 2.912074 164.177368 10.963293
v 3.256876 163.954193 10.824636
v 3.638450 163.794921 10.639846
v 4.097083 163.763458 10.388350
v 4.581243 163.848022 10.112616
v 5.034449 164.036804 9.845623
v 4.896113 164.351776 9.881366
v 4.725124 164.670105 9.822834
v 2.830025 164.019287 11.021004
v 3.225184 163.748764 10.830555
v 3.650812 163.548950 10.585247
v 4.141894 163.490570 10.267927
v 4.646111 163.556243 9.931372
v 5.107481 163.728576 9.621327
v 5.446514 164.305755 9.565774
v 2.736617 163.870544 11.096003
v 3.187386 163.542495 10.827723
v 3.659145 163.296600 10.495433
v 4.178253 163.215026 10.088718
v 4.692080 163.267501 9.670329
v 5.147861 163.423706 9.302754
v 5.517942 163.985443 9.320190
v 5.869433 164.304718 9.010362
v 5.807351 164.630752 9.251671
v 5.277784 164.628570 9.613729
v 5.060402 164.952636 9.562874
v 5.540718 163.666381 8.975794
v 5.865777 163.978256 8.679247
v 6.156936 164.324707 8.397907
v 6.191439 164.655182 8.696189
v 6.142574 164.983764 8.920442
v 5.613795 164.955963 9.313364
v 5.354502 165.280761 9.285250
v 5.926977 165.308639 8.996633
v 5.628014 165.631637 8.998795
v -2.971450 164.354003 10.941771
v -3.019417 164.539978 10.938696
v -3.290800 164.360870 10.771082
v -3.276783 164.157943 10.802028
v -2.912074 164.177368 10.963293
v -3.256876 163.954193 10.824637
v -2.830025 164.019287 11.021004
v -3.225184 163.748748 10.830556
v -2.736617 163.870544 11.096003
v -3.187386 163.542495 10.827723
v -3.594324 164.255126 10.574391
v -3.618312 164.028198 10.624553
v -3.638450 163.794921 10.639846
v -3.650812 163.548950 10.585247
v -3.659145 163.296600 10.495433
v -4.178253 163.215026 10.088718
v -4.141893 163.490570 10.267927
v -4.692080 163.267501 9.670329
v -4.035054 164.031082 10.390598
v -4.097083 163.763458 10.388350
v -3.964365 164.296051 10.333659
v -4.478572 164.145858 10.134262
v -4.581242 163.848007 10.112617
v -4.646111 163.556243 9.931372
v -5.107481 163.728576 9.621326
v -5.147861 163.423706 9.302754
v -5.517941 163.985443 9.320190
v -5.540718 163.666397 8.975794
v -4.357001 164.446701 10.076104
v -4.896113 164.351776 9.881366
v -5.034449 164.036804 9.845623
v -5.446514 164.305740 9.565774
v -5.869432 164.304718 9.010362
v -5.865777 163.978256 8.679247
v -4.725124 164.670105 9.822834
v -5.277784 164.628570 9.613729
v -5.060402 164.952636 9.562874
v -5.613795 164.955963 9.313364
v -5.807351 164.630752 9.251671
v -6.191439 164.655182 8.696189
v -6.156936 164.324707 8.397907
v -5.354502 165.280761 9.285250
v -5.926977 165.308639 8.996633
v -6.142574 164.983764 8.920442
v -5.628014 165.631637 8.998795
v 2.767544 164.122482 11.071408
v 3.154428 163.955841 10.876537
v 2.955745 164.201202 10.940186
v 2.993084 163.814147 11.031920
v 3.392553 163.751663 10.772348
v 3.246368 163.545364 10.936716
v 3.558369 163.355651 10.760512
v 3.711701 163.629882 10.604768
v 3.966775 163.264511 10.478713
v 4.120133 163.594238 10.359585
v 2.561476 164.016952 11.215967
v 2.799165 163.664337 11.183430
v 3.061562 163.347534 11.083635
v 3.377570 163.106491 10.877476
v 3.795365 162.970687 10.551923
v 4.365355 162.969543 10.082525
v 4.510618 163.291397 10.064928
v 4.624968 163.648498 10.020402
v 2.319251 163.858505 11.393984
v 2.539354 163.498062 11.329510
v 2.798785 163.166656 11.190386
v 3.141196 162.907470 10.915654
v 3.586997 162.748657 10.531671
v 4.158265 162.718200 10.046261
v 2.057853 163.673263 11.589247
v 2.245403 163.321472 11.469474
v 2.495941 162.994216 11.265826
v 2.876508 162.733490 10.913433
v 3.359883 162.562561 10.464178
v 3.920260 162.502105 9.983068
v 4.518680 162.496902 9.485153
v 4.791905 162.751892 9.509445
v 5.010771 163.035736 9.539915
v 5.120915 163.377288 9.582731
v 5.176701 163.747696 9.631725
v -2.767544 164.122482 11.071407
v -2.955745 164.201202 10.940186
v -3.154428 163.955841 10.876537
v -2.993083 163.814147 11.031919
v -2.561476 164.016952 11.215967
v -2.799165 163.664337 11.183429
v -2.319251 163.858505 11.393984
v -2.539354 163.498062 11.329510
v -2.057853 163.673263 11.589247
v -2.245403 163.321487 11.469474
v -3.392553 163.751663 10.772348
v -3.246368 163.545364 10.936714
v -3.061562 163.347534 11.083635
v -2.798785 163.166641 11.190386
v -2.495941 162.994232 11.265826
v -2.876508 162.733490 10.913433
v -3.141196 162.907455 10.915654
v -3.359883 162.562561 10.464178
v -3.558369 163.355651 10.760511
v -3.377570 163.106491 10.877476
v -3.711701 163.629882 10.604768
v -3.966775 163.264495 10.478713
v -3.795365 162.970687 10.551924
v -3.586997 162.748657 10.531671
v -3.920260 162.502105 9.983068
v -4.158265 162.718200 10.046261
v -4.518680 162.496902 9.485153
v -4.791905 162.751892 9.509445
v -4.120132 163.594238 10.359585
v -4.510618 163.291381 10.064929
v -4.365355 162.969543 10.082525
v -4.624968 163.648498 10.020402
v -5.120915 163.377288 9.582731
v -5.010771 163.035736 9.539913
v -5.176701 163.747696 9.631725
v 1.797167 164.938674 11.496628
v 2.183170 164.849975 11.420887
v 2.011948 165.070404 11.421195
v 1.999294 164.670791 11.535191
v 2.404505 164.650558 11.431963
v 2.260514 164.425491 11.574225
v 2.639161 164.218505 11.590707
v 2.725726 164.489013 11.452862
v 3.095678 164.098632 11.553188
v 3.116336 164.411254 11.426189
v 1.588452 164.814712 11.563002
v 1.812245 164.501022 11.626729
v 2.104559 164.211990 11.683789
v 2.532653 163.960998 11.691465
v 3.048197 163.798065 11.631967
v 3.607084 163.799346 11.509742
v 3.593476 164.133270 11.441642
v 3.547859 164.474700 11.295010
v 1.392045 164.708068 11.612343
v 1.618982 164.351577 11.674398
v 1.924609 164.021179 11.726586
v 2.386245 163.728713 11.713478
v 2.947371 163.521697 11.610343
v 3.556915 163.480407 11.421240
v 1.201554 164.610824 11.655731
v 1.422048 164.212814 11.702214
v 1.732003 163.842514 11.738508
v 2.219183 163.509414 11.697846
v 2.819090 163.257400 11.538031
v 3.474138 163.168975 11.253057
v 4.162618 163.166000 10.940361
v 4.195122 163.525207 11.214724
v 4.191201 163.885330 11.373914
v 4.115116 164.247314 11.304084
v 4.002866 164.610244 11.119584
v -1.797167 164.938674 11.496628
v -2.011948 165.070404 11.421195
v -2.183170 164.849975 11.420887
v -1.999294 164.670791 11.535190
v -1.588452 164.814712 11.563002
v -1.812245 164.501022 11.626729
v -1.392045 164.708068 11.612343
v -1.618982 164.351577 11.674398
v -1.201554 164.610824 11.655731
v -1.422048 164.212814 11.702214
v -2.404505 164.650558 11.431963
v -2.260514 164.425491 11.574226
v -2.104559 164.211990 11.683790
v -1.924609 164.021179 11.726587
v -1.732003 163.842514 11.738508
v -2.219183 163.509414 11.697846
v -2.386245 163.728713 11.713478
v -2.819090 163.257400 11.538031
v -2.639161 164.218490 11.590708
v -2.532653 163.960998 11.691467
v -2.725726 164.489013 11.452862
v -3.095678 164.098632 11.553189
v -3.048197 163.798080 11.631966
v -2.947371 163.521697 11.610343
v -3.474138 163.168975 11.253057
v -3.556915 163.480407 11.421240
v -4.162618 163.166000 10.940361
v -4.195122 163.525207 11.214724
v -3.116336 164.411254 11.426189
v -3.593475 164.133270 11.441641
v -3.607084 163.799346 11.509741
v -3.547859 164.474716 11.295011
v -4.115116 164.247314 11.304084
v -4.191201 163.885330 11.373913
v -4.002866 164.610244 11.119584
v 2.011837 164.278625 11.490530
v 2.410634 164.232955 11.299156
v 2.241092 164.445312 11.297252
v 2.227125 164.030731 11.483206
v 2.622961 164.033203 11.273588
v 2.473836 163.788650 11.449171
v 2.784502 163.557983 11.350485
v 2.921200 163.857772 11.180366
v 3.193347 163.388732 11.165086
v 3.324754 163.735122 10.997145
v 1.778645 164.118408 11.670476
v 2.028089 163.838897 11.650899
v 2.303411 163.559799 11.601774
v 2.632024 163.282073 11.478484
v 3.050458 163.072677 11.269351
v 3.597983 162.998291 11.004250
v 3.737473 163.329742 10.907195
v 3.856074 163.692108 10.739217
v 1.538095 163.973129 11.826723
v 1.798510 163.668151 11.785747
v 2.090941 163.362380 11.704842
v 2.448889 163.053985 11.511760
v 2.885521 162.817260 11.247267
v 3.416497 162.728652 10.959042
v 1.293012 163.837051 11.977977
v 1.552648 163.508972 11.908606
v 1.856230 163.181045 11.757153
v 2.249817 162.849792 11.493704
v 2.709086 162.592147 11.160287
v 3.213603 162.489929 10.841916
v 3.743888 162.465423 10.560254
v 3.998604 162.714111 10.683894
v 4.214874 162.991409 10.732855
v 4.354800 163.325866 10.633511
v 4.456913 163.688934 10.460699
v -2.011837 164.278640 11.490530
v -2.241092 164.445312 11.297252
v -2.410634 164.232955 11.299156
v -2.227125 164.030715 11.483205
v -1.778645 164.118408 11.670476
v -2.028089 163.838897 11.650899
v -1.538095 163.973129 11.826723
v -1.798510 163.668151 11.785748
v -1.293012 163.837051 11.977977
v -1.552648 163.508972 11.908606
v -2.622961 164.033203 11.273588
v -2.473836 163.788650 11.449171
v -2.303411 163.559799 11.601774
v -2.090940 163.362380 11.704842
v -1.856230 163.181030 11.757153
v -2.249817 162.849792 11.493704
v -2.448888 163.053985 11.511759
v -2.709086 162.592147 11.160289
v -2.784502 163.557983 11.350485
v -2.632024 163.282073 11.478483
v -2.921200 163.857772 11.180366
v -3.193347 163.388732 11.165086
v -3.050457 163.072692 11.269350
v -2.885521 162.817260 11.247267
v -3.213603 162.489929 10.841916
v -3.416497 162.728652 10.959043
v -3.743888 162.465423 10.560254
v -3.998604 162.714111 10.683894
v -3.324754 163.735122 10.997145
v -3.737473 163.329742 10.907195
v -3.597983 162.998291 11.004250
v -3.856074 163.692108 10.739217
v -4.354800 163.325866 10.633511
v -4.214874 162.991409 10.732855
v -4.456913 163.688934 10.460699
v 4.465470 163.366272 10.206149
v 4.906533 163.494369 9.938284
v 4.978071 163.785217 10.200695
v 4.504289 163.615875 10.453110
v 4.002634 163.279022 10.490911
v 4.020092 163.493804 10.710534
v 3.517471 163.466278 10.982579
v 3.500348 163.273468 10.817324
v 3.008881 163.578002 11.244569
v 2.976211 163.402221 11.155713
v 4.988503 164.062255 10.380489
v 4.501793 163.867431 10.621386
v 4.011789 163.723846 10.857558
v 3.515889 163.682617 11.085608
v 3.028726 163.777145 11.285652
v 2.503240 163.870376 11.419495
v 2.442158 163.714859 11.410383
v 4.416669 164.122863 10.632288
v 3.951733 163.984283 10.858942
v 3.477056 163.945999 11.064490
v 3.023420 164.022964 11.233491
v 2.563045 164.037261 11.402683
v 4.876723 164.311615 10.395055
v 4.290231 164.380249 10.564504
v 3.865632 164.259948 10.787186
v 3.419330 164.232925 10.980788
v 3.005252 164.292144 11.135536
v 2.620734 164.227066 11.333483
v 4.703836 164.547180 10.327007
v 2.677370 164.428390 11.238811
v 2.241408 164.483444 11.392550
v 2.104364 164.363250 11.461898
v 1.993912 164.230987 11.521832
v 1.896626 164.093246 11.579014
v 2.391613 164.596755 11.316058
v -4.465470 163.366272 10.206149
v -4.978071 163.785217 10.200695
v -4.906533 163.494369 9.938284
v -4.504289 163.615890 10.453110
v -4.988503 164.062255 10.380489
v -4.501793 163.867446 10.621386
v -4.416669 164.122879 10.632288
v -4.876723 164.311615 10.395055
v -4.290231 164.380249 10.564504
v -4.703836 164.547180 10.327007
v -4.002634 163.279022 10.490911
v -4.020092 163.493804 10.710534
v -4.011789 163.723846 10.857559
v -3.951733 163.984283 10.858942
v -3.865632 164.259948 10.787186
v -3.517471 163.466278 10.982579
v -3.515889 163.682617 11.085608
v -3.477056 163.945999 11.064490
v -3.419329 164.232910 10.980787
v -3.500348 163.273468 10.817324
v -3.008881 163.578002 11.244569
v -3.028726 163.777145 11.285652
v -3.023420 164.022964 11.233491
v -3.005253 164.292129 11.135536
v -2.976211 163.402206 11.155713
v -2.442158 163.714859 11.410383
v -2.503240 163.870376 11.419494
v -2.563045 164.037261 11.402682
v -2.620733 164.227066 11.333481
v -2.677370 164.428390 11.238811
v -2.241407 164.483444 11.392548
v -2.391613 164.596755 11.316058
v -1.896626 164.093231 11.579012
v -1.993912 164.230987 11.521832
v -2.104364 164.363250 11.461899
v 2.880160 163.897460 11.207720
v 3.480865 163.485305 10.655007
v 3.237749 163.843841 10.900994
v 3.180064 163.433059 11.043274
v 3.887874 162.978424 10.115128
v 3.508337 162.922241 10.577507
v 2.972416 162.875976 10.932559
v 2.707833 163.452362 11.333772
v 2.459705 163.888992 11.417196
v -2.880160 163.897460 11.207720
v -3.237749 163.843841 10.900994
v -3.480865 163.485305 10.655007
v -3.180064 163.433059 11.043274
v -2.459705 163.888992 11.417196
v -2.707833 163.452362 11.333772
v -2.972416 162.875976 10.932559
v -3.508337 162.922241 10.577507
v -3.887874 162.978424 10.115128
v 1.263726 164.220626 11.978316
v 1.628392 163.702072 12.154699
v 1.817687 163.711852 12.074081
v 1.499874 164.246047 11.924088
v 0.979468 164.585922 11.818665
v 1.175273 164.565399 11.771406
v 1.689143 164.247955 11.829807
v 1.359736 164.544006 11.697724
v 2.045012 163.729080 11.948738
v -1.263726 164.220626 11.978316
v -1.817687 163.711852 12.074081
v -1.628392 163.702072 12.154699
v -1.499874 164.246047 11.924088
v -1.689143 164.247955 11.829807
v -2.045012 163.729080 11.948738
v -0.979468 164.585922 11.818665
v -1.175273 164.565399 11.771406
v -1.359736 164.544006 11.697724
v 1.305388 163.771530 12.138886
v 1.627048 163.201660 12.095761
v 1.889761 163.200912 12.001325
v 1.518033 163.784698 12.102943
v 1.102742 164.398864 11.917404
v 1.296656 164.386566 11.864126
v 1.747699 163.790634 11.978060
v 1.463490 164.394454 11.800872
v 2.145532 163.204391 11.877409
v -1.305388 163.771530 12.138886
v -1.889761 163.200912 12.001325
v -1.627048 163.201660 12.095761
v -1.518033 163.784698 12.102943
v -1.747699 163.790634 11.978060
v -2.145532 163.204391 11.877409
v -1.102742 164.398864 11.917404
v -1.296656 164.386566 11.864126
v -1.463490 164.394454 11.800872
v 2.199979 163.865966 11.729567
v 2.486615 163.333160 11.644605
v 3.025668 163.350631 11.251661
v 2.577868 163.861206 11.521417
v 1.877238 164.332260 11.584625
v 2.169863 164.348052 11.478980
v 2.880719 163.841293 11.228960
v 2.440698 164.339553 11.326997
v 3.369405 163.386383 10.836275
v -2.199979 163.865966 11.729567
v -3.025668 163.350631 11.251661
v -2.486615 163.333160 11.644605
v -2.577868 163.861206 11.521417
v -2.880719 163.841293 11.228960
v -3.369405 163.386383 10.836275
v -1.877238 164.332260 11.584625
v -2.169863 164.348052 11.478980
v -2.440697 164.339553 11.326994
v 1.850066 164.341384 11.738925
v 2.367678 163.754089 11.701598
v 2.156125 164.328567 11.614820
v 1.925758 163.771575 11.879890
v 2.670199 162.994720 11.582759
v 2.159820 163.054244 11.746575
v -1.850066 164.341384 11.738925
v -2.156125 164.328567 11.614820
v -2.367678 163.754089 11.701598
v -1.925758 163.771575 11.879890
v -2.670199 162.994720 11.582759
v -2.159820 163.054244 11.746575
v 2.482827 163.228881 11.613527
v 2.792060 162.582473 11.272639
v 3.234212 162.641754 10.924512
v 2.879295 163.239013 11.345515
v 2.167625 163.794250 11.600255
v 2.460380 163.805557 11.422219
v 3.179512 163.291259 11.001900
v 2.739414 163.755661 11.205071
v 3.597533 162.780441 10.516059
v -2.482827 163.228881 11.613527
v -3.234212 162.641754 10.924512
v -2.792060 162.582473 11.272639
v -2.879295 163.239013 11.345515
v -3.179512 163.291259 11.001900
v -3.597533 162.780441 10.516059
v -2.167625 163.794250 11.600255
v -2.460380 163.805557 11.422219
v -2.739414 163.755661 11.205071
v 0.879821 163.962524 12.293746
v 1.198448 163.415817 12.380738
v 1.406830 163.418746 12.323986
v 1.052954 163.961486 12.265227
v 0.755909 164.407501 12.087346
v 0.876100 164.426528 12.029413
v 1.229087 163.961685 12.188088
v 0.996050 164.446487 11.974284
v 1.616320 163.422103 12.240382
v -0.879821 163.962524 12.293746
v -1.406830 163.418746 12.323986
v -1.198448 163.415817 12.380738
v -1.052954 163.961486 12.265227
v -1.616320 163.422103 12.240382
v -1.229087 163.961685 12.188088
v -0.876100 164.426528 12.029413
v -0.996050 164.446487 11.974284
v -0.755909 164.407501 12.087346
v 1.913021 164.143814 11.641624
v 2.565891 163.616943 11.612510
v 2.267277 164.130493 11.523509
v 2.125817 163.641632 11.803206
v 2.842046 162.926300 11.464434
v 2.417318 162.987487 11.658380
v -1.913021 164.143814 11.641624
v -2.267277 164.130493 11.523509
v -2.565891 163.616943 11.612510
v -2.125817 163.641632 11.803206
v -2.842046 162.926300 11.464434
v -2.417318 162.987487 11.658380
v 1.564568 164.111968 11.944319
v 2.203279 163.519653 11.895016
v 1.849175 164.099105 11.812927
v 1.831895 163.541107 12.088528
v 2.575316 162.971374 11.771359
v 2.148336 163.030731 11.933405
v -1.564568 164.111968 11.944319
v -1.849175 164.099105 11.812927
v -2.203279 163.519653 11.895016
v -1.831895 163.541107 12.088528
v -2.575316 162.971374 11.771359
v -2.148336 163.030731 11.933405
v 2.144140 163.932983 11.677136
v 2.747672 163.390838 11.499275
v 2.454356 163.912811 11.482405
v 2.366625 163.425094 11.796442
v 2.980901 162.698867 11.268966
v 2.607780 162.760055 11.564122
v -2.144140 163.932983 11.677136
v -2.454356 163.912811 11.482405
v -2.747672 163.390838 11.499275
v -2.366625 163.425094 11.796442
v -2.980901 162.698867 11.268966
v -2.607780 162.760055 11.564122
v 1.040918 164.068160 12.195681
v 1.237971 163.695709 12.296700
v 1.445986 163.700836 12.229977
v 1.213571 164.068588 12.171564
v 0.918458 164.348129 11.999540
v 1.077825 164.370498 11.949735
v 1.389153 164.070159 12.099403
v 1.226105 164.393203 11.902855
v 1.655064 163.706542 12.135192
v -1.040918 164.068160 12.195681
v -1.445986 163.700836 12.229977
v -1.237971 163.695709 12.296700
v -1.213571 164.068588 12.171564
v -1.655064 163.706542 12.135192
v -1.389153 164.070159 12.099403
v -1.077825 164.370498 11.949735
v -1.226105 164.393203 11.902855
v -0.918458 164.348129 11.999540
v 1.057552 164.537445 11.804755
v 2.088110 163.519561 11.545743
v 1.546414 164.577178 11.559333
v 1.469327 163.443084 12.067536
v 1.907959 162.601501 11.891961
v 2.830877 162.830459 11.302871
v 0.601752 164.496536 12.053557
v 0.818890 163.400833 12.446324
v 1.182066 162.651031 12.185422
v -1.057552 164.537445 11.804755
v -1.546414 164.577178 11.559333
v -2.088110 163.519561 11.545743
v -1.469327 163.443084 12.067536
v -0.601752 164.496536 12.053557
v -0.818890 163.400833 12.446324
v -1.182066 162.651031 12.185422
v -1.907959 162.601501 11.891961
v -2.830877 162.830459 11.302871
v 1.463380 164.328613 11.657171
v 2.473789 163.805007 11.641421
v 1.774882 164.403900 11.563847
v 1.834243 163.722854 11.977904
v 2.307971 162.889236 11.711737
v 2.949663 162.938095 11.432342
v 1.015051 164.370544 11.868027
v 1.252253 163.653213 12.100051
v 1.688936 162.937576 11.952880
v -1.463380 164.328613 11.657171
v -1.774882 164.403900 11.563847
v -2.473789 163.805007 11.641421
v -1.834243 163.722854 11.977904
v -1.015051 164.370544 11.868027
v -1.252253 163.653213 12.100051
v -1.688936 162.937576 11.952880
v -2.307971 162.889236 11.711737
v -2.949663 162.938095 11.432342
v 1.125837 164.402282 11.798731
v 2.096758 163.834381 11.764798
v 1.571177 164.415786 11.600175
v 1.537762 163.801895 12.065868
v 1.913987 163.134887 11.999272
v 2.663679 163.119598 11.519143
v 0.750432 164.325393 11.934058
v 0.929502 163.815826 12.178057
v 1.269682 163.262374 12.149106
v -1.125837 164.402282 11.798731
v -1.571177 164.415786 11.600175
v -2.096758 163.834381 11.764798
v -1.537762 163.801895 12.065868
v -0.750432 164.325393 11.934058
v -0.929502 163.815826 12.178057
v -1.269682 163.262374 12.149106
v -1.913987 163.134887 11.999272
v -2.663679 163.119598 11.519143
v 0.636926 164.733489 12.108110
v 1.441624 164.098022 11.931134
v 1.254165 164.621139 11.653979
v 0.747725 164.064941 12.266846
v 0.956963 163.529663 12.366478
v 1.782477 163.607986 12.086268
v 1.225167 162.966140 12.409593
v 2.215525 163.046874 12.036201
v 0.078499 164.819152 12.152555
v 0.137538 164.155700 12.339925
v 0.217456 163.612167 12.424918
v 0.417481 163.043289 12.481152
v -0.636926 164.733489 12.108110
v -1.254165 164.621139 11.653979
v -1.441624 164.098022 11.931134
v -0.747725 164.064941 12.266846
v -0.078499 164.819152 12.152555
v -0.137538 164.155700 12.339925
v -0.956963 163.529663 12.366478
v -0.217456 163.612167 12.424918
v -0.417481 163.043289 12.481152
v -1.225167 162.966140 12.409593
v -1.782477 163.607986 12.086268
v -2.215525 163.046874 12.036201
v 1.113433 164.546737 11.735859
v 2.235024 163.956420 11.748328
v 1.668154 164.738250 11.443340
v 1.555842 163.786621 12.167465
v 2.048458 163.046554 11.997006
v 2.925085 163.293670 11.394118
v 0.590538 164.375030 12.017231
v 0.848288 163.761032 12.308323
v 1.189779 163.114334 12.330801
v -1.113442 164.546737 11.735878
v -1.668154 164.738250 11.443340
v -2.235024 163.956420 11.748328
v -1.555842 163.786621 12.167465
v -0.590538 164.375030 12.017231
v -0.848288 163.761032 12.308323
v -1.189779 163.114334 12.330801
v -2.048458 163.046554 11.997006
v -2.925085 163.293670 11.394118
v 1.202110 164.863937 11.812731
v 2.086704 164.441162 11.659447
v 1.578832 165.104812 11.427903
v 1.621150 164.115798 12.067165
v 2.052864 163.499313 12.149880
v 2.830167 164.025558 11.597595
v 0.869935 164.785186 11.874027
v 1.095631 163.999145 12.148881
v 1.451737 163.293365 12.203859
v -1.202110 164.863937 11.812731
v -1.578832 165.104812 11.427903
v -2.086704 164.441162 11.659447
v -1.621150 164.115798 12.067165
v -0.869935 164.785186 11.874027
v -1.095631 163.999145 12.148881
v -1.451737 163.293365 12.203859
v -2.052864 163.499313 12.149880
v -2.830167 164.025558 11.597595
v 1.236076 164.895706 11.654267
v 2.278152 164.094970 11.909126
v 1.801342 164.846710 11.380680
v 1.561288 164.055877 12.184195
v 1.936857 163.369171 12.223744
v 2.876208 163.451873 11.850396
v 0.758263 164.810256 11.858288
v 0.871433 164.053832 12.262886
v 1.106843 163.359435 12.391881
v -1.236076 164.895706 11.654267
v -1.801342 164.846710 11.380680
v -2.278152 164.094970 11.909126
v -1.561288 164.055877 12.184195
v -0.758263 164.810256 11.858288
v -0.871432 164.053832 12.262886
v -1.106843 163.359435 12.391881
v -1.936857 163.369171 12.223743
v -2.876208 163.451873 11.850396
v 1.297758 164.387619 11.793109
v 2.084922 164.116622 11.760561
v 1.772811 164.617553 11.578247
v 1.729509 163.836120 12.136641
v 2.211008 163.324066 12.067594
v 2.639245 163.692443 11.732361
v 2.978773 162.782669 11.642831
v 3.429686 163.369323 11.277086
v 0.837500 164.226104 12.025585
v 1.189854 163.629608 12.347846
v 1.673400 163.040924 12.243733
v 2.433583 162.449752 11.652889
v -1.297758 164.387619 11.793109
v -1.772812 164.617553 11.578247
v -2.084922 164.116622 11.760561
v -1.729509 163.836120 12.136641
v -0.837500 164.226104 12.025585
v -1.189854 163.629608 12.347846
v -1.673400 163.040924 12.243733
v -2.211008 163.324066 12.067594
v -2.433583 162.449752 11.652889
v -2.978773 162.782669 11.642831
v -2.639245 163.692443 11.732361
v -3.429686 163.369323 11.277086
v 0.710909 164.837005 12.108538
v 1.243661 164.157974 12.059859
v 1.214581 164.853454 11.682142
v 0.753871 164.117065 12.426174
v 0.912273 163.486770 12.566310
v 1.534742 163.479309 12.216392
v 1.122153 162.906295 12.532627
v 2.024798 162.912033 12.198570
v 0.179858 164.650649 12.202959
v 0.133236 164.065826 12.289619
v 0.149750 163.458129 12.426004
v 0.262034 162.919006 12.290431
v -0.710909 164.837005 12.108538
v -1.214581 164.853454 11.682142
v -1.243661 164.157974 12.059859
v -0.753871 164.117065 12.426174
v -0.179858 164.650649 12.202959
v -0.133236 164.065826 12.289619
v -0.912273 163.486770 12.566310
v -0.149750 163.458129 12.426004
v -0.262034 162.919006 12.290431
v -1.122153 162.906295 12.532627
v -1.534742 163.479309 12.216392
v -2.024798 162.912033 12.198570
v 0.712687 164.709091 12.103602
v 0.999430 164.135284 12.271379
v 0.965159 164.714981 11.881831
v 0.753731 164.118392 12.500533
v 0.862246 163.647354 12.630404
v 1.134585 163.639831 12.411710
v 1.074433 163.215042 12.598174
v 1.412732 163.218505 12.367479
v -0.712687 164.709091 12.103602
v -0.965159 164.714981 11.881831
v -0.999430 164.135284 12.271379
v -0.753731 164.118392 12.500533
v -0.862246 163.647354 12.630404
v -1.134585 163.639831 12.411710
v -1.074433 163.215042 12.598174
v -1.412732 163.218505 12.367479
v 1.241978 164.627639 11.898920
v 1.921180 164.076797 12.079289
v 1.525691 164.603134 11.756218
v 1.561483 164.055877 12.254924
v 1.937116 163.369445 12.384384
v 2.409379 163.415130 12.189238
v -1.241978 164.627639 11.898920
v -1.525691 164.603134 11.756218
v -1.921180 164.076797 12.079289
v -1.561483 164.055877 12.254924
v -1.937116 163.369445 12.384384
v -2.409379 163.415130 12.189238
v 1.943536 163.182159 12.259845
v 2.706933 162.616210 11.652360
v 2.978773 162.782669 11.642831
v 2.211645 163.323883 12.203389
v 1.460658 163.731780 12.308457
v 1.729892 163.836120 12.241851
v 1.068918 164.303588 12.047732
v 1.298798 164.385086 11.934087
v 1.908004 163.975341 11.964598
v 1.535941 164.501770 11.697703
v 2.426481 163.508132 11.966731
v 3.204923 163.075988 11.463228
v -1.943536 163.182159 12.259845
v -2.978773 162.782669 11.642831
v -2.706933 162.616210 11.652360
v -2.211645 163.323883 12.203389
v -2.426481 163.508132 11.966731
v -3.204923 163.075988 11.463228
v -1.460658 163.731780 12.308457
v -1.729892 163.836120 12.241851
v -1.908004 163.975341 11.964598
v -1.068918 164.303588 12.047732
v -1.298798 164.385086 11.934087
v -1.535941 164.501770 11.697703
v 1.021796 164.258621 12.248643
v 1.400151 163.674362 12.484779
v 1.150327 164.271972 12.143756
v 1.131070 163.666305 12.579771
v 1.839077 163.123702 12.478450
v 1.424439 163.084381 12.522921
v -1.021796 164.258621 12.248643
v -1.150327 164.271972 12.143756
v -1.400151 163.674362 12.484779
v -1.131070 163.666305 12.579771
v -1.839077 163.123702 12.478450
v -1.424439 163.084381 12.522921
v 1.547191 164.624008 11.710516
v 2.430932 164.089370 12.018990
v 1.829278 164.675643 11.575413
v 2.089718 163.981048 12.205779
v 2.637834 163.467285 12.338684
v 3.076794 163.626769 12.076078
v -1.547191 164.624008 11.710516
v -1.829278 164.675643 11.575413
v -2.430932 164.089370 12.018990
v -2.089718 163.981048 12.205779
v -2.637834 163.467285 12.338684
v -3.076794 163.626769 12.076078
v 1.023442 164.565475 12.057271
v 1.622353 164.034637 12.224172
v 1.284497 164.631805 11.859719
v 1.273599 164.022277 12.416167
v 1.605480 163.446990 12.529343
v 2.072963 163.461685 12.336332
v -1.023442 164.565475 12.057271
v -1.284497 164.631805 11.859719
v -1.622353 164.034637 12.224172
v -1.273599 164.022277 12.416167
v -1.605480 163.446990 12.529343
v -2.072963 163.461685 12.336332
v 1.148145 164.141937 12.217532
v 1.757312 163.636215 12.383694
v 1.362626 164.272338 12.119231
v 1.424711 163.545974 12.470588
v 2.247322 163.103118 12.291530
v 1.855552 162.971862 12.344489
v -1.148145 164.141937 12.217532
v -1.362626 164.272338 12.119231
v -1.757312 163.636215 12.383694
v -1.424711 163.545974 12.470588
v -2.247322 163.103118 12.291530
v -1.855552 162.971862 12.344489
v 2.430695 163.829864 11.306715
v 2.871886 163.697158 10.996145
v 2.612107 163.987152 11.188224
v 2.746634 163.509353 11.137711
v 3.163144 163.450256 10.735996
v 3.097012 163.234619 10.871269
v 3.522867 163.058868 10.485288
v 3.521967 163.291809 10.399103
v 3.985139 163.000274 10.071401
v 3.932748 163.250061 10.032230
v 2.251620 163.674850 11.428290
v 2.615429 163.325164 11.250356
v 3.013507 163.023986 10.952904
v 3.489084 162.833847 10.513437
v 3.991271 162.764053 10.053622
v 4.458214 162.823791 9.654516
v 4.436369 163.076980 9.691825
v 4.374520 163.353393 9.665464
v 2.077670 163.525527 11.560399
v 2.472500 163.148223 11.306270
v 2.895524 162.823394 10.927775
v 3.386073 162.624649 10.425775
v 3.904886 162.554916 9.921936
v 4.400052 162.617096 9.489864
v 1.905678 163.379470 11.699867
v 2.323133 162.974914 11.323115
v 2.759949 162.627838 10.848589
v 3.248413 162.423370 10.280142
v 3.772242 162.359344 9.733301
v 4.301886 162.433639 9.261541
v 4.833520 162.577087 8.825567
v 4.882002 162.745269 9.091008
v 4.905850 162.948394 9.282537
v 4.880428 163.221344 9.326243
v 4.830371 163.529235 9.296037
v -2.430695 163.829879 11.306716
v -2.612107 163.987152 11.188224
v -2.871886 163.697158 10.996145
v -2.746634 163.509353 11.137711
v -2.251620 163.674850 11.428290
v -2.615429 163.325164 11.250356
v -2.077670 163.525527 11.560399
v -2.472500 163.148223 11.306270
v -1.905678 163.379470 11.699867
v -2.323133 162.974914 11.323115
v -3.163144 163.450256 10.735996
v -3.097012 163.234619 10.871270
v -3.013507 163.023986 10.952904
v -2.895524 162.823394 10.927775
v -2.759949 162.627838 10.848589
v -3.248413 162.423370 10.280142
v -3.386073 162.624649 10.425776
v -3.772242 162.359344 9.733301
v -3.522867 163.058868 10.485289
v -3.489084 162.833847 10.513437
v -3.521967 163.291809 10.399103
v -3.985139 163.000274 10.071402
v -3.991272 162.764038 10.053622
v -3.904886 162.554916 9.921937
v -4.301886 162.433639 9.261541
v -4.400052 162.617111 9.489864
v -4.833520 162.577087 8.825567
v -4.882002 162.745269 9.091008
v -3.932748 163.250061 10.032230
v -4.436369 163.076980 9.691825
v -4.458214 162.823806 9.654516
v -4.374521 163.353408 9.665465
v -4.880428 163.221344 9.326243
v -4.905850 162.948394 9.282537
v -4.830371 163.529235 9.296037
v 2.841377 164.285949 11.063416
v 3.363771 164.362152 10.837006
v 2.989975 164.513046 10.969387
v 3.305869 164.097900 10.910305
v 3.734450 164.281280 10.659557
v 3.760787 163.982208 10.705950
v 4.199973 164.011215 10.442462
v 4.101065 164.340454 10.409722
v 4.645418 164.211486 10.163530
v 4.492956 164.556060 10.126566
v 2.711848 164.082534 11.146854
v 3.247166 163.851837 10.962668
v 3.767169 163.698410 10.720253
v 4.261475 163.700225 10.432623
v 4.747739 163.888076 10.142499
v 5.241354 164.292694 9.888252
v 5.116777 164.609558 9.908369
v 4.937904 164.944458 9.846174
v 2.620042 163.927062 11.213482
v 3.180113 163.621948 10.971475
v 3.733798 163.445159 10.670673
v 4.248162 163.425720 10.337629
v 4.749777 163.606933 10.005478
v 5.257339 164.011901 9.703514
v 2.547036 163.795639 11.272135
v 3.124928 163.450653 10.961131
v 3.680333 163.207199 10.588739
v 4.197442 163.169479 10.200057
v 4.701675 163.346984 9.810466
v 5.219029 163.749145 9.436462
v 5.742944 164.263656 9.070247
v 5.767875 164.528732 9.416637
v 5.738646 164.805725 9.651944
v 5.601094 165.106536 9.665094
v 5.409381 165.419281 9.567162
v -2.841377 164.285949 11.063416
v -2.989975 164.513046 10.969387
v -3.363771 164.362152 10.837006
v -3.305869 164.097900 10.910305
v -2.711849 164.082534 11.146854
v -3.247166 163.851837 10.962668
v -2.620042 163.927062 11.213482
v -3.180113 163.621948 10.971476
v -2.547036 163.795639 11.272135
v -3.124928 163.450653 10.961131
v -3.734450 164.281295 10.659557
v -3.760787 163.982208 10.705950
v -3.767169 163.698410 10.720253
v -3.733798 163.445159 10.670674
v -3.680333 163.207199 10.588739
v -4.197442 163.169479 10.200057
v -4.248161 163.425720 10.337630
v -4.701675 163.346984 9.810466
v -4.199973 164.011215 10.442462
v -4.261475 163.700225 10.432623
v -4.101065 164.340454 10.409722
v -4.645418 164.211486 10.163530
v -4.747739 163.888061 10.142499
v -4.749777 163.606933 10.005480
v -5.219029 163.749145 9.436462
v -5.257339 164.011901 9.703514
v -5.742944 164.263656 9.070247
v -5.767875 164.528732 9.416637
v -4.492956 164.556060 10.126566
v -5.116777 164.609558 9.908369
v -5.241354 164.292694 9.888252
v -4.937904 164.944458 9.846174
v -5.601094 165.106536 9.665094
v -5.738646 164.805725 9.651944
v -5.409381 165.419281 9.567162
v 1.982062 165.136047 11.385156
v 2.337933 165.167022 11.221424
v 2.061238 165.393753 11.335752
v 2.344710 164.855682 11.312782
v 2.667660 165.025589 11.106491
v 2.754158 164.680313 11.231014
v 3.259673 164.716186 11.103846
v 3.104689 165.051574 10.967439
v 3.734396 164.887893 10.954958
v 3.524181 165.181900 10.826922
v 1.877603 164.907211 11.439223
v 2.321278 164.573593 11.387731
v 2.805323 164.356689 11.315460
v 3.374704 164.382659 11.169801
v 3.905703 164.574081 10.993954
v 4.270974 164.840469 10.853996
v 4.048778 165.111679 10.847972
v 3.799140 165.350387 10.748280
v 1.721468 164.734573 11.497832
v 2.236402 164.347839 11.421089
v 2.785405 164.075729 11.309598
v 3.409733 164.052856 11.093278
v 3.999144 164.220748 10.854780
v 4.438292 164.504272 10.672678
v 1.539067 164.589813 11.559710
v 2.120462 164.150314 11.433560
v 2.729464 163.816375 11.258675
v 3.404092 163.724914 10.944612
v 4.053373 163.847625 10.625986
v 4.578169 164.135559 10.397688
v 4.997485 164.537704 10.198857
v 4.769071 164.877182 10.505025
v 4.527518 165.175903 10.720693
v 4.259686 165.393112 10.755354
v 3.978715 165.569549 10.699514
v 5.336368 165.003021 9.980194
v 5.037376 165.313278 10.317543
v 4.735056 165.574523 10.570038
v 4.426081 165.737716 10.652821
v 4.113777 165.851898 10.650750
v 4.570218 166.113922 10.545330
v 4.226581 166.165832 10.601985
v 5.635034 165.499923 9.751614
v 5.274445 165.780975 10.120145
v 4.918093 166.004745 10.410707
v -1.982062 165.136062 11.385158
v -2.061238 165.393753 11.335752
v -2.337933 165.167022 11.221424
v -2.344710 164.855682 11.312782
v -1.877603 164.907211 11.439223
v -2.321278 164.573593 11.387730
v -1.721468 164.734573 11.497832
v -2.236402 164.347839 11.421088
v -1.539066 164.589813 11.559708
v -2.120462 164.150314 11.433560
v -2.667660 165.025589 11.106491
v -2.754158 164.680313 11.231014
v -2.805323 164.356719 11.315460
v -2.785405 164.075729 11.309596
v -2.729464 163.816375 11.258676
v -3.404092 163.724899 10.944611
v -3.409733 164.052856 11.093278
v -4.053373 163.847625 10.625986
v -3.259673 164.716186 11.103846
v -3.374704 164.382659 11.169801
v -3.104689 165.051574 10.967439
v -3.734396 164.887893 10.954958
v -3.905702 164.574066 10.993954
v -3.999144 164.220748 10.854780
v -4.578169 164.135559 10.397688
v -4.438292 164.504257 10.672678
v -4.997485 164.537704 10.198857
v -3.524181 165.181900 10.826922
v -4.048778 165.111679 10.847972
v -4.270974 164.840469 10.853996
v -3.799140 165.350387 10.748280
v -4.259686 165.393112 10.755354
v -4.527517 165.175888 10.720693
v -4.769071 164.877182 10.505025
v -5.336368 165.003021 9.980194
v -5.037376 165.313278 10.317543
v -5.635034 165.499923 9.751614
v -5.274445 165.780975 10.120145
v -3.978716 165.569549 10.699514
v -4.426081 165.737716 10.652822
v -4.735056 165.574523 10.570038
v -4.113777 165.851898 10.650750
v -4.570218 166.113922 10.545330
v -4.918094 166.004730 10.410706
v -4.226581 166.165832 10.601985
v 3.175575 163.976440 10.951725
v 2.956866 164.201202 11.029206
v 2.759840 164.109909 11.169781
v 2.994763 163.829864 11.104259
v 3.429399 163.788177 10.832870
v 3.260676 163.586273 10.982165
v 3.755634 163.672943 10.653937
v 3.591841 163.416030 10.780124
v 4.160391 163.633102 10.407869
v 2.549367 163.997497 11.317745
v 2.792705 163.677169 11.251696
v 3.066904 163.390182 11.119612
v 3.406772 163.175750 10.882506
v 4.006979 163.329513 10.492629
v 4.648380 163.670959 10.084913
v 4.525266 163.337097 10.109203
v 5.176701 163.747695 9.721055
v 2.311523 163.845092 11.489657
v 2.547535 163.511932 11.393783
v 2.822227 163.205688 11.227048
v 3.178475 162.968750 10.935983
v 3.834843 163.049606 10.550787
v 4.374881 163.027496 10.118369
v 5.093736 163.391723 9.675149
v 2.058967 163.672332 11.674845
v 2.279765 163.338745 11.530960
v 2.551211 163.027023 11.312253
v 2.928138 162.778381 10.964190
v 3.624570 162.817123 10.554422
v 4.169957 162.766464 10.097289
v 4.970001 163.057388 9.633876
v 3.395010 162.608322 10.530376
v 3.937762 162.529724 10.061084
v 4.764726 162.766326 9.601863
v 4.518680 162.496902 9.574482
v -3.175575 163.976440 10.951725
v -2.759840 164.109909 11.169782
v -2.956866 164.201202 11.029206
v -2.994763 163.829849 11.104259
v -2.549366 163.997497 11.317745
v -2.792705 163.677185 11.251696
v -2.311523 163.845092 11.489657
v -2.547535 163.511947 11.393783
v -2.058967 163.672332 11.674845
v -2.279764 163.338745 11.530958
v -3.429399 163.788177 10.832870
v -3.260676 163.586257 10.982165
v -3.066903 163.390167 11.119612
v -2.822227 163.205688 11.227048
v -2.551211 163.027038 11.312253
v -3.178475 162.968750 10.935983
v -2.928138 162.778381 10.964190
v -3.755634 163.672943 10.653937
v -3.591841 163.416030 10.780124
v -3.406772 163.175750 10.882506
v -3.834843 163.049621 10.550786
v -3.624570 162.817123 10.554422
v -3.395010 162.608322 10.530377
v -4.169957 162.766479 10.097289
v -3.937762 162.529724 10.061084
v -4.160391 163.633102 10.407869
v -4.006979 163.329513 10.492629
v -4.525266 163.337097 10.109203
v -4.374881 163.027496 10.118369
v -4.970001 163.057373 9.633874
v -4.764726 162.766326 9.601863
v -4.518680 162.496902 9.574482
v -4.648380 163.670959 10.084913
v -5.176701 163.747695 9.721055
v -5.093736 163.391723 9.675149
v 2.700118 164.447967 11.321209
v 2.392628 164.595565 11.400796
v 2.249122 164.478942 11.473812
v 2.635056 164.263427 11.400201
v 3.037199 164.327728 11.213878
v 3.037732 164.087341 11.287550
v 3.435463 164.276046 11.055857
v 3.477944 164.013275 11.110457
v 3.861993 164.299865 10.862156
v 2.115463 164.357238 11.542103
v 2.570152 164.084991 11.460911
v 3.029761 163.860839 11.327739
v 3.505674 163.764953 11.119510
v 3.935929 164.036346 10.900853
v 4.283918 164.403564 10.644864
v 4.391507 164.148315 10.675602
v 4.703836 164.547180 10.416337
v 2.001697 164.226516 11.603638
v 2.505625 163.919525 11.483913
v 3.005019 163.662200 11.300874
v 3.504322 163.545562 11.038270
v 3.988312 163.782272 10.886271
v 4.466590 163.893569 10.648271
v 4.846169 164.304718 10.443079
v 1.897660 164.091705 11.663376
v 2.441060 163.760498 11.488726
v 2.971641 163.477432 11.239693
v 3.488272 163.340621 10.911588
v 3.997773 163.547088 10.765481
v 4.476665 163.639877 10.504800
v 4.947518 163.778320 10.248717
v 4.942674 164.051879 10.407859
v 3.985783 163.321334 10.591609
v 4.454235 163.386688 10.303260
v 4.906533 163.494369 10.027614
v -2.700118 164.447967 11.321209
v -2.249122 164.478942 11.473812
v -2.392628 164.595565 11.400796
v -2.635056 164.263427 11.400199
v -2.115463 164.357238 11.542103
v -2.570152 164.084991 11.460911
v -2.001697 164.226516 11.603638
v -2.505625 163.919525 11.483912
v -1.897660 164.091705 11.663376
v -2.441060 163.760498 11.488726
v -3.037199 164.327713 11.213878
v -3.037732 164.087341 11.287550
v -3.029761 163.860839 11.327740
v -3.005019 163.662200 11.300874
v -2.971641 163.477432 11.239693
v -3.504322 163.545562 11.038270
v -3.488272 163.340621 10.911588
v -3.435463 164.276046 11.055857
v -3.477944 164.013275 11.110458
v -3.505674 163.764953 11.119510
v -3.988312 163.782257 10.886272
v -3.997773 163.547073 10.765481
v -3.985784 163.321350 10.591609
v -4.454235 163.386688 10.303260
v -3.861993 164.299881 10.862156
v -3.935929 164.036346 10.900853
v -4.391507 164.148315 10.675602
v -4.466590 163.893569 10.648271
v -4.476665 163.639862 10.504800
v -4.906533 163.494369 10.027614
v -4.947518 163.778320 10.248717
v -4.283918 164.403564 10.644864
v -4.703836 164.547180 10.416337
v -4.846169 164.304718 10.443079
v -4.942674 164.051879 10.407859
v 2.842029 164.627914 11.194289
v 2.526489 164.757431 11.285346
v 2.389690 164.633743 11.361744
v 2.790102 164.440368 11.275503
v 3.184192 164.533477 11.073603
v 3.206513 164.294281 11.146156
v 3.581768 164.522521 10.907936
v 3.659043 164.264587 10.961883
v 3.991183 164.590133 10.722004
v 2.263192 164.505172 11.431995
v 2.737602 164.259094 11.337421
v 3.217876 164.068878 11.186088
v 3.716445 164.021148 10.970816
v 4.111256 164.333725 10.759624
v 4.366941 164.731048 10.518941
v 4.523926 164.483291 10.546452
v 4.684538 164.925552 10.325258
v 2.157232 164.368331 11.493837
v 2.683745 164.090789 11.360893
v 3.207351 163.871017 11.157745
v 3.734351 163.806655 10.890189
v 4.202441 164.086654 10.744744
v 4.640690 164.234802 10.517121
v 4.879562 164.687591 10.340284
v 4.921691 165.153823 10.171736
v 2.061419 164.227813 11.553635
v 2.629001 163.928833 11.365882
v 3.185661 163.686950 11.095018
v 3.732418 163.606628 10.764610
v 4.235827 163.858230 10.624827
v 4.677013 163.984848 10.374107
v 5.053916 164.158126 10.140793
v 5.020662 164.436264 10.297924
v 5.163559 164.920929 10.164562
v 5.118621 165.399002 10.038294
v 5.411737 165.168792 10.004060
v 4.240441 163.639114 10.452633
v 4.673117 163.734161 10.174251
v 5.033247 163.866592 9.926277
v 5.366511 164.349624 9.935254
v 5.335231 164.661666 10.103647
v 5.617100 164.899047 9.921829
v 5.646951 164.550247 9.743599
v 5.327594 164.011200 9.713119
v 5.589048 164.161911 9.517370
v -2.842029 164.627914 11.194289
v -2.389690 164.633743 11.361744
v -2.526489 164.757431 11.285346
v -2.790102 164.440368 11.275502
v -2.263192 164.505172 11.431995
v -2.737602 164.259094 11.337421
v -2.157232 164.368331 11.493837
v -2.683745 164.090774 11.360893
v -2.061419 164.227813 11.553635
v -2.629001 163.928833 11.365882
v -3.184192 164.533477 11.073603
v -3.206513 164.294281 11.146156
v -3.217876 164.068878 11.186088
v -3.207351 163.871017 11.157745
v -3.185661 163.686935 11.095018
v -3.734351 163.806655 10.890189
v -3.732418 163.606628 10.764610
v -3.581768 164.522521 10.907936
v -3.659043 164.264587 10.961884
v -3.716445 164.021148 10.970816
v -4.202415 164.086654 10.744693
v -4.235827 163.858230 10.624827
v -4.240441 163.639114 10.452633
v -4.673117 163.734161 10.174251
v -3.991183 164.590133 10.722004
v -4.111230 164.333725 10.759573
v -4.523926 164.483291 10.546451
v -4.640690 164.234802 10.517121
v -4.677013 163.984848 10.374107
v -5.033247 163.866592 9.926277
v -4.366941 164.731048 10.518941
v -4.684538 164.925552 10.325258
v -4.879561 164.687591 10.340284
v -5.020662 164.436248 10.297925
v -5.053916 164.158126 10.140793
v -5.366511 164.349624 9.935254
v -5.327594 164.011200 9.713119
v -5.646951 164.550247 9.743599
v -5.589048 164.161911 9.517370
v -4.921691 165.153823 10.171736
v -5.163559 164.920929 10.164561
v -5.335232 164.661666 10.103647
v -5.617100 164.899047 9.921828
v -5.118621 165.399002 10.038294
v -5.411737 165.168792 10.004060
v 2.210103 164.818939 11.527693
v 2.012650 165.068588 11.504379
v 1.801138 164.940917 11.575027
v 2.029648 164.645172 11.624051
v 2.447453 164.592926 11.558647
v 2.304825 164.375167 11.675822
v 2.764261 164.409362 11.588552
v 2.672964 164.148834 11.708086
v 3.141382 164.294387 11.570151
v 1.594019 164.818954 11.638938
v 1.846816 164.478744 11.703941
v 2.153362 164.166000 11.769960
v 2.566933 163.897094 11.798132
v 3.109283 163.992553 11.683439
v 3.561201 164.284973 11.457119
v 3.591345 163.950454 11.573089
v 4.004467 164.329620 11.301214
v 1.395993 164.710144 11.691091
v 1.659370 164.327301 11.753324
v 1.984336 163.973587 11.815834
v 2.431672 163.663055 11.825447
v 2.965892 163.420623 11.743152
v 3.057256 163.698669 11.755469
v 1.202264 164.608489 11.740557
v 1.469184 164.184265 11.790381
v 1.805899 163.790298 11.840074
v 2.281100 163.438110 11.822623
v 2.854190 163.150527 11.686028
v 3.555948 163.300933 11.554598
v 3.597367 163.620819 11.626067
v 4.098732 163.967163 11.428566
v 3.490126 162.985931 11.419595
v 4.177979 163.245040 11.337751
v 4.165523 163.605407 11.469244
v 4.163033 162.885375 11.119719
v -2.210103 164.818939 11.527693
v -1.801138 164.940917 11.575027
v -2.012650 165.068588 11.504379
v -2.029648 164.645172 11.624051
v -1.594019 164.818969 11.638938
v -1.846816 164.478744 11.703942
v -1.395993 164.710144 11.691091
v -1.659370 164.327301 11.753324
v -1.202264 164.608489 11.740557
v -1.469184 164.184265 11.790381
v -2.447453 164.592910 11.558647
v -2.304825 164.375167 11.675822
v -2.153362 164.165985 11.769960
v -1.984336 163.973587 11.815834
v -1.805899 163.790298 11.840074
v -2.281100 163.438110 11.822623
v -2.431672 163.663055 11.825448
v -2.854190 163.150527 11.686028
v -2.764261 164.409362 11.588552
v -2.672964 164.148834 11.708086
v -2.566933 163.897094 11.798132
v -3.141382 164.294387 11.570151
v -3.109283 163.992553 11.683440
v -3.057256 163.698669 11.755471
v -2.965892 163.420623 11.743152
v -3.555948 163.300933 11.554598
v -3.490126 162.985931 11.419595
v -4.177979 163.245040 11.337751
v -4.163033 162.885375 11.119719
v -3.561201 164.284973 11.457119
v -3.591345 163.950454 11.573090
v -3.597367 163.620819 11.626067
v -4.165522 163.605407 11.469244
v -4.004467 164.329620 11.301214
v -4.098732 163.967163 11.428566
v 2.295960 164.868057 11.393169
v 2.133689 165.000534 11.432674
v 1.939005 164.909439 11.499116
v 2.181019 164.719299 11.486703
v 2.500765 164.773757 11.348192
v 2.463012 164.573562 11.464986
v 2.790870 164.754470 11.282932
v 2.825417 164.513931 11.410423
v 3.138127 164.867355 11.190616
v 1.754277 164.814468 11.562981
v 2.060261 164.574081 11.567894
v 2.406404 164.382156 11.560983
v 2.833605 164.283279 11.503809
v 3.238007 164.586120 11.315672
v 3.516708 165.179534 11.072300
v 3.673155 164.848144 11.193042
v 3.915109 165.592086 10.956538
v 1.589797 164.714035 11.625120
v 1.927709 164.436157 11.625443
v 2.311844 164.207626 11.610287
v 2.789202 164.071777 11.524205
v 3.305359 164.315414 11.392083
v 3.787800 164.531555 11.255191
v 4.124170 165.205657 11.076369
v 1.435291 164.611297 11.688327
v 1.788942 164.302261 11.672633
v 2.197963 164.041976 11.636594
v 2.718244 163.870162 11.509402
v 3.307739 164.065765 11.369998
v 3.818796 164.244537 11.200066
v 4.280337 164.840042 11.129418
v 3.277370 163.826660 11.298462
v 3.807751 163.972335 11.085890
v 4.330789 164.516052 11.049046
v 4.328341 164.212890 10.901881
v -2.295960 164.868057 11.393169
v -1.939005 164.909439 11.499116
v -2.133689 165.000534 11.432674
v -2.181020 164.719284 11.486705
v -1.754277 164.814468 11.562981
v -2.060261 164.574081 11.567894
v -1.589797 164.714035 11.625120
v -1.927709 164.436157 11.625444
v -1.435291 164.611297 11.688327
v -1.788942 164.302261 11.672633
v -2.500765 164.773757 11.348192
v -2.463012 164.573547 11.464986
v -2.406404 164.382141 11.560983
v -2.311844 164.207626 11.610287
v -2.197963 164.041976 11.636594
v -2.789202 164.071792 11.524205
v -2.718244 163.870162 11.509402
v -2.790870 164.754470 11.282932
v -2.825417 164.513931 11.410422
v -2.833605 164.283279 11.503809
v -3.305359 164.315429 11.392083
v -3.307739 164.065780 11.369998
v -3.277370 163.826675 11.298462
v -3.818797 164.244537 11.200067
v -3.807751 163.972335 11.085890
v -3.138127 164.867370 11.190616
v -3.238007 164.586120 11.315672
v -3.673155 164.848144 11.193042
v -3.787800 164.531555 11.255191
v -4.280337 164.840042 11.129418
v -4.330789 164.516052 11.049046
v -4.328341 164.212890 10.901881
v -3.516708 165.179534 11.072300
v -3.915109 165.592086 10.956538
v -4.124170 165.205657 11.076369
v 3.307523 164.397552 10.849583
v 3.020326 164.539978 11.027893
v 2.966803 164.358673 11.039745
v 3.291958 164.191848 10.873679
v 3.617441 164.314697 10.646911
v 3.641294 164.082016 10.675553
v 3.974652 164.350921 10.412640
v 4.041459 164.086196 10.437584
v 4.349326 164.486007 10.163057
v 2.904732 164.184356 11.065440
v 3.270555 163.987243 10.891675
v 3.660020 163.846939 10.678672
v 4.099798 163.820220 10.419650
v 4.460222 164.192306 10.180860
v 4.708702 164.699676 9.908819
v 4.861290 164.388275 9.918672
v 5.043428 164.974273 9.645848
v 2.825611 164.023956 11.118089
v 3.237597 163.784851 10.897706
v 3.668525 163.607025 10.630804
v 4.141203 163.551757 10.315960
v 4.555593 163.899841 10.141297
v 4.988546 164.078491 9.861545
v 5.234396 164.653778 9.644320
v 5.344208 165.292144 9.370164
v 2.737917 163.870544 11.183863
v 3.198667 163.583572 10.897379
v 3.671724 163.364715 10.557064
v 4.174298 163.282043 10.169693
v 4.619916 163.609802 9.987006
v 5.065139 163.771911 9.670458
v 5.468514 164.016052 9.361249
v 5.388409 164.334091 9.572789
v 5.569376 164.968444 9.351301
v 5.628014 165.631637 9.088125
v 5.885294 165.307708 9.048948
v 4.668715 163.320999 9.775350
v 5.116399 163.466949 9.412391
v 5.511666 163.698806 9.079705
v 5.821686 164.320160 9.054308
v 5.745038 164.644531 9.267621
v 6.080050 164.982360 8.954249
v 6.149755 164.654235 8.748504
v 5.848827 163.995544 8.776180
v 6.156936 164.324707 8.487237
v -3.307523 164.397552 10.849583
v -2.966803 164.358673 11.039745
v -3.020326 164.539978 11.027893
v -3.291958 164.191848 10.873678
v -2.904732 164.184356 11.065440
v -3.270555 163.987243 10.891674
v -2.825611 164.023956 11.118089
v -3.237597 163.784851 10.897706
v -2.737917 163.870544 11.183863
v -3.198667 163.583572 10.897379
v -3.617442 164.314697 10.646911
v -3.641294 164.082016 10.675553
v -3.660020 163.846954 10.678670
v -3.668525 163.607025 10.630804
v -3.671724 163.364700 10.557064
v -4.141203 163.551757 10.315960
v -4.174298 163.282043 10.169693
v -3.974652 164.350921 10.412640
v -4.041459 164.086196 10.437584
v -4.099798 163.820220 10.419650
v -4.555593 163.899841 10.141297
v -4.619916 163.609802 9.987006
v -4.668715 163.320999 9.775350
v -5.116399 163.466949 9.412391
v -4.349326 164.486007 10.163057
v -4.460222 164.192306 10.180860
v -4.861290 164.388275 9.918672
v -4.988546 164.078491 9.861545
v -5.065139 163.771911 9.670458
v -5.511666 163.698806 9.079705
v -4.708702 164.699676 9.908819
v -5.043428 164.974273 9.645848
v -5.234396 164.653778 9.644320
v -5.388409 164.334106 9.572789
v -5.468514 164.016052 9.361249
v -5.821686 164.320160 9.054310
v -5.848827 163.995544 8.776180
v -6.149755 164.654235 8.748504
v -6.156936 164.324707 8.487237
v -5.344208 165.292144 9.370164
v -5.569376 164.968444 9.351301
v -5.745038 164.644531 9.267622
v -6.080050 164.982360 8.954249
v -5.628014 165.631637 9.088125
v -5.885294 165.307708 9.048948
v 2.433681 164.239974 11.372466
v 2.242159 164.443878 11.380776
v 2.011410 164.280517 11.566974
v 2.238978 164.040679 11.547526
v 2.664771 164.049377 11.337806
v 2.499773 163.811126 11.502090
v 2.975636 163.884994 11.240396
v 2.828112 163.601943 11.393589
v 3.378503 163.766830 11.059654
v 1.777357 164.122177 11.744032
v 2.034526 163.849853 11.708934
v 2.321059 163.585052 11.646617
v 2.668059 163.336257 11.514676
v 3.241449 163.445449 11.203413
v 3.888455 163.712036 10.813694
v 3.759883 163.372039 10.950766
v 4.456913 163.688934 10.550028
v 1.537404 163.975357 11.905499
v 1.811105 163.676254 11.843473
v 2.115597 163.383819 11.750130
v 2.483534 163.105270 11.563948
v 3.092185 163.145309 11.301676
v 3.612945 163.054138 11.036637
v 4.335793 163.340179 10.685915
v 1.293559 163.836318 12.066876
v 1.577285 163.512435 11.969127
v 1.895568 163.195571 11.807215
v 2.286019 162.891662 11.568443
v 2.919105 162.887634 11.308938
v 3.428976 162.780426 11.019535
v 4.186437 163.012863 10.766939
v 2.733498 162.651184 11.268071
v 3.225981 162.528778 10.949971
v 3.979843 162.728424 10.736769
v 3.744310 162.465423 10.650392
v -2.433681 164.239974 11.372466
v -2.011410 164.280517 11.566974
v -2.242159 164.443878 11.380776
v -2.238978 164.040695 11.547525
v -1.777357 164.122177 11.744034
v -2.034526 163.849868 11.708932
v -1.537404 163.975357 11.905499
v -1.811105 163.676269 11.843470
v -1.293559 163.836318 12.066876
v -1.577285 163.512435 11.969127
v -2.664770 164.049377 11.337806
v -2.499773 163.811126 11.502090
v -2.321059 163.585052 11.646619
v -2.115597 163.383819 11.750129
v -1.895568 163.195556 11.807215
v -2.483535 163.105270 11.563948
v -2.286019 162.891662 11.568443
v -2.975636 163.884994 11.240396
v -2.828112 163.601943 11.393589
v -2.668059 163.336257 11.514676
v -3.092185 163.145309 11.301676
v -2.919105 162.887634 11.308938
v -2.733498 162.651184 11.268071
v -3.428976 162.780426 11.019533
v -3.225981 162.528778 10.949971
v -3.378503 163.766830 11.059654
v -3.241449 163.445449 11.203413
v -3.759883 163.372039 10.950766
v -3.612945 163.054138 11.036637
v -4.186437 163.012863 10.766939
v -3.979843 162.728424 10.736769
v -3.744310 162.465423 10.650392
v -3.888455 163.712036 10.813694
v -4.456913 163.688934 10.550028
v -4.335793 163.340179 10.685915
v 0.165582 163.882995 12.391077
v 0.838587 163.794250 12.324785
v 1.595453 163.850158 12.036590
v -0.165582 163.882995 12.391077
v -0.838587 163.794250 12.324785
v -1.595453 163.850158 12.036590
v 0.126414 163.760040 12.378809
v 0.816493 163.803390 12.522859
v 1.348461 163.810607 12.171198
v -0.126414 163.760040 12.378809
v -0.816493 163.803390 12.522859
v -1.348461 163.810607 12.171198
vt 0.625977 0.993771
vt 0.508301 0.894165
vt 0.508301 0.993771
vt 0.625977 0.894165
vt 0.363366 0.382046
vt 0.363366 0.317993
vt 0.424958 0.317993
vt 0.424958 0.382046
vt 0.625977 0.773193
vt 0.508301 0.773193
vt 0.625977 0.894165
vt 0.752441 0.894165
vt 0.752441 0.993771
vt 0.625977 0.993771
vt 0.752441 0.773193
vt 0.752441 0.894165
vt 0.508301 0.993771
vt 0.508301 0.894165
vt 0.425087 0.027333
vt 0.486744 0.027333
vt 0.486744 0.058620
vt 0.425087 0.058620
vt 0.752441 0.773193
vt 0.625977 0.773193
vt 0.508301 0.773193
vt 0.631836 0.725586
vt 0.516602 0.568604
vt 0.516602 0.725586
vt 0.631836 0.568604
vt 0.631836 0.568604
vt 0.516602 0.568604
vt 0.631836 0.396973
vt 0.754395 0.396973
vt 0.631836 0.396973
vt 0.516602 0.396973
vt 0.754395 0.568604
vt 0.754395 0.725586
vt 0.631836 0.725586
vt 0.754395 0.396973
vt 0.754395 0.568604
vt 0.516602 0.725586
vt 0.301773 0.027333
vt 0.240116 0.027333
vt 0.240116 0.090444
vt 0.301773 0.090444
vt 0.066772 0.769897
vt 0.066772 0.871338
vt 0.004559 0.871338
vt 0.004559 0.769897
vt 0.516602 0.396973
vt 0.499268 0.905640
vt 0.621094 0.905640
vt 0.621094 0.982285
vt 0.499268 0.982285
vt 0.632813 0.384277
vt 0.632813 0.193848
vt 0.518555 0.193848
vt 0.518555 0.384277
vt 0.621094 0.768555
vt 0.499268 0.768555
vt 0.499268 0.905640
vt 0.630371 0.010742
vt 0.756348 0.010742
vt 0.756348 0.140625
vt 0.630371 0.140625
vt 0.752930 0.768555
vt 0.621094 0.905640
vt 0.752930 0.905640
vt 0.622070 0.869507
vt 0.502930 0.869507
vt 0.622070 0.771729
vt 0.749512 0.771729
vt 0.752930 0.982285
vt 0.621094 0.982285
vt 0.752930 0.768555
vt 0.752930 0.905640
vt 0.621094 0.768555
vt 0.499268 0.768555
vt 0.625000 0.993771
vt 0.489990 0.908875
vt 0.489990 0.993771
vt 0.625000 0.908875
vt 0.625000 0.908875
vt 0.489990 0.908875
vt 0.625000 0.757080
vt 0.770996 0.757080
vt 0.625000 0.757080
vt 0.489990 0.757080
vt 0.770996 0.908875
vt 0.770996 0.993771
vt 0.625000 0.993771
vt 0.770996 0.757080
vt 0.770996 0.908875
vt 0.489990 0.993771
vt 0.301709 0.027333
vt 0.240116 0.027333
vt 0.240116 0.089908
vt 0.301709 0.089908
vt 0.425087 0.382043
vt 0.425087 0.334039
vt 0.486744 0.334039
vt 0.486744 0.382043
vt 0.489990 0.757080
vt 0.625977 0.984406
vt 0.508301 0.884766
vt 0.508301 0.984406
vt 0.625977 0.884766
vt 0.240116 0.219259
vt 0.301773 0.219259
vt 0.301773 0.281387
vt 0.240116 0.281387
vt 0.625977 0.763794
vt 0.508301 0.763794
vt 0.301709 0.027333
vt 0.363366 0.027333
vt 0.363366 0.089908
vt 0.301709 0.089908
vt 0.752441 0.763794
vt 0.752441 0.884766
vt 0.625977 0.984406
vt 0.508301 0.984406
vt 0.508301 0.884766
vt 0.625977 0.884766
vt 0.752441 0.984406
vt 0.752441 0.763794
vt 0.752441 0.884766
vt 0.625977 0.763794
vt 0.508301 0.763794
vt 0.625977 0.738770
vt 0.504395 0.558594
vt 0.504395 0.738770
vt 0.625977 0.558594
vt 0.625977 0.397949
vt 0.504395 0.397949
vt 0.625977 0.558594
vt 0.756348 0.558594
vt 0.756348 0.738770
vt 0.625977 0.738770
vt 0.625977 0.397949
vt 0.756348 0.397949
vt 0.504395 0.738770
vt 0.504395 0.558594
vt 0.486744 0.027333
vt 0.425087 0.027333
vt 0.425087 0.090444
vt 0.486744 0.090444
vt 0.504395 0.397949
vt 0.625977 0.738770
vt 0.504395 0.558594
vt 0.504395 0.738770
vt 0.625977 0.558594
vt 0.625977 0.397949
vt 0.504395 0.397949
vt 0.240116 0.090444
vt 0.240116 0.027333
vt 0.301773 0.027333
vt 0.301773 0.090444
vt 0.625977 0.558594
vt 0.625977 0.397949
vt 0.756348 0.397949
vt 0.756348 0.558594
vt 0.625977 0.738770
vt 0.504395 0.738770
vt 0.504395 0.558594
vt 0.756348 0.738770
vt 0.756348 0.558594
vt 0.756348 0.397949
vt 0.756348 0.558594
vt 0.504395 0.397949
vt 0.625488 0.731934
vt 0.502441 0.550293
vt 0.502441 0.731934
vt 0.625488 0.550293
vt 0.625488 0.388184
vt 0.502441 0.388184
vt 0.625488 0.550293
vt 0.758301 0.550293
vt 0.758301 0.731934
vt 0.625488 0.731934
vt 0.758301 0.388184
vt 0.758301 0.550293
vt 0.502441 0.731934
vt 0.502441 0.550293
vt 0.363430 0.153734
vt 0.301773 0.153734
vt 0.301773 0.217471
vt 0.363430 0.217471
vt 0.758301 0.388184
vt 0.625488 0.388184
vt 0.502441 0.388184
vt 0.473877 0.557373
vt 0.345459 0.557373
vt 0.345459 0.731445
vt 0.473877 0.731445
vt 0.345459 0.402344
vt 0.473877 0.557373
vt 0.345459 0.557373
vt 0.473877 0.402344
vt 0.246826 0.557373
vt 0.246826 0.731445
vt 0.246826 0.402344
vt 0.246826 0.557373
vt 0.756348 0.397949
vt 0.301773 0.183413
vt 0.240116 0.183413
vt 0.240116 0.233025
vt 0.301773 0.233025
vt 0.246826 0.402344
vt 0.345459 0.402344
vt 0.473877 0.402344
vt 0.622070 0.979141
vt 0.502930 0.869507
vt 0.502930 0.979141
vt 0.622070 0.869507
vt 0.622070 0.771729
vt 0.502930 0.771729
vt 0.076111 0.871338
vt 0.147705 0.871338
vt 0.147705 0.769897
vt 0.076111 0.769897
vt 0.749512 0.771729
vt 0.749512 0.869507
vt 0.622070 0.979141
vt 0.502930 0.979141
vt 0.749512 0.979141
vt 0.749512 0.869507
vt 0.502930 0.771729
vt 0.631836 0.725586
vt 0.516602 0.568604
vt 0.516602 0.725586
vt 0.631836 0.568604
vt 0.631836 0.568604
vt 0.516602 0.568604
vt 0.631836 0.396973
vt 0.754395 0.396973
vt 0.631836 0.396973
vt 0.516602 0.396973
vt 0.363430 0.277990
vt 0.301773 0.277990
vt 0.301773 0.331715
vt 0.363430 0.331715
vt 0.754395 0.396973
vt 0.754395 0.568604
vt 0.631836 0.725586
vt 0.516602 0.725586
vt 0.754395 0.725586
vt 0.754395 0.568604
vt 0.635254 0.993771
vt 0.635254 0.902832
vt 0.770996 0.902832
vt 0.770996 0.993771
vt 0.516602 0.396973
vt 0.770996 0.902832
vt 0.635254 0.902832
vt 0.635254 0.993771
vt 0.770996 0.993771
vt 0.425087 0.153734
vt 0.425087 0.090444
vt 0.486744 0.090444
vt 0.486744 0.153734
vt 0.486615 0.281387
vt 0.424958 0.281387
vt 0.424958 0.334039
vt 0.486615 0.334039
vt 0.489990 0.757080
vt 0.489990 0.902832
vt 0.635254 0.757080
vt 0.515137 0.497559
vt 0.515137 0.392578
vt 0.627930 0.392578
vt 0.627930 0.497559
vt 0.489990 0.993771
vt 0.489990 0.757080
vt 0.489990 0.902832
vt 0.635254 0.757080
vt 0.770996 0.757080
vt 0.867188 0.731445
vt 0.749023 0.557373
vt 0.749023 0.731445
vt 0.867188 0.557373
vt 0.867188 0.557373
vt 0.749023 0.557373
vt 0.867188 0.402344
vt 0.994629 0.402344
vt 0.867188 0.402344
vt 0.749023 0.402344
vt 0.994629 0.402344
vt 0.994629 0.557373
vt 0.867188 0.731445
vt 0.749023 0.731445
vt 0.994629 0.731445
vt 0.994629 0.557373
vt 0.486744 0.089908
vt 0.486744 0.027333
vt 0.425087 0.027333
vt 0.425087 0.089908
vt 0.749023 0.402344
vt 0.867676 0.731445
vt 0.759766 0.557373
vt 0.759766 0.731445
vt 0.867676 0.557373
vt 0.867676 0.402344
vt 0.759766 0.402344
vt 0.363366 0.334218
vt 0.301709 0.334218
vt 0.301709 0.382046
vt 0.363366 0.382046
vt 0.363430 0.071135
vt 0.363430 0.113686
vt 0.425087 0.113686
vt 0.425087 0.071135
vt 0.867676 0.731445
vt 0.759766 0.731445
vt 0.759766 0.557373
vt 0.867676 0.557373
vt 0.983887 0.731445
vt 0.983887 0.557373
vt 0.983887 0.402344
vt 0.867676 0.402344
vt 0.759766 0.402344
vt 0.121277 0.731445
vt 0.002790 0.557373
vt 0.002790 0.731445
vt 0.121277 0.557373
vt 0.073486 0.871338
vt 0.073486 0.985077
vt 0.147705 0.985077
vt 0.147705 0.871338
vt 0.121277 0.402344
vt 0.002790 0.402344
vt 0.121277 0.557373
vt 0.248657 0.557373
vt 0.248657 0.731445
vt 0.121277 0.731445
vt 0.248657 0.402344
vt 0.248657 0.557373
vt 0.002790 0.731445
vt 0.002790 0.557373
vt 0.770996 0.757080
vt 0.248657 0.402344
vt 0.121277 0.402344
vt 0.002790 0.402344
vt 0.507324 0.862915
vt 0.619629 0.862915
vt 0.619629 0.985207
vt 0.507324 0.985207
vt 0.425087 0.090444
vt 0.363430 0.090444
vt 0.425087 0.153734
vt 0.301773 0.219259
vt 0.301773 0.153555
vt 0.240116 0.153555
vt 0.240116 0.219259
vt 0.619629 0.753784
vt 0.740234 0.753784
vt 0.740234 0.862915
vt 0.486744 0.113686
vt 0.486744 0.071135
vt 0.740234 0.985207
vt 0.740234 0.862915
vt 0.619629 0.862915
vt 0.619629 0.985207
vt 0.076111 0.985077
vt 0.147705 0.985077
vt 0.619629 0.753784
vt 0.507324 0.753784
vt 0.507324 0.862915
vt 0.240116 0.334039
vt 0.301773 0.334039
vt 0.301773 0.382046
vt 0.240116 0.382046
vt 0.240116 0.281387
vt 0.301773 0.281387
vt 0.363366 0.061839
vt 0.424958 0.061839
vt 0.424958 0.098490
vt 0.363366 0.098490
vt 0.301773 0.219259
vt 0.240116 0.219259
vt 0.240116 0.281387
vt 0.301773 0.334039
vt 0.301773 0.281387
vt 0.363430 0.281387
vt 0.363430 0.334039
vt 0.301773 0.153555
vt 0.240116 0.153555
vt 0.301773 0.058620
vt 0.301773 0.027333
vt 0.240116 0.027333
vt 0.240116 0.058620
vt 0.425087 0.089908
vt 0.486744 0.089908
vt 0.486744 0.153555
vt 0.425087 0.153555
vt 0.425087 0.219259
vt 0.363430 0.281387
vt 0.363430 0.219259
vt 0.425087 0.153555
vt 0.301773 0.219259
vt 0.363430 0.153555
vt 0.240116 0.334039
vt 0.240116 0.281387
vt 0.301773 0.281387
vt 0.301773 0.334039
vt 0.363430 0.382043
vt 0.363430 0.328273
vt 0.425087 0.328273
vt 0.425087 0.382043
vt 0.301773 0.089908
vt 0.240116 0.089908
vt 0.486744 0.328273
vt 0.425087 0.328273
vt 0.425087 0.382043
vt 0.486744 0.382043
vt 0.425087 0.281387
vt 0.425087 0.334039
vt 0.363430 0.334039
vt 0.983887 0.557373
vt 0.983887 0.731445
vt 0.363366 0.382046
vt 0.424958 0.334039
vt 0.486615 0.334039
vt 0.424958 0.382046
vt 0.301773 0.281387
vt 0.240116 0.281387
vt 0.240116 0.334039
vt 0.301773 0.334039
vt 0.004559 0.985077
vt 0.076111 0.985077
vt 0.076111 0.926819
vt 0.004559 0.926819
vt 0.486615 0.317993
vt 0.424958 0.317993
vt 0.424958 0.382046
vt 0.486615 0.382046
vt 0.486615 0.219259
vt 0.425087 0.281387
vt 0.486615 0.281387
vt 0.486615 0.153555
vt 0.425087 0.219259
vt 0.486615 0.089908
vt 0.425087 0.153555
vt 0.486615 0.027333
vt 0.425087 0.089908
vt 0.301773 0.027333
vt 0.363430 0.027333
vt 0.363430 0.058620
vt 0.301773 0.058620
vt 0.425087 0.027333
vt 0.363430 0.089908
vt 0.301773 0.089908
vt 0.363430 0.027333
vt 0.240116 0.089908
vt 0.301773 0.027333
vt 0.301773 0.027333
vt 0.240116 0.027333
vt 0.976074 0.402344
vt 0.868164 0.402344
vt 0.767090 0.617188
vt 0.868164 0.617188
vt 0.363430 0.382046
vt 0.363430 0.334039
vt 0.301773 0.334039
vt 0.301773 0.382046
vt 0.425087 0.382046
vt 0.425087 0.334039
vt 0.486615 0.382046
vt 0.486615 0.334039
vt 0.363430 0.153555
vt 0.425087 0.219259
vt 0.486744 0.219259
vt 0.425087 0.153555
vt 0.363430 0.281387
vt 0.301773 0.281387
vt 0.301773 0.153734
vt 0.363430 0.090444
vt 0.363430 0.153734
vt 0.486615 0.219259
vt 0.486615 0.281387
vt 0.486615 0.153555
vt 0.363430 0.219259
vt 0.301773 0.219259
vt 0.301773 0.281387
vt 0.363430 0.281387
vt 0.363430 0.219259
vt 0.240116 0.219259
vt 0.363430 0.153555
vt 0.486744 0.239283
vt 0.486744 0.194497
vt 0.425087 0.194497
vt 0.425087 0.239283
vt 0.486615 0.089908
vt 0.486615 0.027333
vt 0.425087 0.089908
vt 0.425087 0.027333
vt 0.363430 0.089908
vt 0.301773 0.153555
vt 0.240116 0.153555
vt 0.240116 0.281387
vt 0.240116 0.334039
vt 0.301773 0.334039
vt 0.486744 0.331715
vt 0.425087 0.331715
vt 0.425087 0.382043
vt 0.486744 0.382043
vt 0.240116 0.027333
vt 0.425087 0.153734
vt 0.363430 0.153734
vt 0.363430 0.217471
vt 0.425087 0.217471
vt 0.486744 0.286393
vt 0.425087 0.286393
vt 0.425087 0.334039
vt 0.486744 0.334039
vt 0.301709 0.184485
vt 0.363366 0.184485
vt 0.363366 0.234188
vt 0.301709 0.234188
vt 0.486744 0.153555
vt 0.425087 0.153555
vt 0.363430 0.334039
vt 0.301773 0.382043
vt 0.363430 0.382043
vt 0.363430 0.286393
vt 0.363430 0.334039
vt 0.123047 0.844971
vt 0.006283 0.844971
vt 0.006283 0.920349
vt 0.123047 0.920349
vt 0.363430 0.194497
vt 0.363430 0.239283
vt 0.301709 0.153555
vt 0.301709 0.089908
vt 0.240116 0.089908
vt 0.240116 0.153555
vt 0.486744 0.153734
vt 0.425087 0.153734
vt 0.486615 0.285052
vt 0.486615 0.234188
vt 0.424958 0.234188
vt 0.424958 0.285052
vt 0.301773 0.121195
vt 0.301773 0.161422
vt 0.363430 0.161422
vt 0.363430 0.121195
vt 0.301773 0.239283
vt 0.301773 0.286393
vt 0.301773 0.137465
vt 0.363430 0.137465
vt 0.363430 0.183413
vt 0.301773 0.183413
vt 0.363430 0.153734
vt 0.301773 0.153734
vt 0.301773 0.194497
vt 0.301773 0.113686
vt 0.301773 0.334039
vt 0.240116 0.334039
vt 0.240116 0.382043
vt 0.301773 0.382043
vt 0.240116 0.334039
vt 0.295214 0.334039
vt 0.363366 0.281387
vt 0.301709 0.281387
vt 0.240116 0.239283
vt 0.240116 0.286393
vt 0.240116 0.194497
vt 0.425087 0.090444
vt 0.486744 0.090444
vt 0.486744 0.153734
vt 0.425087 0.153734
vt 0.240116 0.113686
vt 0.240116 0.153734
vt 0.301773 0.071135
vt 0.080017 0.769897
vt 0.080017 0.871338
vt 0.147705 0.871338
vt 0.147705 0.769897
vt 0.486744 0.027333
vt 0.425087 0.027333
vt 0.425087 0.060408
vt 0.486744 0.060408
vt 0.240116 0.027333
vt 0.240116 0.071135
vt 0.301773 0.027333
vt 0.363430 0.027333
vt 0.363430 0.027333
vt 0.425087 0.071135
vt 0.363430 0.071135
vt 0.504395 0.010742
vt 0.504395 0.140625
vt 0.424958 0.334039
vt 0.486615 0.334039
vt 0.425087 0.027333
vt 0.486744 0.027333
vt 0.486744 0.071135
vt 0.425087 0.382043
vt 0.425087 0.334039
vt 0.486744 0.334039
vt 0.486744 0.382043
vt 0.363430 0.382043
vt 0.363430 0.334039
vt 0.301773 0.382043
vt 0.301773 0.334039
vt 0.486744 0.058620
vt 0.486744 0.027333
vt 0.425087 0.027333
vt 0.425087 0.058620
vt 0.301709 0.199861
vt 0.301709 0.144437
vt 0.363366 0.144437
vt 0.363366 0.199861
vt 0.240116 0.027333
vt 0.301773 0.027333
vt 0.301773 0.058620
vt 0.240116 0.058620
vt 0.301773 0.286393
vt 0.363430 0.286393
vt 0.240116 0.334039
vt 0.240116 0.286393
vt 0.425087 0.153555
vt 0.363366 0.153555
vt 0.363366 0.219259
vt 0.425087 0.219259
vt 0.363430 0.334039
vt 0.301773 0.382043
vt 0.363430 0.382043
vt 0.425087 0.239283
vt 0.486744 0.239283
vt 0.486744 0.286393
vt 0.425087 0.286393
vt 0.363430 0.239283
vt 0.363366 0.286661
vt 0.363366 0.239641
vt 0.425087 0.239641
vt 0.424958 0.286661
vt 0.425087 0.194497
vt 0.486744 0.194497
vt 0.301773 0.027333
vt 0.363430 0.089908
vt 0.425087 0.089908
vt 0.363430 0.027333
vt 0.301773 0.194497
vt 0.363430 0.194497
vt 0.301773 0.239283
vt 0.240116 0.194497
vt 0.240116 0.153734
vt 0.301773 0.153734
vt 0.425087 0.058620
vt 0.486744 0.058620
vt 0.486744 0.093305
vt 0.425087 0.093305
vt 0.486744 0.334039
vt 0.425087 0.334039
vt 0.425087 0.382043
vt 0.486744 0.382043
vt 0.363430 0.153734
vt 0.425087 0.153734
vt 0.301773 0.088299
vt 0.301773 0.027333
vt 0.240116 0.027333
vt 0.240116 0.088299
vt 0.363430 0.096165
vt 0.425087 0.096165
vt 0.425087 0.137465
vt 0.486744 0.281387
vt 0.486744 0.219259
vt 0.425087 0.219259
vt 0.425087 0.281387
vt 0.240116 0.071135
vt 0.301773 0.071135
vt 0.301773 0.113686
vt 0.240116 0.113686
vt 0.486744 0.027333
vt 0.425087 0.027333
vt 0.425087 0.090444
vt 0.486744 0.090444
vt 0.486744 0.113686
vt 0.425087 0.113686
vt 0.363430 0.113686
vt 0.363430 0.121195
vt 0.425087 0.121195
vt 0.425087 0.161422
vt 0.363430 0.161422
vt 0.425087 0.027333
vt 0.486744 0.027333
vt 0.240116 0.334218
vt 0.240116 0.382046
vt 0.363430 0.219259
vt 0.363430 0.153555
vt 0.363366 0.219259
vt 0.363366 0.281387
vt 0.301709 0.281387
vt 0.301709 0.219259
vt 0.486744 0.219259
vt 0.486744 0.161422
vt 0.425087 0.161422
vt 0.425087 0.219259
vt 0.425087 0.219259
vt 0.425087 0.153555
vt 0.486744 0.153555
vt 0.486744 0.219259
vt 0.363430 0.334039
vt 0.425087 0.281387
vt 0.425087 0.334039
vt 0.301773 0.334039
vt 0.363430 0.334039
vt 0.425087 0.281387
vt 0.363430 0.281387
vt 0.240116 0.153555
vt 0.301709 0.153555
vt 0.301709 0.219259
vt 0.240116 0.219259
vt 0.240116 0.256446
vt 0.240116 0.199861
vt 0.301709 0.256446
vt 0.363430 0.121195
vt 0.363430 0.161422
vt 0.425087 0.121195
vt 0.363430 0.232579
vt 0.363430 0.284694
vt 0.425087 0.284694
vt 0.425087 0.232579
vt 0.301773 0.382043
vt 0.363430 0.382043
vt 0.363366 0.256446
vt 0.301709 0.256446
vt 0.301709 0.317993
vt 0.363366 0.317993
vt 0.301773 0.121195
vt 0.301773 0.089908
vt 0.240116 0.089908
vt 0.240116 0.121195
vt 0.301773 0.219259
vt 0.301773 0.281387
vt 0.363430 0.219259
vt 0.363430 0.233025
vt 0.240116 0.283979
vt 0.301773 0.283979
vt 0.363430 0.277990
vt 0.301773 0.277990
vt 0.301773 0.331715
vt 0.363430 0.331715
vt 0.240116 0.382043
vt 0.240116 0.334039
vt 0.301773 0.334039
vt 0.240116 0.281387
vt 0.301773 0.281387
vt 0.004562 0.871338
vt 0.004559 0.769897
vt 0.080017 0.769897
vt 0.080017 0.871338
vt 0.301773 0.161422
vt 0.240116 0.161422
vt 0.240116 0.219259
vt 0.363430 0.281387
vt 0.363430 0.089908
vt 0.425087 0.089908
vt 0.240116 0.334039
vt 0.240116 0.281387
vt 0.301773 0.281387
vt 0.301773 0.334039
vt 0.363430 0.219259
vt 0.425087 0.219259
vt 0.425087 0.281387
vt 0.363430 0.281387
vt 0.363430 0.058620
vt 0.301773 0.382043
vt 0.301773 0.328273
vt 0.301773 0.217471
vt 0.301773 0.153734
vt 0.363430 0.153734
vt 0.363430 0.217471
vt 0.486744 0.058620
vt 0.486744 0.027333
vt 0.425087 0.027333
vt 0.425087 0.058620
vt 0.749023 0.602295
vt 0.749023 0.497559
vt 0.627930 0.497559
vt 0.627930 0.602295
vt 0.363430 0.027333
vt 0.425087 0.382043
vt 0.486744 0.334039
vt 0.486744 0.382043
vt 0.301773 0.382043
vt 0.363430 0.382043
vt 0.240116 0.382043
vt 0.240116 0.334039
vt 0.486744 0.281387
vt 0.425087 0.334039
vt 0.363430 0.281387
vt 0.363430 0.334039
vt 0.301773 0.333369
vt 0.240116 0.333369
vt 0.301773 0.283979
vt 0.363430 0.283979
vt 0.240116 0.281387
vt 0.240116 0.219259
vt 0.301773 0.219259
vt 0.486744 0.281387
vt 0.425087 0.281387
vt 0.425087 0.334039
vt 0.486744 0.334039
vt 0.425087 0.219259
vt 0.486744 0.219259
vt 0.363430 0.219259
vt 0.424958 0.334218
vt 0.486615 0.286661
vt 0.486615 0.334218
vt 0.752930 0.384277
vt 0.752930 0.193848
vt 0.363430 0.161422
vt 0.425087 0.161422
vt 0.301773 0.161422
vt 0.486615 0.086511
vt 0.424958 0.086511
vt 0.424958 0.144437
vt 0.486615 0.144437
vt 0.425087 0.121195
vt 0.486744 0.121195
vt 0.486744 0.161422
vt 0.240116 0.382043
vt 0.301773 0.121195
vt 0.363430 0.121195
vt 0.425087 0.089908
vt 0.486744 0.089908
vt 0.363430 0.058620
vt 0.363430 0.027333
vt 0.301773 0.027333
vt 0.301773 0.058620
vt 0.240116 0.331715
vt 0.240116 0.382043
vt 0.301773 0.382043
vt 0.240116 0.058620
vt 0.301773 0.089908
vt 0.240116 0.089908
vt 0.240116 0.027333
vt 0.363430 0.089908
vt 0.424958 0.256446
vt 0.486615 0.256446
vt 0.486615 0.317993
vt 0.301773 0.334039
vt 0.240116 0.334039
vt 0.240116 0.382043
vt 0.301773 0.382043
vt 0.486744 0.090444
vt 0.486744 0.027333
vt 0.425087 0.027333
vt 0.425087 0.090444
vt 0.240116 0.331715
vt 0.240116 0.277990
vt 0.301773 0.277990
vt 0.301773 0.331715
vt 0.425087 0.382043
vt 0.486744 0.382043
vt 0.240116 0.121195
vt 0.486744 0.219259
vt 0.425087 0.219259
vt 0.486744 0.161422
vt 0.425087 0.161422
vt 0.424958 0.334218
vt 0.424958 0.382046
vt 0.363430 0.281387
vt 0.363430 0.334039
vt 0.363430 0.219259
vt 0.301709 0.281387
vt 0.240116 0.281387
vt 0.425087 0.121195
vt 0.240116 0.382043
vt 0.301773 0.382043
vt 0.363430 0.334039
vt 0.301773 0.334039
vt 0.301709 0.382046
vt 0.363366 0.382046
vt 0.301773 0.281387
vt 0.301773 0.334039
vt 0.301773 0.219259
vt 0.240116 0.234188
vt 0.301709 0.285052
vt 0.240116 0.285052
vt 0.301709 0.334218
vt 0.240116 0.334218
vt 0.301709 0.286661
vt 0.425087 0.027333
vt 0.363430 0.027333
vt 0.240116 0.281387
vt 0.240116 0.334039
vt 0.486615 0.286393
vt 0.424958 0.286393
vt 0.424958 0.334039
vt 0.486615 0.334039
vt 0.240116 0.161422
vt 0.240116 0.219259
vt 0.425087 0.331715
vt 0.425087 0.277990
vt 0.486744 0.277990
vt 0.486744 0.331715
vt 0.363366 0.334039
vt 0.301709 0.334039
vt 0.363430 0.089908
vt 0.425087 0.089908
vt 0.486744 0.121195
vt 0.486744 0.089908
vt 0.363366 0.065951
vt 0.363366 0.105820
vt 0.301709 0.105820
vt 0.301709 0.065951
vt 0.425087 0.148728
vt 0.363366 0.148728
vt 0.363366 0.193603
vt 0.425087 0.193603
vt 0.363430 0.058620
vt 0.425087 0.274504
vt 0.363430 0.274504
vt 0.363430 0.212733
vt 0.425087 0.212733
vt 0.301773 0.058620
vt 0.301773 0.027333
vt 0.240116 0.027333
vt 0.240116 0.058620
vt 0.425087 0.149622
vt 0.425087 0.088299
vt 0.486744 0.088299
vt 0.486744 0.149622
vt 0.363366 0.382043
vt 0.363366 0.331715
vt 0.301709 0.331715
vt 0.301709 0.382043
vt 0.425087 0.089908
vt 0.363366 0.153555
vt 0.363366 0.089908
vt 0.363430 0.382043
vt 0.425087 0.334039
vt 0.425087 0.382043
vt 0.345459 0.564209
vt 0.246826 0.564209
vt 0.246826 0.737305
vt 0.345459 0.737305
vt 0.240116 0.382043
vt 0.301773 0.382043
vt 0.425087 0.281387
vt 0.486744 0.281387
vt 0.486744 0.334039
vt 0.240116 0.277990
vt 0.301773 0.277990
vt 0.301773 0.331715
vt 0.240116 0.331715
vt 0.363430 0.331715
vt 0.363430 0.277990
vt 0.425087 0.277990
vt 0.425087 0.331715
vt 0.363430 0.089908
vt 0.425087 0.089908
vt 0.425087 0.153555
vt 0.363430 0.153555
vt 0.240116 0.219259
vt 0.301773 0.219259
vt 0.147705 0.985077
vt 0.076111 0.985077
vt 0.076111 0.871338
vt 0.147705 0.871338
vt 0.240116 0.277990
vt 0.240116 0.331715
vt 0.424958 0.027333
vt 0.486615 0.027333
vt 0.486744 0.064878
vt 0.424958 0.064878
vt 0.246826 0.731445
vt 0.345459 0.731445
vt 0.301773 0.027333
vt 0.363430 0.027333
vt 0.363430 0.089908
vt 0.301773 0.089908
vt 0.425087 0.219259
vt 0.363430 0.219259
vt 0.301773 0.161422
vt 0.240116 0.121195
vt 0.301773 0.121195
vt 0.240116 0.161422
vt 0.240116 0.089908
vt 0.301773 0.089908
vt 0.486744 0.121195
vt 0.486744 0.161422
vt 0.363366 0.090444
vt 0.363430 0.153734
vt 0.301709 0.219259
vt 0.240116 0.219259
vt 0.240116 0.281387
vt 0.301709 0.281387
vt 0.363430 0.089908
vt 0.486744 0.219259
vt 0.425087 0.219259
vt 0.486744 0.281387
vt 0.363366 0.104389
vt 0.363366 0.147477
vt 0.424958 0.147477
vt 0.424958 0.104389
vt 0.363430 0.058620
vt 0.425087 0.027333
vt 0.486744 0.027333
vt 0.486744 0.058620
vt 0.425087 0.058620
vt 0.363430 0.027333
vt 0.486744 0.284694
vt 0.486744 0.232579
vt 0.240116 0.153734
vt 0.301773 0.153734
vt 0.301773 0.217471
vt 0.240116 0.217471
vt 0.301773 0.331715
vt 0.240116 0.331715
vt 0.240116 0.382043
vt 0.301773 0.382043
vt 0.486744 0.104389
vt 0.486744 0.064878
vt 0.424958 0.064878
vt 0.486744 0.089908
vt 0.425087 0.089908
vt 0.301773 0.149086
vt 0.363430 0.149086
vt 0.363430 0.087762
vt 0.301773 0.087762
vt 0.424958 0.139253
vt 0.486615 0.139253
vt 0.486615 0.184485
vt 0.424958 0.184485
vt 0.301773 0.382043
vt 0.363430 0.334039
vt 0.363430 0.382043
vt 0.515137 0.602295
vt 0.627930 0.602295
vt 0.627930 0.742920
vt 0.515137 0.742920
vt 0.301773 0.334039
vt 0.363430 0.284694
vt 0.240116 0.329838
vt 0.301773 0.274504
vt 0.301773 0.329838
vt 0.301773 0.232579
vt 0.301773 0.284694
vt 0.301773 0.181446
vt 0.363430 0.181446
vt 0.486744 0.149086
vt 0.425087 0.149086
vt 0.425087 0.087762
vt 0.486744 0.087762
vt 0.363430 0.060408
vt 0.425087 0.060408
vt 0.425087 0.088299
vt 0.363430 0.088299
vt 0.363430 0.149622
vt 0.425087 0.149622
vt 0.240116 0.382043
vt 0.240116 0.334039
vt 0.240116 0.284694
vt 0.301773 0.284694
vt 0.240116 0.232579
vt 0.240116 0.284694
vt 0.363366 0.285052
vt 0.301709 0.285052
vt 0.301709 0.334039
vt 0.363366 0.334039
vt 0.301773 0.134604
vt 0.240116 0.134604
vt 0.240116 0.181446
vt 0.301773 0.093305
vt 0.240116 0.093305
vt 0.363430 0.093305
vt 0.425087 0.093305
vt 0.425087 0.058620
vt 0.486744 0.134604
vt 0.486744 0.093305
vt 0.425087 0.134604
vt 0.240116 0.058620
vt 0.363366 0.193603
vt 0.301709 0.239641
vt 0.240116 0.239641
vt 0.301709 0.193603
vt 0.363430 0.329838
vt 0.425087 0.274504
vt 0.363430 0.274504
vt 0.301773 0.329838
vt 0.486744 0.058620
vt 0.486744 0.027333
vt 0.425087 0.027333
vt 0.425087 0.382043
vt 0.425087 0.334039
vt 0.486744 0.334039
vt 0.486744 0.382043
vt 0.363430 0.382043
vt 0.240116 0.334039
vt 0.486744 0.089908
vt 0.240116 0.382043
vt 0.240116 0.334039
vt 0.301773 0.382043
vt 0.301709 0.239283
vt 0.301709 0.286393
vt 0.363366 0.286393
vt 0.363366 0.239283
vt 0.240116 0.181446
vt 0.301773 0.181446
vt 0.301773 0.232579
vt 0.240116 0.232579
vt 0.424958 0.256446
vt 0.424958 0.199861
vt 0.486615 0.199861
vt 0.486615 0.256446
vt 0.363430 0.232579
vt 0.425087 0.232579
vt 0.425087 0.284694
vt 0.363430 0.089908
vt 0.301773 0.027333
vt 0.425087 0.181446
vt 0.486744 0.181446
vt 0.486744 0.232579
vt 0.363430 0.181446
vt 0.486744 0.334039
vt 0.425087 0.334039
vt 0.425087 0.382043
vt 0.486744 0.382043
vt 0.752441 0.993771
vt 0.425087 0.134604
vt 0.486744 0.134604
vt 0.363430 0.134604
vt 0.301773 0.134604
vt 0.301773 0.093305
vt 0.363430 0.093305
vt 0.363366 0.256446
vt 0.301709 0.256446
vt 0.301709 0.317993
vt 0.363366 0.317993
vt 0.363430 0.277990
vt 0.363430 0.217471
vt 0.425087 0.217471
vt 0.301709 0.199861
vt 0.240116 0.199861
vt 0.240116 0.256446
vt 0.486744 0.181446
vt 0.425087 0.181446
vt 0.240116 0.134604
vt 0.240116 0.093305
vt 0.301773 0.027333
vt 0.363430 0.027333
vt 0.363430 0.058620
vt 0.301773 0.058620
vt 0.240116 0.027333
vt 0.240116 0.058620
vt 0.301709 0.086511
vt 0.240116 0.086511
vt 0.240116 0.144437
vt 0.301709 0.144437
vt 0.425087 0.027333
vt 0.486744 0.334039
vt 0.425087 0.334039
vt 0.425087 0.382043
vt 0.486744 0.382043
vt 0.486744 0.281387
vt 0.425087 0.281387
vt 0.301773 0.219259
vt 0.301773 0.281387
vt 0.363430 0.281387
vt 0.363430 0.219259
vt 0.486744 0.219259
vt 0.486744 0.153555
vt 0.425087 0.153555
vt 0.425087 0.219259
vt 0.301709 0.027333
vt 0.363366 0.027333
vt 0.301709 0.061839
vt 0.240116 0.027333
vt 0.240116 0.089908
vt 0.363430 0.153555
vt 0.363430 0.089908
vt 0.425087 0.153555
vt 0.363430 0.153555
vt 0.240116 0.382046
vt 0.240116 0.334039
vt 0.295214 0.334039
vt 0.301709 0.382046
vt 0.425087 0.089908
vt 0.486744 0.089908
vt 0.486744 0.153555
vt 0.363366 0.382043
vt 0.363366 0.334039
vt 0.301709 0.334039
vt 0.301709 0.382043
vt 0.363366 0.334039
vt 0.240116 0.219259
vt 0.301773 0.219259
vt 0.301773 0.281387
vt 0.240116 0.281387
vt 0.301773 0.153555
vt 0.301773 0.089908
vt 0.363430 0.089908
vt 0.240116 0.382043
vt 0.240116 0.089908
vt 0.301773 0.089908
vt 0.301773 0.153555
vt 0.240116 0.153555
vt 0.486744 0.382043
vt 0.363430 0.272269
vt 0.363430 0.211750
vt 0.425087 0.211750
vt 0.425087 0.272269
vt 0.301773 0.027333
vt 0.240116 0.027333
vt 0.240116 0.089908
vt 0.301773 0.027333
vt 0.301773 0.089908
vt 0.301773 0.382043
vt 0.301773 0.334039
vt 0.363430 0.334039
vt 0.363430 0.382043
vt 0.425087 0.027333
vt 0.486744 0.027333
vt 0.425087 0.281387
vt 0.363430 0.281387
vt 0.363430 0.334039
vt 0.486744 0.149622
vt 0.425087 0.211750
vt 0.486744 0.211750
vt 0.301773 0.382043
vt 0.301773 0.334039
vt 0.363430 0.334039
vt 0.363430 0.382043
vt 0.301773 0.153555
vt 0.363430 0.153555
vt 0.425087 0.382043
vt 0.425087 0.334039
vt 0.486744 0.334039
vt 0.486744 0.382043
vt 0.363430 0.281387
vt 0.425087 0.281387
vt 0.301773 0.281387
vt 0.240116 0.334039
vt 0.240116 0.281387
vt 0.240116 0.219259
vt 0.301773 0.219259
vt 0.240116 0.153555
vt 0.301773 0.153555
vt 0.425087 0.219259
vt 0.486744 0.219259
vt 0.486744 0.281387
vt 0.363430 0.219259
vt 0.004562 0.871338
vt 0.147705 0.871338
vt 0.147705 0.985077
vt 0.004562 0.985077
vt 0.363430 0.027333
vt 0.424958 0.199861
vt 0.486615 0.199861
vt 0.240116 0.089908
vt 0.240116 0.382046
vt 0.240116 0.334039
vt 0.301709 0.334039
vt 0.301709 0.382046
vt 0.425087 0.089908
vt 0.486744 0.089908
vt 0.363430 0.027333
vt 0.425087 0.027333
vt 0.486744 0.027333
vt 0.424958 0.382046
vt 0.424958 0.317993
vt 0.486615 0.317993
vt 0.486615 0.382046
vt 0.363366 0.382046
vt 0.363366 0.317993
vt 0.301709 0.382046
vt 0.301709 0.317993
vt 0.240116 0.382046
vt 0.240116 0.317993
vt 0.363366 0.256446
vt 0.486744 0.121195
vt 0.486744 0.089908
vt 0.486744 0.239641
vt 0.301709 0.153555
vt 0.301709 0.089908
vt 0.301773 0.153555
vt 0.363430 0.153555
vt 0.363430 0.219259
vt 0.363366 0.153555
vt 0.363366 0.219259
vt 0.424958 0.219259
vt 0.424958 0.153555
vt 0.240116 0.144437
vt 0.486744 0.331715
vt 0.486744 0.277990
vt 0.425087 0.277990
vt 0.425087 0.331715
vt 0.301709 0.027333
vt 0.363366 0.027333
vt 0.301709 0.090444
vt 0.424958 0.144437
vt 0.363430 0.281387
vt 0.425087 0.281387
vt 0.425087 0.219259
vt 0.301709 0.086511
vt 0.363366 0.086511
vt 0.301709 0.027333
vt 0.363366 0.027333
vt 0.424958 0.086511
vt 0.486615 0.086511
vt 0.486615 0.144437
vt 0.424958 0.027333
vt 0.486615 0.027333
vt 0.363366 0.027333
vt 0.363366 0.064878
vt 0.486744 0.219259
vt 0.486744 0.153555
vt 0.425087 0.153555
vt 0.486615 0.199861
vt 0.424958 0.199861
vt 0.424958 0.256446
vt 0.486615 0.256446
vt 0.486615 0.144437
vt 0.424958 0.144437
vt 0.363430 0.090444
vt 0.363430 0.027333
vt 0.425087 0.027333
vt 0.425087 0.090444
vt 0.425087 0.281387
vt 0.486744 0.281387
vt 0.363366 0.199861
vt 0.240116 0.096165
vt 0.240116 0.060408
vt 0.301773 0.060408
vt 0.301773 0.096165
vt 0.425087 0.277990
vt 0.363430 0.277990
vt 0.363430 0.331715
vt 0.425087 0.331715
vt 0.301773 0.382043
vt 0.363430 0.382043
vt 0.425087 0.153734
vt 0.363430 0.153734
vt 0.363430 0.217471
vt 0.425087 0.217471
vt 0.240116 0.027333
vt 0.301709 0.027333
vt 0.301709 0.064878
vt 0.240116 0.064878
vt 0.363366 0.144437
vt 0.301709 0.144437
vt 0.301709 0.199861
vt 0.424958 0.086511
vt 0.363366 0.086511
vt 0.424958 0.027333
vt 0.363366 0.027333
vt 0.240116 0.334039
vt 0.240116 0.256446
vt 0.240116 0.317993
vt 0.240116 0.199861
vt 0.425087 0.334039
vt 0.486744 0.334039
vt 0.486744 0.382043
vt 0.425087 0.382043
vt 0.504395 0.378906
vt 0.504395 0.279297
vt 0.630371 0.279297
vt 0.630371 0.378906
vt 0.425087 0.183413
vt 0.301709 0.086511
vt 0.240116 0.086511
vt 0.240116 0.144437
vt 0.301709 0.027333
vt 0.240116 0.027333
vt 0.486615 0.382046
vt 0.240116 0.382046
vt 0.240116 0.317993
vt 0.301709 0.317993
vt 0.301709 0.382046
vt 0.363430 0.027333
vt 0.363430 0.089908
vt 0.770996 0.993771
vt 0.301709 0.256446
vt 0.363366 0.256446
vt 0.240116 0.256446
vt 0.240116 0.199861
vt 0.301709 0.199861
vt 0.301773 0.212733
vt 0.301773 0.149086
vt 0.363430 0.149086
vt 0.363366 0.199861
vt 0.143921 0.873901
vt 0.006283 0.873901
vt 0.006283 0.985077
vt 0.143921 0.985077
vt 0.240116 0.144437
vt 0.240116 0.086511
vt 0.301709 0.086511
vt 0.301709 0.144437
vt 0.424958 0.086511
vt 0.424958 0.027333
vt 0.486615 0.027333
vt 0.486615 0.086511
vt 0.363366 0.144437
vt 0.424958 0.144437
vt 0.363430 0.217471
vt 0.363430 0.277990
vt 0.363366 0.086511
vt 0.301773 0.277990
vt 0.301773 0.217471
vt 0.240116 0.217471
vt 0.240116 0.277990
vt 0.486615 0.144437
vt 0.486744 0.284694
vt 0.994629 0.731445
vt 0.486615 0.256446
vt 0.424958 0.256446
vt 0.486615 0.199861
vt 0.424958 0.199861
vt 0.363366 0.382046
vt 0.363366 0.199861
vt 0.486615 0.219259
vt 0.486615 0.153555
vt 0.486615 0.027333
vt 0.424958 0.027333
vt 0.301709 0.382046
vt 0.740234 0.985207
vt 0.363366 0.064878
vt 0.363366 0.144437
vt 0.363366 0.086511
vt 0.363366 0.027333
vt 0.301773 0.090444
vt 0.301773 0.027333
vt 0.363430 0.027333
vt 0.363430 0.090444
vt 0.363430 0.217471
vt 0.301773 0.217471
vt 0.301773 0.277990
vt 0.425087 0.281387
vt 0.425087 0.334039
vt 0.486744 0.027333
vt 0.486744 0.334039
vt 0.486744 0.281387
vt 0.425087 0.281387
vt 0.425087 0.334039
vt 0.363430 0.211750
vt 0.301773 0.211750
vt 0.240116 0.272269
vt 0.301773 0.272269
vt 0.301709 0.027333
vt 0.240116 0.027333
vt 0.486744 0.334039
vt 0.425087 0.334039
vt 0.425087 0.382043
vt 0.486744 0.382043
vt 0.486744 0.281387
vt 0.425087 0.281387
vt 0.486615 0.098490
vt 0.486615 0.061839
vt 0.424958 0.061839
vt 0.424958 0.098490
vt 0.240116 0.139253
vt 0.301709 0.139253
vt 0.240116 0.184485
vt 0.363430 0.382043
vt 0.363430 0.331715
vt 0.425087 0.331715
vt 0.425087 0.382043
vt 0.363366 0.239283
vt 0.424958 0.239283
vt 0.424958 0.286393
vt 0.363366 0.286393
vt 0.425087 0.281387
vt 0.486744 0.281387
vt 0.363430 0.334039
vt 0.363430 0.382043
vt 0.868164 0.737305
vt 0.868164 0.564209
vt 0.767090 0.564209
vt 0.767090 0.737305
vt 0.301773 0.089908
vt 0.486744 0.274504
vt 0.486744 0.212733
vt 0.425087 0.212733
vt 0.240116 0.281387
vt 0.240116 0.219259
vt 0.363366 0.334039
vt 0.240116 0.027333
vt 0.301773 0.089908
vt 0.240116 0.089908
vt 0.301773 0.027333
vt 0.240116 0.027333
vt 0.301773 0.027333
vt 0.363430 0.027333
vt 0.363430 0.382046
vt 0.363430 0.382043
vt 0.363430 0.334039
vt 0.240116 0.382043
vt 0.240116 0.334039
vt 0.301773 0.334039
vt 0.301773 0.382043
vt 0.363430 0.281387
vt 0.240116 0.334039
vt 0.240116 0.277990
vt 0.240116 0.217471
vt 0.301773 0.217471
vt 0.301773 0.277990
vt 0.240116 0.153555
vt 0.301773 0.153555
vt 0.425087 0.219259
vt 0.486744 0.219259
vt 0.363430 0.219259
vt 0.486744 0.153555
vt 0.240116 0.089908
vt 0.486615 0.317993
vt 0.424958 0.317993
vt 0.424958 0.382046
vt 0.486615 0.382046
vt 0.486744 0.089908
vt 0.425087 0.153734
vt 0.363430 0.153734
vt 0.425087 0.217471
vt 0.301709 0.147477
vt 0.240116 0.147477
vt 0.240116 0.193067
vt 0.301709 0.193067
vt 0.425087 0.027333
vt 0.486744 0.027333
vt 0.486615 0.382046
vt 0.363366 0.382046
vt 0.424958 0.382046
vt 0.867676 0.144043
vt 0.867676 0.015625
vt 0.988770 0.015625
vt 0.988770 0.144043
vt 0.425087 0.277990
vt 0.425087 0.331715
vt 0.363366 0.331715
vt 0.363366 0.090444
vt 0.301773 0.090444
vt 0.301773 0.153734
vt 0.301709 0.334039
vt 0.363366 0.334039
vt 0.424958 0.239283
vt 0.363366 0.193067
vt 0.424958 0.193067
vt 0.004559 0.873901
vt 0.147705 0.873901
vt 0.147705 0.985077
vt 0.004559 0.985077
vt 0.301709 0.382046
vt 0.740234 0.753784
vt 0.301709 0.104389
vt 0.425087 0.193603
vt 0.486744 0.193603
vt 0.240116 0.334039
vt 0.240116 0.382046
vt 0.240116 0.286393
vt 0.301709 0.286393
vt 0.240116 0.239283
vt 0.240116 0.286393
vt 0.486744 0.153734
vt 0.240116 0.104389
vt 0.301773 0.089908
vt 0.240116 0.089908
vt 0.363430 0.333369
vt 0.425087 0.283979
vt 0.425087 0.333369
vt 0.240116 0.064878
vt 0.301709 0.064878
vt 0.240116 0.027333
vt 0.301709 0.027333
vt 0.240116 0.027333
vt 0.240116 0.061839
vt 0.363366 0.027333
vt 0.424958 0.027333
vt 0.486615 0.027333
vt 0.486615 0.382046
vt 0.363430 0.090444
vt 0.301773 0.153734
vt 0.486744 0.153734
vt 0.486744 0.217471
vt 0.486615 0.286393
vt 0.301773 0.382043
vt 0.240116 0.382043
vt 0.147705 0.845825
vt 0.147705 0.769897
vt 0.076111 0.769897
vt 0.076111 0.845825
vt 0.486744 0.153734
vt 0.486744 0.239283
vt 0.425087 0.334039
vt 0.363430 0.334039
vt 0.363430 0.382043
vt 0.425087 0.382043
vt 0.301709 0.239283
vt 0.425087 0.193067
vt 0.486744 0.193067
vt 0.425087 0.089908
vt 0.486744 0.089908
vt 0.486744 0.153555
vt 0.425087 0.153555
vt 0.240116 0.277990
vt 0.240116 0.193067
vt 0.240116 0.147477
vt 0.301709 0.147477
vt 0.301709 0.193067
vt 0.486744 0.272269
vt 0.486744 0.328273
vt 0.425087 0.147477
vt 0.486744 0.147477
vt 0.363430 0.134604
vt 0.363366 0.147477
vt 0.363366 0.193067
vt 0.425087 0.382043
vt 0.486744 0.334039
vt 0.486744 0.382043
vt 0.363366 0.104389
vt 0.301709 0.104389
vt 0.363430 0.027333
vt 0.301773 0.027333
vt 0.424958 0.104389
vt 0.486744 0.104389
vt 0.486744 0.233025
vt 0.425087 0.233025
vt 0.425087 0.283979
vt 0.486744 0.283979
vt 0.301709 0.139253
vt 0.301709 0.098490
vt 0.240116 0.098490
vt 0.240116 0.139253
vt 0.425087 0.219259
vt 0.425087 0.281387
vt 0.363430 0.281387
vt 0.240116 0.153734
vt 0.425087 0.148728
vt 0.425087 0.105820
vt 0.486744 0.105820
vt 0.486744 0.148728
vt 0.976074 0.737305
vt 0.976074 0.617188
vt 0.868164 0.617188
vt 0.868164 0.737305
vt 0.425087 0.153555
vt 0.486744 0.153555
vt 0.486744 0.219259
vt 0.301709 0.234188
vt 0.301709 0.184485
vt 0.240116 0.184485
vt 0.240116 0.234188
vt 0.363430 0.219259
vt 0.301773 0.153555
vt 0.301773 0.089908
vt 0.486744 0.153555
vt 0.425087 0.089908
vt 0.486744 0.089908
vt 0.363430 0.027333
vt 0.752930 0.982285
vt 0.240116 0.153555
vt 0.301773 0.219259
vt 0.363366 0.281387
vt 0.301773 0.334039
vt 0.240116 0.334039
vt 0.240116 0.382043
vt 0.301773 0.382043
vt 0.301773 0.281387
vt 0.240116 0.281387
vt 0.240116 0.219259
vt 0.240116 0.153555
vt 0.301773 0.219259
vt 0.240116 0.219259
vt 0.240116 0.089908
vt 0.301773 0.153555
vt 0.240116 0.027333
vt 0.301773 0.089908
vt 0.240116 0.027333
vt 0.240116 0.027333
vt 0.301773 0.027333
vt 0.486744 0.089908
vt 0.425087 0.027333
vt 0.425087 0.027333
vt 0.486744 0.027333
vt 0.425087 0.382043
vt 0.425087 0.334039
vt 0.486744 0.334039
vt 0.486744 0.382043
vt 0.363430 0.382043
vt 0.363430 0.334039
vt 0.301773 0.382043
vt 0.425087 0.065951
vt 0.486744 0.065951
vt 0.486744 0.281387
vt 0.486615 0.334039
vt 0.507324 0.753784
vt 0.486744 0.334039
vt 0.425087 0.382043
vt 0.486744 0.382043
vt 0.363430 0.153555
vt 0.301773 0.153734
vt 0.363430 0.153734
vt 0.006283 0.873901
vt 0.143921 0.873901
vt 0.143921 0.985077
vt 0.006283 0.985077
vt 0.240116 0.089908
vt 0.240116 0.027333
vt 0.301709 0.027333
vt 0.626953 0.378906
vt 0.626953 0.188477
vt 0.504395 0.188477
vt 0.504395 0.378906
vt 0.363430 0.027333
vt 0.363430 0.089908
vt 0.301773 0.027333
vt 0.486744 0.027333
vt 0.076111 0.871338
vt 0.076111 0.985077
vt 0.004562 0.985077
vt 0.004562 0.871338
vt 0.240116 0.281387
vt 0.240116 0.334039
vt 0.240116 0.219259
vt 0.473877 0.564209
vt 0.473877 0.737305
vt 0.363366 0.382043
vt 0.301709 0.382043
vt 0.363430 0.277990
vt 0.486744 0.219259
vt 0.240116 0.153555
vt 0.240116 0.089908
vt 0.486615 0.027333
vt 0.486615 0.086511
vt 0.363430 0.382043
vt 0.425087 0.382043
vt 0.486615 0.234188
vt 0.424958 0.234188
vt 0.424958 0.027333
vt 0.486615 0.027333
vt 0.486615 0.061839
vt 0.301773 0.382043
vt 0.363430 0.382043
vt 0.425087 0.027333
vt 0.486744 0.027333
vt 0.363366 0.027333
vt 0.425087 0.027333
vt 0.486744 0.027333
vt 0.240116 0.027333
vt 0.301709 0.027333
vt 0.240116 0.382043
vt 0.363430 0.382043
vt 0.363430 0.331715
vt 0.425087 0.382043
vt 0.425087 0.382043
vt 0.486744 0.382043
vt 0.486744 0.153555
vt 0.425087 0.153555
vt 0.486744 0.219259
vt 0.486744 0.153555
vt 0.004562 0.871338
vt 0.004559 0.985077
vt 0.076111 0.985077
vt 0.076111 0.871338
vt 0.363366 0.139253
vt 0.363366 0.098490
vt 0.425087 0.277990
vt 0.425087 0.217471
vt 0.486744 0.217471
vt 0.486744 0.277990
vt 0.301709 0.153555
vt 0.240116 0.153555
vt 0.363366 0.027333
vt 0.147705 0.926819
vt 0.486744 0.089908
vt 0.425087 0.089908
vt 0.240116 0.153555
vt 0.363366 0.089908
vt 0.363366 0.027333
vt 0.486744 0.334039
vt 0.425087 0.334039
vt 0.425087 0.382043
vt 0.486744 0.382043
vt 0.363430 0.382043
vt 0.486744 0.281387
vt 0.301773 0.211750
vt 0.301773 0.149622
vt 0.363430 0.149622
vt 0.240116 0.027333
vt 0.240116 0.089908
vt 0.486744 0.089908
vt 0.425087 0.089908
vt 0.363366 0.382046
vt 0.424958 0.382046
vt 0.240116 0.382043
vt 0.240116 0.328273
vt 0.301773 0.272269
vt 0.301773 0.089908
vt 0.240116 0.089908
vt 0.240116 0.027333
vt 0.363430 0.089908
vt 0.301773 0.027333
vt 0.240116 0.027333
vt 0.363430 0.027333
vt 0.425087 0.027333
vt 0.486744 0.027333
vt 0.363430 0.382043
vt 0.066772 0.985077
vt 0.147705 0.985077
vt 0.147705 0.871338
vt 0.066772 0.871338
vt 0.486744 0.281387
vt 0.425087 0.334039
vt 0.486744 0.281387
vt 0.486744 0.334039
vt 0.240116 0.281387
vt 0.240116 0.219259
vt 0.301773 0.219259
vt 0.424958 0.065951
vt 0.363366 0.065951
vt 0.363366 0.105820
vt 0.425087 0.105820
vt 0.363366 0.382043
vt 0.301709 0.382043
vt 0.240116 0.027333
vt 0.301773 0.027333
vt 0.486744 0.219259
vt 0.425087 0.219259
vt 0.301773 0.089908
vt 0.301773 0.027333
vt 0.240116 0.027333
vt 0.240116 0.089908
vt 0.363430 0.153555
vt 0.363430 0.219259
vt 0.424958 0.027333
vt 0.486615 0.089908
vt 0.424958 0.089908
vt 0.486744 0.277990
vt 0.425087 0.277990
vt 0.425087 0.090444
vt 0.425087 0.153734
vt 0.756348 0.279297
vt 0.756348 0.140625
vt 0.630371 0.140625
vt 0.630371 0.279297
vt 0.363366 0.089908
vt 0.486744 0.027333
vt 0.240116 0.104389
vt 0.301773 0.090444
vt 0.240116 0.090444
vt 0.240116 0.153734
vt 0.301773 0.153734
vt 0.240116 0.212733
vt 0.240116 0.274504
vt 0.301773 0.274504
vt 0.301773 0.212733
vt 0.486744 0.060408
vt 0.486744 0.096165
vt 0.363430 0.212733
vt 0.240116 0.329838
vt 0.240116 0.274504
vt 0.425087 0.087762
vt 0.425087 0.027333
vt 0.363430 0.027333
vt 0.425087 0.027333
vt 0.486744 0.149086
vt 0.486744 0.087762
vt 0.425087 0.149086
vt 0.486744 0.027333
vt 0.425087 0.027333
vt 0.425087 0.329838
vt 0.486744 0.329838
vt 0.363430 0.329838
vt 0.425087 0.329838
vt 0.425087 0.382043
vt 0.486744 0.382043
vt 0.240116 0.153555
vt 0.301773 0.382043
vt 0.363430 0.382043
vt 0.976074 0.737305
vt 0.976074 0.617188
vt 0.868164 0.737305
vt 0.240116 0.382043
vt 0.301773 0.027333
vt 0.301773 0.087762
vt 0.240116 0.087762
vt 0.240116 0.027333
vt 0.363430 0.027333
vt 0.363430 0.087762
vt 0.363430 0.027333
vt 0.363430 0.089908
vt 0.425087 0.089908
vt 0.425087 0.027333
vt 0.240116 0.149086
vt 0.301773 0.149622
vt 0.240116 0.212733
vt 0.486744 0.212733
vt 0.301773 0.217471
vt 0.363430 0.217471
vt 0.240116 0.382043
vt 0.240116 0.334039
vt 0.301773 0.382043
vt 0.301773 0.331715
vt 0.486744 0.274504
vt 0.240116 0.239283
vt 0.363430 0.382043
vt 0.425087 0.382043
vt 0.076111 0.985077
vt 0.004559 0.871338
vt 0.004559 0.985077
vt 0.076111 0.871338
vt 0.004559 0.769897
vt 0.076111 0.769897
vt 0.147705 0.769897
vt 0.147705 0.871338
vt 0.246826 0.402344
vt 0.345459 0.402344
vt 0.345459 0.564209
vt 0.246826 0.564209
vt 0.076111 0.985077
vt 0.004559 0.985077
vt 0.004559 0.871338
vt 0.076111 0.871338
vt 0.147705 0.985077
vt 0.147705 0.769897
vt 0.147705 0.871338
vt 0.076111 0.769897
vt 0.004559 0.769897
vt 0.147705 0.871338
vt 0.147705 0.769897
vt 0.147705 0.985077
vt 0.080017 0.985077
vt 0.147705 0.769897
vt 0.147705 0.871338
vt 0.004559 0.845825
vt 0.004559 0.769897
vt 0.004559 0.769897
vt 0.004562 0.871338
vt 0.147705 0.985077
vt 0.080017 0.985077
vt 0.004562 0.985077
vt 0.004559 0.871338
vt 0.066772 0.769897
vt 0.004559 0.769897
vt 0.240116 0.211750
vt 0.240116 0.149622
vt 0.147705 0.769897
vt 0.867676 0.015625
vt 0.754883 0.015625
vt 0.754883 0.144043
vt 0.867676 0.144043
vt 0.147705 0.985077
vt 0.065613 0.985077
vt 0.065613 0.871338
vt 0.147705 0.871338
vt 0.066772 0.985077
vt 0.004559 0.985077
vt 0.147705 0.985077
vt 0.147705 0.871338
vt 0.147705 0.769897
vt 0.065613 0.769897
vt 0.065613 0.871338
vt 0.752930 0.015625
vt 0.632813 0.015625
vt 0.065613 0.985077
vt 0.004559 0.871338
vt 0.004559 0.985077
vt 0.004562 0.769897
vt 0.065613 0.769897
vt 0.147705 0.769897
vt 0.004559 0.871338
vt 0.004562 0.769897
vt 0.147705 0.985077
vt 0.004559 0.985077
vt 0.240116 0.219259
vt 0.147705 0.769897
vt 0.004562 0.769897
vt 0.004562 0.871338
vt 0.147705 0.871338
vt 0.004562 0.985077
vt 0.004562 0.871338
vt 0.147705 0.871338
vt 0.147705 0.985077
vt 0.147705 0.871338
vt 0.073486 0.871338
vt 0.073486 0.769897
vt 0.147705 0.769897
vt 0.147705 0.985077
vt 0.073486 0.985077
vt 0.004559 0.871338
vt 0.004559 0.985077
vt 0.073486 0.769897
vt 0.004559 0.769897
vt 0.004559 0.769897
vt 0.147705 0.769897
vt 0.147705 0.873901
vt 0.004559 0.873901
vt 0.004559 0.871338
vt 0.004559 0.769897
vt 0.004559 0.985077
vt 0.507324 0.985207
vt 0.486744 0.329838
vt 0.004559 0.985077
vt 0.004562 0.871338
vt 0.004559 0.769897
vt 0.076111 0.769897
vt 0.076111 0.769897
vt 0.147705 0.871338
vt 0.147705 0.769897
vt 0.240116 0.239283
vt 0.147705 0.985077
vt 0.363430 0.027333
vt 0.363430 0.090444
vt 0.004562 0.871338
vt 0.004562 0.769897
vt 0.147705 0.769897
vt 0.147705 0.871338
vt 0.147705 0.985077
vt 0.147705 0.871338
vt 0.004562 0.871338
vt 0.004562 0.985077
vt 0.147705 0.769897
vt 0.004562 0.769897
vt 0.147705 0.871338
vt 0.004559 0.769897
vt 0.004559 0.871338
vt 0.147705 0.769897
vt 0.147705 0.985077
vt 0.004559 0.985077
vt 0.147705 0.871338
vt 0.004559 0.871338
vt 0.004559 0.769897
vt 0.147705 0.769897
vt 0.767090 0.737305
vt 0.147705 0.769897
vt 0.004562 0.769897
vt 0.004562 0.871338
vt 0.147705 0.871338
vt 0.004562 0.985077
vt 0.147705 0.985077
vt 0.147705 0.769897
vt 0.473877 0.402344
vt 0.345459 0.402344
vt 0.004562 0.985077
vt 0.004562 0.871338
vt 0.301773 0.027333
vt 0.240116 0.027333
vt 0.240116 0.090444
vt 0.301773 0.090444
vt 0.076111 0.769897
vt 0.004562 0.769897
vt 0.147705 0.769897
vt 0.147705 0.871338
vt 0.147705 0.985077
vt 0.363430 0.382043
vt 0.425087 0.382043
vt 0.518555 0.193848
vt 0.632813 0.193848
vt 0.632813 0.384277
vt 0.518555 0.384277
vt 0.632813 0.015625
vt 0.752930 0.015625
vt 0.518555 0.015625
vt 0.752930 0.193848
vt 0.752930 0.384277
vt 0.473877 0.731445
vt 0.518555 0.015625
vt 0.248657 0.731445
vt 0.240116 0.285052
vt 0.240116 0.334039
vt 0.868164 0.402344
vt 0.767090 0.402344
vt 0.767090 0.617188
vt 0.868164 0.617188
vt 0.976074 0.617188
vt 0.976074 0.737305
vt 0.868164 0.737305
vt 0.976074 0.402344
vt 0.767090 0.737305
vt 0.486744 0.217471
vt 0.425087 0.217471
vt 0.425087 0.277990
vt 0.486744 0.277990
vt 0.976074 0.402344
vt 0.868164 0.402344
vt 0.767090 0.617188
vt 0.767090 0.402344
vt 0.767090 0.617188
vt 0.868164 0.617188
vt 0.868164 0.737305
vt 0.767090 0.737305
vt 0.868164 0.402344
vt 0.976074 0.402344
vt 0.767090 0.402344
vt 0.976074 0.617188
vt 0.976074 0.737305
vt 0.486744 0.153734
vt 0.767090 0.402344
vt 0.240116 0.153734
vt 0.758301 0.731934
vt 0.749023 0.497559
vt 0.749023 0.602295
vt 0.749023 0.392578
vt 0.627930 0.742920
vt 0.515137 0.602295
vt 0.515137 0.742920
vt 0.749023 0.742920
vt 0.425087 0.217471
vt 0.749512 0.979141
vt 0.363366 0.382046
vt 0.424958 0.382046
vt 0.627930 0.392578
vt 0.515137 0.392578
vt 0.515137 0.497559
vt 0.363366 0.027333
vt 0.363366 0.061839
vt 0.424958 0.027333
vt 0.004562 0.769897
vt 0.147705 0.769897
vt 0.246826 0.402344
vt 0.345459 0.737305
vt 0.473877 0.564209
vt 0.473877 0.737305
vt 0.246826 0.737305
vt 0.499268 0.982285
vt 0.473877 0.402344
vt 0.504395 0.188477
vt 0.626953 0.188477
vt 0.626953 0.378906
vt 0.504395 0.378906
vt 0.004559 0.985077
vt 0.626953 0.010742
vt 0.756348 0.010742
vt 0.756348 0.188477
vt 0.240116 0.382043
vt 0.756348 0.378906
vt 0.756348 0.188477
vt 0.754395 0.725586
vt 0.626953 0.010742
vt 0.504395 0.010742
vt 0.767090 0.564209
vt 0.868164 0.564209
vt 0.868164 0.737305
vt 0.767090 0.737305
vt 0.004559 0.769897
vt 0.976074 0.564209
vt 0.976074 0.737305
vt 0.868164 0.402344
vt 0.976074 0.402344
vt 0.301773 0.217471
vt 0.240116 0.217471
vt 0.988770 0.384277
vt 0.988770 0.273438
vt 0.867676 0.273438
vt 0.867676 0.384277
vt 0.868164 0.402344
vt 0.767090 0.402344
vt 0.630371 0.378906
vt 0.756348 0.378906
vt 0.756348 0.010742
vt 0.630371 0.010742
vt 0.504395 0.279297
vt 0.504395 0.378906
vt 0.504395 0.140625
vt 0.504395 0.010742
vt 0.424958 0.027333
vt 0.363366 0.027333
vt 0.425087 0.027333
vt 0.363430 0.027333
vt 0.004562 0.985077
vt 0.756348 0.279297
vt 0.754883 0.273438
vt 0.754883 0.144043
vt 0.867676 0.273438
vt 0.754883 0.015625
vt 0.988770 0.273438
vt 0.988770 0.384277
vt 0.867676 0.384277
vt 0.240116 0.331715
vt 0.240116 0.382043
vt 0.754883 0.273438
vt 0.754883 0.384277
vt 0.240116 0.153734
vt 0.240116 0.090444
vt 0.988770 0.144043
vt 0.988770 0.015625
vt 0.147705 0.769897
vt 0.006283 0.920349
vt 0.123047 0.920349
vt 0.123047 0.985077
vt 0.006283 0.985077
vt 0.006283 0.844971
vt 0.123047 0.844971
vt 0.006283 0.769897
vt 0.123047 0.769897
vt 0.240116 0.382046
vt 0.301773 0.281387
vt 0.240116 0.281387
vt 0.240116 0.334039
vt 0.301773 0.334039
vt 0.006283 0.769897
vt 0.143921 0.769897
vt 0.143921 0.985077
vt 0.143921 0.873901
vt 0.006283 0.873901
vt 0.006283 0.985077
vt 0.147705 0.985077
vt 0.004559 0.985077
vt 0.363430 0.183413
vt 0.147705 0.985077
vt 0.123047 0.769897
vt 0.006283 0.769897
vt 0.076111 0.769897
vt 0.076111 0.845825
vt 0.004559 0.845825
vt 0.004559 0.769897
vt 0.147705 0.769897
vt 0.147705 0.845825
vt 0.147705 0.926819
vt 0.076111 0.926819
vt 0.076111 0.985077
vt 0.004559 0.985077
vt 0.004559 0.926819
vt 0.301773 0.333369
vt 0.240116 0.333369
vt 0.240116 0.382043
vt 0.301773 0.382043
vt 0.147705 0.985077
vt 0.004559 0.985077
vt 0.147705 0.985077
vt 0.147705 0.873901
vt 0.147705 0.769897
vt 0.004559 0.769897
vt 0.004559 0.873901
vt 0.006283 0.873901
vt 0.123047 0.873901
vt 0.123047 0.985077
vt 0.006283 0.985077
vt 0.004562 0.985077
vt 0.147705 0.985077
vt 0.240116 0.153555
vt 0.123047 0.769897
vt 0.006283 0.769897
vt 0.006283 0.873901
vt 0.123047 0.873901
vt 0.143921 0.769897
vt 0.006283 0.769897
vt 0.006283 0.985077
vt 0.006283 0.873901
vt 0.143921 0.873901
vt 0.143921 0.985077
vt 0.004559 0.769897
vt 0.147705 0.769897
vt 0.486615 0.139253
vt 0.424958 0.139253
vt 0.749023 0.392578
vt 0.147705 0.985077
vt 0.147705 0.873901
vt 0.004559 0.873901
vt 0.004559 0.985077
vt 0.147705 0.769897
vt 0.004559 0.769897
vt 0.486744 0.334039
vt 0.486744 0.382043
vt 0.486744 0.281387
vt 0.363430 0.219259
vt 0.363430 0.281387
vt 0.363430 0.153555
vt 0.486744 0.089908
vt 0.301773 0.382043
vt 0.147705 0.985077
vt 0.004559 0.985077
vt 0.301709 0.148728
vt 0.301709 0.193603
vt 0.301773 0.153555
vt 0.301773 0.219259
vt 0.301709 0.027333
vt 0.363366 0.027333
vt 0.240116 0.382043
vt 0.425087 0.382046
vt 0.240116 0.219259
vt 0.240116 0.153555
vt 0.486615 0.382046
vt 0.425087 0.382043
vt 0.240116 0.317993
vt 0.123047 0.985077
vt 0.006283 0.985077
vt 0.123047 0.985077
vt 0.006283 0.985077
vt 0.486744 0.219259
vt 0.363430 0.382043
vt 0.363430 0.088299
vt 0.363430 0.027333
vt 0.425087 0.027333
vt 0.425087 0.027333
vt 0.486744 0.027333
vt 0.363366 0.234188
vt 0.486744 0.147477
vt 0.240116 0.086511
vt 0.240116 0.027333
vt 0.486744 0.239283
vt 0.486744 0.193067
vt 0.424958 0.089908
vt 0.363366 0.281387
vt 0.363366 0.334039
vt 0.756348 0.378906
vt 0.752441 0.984406
vt 0.240116 0.382046
vt 0.301709 0.382046
vt 0.301709 0.219259
vt 0.240116 0.219259
vt 0.240116 0.281387
vt 0.240116 0.382043
vt 0.240116 0.331715
vt 0.301773 0.331715
vt 0.301773 0.382043
vt 0.301709 0.027333
vt 0.240116 0.027333
vt 0.363366 0.027333
vt 0.486615 0.089908
vt 0.424958 0.027333
vt 0.486615 0.027333
vt 0.424958 0.382046
vt 0.424958 0.334039
vt 0.486615 0.334039
vt 0.486615 0.382046
vt 0.363366 0.382046
vt 0.424958 0.281387
vt 0.486615 0.281387
vt 0.489990 0.993771
vt 0.425087 0.272269
vt 0.486744 0.272269
vt 0.424958 0.027333
vt 0.486615 0.027333
vt 0.363366 0.219259
vt 0.424958 0.219259
vt 0.424958 0.153555
vt 0.486615 0.153555
vt 0.486615 0.219259
vt 0.363366 0.153555
vt 0.240116 0.161422
vt 0.240116 0.149086
vt 0.754883 0.384277
vt 0.486615 0.027333
vt 0.424958 0.382046
vt 0.486615 0.334039
vt 0.486615 0.382046
vt 0.756348 0.738770
vt 0.767090 0.737305
vt 0.486615 0.184485
vt 0.424958 0.184485
vt 0.363366 0.382046
vt 0.363366 0.334039
vt 0.424958 0.334039
vt 0.006283 0.769897
vt 0.123047 0.769897
vt 0.363366 0.184485
vt 0.486615 0.382046
vt 0.425087 0.331715
vt 0.486744 0.331715
vt 0.363430 0.027333
vt 0.425087 0.382043
vt 0.486744 0.382043
vt 0.363366 0.139253
vt 0.301709 0.061839
vt 0.240116 0.061839
vt 0.486744 0.027333
vt 0.425087 0.027333
vt 0.486744 0.088299
vt 0.301773 0.382043
vt 0.486615 0.027333
vt 0.301709 0.027333
vt 0.240116 0.027333
vt 0.486615 0.382046
vt 0.301709 0.382046
vt 0.301709 0.334039
vt 0.240116 0.382046
vt 0.240116 0.334039
vt 0.424958 0.285052
vt 0.486615 0.285052
vt 0.363366 0.285052
vt 0.425087 0.382043
vt 0.486744 0.331715
vt 0.486744 0.382043
vt 0.425087 0.382043
vt 0.363366 0.027333
vt 0.240116 0.098490
vt 0.301709 0.098490
vt 0.486615 0.098490
vt 0.240116 0.105820
vt 0.301709 0.148728
vt 0.240116 0.148728
vt 0.240116 0.121195
vt 0.486744 0.096165
vt 0.425087 0.096165
vt 0.425087 0.137465
vt 0.486744 0.137465
vt 0.240116 0.217471
vt 0.004562 0.769897
vt 0.363430 0.382043
vt 0.486744 0.090444
vt 0.486744 0.027333
vt 0.504395 0.010742
vt 0.983887 0.402344
vt 0.486744 0.382043
vt 0.240116 0.277990
vt 0.301773 0.027333
vt 0.240116 0.153734
vt 0.240116 0.217471
vt 0.004562 0.769897
vt 0.147705 0.769897
vt 0.486744 0.331715
vt 0.486744 0.382043
vt 0.004562 0.985077
vt 0.147705 0.985077
vt 0.240116 0.382043
vt 0.486744 0.277990
vt 0.425087 0.027333
vt 0.486744 0.027333
vt 0.486744 0.217471
vt 0.756348 0.738770
vt 0.976074 0.402344
vt 0.976074 0.564209
vt 0.240116 0.382046
vt 0.006283 0.769897
vt 0.143921 0.769897
vt 0.240116 0.027333
vt 0.767090 0.402344
vt 0.486615 0.334218
vt 0.486615 0.382046
vt 0.363430 0.328273
vt 0.363430 0.382043
vt 0.363430 0.272269
vt 0.301773 0.328273
vt 0.301773 0.382043
vt 0.240116 0.328273
vt 0.363430 0.027333
vt 0.240116 0.027333
vt 0.240116 0.272269
vt 0.240116 0.149622
vt 0.240116 0.211750
vt 0.240116 0.027333
vt 0.240116 0.090444
vt 0.301773 0.096165
vt 0.301773 0.137465
vt 0.363430 0.137465
vt 0.363430 0.096165
vt 0.486744 0.382043
vt 0.486744 0.382043
vt 0.749023 0.742920
vt 0.240116 0.382043
vt 0.486744 0.027333
vt 0.486744 0.211750
vt 0.486744 0.333369
vt 0.425087 0.333369
vt 0.425087 0.382043
vt 0.486744 0.382043
vt 0.301773 0.088299
vt 0.240116 0.027333
vt 0.301773 0.027333
vt 0.240116 0.088299
vt 0.486744 0.027333
vt 0.486744 0.027333
vt 0.363430 0.333369
vt 0.363430 0.382043
vt 0.363430 0.283979
vt 0.425087 0.183413
vt 0.486744 0.183413
vt 0.363430 0.233025
vt 0.486744 0.382043
vt 0.240116 0.382043
vt 0.240116 0.283979
vt 0.301773 0.233025
vt 0.240116 0.233025
vt 0.240116 0.382046
vt 0.301709 0.382046
vt 0.363430 0.060408
vt 0.486744 0.331715
vt 0.425087 0.382043
vt 0.486744 0.382043
vt 0.240116 0.137465
vt 0.301773 0.060408
vt 0.240116 0.060408
vt 0.240116 0.096165
vt 0.363430 0.027333
vt 0.301773 0.027333
vt 0.240116 0.027333
vt 0.486744 0.333369
vt 0.486744 0.382043
vt 0.240116 0.382043
vt 0.301773 0.382043
vt 0.425087 0.217471
vt 0.486744 0.217471
vt 0.425087 0.233025
vt 0.486744 0.233025
vt 0.486744 0.283979
vt 0.240116 0.183413
vt 0.486744 0.183413
vt 0.240116 0.137465
vt 0.486744 0.137465
vt 0.240116 0.087762
vt 0.240116 0.027333
vt 0.486744 0.148728
vt 0.486744 0.193603
vt 0.363430 0.277990
vt 0.301709 0.105820
vt 0.486744 0.027333
vt 0.363366 0.148728
vt 0.240116 0.382043
vt 0.301709 0.027333
vt 0.240116 0.027333
vt 0.240116 0.065951
vt 0.301709 0.065951
vt 0.486744 0.277990
vt 0.425087 0.027333
vt 0.486744 0.027333
vt 0.240116 0.286661
vt 0.425087 0.382043
vt 0.486744 0.382043
vt 0.486744 0.153734
vt 0.486744 0.217471
vt 0.240116 0.153734
vt 0.301773 0.277990
vt 0.240116 0.090444
vt 0.301709 0.027333
vt 0.240116 0.027333
vt 0.486744 0.217471
vt 0.425087 0.153734
vt 0.486744 0.153734
vt 0.301773 0.090444
vt 0.301773 0.027333
vt 0.363430 0.027333
vt 0.240116 0.382043
vt 0.756348 0.010742
vt 0.486744 0.331715
vt 0.486744 0.382043
vt 0.976074 0.737305
vt 0.240116 0.277990
vt 0.240116 0.217471
vt 0.240116 0.153734
vt 0.240116 0.090444
vt 0.240116 0.027333
vt 0.486744 0.090444
vt 0.486744 0.027333
vt 0.147705 0.985077
vt 0.756348 0.378906
vt 0.486615 0.286661
vt 0.424958 0.286661
vt 0.486744 0.239641
vt 0.425087 0.239641
vt 0.240116 0.382043
vt 0.363366 0.239641
vt 0.363366 0.286661
vt 0.486744 0.105820
vt 0.363366 0.334218
vt 0.301709 0.286661
vt 0.301709 0.239641
vt 0.240116 0.286661
vt 0.486744 0.065951
vt 0.754395 0.725586
vt 0.240116 0.239641
vt 0.240116 0.382043
vt 0.486615 0.027333
vt 0.240116 0.193603
vt 0.240116 0.148728
vt 0.240116 0.193603
vt 0.240116 0.105820
vt 0.424958 0.382046
vt 0.486615 0.382046
vt 0.363366 0.382046
vt 0.301709 0.382046
vt 0.240116 0.382046
vt 0.240116 0.382043
vt 0.240116 0.065951
vt 0.240116 0.027333
vt 0.486744 0.217471
vt 0.486744 0.277990
vt 0.363430 0.382043
vt 0.240116 0.382046
vt 0.240116 0.217471
vt 0.240116 0.027333
vt 0.240116 0.027333
vt 0.486744 0.382043
vt 0.240116 0.382043
vt 0.240116 0.331715
vt 0.486744 0.153734
vt 0.486744 0.090444
vt 0.363430 0.027333
vt 0.143921 0.769897
vt 0.006283 0.769897
vt 0.425087 0.027333
vt 0.486744 0.027333
vt 0.749023 0.549927
vt 0.627930 0.549927
vt 0.515137 0.549927
vt 0.749023 0.549927
vt 0.627930 0.549927
vt 0.515137 0.549927
vt 0.988770 0.208741
vt 0.867676 0.208741
vt 0.754883 0.208741
vt 0.988770 0.208741
vt 0.867676 0.208741
vt 0.754883 0.208741
vn 0.668075 0.098296 0.737573
vn 0.538904 0.101701 0.836206
vn 0.535581 0.239292 0.809872
vn 0.535581 0.239292 0.809872
vn 0.621971 0.191491 0.759265
vn 0.668075 0.098296 0.737573
vn -0.382500 0.274300 0.882300
vn -0.374892 0.266694 0.887880
vn -0.295596 0.094899 0.950588
vn -0.295596 0.094899 0.950588
vn -0.399401 0.168800 0.901102
vn -0.382500 0.274300 0.882300
vn 0.694306 0.041100 0.718506
vn 0.712284 0.029199 0.701284
vn 0.668075 0.098296 0.737573
vn 0.668075 0.098296 0.737573
vn 0.621971 0.191491 0.759265
vn 0.694306 0.041100 0.718506
vn -0.621971 0.191491 0.759265
vn -0.554708 0.247404 0.794412
vn -0.514711 0.280106 0.810317
vn -0.514711 0.280106 0.810317
vn -0.535581 0.239292 0.809872
vn -0.621971 0.191491 0.759265
vn 0.621971 0.191491 0.759265
vn 0.554708 0.247404 0.794412
vn 0.637989 0.093998 0.764287
vn 0.637989 0.093998 0.764287
vn 0.694306 0.041100 0.718506
vn 0.621971 0.191491 0.759265
vn -0.535581 0.239292 0.809872
vn -0.538904 0.101701 0.836206
vn -0.668075 0.098296 0.737573
vn -0.668075 0.098296 0.737573
vn -0.621971 0.191491 0.759265
vn -0.535581 0.239292 0.809872
vn 0.417604 -0.151502 0.895909
vn 0.335915 -0.201709 0.920041
vn 0.281898 -0.146499 0.948194
vn 0.281898 -0.146499 0.948194
vn 0.386607 -0.111202 0.915516
vn 0.417604 -0.151502 0.895909
vn -0.637989 0.093998 0.764287
vn -0.554708 0.247404 0.794412
vn -0.621971 0.191491 0.759265
vn -0.621971 0.191491 0.759265
vn -0.694306 0.041100 0.718506
vn -0.637989 0.093998 0.764287
vn -0.668075 0.098296 0.737573
vn -0.712284 0.029199 0.701284
vn -0.694306 0.041100 0.718506
vn -0.694306 0.041100 0.718506
vn -0.621971 0.191491 0.759265
vn -0.668075 0.098296 0.737573
vn 0.571508 0.109101 0.813311
vn 0.472418 0.020601 0.881134
vn 0.434318 0.175807 0.883436
vn 0.434318 0.175807 0.883436
vn 0.544211 0.232405 0.806116
vn 0.571508 0.109101 0.813311
vn -0.544167 0.232386 0.806151
vn -0.609295 0.116799 0.784294
vn -0.575570 0.239288 0.781959
vn -0.575570 0.239288 0.781959
vn -0.466013 0.320409 0.824724
vn -0.544167 0.232386 0.806151
vn 0.609295 0.116799 0.784294
vn 0.584688 0.085098 0.806783
vn 0.571508 0.109101 0.813311
vn 0.571508 0.109101 0.813311
vn 0.544211 0.232405 0.806116
vn 0.609295 0.116799 0.784294
vn -0.544167 0.232386 0.806151
vn -0.466013 0.320409 0.824724
vn -0.425999 0.261199 0.866198
vn -0.425999 0.261199 0.866198
vn -0.434318 0.175807 0.883436
vn -0.544167 0.232386 0.806151
vn 0.544211 0.232405 0.806116
vn 0.466013 0.320409 0.824724
vn 0.575570 0.239288 0.781959
vn 0.575570 0.239288 0.781959
vn 0.609295 0.116799 0.784294
vn 0.544211 0.232405 0.806116
vn -0.434318 0.175807 0.883436
vn -0.472418 0.020601 0.881134
vn -0.571508 0.109101 0.813311
vn -0.571508 0.109101 0.813311
vn -0.544167 0.232386 0.806151
vn -0.434318 0.175807 0.883436
vn -0.388510 -0.263307 0.883023
vn -0.448109 -0.393708 0.802616
vn -0.415109 -0.373608 0.829519
vn -0.415109 -0.373608 0.829519
vn -0.374809 -0.266006 0.888121
vn -0.388510 -0.263307 0.883023
vn 0.535724 0.075203 0.841038
vn 0.428784 0.142695 0.892066
vn 0.317006 0.153503 0.935919
vn 0.317006 0.153503 0.935919
vn 0.498777 0.100695 0.860861
vn 0.535724 0.075203 0.841038
vn -0.612510 0.059601 0.788213
vn -0.605612 0.176604 0.775916
vn -0.463008 0.183203 0.867214
vn -0.463008 0.183203 0.867214
vn -0.470619 -0.001200 0.882336
vn -0.612510 0.059601 0.788213
vn 0.552592 0.238197 0.798689
vn 0.627630 0.172608 0.759136
vn 0.633171 0.209690 0.745066
vn 0.633171 0.209690 0.745066
vn 0.553781 0.128596 0.822672
vn 0.552592 0.238197 0.798689
vn 0.470116 -0.094503 0.877531
vn 0.534602 0.087100 0.840603
vn 0.532790 0.179996 0.826884
vn 0.532790 0.179996 0.826884
vn 0.528612 0.015700 0.848719
vn 0.470116 -0.094503 0.877531
vn 0.605612 0.176604 0.775916
vn 0.596097 0.258399 0.760196
vn 0.619399 0.016700 0.784899
vn 0.605612 0.176604 0.775916
vn 0.619399 0.016700 0.784899
vn 0.628010 0.017300 0.778013
vn 0.605612 0.176604 0.775916
vn 0.628010 0.017300 0.778013
vn 0.645492 0.010800 0.763691
vn 0.605612 0.176604 0.775916
vn 0.645492 0.010800 0.763691
vn 0.612510 0.059601 0.788213
vn -0.627591 0.263796 0.732490
vn -0.682394 0.248098 0.687594
vn -0.585001 0.097900 0.805102
vn -0.585001 0.097900 0.805102
vn -0.559903 0.280302 0.779705
vn -0.627591 0.263796 0.732490
vn 0.504165 0.310278 0.805944
vn 0.596097 0.258399 0.760196
vn 0.605612 0.176604 0.775916
vn 0.605612 0.176604 0.775916
vn 0.463008 0.183203 0.867214
vn 0.504165 0.310278 0.805944
vn -0.612510 0.059601 0.788213
vn -0.645492 0.010800 0.763691
vn -0.628010 0.017300 0.778013
vn -0.628010 0.017300 0.778013
vn -0.619399 0.016700 0.784899
vn -0.596097 0.258399 0.760196
vn -0.612510 0.059601 0.788213
vn -0.628010 0.017300 0.778013
vn -0.596097 0.258399 0.760196
vn -0.612510 0.059601 0.788213
vn -0.596097 0.258399 0.760196
vn -0.605612 0.176604 0.775916
vn 0.626336 0.177210 0.759144
vn 0.551303 0.257402 0.793605
vn 0.462511 0.325708 0.824620
vn 0.462511 0.325708 0.824620
vn 0.568907 0.238003 0.787210
vn 0.626336 0.177210 0.759144
vn -0.622612 0.091902 0.777115
vn -0.568907 0.238003 0.787210
vn -0.626336 0.177210 0.759144
vn -0.626336 0.177210 0.759144
vn -0.623208 0.109801 0.774310
vn -0.622612 0.091902 0.777115
vn 0.622612 0.091902 0.777115
vn 0.623208 0.109801 0.774310
vn 0.626336 0.177210 0.759144
vn 0.626336 0.177210 0.759144
vn 0.568907 0.238003 0.787210
vn 0.622612 0.091902 0.777115
vn -0.568907 0.238003 0.787210
vn -0.489581 0.294088 0.820867
vn -0.425706 0.361505 0.829511
vn -0.425706 0.361505 0.829511
vn -0.462511 0.325708 0.824620
vn -0.568907 0.238003 0.787210
vn 0.568907 0.238003 0.787210
vn 0.489581 0.294088 0.820867
vn 0.556226 0.075004 0.827639
vn 0.556226 0.075004 0.827639
vn 0.622612 0.091902 0.777115
vn 0.568907 0.238003 0.787210
vn -0.462511 0.325708 0.824620
vn -0.551303 0.257402 0.793605
vn -0.626336 0.177210 0.759144
vn -0.626336 0.177210 0.759144
vn -0.568907 0.238003 0.787210
vn -0.462511 0.325708 0.824620
vn 0.165607 0.338614 0.926237
vn 0.166399 0.483298 0.859497
vn 0.172296 0.415389 0.893177
vn 0.172296 0.415389 0.893177
vn 0.174395 0.287492 0.941772
vn 0.165607 0.338614 0.926237
vn 0.418494 0.224297 0.880087
vn 0.442704 0.337303 0.830807
vn 0.494899 0.268899 0.826298
vn 0.494899 0.268899 0.826298
vn 0.450513 0.052501 0.891225
vn 0.418494 0.224297 0.880087
vn 0.698742 0.040202 0.714243
vn 0.597510 0.076401 0.798213
vn 0.583110 0.179503 0.792314
vn 0.583110 0.179503 0.792314
vn 0.649304 0.086401 0.755605
vn 0.698742 0.040202 0.714243
vn 0.291895 -0.294495 0.909984
vn 0.288112 -0.194008 0.937738
vn 0.316090 0.010700 0.948669
vn 0.316090 0.010700 0.948669
vn 0.301790 -0.069098 0.950867
vn 0.291895 -0.294495 0.909984
vn 0.708366 -0.040798 0.704666
vn 0.716818 -0.027501 0.696718
vn 0.698742 0.040202 0.714243
vn 0.698742 0.040202 0.714243
vn 0.649304 0.086401 0.755605
vn 0.708366 -0.040798 0.704666
vn 0.733696 -0.469798 0.490897
vn 0.527581 -0.111396 0.842169
vn 0.571107 -0.163102 0.804509
vn 0.571107 -0.163102 0.804509
vn 0.717386 -0.458891 0.524190
vn 0.733696 -0.469798 0.490897
vn 0.649304 0.086401 0.755605
vn 0.573979 0.115596 0.810670
vn 0.636175 -0.060498 0.769170
vn 0.636175 -0.060498 0.769170
vn 0.708366 -0.040798 0.704666
vn 0.649304 0.086401 0.755605
vn -0.583110 0.179503 0.792314
vn -0.597510 0.076401 0.798213
vn -0.698742 0.040202 0.714243
vn -0.698742 0.040202 0.714243
vn -0.649304 0.086401 0.755605
vn -0.583110 0.179503 0.792314
vn 0.561814 0.178304 0.807820
vn 0.573979 0.115596 0.810670
vn 0.649304 0.086401 0.755605
vn 0.649304 0.086401 0.755605
vn 0.583110 0.179503 0.792314
vn 0.561814 0.178304 0.807820
vn -0.636084 -0.061299 0.769181
vn -0.573979 0.115596 0.810670
vn -0.649304 0.086401 0.755605
vn -0.649304 0.086401 0.755605
vn -0.708316 -0.040801 0.704716
vn -0.636084 -0.061299 0.769181
vn -0.698742 0.040202 0.714243
vn -0.716818 -0.027501 0.696718
vn -0.708316 -0.040801 0.704716
vn -0.708316 -0.040801 0.704716
vn -0.649304 0.086401 0.755605
vn -0.698742 0.040202 0.714243
vn 0.673987 0.103298 0.731486
vn 0.660711 0.306505 0.685212
vn 0.606682 0.278192 0.744678
vn 0.606682 0.278192 0.744678
vn 0.650608 0.092901 0.753710
vn 0.673987 0.103298 0.731486
vn 0.673987 0.103298 0.731486
vn 0.650608 0.092901 0.753710
vn 0.666631 -0.033502 0.744635
vn 0.666631 -0.033502 0.744635
vn 0.629185 0.065598 0.774482
vn 0.673987 0.103298 0.731486
vn -0.650608 0.092901 0.753710
vn -0.575921 0.073103 0.814230
vn -0.572093 0.214697 0.791590
vn -0.572093 0.214697 0.791590
vn -0.606728 0.278213 0.744634
vn -0.650608 0.092901 0.753710
vn -0.650608 0.092901 0.753710
vn -0.666631 -0.033502 0.744635
vn -0.586007 -0.141202 0.797909
vn -0.586007 -0.141202 0.797909
vn -0.575921 0.073103 0.814230
vn -0.650608 0.092901 0.753710
vn -0.606728 0.278213 0.744634
vn -0.660711 0.306505 0.685212
vn -0.673987 0.103298 0.731486
vn -0.673987 0.103298 0.731486
vn -0.650608 0.092901 0.753710
vn -0.606728 0.278213 0.744634
vn -0.405612 0.200306 0.891827
vn -0.405096 0.145698 0.902590
vn -0.413790 0.115797 0.902978
vn -0.413790 0.115797 0.902978
vn -0.414102 0.188001 0.890604
vn -0.405612 0.200306 0.891827
vn -0.666631 -0.033502 0.744635
vn -0.650608 0.092901 0.753710
vn -0.673987 0.103298 0.731486
vn -0.673987 0.103298 0.731486
vn -0.629185 0.065598 0.774482
vn -0.666631 -0.033502 0.744635
vn 0.652098 0.142100 0.744698
vn 0.619393 0.188998 0.761992
vn 0.556724 0.227510 0.798935
vn 0.556724 0.227510 0.798935
vn 0.613093 0.152298 0.775191
vn 0.652098 0.142100 0.744698
vn 0.652098 0.142100 0.744698
vn 0.613093 0.152298 0.775191
vn 0.645289 0.074599 0.760287
vn 0.645289 0.074599 0.760287
vn 0.646516 0.118003 0.753719
vn 0.652098 0.142100 0.744698
vn 0.348085 -0.509278 0.787066
vn 0.343921 -0.558234 0.755046
vn 0.365286 -0.430884 0.825170
vn 0.365286 -0.430884 0.825170
vn 0.362486 -0.409985 0.836968
vn 0.348085 -0.509278 0.787066
vn -0.613093 0.152298 0.775191
vn -0.645289 0.074599 0.760287
vn -0.586329 0.007300 0.810040
vn -0.586329 0.007300 0.810040
vn -0.565529 0.192110 0.802041
vn -0.613093 0.152298 0.775191
vn -0.556724 0.227510 0.798935
vn -0.619393 0.188998 0.761992
vn -0.652098 0.142100 0.744698
vn -0.652098 0.142100 0.744698
vn -0.613093 0.152298 0.775191
vn -0.556724 0.227510 0.798935
vn 0.541607 0.259703 0.799510
vn 0.565529 0.192110 0.802041
vn 0.613093 0.152298 0.775191
vn 0.613093 0.152298 0.775191
vn 0.556724 0.227510 0.798935
vn 0.541607 0.259703 0.799510
vn 0.586007 -0.141202 0.797909
vn 0.666631 -0.033502 0.744635
vn 0.650608 0.092901 0.753710
vn 0.650608 0.092901 0.753710
vn 0.575921 0.073103 0.814230
vn 0.586007 -0.141202 0.797909
vn -0.645289 0.074599 0.760287
vn -0.613093 0.152298 0.775191
vn -0.652098 0.142100 0.744698
vn -0.652098 0.142100 0.744698
vn -0.646516 0.118003 0.753719
vn -0.645289 0.074599 0.760287
vn 0.671904 0.147001 0.725904
vn 0.600810 0.174503 0.780113
vn 0.506891 0.247596 0.825686
vn 0.506891 0.247596 0.825686
vn 0.606991 0.169197 0.776488
vn 0.671904 0.147001 0.725904
vn 0.671904 0.147001 0.725904
vn 0.606991 0.169197 0.776488
vn 0.656721 0.046101 0.752724
vn 0.656721 0.046101 0.752724
vn 0.665018 0.107703 0.739020
vn 0.671904 0.147001 0.725904
vn -0.606991 0.169197 0.776488
vn -0.506299 0.215499 0.834998
vn -0.477470 0.267783 0.836848
vn -0.477470 0.267783 0.836848
vn -0.506891 0.247596 0.825686
vn -0.606991 0.169197 0.776488
vn 0.606991 0.169197 0.776488
vn 0.506299 0.215499 0.834998
vn 0.533589 -0.021000 0.845483
vn 0.533589 -0.021000 0.845483
vn 0.656721 0.046101 0.752724
vn 0.606991 0.169197 0.776488
vn -0.506891 0.247596 0.825686
vn -0.600810 0.174503 0.780113
vn -0.671904 0.147001 0.725904
vn -0.671904 0.147001 0.725904
vn -0.606991 0.169197 0.776488
vn -0.506891 0.247596 0.825686
vn -0.542024 -0.333315 0.771434
vn -0.477895 -0.517094 0.710092
vn -0.449017 -0.397915 0.800030
vn -0.449017 -0.397915 0.800030
vn -0.501332 -0.208113 0.839854
vn -0.542024 -0.333315 0.771434
vn -0.533589 -0.021000 0.845483
vn -0.506299 0.215499 0.834998
vn -0.606991 0.169197 0.776488
vn -0.606991 0.169197 0.776488
vn -0.656721 0.046101 0.752724
vn -0.533589 -0.021000 0.845483
vn -0.656721 0.046101 0.752724
vn -0.606991 0.169197 0.776488
vn -0.671904 0.147001 0.725904
vn -0.671904 0.147001 0.725904
vn -0.665018 0.107703 0.739020
vn -0.656721 0.046101 0.752724
vn -0.576385 0.192095 0.794279
vn -0.522886 0.283493 0.803879
vn -0.470092 0.380293 0.796486
vn -0.470092 0.380293 0.796486
vn -0.445607 0.206803 0.871015
vn -0.576385 0.192095 0.794279
vn 0.576385 0.192095 0.794279
vn 0.522886 0.283493 0.803879
vn 0.589318 0.127204 0.797824
vn 0.589318 0.127204 0.797824
vn 0.626499 0.113600 0.771099
vn 0.576385 0.192095 0.794279
vn -0.522886 0.283493 0.803879
vn -0.445981 0.308587 0.840164
vn -0.441109 0.386808 0.809816
vn -0.441109 0.386808 0.809816
vn -0.470092 0.380293 0.796486
vn -0.522886 0.283493 0.803879
vn 0.522886 0.283493 0.803879
vn 0.445981 0.308587 0.840164
vn 0.507100 0.157900 0.847300
vn 0.507100 0.157900 0.847300
vn 0.589318 0.127204 0.797824
vn 0.522886 0.283493 0.803879
vn 0.586329 0.007300 0.810040
vn 0.645289 0.074599 0.760287
vn 0.613093 0.152298 0.775191
vn 0.613093 0.152298 0.775191
vn 0.565529 0.192110 0.802041
vn 0.586329 0.007300 0.810040
vn -0.496890 -0.440191 0.747885
vn -0.505503 -0.525803 0.684104
vn -0.413081 -0.494777 0.764565
vn -0.413081 -0.494777 0.764565
vn -0.404487 -0.393888 0.825374
vn -0.496890 -0.440191 0.747885
vn -0.507100 0.157900 0.847300
vn -0.445981 0.308587 0.840164
vn -0.522886 0.283493 0.803879
vn -0.522886 0.283493 0.803879
vn -0.589318 0.127204 0.797824
vn -0.507100 0.157900 0.847300
vn -0.589318 0.127204 0.797824
vn -0.522886 0.283493 0.803879
vn -0.576385 0.192095 0.794279
vn -0.576385 0.192095 0.794279
vn -0.626499 0.113600 0.771099
vn -0.589318 0.127204 0.797824
vn 0.693936 0.303316 0.653034
vn 0.626994 0.178098 0.758393
vn 0.546804 0.307102 0.778906
vn 0.546804 0.307102 0.778906
vn 0.627608 0.263703 0.732509
vn 0.693936 0.303316 0.653034
vn 0.682394 0.248098 0.687594
vn 0.701717 0.293007 0.649416
vn 0.693936 0.303316 0.653034
vn 0.693936 0.303316 0.653034
vn 0.627608 0.263703 0.732509
vn 0.682394 0.248098 0.687594
vn -0.350014 0.360414 0.864634
vn -0.454493 0.356295 0.816388
vn -0.499692 0.243796 0.831187
vn -0.499692 0.243796 0.831187
vn -0.461212 0.244906 0.852822
vn -0.350014 0.360414 0.864634
vn 0.627608 0.263703 0.732509
vn 0.559903 0.280302 0.779705
vn 0.585001 0.097900 0.805102
vn 0.585001 0.097900 0.805102
vn 0.682394 0.248098 0.687594
vn 0.627608 0.263703 0.732509
vn -0.546804 0.307102 0.778906
vn -0.626994 0.178098 0.758393
vn -0.693936 0.303316 0.653034
vn -0.693936 0.303316 0.653034
vn -0.627591 0.263796 0.732490
vn -0.546804 0.307102 0.778906
vn 0.526064 0.340177 0.779446
vn 0.559903 0.280302 0.779705
vn 0.627608 0.263703 0.732509
vn 0.627608 0.263703 0.732509
vn 0.546804 0.307102 0.778906
vn 0.526064 0.340177 0.779446
vn 0.566988 0.234695 0.789584
vn 0.484325 0.414921 0.770240
vn 0.461184 0.444785 0.767773
vn 0.461184 0.444785 0.767773
vn 0.510897 0.294298 0.807696
vn 0.566988 0.234695 0.789584
vn -0.583572 0.134994 0.800762
vn -0.510897 0.294298 0.807696
vn -0.566988 0.234695 0.789584
vn -0.566988 0.234695 0.789584
vn -0.590973 0.140493 0.794363
vn -0.583572 0.134994 0.800762
vn 0.583572 0.134994 0.800762
vn 0.590973 0.140493 0.794363
vn 0.566988 0.234695 0.789584
vn 0.566988 0.234695 0.789584
vn 0.510897 0.294298 0.807696
vn 0.583572 0.134994 0.800762
vn -0.489209 -0.042801 0.871116
vn -0.467215 -0.205507 0.859928
vn -0.528306 -0.033100 0.848409
vn -0.528306 -0.033100 0.848409
vn -0.514882 0.088597 0.852670
vn -0.489209 -0.042801 0.871116
vn 0.510897 0.294298 0.807696
vn 0.437216 0.307012 0.845332
vn 0.524381 0.135895 0.840570
vn 0.524381 0.135895 0.840570
vn 0.583572 0.134994 0.800762
vn 0.510897 0.294298 0.807696
vn -0.461184 0.444785 0.767773
vn -0.484325 0.414921 0.770240
vn -0.566988 0.234695 0.789584
vn -0.566988 0.234695 0.789584
vn -0.510897 0.294298 0.807696
vn -0.461184 0.444785 0.767773
vn 0.430514 0.414213 0.801926
vn 0.437216 0.307012 0.845332
vn 0.510897 0.294298 0.807696
vn 0.510897 0.294298 0.807696
vn 0.461184 0.444785 0.767773
vn 0.430514 0.414213 0.801926
vn 0.425685 0.488983 0.761373
vn 0.462307 0.401306 0.790712
vn 0.542087 0.398391 0.739883
vn 0.542087 0.398391 0.739883
vn 0.483314 0.460214 0.744722
vn 0.425685 0.488983 0.761373
vn -0.542087 0.398391 0.739883
vn -0.462307 0.401306 0.790712
vn -0.425685 0.488983 0.761373
vn -0.425685 0.488983 0.761373
vn -0.483314 0.460214 0.744722
vn -0.542087 0.398391 0.739883
vn 0.562991 -0.126098 0.816787
vn 0.592507 -0.216203 0.776010
vn 0.576294 -0.143799 0.804492
vn 0.576294 -0.143799 0.804492
vn 0.547396 -0.036100 0.836094
vn 0.562991 -0.126098 0.816787
vn -0.460997 0.175399 0.869895
vn -0.453411 0.108103 0.884722
vn -0.396016 0.116405 0.910836
vn -0.396016 0.116405 0.910836
vn -0.405409 0.137603 0.903720
vn -0.460997 0.175399 0.869895
vn 0.462307 0.401306 0.790712
vn 0.395105 0.364305 0.843311
vn 0.420112 0.248007 0.872925
vn 0.420112 0.248007 0.872925
vn 0.517808 0.323405 0.792013
vn 0.462307 0.401306 0.790712
vn -0.450481 0.239490 0.860065
vn -0.488498 0.167199 0.856396
vn -0.367001 0.182200 0.912202
vn -0.367001 0.182200 0.912202
vn -0.328188 0.203793 0.922367
vn -0.450481 0.239490 0.860065
vn 0.375803 0.457303 0.806006
vn 0.395105 0.364305 0.843311
vn 0.462307 0.401306 0.790712
vn 0.462307 0.401306 0.790712
vn 0.425685 0.488983 0.761373
vn 0.375803 0.457303 0.806006
vn -0.420112 0.248007 0.872925
vn -0.395105 0.364305 0.843311
vn -0.462307 0.401306 0.790712
vn -0.462307 0.401306 0.790712
vn -0.517694 0.323396 0.792091
vn -0.420112 0.248007 0.872925
vn 0.517808 0.323405 0.792013
vn 0.572998 0.343499 0.744098
vn 0.542087 0.398391 0.739883
vn 0.542087 0.398391 0.739883
vn 0.462307 0.401306 0.790712
vn 0.517808 0.323405 0.792013
vn 0.563807 0.349505 0.748310
vn 0.483803 0.396702 0.780104
vn 0.492107 0.504407 0.709510
vn 0.492107 0.504407 0.709510
vn 0.512701 0.381601 0.769102
vn 0.563807 0.349505 0.748310
vn -0.512701 0.381601 0.769102
vn -0.560593 0.279797 0.779390
vn -0.489264 0.221884 0.843438
vn -0.489264 0.221884 0.843438
vn -0.459978 0.348783 0.816560
vn -0.512701 0.381601 0.769102
vn 0.560593 0.279797 0.779390
vn 0.584187 0.300893 0.753783
vn 0.563807 0.349505 0.748310
vn 0.563807 0.349505 0.748310
vn 0.512701 0.381601 0.769102
vn 0.560593 0.279797 0.779390
vn -0.492107 0.504407 0.709510
vn -0.483803 0.396702 0.780104
vn -0.563807 0.349505 0.748310
vn -0.563807 0.349505 0.748310
vn -0.512701 0.381601 0.769102
vn -0.492107 0.504407 0.709510
vn 0.466611 0.467811 0.750618
vn 0.460015 0.348812 0.816527
vn 0.512701 0.381601 0.769102
vn 0.512701 0.381601 0.769102
vn 0.492107 0.504407 0.709510
vn 0.466611 0.467811 0.750618
vn 0.098504 0.362314 0.926836
vn 0.111900 0.318199 0.941397
vn 0.053802 0.285913 0.956744
vn 0.053802 0.285913 0.956744
vn 0.021399 0.314985 0.948855
vn 0.098504 0.362314 0.926836
vn 0.561491 0.330795 0.758488
vn 0.462990 0.355192 0.812083
vn 0.429016 0.443317 0.787030
vn 0.429016 0.443317 0.787030
vn 0.492817 0.386813 0.779427
vn 0.561491 0.330795 0.758488
vn 0.561491 0.330795 0.758488
vn 0.492817 0.386813 0.779427
vn 0.558818 0.278509 0.781125
vn 0.558818 0.278509 0.781125
vn 0.605702 0.272701 0.747502
vn 0.561491 0.330795 0.758488
vn -0.453196 -0.014600 0.891291
vn -0.463599 -0.081400 0.882298
vn -0.484514 0.052201 0.873225
vn -0.484514 0.052201 0.873225
vn -0.449494 0.018700 0.893088
vn -0.453196 -0.014600 0.891291
vn -0.567706 -0.069301 0.820309
vn -0.593314 -0.104803 0.798119
vn -0.464703 0.408503 0.785606
vn -0.464703 0.408503 0.785606
vn -0.378906 0.484108 0.788714
vn -0.567706 -0.069301 0.820309
vn -0.429016 0.443317 0.787030
vn -0.462990 0.355192 0.812083
vn -0.561491 0.330795 0.758488
vn -0.561491 0.330795 0.758488
vn -0.492798 0.386899 0.779397
vn -0.429016 0.443317 0.787030
vn 0.405883 0.465880 0.786266
vn 0.428571 0.418872 0.800546
vn 0.492817 0.386813 0.779427
vn 0.492817 0.386813 0.779427
vn 0.429016 0.443317 0.787030
vn 0.405883 0.465880 0.786266
vn 0.474397 0.288498 0.831695
vn 0.558818 0.278509 0.781125
vn 0.492817 0.386813 0.779427
vn 0.492817 0.386813 0.779427
vn 0.428571 0.418872 0.800546
vn 0.474397 0.288498 0.831695
vn -0.558818 0.278509 0.781125
vn -0.492798 0.386899 0.779397
vn -0.561491 0.330795 0.758488
vn -0.561491 0.330795 0.758488
vn -0.605702 0.272701 0.747502
vn -0.558818 0.278509 0.781125
vn 0.656382 0.126897 0.743680
vn 0.547009 0.181503 0.817213
vn 0.508423 0.312414 0.802436
vn 0.508423 0.312414 0.802436
vn 0.606899 0.243999 0.756398
vn 0.656382 0.126897 0.743680
vn 0.645107 0.078901 0.760008
vn 0.606305 0.278402 0.744907
vn 0.574710 0.237904 0.783014
vn 0.574710 0.237904 0.783014
vn 0.578501 0.090900 0.810601
vn 0.645107 0.078901 0.760008
vn 0.635613 0.063201 0.769416
vn 0.679609 0.049401 0.731910
vn 0.656382 0.126897 0.743680
vn 0.656382 0.126897 0.743680
vn 0.606899 0.243999 0.756398
vn 0.635613 0.063201 0.769416
vn -0.606884 0.244093 0.756380
vn -0.545232 0.308018 0.779646
vn -0.500285 0.371789 0.781977
vn -0.500285 0.371789 0.781977
vn -0.508515 0.312809 0.802224
vn -0.606884 0.244093 0.756380
vn 0.606899 0.243999 0.756398
vn 0.545232 0.308018 0.779646
vn 0.573303 0.065700 0.816705
vn 0.573303 0.065700 0.816705
vn 0.635613 0.063201 0.769416
vn 0.606899 0.243999 0.756398
vn -0.508515 0.312809 0.802224
vn -0.547009 0.181503 0.817213
vn -0.656382 0.126897 0.743680
vn -0.656382 0.126897 0.743680
vn -0.606884 0.244093 0.756380
vn -0.508515 0.312809 0.802224
vn -0.542087 0.398391 0.739883
vn -0.572998 0.343499 0.744098
vn -0.517694 0.323396 0.792091
vn -0.517694 0.323396 0.792091
vn -0.462307 0.401306 0.790712
vn -0.542087 0.398391 0.739883
vn -0.573303 0.065700 0.816705
vn -0.545232 0.308018 0.779646
vn -0.606884 0.244093 0.756380
vn -0.606884 0.244093 0.756380
vn -0.635613 0.063201 0.769416
vn -0.573303 0.065700 0.816705
vn -0.656382 0.126897 0.743680
vn -0.679609 0.049401 0.731910
vn -0.635613 0.063201 0.769416
vn -0.635613 0.063201 0.769416
vn -0.606884 0.244093 0.756380
vn -0.656382 0.126897 0.743680
vn -0.532116 0.391112 0.750922
vn -0.489989 0.410391 0.769083
vn -0.445189 0.442989 0.778182
vn -0.445189 0.442989 0.778182
vn -0.504827 0.430623 0.748140
vn -0.532116 0.391112 0.750922
vn -0.592606 -0.216302 0.775907
vn -0.578191 -0.385494 0.719089
vn -0.542024 -0.333315 0.771434
vn -0.542024 -0.333315 0.771434
vn -0.562991 -0.126098 0.816787
vn -0.592606 -0.216302 0.775907
vn -0.397885 -0.272390 0.876066
vn -0.330306 -0.426707 0.841914
vn -0.321316 -0.509325 0.798339
vn -0.321316 -0.509325 0.798339
vn -0.402075 -0.340979 0.849747
vn -0.397885 -0.272390 0.876066
vn -0.489989 0.410391 0.769083
vn -0.518397 0.348298 0.780995
vn -0.468604 0.338203 0.816106
vn -0.468604 0.338203 0.816106
vn -0.440414 0.420513 0.793224
vn -0.489989 0.410391 0.769083
vn -0.391220 0.571129 0.721636
vn -0.299808 0.639616 0.707818
vn -0.378906 0.484108 0.788714
vn -0.378906 0.484108 0.788714
vn -0.464703 0.408503 0.785606
vn -0.391220 0.571129 0.721636
vn 0.413191 0.462790 0.784283
vn 0.440414 0.420513 0.793224
vn 0.489989 0.410391 0.769083
vn 0.489989 0.410391 0.769083
vn 0.445189 0.442989 0.778182
vn 0.413191 0.462790 0.784283
vn -0.308811 0.546520 0.778429
vn -0.311490 0.505284 0.804775
vn -0.454493 0.356295 0.816388
vn -0.454493 0.356295 0.816388
vn -0.350014 0.360414 0.864634
vn -0.308811 0.546520 0.778429
vn 0.518397 0.348298 0.780995
vn 0.537284 0.364689 0.760478
vn 0.532116 0.391112 0.750922
vn 0.532116 0.391112 0.750922
vn 0.489989 0.410391 0.769083
vn 0.518397 0.348298 0.780995
vn -0.556878 0.086597 0.826068
vn -0.563387 0.048299 0.824780
vn -0.570011 0.146803 0.808416
vn -0.570011 0.146803 0.808416
vn -0.548997 0.244398 0.799295
vn -0.556878 0.086597 0.826068
vn -0.592366 0.018599 0.805454
vn -0.579314 -0.011700 0.815020
vn -0.563387 0.048299 0.824780
vn -0.563387 0.048299 0.824780
vn -0.556878 0.086597 0.826068
vn -0.592366 0.018599 0.805454
vn 0.491990 0.082498 0.866683
vn 0.203105 0.189104 0.960723
vn 0.132606 0.225210 0.965244
vn 0.132606 0.225210 0.965244
vn 0.450896 0.049700 0.891192
vn 0.491990 0.082498 0.866683
vn 0.624998 -0.006700 0.780598
vn 0.640033 0.058203 0.766140
vn 0.592414 0.018600 0.805419
vn 0.592414 0.018600 0.805419
vn 0.579314 -0.011700 0.815020
vn 0.624998 -0.006700 0.780598
vn 0.510896 0.054800 0.857894
vn 0.483882 -0.113296 0.867768
vn 0.517136 0.063304 0.853559
vn 0.517136 0.063304 0.853559
vn 0.533000 0.175100 0.827799
vn 0.510896 0.054800 0.857894
vn 0.668593 0.007300 0.743593
vn 0.662440 0.092806 0.743344
vn 0.640033 0.058203 0.766140
vn 0.640033 0.058203 0.766140
vn 0.624998 -0.006700 0.780598
vn 0.668593 0.007300 0.743593
vn -0.807278 -0.213794 0.550085
vn -0.805436 -0.191408 0.560925
vn -0.842685 -0.214596 0.493791
vn -0.842685 -0.214596 0.493791
vn -0.833052 -0.246115 0.495431
vn -0.807278 -0.213794 0.550085
vn 0.396197 0.174699 0.901393
vn 0.394685 0.271890 0.877667
vn 0.425783 0.237991 0.872966
vn 0.425783 0.237991 0.872966
vn 0.431510 0.155404 0.888622
vn 0.396197 0.174699 0.901393
vn -0.603583 -0.179295 0.776879
vn -0.576795 -0.098799 0.810893
vn -0.579314 -0.011700 0.815020
vn -0.579314 -0.011700 0.815020
vn -0.624998 -0.006700 0.780598
vn -0.603583 -0.179295 0.776879
vn -0.659220 -0.239107 0.712921
vn -0.603583 -0.179295 0.776879
vn -0.624998 -0.006700 0.780598
vn -0.624998 -0.006700 0.780598
vn -0.668593 0.007300 0.743593
vn -0.659220 -0.239107 0.712921
vn 0.499206 -0.148802 0.853611
vn 0.422216 -0.342913 0.839133
vn 0.431283 -0.252490 0.866166
vn 0.431283 -0.252490 0.866166
vn 0.500381 -0.008100 0.865767
vn 0.499206 -0.148802 0.853611
vn 0.431104 0.166501 0.886807
vn 0.397592 0.070099 0.914881
vn 0.428415 0.193907 0.882531
vn 0.428415 0.193907 0.882531
vn 0.437303 0.190501 0.878906
vn 0.431104 0.166501 0.886807
vn 0.695499 -0.006400 0.718499
vn 0.676374 0.072597 0.732972
vn 0.662440 0.092806 0.743344
vn 0.662440 0.092806 0.743344
vn 0.668593 0.007300 0.743593
vn 0.695499 -0.006400 0.718499
vn -0.439679 0.222889 0.870059
vn -0.428423 0.193811 0.882548
vn -0.437303 0.190501 0.878906
vn -0.437303 0.190501 0.878906
vn -0.447591 0.178297 0.876283
vn -0.439679 0.222889 0.870059
vn -0.576795 -0.098799 0.810893
vn -0.583112 -0.195104 0.788616
vn -0.561722 -0.062902 0.824932
vn -0.561722 -0.062902 0.824932
vn -0.565490 -0.010700 0.824686
vn -0.576795 -0.098799 0.810893
vn -0.492798 0.386899 0.779397
vn -0.428571 0.418872 0.800546
vn -0.405883 0.465880 0.786266
vn -0.405883 0.465880 0.786266
vn -0.429016 0.443317 0.787030
vn -0.492798 0.386899 0.779397
vn 0.460181 0.068697 0.885163
vn 0.433998 -0.048700 0.899597
vn 0.411704 0.040700 0.910408
vn 0.411704 0.040700 0.910408
vn 0.418206 0.008300 0.908314
vn 0.460181 0.068697 0.885163
vn -0.483919 -0.113404 0.867734
vn -0.477018 -0.181107 0.860032
vn -0.499887 -0.023299 0.865777
vn -0.499887 -0.023299 0.865777
vn -0.510899 0.054700 0.857899
vn -0.483919 -0.113404 0.867734
vn -0.307791 0.466086 0.829475
vn -0.439099 0.534299 0.722299
vn -0.457786 0.339290 0.821775
vn -0.457786 0.339290 0.821775
vn -0.262502 0.225102 0.938308
vn -0.307791 0.466086 0.829475
vn 0.304598 0.036200 0.951793
vn 0.295596 0.094899 0.950588
vn 0.399401 0.168800 0.901102
vn 0.399401 0.168800 0.901102
vn 0.447089 0.130097 0.884978
vn 0.304598 0.036200 0.951793
vn 0.583112 -0.195104 0.788616
vn 0.586073 -0.212990 0.781763
vn 0.582893 -0.385295 0.715391
vn 0.582893 -0.385295 0.715391
vn 0.582330 -0.352118 0.732738
vn 0.583112 -0.195104 0.788616
vn 0.582330 -0.352118 0.732738
vn 0.582893 -0.385295 0.715391
vn 0.587228 -0.524925 0.616130
vn 0.587228 -0.524925 0.616130
vn 0.609796 -0.467497 0.639996
vn 0.582330 -0.352118 0.732738
vn 0.609796 -0.467497 0.639996
vn 0.587228 -0.524925 0.616130
vn 0.618984 -0.575485 0.534486
vn 0.618984 -0.575485 0.534486
vn 0.655315 -0.507011 0.559913
vn 0.609796 -0.467497 0.639996
vn 0.655315 -0.507011 0.559913
vn 0.618984 -0.575485 0.534486
vn 0.644297 -0.579898 0.498598
vn 0.644297 -0.579898 0.498598
vn 0.688112 -0.479708 0.544410
vn 0.655315 -0.507011 0.559913
vn 0.805436 -0.191408 0.560925
vn 0.639816 -0.154104 0.752919
vn 0.650712 -0.152203 0.743914
vn 0.650712 -0.152203 0.743914
vn 0.807296 -0.213699 0.550097
vn 0.805436 -0.191408 0.560925
vn -0.725494 -0.202398 0.657794
vn -0.707592 -0.267597 0.653992
vn -0.695499 -0.006400 0.718499
vn -0.695499 -0.006400 0.718499
vn -0.693186 0.010300 0.720685
vn -0.725494 -0.202398 0.657794
vn 0.693186 0.010300 0.720685
vn 0.675471 0.050298 0.735669
vn 0.676374 0.072597 0.732972
vn 0.676374 0.072597 0.732972
vn 0.695499 -0.006400 0.718499
vn 0.693186 0.010300 0.720685
vn 0.577003 0.227201 0.784504
vn 0.444315 0.254609 0.858929
vn 0.547410 0.074801 0.833515
vn 0.547410 0.074801 0.833515
vn 0.619722 0.096803 0.778828
vn 0.577003 0.227201 0.784504
vn 0.570295 0.037300 0.820593
vn 0.565490 -0.010800 0.824685
vn 0.563384 0.048399 0.824777
vn 0.563384 0.048399 0.824777
vn 0.569898 0.146799 0.808497
vn 0.570295 0.037300 0.820593
vn 0.559592 -0.031000 0.828188
vn 0.561722 -0.062902 0.824932
vn 0.565490 -0.010800 0.824685
vn 0.565490 -0.010800 0.824685
vn 0.570295 0.037300 0.820593
vn 0.559592 -0.031000 0.828188
vn 0.555086 -0.051799 0.830179
vn 0.558195 -0.085499 0.825293
vn 0.561722 -0.062902 0.824932
vn 0.561722 -0.062902 0.824932
vn 0.559592 -0.031000 0.828188
vn 0.555086 -0.051799 0.830179
vn -0.575687 -0.058399 0.815582
vn -0.536218 0.058802 0.842029
vn -0.524189 0.134697 0.840882
vn -0.524189 0.134697 0.840882
vn -0.564190 0.009900 0.825586
vn -0.575687 -0.058399 0.815582
vn 0.565490 -0.010800 0.824685
vn 0.576795 -0.098799 0.810893
vn 0.579314 -0.011700 0.815020
vn 0.579314 -0.011700 0.815020
vn 0.563384 0.048399 0.824777
vn 0.565490 -0.010800 0.824685
vn 0.382397 -0.335098 0.861094
vn 0.362486 -0.409985 0.836968
vn 0.399619 -0.139907 0.905942
vn 0.399619 -0.139907 0.905942
vn 0.420805 -0.101001 0.901511
vn 0.382397 -0.335098 0.861094
vn 0.558195 -0.085499 0.825293
vn 0.586073 -0.212990 0.781763
vn 0.583112 -0.195104 0.788616
vn 0.583112 -0.195104 0.788616
vn 0.561722 -0.062902 0.824932
vn 0.558195 -0.085499 0.825293
vn -0.582893 -0.385295 0.715391
vn -0.586073 -0.212990 0.781763
vn -0.583112 -0.195104 0.788616
vn -0.583112 -0.195104 0.788616
vn -0.582330 -0.352118 0.732738
vn -0.582893 -0.385295 0.715391
vn 0.576795 -0.098799 0.810893
vn 0.583112 -0.195104 0.788616
vn 0.582330 -0.352118 0.732738
vn 0.582330 -0.352118 0.732738
vn 0.603630 -0.179309 0.776839
vn 0.576795 -0.098799 0.810893
vn -0.587228 -0.524925 0.616130
vn -0.582893 -0.385295 0.715391
vn -0.582330 -0.352118 0.732738
vn -0.582330 -0.352118 0.732738
vn -0.609859 -0.467469 0.639957
vn -0.587228 -0.524925 0.616130
vn -0.372014 -0.295211 0.880032
vn -0.430908 -0.141603 0.891217
vn -0.492013 0.079802 0.866923
vn -0.492013 0.079802 0.866923
vn -0.453598 -0.004300 0.891196
vn -0.372014 -0.295211 0.880032
vn -0.592366 0.018599 0.805454
vn -0.640033 0.058203 0.766140
vn -0.624998 -0.006700 0.780598
vn -0.624998 -0.006700 0.780598
vn -0.579314 -0.011700 0.815020
vn -0.592366 0.018599 0.805454
vn -0.611567 0.348181 0.710462
vn -0.563810 0.448508 0.693512
vn -0.580507 0.296103 0.758509
vn -0.580507 0.296103 0.758509
vn -0.587395 0.216898 0.779694
vn -0.611567 0.348181 0.710462
vn 0.603630 -0.179309 0.776839
vn 0.582330 -0.352118 0.732738
vn 0.609796 -0.467497 0.639996
vn 0.609796 -0.467497 0.639996
vn 0.659220 -0.239107 0.712921
vn 0.603630 -0.179309 0.776839
vn -0.618984 -0.575485 0.534486
vn -0.587228 -0.524925 0.616130
vn -0.609859 -0.467469 0.639957
vn -0.609859 -0.467469 0.639957
vn -0.655315 -0.507011 0.559913
vn -0.618984 -0.575485 0.534486
vn 0.659220 -0.239107 0.712921
vn 0.609796 -0.467497 0.639996
vn 0.655315 -0.507011 0.559913
vn 0.655315 -0.507011 0.559913
vn 0.707592 -0.267597 0.653992
vn 0.659220 -0.239107 0.712921
vn -0.644297 -0.579898 0.498598
vn -0.618984 -0.575485 0.534486
vn -0.655315 -0.507011 0.559913
vn -0.655315 -0.507011 0.559913
vn -0.688112 -0.479708 0.544410
vn -0.644297 -0.579898 0.498598
vn 0.707592 -0.267597 0.653992
vn 0.655315 -0.507011 0.559913
vn 0.688112 -0.479708 0.544410
vn 0.688112 -0.479708 0.544410
vn 0.725447 -0.202413 0.657842
vn 0.707592 -0.267597 0.653992
vn -0.640033 0.058203 0.766140
vn -0.662440 0.092806 0.743344
vn -0.668593 0.007300 0.743593
vn -0.668593 0.007300 0.743593
vn -0.624998 -0.006700 0.780598
vn -0.640033 0.058203 0.766140
vn -0.662440 0.092806 0.743344
vn -0.676374 0.072597 0.732972
vn -0.695499 -0.006400 0.718499
vn -0.695499 -0.006400 0.718499
vn -0.668593 0.007300 0.743593
vn -0.662440 0.092806 0.743344
vn -0.430908 -0.141603 0.891217
vn -0.412511 -0.233106 0.880623
vn -0.455524 -0.081904 0.886448
vn -0.455524 -0.081904 0.886448
vn -0.472185 0.014999 0.881372
vn -0.430908 -0.141603 0.891217
vn -0.459915 0.274009 0.844628
vn -0.422006 0.315804 0.849811
vn -0.411807 0.220804 0.884116
vn -0.411807 0.220804 0.884116
vn -0.442007 0.089701 0.892515
vn -0.459915 0.274009 0.844628
vn -0.123201 0.342502 0.931404
vn -0.246292 0.077797 0.966068
vn -0.282503 0.171502 0.943811
vn -0.282503 0.171502 0.943811
vn -0.246885 0.402176 0.881647
vn -0.123201 0.342502 0.931404
vn -0.586226 0.236910 0.774734
vn -0.557425 0.158607 0.814936
vn -0.543190 0.150097 0.826085
vn -0.543190 0.150097 0.826085
vn -0.559772 0.177291 0.809459
vn -0.586226 0.236910 0.774734
vn 0.458777 -0.318884 0.829359
vn 0.332596 -0.023000 0.942789
vn 0.290398 0.004900 0.956893
vn 0.290398 0.004900 0.956893
vn 0.359398 -0.294499 0.885496
vn 0.458777 -0.318884 0.829359
vn -0.023899 0.465786 0.884574
vn 0.098504 0.362314 0.926836
vn 0.021399 0.314985 0.948855
vn 0.021399 0.314985 0.948855
vn -0.089499 0.393895 0.914788
vn -0.023899 0.465786 0.884574
vn -0.515923 0.150907 0.843238
vn -0.472185 0.014999 0.881372
vn -0.511099 0.093700 0.854399
vn -0.511099 0.093700 0.854399
vn -0.531694 0.173898 0.828891
vn -0.515923 0.150907 0.843238
vn -0.557425 0.158607 0.814936
vn -0.507082 -0.082197 0.857969
vn -0.501879 0.017399 0.864763
vn -0.501879 0.017399 0.864763
vn -0.543190 0.150097 0.826085
vn -0.557425 0.158607 0.814936
vn 0.680474 0.261890 0.684374
vn 0.672774 0.261290 0.692173
vn 0.647405 0.358802 0.672405
vn 0.647405 0.358802 0.672405
vn 0.645805 0.345602 0.680805
vn 0.680474 0.261890 0.684374
vn -0.578906 -0.133401 0.804408
vn -0.537429 -0.134307 0.832545
vn -0.587395 0.216898 0.779694
vn -0.587395 0.216898 0.779694
vn -0.580507 0.296103 0.758509
vn -0.578906 -0.133401 0.804408
vn -0.650077 -0.444384 0.616378
vn -0.717386 -0.458891 0.524190
vn -0.738598 -0.524198 0.423899
vn -0.738598 -0.524198 0.423899
vn -0.664246 -0.512535 0.544137
vn -0.650077 -0.444384 0.616378
vn -0.563810 0.448508 0.693512
vn -0.486413 0.511414 0.708419
vn -0.538492 0.351995 0.765589
vn -0.538492 0.351995 0.765589
vn -0.580507 0.296103 0.758509
vn -0.563810 0.448508 0.693512
vn -0.379505 0.369705 0.848112
vn -0.210804 0.448209 0.868718
vn -0.210796 0.325394 0.921783
vn -0.210796 0.325394 0.921783
vn -0.326608 0.305508 0.894423
vn -0.379505 0.369705 0.848112
vn -0.620096 -0.336498 0.708696
vn -0.497521 -0.339315 0.798334
vn -0.393104 -0.061901 0.917408
vn -0.393104 -0.061901 0.917408
vn -0.487787 -0.098597 0.867377
vn -0.620096 -0.336498 0.708696
vn -0.477908 -0.440608 0.759913
vn -0.460324 -0.318517 0.828643
vn -0.507082 -0.082197 0.857969
vn -0.507082 -0.082197 0.857969
vn -0.537429 -0.134307 0.832545
vn -0.477908 -0.440608 0.759913
vn 0.570710 -0.434607 0.696712
vn 0.520127 -0.136907 0.843044
vn 0.462676 -0.137793 0.875754
vn 0.462676 -0.137793 0.875754
vn 0.496897 -0.439997 0.747995
vn 0.570710 -0.434607 0.696712
vn -0.602318 -0.121704 0.788924
vn -0.560916 -0.515215 0.648018
vn -0.516092 -0.501193 0.694590
vn -0.516092 -0.501193 0.694590
vn -0.578906 -0.133401 0.804408
vn -0.602318 -0.121704 0.788924
vn -0.593314 -0.104803 0.798119
vn -0.593127 -0.523324 0.611828
vn -0.560916 -0.515215 0.648018
vn -0.560916 -0.515215 0.648018
vn -0.602318 -0.121704 0.788924
vn -0.593314 -0.104803 0.798119
vn -0.593314 -0.104803 0.798119
vn -0.602318 -0.121704 0.788924
vn -0.538492 0.351995 0.765589
vn -0.538492 0.351995 0.765589
vn -0.464703 0.408503 0.785606
vn -0.593314 -0.104803 0.798119
vn -0.464502 -0.146901 0.873303
vn -0.448091 -0.229295 0.864082
vn -0.527717 -0.036701 0.848627
vn -0.527717 -0.036701 0.848627
vn -0.531693 0.030500 0.846388
vn -0.464502 -0.146901 0.873303
vn -0.395109 -0.215005 0.893119
vn -0.392705 -0.137602 0.909312
vn -0.447488 -0.309091 0.839177
vn -0.447488 -0.309091 0.839177
vn -0.463296 -0.377897 0.801593
vn -0.395109 -0.215005 0.893119
vn -0.460324 -0.318517 0.828643
vn -0.477908 -0.440608 0.759913
vn -0.486104 -0.512004 0.708205
vn -0.486104 -0.512004 0.708205
vn -0.456901 -0.394601 0.797202
vn -0.460324 -0.318517 0.828643
vn -0.477908 -0.440608 0.759913
vn -0.516092 -0.501193 0.694590
vn -0.504415 -0.586918 0.633319
vn -0.504415 -0.586918 0.633319
vn -0.486104 -0.512004 0.708205
vn -0.477908 -0.440608 0.759913
vn -0.234106 -0.334309 0.912925
vn -0.240796 -0.435894 0.867187
vn -0.192491 -0.289387 0.937658
vn -0.192491 -0.289387 0.937658
vn -0.183095 -0.209694 0.960471
vn -0.234106 -0.334309 0.912925
vn -0.593127 -0.523324 0.611828
vn -0.592694 -0.603494 0.533394
vn -0.543598 -0.607098 0.579598
vn -0.543598 -0.607098 0.579598
vn -0.560916 -0.515215 0.648018
vn -0.593127 -0.523324 0.611828
vn -0.593314 -0.104803 0.798119
vn -0.567706 -0.069301 0.820309
vn -0.605419 -0.541917 0.582918
vn -0.605419 -0.541917 0.582918
vn -0.593127 -0.523324 0.611828
vn -0.593314 -0.104803 0.798119
vn 0.501019 0.359513 0.787230
vn 0.427391 0.441590 0.788883
vn 0.326702 0.403203 0.854806
vn 0.326702 0.403203 0.854806
vn 0.467220 0.392317 0.792334
vn 0.501019 0.359513 0.787230
vn -0.486413 0.511414 0.708419
vn -0.391220 0.571129 0.721636
vn -0.464703 0.408503 0.785606
vn -0.464703 0.408503 0.785606
vn -0.538492 0.351995 0.765589
vn -0.486413 0.511414 0.708419
vn -0.304311 0.269910 0.913534
vn -0.402010 0.182704 0.897222
vn -0.391691 0.192295 0.899778
vn -0.391691 0.192295 0.899778
vn -0.296783 0.284284 0.911648
vn -0.304311 0.269910 0.913534
vn -0.611514 -0.643914 0.459810
vn -0.616177 -0.616877 0.489682
vn -0.605419 -0.541917 0.582918
vn -0.605419 -0.541917 0.582918
vn -0.602616 -0.544714 0.583215
vn -0.611514 -0.643914 0.459810
vn -0.567706 -0.069301 0.820309
vn -0.525307 0.076001 0.847512
vn -0.602616 -0.544714 0.583215
vn -0.602616 -0.544714 0.583215
vn -0.605419 -0.541917 0.582918
vn -0.567706 -0.069301 0.820309
vn 0.378906 0.484108 0.788714
vn 0.567702 -0.069400 0.820303
vn 0.525307 0.076001 0.847512
vn 0.525307 0.076001 0.847512
vn 0.319586 0.582374 0.747466
vn 0.378906 0.484108 0.788714
vn 0.377210 -0.349809 0.857523
vn 0.470116 -0.094503 0.877531
vn 0.528612 0.015700 0.848719
vn 0.528612 0.015700 0.848719
vn 0.486590 -0.040699 0.872682
vn 0.377210 -0.349809 0.857523
vn -0.379505 0.369705 0.848112
vn -0.326608 0.305508 0.894423
vn -0.450081 0.247989 0.857863
vn -0.450081 0.247989 0.857863
vn -0.514301 0.231400 0.825802
vn -0.379505 0.369705 0.848112
vn 0.319586 0.582374 0.747466
vn 0.279713 0.679132 0.678632
vn 0.299808 0.639616 0.707818
vn 0.299808 0.639616 0.707818
vn 0.378906 0.484108 0.788714
vn 0.319586 0.582374 0.747466
vn 0.535802 0.166801 0.827704
vn 0.543190 0.150097 0.826085
vn 0.559772 0.177291 0.809459
vn 0.559772 0.177291 0.809459
vn 0.543102 0.171801 0.821903
vn 0.535802 0.166801 0.827704
vn 0.525927 0.117006 0.842443
vn 0.501879 0.017399 0.864763
vn 0.543190 0.150097 0.826085
vn 0.543190 0.150097 0.826085
vn 0.535802 0.166801 0.827704
vn 0.525927 0.117006 0.842443
vn 0.531693 0.030500 0.846388
vn 0.464502 -0.146901 0.873303
vn 0.501879 0.017399 0.864763
vn 0.501879 0.017399 0.864763
vn 0.525927 0.117006 0.842443
vn 0.531693 0.030500 0.846388
vn -0.282198 0.277998 0.918195
vn -0.275716 0.315019 0.908154
vn -0.352799 0.255299 0.900197
vn -0.352799 0.255299 0.900197
vn -0.370000 0.206900 0.905700
vn -0.282198 0.277998 0.918195
vn -0.278894 0.421491 0.862881
vn -0.233600 0.354001 0.905602
vn -0.323088 -0.002800 0.946365
vn -0.323088 -0.002800 0.946365
vn -0.306396 0.058799 0.950087
vn -0.278894 0.421491 0.862881
vn 0.797108 -0.271603 0.539306
vn 0.756907 -0.207802 0.619605
vn 0.746196 -0.234399 0.623096
vn 0.746196 -0.234399 0.623096
vn 0.778610 -0.284504 0.559307
vn 0.797108 -0.271603 0.539306
vn 0.464502 -0.146901 0.873303
vn 0.460324 -0.318517 0.828643
vn 0.507082 -0.082197 0.857969
vn 0.507082 -0.082197 0.857969
vn 0.501879 0.017399 0.864763
vn 0.464502 -0.146901 0.873303
vn 0.448011 -0.229306 0.864121
vn 0.456822 -0.394619 0.797239
vn 0.460324 -0.318517 0.828643
vn 0.460324 -0.318517 0.828643
vn 0.464502 -0.146901 0.873303
vn 0.448011 -0.229306 0.864121
vn 0.222388 -0.284085 0.932652
vn 0.217592 -0.012100 0.975965
vn 0.249796 0.098399 0.963286
vn 0.249796 0.098399 0.963286
vn 0.206991 -0.126294 0.970157
vn 0.222388 -0.284085 0.932652
vn -0.533000 0.175100 0.827799
vn -0.510899 0.054700 0.857899
vn -0.539878 0.132395 0.831266
vn -0.539878 0.132395 0.831266
vn -0.549800 0.222200 0.805200
vn -0.533000 0.175100 0.827799
vn 0.587382 0.216993 0.779677
vn 0.611567 0.348181 0.710462
vn 0.586226 0.236910 0.774734
vn 0.586226 0.236910 0.774734
vn 0.557425 0.158607 0.814936
vn 0.587382 0.216993 0.779677
vn 0.537384 -0.134296 0.832576
vn 0.587382 0.216993 0.779677
vn 0.557425 0.158607 0.814936
vn 0.557425 0.158607 0.814936
vn 0.507082 -0.082197 0.857969
vn 0.537384 -0.134296 0.832576
vn 0.474503 -0.057000 0.878406
vn 0.516095 -0.095499 0.851191
vn 0.496371 0.125093 0.859050
vn 0.496371 0.125093 0.859050
vn 0.495093 0.095399 0.863587
vn 0.474503 -0.057000 0.878406
vn 0.580379 0.296189 0.758573
vn 0.563917 0.448514 0.693421
vn 0.611567 0.348181 0.710462
vn 0.611567 0.348181 0.710462
vn 0.587382 0.216993 0.779677
vn 0.580379 0.296189 0.758573
vn -0.591793 -0.392295 0.704192
vn -0.612278 -0.371787 0.697775
vn -0.561017 -0.555417 0.613818
vn -0.561017 -0.555417 0.613818
vn -0.506317 -0.608220 0.611320
vn -0.591793 -0.392295 0.704192
vn 0.516092 -0.501193 0.694590
vn 0.578906 -0.133401 0.804408
vn 0.537384 -0.134296 0.832576
vn 0.537384 -0.134296 0.832576
vn 0.477986 -0.440587 0.759877
vn 0.516092 -0.501193 0.694590
vn 0.504490 -0.586888 0.633287
vn 0.543598 -0.607098 0.579598
vn 0.560916 -0.515215 0.648018
vn 0.560916 -0.515215 0.648018
vn 0.516092 -0.501193 0.694590
vn 0.504490 -0.586888 0.633287
vn 0.302594 0.276994 0.911982
vn 0.183804 0.365408 0.912520
vn 0.216989 0.437478 0.872656
vn 0.216989 0.437478 0.872656
vn 0.321083 0.306883 0.895951
vn 0.302594 0.276994 0.911982
vn -0.474006 0.270603 0.837910
vn -0.448495 0.251097 0.857790
vn -0.459412 0.192005 0.867223
vn -0.459412 0.192005 0.867223
vn -0.487387 0.137596 0.862277
vn -0.474006 0.270603 0.837910
vn 0.602318 -0.121704 0.788924
vn 0.538585 0.352090 0.765479
vn 0.580379 0.296189 0.758573
vn 0.580379 0.296189 0.758573
vn 0.578906 -0.133401 0.804408
vn 0.602318 -0.121704 0.788924
vn -0.501396 -0.491596 0.711994
vn -0.519715 -0.497114 0.694820
vn -0.518518 -0.567020 0.640022
vn -0.518518 -0.567020 0.640022
vn -0.502678 -0.561875 0.656971
vn -0.501396 -0.491596 0.711994
vn 0.520127 -0.136907 0.843044
vn 0.562884 -0.120697 0.817676
vn 0.391986 0.206192 0.896567
vn 0.391986 0.206192 0.896567
vn 0.395407 0.206403 0.895015
vn 0.520127 -0.136907 0.843044
vn -0.684100 0.195500 0.702700
vn -0.676834 0.252613 0.691435
vn -0.670820 0.112603 0.733022
vn -0.670820 0.112603 0.733022
vn -0.659023 0.111404 0.743826
vn -0.684100 0.195500 0.702700
vn 0.616177 -0.616877 0.489682
vn 0.605419 -0.541917 0.582918
vn 0.592995 -0.523395 0.611894
vn 0.592995 -0.523395 0.611894
vn 0.592662 -0.603461 0.533466
vn 0.616177 -0.616877 0.489682
vn 0.018200 0.303306 0.952719
vn -0.044101 0.256204 0.965616
vn -0.052703 0.276914 0.959448
vn -0.052703 0.276914 0.959448
vn 0.028901 0.332011 0.942833
vn 0.018200 0.303306 0.952719
vn 0.378906 0.484108 0.788714
vn 0.299808 0.639616 0.707818
vn 0.391220 0.571129 0.721636
vn 0.391220 0.571129 0.721636
vn 0.464703 0.408503 0.785606
vn 0.378906 0.484108 0.788714
vn 0.567702 -0.069400 0.820303
vn 0.378906 0.484108 0.788714
vn 0.464703 0.408503 0.785606
vn 0.464703 0.408503 0.785606
vn 0.593314 -0.104803 0.798119
vn 0.567702 -0.069400 0.820303
vn 0.487787 -0.098597 0.867377
vn 0.256092 0.158495 0.953570
vn 0.223296 0.250995 0.941881
vn 0.223296 0.250995 0.941881
vn 0.393106 -0.061801 0.917414
vn 0.487787 -0.098597 0.867377
vn -0.525307 0.076001 0.847512
vn -0.567706 -0.069301 0.820309
vn -0.378906 0.484108 0.788714
vn -0.378906 0.484108 0.788714
vn -0.319694 0.582289 0.747486
vn -0.525307 0.076001 0.847512
vn -0.299808 0.639616 0.707818
vn -0.279713 0.679132 0.678632
vn -0.319694 0.582289 0.747486
vn -0.319694 0.582289 0.747486
vn -0.378906 0.484108 0.788714
vn -0.299808 0.639616 0.707818
vn -0.463599 -0.081400 0.882298
vn -0.474520 -0.124205 0.871438
vn -0.504204 0.031600 0.863006
vn -0.504204 0.031600 0.863006
vn -0.484514 0.052201 0.873225
vn -0.463599 -0.081400 0.882298
vn -0.330306 -0.426707 0.841914
vn -0.397885 -0.272390 0.876066
vn -0.451308 -0.039001 0.891516
vn -0.451308 -0.039001 0.891516
vn -0.397086 -0.132495 0.908167
vn -0.330306 -0.426707 0.841914
vn -0.249796 0.098399 0.963286
vn -0.290302 0.188901 0.938105
vn -0.353801 0.338801 0.871802
vn -0.353801 0.338801 0.871802
vn -0.273792 0.312591 0.909574
vn -0.249796 0.098399 0.963286
vn -0.363488 0.224793 0.904071
vn -0.260306 0.198404 0.944921
vn -0.347105 0.100602 0.932415
vn -0.347105 0.100602 0.932415
vn -0.385513 0.116404 0.915331
vn -0.363488 0.224793 0.904071
vn -0.207107 -0.126304 0.970131
vn -0.222388 -0.284085 0.932652
vn -0.234400 -0.354500 0.905200
vn -0.234400 -0.354500 0.905200
vn -0.202303 -0.190003 0.960715
vn -0.207107 -0.126304 0.970131
vn 0.423208 0.110102 0.899318
vn 0.459719 0.118405 0.880136
vn 0.458189 0.051199 0.887379
vn 0.458189 0.051199 0.887379
vn 0.442924 -0.060003 0.894549
vn 0.423208 0.110102 0.899318
vn -0.423208 0.110102 0.899318
vn -0.442885 -0.059998 0.894569
vn -0.458189 0.051199 0.887379
vn -0.458189 0.051199 0.887379
vn -0.459719 0.118405 0.880136
vn -0.423208 0.110102 0.899318
vn 0.664265 -0.512473 0.544172
vn 0.650077 -0.444384 0.616378
vn 0.545901 -0.401101 0.735602
vn 0.545901 -0.401101 0.735602
vn 0.562302 -0.462201 0.685702
vn 0.664265 -0.512473 0.544172
vn -0.413396 0.517795 0.748994
vn -0.239694 0.515986 0.822378
vn -0.278894 0.421491 0.862881
vn -0.278894 0.421491 0.862881
vn -0.368694 0.426393 0.825987
vn -0.413396 0.517795 0.748994
vn -0.597065 -0.160591 0.785954
vn -0.531615 -0.183705 0.826824
vn -0.347105 0.100602 0.932415
vn -0.347105 0.100602 0.932415
vn -0.325100 0.038400 0.944900
vn -0.597065 -0.160591 0.785954
vn -0.369391 -0.133197 0.919679
vn -0.361799 -0.029200 0.931799
vn -0.383606 0.267804 0.883814
vn -0.383606 0.267804 0.883814
vn -0.329307 0.254706 0.909220
vn -0.369391 -0.133197 0.919679
vn 0.458189 0.051199 0.887379
vn 0.485598 0.131099 0.864296
vn 0.521800 0.119900 0.844600
vn 0.521800 0.119900 0.844600
vn 0.487785 -0.022499 0.872674
vn 0.458189 0.051199 0.887379
vn 0.300113 0.123005 0.945940
vn 0.368694 0.426393 0.825987
vn 0.417490 0.331692 0.845980
vn 0.417490 0.331692 0.845980
vn 0.324910 0.192106 0.926029
vn 0.300113 0.123005 0.945940
vn -0.740261 -0.334382 0.583269
vn -0.787863 -0.259788 0.558374
vn -0.809425 -0.305309 0.501615
vn -0.809425 -0.305309 0.501615
vn -0.759569 -0.386984 0.522779
vn -0.740261 -0.334382 0.583269
vn -0.519191 -0.379893 0.765586
vn -0.492682 -0.211692 0.844068
vn -0.442885 -0.059998 0.894569
vn -0.442885 -0.059998 0.894569
vn -0.455078 -0.156692 0.876557
vn -0.519191 -0.379893 0.765586
vn -0.348794 -0.364094 0.863585
vn -0.348203 -0.260803 0.900409
vn -0.404487 -0.393888 0.825374
vn -0.404487 -0.393888 0.825374
vn -0.413081 -0.494777 0.764565
vn -0.348794 -0.364094 0.863585
vn -0.330998 0.247499 0.910596
vn -0.311285 0.062597 0.948253
vn -0.344394 0.174397 0.922485
vn -0.344394 0.174397 0.922485
vn -0.370281 0.266886 0.889755
vn -0.330998 0.247499 0.910596
vn 0.552621 0.095604 0.827931
vn 0.504122 -0.076503 0.860237
vn 0.487785 -0.022499 0.872674
vn 0.487785 -0.022499 0.872674
vn 0.521800 0.119900 0.844600
vn 0.552621 0.095604 0.827931
vn 0.504122 -0.076503 0.860237
vn 0.536992 -0.254796 0.804188
vn 0.492682 -0.211692 0.844068
vn 0.492682 -0.211692 0.844068
vn 0.487785 -0.022499 0.872674
vn 0.504122 -0.076503 0.860237
vn -0.525796 0.446996 0.723694
vn -0.538885 0.358090 0.762479
vn -0.501019 0.359513 0.787230
vn -0.501019 0.359513 0.787230
vn -0.427391 0.441590 0.788883
vn -0.525796 0.446996 0.723694
vn -0.519191 -0.379893 0.765586
vn -0.636612 -0.408808 0.653912
vn -0.666692 -0.451795 0.592793
vn -0.666692 -0.451795 0.592793
vn -0.569593 -0.410995 0.711791
vn -0.519191 -0.379893 0.765586
vn -0.636612 -0.408808 0.653912
vn -0.740261 -0.334382 0.583269
vn -0.759569 -0.386984 0.522779
vn -0.759569 -0.386984 0.522779
vn -0.666692 -0.451795 0.592793
vn -0.636612 -0.408808 0.653912
vn 0.487785 -0.022499 0.872674
vn 0.492682 -0.211692 0.844068
vn 0.442924 -0.060003 0.894549
vn 0.442924 -0.060003 0.894549
vn 0.458189 0.051199 0.887379
vn 0.487785 -0.022499 0.872674
vn -0.787863 -0.259788 0.558374
vn -0.740261 -0.334382 0.583269
vn -0.597065 -0.160591 0.785954
vn -0.597065 -0.160591 0.785954
vn -0.630942 -0.150710 0.761051
vn -0.787863 -0.259788 0.558374
vn -0.630942 -0.150710 0.761051
vn -0.597065 -0.160591 0.785954
vn -0.325100 0.038400 0.944900
vn -0.325100 0.038400 0.944900
vn -0.343089 -0.048099 0.938071
vn -0.630942 -0.150710 0.761051
vn 0.402722 -0.078504 0.911950
vn 0.401318 -0.189409 0.896141
vn 0.384217 -0.132806 0.913641
vn 0.384217 -0.132806 0.913641
vn 0.391202 -0.013500 0.920206
vn 0.402722 -0.078504 0.911950
vn 0.480284 -0.208093 0.852071
vn 0.536218 0.058802 0.842029
vn 0.526406 0.152702 0.836409
vn 0.526406 0.152702 0.836409
vn 0.478279 -0.036198 0.877462
vn 0.480284 -0.208093 0.852071
vn -0.807278 -0.213794 0.550085
vn -0.787863 -0.259788 0.558374
vn -0.630942 -0.150710 0.761051
vn -0.630942 -0.150710 0.761051
vn -0.650664 -0.152192 0.743959
vn -0.807278 -0.213794 0.550085
vn 0.448102 0.115400 0.886503
vn 0.376611 -0.082102 0.922726
vn 0.397592 0.070099 0.914881
vn 0.397592 0.070099 0.914881
vn 0.431104 0.166501 0.886807
vn 0.448102 0.115400 0.886503
vn 0.306499 -0.099100 0.946698
vn 0.335787 -0.220091 0.915864
vn 0.246196 0.077899 0.966085
vn 0.246196 0.077899 0.966085
vn 0.282411 0.171507 0.943838
vn 0.306499 -0.099100 0.946698
vn -0.281898 -0.146499 0.948194
vn -0.335915 -0.201709 0.920041
vn -0.417604 -0.151502 0.895909
vn -0.417604 -0.151502 0.895909
vn -0.386607 -0.111202 0.915516
vn -0.281898 -0.146499 0.948194
vn 0.215403 0.216103 0.952314
vn 0.123794 0.201591 0.971615
vn 0.117194 0.189821 0.974799
vn 0.117194 0.189821 0.974799
vn 0.345114 0.215709 0.913437
vn 0.215403 0.216103 0.952314
vn -0.805436 -0.191408 0.560925
vn -0.807278 -0.213794 0.550085
vn -0.650664 -0.152192 0.743959
vn -0.650664 -0.152192 0.743959
vn -0.639816 -0.154104 0.752919
vn -0.805436 -0.191408 0.560925
vn -0.639816 -0.154104 0.752919
vn -0.650664 -0.152192 0.743959
vn -0.386607 -0.111202 0.915516
vn -0.386607 -0.111202 0.915516
vn -0.417604 -0.151502 0.895909
vn -0.639816 -0.154104 0.752919
vn 0.473181 0.129695 0.871366
vn 0.459719 0.118405 0.880136
vn 0.468673 0.132692 0.873349
vn 0.468673 0.132692 0.873349
vn 0.473778 0.116094 0.872959
vn 0.473181 0.129695 0.871366
vn 0.485598 0.131099 0.864296
vn 0.458189 0.051199 0.887379
vn 0.459719 0.118405 0.880136
vn 0.459719 0.118405 0.880136
vn 0.473181 0.129695 0.871366
vn 0.485598 0.131099 0.864296
vn -0.521800 0.119900 0.844600
vn -0.485598 0.131099 0.864296
vn -0.458189 0.051199 0.887379
vn -0.458189 0.051199 0.887379
vn -0.487785 -0.022499 0.872674
vn -0.521800 0.119900 0.844600
vn -0.487785 -0.022499 0.872674
vn -0.504197 -0.076500 0.860194
vn -0.552621 0.095604 0.827931
vn -0.552621 0.095604 0.827931
vn -0.521800 0.119900 0.844600
vn -0.487785 -0.022499 0.872674
vn 0.459719 0.118405 0.880136
vn 0.423208 0.110102 0.899318
vn 0.427497 0.174099 0.887094
vn 0.427497 0.174099 0.887094
vn 0.468673 0.132692 0.873349
vn 0.459719 0.118405 0.880136
vn 0.391202 -0.013500 0.920206
vn 0.384217 -0.132806 0.913641
vn 0.356311 0.058602 0.932528
vn 0.356311 0.058602 0.932528
vn 0.389713 0.105003 0.914931
vn 0.391202 -0.013500 0.920206
vn 0.348203 -0.260803 0.900409
vn 0.379585 -0.057598 0.923362
vn 0.377407 -0.138603 0.915617
vn 0.377407 -0.138603 0.915617
vn 0.348811 -0.364212 0.863528
vn 0.348203 -0.260803 0.900409
vn -0.492682 -0.211692 0.844068
vn -0.536992 -0.254796 0.804188
vn -0.504197 -0.076500 0.860194
vn -0.504197 -0.076500 0.860194
vn -0.487785 -0.022499 0.872674
vn -0.492682 -0.211692 0.844068
vn 0.569610 -0.411107 0.711713
vn 0.519191 -0.379893 0.765586
vn 0.492682 -0.211692 0.844068
vn 0.492682 -0.211692 0.844068
vn 0.536992 -0.254796 0.804188
vn 0.569610 -0.411107 0.711713
vn -0.360988 0.332789 0.871171
vn -0.347203 0.261102 0.900708
vn -0.419200 0.205200 0.884400
vn -0.419200 0.205200 0.884400
vn -0.446778 0.216089 0.868156
vn -0.360988 0.332789 0.871171
vn 0.385513 0.116404 0.915331
vn 0.363497 0.224698 0.904091
vn 0.427497 0.174099 0.887094
vn 0.427497 0.174099 0.887094
vn 0.423208 0.110102 0.899318
vn 0.385513 0.116404 0.915331
vn 0.455078 -0.156692 0.876557
vn 0.385513 0.116404 0.915331
vn 0.423208 0.110102 0.899318
vn 0.423208 0.110102 0.899318
vn 0.442924 -0.060003 0.894549
vn 0.455078 -0.156692 0.876557
vn 0.479832 0.035102 0.876658
vn 0.495093 0.095399 0.863587
vn 0.518020 0.133205 0.844933
vn 0.518020 0.133205 0.844933
vn 0.505696 0.023400 0.862394
vn 0.479832 0.035102 0.876658
vn 0.532487 0.285093 0.796981
vn 0.598806 0.177802 0.780908
vn 0.627630 0.172608 0.759136
vn 0.627630 0.172608 0.759136
vn 0.552592 0.238197 0.798689
vn 0.532487 0.285093 0.796981
vn 0.531615 -0.183705 0.826824
vn 0.346985 0.100596 0.932460
vn 0.385513 0.116404 0.915331
vn 0.385513 0.116404 0.915331
vn 0.455078 -0.156692 0.876557
vn 0.531615 -0.183705 0.826824
vn 0.636612 -0.408808 0.653912
vn 0.531615 -0.183705 0.826824
vn 0.455078 -0.156692 0.876557
vn 0.455078 -0.156692 0.876557
vn 0.519191 -0.379893 0.765586
vn 0.636612 -0.408808 0.653912
vn 0.246305 -0.438708 0.864216
vn 0.277406 -0.336707 0.899819
vn 0.254690 -0.313887 0.914663
vn 0.254690 -0.313887 0.914663
vn 0.225904 -0.420507 0.878716
vn 0.246305 -0.438708 0.864216
vn 0.325100 0.038400 0.944900
vn 0.193804 0.076902 0.978022
vn 0.260213 0.198410 0.944946
vn 0.260213 0.198410 0.944946
vn 0.346985 0.100596 0.932460
vn 0.325100 0.038400 0.944900
vn 0.527717 -0.036701 0.848627
vn 0.448011 -0.229306 0.864121
vn 0.464502 -0.146901 0.873303
vn 0.464502 -0.146901 0.873303
vn 0.531693 0.030500 0.846388
vn 0.527717 -0.036701 0.848627
vn 0.740261 -0.334382 0.583269
vn 0.597112 -0.160603 0.785916
vn 0.531615 -0.183705 0.826824
vn 0.531615 -0.183705 0.826824
vn 0.636612 -0.408808 0.653912
vn 0.740261 -0.334382 0.583269
vn 0.343210 -0.048101 0.938026
vn 0.215099 -0.060800 0.974698
vn 0.193804 0.076902 0.978022
vn 0.193804 0.076902 0.978022
vn 0.325100 0.038400 0.944900
vn 0.343210 -0.048101 0.938026
vn -0.584817 -0.098003 0.805223
vn -0.575321 -0.067602 0.815129
vn -0.711987 -0.407592 0.571789
vn -0.711987 -0.407592 0.571789
vn -0.695817 -0.443011 0.565314
vn -0.584817 -0.098003 0.805223
vn -0.528306 -0.033100 0.848409
vn -0.532111 -0.144703 0.834218
vn -0.589982 -0.015100 0.807275
vn -0.589982 -0.015100 0.807275
vn -0.584212 0.088002 0.806816
vn -0.528306 -0.033100 0.848409
vn 0.833052 -0.246115 0.495431
vn 0.807296 -0.213699 0.550097
vn 0.787863 -0.259788 0.558374
vn 0.787863 -0.259788 0.558374
vn 0.809409 -0.305203 0.501705
vn 0.833052 -0.246115 0.495431
vn 0.842714 -0.214904 0.493608
vn 0.805436 -0.191408 0.560925
vn 0.807296 -0.213699 0.550097
vn 0.807296 -0.213699 0.550097
vn 0.833052 -0.246115 0.495431
vn 0.842714 -0.214904 0.493608
vn 0.386607 -0.111202 0.915516
vn 0.281898 -0.146499 0.948194
vn 0.215099 -0.060800 0.974698
vn 0.215099 -0.060800 0.974698
vn 0.343210 -0.048101 0.938026
vn 0.386607 -0.111202 0.915516
vn 0.650712 -0.152203 0.743914
vn 0.386607 -0.111202 0.915516
vn 0.343210 -0.048101 0.938026
vn 0.343210 -0.048101 0.938026
vn 0.630942 -0.150710 0.761051
vn 0.650712 -0.152203 0.743914
vn -0.295596 0.094899 0.950588
vn -0.240509 -0.076403 0.967635
vn -0.217900 -0.161000 0.962600
vn -0.217900 -0.161000 0.962600
vn -0.304598 0.036200 0.951793
vn -0.295596 0.094899 0.950588
vn -0.327913 0.185907 0.926235
vn -0.314603 0.117601 0.941910
vn -0.364915 0.222609 0.904037
vn -0.364915 0.222609 0.904037
vn -0.369983 0.260188 0.891860
vn -0.327913 0.185907 0.926235
vn 0.240796 -0.435894 0.867187
vn 0.262706 -0.503612 0.823019
vn 0.257097 -0.412996 0.873691
vn 0.257097 -0.412996 0.873691
vn 0.234106 -0.334309 0.912925
vn 0.240796 -0.435894 0.867187
vn 0.532183 -0.144695 0.834173
vn 0.454977 -0.303585 0.837157
vn 0.467215 -0.205507 0.859928
vn 0.467215 -0.205507 0.859928
vn 0.528306 -0.033100 0.848409
vn 0.532183 -0.144695 0.834173
vn -0.446778 0.216089 0.868156
vn -0.419200 0.205200 0.884400
vn -0.432097 0.151599 0.888994
vn -0.432097 0.151599 0.888994
vn -0.458599 0.129900 0.879098
vn -0.446778 0.216089 0.868156
vn 0.809409 -0.305203 0.501705
vn 0.787863 -0.259788 0.558374
vn 0.740261 -0.334382 0.583269
vn 0.740261 -0.334382 0.583269
vn 0.759599 -0.386899 0.522799
vn 0.809409 -0.305203 0.501705
vn -0.360988 0.332789 0.871171
vn -0.259905 0.403007 0.877516
vn -0.269311 0.289412 0.918538
vn -0.269311 0.289412 0.918538
vn -0.347203 0.261102 0.900708
vn -0.360988 0.332789 0.871171
vn -0.259905 0.403007 0.877516
vn -0.157899 0.343198 0.925896
vn -0.223206 0.250907 0.941926
vn -0.223206 0.250907 0.941926
vn -0.269311 0.289412 0.918538
vn -0.259905 0.403007 0.877516
vn -0.479909 0.035101 0.876616
vn -0.453196 -0.014600 0.891291
vn -0.449494 0.018700 0.893088
vn -0.449494 0.018700 0.893088
vn -0.463899 -0.045900 0.884698
vn -0.479909 0.035101 0.876616
vn -0.347203 0.261102 0.900708
vn -0.356311 0.058602 0.932528
vn -0.389713 0.105003 0.914931
vn -0.389713 0.105003 0.914931
vn -0.419200 0.205200 0.884400
vn -0.347203 0.261102 0.900708
vn -0.335094 -0.000900 0.942184
vn -0.356311 0.058602 0.932528
vn -0.347203 0.261102 0.900708
vn -0.347203 0.261102 0.900708
vn -0.269311 0.289412 0.918538
vn -0.335094 -0.000900 0.942184
vn 0.562302 -0.462201 0.685702
vn 0.545901 -0.401101 0.735602
vn 0.447488 -0.309091 0.839177
vn 0.447488 -0.309091 0.839177
vn 0.463296 -0.377897 0.801593
vn 0.562302 -0.462201 0.685702
vn -0.487787 -0.098597 0.867377
vn -0.393104 -0.061901 0.917408
vn -0.223206 0.250907 0.941926
vn -0.223206 0.250907 0.941926
vn -0.256092 0.158495 0.953570
vn -0.487787 -0.098597 0.867377
vn -0.396116 0.096304 0.913136
vn -0.355898 -0.105999 0.928494
vn -0.446311 0.131103 0.885222
vn -0.446311 0.131103 0.885222
vn -0.435315 0.181806 0.881730
vn -0.396116 0.096304 0.913136
vn 0.324910 0.192106 0.926029
vn 0.417490 0.331692 0.845980
vn 0.361682 0.266987 0.893255
vn 0.361682 0.266987 0.893255
vn 0.371197 0.230098 0.899593
vn 0.324910 0.192106 0.926029
vn -0.356311 0.058602 0.932528
vn -0.384217 -0.132806 0.913641
vn -0.391202 -0.013500 0.920206
vn -0.391202 -0.013500 0.920206
vn -0.389713 0.105003 0.914931
vn -0.356311 0.058602 0.932528
vn -0.393805 -0.255703 0.882912
vn -0.384217 -0.132806 0.913641
vn -0.356311 0.058602 0.932528
vn -0.356311 0.058602 0.932528
vn -0.335094 -0.000900 0.942184
vn -0.393805 -0.255703 0.882912
vn 0.388894 -0.372795 0.842488
vn 0.359398 -0.294499 0.885496
vn 0.317008 -0.185405 0.930124
vn 0.317008 -0.185405 0.930124
vn 0.327202 -0.274502 0.904206
vn 0.388894 -0.372795 0.842488
vn 0.477710 -0.203104 0.854718
vn 0.463599 -0.081400 0.882298
vn 0.474520 -0.124205 0.871438
vn 0.474520 -0.124205 0.871438
vn 0.494916 -0.263809 0.827927
vn 0.477710 -0.203104 0.854718
vn 0.384491 -0.077398 0.919878
vn 0.390520 0.225911 0.892445
vn 0.396197 0.174699 0.901393
vn 0.396197 0.174699 0.901393
vn 0.383606 -0.162903 0.909015
vn 0.384491 -0.077398 0.919878
vn -0.384217 -0.132806 0.913641
vn -0.401318 -0.189409 0.896141
vn -0.402806 -0.078501 0.911913
vn -0.402806 -0.078501 0.911913
vn -0.391202 -0.013500 0.920206
vn -0.384217 -0.132806 0.913641
vn -0.493596 0.218898 0.841693
vn -0.468526 0.151008 0.870448
vn -0.460181 0.068697 0.885163
vn -0.460181 0.068697 0.885163
vn -0.496917 0.048702 0.866430
vn -0.493596 0.218898 0.841693
vn -0.393805 -0.255703 0.882912
vn -0.497521 -0.339315 0.798334
vn -0.521399 -0.403100 0.752099
vn -0.521399 -0.403100 0.752099
vn -0.416680 -0.309185 0.854858
vn -0.393805 -0.255703 0.882912
vn 0.477986 -0.440587 0.759877
vn 0.537384 -0.134296 0.832576
vn 0.507082 -0.082197 0.857969
vn 0.507082 -0.082197 0.857969
vn 0.460324 -0.318517 0.828643
vn 0.477986 -0.440587 0.759877
vn 0.540587 0.245794 0.804581
vn 0.509805 0.205002 0.835508
vn 0.496213 0.271307 0.824721
vn 0.496213 0.271307 0.824721
vn 0.530906 0.300904 0.792209
vn 0.540587 0.245794 0.804581
vn -0.353801 0.338801 0.871802
vn -0.290302 0.188901 0.938105
vn -0.296210 0.258309 0.919531
vn -0.296210 0.258309 0.919531
vn -0.375701 0.316001 0.871202
vn -0.353801 0.338801 0.871802
vn -0.568025 -0.082804 0.818835
vn -0.487787 -0.098597 0.867377
vn -0.256092 0.158495 0.953570
vn -0.256092 0.158495 0.953570
vn -0.341009 0.137003 0.930023
vn -0.568025 -0.082804 0.818835
vn -0.144607 0.202509 0.968545
vn -0.238291 0.187793 0.952865
vn -0.341009 0.137003 0.930023
vn -0.341009 0.137003 0.930023
vn -0.256092 0.158495 0.953570
vn -0.144607 0.202509 0.968545
vn 0.694662 -0.054597 0.717261
vn 0.655418 -0.089702 0.749921
vn 0.725408 -0.326404 0.606007
vn 0.725408 -0.326404 0.606007
vn 0.777619 -0.292007 0.556813
vn 0.694662 -0.054597 0.717261
vn -0.499409 0.155403 0.852315
vn -0.602916 -0.120703 0.788621
vn -0.561804 -0.120101 0.818506
vn -0.561804 -0.120101 0.818506
vn -0.494904 0.138701 0.857807
vn -0.499409 0.155403 0.852315
vn -0.595571 -0.019699 0.803061
vn -0.568025 -0.082804 0.818835
vn -0.341009 0.137003 0.930023
vn -0.341009 0.137003 0.930023
vn -0.370000 0.206900 0.905700
vn -0.595571 -0.019699 0.803061
vn -0.238291 0.187793 0.952865
vn -0.282198 0.277998 0.918195
vn -0.370000 0.206900 0.905700
vn -0.370000 0.206900 0.905700
vn -0.341009 0.137003 0.930023
vn -0.238291 0.187793 0.952865
vn 0.395981 0.236589 0.887257
vn 0.352386 -0.052798 0.934364
vn 0.363591 -0.166396 0.916577
vn 0.363591 -0.166396 0.916577
vn 0.358207 0.210004 0.909718
vn 0.395981 0.236589 0.887257
vn -0.746178 -0.234493 0.623082
vn -0.756907 -0.207802 0.619605
vn -0.797108 -0.271603 0.539306
vn -0.797108 -0.271603 0.539306
vn -0.778610 -0.284504 0.559307
vn -0.746178 -0.234493 0.623082
vn 0.398897 0.134399 0.907093
vn 0.408314 0.150605 0.900332
vn 0.380517 0.261812 0.886939
vn 0.380517 0.261812 0.886939
vn 0.380191 0.235294 0.894478
vn 0.398897 0.134399 0.907093
vn 0.305598 0.266198 0.914193
vn 0.286301 0.247200 0.925702
vn 0.338686 0.299488 0.891964
vn 0.338686 0.299488 0.891964
vn 0.339900 0.274200 0.899601
vn 0.305598 0.266198 0.914193
vn -0.257793 -0.412589 0.873678
vn -0.222388 -0.284085 0.932652
vn -0.217592 -0.012100 0.975965
vn -0.217592 -0.012100 0.975965
vn -0.217306 -0.074902 0.973226
vn -0.257793 -0.412589 0.873678
vn 0.407898 0.127399 0.904095
vn 0.389713 0.105003 0.914931
vn 0.419200 0.205200 0.884400
vn 0.419200 0.205200 0.884400
vn 0.432097 0.151599 0.888994
vn 0.407898 0.127399 0.904095
vn -0.454570 0.276082 0.846844
vn -0.302395 0.311095 0.900986
vn -0.328992 0.466289 0.821181
vn -0.328992 0.466289 0.821181
vn -0.396980 0.498175 0.770862
vn -0.454570 0.276082 0.846844
vn 0.424292 0.021000 0.905282
vn 0.402722 -0.078504 0.911950
vn 0.391202 -0.013500 0.920206
vn 0.391202 -0.013500 0.920206
vn 0.416890 0.072298 0.906077
vn 0.424292 0.021000 0.905282
vn 0.419200 0.205200 0.884400
vn 0.347203 0.261102 0.900708
vn 0.360988 0.332789 0.871171
vn 0.360988 0.332789 0.871171
vn 0.446816 0.216108 0.868132
vn 0.419200 0.205200 0.884400
vn -0.316495 0.354694 0.879786
vn -0.304504 0.315304 0.898811
vn -0.338686 0.299488 0.891964
vn -0.338686 0.299488 0.891964
vn -0.356797 0.301497 0.884192
vn -0.316495 0.354694 0.879786
vn 0.514882 0.088597 0.852670
vn 0.489285 -0.042799 0.871073
vn 0.509589 0.099198 0.854681
vn 0.509589 0.099198 0.854681
vn 0.516428 0.165709 0.840145
vn 0.514882 0.088597 0.852670
vn 0.216189 -0.000300 0.976351
vn -0.021399 0.314985 0.948855
vn 0.089598 0.393891 0.914780
vn 0.089598 0.393891 0.914780
vn 0.236900 0.040200 0.970702
vn 0.216189 -0.000300 0.976351
vn 0.416715 -0.309211 0.854831
vn 0.393805 -0.255703 0.882912
vn 0.384217 -0.132806 0.913641
vn 0.384217 -0.132806 0.913641
vn 0.401318 -0.189409 0.896141
vn 0.416715 -0.309211 0.854831
vn -0.368297 0.427496 0.825593
vn -0.403116 0.431317 0.807132
vn -0.359398 0.294199 0.885596
vn -0.359398 0.294199 0.885596
vn -0.268708 0.294408 0.917126
vn -0.368297 0.427496 0.825593
vn -0.311285 0.062597 0.948253
vn -0.304605 -0.026300 0.952116
vn -0.338296 0.115798 0.933888
vn -0.338296 0.115798 0.933888
vn -0.344394 0.174397 0.922485
vn -0.311285 0.062597 0.948253
vn 0.488926 0.295516 0.820744
vn 0.404101 0.368501 0.837203
vn 0.391604 0.379103 0.838408
vn 0.391604 0.379103 0.838408
vn 0.483796 0.286398 0.826993
vn 0.488926 0.295516 0.820744
vn 0.441109 0.386808 0.809816
vn 0.445981 0.308587 0.840164
vn 0.522886 0.283493 0.803879
vn 0.522886 0.283493 0.803879
vn 0.470092 0.380293 0.796486
vn 0.441109 0.386808 0.809816
vn 0.561917 -0.691921 0.453314
vn 0.653979 -0.347889 0.671778
vn 0.641376 -0.351687 0.681875
vn 0.641376 -0.351687 0.681875
vn 0.540287 -0.691783 0.479088
vn 0.561917 -0.691921 0.453314
vn 0.393106 -0.061801 0.917414
vn 0.223296 0.250995 0.941881
vn 0.269286 0.289385 0.918554
vn 0.269286 0.289385 0.918554
vn 0.335094 -0.000900 0.942184
vn 0.393106 -0.061801 0.917414
vn 0.497505 -0.339403 0.798307
vn 0.393106 -0.061801 0.917414
vn 0.335094 -0.000900 0.942184
vn 0.335094 -0.000900 0.942184
vn 0.393805 -0.255703 0.882912
vn 0.497505 -0.339403 0.798307
vn 0.646172 -0.395083 0.652971
vn 0.620096 -0.336498 0.708696
vn 0.497505 -0.339403 0.798307
vn 0.497505 -0.339403 0.798307
vn 0.521399 -0.403100 0.752099
vn 0.646172 -0.395083 0.652971
vn 0.729115 -0.335507 0.596512
vn 0.702424 -0.286110 0.651722
vn 0.620096 -0.336498 0.708696
vn 0.620096 -0.336498 0.708696
vn 0.646172 -0.395083 0.652971
vn 0.729115 -0.335507 0.596512
vn 0.256092 0.158495 0.953570
vn 0.144607 0.202509 0.968545
vn 0.157899 0.343198 0.925896
vn 0.157899 0.343198 0.925896
vn 0.223296 0.250995 0.941881
vn 0.256092 0.158495 0.953570
vn -0.233909 -0.046702 0.971136
vn -0.234106 -0.334309 0.912925
vn -0.183095 -0.209694 0.960471
vn -0.183095 -0.209694 0.960471
vn -0.205596 0.010400 0.978582
vn -0.233909 -0.046702 0.971136
vn 0.620096 -0.336498 0.708696
vn 0.487787 -0.098597 0.867377
vn 0.393106 -0.061801 0.917414
vn 0.393106 -0.061801 0.917414
vn 0.497505 -0.339403 0.798307
vn 0.620096 -0.336498 0.708696
vn 0.273792 0.312591 0.909574
vn 0.252703 0.373105 0.892712
vn 0.360705 0.374906 0.854013
vn 0.360705 0.374906 0.854013
vn 0.353888 0.338789 0.871771
vn 0.273792 0.312591 0.909574
vn 0.702424 -0.286110 0.651722
vn 0.568025 -0.082804 0.818835
vn 0.487787 -0.098597 0.867377
vn 0.487787 -0.098597 0.867377
vn 0.620096 -0.336498 0.708696
vn 0.702424 -0.286110 0.651722
vn 0.778610 -0.284504 0.559307
vn 0.746196 -0.234399 0.623096
vn 0.702424 -0.286110 0.651722
vn 0.702424 -0.286110 0.651722
vn 0.729115 -0.335507 0.596512
vn 0.778610 -0.284504 0.559307
vn -0.265802 0.531904 0.804007
vn -0.023899 0.465786 0.884574
vn -0.089499 0.393895 0.914788
vn -0.089499 0.393895 0.914788
vn -0.264698 0.451897 0.851894
vn -0.265802 0.531904 0.804007
vn -0.427497 0.174099 0.887094
vn -0.363488 0.224793 0.904071
vn -0.385513 0.116404 0.915331
vn -0.385513 0.116404 0.915331
vn -0.423208 0.110102 0.899318
vn -0.427497 0.174099 0.887094
vn -0.651807 -0.089301 0.753109
vn -0.582100 -0.128500 0.802900
vn -0.432825 0.229213 0.871851
vn -0.432825 0.229213 0.871851
vn -0.454903 0.262401 0.851005
vn -0.651807 -0.089301 0.753109
vn 0.746196 -0.234399 0.623096
vn 0.595571 -0.019699 0.803061
vn 0.568025 -0.082804 0.818835
vn 0.568025 -0.082804 0.818835
vn 0.702424 -0.286110 0.651722
vn 0.746196 -0.234399 0.623096
vn 0.352799 0.255299 0.900197
vn 0.275691 0.314990 0.908172
vn 0.282288 0.277688 0.918261
vn 0.282288 0.277688 0.918261
vn 0.370000 0.206900 0.905700
vn 0.352799 0.255299 0.900197
vn 0.588415 0.029501 0.808021
vn 0.352799 0.255299 0.900197
vn 0.370000 0.206900 0.905700
vn 0.370000 0.206900 0.905700
vn 0.595571 -0.019699 0.803061
vn 0.588415 0.029501 0.808021
vn 0.756907 -0.207802 0.619605
vn 0.588415 0.029501 0.808021
vn 0.595571 -0.019699 0.803061
vn 0.595571 -0.019699 0.803061
vn 0.746196 -0.234399 0.623096
vn 0.756907 -0.207802 0.619605
vn 0.561722 -0.062902 0.824932
vn 0.583112 -0.195104 0.788616
vn 0.576795 -0.098799 0.810893
vn 0.576795 -0.098799 0.810893
vn 0.565490 -0.010800 0.824685
vn 0.561722 -0.062902 0.824932
vn -0.396994 0.341094 0.852086
vn -0.383606 0.267804 0.883814
vn -0.448495 0.251097 0.857790
vn -0.448495 0.251097 0.857790
vn -0.474006 0.270603 0.837910
vn -0.396994 0.341094 0.852086
vn -0.396994 0.341094 0.852086
vn -0.317985 0.366583 0.874359
vn -0.329307 0.254706 0.909220
vn -0.329307 0.254706 0.909220
vn -0.383606 0.267804 0.883814
vn -0.396994 0.341094 0.852086
vn -0.246406 0.305307 0.919822
vn -0.240705 0.236205 0.941418
vn -0.257812 0.281613 0.924244
vn -0.257812 0.281613 0.924244
vn -0.257204 0.346205 0.902213
vn -0.246406 0.305307 0.919822
vn -0.527193 0.046199 0.848489
vn -0.522588 -0.026299 0.852180
vn -0.554511 0.055601 0.830317
vn -0.554511 0.055601 0.830317
vn -0.559500 0.119300 0.820200
vn -0.527193 0.046199 0.848489
vn -0.383606 0.267804 0.883814
vn -0.361799 -0.029200 0.931799
vn -0.396116 0.096304 0.913136
vn -0.396116 0.096304 0.913136
vn -0.448495 0.251097 0.857790
vn -0.383606 0.267804 0.883814
vn -0.367177 0.377176 0.850247
vn -0.391604 0.379103 0.838408
vn -0.483796 0.286398 0.826993
vn -0.483796 0.286398 0.826993
vn -0.454903 0.262401 0.851005
vn -0.367177 0.377176 0.850247
vn 0.370000 0.206900 0.905700
vn 0.282288 0.277688 0.918261
vn 0.238291 0.187793 0.952865
vn 0.238291 0.187793 0.952865
vn 0.341009 0.137003 0.930023
vn 0.370000 0.206900 0.905700
vn -0.432897 -0.571296 0.697295
vn -0.427591 -0.214395 0.878181
vn -0.485399 -0.203000 0.850399
vn -0.485399 -0.203000 0.850399
vn -0.513685 -0.564083 0.646481
vn -0.432897 -0.571296 0.697295
vn 0.111304 0.270609 0.956233
vn -0.013000 0.349691 0.936775
vn 0.078803 0.440615 0.894231
vn 0.078803 0.440615 0.894231
vn 0.140006 0.314013 0.939039
vn 0.111304 0.270609 0.956233
vn 0.395995 0.096299 0.913189
vn 0.435315 0.181806 0.881730
vn 0.446311 0.131103 0.885222
vn 0.446311 0.131103 0.885222
vn 0.355898 -0.105999 0.928494
vn 0.395995 0.096299 0.913189
vn -0.505606 0.333004 0.795909
vn -0.345114 0.215709 0.913437
vn -0.341702 0.271602 0.899707
vn -0.341702 0.271602 0.899707
vn -0.635662 0.474572 0.608864
vn -0.505606 0.333004 0.795909
vn 0.361799 -0.029200 0.931799
vn 0.395995 0.096299 0.913189
vn 0.355898 -0.105999 0.928494
vn 0.355898 -0.105999 0.928494
vn 0.330898 -0.353897 0.874793
vn 0.361799 -0.029200 0.931799
vn 0.326601 -0.118501 0.937704
vn 0.296185 -0.369281 0.880855
vn 0.352386 -0.052798 0.934364
vn 0.352386 -0.052798 0.934364
vn 0.377595 0.082499 0.922288
vn 0.326601 -0.118501 0.937704
vn -0.376504 -0.505405 0.776408
vn -0.330898 -0.353897 0.874793
vn -0.361799 -0.029200 0.931799
vn -0.361799 -0.029200 0.931799
vn -0.369391 -0.133197 0.919679
vn -0.376504 -0.505405 0.776408
vn -0.480384 -0.547382 0.685277
vn -0.376504 -0.505405 0.776408
vn -0.369391 -0.133197 0.919679
vn -0.369391 -0.133197 0.919679
vn -0.444722 -0.163908 0.880543
vn -0.480384 -0.547382 0.685277
vn 0.333110 0.339810 0.879526
vn 0.362310 0.200105 0.910324
vn 0.365887 0.235892 0.900268
vn 0.365887 0.235892 0.900268
vn 0.314986 0.396382 0.862360
vn 0.333110 0.339810 0.879526
vn 0.562884 -0.120697 0.817676
vn 0.588422 -0.107104 0.801429
vn 0.392015 0.192307 0.899634
vn 0.392015 0.192307 0.899634
vn 0.391986 0.206192 0.896567
vn 0.562884 -0.120697 0.817676
vn -0.408314 0.150605 0.900332
vn -0.482189 -0.201495 0.852580
vn -0.445511 -0.191205 0.874621
vn -0.445511 -0.191205 0.874621
vn -0.398897 0.134399 0.907093
vn -0.408314 0.150605 0.900332
vn 0.454420 0.078303 0.887339
vn 0.338784 -0.211190 0.916856
vn 0.355898 -0.105999 0.928494
vn 0.355898 -0.105999 0.928494
vn 0.446311 0.131103 0.885222
vn 0.454420 0.078303 0.887339
vn 0.338784 -0.211190 0.916856
vn 0.342722 -0.462230 0.817854
vn 0.330898 -0.353897 0.874793
vn 0.330898 -0.353897 0.874793
vn 0.355898 -0.105999 0.928494
vn 0.338784 -0.211190 0.916856
vn -0.330898 -0.353897 0.874793
vn -0.376504 -0.505405 0.776408
vn -0.401312 -0.595518 0.695921
vn -0.401312 -0.595518 0.695921
vn -0.342722 -0.462230 0.817854
vn -0.330898 -0.353897 0.874793
vn -0.312490 0.068198 0.947470
vn -0.317008 -0.185405 0.930124
vn -0.326094 -0.021900 0.945084
vn -0.326094 -0.021900 0.945084
vn -0.368591 0.135397 0.919678
vn -0.312490 0.068198 0.947470
vn -0.585100 -0.518200 0.623800
vn -0.578916 -0.605217 0.546415
vn -0.487617 -0.637022 0.597020
vn -0.487617 -0.637022 0.597020
vn -0.480384 -0.547382 0.685277
vn -0.585100 -0.518200 0.623800
vn -0.650135 -0.479226 0.589632
vn -0.637626 -0.568523 0.519821
vn -0.578916 -0.605217 0.546415
vn -0.578916 -0.605217 0.546415
vn -0.585100 -0.518200 0.623800
vn -0.650135 -0.479226 0.589632
vn -0.564416 -0.113703 0.817622
vn -0.584817 -0.098003 0.805223
vn -0.695817 -0.443011 0.565314
vn -0.695817 -0.443011 0.565314
vn -0.650135 -0.479226 0.589632
vn -0.564416 -0.113703 0.817622
vn -0.584817 -0.098003 0.805223
vn -0.564416 -0.113703 0.817622
vn -0.321083 0.306883 0.895951
vn -0.321083 0.306883 0.895951
vn -0.302594 0.276994 0.911982
vn -0.584817 -0.098003 0.805223
vn -0.275006 0.446609 0.851418
vn -0.216894 0.437488 0.872675
vn -0.321083 0.306883 0.895951
vn -0.321083 0.306883 0.895951
vn -0.345809 0.298008 0.889723
vn -0.275006 0.446609 0.851418
vn -0.685332 -0.535125 0.493923
vn -0.637626 -0.568523 0.519821
vn -0.650135 -0.479226 0.589632
vn -0.650135 -0.479226 0.589632
vn -0.695817 -0.443011 0.565314
vn -0.685332 -0.535125 0.493923
vn 0.604178 -0.336588 0.722273
vn 0.535012 -0.292707 0.792518
vn 0.553894 -0.360296 0.750592
vn 0.553894 -0.360296 0.750592
vn 0.629812 -0.387107 0.673413
vn 0.604178 -0.336588 0.722273
vn -0.395981 0.236589 0.887257
vn -0.352386 -0.052798 0.934364
vn -0.377595 0.082499 0.922288
vn -0.377595 0.082499 0.922288
vn -0.436402 0.235801 0.868304
vn -0.395981 0.236589 0.887257
vn -0.537429 -0.134307 0.832545
vn -0.507082 -0.082197 0.857969
vn -0.557425 0.158607 0.814936
vn -0.557425 0.158607 0.814936
vn -0.587395 0.216898 0.779694
vn -0.537429 -0.134307 0.832545
vn -0.216894 0.437488 0.872675
vn -0.183804 0.365408 0.912520
vn -0.302594 0.276994 0.911982
vn -0.302594 0.276994 0.911982
vn -0.321083 0.306883 0.895951
vn -0.216894 0.437488 0.872675
vn -0.183804 0.365408 0.912520
vn -0.185807 0.310211 0.932333
vn -0.308895 0.242796 0.919584
vn -0.308895 0.242796 0.919584
vn -0.302594 0.276994 0.911982
vn -0.183804 0.365408 0.912520
vn 0.459412 0.192005 0.867223
vn 0.448495 0.251097 0.857790
vn 0.474006 0.270603 0.837910
vn 0.474006 0.270603 0.837910
vn 0.487387 0.137596 0.862277
vn 0.459412 0.192005 0.867223
vn 0.435315 0.181806 0.881730
vn 0.395995 0.096299 0.913189
vn 0.448495 0.251097 0.857790
vn 0.448495 0.251097 0.857790
vn 0.459412 0.192005 0.867223
vn 0.435315 0.181806 0.881730
vn -0.222388 -0.284085 0.932652
vn -0.257793 -0.412589 0.873678
vn -0.284383 -0.495471 0.820752
vn -0.284383 -0.495471 0.820752
vn -0.234400 -0.354500 0.905200
vn -0.222388 -0.284085 0.932652
vn 0.530900 0.065500 0.844900
vn 0.499812 -0.023301 0.865821
vn 0.510896 0.054800 0.857894
vn 0.510896 0.054800 0.857894
vn 0.539878 0.132395 0.831266
vn 0.530900 0.065500 0.844900
vn -0.355898 -0.105999 0.928494
vn -0.396116 0.096304 0.913136
vn -0.361799 -0.029200 0.931799
vn -0.361799 -0.029200 0.931799
vn -0.330898 -0.353897 0.874793
vn -0.355898 -0.105999 0.928494
vn -0.330898 -0.353897 0.874793
vn -0.342722 -0.462230 0.817854
vn -0.338815 -0.211209 0.916840
vn -0.338815 -0.211209 0.916840
vn -0.355898 -0.105999 0.928494
vn -0.330898 -0.353897 0.874793
vn -0.508775 -0.357282 0.783261
vn -0.470093 -0.226397 0.853087
vn -0.451484 -0.051898 0.890769
vn -0.451484 -0.051898 0.890769
vn -0.487216 -0.114604 0.865729
vn -0.508775 -0.357282 0.783261
vn 0.487617 -0.637022 0.597020
vn 0.480384 -0.547382 0.685277
vn 0.376504 -0.505405 0.776408
vn 0.376504 -0.505405 0.776408
vn 0.401312 -0.595518 0.695921
vn 0.487617 -0.637022 0.597020
vn -0.249698 -0.185999 0.950292
vn -0.287986 -0.293786 0.911457
vn -0.293197 -0.383896 0.875591
vn -0.293197 -0.383896 0.875591
vn -0.269786 -0.267386 0.925052
vn -0.249698 -0.185999 0.950292
vn 0.369396 -0.133099 0.919691
vn 0.329307 0.254706 0.909220
vn 0.383521 0.267814 0.883848
vn 0.383521 0.267814 0.883848
vn 0.361799 -0.029200 0.931799
vn 0.369396 -0.133099 0.919691
vn 0.333803 -0.499204 0.799607
vn 0.384491 -0.077398 0.919878
vn 0.383606 -0.162903 0.909015
vn 0.383606 -0.162903 0.909015
vn 0.329112 -0.505918 0.797328
vn 0.333803 -0.499204 0.799607
vn 0.336611 0.262108 0.904429
vn 0.296813 0.399317 0.867438
vn 0.317997 0.366496 0.874391
vn 0.317997 0.366496 0.874391
vn 0.329307 0.254706 0.909220
vn 0.336611 0.262108 0.904429
vn 0.444722 -0.163908 0.880543
vn 0.336611 0.262108 0.904429
vn 0.329307 0.254706 0.909220
vn 0.329307 0.254706 0.909220
vn 0.369396 -0.133099 0.919691
vn 0.444722 -0.163908 0.880543
vn -0.531511 0.233205 0.814317
vn -0.519706 0.216303 0.826510
vn -0.521695 0.224398 0.823092
vn -0.521695 0.224398 0.823092
vn -0.521898 0.195099 0.830397
vn -0.531511 0.233205 0.814317
vn 0.514711 0.280106 0.810317
vn 0.554708 0.247404 0.794412
vn 0.621971 0.191491 0.759265
vn 0.621971 0.191491 0.759265
vn 0.535581 0.239292 0.809872
vn 0.514711 0.280106 0.810317
vn -0.575321 -0.067602 0.815129
vn -0.584817 -0.098003 0.805223
vn -0.302594 0.276994 0.911982
vn -0.302594 0.276994 0.911982
vn -0.308895 0.242796 0.919584
vn -0.575321 -0.067602 0.815129
vn 0.345809 0.298008 0.889723
vn 0.275006 0.446609 0.851418
vn 0.296813 0.399317 0.867438
vn 0.296813 0.399317 0.867438
vn 0.336611 0.262108 0.904429
vn 0.345809 0.298008 0.889723
vn 0.524588 -0.138097 0.840081
vn 0.345809 0.298008 0.889723
vn 0.336611 0.262108 0.904429
vn 0.336611 0.262108 0.904429
vn 0.444722 -0.163908 0.880543
vn 0.524588 -0.138097 0.840081
vn 0.480384 -0.547382 0.685277
vn 0.585100 -0.518200 0.623800
vn 0.524588 -0.138097 0.840081
vn 0.524588 -0.138097 0.840081
vn 0.444722 -0.163908 0.880543
vn 0.480384 -0.547382 0.685277
vn 0.585100 -0.518200 0.623800
vn 0.650193 -0.479195 0.589594
vn 0.564409 -0.113802 0.817613
vn 0.564409 -0.113802 0.817613
vn 0.524588 -0.138097 0.840081
vn 0.585100 -0.518200 0.623800
vn 0.356295 0.217997 0.908588
vn 0.460495 0.464395 0.756492
vn 0.497414 0.358610 0.789923
vn 0.497414 0.358610 0.789923
vn 0.374892 0.266694 0.887880
vn 0.356295 0.217997 0.908588
vn 0.500931 0.080305 0.861754
vn 0.460612 -0.017801 0.887423
vn 0.476304 0.152201 0.866008
vn 0.476304 0.152201 0.866008
vn 0.509805 0.205002 0.835508
vn 0.500931 0.080305 0.861754
vn 0.360095 0.483594 0.797790
vn 0.331592 0.568387 0.752983
vn 0.510393 0.521993 0.683390
vn 0.510393 0.521993 0.683390
vn 0.460495 0.464395 0.756492
vn 0.360095 0.483594 0.797790
vn 0.564409 -0.113802 0.817613
vn 0.321083 0.306883 0.895951
vn 0.345809 0.298008 0.889723
vn 0.345809 0.298008 0.889723
vn 0.524588 -0.138097 0.840081
vn 0.564409 -0.113802 0.817613
vn -0.296904 0.399305 0.867412
vn -0.275006 0.446609 0.851418
vn -0.345809 0.298008 0.889723
vn -0.345809 0.298008 0.889723
vn -0.336611 0.262108 0.904429
vn -0.296904 0.399305 0.867412
vn 0.578884 -0.605184 0.546485
vn 0.637590 -0.568591 0.519792
vn 0.650193 -0.479195 0.589594
vn 0.650193 -0.479195 0.589594
vn 0.585100 -0.518200 0.623800
vn 0.578884 -0.605184 0.546485
vn 0.711987 -0.407592 0.571789
vn 0.575321 -0.067602 0.815129
vn 0.584811 -0.098102 0.805215
vn 0.584811 -0.098102 0.805215
vn 0.695817 -0.443011 0.565314
vn 0.711987 -0.407592 0.571789
vn 0.707493 -0.514695 0.484295
vn 0.711987 -0.407592 0.571789
vn 0.695817 -0.443011 0.565314
vn 0.695817 -0.443011 0.565314
vn 0.685296 -0.535197 0.493897
vn 0.707493 -0.514695 0.484295
vn 0.266603 0.359603 0.894208
vn 0.188598 0.432495 0.881691
vn 0.227296 0.515191 0.826386
vn 0.227296 0.515191 0.826386
vn 0.292600 0.429200 0.854501
vn 0.266603 0.359603 0.894208
vn 0.575321 -0.067602 0.815129
vn 0.308895 0.242796 0.919584
vn 0.302594 0.276994 0.911982
vn 0.302594 0.276994 0.911982
vn 0.584811 -0.098102 0.805215
vn 0.575321 -0.067602 0.815129
vn -0.590314 0.234306 0.772418
vn -0.568614 0.230606 0.789620
vn -0.573685 0.201995 0.793779
vn -0.573685 0.201995 0.793779
vn -0.596499 0.179000 0.782399
vn -0.590314 0.234306 0.772418
vn -0.549798 0.299399 0.779797
vn -0.542694 0.253097 0.800891
vn -0.568614 0.230606 0.789620
vn -0.568614 0.230606 0.789620
vn -0.590314 0.234306 0.772418
vn -0.549798 0.299399 0.779797
vn -0.288112 -0.194008 0.937738
vn -0.316090 0.010700 0.948669
vn -0.344999 0.244500 0.906198
vn -0.344999 0.244500 0.906198
vn -0.282413 0.150307 0.947444
vn -0.288112 -0.194008 0.937738
vn -0.492309 0.332006 0.804614
vn -0.457913 0.340210 0.821324
vn -0.474797 0.244698 0.845394
vn -0.474797 0.244698 0.845394
vn -0.499421 0.257411 0.827235
vn -0.492309 0.332006 0.804614
vn -0.568614 0.230606 0.789620
vn -0.515923 0.150907 0.843238
vn -0.531694 0.173898 0.828891
vn -0.531694 0.173898 0.828891
vn -0.573685 0.201995 0.793779
vn -0.568614 0.230606 0.789620
vn 0.669526 -0.023101 0.742429
vn 0.522605 0.076801 0.849109
vn 0.491990 0.082498 0.866683
vn 0.491990 0.082498 0.866683
vn 0.665092 -0.058199 0.744491
vn 0.669526 -0.023101 0.742429
vn 0.759774 -0.534582 0.370088
vn 0.733696 -0.469798 0.490897
vn 0.717386 -0.458891 0.524190
vn 0.717386 -0.458891 0.524190
vn 0.738629 -0.524220 0.423816
vn 0.759774 -0.534582 0.370088
vn -0.464606 -0.098601 0.880011
vn -0.453598 -0.004300 0.891196
vn -0.499421 0.257411 0.827235
vn -0.499421 0.257411 0.827235
vn -0.474797 0.244698 0.845394
vn -0.464606 -0.098601 0.880011
vn 0.474914 0.244707 0.845325
vn 0.464606 -0.098601 0.880011
vn 0.494320 -0.150606 0.856134
vn 0.494320 -0.150606 0.856134
vn 0.467005 0.241602 0.850609
vn 0.474914 0.244707 0.845325
vn 0.460098 0.073800 0.884796
vn 0.395109 -0.215005 0.893119
vn 0.392705 -0.137602 0.909312
vn 0.392705 -0.137602 0.909312
vn 0.439495 0.121499 0.889990
vn 0.460098 0.073800 0.884796
vn 0.467005 0.241602 0.850609
vn 0.443600 0.349900 0.825100
vn 0.457876 0.340182 0.821356
vn 0.457876 0.340182 0.821356
vn 0.474914 0.244707 0.845325
vn 0.467005 0.241602 0.850609
vn 0.307614 0.273213 0.911443
vn 0.296210 0.258309 0.919531
vn 0.375713 0.315911 0.871229
vn 0.375713 0.315911 0.871229
vn 0.367901 0.262301 0.892103
vn 0.307614 0.273213 0.911443
vn -0.453411 0.108103 0.884722
vn -0.450085 -0.099097 0.887470
vn -0.387896 0.004800 0.921691
vn -0.387896 0.004800 0.921691
vn -0.396016 0.116405 0.910836
vn -0.453411 0.108103 0.884722
vn 0.427580 -0.688169 0.586173
vn 0.450215 -0.619021 0.643521
vn 0.460126 -0.480427 0.746642
vn 0.460126 -0.480427 0.746642
vn 0.434082 -0.572376 0.695671
vn 0.427580 -0.688169 0.586173
vn -0.390898 -0.447198 0.804496
vn -0.372014 -0.295211 0.880032
vn -0.453598 -0.004300 0.891196
vn -0.453598 -0.004300 0.891196
vn -0.464606 -0.098601 0.880011
vn -0.390898 -0.447198 0.804496
vn -0.442623 -0.536728 0.718337
vn -0.390898 -0.447198 0.804496
vn -0.464606 -0.098601 0.880011
vn -0.464606 -0.098601 0.880011
vn -0.494320 -0.150606 0.856134
vn -0.442623 -0.536728 0.718337
vn -0.472185 0.014999 0.881372
vn -0.455524 -0.081904 0.886448
vn -0.500206 0.018400 0.865711
vn -0.500206 0.018400 0.865711
vn -0.511099 0.093700 0.854399
vn -0.472185 0.014999 0.881372
vn 0.307700 -0.601300 0.737400
vn 0.329112 -0.505918 0.797328
vn 0.330291 -0.426789 0.841878
vn 0.330291 -0.426789 0.841878
vn 0.321299 -0.509399 0.798298
vn 0.307700 -0.601300 0.737400
vn 0.432097 0.151599 0.888994
vn 0.419200 0.205200 0.884400
vn 0.446816 0.216108 0.868132
vn 0.446816 0.216108 0.868132
vn 0.458599 0.129900 0.879098
vn 0.432097 0.151599 0.888994
vn 0.605419 -0.541917 0.582918
vn 0.567702 -0.069400 0.820303
vn 0.593314 -0.104803 0.798119
vn 0.593314 -0.104803 0.798119
vn 0.592995 -0.523395 0.611894
vn 0.605419 -0.541917 0.582918
vn 0.368480 -0.040598 0.928749
vn 0.390691 -0.135597 0.910480
vn 0.385313 0.151705 0.910231
vn 0.385313 0.151705 0.910231
vn 0.399805 0.181202 0.898511
vn 0.368480 -0.040598 0.928749
vn -0.442623 -0.536728 0.718337
vn -0.451583 -0.553779 0.699573
vn -0.419610 -0.687816 0.592314
vn -0.419610 -0.687816 0.592314
vn -0.417893 -0.637989 0.646789
vn -0.442623 -0.536728 0.718337
vn 0.494320 -0.150606 0.856134
vn 0.442623 -0.536728 0.718337
vn 0.451583 -0.553779 0.699573
vn 0.451583 -0.553779 0.699573
vn 0.496908 -0.081001 0.864014
vn 0.494320 -0.150606 0.856134
vn 0.401312 -0.595518 0.695921
vn 0.376504 -0.505405 0.776408
vn 0.330898 -0.353897 0.874793
vn 0.330898 -0.353897 0.874793
vn 0.342722 -0.462230 0.817854
vn 0.401312 -0.595518 0.695921
vn 0.624182 0.021699 0.780978
vn 0.519991 -0.230496 0.822485
vn 0.564289 -0.040499 0.824584
vn 0.564289 -0.040499 0.824584
vn 0.591518 0.071402 0.803124
vn 0.624182 0.021699 0.780978
vn 0.457201 0.279801 0.844203
vn 0.441817 0.357414 0.822832
vn 0.443600 0.349900 0.825100
vn 0.443600 0.349900 0.825100
vn 0.467005 0.241602 0.850609
vn 0.457201 0.279801 0.844203
vn -0.526406 0.152702 0.836409
vn -0.478279 -0.036198 0.877462
vn -0.496494 0.136198 0.857289
vn -0.496494 0.136198 0.857289
vn -0.519706 0.216303 0.826510
vn -0.526406 0.152702 0.836409
vn -0.380191 0.235294 0.894478
vn -0.398897 0.134399 0.907093
vn -0.385307 0.151803 0.910217
vn -0.385307 0.151803 0.910217
vn -0.377805 0.237103 0.895012
vn -0.380191 0.235294 0.894478
vn 0.511099 0.093700 0.854399
vn 0.472184 0.015099 0.881371
vn 0.515880 0.150894 0.843267
vn 0.515880 0.150894 0.843267
vn 0.531694 0.173898 0.828891
vn 0.511099 0.093700 0.854399
vn -0.338194 -0.342894 0.876384
vn -0.288112 -0.194008 0.937738
vn -0.282413 0.150307 0.947444
vn -0.282413 0.150307 0.947444
vn -0.236900 0.040200 0.970702
vn -0.338194 -0.342894 0.876384
vn 0.573685 0.201995 0.793779
vn 0.568614 0.230606 0.789620
vn 0.590300 0.234400 0.772400
vn 0.590300 0.234400 0.772400
vn 0.596499 0.179000 0.782399
vn 0.573685 0.201995 0.793779
vn 0.515880 0.150894 0.843267
vn 0.491970 0.079795 0.866948
vn 0.542694 0.253097 0.800891
vn 0.542694 0.253097 0.800891
vn 0.568614 0.230606 0.789620
vn 0.515880 0.150894 0.843267
vn 0.472184 0.015099 0.881371
vn 0.430914 -0.141505 0.891229
vn 0.491970 0.079795 0.866948
vn 0.491970 0.079795 0.866948
vn 0.515880 0.150894 0.843267
vn 0.472184 0.015099 0.881371
vn 0.455524 -0.081904 0.886448
vn 0.413224 -0.232113 0.880551
vn 0.430914 -0.141505 0.891229
vn 0.430914 -0.141505 0.891229
vn 0.472184 0.015099 0.881371
vn 0.455524 -0.081904 0.886448
vn 0.357077 -0.385875 0.850645
vn 0.372014 -0.295211 0.880032
vn 0.430914 -0.141505 0.891229
vn 0.430914 -0.141505 0.891229
vn 0.413224 -0.232113 0.880551
vn 0.357077 -0.385875 0.850645
vn 0.370423 -0.547234 0.750547
vn 0.390898 -0.447198 0.804496
vn 0.372014 -0.295211 0.880032
vn 0.372014 -0.295211 0.880032
vn 0.357077 -0.385875 0.850645
vn 0.370423 -0.547234 0.750547
vn 0.499421 0.257411 0.827235
vn 0.492193 0.331995 0.804689
vn 0.549798 0.299399 0.779797
vn 0.549798 0.299399 0.779797
vn 0.542694 0.253097 0.800891
vn 0.499421 0.257411 0.827235
vn 0.453598 -0.004300 0.891196
vn 0.499421 0.257411 0.827235
vn 0.542694 0.253097 0.800891
vn 0.542694 0.253097 0.800891
vn 0.491970 0.079795 0.866948
vn 0.453598 -0.004300 0.891196
vn 0.372014 -0.295211 0.880032
vn 0.453598 -0.004300 0.891196
vn 0.491970 0.079795 0.866948
vn 0.491970 0.079795 0.866948
vn 0.430914 -0.141505 0.891229
vn 0.372014 -0.295211 0.880032
vn -0.498916 0.089403 0.862027
vn -0.496217 0.200507 0.844728
vn -0.479109 0.309406 0.821415
vn -0.479109 0.309406 0.821415
vn -0.466921 0.291313 0.834938
vn -0.498916 0.089403 0.862027
vn -0.240509 -0.076403 0.967635
vn -0.238787 -0.231188 0.943150
vn -0.209600 -0.341000 0.916399
vn -0.209600 -0.341000 0.916399
vn -0.217900 -0.161000 0.962600
vn -0.240509 -0.076403 0.967635
vn 0.417810 -0.638016 0.646816
vn 0.442623 -0.536728 0.718337
vn 0.390898 -0.447198 0.804496
vn 0.390898 -0.447198 0.804496
vn 0.370423 -0.547234 0.750547
vn 0.417810 -0.638016 0.646816
vn -0.494320 -0.150606 0.856134
vn -0.464606 -0.098601 0.880011
vn -0.474797 0.244698 0.845394
vn -0.474797 0.244698 0.845394
vn -0.466993 0.241697 0.850588
vn -0.494320 -0.150606 0.856134
vn 0.489887 0.066098 0.869277
vn 0.443002 -0.129601 0.887104
vn 0.429704 -0.075501 0.899808
vn 0.429704 -0.075501 0.899808
vn 0.462380 0.090396 0.882062
vn 0.489887 0.066098 0.869277
vn -0.457913 0.340210 0.821324
vn -0.443600 0.349900 0.825100
vn -0.466993 0.241697 0.850588
vn -0.466993 0.241697 0.850588
vn -0.474797 0.244698 0.845394
vn -0.457913 0.340210 0.821324
vn -0.451583 -0.553779 0.699573
vn -0.442623 -0.536728 0.718337
vn -0.494320 -0.150606 0.856134
vn -0.494320 -0.150606 0.856134
vn -0.496984 -0.080997 0.863971
vn -0.451583 -0.553779 0.699573
vn -0.443600 0.349900 0.825100
vn -0.441817 0.357414 0.822832
vn -0.457176 0.279685 0.844255
vn -0.457176 0.279685 0.844255
vn -0.466993 0.241697 0.850588
vn -0.443600 0.349900 0.825100
vn -0.458476 0.137193 0.878054
vn -0.309108 -0.002200 0.951024
vn -0.353893 -0.061199 0.933282
vn -0.353893 -0.061199 0.933282
vn -0.527192 0.119598 0.841288
vn -0.458476 0.137193 0.878054
vn -0.371197 0.230098 0.899593
vn -0.324803 0.191902 0.926108
vn -0.309108 -0.002200 0.951024
vn -0.309108 -0.002200 0.951024
vn -0.458476 0.137193 0.878054
vn -0.371197 0.230098 0.899593
vn -0.361682 0.266987 0.893255
vn -0.417490 0.331692 0.845980
vn -0.324803 0.191902 0.926108
vn -0.324803 0.191902 0.926108
vn -0.371197 0.230098 0.899593
vn -0.361682 0.266987 0.893255
vn -0.467582 0.247590 0.848567
vn -0.527696 0.377797 0.760794
vn -0.417490 0.331692 0.845980
vn -0.417490 0.331692 0.845980
vn -0.361682 0.266987 0.893255
vn -0.467582 0.247590 0.848567
vn -0.309108 -0.002200 0.951024
vn -0.249698 -0.185999 0.950292
vn -0.269786 -0.267386 0.925052
vn -0.269786 -0.267386 0.925052
vn -0.353893 -0.061199 0.933282
vn -0.309108 -0.002200 0.951024
vn -0.324803 0.191902 0.926108
vn -0.300084 0.122994 0.945950
vn -0.249698 -0.185999 0.950292
vn -0.249698 -0.185999 0.950292
vn -0.309108 -0.002200 0.951024
vn -0.324803 0.191902 0.926108
vn -0.417490 0.331692 0.845980
vn -0.368694 0.426393 0.825987
vn -0.300084 0.122994 0.945950
vn -0.300084 0.122994 0.945950
vn -0.324803 0.191902 0.926108
vn -0.417490 0.331692 0.845980
vn -0.193901 0.076900 0.978003
vn -0.215099 -0.060800 0.974698
vn -0.343089 -0.048099 0.938071
vn -0.343089 -0.048099 0.938071
vn -0.325100 0.038400 0.944900
vn -0.193901 0.076900 0.978003
vn 0.495093 0.095399 0.863587
vn 0.496371 0.125093 0.859050
vn 0.494404 0.195302 0.847007
vn 0.494404 0.195302 0.847007
vn 0.518020 0.133205 0.844933
vn 0.495093 0.095399 0.863587
vn -0.217306 -0.074902 0.973226
vn -0.217592 -0.012100 0.975965
vn -0.206200 0.264800 0.941999
vn -0.206200 0.264800 0.941999
vn -0.174303 0.287405 0.941816
vn -0.217306 -0.074902 0.973226
vn 0.488182 -0.685875 0.539680
vn 0.614430 -0.350517 0.706834
vn 0.589485 -0.293992 0.752380
vn 0.589485 -0.293992 0.752380
vn 0.450215 -0.619021 0.643521
vn 0.488182 -0.685875 0.539680
vn -0.368694 0.426393 0.825987
vn -0.278894 0.421491 0.862881
vn -0.306396 0.058799 0.950087
vn -0.306396 0.058799 0.950087
vn -0.300084 0.122994 0.945950
vn -0.368694 0.426393 0.825987
vn -0.566593 -0.158598 0.808590
vn -0.525584 -0.141596 0.838875
vn -0.488071 0.139092 0.861649
vn -0.488071 0.139092 0.861649
vn -0.420997 0.164099 0.892095
vn -0.566593 -0.158598 0.808590
vn -0.239694 0.515986 0.822378
vn -0.158802 0.434404 0.886609
vn -0.233600 0.354001 0.905602
vn -0.233600 0.354001 0.905602
vn -0.278894 0.421491 0.862881
vn -0.239694 0.515986 0.822378
vn 0.219706 0.117803 0.968427
vn 0.207889 0.002800 0.978148
vn 0.217693 0.054998 0.974467
vn 0.217693 0.054998 0.974467
vn 0.239906 0.167004 0.956324
vn 0.219706 0.117803 0.968427
vn -0.228406 0.252606 0.940224
vn -0.248091 -0.098996 0.963665
vn -0.233909 -0.046702 0.971136
vn -0.233909 -0.046702 0.971136
vn -0.237199 0.240599 0.941196
vn -0.228406 0.252606 0.940224
vn -0.306396 0.058799 0.950087
vn -0.323088 -0.002800 0.946365
vn -0.340994 -0.349994 0.872484
vn -0.340994 -0.349994 0.872484
vn -0.287986 -0.293786 0.911457
vn -0.306396 0.058799 0.950087
vn -0.451308 -0.039001 0.891516
vn -0.517206 0.063401 0.853510
vn -0.539192 0.214197 0.814488
vn -0.539192 0.214197 0.814488
vn -0.487571 0.174590 0.855449
vn -0.451308 -0.039001 0.891516
vn -0.233600 0.354001 0.905602
vn -0.226992 0.281691 0.932269
vn -0.342401 -0.052200 0.938103
vn -0.342401 -0.052200 0.938103
vn -0.323088 -0.002800 0.946365
vn -0.233600 0.354001 0.905602
vn -0.226992 0.281691 0.932269
vn -0.218995 0.226895 0.948978
vn -0.341202 -0.078501 0.936706
vn -0.341202 -0.078501 0.936706
vn -0.342401 -0.052200 0.938103
vn -0.226992 0.281691 0.932269
vn -0.531615 -0.183705 0.826824
vn -0.455078 -0.156692 0.876557
vn -0.385513 0.116404 0.915331
vn -0.385513 0.116404 0.915331
vn -0.347105 0.100602 0.932415
vn -0.531615 -0.183705 0.826824
vn -0.340994 -0.349994 0.872484
vn -0.380502 -0.382202 0.842104
vn -0.385888 -0.470286 0.793676
vn -0.385888 -0.470286 0.793676
vn -0.344486 -0.441182 0.828666
vn -0.340994 -0.349994 0.872484
vn -0.380502 -0.382202 0.842104
vn -0.390202 -0.393502 0.832405
vn -0.398398 -0.484998 0.778496
vn -0.398398 -0.484998 0.778496
vn -0.385888 -0.470286 0.793676
vn -0.380502 -0.382202 0.842104
vn 0.711416 -0.014800 0.702616
vn 0.488926 0.295516 0.820744
vn 0.483796 0.286398 0.826993
vn 0.483796 0.286398 0.826993
vn 0.703627 -0.046802 0.709027
vn 0.711416 -0.014800 0.702616
vn -0.474096 0.237298 0.847893
vn -0.425783 0.237991 0.872966
vn -0.431510 0.155404 0.888622
vn -0.431510 0.155404 0.888622
vn -0.487571 0.174590 0.855449
vn -0.474096 0.237298 0.847893
vn 0.293197 -0.383896 0.875591
vn 0.287895 -0.293795 0.911483
vn 0.249698 -0.185999 0.950292
vn 0.249698 -0.185999 0.950292
vn 0.269786 -0.267386 0.925052
vn 0.293197 -0.383896 0.875591
vn 0.344486 -0.441182 0.828666
vn 0.340994 -0.349994 0.872484
vn 0.287895 -0.293795 0.911483
vn 0.287895 -0.293795 0.911483
vn 0.293197 -0.383896 0.875591
vn 0.344486 -0.441182 0.828666
vn 0.228000 0.029900 0.973202
vn 0.213099 0.042700 0.976097
vn 0.044101 0.256204 0.965616
vn 0.044101 0.256204 0.965616
vn 0.052703 0.276914 0.959448
vn 0.228000 0.029900 0.973202
vn -0.216489 0.016299 0.976149
vn -0.207107 -0.126304 0.970131
vn -0.202303 -0.190003 0.960715
vn -0.202303 -0.190003 0.960715
vn -0.193005 -0.048001 0.980023
vn -0.216489 0.016299 0.976149
vn 0.287895 -0.293795 0.911483
vn 0.306396 0.058799 0.950087
vn 0.300113 0.123005 0.945940
vn 0.300113 0.123005 0.945940
vn 0.249698 -0.185999 0.950292
vn 0.287895 -0.293795 0.911483
vn 0.636602 -0.483502 0.600802
vn 0.674317 -0.454612 0.581915
vn 0.675885 -0.381992 0.630286
vn 0.675885 -0.381992 0.630286
vn 0.635989 -0.407893 0.655089
vn 0.636602 -0.483502 0.600802
vn -0.616177 -0.616877 0.489682
vn -0.592694 -0.603494 0.533394
vn -0.593127 -0.523324 0.611828
vn -0.593127 -0.523324 0.611828
vn -0.605419 -0.541917 0.582918
vn -0.616177 -0.616877 0.489682
vn -0.509879 0.204991 0.835465
vn -0.500931 0.080305 0.861754
vn -0.536211 0.155603 0.829618
vn -0.536211 0.155603 0.829618
vn -0.540587 0.245794 0.804581
vn -0.509879 0.204991 0.835465
vn -0.389713 0.105003 0.914931
vn -0.391202 -0.013500 0.920206
vn -0.416890 0.072298 0.906077
vn -0.416890 0.072298 0.906077
vn -0.407898 0.127399 0.904095
vn -0.389713 0.105003 0.914931
vn 0.183095 -0.209694 0.960471
vn 0.205596 0.010400 0.978582
vn 0.219597 0.097699 0.970686
vn 0.219597 0.097699 0.970686
vn 0.191207 -0.071603 0.978935
vn 0.183095 -0.209694 0.960471
vn 0.830302 -0.411001 0.376401
vn 0.818410 -0.332304 0.468806
vn 0.801107 -0.349603 0.485804
vn 0.801107 -0.349603 0.485804
vn 0.813410 -0.414505 0.408105
vn 0.830302 -0.411001 0.376401
vn 0.323088 -0.002800 0.946365
vn 0.233600 0.354001 0.905602
vn 0.278894 0.421491 0.862881
vn 0.278894 0.421491 0.862881
vn 0.306396 0.058799 0.950087
vn 0.323088 -0.002800 0.946365
vn 0.380502 -0.382202 0.842104
vn 0.342401 -0.052200 0.938103
vn 0.323088 -0.002800 0.946365
vn 0.323088 -0.002800 0.946365
vn 0.340994 -0.349994 0.872484
vn 0.380502 -0.382202 0.842104
vn 0.390202 -0.393502 0.832405
vn 0.341200 -0.078600 0.936699
vn 0.342401 -0.052200 0.938103
vn 0.342401 -0.052200 0.938103
vn 0.380502 -0.382202 0.842104
vn 0.390202 -0.393502 0.832405
vn 0.563384 0.048399 0.824777
vn 0.579314 -0.011700 0.815020
vn 0.592414 0.018600 0.805419
vn 0.592414 0.018600 0.805419
vn 0.556924 0.086604 0.826036
vn 0.563384 0.048399 0.824777
vn 0.368694 0.426393 0.825987
vn 0.413396 0.517795 0.748994
vn 0.527696 0.377797 0.760794
vn 0.527696 0.377797 0.760794
vn 0.417490 0.331692 0.845980
vn 0.368694 0.426393 0.825987
vn 0.278894 0.421491 0.862881
vn 0.239694 0.515986 0.822378
vn 0.413396 0.517795 0.748994
vn 0.413396 0.517795 0.748994
vn 0.368694 0.426393 0.825987
vn 0.278894 0.421491 0.862881
vn -0.225005 0.155803 0.961820
vn -0.193799 0.093299 0.976595
vn -0.247394 0.182996 0.951477
vn -0.247394 0.182996 0.951477
vn -0.267995 0.228295 0.935981
vn -0.225005 0.155803 0.961820
vn 0.300896 0.495394 0.814890
vn 0.346305 0.291104 0.891813
vn 0.449998 0.339699 0.825897
vn 0.449998 0.339699 0.825897
vn 0.355307 0.511910 0.782116
vn 0.300896 0.495394 0.814890
vn 0.462676 -0.137793 0.875754
vn 0.520127 -0.136907 0.843044
vn 0.395407 0.206403 0.895015
vn 0.395407 0.206403 0.895015
vn 0.380606 0.194203 0.904115
vn 0.462676 -0.137793 0.875754
vn 0.226992 0.281691 0.932269
vn 0.144300 0.348599 0.926097
vn 0.158802 0.434404 0.886609
vn 0.158802 0.434404 0.886609
vn 0.233600 0.354001 0.905602
vn 0.226992 0.281691 0.932269
vn 0.218995 0.226895 0.948978
vn 0.134200 0.285299 0.948997
vn 0.144300 0.348599 0.926097
vn 0.144300 0.348599 0.926097
vn 0.226992 0.281691 0.932269
vn 0.218995 0.226895 0.948978
vn -0.399401 0.168800 0.901102
vn -0.295596 0.094899 0.950588
vn -0.304598 0.036200 0.951793
vn -0.304598 0.036200 0.951793
vn -0.447129 0.130108 0.884957
vn -0.399401 0.168800 0.901102
vn 0.630942 -0.150710 0.761051
vn 0.343210 -0.048101 0.938026
vn 0.325100 0.038400 0.944900
vn 0.325100 0.038400 0.944900
vn 0.597112 -0.160603 0.785916
vn 0.630942 -0.150710 0.761051
vn 0.393805 -0.255703 0.882912
vn 0.335094 -0.000900 0.942184
vn 0.356311 0.058602 0.932528
vn 0.356311 0.058602 0.932528
vn 0.384217 -0.132806 0.913641
vn 0.393805 -0.255703 0.882912
vn -0.538717 0.259808 0.801426
vn -0.609030 0.363718 0.704835
vn -0.497414 0.358610 0.789923
vn -0.497414 0.358610 0.789923
vn -0.426004 0.309303 0.850208
vn -0.538717 0.259808 0.801426
vn -0.169698 0.037300 0.984790
vn -0.216189 -0.000300 0.976351
vn 0.021399 0.314985 0.948855
vn 0.021399 0.314985 0.948855
vn 0.053802 0.285913 0.956744
vn -0.169698 0.037300 0.984790
vn 0.425706 0.361505 0.829511
vn 0.489581 0.294088 0.820867
vn 0.568907 0.238003 0.787210
vn 0.568907 0.238003 0.787210
vn 0.462511 0.325708 0.824620
vn 0.425706 0.361505 0.829511
vn -0.497414 0.358610 0.789923
vn -0.460495 0.464395 0.756492
vn -0.356295 0.217997 0.908588
vn -0.356295 0.217997 0.908588
vn -0.374892 0.266694 0.887880
vn -0.497414 0.358610 0.789923
vn -0.609030 0.363718 0.704835
vn -0.510393 0.521993 0.683390
vn -0.460495 0.464395 0.756492
vn -0.460495 0.464395 0.756492
vn -0.497414 0.358610 0.789923
vn -0.609030 0.363718 0.704835
vn -0.510393 0.521993 0.683390
vn -0.331592 0.568387 0.752983
vn -0.360095 0.483594 0.797790
vn -0.360095 0.483594 0.797790
vn -0.460495 0.464395 0.756492
vn -0.510393 0.521993 0.683390
vn -0.376504 -0.505405 0.776408
vn -0.480384 -0.547382 0.685277
vn -0.487617 -0.637022 0.597020
vn -0.487617 -0.637022 0.597020
vn -0.401312 -0.595518 0.695921
vn -0.376504 -0.505405 0.776408
vn 0.363591 -0.166396 0.916577
vn 0.337809 -0.520314 0.784321
vn 0.432897 -0.571296 0.697295
vn 0.432897 -0.571296 0.697295
vn 0.427581 -0.214491 0.878162
vn 0.363591 -0.166396 0.916577
vn -0.460495 0.464395 0.756492
vn -0.360095 0.483594 0.797790
vn -0.332785 0.139294 0.932658
vn -0.332785 0.139294 0.932658
vn -0.356295 0.217997 0.908588
vn -0.460495 0.464395 0.756492
vn -0.586226 0.236910 0.774734
vn -0.611567 0.348181 0.710462
vn -0.587395 0.216898 0.779694
vn -0.587395 0.216898 0.779694
vn -0.557425 0.158607 0.814936
vn -0.586226 0.236910 0.774734
vn -0.512200 0.421900 0.748099
vn -0.511197 0.456997 0.727895
vn -0.490330 0.552734 0.673841
vn -0.490330 0.552734 0.673841
vn -0.493588 0.555486 0.669183
vn -0.512200 0.421900 0.748099
vn -0.227296 0.515191 0.826386
vn -0.188598 0.432495 0.881691
vn -0.266603 0.359603 0.894208
vn -0.266603 0.359603 0.894208
vn -0.292600 0.429200 0.854501
vn -0.227296 0.515191 0.826386
vn -0.277406 -0.336707 0.899819
vn -0.292790 -0.328789 0.897871
vn -0.262606 -0.436910 0.860319
vn -0.262606 -0.436910 0.860319
vn -0.246305 -0.438708 0.864216
vn -0.277406 -0.336707 0.899819
vn -0.332785 0.139294 0.932658
vn -0.317397 0.061599 0.946290
vn -0.254690 -0.313887 0.914663
vn -0.254690 -0.313887 0.914663
vn -0.238787 -0.231188 0.943150
vn -0.332785 0.139294 0.932658
vn -0.257812 0.281613 0.924244
vn -0.219597 0.097699 0.970686
vn -0.258206 0.188004 0.947620
vn -0.258206 0.188004 0.947620
vn -0.304504 0.315304 0.898811
vn -0.257812 0.281613 0.924244
vn -0.292600 0.429200 0.854501
vn -0.266603 0.359603 0.894208
vn -0.318595 0.014200 0.947785
vn -0.318595 0.014200 0.947785
vn -0.317397 0.061599 0.946290
vn -0.292600 0.429200 0.854501
vn 0.340994 -0.349994 0.872484
vn 0.323088 -0.002800 0.946365
vn 0.306396 0.058799 0.950087
vn 0.306396 0.058799 0.950087
vn 0.287895 -0.293795 0.911483
vn 0.340994 -0.349994 0.872484
vn 0.304504 0.315304 0.898811
vn 0.257812 0.281613 0.924244
vn 0.257204 0.346205 0.902213
vn 0.257204 0.346205 0.902213
vn 0.316495 0.354694 0.879786
vn 0.304504 0.315304 0.898811
vn -0.254690 -0.313887 0.914663
vn -0.277406 -0.336707 0.899819
vn -0.246305 -0.438708 0.864216
vn -0.246305 -0.438708 0.864216
vn -0.225904 -0.420507 0.878716
vn -0.254690 -0.313887 0.914663
vn 0.329307 0.254706 0.909220
vn 0.317997 0.366496 0.874391
vn 0.396994 0.341094 0.852086
vn 0.396994 0.341094 0.852086
vn 0.383521 0.267814 0.883848
vn 0.329307 0.254706 0.909220
vn 0.588422 -0.107104 0.801429
vn 0.562884 -0.120697 0.817676
vn 0.635989 -0.407893 0.655089
vn 0.635989 -0.407893 0.655089
vn 0.675885 -0.381992 0.630286
vn 0.588422 -0.107104 0.801429
vn -0.512701 0.381601 0.769102
vn -0.459978 0.348783 0.816560
vn -0.466611 0.467811 0.750618
vn -0.466611 0.467811 0.750618
vn -0.492107 0.504407 0.709510
vn -0.512701 0.381601 0.769102
vn 0.217900 -0.161000 0.962600
vn 0.240507 -0.076502 0.967628
vn 0.295596 0.094899 0.950588
vn 0.295596 0.094899 0.950588
vn 0.304598 0.036200 0.951793
vn 0.217900 -0.161000 0.962600
vn 0.209600 -0.341000 0.916399
vn 0.238787 -0.231188 0.943150
vn 0.240507 -0.076502 0.967628
vn 0.240507 -0.076502 0.967628
vn 0.217900 -0.161000 0.962600
vn 0.209600 -0.341000 0.916399
vn 0.225904 -0.420507 0.878716
vn 0.254690 -0.313887 0.914663
vn 0.238787 -0.231188 0.943150
vn 0.238787 -0.231188 0.943150
vn 0.209600 -0.341000 0.916399
vn 0.225904 -0.420507 0.878716
vn 0.295596 0.094899 0.950588
vn 0.374892 0.266694 0.887880
vn 0.382500 0.274300 0.882300
vn 0.382500 0.274300 0.882300
vn 0.399401 0.168800 0.901102
vn 0.295596 0.094899 0.950588
vn 0.240507 -0.076502 0.967628
vn 0.356295 0.217997 0.908588
vn 0.374892 0.266694 0.887880
vn 0.374892 0.266694 0.887880
vn 0.295596 0.094899 0.950588
vn 0.240507 -0.076502 0.967628
vn 0.238787 -0.231188 0.943150
vn 0.332785 0.139294 0.932658
vn 0.356295 0.217997 0.908588
vn 0.356295 0.217997 0.908588
vn 0.240507 -0.076502 0.967628
vn 0.238787 -0.231188 0.943150
vn -0.479288 0.241494 0.843779
vn -0.365896 0.274697 0.889191
vn -0.420997 0.164099 0.892095
vn -0.420997 0.164099 0.892095
vn -0.488071 0.139092 0.861649
vn -0.479288 0.241494 0.843779
vn 0.595571 -0.019699 0.803061
vn 0.370000 0.206900 0.905700
vn 0.341009 0.137003 0.930023
vn 0.341009 0.137003 0.930023
vn 0.568025 -0.082804 0.818835
vn 0.595571 -0.019699 0.803061
vn 0.262583 -0.436872 0.860345
vn 0.292790 -0.328789 0.897871
vn 0.277406 -0.336707 0.899819
vn 0.277406 -0.336707 0.899819
vn 0.246305 -0.438708 0.864216
vn 0.262583 -0.436872 0.860345
vn 0.374892 0.266694 0.887880
vn 0.497414 0.358610 0.789923
vn 0.426004 0.309303 0.850208
vn 0.426004 0.309303 0.850208
vn 0.382500 0.274300 0.882300
vn 0.374892 0.266694 0.887880
vn -0.489989 0.410391 0.769083
vn -0.440414 0.420513 0.793224
vn -0.413191 0.462790 0.784283
vn -0.413191 0.462790 0.784283
vn -0.445189 0.442989 0.778182
vn -0.489989 0.410391 0.769083
vn -0.703680 -0.046699 0.708980
vn -0.651807 -0.089301 0.753109
vn -0.454903 0.262401 0.851005
vn -0.454903 0.262401 0.851005
vn -0.483796 0.286398 0.826993
vn -0.703680 -0.046699 0.708980
vn 0.317487 0.061597 0.946260
vn 0.292600 0.429200 0.854501
vn 0.360095 0.483594 0.797790
vn 0.360095 0.483594 0.797790
vn 0.332785 0.139294 0.932658
vn 0.317487 0.061597 0.946260
vn 0.277406 -0.336707 0.899819
vn 0.318595 0.014200 0.947785
vn 0.317487 0.061597 0.946260
vn 0.317487 0.061597 0.946260
vn 0.254690 -0.313887 0.914663
vn 0.277406 -0.336707 0.899819
vn 0.292790 -0.328789 0.897871
vn 0.313706 0.001800 0.949519
vn 0.318595 0.014200 0.947785
vn 0.318595 0.014200 0.947785
vn 0.277406 -0.336707 0.899819
vn 0.292790 -0.328789 0.897871
vn 0.523501 -0.538101 0.660601
vn 0.548707 -0.503607 0.667309
vn 0.593600 -0.379800 0.709500
vn 0.593600 -0.379800 0.709500
vn 0.578172 -0.385381 0.719165
vn 0.523501 -0.538101 0.660601
vn -0.460612 -0.017801 0.887423
vn -0.430410 -0.210605 0.877720
vn -0.482894 -0.065999 0.873188
vn -0.482894 -0.065999 0.873188
vn -0.500931 0.080305 0.861754
vn -0.460612 -0.017801 0.887423
vn 0.533000 0.175100 0.827799
vn 0.517136 0.063304 0.853559
vn 0.539263 0.214185 0.814444
vn 0.539263 0.214185 0.814444
vn 0.551381 0.267591 0.790173
vn 0.533000 0.175100 0.827799
vn 0.292600 0.429200 0.854501
vn 0.227296 0.515191 0.826386
vn 0.331592 0.568387 0.752983
vn 0.331592 0.568387 0.752983
vn 0.360095 0.483594 0.797790
vn 0.292600 0.429200 0.854501
vn 0.308895 0.242796 0.919584
vn 0.185807 0.310211 0.932333
vn 0.183804 0.365408 0.912520
vn 0.183804 0.365408 0.912520
vn 0.302594 0.276994 0.911982
vn 0.308895 0.242796 0.919584
vn 0.193801 0.093200 0.976604
vn 0.193005 -0.048001 0.980023
vn 0.216510 0.016301 0.976144
vn 0.216510 0.016301 0.976144
vn 0.225005 0.155803 0.961820
vn 0.193801 0.093200 0.976604
vn -0.326379 -0.382376 0.864445
vn -0.332691 -0.281392 0.900075
vn -0.375910 -0.417411 0.827321
vn -0.375910 -0.417411 0.827321
vn -0.377784 -0.513478 0.770467
vn -0.326379 -0.382376 0.864445
vn 0.244203 0.308003 0.919510
vn 0.160209 0.367421 0.916152
vn 0.188598 0.432495 0.881691
vn 0.188598 0.432495 0.881691
vn 0.266603 0.359603 0.894208
vn 0.244203 0.308003 0.919510
vn -0.494899 0.268899 0.826298
vn -0.442704 0.337303 0.830807
vn -0.418485 0.224392 0.880068
vn -0.418485 0.224392 0.880068
vn -0.450592 0.052499 0.891185
vn -0.494899 0.268899 0.826298
vn -0.426023 0.456424 0.781141
vn -0.386086 0.427984 0.817170
vn -0.442704 0.337303 0.830807
vn -0.442704 0.337303 0.830807
vn -0.494899 0.268899 0.826298
vn -0.426023 0.456424 0.781141
vn 0.010400 0.236706 0.971526
vn -0.084801 0.162201 0.983107
vn -0.203109 0.189008 0.960741
vn -0.203109 0.189008 0.960741
vn -0.132606 0.225210 0.965244
vn 0.010400 0.236706 0.971526
vn 0.583803 -0.334902 0.739604
vn 0.562438 -0.254017 0.786854
vn 0.458777 -0.318884 0.829359
vn 0.458777 -0.318884 0.829359
vn 0.483995 -0.396296 0.780192
vn 0.583803 -0.334902 0.739604
vn 0.382107 0.261605 0.886317
vn 0.370291 0.266793 0.889778
vn 0.422006 0.315804 0.849811
vn 0.422006 0.315804 0.849811
vn 0.411807 0.220804 0.884116
vn 0.382107 0.261605 0.886317
vn -0.668593 0.007300 0.743593
vn -0.695499 -0.006400 0.718499
vn -0.707592 -0.267597 0.653992
vn -0.707592 -0.267597 0.653992
vn -0.659220 -0.239107 0.712921
vn -0.668593 0.007300 0.743593
vn 0.487216 -0.114604 0.865729
vn 0.466110 0.190304 0.864018
vn 0.468526 0.151008 0.870448
vn 0.468526 0.151008 0.870448
vn 0.451486 -0.051798 0.890773
vn 0.487216 -0.114604 0.865729
vn -0.236900 0.040200 0.970702
vn -0.282413 0.150307 0.947444
vn -0.264698 0.451897 0.851894
vn -0.264698 0.451897 0.851894
vn -0.089499 0.393895 0.914788
vn -0.236900 0.040200 0.970702
vn -0.216189 -0.000300 0.976351
vn -0.236900 0.040200 0.970702
vn -0.089499 0.393895 0.914788
vn -0.089499 0.393895 0.914788
vn 0.021399 0.314985 0.948855
vn -0.216189 -0.000300 0.976351
vn 0.442704 0.337303 0.830807
vn 0.386086 0.427984 0.817170
vn 0.425989 0.456389 0.781180
vn 0.425989 0.456389 0.781180
vn 0.494899 0.268899 0.826298
vn 0.442704 0.337303 0.830807
vn -0.368597 0.289098 0.883493
vn -0.327913 0.185907 0.926235
vn -0.369983 0.260188 0.891860
vn -0.369983 0.260188 0.891860
vn -0.376511 0.278608 0.883525
vn -0.368597 0.289098 0.883493
vn -0.344999 0.244500 0.906198
vn -0.316090 0.010700 0.948669
vn -0.327913 0.185907 0.926235
vn -0.327913 0.185907 0.926235
vn -0.368597 0.289098 0.883493
vn -0.344999 0.244500 0.906198
vn 0.411693 0.570590 0.710588
vn 0.369608 0.328407 0.869218
vn 0.468978 0.331685 0.818562
vn 0.468978 0.331685 0.818562
vn 0.502812 0.636715 0.584614
vn 0.411693 0.570590 0.710588
vn -0.356295 0.217997 0.908588
vn -0.332785 0.139294 0.932658
vn -0.238787 -0.231188 0.943150
vn -0.238787 -0.231188 0.943150
vn -0.240509 -0.076403 0.967635
vn -0.356295 0.217997 0.908588
vn -0.415813 -0.379412 0.826526
vn -0.338194 -0.342894 0.876384
vn -0.236900 0.040200 0.970702
vn -0.236900 0.040200 0.970702
vn -0.216189 -0.000300 0.976351
vn -0.415813 -0.379412 0.826526
vn -0.410202 0.308301 0.858304
vn -0.351404 0.318703 0.880309
vn -0.358207 0.210004 0.909718
vn -0.358207 0.210004 0.909718
vn -0.395981 0.236589 0.887257
vn -0.410202 0.308301 0.858304
vn -0.316090 0.010700 0.948669
vn -0.301790 -0.069098 0.950867
vn -0.314603 0.117601 0.941910
vn -0.314603 0.117601 0.941910
vn -0.327913 0.185907 0.926235
vn -0.316090 0.010700 0.948669
vn -0.316090 0.010700 0.948669
vn -0.288112 -0.194008 0.937738
vn -0.291986 -0.294486 0.909957
vn -0.291986 -0.294486 0.909957
vn -0.301790 -0.069098 0.950867
vn -0.316090 0.010700 0.948669
vn -0.549798 0.299399 0.779797
vn -0.492309 0.332006 0.804614
vn -0.499421 0.257411 0.827235
vn -0.499421 0.257411 0.827235
vn -0.542694 0.253097 0.800891
vn -0.549798 0.299399 0.779797
vn 0.462380 0.090396 0.882062
vn 0.429704 -0.075501 0.899808
vn 0.418206 0.008300 0.908314
vn 0.418206 0.008300 0.908314
vn 0.411704 0.040700 0.910408
vn 0.462380 0.090396 0.882062
vn 0.415896 -0.379396 0.826492
vn 0.454696 -0.493696 0.741294
vn 0.500716 -0.514217 0.696322
vn 0.500716 -0.514217 0.696322
vn 0.422108 -0.356007 0.833717
vn 0.415896 -0.379396 0.826492
vn -0.422108 -0.356007 0.833717
vn -0.415813 -0.379412 0.826526
vn -0.216189 -0.000300 0.976351
vn -0.216189 -0.000300 0.976351
vn -0.169698 0.037300 0.984790
vn -0.422108 -0.356007 0.833717
vn 0.422108 -0.356007 0.833717
vn 0.169698 0.037300 0.984790
vn 0.216189 -0.000300 0.976351
vn 0.216189 -0.000300 0.976351
vn 0.415896 -0.379396 0.826492
vn 0.422108 -0.356007 0.833717
vn -0.492682 -0.211692 0.844068
vn -0.519191 -0.379893 0.765586
vn -0.569593 -0.410995 0.711791
vn -0.569593 -0.410995 0.711791
vn -0.536992 -0.254796 0.804188
vn -0.492682 -0.211692 0.844068
vn -0.563387 0.048299 0.824780
vn -0.565490 -0.010700 0.824686
vn -0.570409 0.037301 0.820513
vn -0.570409 0.037301 0.820513
vn -0.570011 0.146803 0.808416
vn -0.563387 0.048299 0.824780
vn 0.376511 0.278608 0.883525
vn 0.368586 0.289189 0.883467
vn 0.442704 0.337303 0.830807
vn 0.442704 0.337303 0.830807
vn 0.418494 0.224297 0.880087
vn 0.376511 0.278608 0.883525
vn -0.444722 -0.163908 0.880543
vn -0.369391 -0.133197 0.919679
vn -0.329307 0.254706 0.909220
vn -0.329307 0.254706 0.909220
vn -0.336611 0.262108 0.904429
vn -0.444722 -0.163908 0.880543
vn 0.364915 0.222609 0.904037
vn 0.314603 0.117601 0.941910
vn 0.327913 0.185907 0.926235
vn 0.327913 0.185907 0.926235
vn 0.369983 0.260188 0.891860
vn 0.364915 0.222609 0.904037
vn -0.384217 -0.132806 0.913641
vn -0.393805 -0.255703 0.882912
vn -0.416680 -0.309185 0.854858
vn -0.416680 -0.309185 0.854858
vn -0.401318 -0.189409 0.896141
vn -0.384217 -0.132806 0.913641
vn 0.368586 0.289189 0.883467
vn 0.344991 0.244594 0.906176
vn 0.386086 0.427984 0.817170
vn 0.386086 0.427984 0.817170
vn 0.442704 0.337303 0.830807
vn 0.368586 0.289189 0.883467
vn 0.375713 0.315911 0.871229
vn 0.353888 0.338789 0.871771
vn 0.360705 0.374906 0.854013
vn 0.360705 0.374906 0.854013
vn 0.406802 0.298402 0.863405
vn 0.375713 0.315911 0.871229
vn 0.473308 -0.150103 0.868014
vn 0.417381 -0.308786 0.854661
vn 0.430410 -0.210605 0.877720
vn 0.430410 -0.210605 0.877720
vn 0.482890 -0.066099 0.873183
vn 0.473308 -0.150103 0.868014
vn 0.358703 -0.448204 0.818807
vn 0.338194 -0.342894 0.876384
vn 0.288112 -0.194008 0.937738
vn 0.288112 -0.194008 0.937738
vn 0.291895 -0.294495 0.909984
vn 0.358703 -0.448204 0.818807
vn 0.264698 0.451897 0.851894
vn 0.265802 0.531904 0.804007
vn 0.425989 0.456389 0.781180
vn 0.425989 0.456389 0.781180
vn 0.386086 0.427984 0.817170
vn 0.264698 0.451897 0.851894
vn 0.282413 0.150307 0.947444
vn 0.264698 0.451897 0.851894
vn 0.386086 0.427984 0.817170
vn 0.386086 0.427984 0.817170
vn 0.344991 0.244594 0.906176
vn 0.282413 0.150307 0.947444
vn 0.288112 -0.194008 0.937738
vn 0.282413 0.150307 0.947444
vn 0.344991 0.244594 0.906176
vn 0.344991 0.244594 0.906176
vn 0.316090 0.010700 0.948669
vn 0.288112 -0.194008 0.937738
vn 0.089598 0.393891 0.914780
vn 0.023899 0.465786 0.884574
vn 0.265802 0.531904 0.804007
vn 0.265802 0.531904 0.804007
vn 0.264698 0.451897 0.851894
vn 0.089598 0.393891 0.914780
vn 0.487617 -0.637022 0.597020
vn 0.578884 -0.605184 0.546485
vn 0.585100 -0.518200 0.623800
vn 0.585100 -0.518200 0.623800
vn 0.480384 -0.547382 0.685277
vn 0.487617 -0.637022 0.597020
vn 0.338194 -0.342894 0.876384
vn 0.236900 0.040200 0.970702
vn 0.282413 0.150307 0.947444
vn 0.282413 0.150307 0.947444
vn 0.288112 -0.194008 0.937738
vn 0.338194 -0.342894 0.876384
vn 0.454696 -0.493696 0.741294
vn 0.415896 -0.379396 0.826492
vn 0.338194 -0.342894 0.876384
vn 0.338194 -0.342894 0.876384
vn 0.358703 -0.448204 0.818807
vn 0.454696 -0.493696 0.741294
vn 0.354418 -0.060203 0.933147
vn 0.309108 -0.002300 0.951024
vn 0.458476 0.137193 0.878054
vn 0.458476 0.137193 0.878054
vn 0.527192 0.119598 0.841288
vn 0.354418 -0.060203 0.933147
vn -0.021399 0.314985 0.948855
vn -0.098504 0.362314 0.926836
vn 0.023899 0.465786 0.884574
vn 0.023899 0.465786 0.884574
vn 0.089598 0.393891 0.914780
vn -0.021399 0.314985 0.948855
vn -0.439710 0.117503 0.890420
vn -0.420809 -0.100902 0.901520
vn -0.460612 -0.017801 0.887423
vn -0.460612 -0.017801 0.887423
vn -0.476304 0.152201 0.866008
vn -0.439710 0.117503 0.890420
vn -0.654422 -0.423914 0.626121
vn -0.677498 -0.494598 0.544398
vn -0.594486 -0.487489 0.639485
vn -0.594486 -0.487489 0.639485
vn -0.561596 -0.430997 0.706295
vn -0.654422 -0.423914 0.626121
vn -0.053802 0.285913 0.956744
vn -0.111900 0.318199 0.941397
vn -0.098504 0.362314 0.926836
vn -0.098504 0.362314 0.926836
vn -0.021399 0.314985 0.948855
vn -0.053802 0.285913 0.956744
vn 0.169698 0.037300 0.984790
vn -0.053802 0.285913 0.956744
vn -0.021399 0.314985 0.948855
vn -0.021399 0.314985 0.948855
vn 0.216189 -0.000300 0.976351
vn 0.169698 0.037300 0.984790
vn -0.496917 0.048702 0.866430
vn -0.460181 0.068697 0.885163
vn -0.433998 -0.048700 0.899597
vn -0.433998 -0.048700 0.899597
vn -0.460291 -0.118798 0.879783
vn -0.496917 0.048702 0.866430
vn -0.228695 0.093698 0.968979
vn -0.276809 0.073202 0.958133
vn 0.136905 -0.196308 0.970938
vn 0.136905 -0.196308 0.970938
vn 0.095602 -0.013700 0.995325
vn -0.228695 0.093698 0.968979
vn -0.258206 0.188004 0.947620
vn -0.217693 0.054998 0.974467
vn -0.239910 0.166907 0.956340
vn -0.239910 0.166907 0.956340
vn -0.286301 0.247200 0.925702
vn -0.258206 0.188004 0.947620
vn 0.205596 0.010400 0.978582
vn 0.233909 -0.046702 0.971136
vn 0.237199 0.240599 0.941196
vn 0.237199 0.240599 0.941196
vn 0.240705 0.236205 0.941418
vn 0.205596 0.010400 0.978582
vn 0.468526 0.151008 0.870448
vn 0.460181 0.068697 0.885163
vn 0.418206 0.008300 0.908314
vn 0.418206 0.008300 0.908314
vn 0.451486 -0.051798 0.890773
vn 0.468526 0.151008 0.870448
vn -0.429704 -0.075501 0.899808
vn -0.418124 0.008300 0.908352
vn -0.451484 -0.051898 0.890769
vn -0.451484 -0.051898 0.890769
vn -0.470093 -0.226397 0.853087
vn -0.429704 -0.075501 0.899808
vn -0.487216 -0.114604 0.865729
vn -0.451484 -0.051898 0.890769
vn -0.468526 0.151008 0.870448
vn -0.468526 0.151008 0.870448
vn -0.466110 0.190304 0.864018
vn -0.487216 -0.114604 0.865729
vn -0.524111 -0.144403 0.839318
vn -0.487216 -0.114604 0.865729
vn -0.466110 0.190304 0.864018
vn -0.466110 0.190304 0.864018
vn -0.442289 0.206495 0.872778
vn -0.524111 -0.144403 0.839318
vn -0.582100 -0.128500 0.802900
vn -0.524111 -0.144403 0.839318
vn -0.442289 0.206495 0.872778
vn -0.442289 0.206495 0.872778
vn -0.432825 0.229213 0.871851
vn -0.582100 -0.128500 0.802900
vn -0.360217 0.177408 0.915844
vn -0.336606 0.218204 0.916015
vn -0.297393 0.346192 0.889780
vn -0.297393 0.346192 0.889780
vn -0.294500 0.343200 0.891899
vn -0.360217 0.177408 0.915844
vn -0.418124 0.008300 0.908352
vn -0.429704 -0.075501 0.899808
vn -0.462301 0.090400 0.882103
vn -0.462301 0.090400 0.882103
vn -0.411789 0.040599 0.910375
vn -0.418124 0.008300 0.908352
vn 0.468604 0.338203 0.816106
vn 0.518397 0.348298 0.780995
vn 0.489989 0.410391 0.769083
vn 0.489989 0.410391 0.769083
vn 0.440414 0.420513 0.793224
vn 0.468604 0.338203 0.816106
vn -0.561596 -0.430997 0.706295
vn -0.508775 -0.357282 0.783261
vn -0.487216 -0.114604 0.865729
vn -0.487216 -0.114604 0.865729
vn -0.524111 -0.144403 0.839318
vn -0.561596 -0.430997 0.706295
vn -0.260306 0.198404 0.944921
vn -0.193901 0.076900 0.978003
vn -0.325100 0.038400 0.944900
vn -0.325100 0.038400 0.944900
vn -0.347105 0.100602 0.932415
vn -0.260306 0.198404 0.944921
vn -0.651807 -0.089301 0.753109
vn -0.742207 -0.386904 0.547205
vn -0.654422 -0.423914 0.626121
vn -0.654422 -0.423914 0.626121
vn -0.582100 -0.128500 0.802900
vn -0.651807 -0.089301 0.753109
vn 0.496371 0.125093 0.859050
vn 0.494904 0.138701 0.857807
vn 0.470907 0.224603 0.853112
vn 0.470907 0.224603 0.853112
vn 0.494404 0.195302 0.847007
vn 0.496371 0.125093 0.859050
vn -0.429704 -0.075501 0.899808
vn -0.443002 -0.129601 0.887104
vn -0.489890 0.065999 0.869282
vn -0.489890 0.065999 0.869282
vn -0.462301 0.090400 0.882103
vn -0.429704 -0.075501 0.899808
vn 0.443002 -0.129601 0.887104
vn 0.518219 -0.266610 0.812630
vn 0.470015 -0.226407 0.853127
vn 0.470015 -0.226407 0.853127
vn 0.429704 -0.075501 0.899808
vn 0.443002 -0.129601 0.887104
vn -0.470093 -0.226397 0.853087
vn -0.508775 -0.357282 0.783261
vn -0.565108 -0.381505 0.731510
vn -0.565108 -0.381505 0.731510
vn -0.518292 -0.266596 0.812588
vn -0.470093 -0.226397 0.853087
vn -0.508775 -0.357282 0.783261
vn -0.561596 -0.430997 0.706295
vn -0.594486 -0.487489 0.639485
vn -0.594486 -0.487489 0.639485
vn -0.565108 -0.381505 0.731510
vn -0.508775 -0.357282 0.783261
vn 0.028901 0.332011 0.942833
vn -0.052703 0.276914 0.959448
vn -0.123201 0.342502 0.931404
vn -0.123201 0.342502 0.931404
vn -0.047199 0.409292 0.911182
vn 0.028901 0.332011 0.942833
vn -0.742207 -0.386904 0.547205
vn -0.761270 -0.449782 0.467081
vn -0.677498 -0.494598 0.544398
vn -0.677498 -0.494598 0.544398
vn -0.654422 -0.423914 0.626121
vn -0.742207 -0.386904 0.547205
vn -0.702424 -0.286110 0.651722
vn -0.746178 -0.234493 0.623082
vn -0.778610 -0.284504 0.559307
vn -0.778610 -0.284504 0.559307
vn -0.729115 -0.335507 0.596512
vn -0.702424 -0.286110 0.651722
vn 0.332785 0.139294 0.932658
vn 0.360095 0.483594 0.797790
vn 0.460495 0.464395 0.756492
vn 0.460495 0.464395 0.756492
vn 0.356295 0.217997 0.908588
vn 0.332785 0.139294 0.932658
vn 0.391187 0.098097 0.915068
vn 0.365983 -0.011000 0.930557
vn 0.381995 0.218397 0.897988
vn 0.381995 0.218397 0.897988
vn 0.415224 0.225413 0.881350
vn 0.391187 0.098097 0.915068
vn -0.813410 -0.414505 0.408105
vn -0.761270 -0.449782 0.467081
vn -0.742207 -0.386904 0.547205
vn -0.742207 -0.386904 0.547205
vn -0.801107 -0.349603 0.485804
vn -0.813410 -0.414505 0.408105
vn -0.830302 -0.411001 0.376401
vn -0.813410 -0.414505 0.408105
vn -0.801107 -0.349603 0.485804
vn -0.801107 -0.349603 0.485804
vn -0.818383 -0.332393 0.468790
vn -0.830302 -0.411001 0.376401
vn 0.697580 -0.071998 0.712880
vn 0.669526 -0.023101 0.742429
vn 0.665092 -0.058199 0.744491
vn 0.665092 -0.058199 0.744491
vn 0.694896 -0.117799 0.709396
vn 0.697580 -0.071998 0.712880
vn -0.711416 -0.014800 0.702616
vn -0.703680 -0.046699 0.708980
vn -0.483796 0.286398 0.826993
vn -0.483796 0.286398 0.826993
vn -0.488926 0.295516 0.820744
vn -0.711416 -0.014800 0.702616
vn 0.249698 -0.185999 0.950292
vn 0.300113 0.123005 0.945940
vn 0.324910 0.192106 0.926029
vn 0.324910 0.192106 0.926029
vn 0.309108 -0.002300 0.951024
vn 0.249698 -0.185999 0.950292
vn -0.391604 0.379103 0.838408
vn -0.404101 0.368501 0.837203
vn -0.488926 0.295516 0.820744
vn -0.488926 0.295516 0.820744
vn -0.483796 0.286398 0.826993
vn -0.391604 0.379103 0.838408
vn -0.228000 0.029900 0.973202
vn -0.374809 -0.266006 0.888121
vn -0.335787 -0.220091 0.915864
vn -0.335787 -0.220091 0.915864
vn -0.246292 0.077797 0.966068
vn -0.228000 0.029900 0.973202
vn -0.432593 0.189797 0.881386
vn -0.439710 0.117503 0.890420
vn -0.476304 0.152201 0.866008
vn -0.476304 0.152201 0.866008
vn -0.462688 0.224294 0.857678
vn -0.432593 0.189797 0.881386
vn 0.352386 -0.052798 0.934364
vn 0.296185 -0.369281 0.880855
vn 0.337809 -0.520314 0.784321
vn 0.337809 -0.520314 0.784321
vn 0.363591 -0.166396 0.916577
vn 0.352386 -0.052798 0.934364
vn 0.460181 0.068697 0.885163
vn 0.468526 0.151008 0.870448
vn 0.493596 0.218898 0.841693
vn 0.493596 0.218898 0.841693
vn 0.496917 0.048702 0.866430
vn 0.460181 0.068697 0.885163
vn -0.377595 0.082499 0.922288
vn -0.326601 -0.118501 0.937704
vn -0.431383 0.124295 0.893565
vn -0.431383 0.124295 0.893565
vn -0.421194 0.181197 0.888686
vn -0.377595 0.082499 0.922288
vn -0.470093 -0.226397 0.853087
vn -0.518292 -0.266596 0.812588
vn -0.443002 -0.129601 0.887104
vn -0.443002 -0.129601 0.887104
vn -0.429704 -0.075501 0.899808
vn -0.470093 -0.226397 0.853087
vn -0.638793 0.252997 0.726592
vn -0.582491 0.032499 0.812187
vn -0.541190 -0.154497 0.826585
vn -0.541190 -0.154497 0.826585
vn -0.549407 0.061201 0.833311
vn -0.638793 0.252997 0.726592
vn 0.464703 0.408503 0.785606
vn 0.391220 0.571129 0.721636
vn 0.486413 0.511414 0.708419
vn 0.486413 0.511414 0.708419
vn 0.538585 0.352090 0.765479
vn 0.464703 0.408503 0.785606
vn 0.466110 0.190304 0.864018
vn 0.452517 0.307311 0.837131
vn 0.493596 0.218898 0.841693
vn 0.493596 0.218898 0.841693
vn 0.468526 0.151008 0.870448
vn 0.466110 0.190304 0.864018
vn -0.627974 0.085096 0.773568
vn -0.564289 -0.040499 0.824584
vn -0.591522 0.071303 0.803130
vn -0.591522 0.071303 0.803130
vn -0.597191 0.031300 0.801488
vn -0.627974 0.085096 0.773568
vn 0.508793 -0.357195 0.783289
vn 0.487216 -0.114604 0.865729
vn 0.451486 -0.051798 0.890773
vn 0.451486 -0.051798 0.890773
vn 0.470015 -0.226407 0.853127
vn 0.508793 -0.357195 0.783289
vn 0.442279 0.206590 0.872760
vn 0.395605 0.333804 0.855612
vn 0.452517 0.307311 0.837131
vn 0.452517 0.307311 0.837131
vn 0.466110 0.190304 0.864018
vn 0.442279 0.206590 0.872760
vn 0.625487 0.073298 0.776784
vn 0.587818 0.201006 0.783624
vn 0.625399 0.242099 0.741798
vn 0.625399 0.242099 0.741798
vn 0.647284 0.094398 0.756381
vn 0.625487 0.073298 0.776784
vn -0.482894 -0.065999 0.873188
vn -0.473189 -0.150097 0.868080
vn -0.522588 -0.026299 0.852180
vn -0.522588 -0.026299 0.852180
vn -0.527193 0.046199 0.848489
vn -0.482894 -0.065999 0.873188
vn 0.594486 -0.487489 0.639485
vn 0.677498 -0.494598 0.544398
vn 0.654422 -0.423914 0.626121
vn 0.654422 -0.423914 0.626121
vn 0.561596 -0.430997 0.706295
vn 0.594486 -0.487489 0.639485
vn 0.428415 0.193907 0.882531
vn 0.399805 0.181202 0.898511
vn 0.407323 0.243413 0.880249
vn 0.407323 0.243413 0.880249
vn 0.439599 0.222899 0.870097
vn 0.428415 0.193907 0.882531
vn 0.432825 0.229213 0.871851
vn 0.361998 0.357998 0.860695
vn 0.395605 0.333804 0.855612
vn 0.395605 0.333804 0.855612
vn 0.442279 0.206590 0.872760
vn 0.432825 0.229213 0.871851
vn -0.564416 -0.113703 0.817622
vn -0.524625 -0.138207 0.840040
vn -0.345809 0.298008 0.889723
vn -0.345809 0.298008 0.889723
vn -0.321083 0.306883 0.895951
vn -0.564416 -0.113703 0.817622
vn 0.561596 -0.430997 0.706295
vn 0.654422 -0.423914 0.626121
vn 0.582166 -0.128492 0.802853
vn 0.582166 -0.128492 0.802853
vn 0.523682 -0.144495 0.839571
vn 0.561596 -0.430997 0.706295
vn 0.563311 0.289106 0.774015
vn 0.551381 0.267591 0.790173
vn 0.549868 0.313082 0.774355
vn 0.549868 0.313082 0.774355
vn 0.563326 0.323115 0.760435
vn 0.563311 0.289106 0.774015
vn 0.801107 -0.349603 0.485804
vn 0.703627 -0.046802 0.709027
vn 0.651807 -0.089301 0.753109
vn 0.651807 -0.089301 0.753109
vn 0.742207 -0.386904 0.547205
vn 0.801107 -0.349603 0.485804
vn -0.513685 -0.564083 0.646481
vn -0.485399 -0.203000 0.850399
vn -0.500372 -0.181590 0.846553
vn -0.500372 -0.181590 0.846553
vn -0.536723 -0.555123 0.635427
vn -0.513685 -0.564083 0.646481
vn 0.454903 0.262401 0.851005
vn 0.367177 0.377176 0.850247
vn 0.361998 0.357998 0.860695
vn 0.361998 0.357998 0.860695
vn 0.432825 0.229213 0.871851
vn 0.454903 0.262401 0.851005
vn 0.651807 -0.089301 0.753109
vn 0.454903 0.262401 0.851005
vn 0.432825 0.229213 0.871851
vn 0.432825 0.229213 0.871851
vn 0.582166 -0.128492 0.802853
vn 0.651807 -0.089301 0.753109
vn 0.483796 0.286398 0.826993
vn 0.391604 0.379103 0.838408
vn 0.367177 0.377176 0.850247
vn 0.367177 0.377176 0.850247
vn 0.454903 0.262401 0.851005
vn 0.483796 0.286398 0.826993
vn -0.351708 0.283906 0.892020
vn -0.363893 0.199696 0.909782
vn -0.381995 0.218397 0.897988
vn -0.381995 0.218397 0.897988
vn -0.387882 0.280287 0.878059
vn -0.351708 0.283906 0.892020
vn 0.818410 -0.332304 0.468806
vn 0.711416 -0.014800 0.702616
vn 0.703627 -0.046802 0.709027
vn 0.703627 -0.046802 0.709027
vn 0.801107 -0.349603 0.485804
vn 0.818410 -0.332304 0.468806
vn -0.562380 -0.254091 0.786872
vn -0.635700 -0.143400 0.758500
vn -0.662174 -0.217891 0.716972
vn -0.662174 -0.217891 0.716972
vn -0.583803 -0.334902 0.739604
vn -0.562380 -0.254091 0.786872
vn 0.589485 -0.293992 0.752380
vn 0.670820 0.112603 0.733022
vn 0.659023 0.111404 0.743826
vn 0.659023 0.111404 0.743826
vn 0.570875 -0.191192 0.798465
vn 0.589485 -0.293992 0.752380
vn 0.543190 0.150097 0.826085
vn 0.557425 0.158607 0.814936
vn 0.586226 0.236910 0.774734
vn 0.586226 0.236910 0.774734
vn 0.559772 0.177291 0.809459
vn 0.543190 0.150097 0.826085
vn 0.417381 -0.308786 0.854661
vn 0.367910 -0.433512 0.822623
vn 0.382397 -0.335098 0.861094
vn 0.382397 -0.335098 0.861094
vn 0.430410 -0.210605 0.877720
vn 0.417381 -0.308786 0.854661
vn 0.499409 0.155403 0.852315
vn 0.520996 0.179399 0.834493
vn 0.463085 0.268791 0.844573
vn 0.463085 0.268791 0.844573
vn 0.457000 0.246600 0.854599
vn 0.499409 0.155403 0.852315
vn 0.486590 -0.040699 0.872682
vn 0.528612 0.015700 0.848719
vn 0.449998 0.339699 0.825897
vn 0.449998 0.339699 0.825897
vn 0.346305 0.291104 0.891813
vn 0.486590 -0.040699 0.872682
vn 0.433579 0.408780 0.803061
vn 0.323809 0.126504 0.937627
vn 0.459113 0.183005 0.869324
vn 0.459113 0.183005 0.869324
vn 0.480492 0.473192 0.738388
vn 0.433579 0.408780 0.803061
vn 0.575687 -0.058399 0.815582
vn 0.564190 0.009900 0.825586
vn 0.524189 0.134697 0.840882
vn 0.524189 0.134697 0.840882
vn 0.536218 0.058802 0.842029
vn 0.575687 -0.058399 0.815582
vn 0.321083 0.306883 0.895951
vn 0.216989 0.437478 0.872656
vn 0.275006 0.446609 0.851418
vn 0.275006 0.446609 0.851418
vn 0.345809 0.298008 0.889723
vn 0.321083 0.306883 0.895951
vn -0.359409 -0.294407 0.885522
vn -0.458777 -0.318884 0.829359
vn -0.483995 -0.396296 0.780192
vn -0.483995 -0.396296 0.780192
vn -0.388894 -0.372795 0.842488
vn -0.359409 -0.294407 0.885522
vn -0.480284 -0.208093 0.852071
vn -0.478279 -0.036198 0.877462
vn -0.526406 0.152702 0.836409
vn -0.526406 0.152702 0.836409
vn -0.536218 0.058802 0.842029
vn -0.480284 -0.208093 0.852071
vn -0.480284 -0.208093 0.852071
vn -0.538697 -0.343498 0.769295
vn -0.425979 -0.598971 0.678067
vn -0.425979 -0.598971 0.678067
vn -0.383593 -0.455091 0.803585
vn -0.480284 -0.208093 0.852071
vn -0.538697 -0.343498 0.769295
vn -0.591793 -0.392295 0.704192
vn -0.506317 -0.608220 0.611320
vn -0.506317 -0.608220 0.611320
vn -0.425979 -0.598971 0.678067
vn -0.538697 -0.343498 0.769295
vn -0.610003 -0.161801 0.775704
vn -0.575687 -0.058399 0.815582
vn -0.564190 0.009900 0.825586
vn -0.564190 0.009900 0.825586
vn -0.596904 -0.109501 0.794805
vn -0.610003 -0.161801 0.775704
vn 0.610013 -0.161703 0.775717
vn 0.596904 -0.109501 0.794805
vn 0.564190 0.009900 0.825586
vn 0.564190 0.009900 0.825586
vn 0.575687 -0.058399 0.815582
vn 0.610013 -0.161703 0.775717
vn 0.233600 0.354001 0.905602
vn 0.158802 0.434404 0.886609
vn 0.239694 0.515986 0.822378
vn 0.239694 0.515986 0.822378
vn 0.278894 0.421491 0.862881
vn 0.233600 0.354001 0.905602
vn -0.466993 0.241697 0.850588
vn -0.457176 0.279685 0.844255
vn -0.496984 -0.080997 0.863971
vn -0.496984 -0.080997 0.863971
vn -0.494320 -0.150606 0.856134
vn -0.466993 0.241697 0.850588
vn -0.605612 0.176604 0.775916
vn -0.596097 0.258399 0.760196
vn -0.504165 0.310278 0.805944
vn -0.504165 0.310278 0.805944
vn -0.463008 0.183203 0.867214
vn -0.605612 0.176604 0.775916
vn -0.383593 -0.455091 0.803585
vn -0.425979 -0.598971 0.678067
vn -0.369603 -0.670006 0.643806
vn -0.369603 -0.670006 0.643806
vn -0.360110 -0.509914 0.781222
vn -0.383593 -0.455091 0.803585
vn 0.225005 0.155803 0.961820
vn 0.216510 0.016301 0.976144
vn 0.290302 0.188901 0.938105
vn 0.290302 0.188901 0.938105
vn 0.296210 0.258309 0.919531
vn 0.225005 0.155803 0.961820
vn -0.500381 -0.008100 0.865767
vn -0.499206 -0.148802 0.853611
vn -0.573093 -0.001000 0.819490
vn -0.573093 -0.001000 0.819490
vn -0.565281 0.124996 0.815373
vn -0.500381 -0.008100 0.865767
vn -0.431283 -0.252490 0.866166
vn -0.422181 -0.342885 0.839162
vn -0.499206 -0.148802 0.853611
vn -0.499206 -0.148802 0.853611
vn -0.500381 -0.008100 0.865767
vn -0.431283 -0.252490 0.866166
vn -0.431283 -0.252490 0.866166
vn -0.383593 -0.455091 0.803585
vn -0.360110 -0.509914 0.781222
vn -0.360110 -0.509914 0.781222
vn -0.422181 -0.342885 0.839162
vn -0.431283 -0.252490 0.866166
vn 0.383593 -0.455091 0.803585
vn 0.360082 -0.509875 0.781261
vn 0.369517 -0.670031 0.643829
vn 0.369517 -0.670031 0.643829
vn 0.426008 -0.599012 0.678013
vn 0.383593 -0.455091 0.803585
vn 0.426008 -0.599012 0.678013
vn 0.369517 -0.670031 0.643829
vn 0.452415 -0.679723 0.577319
vn 0.452415 -0.679723 0.577319
vn 0.506317 -0.608220 0.611320
vn 0.426008 -0.599012 0.678013
vn 0.506317 -0.608220 0.611320
vn 0.452415 -0.679723 0.577319
vn 0.514302 -0.632103 0.579603
vn 0.514302 -0.632103 0.579603
vn 0.561017 -0.555417 0.613818
vn 0.506317 -0.608220 0.611320
vn -0.506317 -0.608220 0.611320
vn -0.561017 -0.555417 0.613818
vn -0.514302 -0.632103 0.579603
vn -0.514302 -0.632103 0.579603
vn -0.452415 -0.679723 0.577319
vn -0.506317 -0.608220 0.611320
vn 0.611514 -0.643914 0.459810
vn 0.602616 -0.544714 0.583215
vn 0.605419 -0.541917 0.582918
vn 0.605419 -0.541917 0.582918
vn 0.616177 -0.616877 0.489682
vn 0.611514 -0.643914 0.459810
vn -0.608912 -0.220705 0.761916
vn -0.610003 -0.161801 0.775704
vn -0.596904 -0.109501 0.794805
vn -0.596904 -0.109501 0.794805
vn -0.588075 -0.192492 0.785567
vn -0.608912 -0.220705 0.761916
vn 0.608912 -0.220705 0.761916
vn 0.588075 -0.192492 0.785567
vn 0.596904 -0.109501 0.794805
vn 0.596904 -0.109501 0.794805
vn 0.610013 -0.161703 0.775717
vn 0.608912 -0.220705 0.761916
vn 0.521695 0.224398 0.823092
vn 0.519706 0.216303 0.826510
vn 0.531583 0.233192 0.814274
vn 0.531583 0.233192 0.814274
vn 0.521898 0.195099 0.830397
vn 0.521695 0.224398 0.823092
vn 0.529000 0.213600 0.821300
vn 0.496494 0.136198 0.857289
vn 0.519706 0.216303 0.826510
vn 0.519706 0.216303 0.826510
vn 0.521695 0.224398 0.823092
vn 0.529000 0.213600 0.821300
vn 0.565281 0.124996 0.815373
vn 0.500381 -0.008100 0.865767
vn 0.496494 0.136198 0.857289
vn 0.496494 0.136198 0.857289
vn 0.529000 0.213600 0.821300
vn 0.565281 0.124996 0.815373
vn 0.520996 0.179399 0.834493
vn 0.542676 0.200891 0.815564
vn 0.476805 0.282703 0.832308
vn 0.476805 0.282703 0.832308
vn 0.463085 0.268791 0.844573
vn 0.520996 0.179399 0.834493
vn 0.519706 0.216303 0.826510
vn 0.526406 0.152702 0.836409
vn 0.528409 0.215004 0.821314
vn 0.528409 0.215004 0.821314
vn 0.531583 0.233192 0.814274
vn 0.519706 0.216303 0.826510
vn 0.496494 0.136198 0.857289
vn 0.478279 -0.036198 0.877462
vn 0.526406 0.152702 0.836409
vn 0.526406 0.152702 0.836409
vn 0.519706 0.216303 0.826510
vn 0.496494 0.136198 0.857289
vn 0.500381 -0.008100 0.865767
vn 0.431283 -0.252490 0.866166
vn 0.478279 -0.036198 0.877462
vn 0.478279 -0.036198 0.877462
vn 0.496494 0.136198 0.857289
vn 0.500381 -0.008100 0.865767
vn -0.583112 -0.195104 0.788616
vn -0.586073 -0.212990 0.781763
vn -0.558195 -0.085499 0.825293
vn -0.558195 -0.085499 0.825293
vn -0.561722 -0.062902 0.824932
vn -0.583112 -0.195104 0.788616
vn -0.532116 0.391112 0.750922
vn -0.537284 0.364689 0.760478
vn -0.518397 0.348298 0.780995
vn -0.518397 0.348298 0.780995
vn -0.489989 0.410391 0.769083
vn -0.532116 0.391112 0.750922
vn 0.536218 0.058802 0.842029
vn 0.524189 0.134697 0.840882
vn 0.528409 0.215004 0.821314
vn 0.528409 0.215004 0.821314
vn 0.526406 0.152702 0.836409
vn 0.536218 0.058802 0.842029
vn -0.468673 0.132692 0.873349
vn -0.459719 0.118405 0.880136
vn -0.473181 0.129695 0.871366
vn -0.473181 0.129695 0.871366
vn -0.473778 0.116094 0.872959
vn -0.468673 0.132692 0.873349
vn 0.383593 -0.455091 0.803585
vn 0.480284 -0.208093 0.852071
vn 0.478279 -0.036198 0.877462
vn 0.478279 -0.036198 0.877462
vn 0.431283 -0.252490 0.866166
vn 0.383593 -0.455091 0.803585
vn 0.538626 -0.343516 0.769337
vn 0.575687 -0.058399 0.815582
vn 0.536218 0.058802 0.842029
vn 0.536218 0.058802 0.842029
vn 0.480284 -0.208093 0.852071
vn 0.538626 -0.343516 0.769337
vn 0.477928 -0.517131 0.710042
vn 0.523501 -0.538101 0.660601
vn 0.578172 -0.385381 0.719165
vn 0.578172 -0.385381 0.719165
vn 0.541982 -0.333289 0.771475
vn 0.477928 -0.517131 0.710042
vn -0.501809 0.404607 0.764514
vn -0.492026 0.451024 0.744639
vn -0.493801 0.588801 0.639901
vn -0.493801 0.588801 0.639901
vn -0.512878 0.607174 0.606874
vn -0.501809 0.404607 0.764514
vn -0.452415 -0.679723 0.577319
vn -0.369603 -0.670006 0.643806
vn -0.425979 -0.598971 0.678067
vn -0.425979 -0.598971 0.678067
vn -0.506317 -0.608220 0.611320
vn -0.452415 -0.679723 0.577319
vn 0.538626 -0.343516 0.769337
vn 0.426008 -0.599012 0.678013
vn 0.506317 -0.608220 0.611320
vn 0.506317 -0.608220 0.611320
vn 0.591816 -0.392211 0.704219
vn 0.538626 -0.343516 0.769337
vn -0.188598 0.432495 0.881691
vn -0.160307 0.367415 0.916138
vn -0.244203 0.308003 0.919510
vn -0.244203 0.308003 0.919510
vn -0.266603 0.359603 0.894208
vn -0.188598 0.432495 0.881691
vn -0.497521 -0.339315 0.798334
vn -0.393805 -0.255703 0.882912
vn -0.335094 -0.000900 0.942184
vn -0.335094 -0.000900 0.942184
vn -0.393104 -0.061901 0.917408
vn -0.497521 -0.339315 0.798334
vn 0.314603 0.117601 0.941910
vn 0.301790 -0.069098 0.950867
vn 0.316090 0.010700 0.948669
vn 0.316090 0.010700 0.948669
vn 0.327913 0.185907 0.926235
vn 0.314603 0.117601 0.941910
vn 0.375404 0.414105 0.829210
vn 0.391300 0.272800 0.878900
vn 0.503694 0.400395 0.765491
vn 0.503694 0.400395 0.765491
vn 0.531639 0.537640 0.654449
vn 0.375404 0.414105 0.829210
vn 0.610013 -0.161703 0.775717
vn 0.591816 -0.392211 0.704219
vn 0.612278 -0.371787 0.697775
vn 0.612278 -0.371787 0.697775
vn 0.608912 -0.220705 0.761916
vn 0.610013 -0.161703 0.775717
vn 0.350014 0.360414 0.864634
vn 0.308811 0.546520 0.778429
vn 0.265702 0.557504 0.786506
vn 0.265702 0.557504 0.786506
vn 0.270083 0.404074 0.873945
vn 0.350014 0.360414 0.864634
vn -0.360618 0.374919 0.854043
vn -0.353801 0.338801 0.871802
vn -0.375701 0.316001 0.871202
vn -0.375701 0.316001 0.871202
vn -0.406719 0.298414 0.863440
vn -0.360618 0.374919 0.854043
vn -0.360618 0.374919 0.854043
vn -0.252703 0.373105 0.892712
vn -0.273792 0.312591 0.909574
vn -0.273792 0.312591 0.909574
vn -0.353801 0.338801 0.871802
vn -0.360618 0.374919 0.854043
vn -0.555910 0.246304 0.793914
vn -0.454570 0.276082 0.846844
vn -0.396980 0.498175 0.770862
vn -0.396980 0.498175 0.770862
vn -0.427800 0.468300 0.773099
vn -0.555910 0.246304 0.793914
vn -0.375701 0.316001 0.871202
vn -0.296210 0.258309 0.919531
vn -0.307614 0.273213 0.911443
vn -0.307614 0.273213 0.911443
vn -0.367901 0.262301 0.892103
vn -0.375701 0.316001 0.871202
vn 0.286301 0.247200 0.925702
vn 0.258210 0.187908 0.947638
vn 0.304504 0.315304 0.898811
vn 0.304504 0.315304 0.898811
vn 0.338686 0.299488 0.891964
vn 0.286301 0.247200 0.925702
vn 0.389713 0.105003 0.914931
vn 0.356311 0.058602 0.932528
vn 0.347203 0.261102 0.900708
vn 0.347203 0.261102 0.900708
vn 0.419200 0.205200 0.884400
vn 0.389713 0.105003 0.914931
vn -0.217592 -0.012100 0.975965
vn -0.249796 0.098399 0.963286
vn -0.273792 0.312591 0.909574
vn -0.273792 0.312591 0.909574
vn -0.206200 0.264800 0.941999
vn -0.217592 -0.012100 0.975965
vn 0.223296 0.250995 0.941881
vn 0.157899 0.343198 0.925896
vn 0.259905 0.403007 0.877516
vn 0.259905 0.403007 0.877516
vn 0.269286 0.289385 0.918554
vn 0.223296 0.250995 0.941881
vn -0.196601 0.352301 0.915004
vn -0.172296 0.415389 0.893177
vn -0.174303 0.287405 0.941816
vn -0.174303 0.287405 0.941816
vn -0.206200 0.264800 0.941999
vn -0.196601 0.352301 0.915004
vn 0.398398 -0.484998 0.778496
vn 0.390202 -0.393502 0.832405
vn 0.380502 -0.382202 0.842104
vn 0.380502 -0.382202 0.842104
vn 0.385888 -0.470286 0.793676
vn 0.398398 -0.484998 0.778496
vn -0.290302 0.188901 0.938105
vn -0.216489 0.016299 0.976149
vn -0.225005 0.155803 0.961820
vn -0.225005 0.155803 0.961820
vn -0.296210 0.258309 0.919531
vn -0.290302 0.188901 0.938105
vn -0.207107 -0.126304 0.970131
vn -0.216489 0.016299 0.976149
vn -0.290302 0.188901 0.938105
vn -0.290302 0.188901 0.938105
vn -0.249796 0.098399 0.963286
vn -0.207107 -0.126304 0.970131
vn -0.222388 -0.284085 0.932652
vn -0.207107 -0.126304 0.970131
vn -0.249796 0.098399 0.963286
vn -0.249796 0.098399 0.963286
vn -0.217592 -0.012100 0.975965
vn -0.222388 -0.284085 0.932652
vn 0.419411 0.194005 0.886824
vn 0.391187 0.098097 0.915068
vn 0.415224 0.225413 0.881350
vn 0.415224 0.225413 0.881350
vn 0.425311 0.217506 0.878523
vn 0.419411 0.194005 0.886824
vn 0.140006 0.314013 0.939039
vn 0.078803 0.440615 0.894231
vn 0.210804 0.448209 0.868718
vn 0.210804 0.448209 0.868718
vn 0.210803 0.325305 0.921813
vn 0.140006 0.314013 0.939039
vn -0.216489 0.016299 0.976149
vn -0.193005 -0.048001 0.980023
vn -0.193799 0.093299 0.976595
vn -0.193799 0.093299 0.976595
vn -0.225005 0.155803 0.961820
vn -0.216489 0.016299 0.976149
vn 0.278596 0.137698 0.950486
vn 0.175196 0.089298 0.980476
vn 0.084801 0.162201 0.983107
vn 0.084801 0.162201 0.983107
vn 0.203105 0.189104 0.960723
vn 0.278596 0.137698 0.950486
vn 0.480384 -0.547382 0.685277
vn 0.444722 -0.163908 0.880543
vn 0.369396 -0.133099 0.919691
vn 0.369396 -0.133099 0.919691
vn 0.376504 -0.505405 0.776408
vn 0.480384 -0.547382 0.685277
vn -0.370281 0.266886 0.889755
vn -0.344394 0.174397 0.922485
vn -0.381283 0.241489 0.892360
vn -0.381283 0.241489 0.892360
vn -0.382107 0.261605 0.886317
vn -0.370281 0.266886 0.889755
vn -0.257793 -0.412589 0.873678
vn -0.259187 -0.488876 0.832960
vn -0.284095 -0.571190 0.770086
vn -0.284095 -0.571190 0.770086
vn -0.284383 -0.495471 0.820752
vn -0.257793 -0.412589 0.873678
vn -0.259187 -0.488876 0.832960
vn -0.257793 -0.412589 0.873678
vn -0.217306 -0.074902 0.973226
vn -0.217306 -0.074902 0.973226
vn -0.214902 -0.092901 0.972207
vn -0.259187 -0.488876 0.832960
vn 0.361807 0.277105 0.890117
vn 0.295798 0.459097 0.837695
vn 0.314986 0.396382 0.862360
vn 0.314986 0.396382 0.862360
vn 0.365887 0.235892 0.900268
vn 0.361807 0.277105 0.890117
vn -0.172296 0.415389 0.893177
vn -0.166399 0.483298 0.859497
vn -0.165607 0.338614 0.926237
vn -0.165607 0.338614 0.926237
vn -0.174303 0.287405 0.941816
vn -0.172296 0.415389 0.893177
vn 0.367901 0.262301 0.892103
vn 0.375713 0.315911 0.871229
vn 0.406802 0.298402 0.863405
vn 0.406802 0.298402 0.863405
vn 0.395088 0.196994 0.897273
vn 0.367901 0.262301 0.892103
vn 0.558182 0.204693 0.804073
vn 0.536220 0.155506 0.829630
vn 0.540587 0.245794 0.804581
vn 0.540587 0.245794 0.804581
vn 0.557807 0.275504 0.782910
vn 0.558182 0.204693 0.804073
vn 0.267995 0.228295 0.935981
vn 0.225005 0.155803 0.961820
vn 0.296210 0.258309 0.919531
vn 0.296210 0.258309 0.919531
vn 0.307614 0.273213 0.911443
vn 0.267995 0.228295 0.935981
vn 0.247394 0.182996 0.951477
vn 0.193801 0.093200 0.976604
vn 0.225005 0.155803 0.961820
vn 0.225005 0.155803 0.961820
vn 0.267995 0.228295 0.935981
vn 0.247394 0.182996 0.951477
vn -0.676834 0.252613 0.691435
vn -0.625506 0.242102 0.741707
vn -0.647333 0.094405 0.756338
vn -0.647333 0.094405 0.756338
vn -0.670820 0.112603 0.733022
vn -0.676834 0.252613 0.691435
vn 0.296210 0.258309 0.919531
vn 0.290302 0.188901 0.938105
vn 0.353888 0.338789 0.871771
vn 0.353888 0.338789 0.871771
vn 0.375713 0.315911 0.871229
vn 0.296210 0.258309 0.919531
vn -0.296210 0.258309 0.919531
vn -0.225005 0.155803 0.961820
vn -0.267995 0.228295 0.935981
vn -0.267995 0.228295 0.935981
vn -0.307614 0.273213 0.911443
vn -0.296210 0.258309 0.919531
vn 0.313706 0.001800 0.949519
vn 0.244203 0.308003 0.919510
vn 0.266603 0.359603 0.894208
vn 0.266603 0.359603 0.894208
vn 0.318595 0.014200 0.947785
vn 0.313706 0.001800 0.949519
vn 0.202591 -0.189491 0.960755
vn 0.206991 -0.126294 0.970157
vn 0.216510 0.016301 0.976144
vn 0.216510 0.016301 0.976144
vn 0.193005 -0.048001 0.980023
vn 0.202591 -0.189491 0.960755
vn 0.234400 -0.354500 0.905200
vn 0.222388 -0.284085 0.932652
vn 0.206991 -0.126294 0.970157
vn 0.206991 -0.126294 0.970157
vn 0.202591 -0.189491 0.960755
vn 0.234400 -0.354500 0.905200
vn 0.468282 0.320588 0.823368
vn 0.401002 0.417902 0.815203
vn 0.403116 0.431317 0.807132
vn 0.403116 0.431317 0.807132
vn 0.359409 0.294107 0.885622
vn 0.468282 0.320588 0.823368
vn -0.635700 -0.143400 0.758500
vn -0.562380 -0.254091 0.786872
vn -0.396802 -0.001100 0.917904
vn -0.396802 -0.001100 0.917904
vn -0.450896 0.049700 0.891192
vn -0.635700 -0.143400 0.758500
vn 0.362908 0.393809 0.844519
vn 0.246885 0.402176 0.881647
vn 0.218599 0.466297 0.857194
vn 0.218599 0.466297 0.857194
vn 0.381194 0.420193 0.823486
vn 0.362908 0.393809 0.844519
vn 0.206200 0.264800 0.941999
vn 0.196601 0.352301 0.915004
vn 0.252703 0.373105 0.892712
vn 0.252703 0.373105 0.892712
vn 0.273792 0.312591 0.909574
vn 0.206200 0.264800 0.941999
vn 0.248091 -0.098996 0.963665
vn 0.233909 -0.046702 0.971136
vn 0.234106 -0.334309 0.912925
vn 0.234106 -0.334309 0.912925
vn 0.257097 -0.412996 0.873691
vn 0.248091 -0.098996 0.963665
vn -0.596522 0.499119 0.628524
vn -0.638793 0.252997 0.726592
vn -0.549407 0.061201 0.833311
vn -0.549407 0.061201 0.833311
vn -0.457786 0.339290 0.821775
vn -0.596522 0.499119 0.628524
vn 0.284383 -0.495471 0.820752
vn 0.257793 -0.412589 0.873678
vn 0.222388 -0.284085 0.932652
vn 0.222388 -0.284085 0.932652
vn 0.234400 -0.354500 0.905200
vn 0.284383 -0.495471 0.820752
vn 0.341009 0.137003 0.930023
vn 0.238291 0.187793 0.952865
vn 0.144607 0.202509 0.968545
vn 0.144607 0.202509 0.968545
vn 0.256092 0.158495 0.953570
vn 0.341009 0.137003 0.930023
vn -0.390898 -0.447198 0.804496
vn -0.442623 -0.536728 0.718337
vn -0.417893 -0.637989 0.646789
vn -0.417893 -0.637989 0.646789
vn -0.370403 -0.547305 0.750506
vn -0.390898 -0.447198 0.804496
vn 0.217306 -0.074902 0.973226
vn 0.174395 0.287492 0.941772
vn 0.206200 0.264800 0.941999
vn 0.206200 0.264800 0.941999
vn 0.217592 -0.012100 0.975965
vn 0.217306 -0.074902 0.973226
vn 0.257793 -0.412589 0.873678
vn 0.217306 -0.074902 0.973226
vn 0.217592 -0.012100 0.975965
vn 0.217592 -0.012100 0.975965
vn 0.222388 -0.284085 0.932652
vn 0.257793 -0.412589 0.873678
vn -0.500931 0.080305 0.861754
vn -0.482894 -0.065999 0.873188
vn -0.527193 0.046199 0.848489
vn -0.527193 0.046199 0.848489
vn -0.536211 0.155603 0.829618
vn -0.500931 0.080305 0.861754
vn 0.214902 -0.092901 0.972207
vn 0.165607 0.338614 0.926237
vn 0.174395 0.287492 0.941772
vn 0.174395 0.287492 0.941772
vn 0.217306 -0.074902 0.973226
vn 0.214902 -0.092901 0.972207
vn 0.335094 -0.000900 0.942184
vn 0.269286 0.289385 0.918554
vn 0.347203 0.261102 0.900708
vn 0.347203 0.261102 0.900708
vn 0.356311 0.058602 0.932528
vn 0.335094 -0.000900 0.942184
vn -0.549885 0.312991 0.774379
vn -0.551381 0.267591 0.790173
vn -0.563267 0.289083 0.774055
vn -0.563267 0.289083 0.774055
vn -0.563376 0.323186 0.760367
vn -0.549885 0.312991 0.774379
vn -0.519706 0.216303 0.826510
vn -0.496494 0.136198 0.857289
vn -0.529000 0.213600 0.821300
vn -0.529000 0.213600 0.821300
vn -0.521695 0.224398 0.823092
vn -0.519706 0.216303 0.826510
vn -0.527303 0.268302 0.806205
vn -0.474096 0.237298 0.847893
vn -0.487571 0.174590 0.855449
vn -0.487571 0.174590 0.855449
vn -0.539192 0.214197 0.814488
vn -0.527303 0.268302 0.806205
vn 0.375894 -0.417294 0.827387
vn 0.454012 -0.476113 0.753120
vn 0.445519 -0.191108 0.874637
vn 0.445519 -0.191108 0.874637
vn 0.390691 -0.135597 0.910480
vn 0.375894 -0.417294 0.827387
vn 0.654422 -0.423914 0.626121
vn 0.742207 -0.386904 0.547205
vn 0.651807 -0.089301 0.753109
vn 0.651807 -0.089301 0.753109
vn 0.582166 -0.128492 0.802853
vn 0.654422 -0.423914 0.626121
vn -0.539192 0.214197 0.814488
vn -0.517206 0.063401 0.853510
vn -0.533000 0.175100 0.827799
vn -0.533000 0.175100 0.827799
vn -0.551381 0.267591 0.790173
vn -0.539192 0.214197 0.814488
vn -0.323088 -0.002800 0.946365
vn -0.342401 -0.052200 0.938103
vn -0.380502 -0.382202 0.842104
vn -0.380502 -0.382202 0.842104
vn -0.340994 -0.349994 0.872484
vn -0.323088 -0.002800 0.946365
vn 0.522074 -0.760361 0.386380
vn 0.561917 -0.691921 0.453314
vn 0.540287 -0.691783 0.479088
vn 0.540287 -0.691783 0.479088
vn 0.500715 -0.765122 0.404812
vn 0.522074 -0.760361 0.386380
vn -0.579314 -0.011700 0.815020
vn -0.576795 -0.098799 0.810893
vn -0.565490 -0.010700 0.824686
vn -0.565490 -0.010700 0.824686
vn -0.563387 0.048299 0.824780
vn -0.579314 -0.011700 0.815020
vn -0.425783 0.237991 0.872966
vn -0.394601 0.271901 0.877702
vn -0.396197 0.174699 0.901393
vn -0.396197 0.174699 0.901393
vn -0.431510 0.155404 0.888622
vn -0.425783 0.237991 0.872966
vn -0.396016 0.116405 0.910836
vn -0.387896 0.004800 0.921691
vn -0.391998 0.146699 0.908194
vn -0.391998 0.146699 0.908194
vn -0.375209 0.146303 0.915322
vn -0.396016 0.116405 0.910836
vn -0.517206 0.063401 0.853510
vn -0.483919 -0.113404 0.867734
vn -0.510899 0.054700 0.857899
vn -0.510899 0.054700 0.857899
vn -0.533000 0.175100 0.827799
vn -0.517206 0.063401 0.853510
vn -0.397885 -0.272390 0.876066
vn -0.483919 -0.113404 0.867734
vn -0.517206 0.063401 0.853510
vn -0.517206 0.063401 0.853510
vn -0.451308 -0.039001 0.891516
vn -0.397885 -0.272390 0.876066
vn -0.374892 0.266694 0.887880
vn -0.356295 0.217997 0.908588
vn -0.240509 -0.076403 0.967635
vn -0.240509 -0.076403 0.967635
vn -0.295596 0.094899 0.950588
vn -0.374892 0.266694 0.887880
vn 0.464606 -0.098601 0.880011
vn 0.474914 0.244707 0.845325
vn 0.499421 0.257411 0.827235
vn 0.499421 0.257411 0.827235
vn 0.453598 -0.004300 0.891196
vn 0.464606 -0.098601 0.880011
vn -0.510899 0.054700 0.857899
vn -0.499887 -0.023299 0.865777
vn -0.530900 0.065500 0.844900
vn -0.530900 0.065500 0.844900
vn -0.539878 0.132395 0.831266
vn -0.510899 0.054700 0.857899
vn 0.415896 -0.379396 0.826492
vn 0.216189 -0.000300 0.976351
vn 0.236900 0.040200 0.970702
vn 0.236900 0.040200 0.970702
vn 0.338194 -0.342894 0.876384
vn 0.415896 -0.379396 0.826492
vn 0.376611 -0.082102 0.922726
vn 0.332691 -0.281392 0.900075
vn 0.368480 -0.040598 0.928749
vn 0.368480 -0.040598 0.928749
vn 0.397592 0.070099 0.914881
vn 0.376611 -0.082102 0.922726
vn -0.330306 -0.426707 0.841914
vn -0.329112 -0.505918 0.797328
vn -0.307700 -0.601300 0.737400
vn -0.307700 -0.601300 0.737400
vn -0.321316 -0.509325 0.798339
vn -0.330306 -0.426707 0.841914
vn 0.329112 -0.505918 0.797328
vn 0.307700 -0.601300 0.737400
vn 0.304608 -0.643617 0.702119
vn 0.304608 -0.643617 0.702119
vn 0.333803 -0.499204 0.799607
vn 0.329112 -0.505918 0.797328
vn -0.333803 -0.499204 0.799607
vn -0.329112 -0.505918 0.797328
vn -0.383606 -0.162903 0.909015
vn -0.383606 -0.162903 0.909015
vn -0.384491 -0.077398 0.919878
vn -0.333803 -0.499204 0.799607
vn -0.384491 -0.077398 0.919878
vn -0.383606 -0.162903 0.909015
vn -0.396197 0.174699 0.901393
vn -0.396197 0.174699 0.901393
vn -0.390520 0.225911 0.892445
vn -0.384491 -0.077398 0.919878
vn -0.390520 0.225911 0.892445
vn -0.396197 0.174699 0.901393
vn -0.394601 0.271901 0.877702
vn -0.394601 0.271901 0.877702
vn -0.394891 0.301693 0.867780
vn -0.390520 0.225911 0.892445
vn -0.287986 -0.293786 0.911457
vn -0.340994 -0.349994 0.872484
vn -0.344486 -0.441182 0.828666
vn -0.344486 -0.441182 0.828666
vn -0.293197 -0.383896 0.875591
vn -0.287986 -0.293786 0.911457
vn 0.549800 0.222200 0.805200
vn 0.533000 0.175100 0.827799
vn 0.551381 0.267591 0.790173
vn 0.551381 0.267591 0.790173
vn 0.563311 0.289106 0.774015
vn 0.549800 0.222200 0.805200
vn 0.539878 0.132395 0.831266
vn 0.510896 0.054800 0.857894
vn 0.533000 0.175100 0.827799
vn 0.533000 0.175100 0.827799
vn 0.549800 0.222200 0.805200
vn 0.539878 0.132395 0.831266
vn -0.438111 0.336108 0.833721
vn -0.463313 0.308609 0.830724
vn -0.567700 0.189200 0.801199
vn -0.567700 0.189200 0.801199
vn -0.428784 0.142695 0.892066
vn -0.438111 0.336108 0.833721
vn 0.551381 0.267591 0.790173
vn 0.539263 0.214185 0.814444
vn 0.527978 0.270088 0.805166
vn 0.527978 0.270088 0.805166
vn 0.549868 0.313082 0.774355
vn 0.551381 0.267591 0.790173
vn 0.516095 -0.095499 0.851191
vn 0.561804 -0.120101 0.818506
vn 0.494904 0.138701 0.857807
vn 0.494904 0.138701 0.857807
vn 0.496371 0.125093 0.859050
vn 0.516095 -0.095499 0.851191
vn 0.628023 0.085103 0.773528
vn 0.659023 0.111404 0.743826
vn 0.684100 0.195500 0.702700
vn 0.684100 0.195500 0.702700
vn 0.659184 0.074498 0.748282
vn 0.628023 0.085103 0.773528
vn 0.499812 -0.023301 0.865821
vn 0.477018 -0.181107 0.860032
vn 0.483882 -0.113296 0.867768
vn 0.483882 -0.113296 0.867768
vn 0.510896 0.054800 0.857894
vn 0.499812 -0.023301 0.865821
vn 0.402075 -0.340979 0.849747
vn 0.397919 -0.272413 0.876043
vn 0.483882 -0.113296 0.867768
vn 0.483882 -0.113296 0.867768
vn 0.477018 -0.181107 0.860032
vn 0.402075 -0.340979 0.849747
vn 0.321299 -0.509399 0.798298
vn 0.330291 -0.426789 0.841878
vn 0.397919 -0.272413 0.876043
vn 0.397919 -0.272413 0.876043
vn 0.402075 -0.340979 0.849747
vn 0.321299 -0.509399 0.798298
vn -0.542409 0.201003 0.815714
vn -0.694662 -0.054597 0.717261
vn -0.655418 -0.089702 0.749921
vn -0.655418 -0.089702 0.749921
vn -0.520996 0.179399 0.834493
vn -0.542409 0.201003 0.815714
vn -0.338686 0.299488 0.891964
vn -0.286301 0.247200 0.925702
vn -0.305598 0.266198 0.914193
vn -0.305598 0.266198 0.914193
vn -0.339900 0.274200 0.899601
vn -0.338686 0.299488 0.891964
vn 0.674317 -0.454612 0.581915
vn 0.686777 -0.439585 0.578880
vn 0.684790 -0.356495 0.635590
vn 0.684790 -0.356495 0.635590
vn 0.675885 -0.381992 0.630286
vn 0.674317 -0.454612 0.581915
vn 0.431510 0.155404 0.888622
vn 0.425783 0.237991 0.872966
vn 0.474096 0.237298 0.847893
vn 0.474096 0.237298 0.847893
vn 0.487495 0.174598 0.855491
vn 0.431510 0.155404 0.888622
vn -0.540287 -0.691783 0.479088
vn -0.561917 -0.691921 0.453314
vn -0.522074 -0.760361 0.386380
vn -0.522074 -0.760361 0.386380
vn -0.500790 -0.765084 0.404792
vn -0.540287 -0.691783 0.479088
vn 0.330291 -0.426789 0.841878
vn 0.397086 -0.132495 0.908167
vn 0.451388 -0.038999 0.891475
vn 0.451388 -0.038999 0.891475
vn 0.397919 -0.272413 0.876043
vn 0.330291 -0.426789 0.841878
vn 0.527581 -0.111396 0.842169
vn 0.239797 0.261696 0.934887
vn 0.317605 0.189403 0.929114
vn 0.317605 0.189403 0.929114
vn 0.571107 -0.163102 0.804509
vn 0.527581 -0.111396 0.842169
vn -0.381194 0.420193 0.823486
vn -0.362908 0.393809 0.844519
vn -0.422006 0.315804 0.849811
vn -0.422006 0.315804 0.849811
vn -0.459915 0.274009 0.844628
vn -0.381194 0.420193 0.823486
vn 0.420805 -0.101001 0.901511
vn 0.399619 -0.139907 0.905942
vn 0.413790 0.115797 0.902978
vn 0.413790 0.115797 0.902978
vn 0.439710 0.117503 0.890420
vn 0.420805 -0.101001 0.901511
vn 0.383606 -0.162903 0.909015
vn 0.396197 0.174699 0.901393
vn 0.431510 0.155404 0.888622
vn 0.431510 0.155404 0.888622
vn 0.397086 -0.132495 0.908167
vn 0.383606 -0.162903 0.909015
vn 0.329112 -0.505918 0.797328
vn 0.383606 -0.162903 0.909015
vn 0.397086 -0.132495 0.908167
vn 0.397086 -0.132495 0.908167
vn 0.330291 -0.426789 0.841878
vn 0.329112 -0.505918 0.797328
vn -0.480415 0.402312 0.779324
vn -0.532790 0.179996 0.826884
vn -0.528612 0.015700 0.848719
vn -0.528612 0.015700 0.848719
vn -0.449998 0.339699 0.825897
vn -0.480415 0.402312 0.779324
vn -0.717386 -0.458891 0.524190
vn -0.650077 -0.444384 0.616378
vn -0.566593 -0.158598 0.808590
vn -0.566593 -0.158598 0.808590
vn -0.571297 -0.162999 0.804395
vn -0.717386 -0.458891 0.524190
vn 0.813410 -0.414505 0.408105
vn 0.801107 -0.349603 0.485804
vn 0.742207 -0.386904 0.547205
vn 0.742207 -0.386904 0.547205
vn 0.761270 -0.449782 0.467081
vn 0.813410 -0.414505 0.408105
vn -0.636612 -0.408808 0.653912
vn -0.519191 -0.379893 0.765586
vn -0.455078 -0.156692 0.876557
vn -0.455078 -0.156692 0.876557
vn -0.531615 -0.183705 0.826824
vn -0.636612 -0.408808 0.653912
vn -0.362486 -0.409985 0.836968
vn -0.348085 -0.509278 0.787066
vn -0.367997 -0.433496 0.822593
vn -0.367997 -0.433496 0.822593
vn -0.382384 -0.335186 0.861065
vn -0.362486 -0.409985 0.836968
vn -0.360685 -0.605675 0.709270
vn -0.303094 -0.478390 0.824183
vn -0.296185 -0.369281 0.880855
vn -0.296185 -0.369281 0.880855
vn -0.337809 -0.520314 0.784321
vn -0.360685 -0.605675 0.709270
vn 0.582166 -0.128492 0.802853
vn 0.432825 0.229213 0.871851
vn 0.442279 0.206590 0.872760
vn 0.442279 0.206590 0.872760
vn 0.523682 -0.144495 0.839571
vn 0.582166 -0.128492 0.802853
vn 0.391986 0.206192 0.896567
vn 0.392015 0.192307 0.899634
vn 0.296810 0.284310 0.911631
vn 0.296810 0.284310 0.911631
vn 0.315702 0.311402 0.896304
vn 0.391986 0.206192 0.896567
vn -0.363591 -0.166396 0.916577
vn -0.427591 -0.214395 0.878181
vn -0.432897 -0.571296 0.697295
vn -0.432897 -0.571296 0.697295
vn -0.337809 -0.520314 0.784321
vn -0.363591 -0.166396 0.916577
vn -0.352386 -0.052798 0.934364
vn -0.363591 -0.166396 0.916577
vn -0.337809 -0.520314 0.784321
vn -0.337809 -0.520314 0.784321
vn -0.296185 -0.369281 0.880855
vn -0.352386 -0.052798 0.934364
vn -0.303991 -0.224393 0.925871
vn -0.326601 -0.118501 0.937704
vn -0.296185 -0.369281 0.880855
vn -0.296185 -0.369281 0.880855
vn -0.303094 -0.478390 0.824183
vn -0.303991 -0.224393 0.925871
vn -0.365887 0.235892 0.900268
vn -0.361807 0.277105 0.890117
vn -0.500372 -0.181590 0.846553
vn -0.500372 -0.181590 0.846553
vn -0.485399 -0.203000 0.850399
vn -0.365887 0.235892 0.900268
vn 0.588422 -0.107104 0.801429
vn 0.587814 -0.085002 0.804519
vn 0.402010 0.182704 0.897222
vn 0.402010 0.182704 0.897222
vn 0.392015 0.192307 0.899634
vn 0.588422 -0.107104 0.801429
vn -0.525584 -0.141596 0.838875
vn -0.450085 -0.099097 0.887470
vn -0.453411 0.108103 0.884722
vn -0.453411 0.108103 0.884722
vn -0.488071 0.139092 0.861649
vn -0.525584 -0.141596 0.838875
vn -0.395981 0.236589 0.887257
vn -0.358207 0.210004 0.909718
vn -0.363591 -0.166396 0.916577
vn -0.363591 -0.166396 0.916577
vn -0.352386 -0.052798 0.934364
vn -0.395981 0.236589 0.887257
vn 0.309108 -0.002300 0.951024
vn 0.324910 0.192106 0.926029
vn 0.371197 0.230098 0.899593
vn 0.371197 0.230098 0.899593
vn 0.458476 0.137193 0.878054
vn 0.309108 -0.002300 0.951024
vn -0.496494 0.136198 0.857289
vn -0.500381 -0.008100 0.865767
vn -0.565281 0.124996 0.815373
vn -0.565281 0.124996 0.815373
vn -0.529000 0.213600 0.821300
vn -0.496494 0.136198 0.857289
vn -0.333092 0.339692 0.879579
vn -0.315000 0.396500 0.862301
vn -0.365887 0.235892 0.900268
vn -0.365887 0.235892 0.900268
vn -0.362310 0.200105 0.910324
vn -0.333092 0.339692 0.879579
vn 0.584811 -0.098102 0.805215
vn 0.302594 0.276994 0.911982
vn 0.321083 0.306883 0.895951
vn 0.321083 0.306883 0.895951
vn 0.564409 -0.113802 0.817613
vn 0.584811 -0.098102 0.805215
vn 0.283992 -0.571385 0.769979
vn 0.259187 -0.488876 0.832960
vn 0.257793 -0.412589 0.873678
vn 0.257793 -0.412589 0.873678
vn 0.284383 -0.495471 0.820752
vn 0.283992 -0.571385 0.769979
vn -0.436402 0.235801 0.868304
vn -0.459485 0.259692 0.849373
vn -0.410202 0.308301 0.858304
vn -0.410202 0.308301 0.858304
vn -0.395981 0.236589 0.887257
vn -0.436402 0.235801 0.868304
vn 0.395981 0.236589 0.887257
vn 0.436402 0.235801 0.868304
vn 0.377595 0.082499 0.922288
vn 0.377595 0.082499 0.922288
vn 0.352386 -0.052798 0.934364
vn 0.395981 0.236589 0.887257
vn -0.442502 0.199901 0.874204
vn -0.463903 0.160601 0.871207
vn -0.459485 0.259692 0.849373
vn -0.459485 0.259692 0.849373
vn -0.436402 0.235801 0.868304
vn -0.442502 0.199901 0.874204
vn -0.338194 -0.342894 0.876384
vn -0.415813 -0.379412 0.826526
vn -0.454696 -0.493696 0.741294
vn -0.454696 -0.493696 0.741294
vn -0.358703 -0.448204 0.818807
vn -0.338194 -0.342894 0.876384
vn 0.377595 0.082499 0.922288
vn 0.421313 0.181206 0.888628
vn 0.431389 0.124197 0.893577
vn 0.431389 0.124197 0.893577
vn 0.326601 -0.118501 0.937704
vn 0.377595 0.082499 0.922288
vn 0.318295 0.407193 0.856086
vn 0.313410 0.276309 0.908530
vn 0.444315 0.254609 0.858929
vn 0.444315 0.254609 0.858929
vn 0.395484 0.440282 0.806067
vn 0.318295 0.407193 0.856086
vn 0.437391 0.068199 0.896682
vn 0.303991 -0.224393 0.925871
vn 0.326601 -0.118501 0.937704
vn 0.326601 -0.118501 0.937704
vn 0.431389 0.124197 0.893577
vn 0.437391 0.068199 0.896682
vn 0.536723 -0.555123 0.635427
vn 0.513611 -0.564112 0.646514
vn 0.505988 -0.644985 0.572687
vn 0.505988 -0.644985 0.572687
vn 0.526814 -0.637217 0.562515
vn 0.536723 -0.555123 0.635427
vn 0.500382 -0.181493 0.846569
vn 0.485399 -0.203000 0.850399
vn 0.513611 -0.564112 0.646514
vn 0.513611 -0.564112 0.646514
vn 0.536723 -0.555123 0.635427
vn 0.500382 -0.181493 0.846569
vn -0.653979 -0.347889 0.671778
vn -0.641376 -0.351687 0.681875
vn -0.625785 0.072898 0.776581
vn -0.625785 0.072898 0.776581
vn -0.615409 0.069801 0.785111
vn -0.653979 -0.347889 0.671778
vn -0.214902 -0.092901 0.972207
vn -0.217306 -0.074902 0.973226
vn -0.174303 0.287405 0.941816
vn -0.174303 0.287405 0.941816
vn -0.165607 0.338614 0.926237
vn -0.214902 -0.092901 0.972207
vn 0.513611 -0.564112 0.646514
vn 0.432897 -0.571296 0.697295
vn 0.437911 -0.652816 0.618115
vn 0.437911 -0.652816 0.618115
vn 0.505988 -0.644985 0.572687
vn 0.513611 -0.564112 0.646514
vn 0.485399 -0.203000 0.850399
vn 0.427581 -0.214491 0.878162
vn 0.432897 -0.571296 0.697295
vn 0.432897 -0.571296 0.697295
vn 0.513611 -0.564112 0.646514
vn 0.485399 -0.203000 0.850399
vn 0.362310 0.200105 0.910324
vn 0.427581 -0.214491 0.878162
vn 0.485399 -0.203000 0.850399
vn 0.485399 -0.203000 0.850399
vn 0.365887 0.235892 0.900268
vn 0.362310 0.200105 0.910324
vn -0.501396 -0.491596 0.711994
vn -0.453911 -0.476212 0.753118
vn -0.445511 -0.191205 0.874621
vn -0.445511 -0.191205 0.874621
vn -0.482189 -0.201495 0.852580
vn -0.501396 -0.491596 0.711994
vn 0.337809 -0.520314 0.784321
vn 0.360602 -0.605803 0.709203
vn 0.437911 -0.652816 0.618115
vn 0.437911 -0.652816 0.618115
vn 0.432897 -0.571296 0.697295
vn 0.337809 -0.520314 0.784321
vn -0.602318 -0.121704 0.788924
vn -0.578906 -0.133401 0.804408
vn -0.580507 0.296103 0.758509
vn -0.580507 0.296103 0.758509
vn -0.538492 0.351995 0.765589
vn -0.602318 -0.121704 0.788924
vn 0.358207 0.210004 0.909718
vn 0.363591 -0.166396 0.916577
vn 0.427581 -0.214491 0.878162
vn 0.427581 -0.214491 0.878162
vn 0.362310 0.200105 0.910324
vn 0.358207 0.210004 0.909718
vn 0.351491 0.318692 0.880278
vn 0.358207 0.210004 0.909718
vn 0.362310 0.200105 0.910324
vn 0.362310 0.200105 0.910324
vn 0.333110 0.339810 0.879526
vn 0.351491 0.318692 0.880278
vn 0.467215 -0.205507 0.859928
vn 0.449017 -0.397915 0.800030
vn 0.501332 -0.208113 0.839854
vn 0.501332 -0.208113 0.839854
vn 0.489285 -0.042799 0.871073
vn 0.467215 -0.205507 0.859928
vn 0.625814 -0.064301 0.777317
vn 0.499577 -0.339284 0.797063
vn 0.519991 -0.230496 0.822485
vn 0.519991 -0.230496 0.822485
vn 0.624182 0.021699 0.780978
vn 0.625814 -0.064301 0.777317
vn 0.559500 0.119300 0.820200
vn 0.527121 0.046202 0.848534
vn 0.536220 0.155506 0.829630
vn 0.536220 0.155506 0.829630
vn 0.558182 0.204693 0.804073
vn 0.559500 0.119300 0.820200
vn 0.410214 0.308211 0.858330
vn 0.395981 0.236589 0.887257
vn 0.358207 0.210004 0.909718
vn 0.358207 0.210004 0.909718
vn 0.351491 0.318692 0.880278
vn 0.410214 0.308211 0.858330
vn 0.504490 -0.586888 0.633287
vn 0.516092 -0.501193 0.694590
vn 0.477986 -0.440587 0.759877
vn 0.477986 -0.440587 0.759877
vn 0.486104 -0.512004 0.708205
vn 0.504490 -0.586888 0.633287
vn 0.597112 -0.160603 0.785916
vn 0.325100 0.038400 0.944900
vn 0.346985 0.100596 0.932460
vn 0.346985 0.100596 0.932460
vn 0.531615 -0.183705 0.826824
vn 0.597112 -0.160603 0.785916
vn -0.329112 -0.505918 0.797328
vn -0.330306 -0.426707 0.841914
vn -0.397086 -0.132495 0.908167
vn -0.397086 -0.132495 0.908167
vn -0.383606 -0.162903 0.909015
vn -0.329112 -0.505918 0.797328
vn 0.421313 0.181206 0.888628
vn 0.377595 0.082499 0.922288
vn 0.436402 0.235801 0.868304
vn 0.436402 0.235801 0.868304
vn 0.442502 0.199901 0.874204
vn 0.421313 0.181206 0.888628
vn 0.756315 0.011100 0.654113
vn 0.636388 -0.068899 0.768286
vn 0.562898 0.039200 0.825597
vn 0.562898 0.039200 0.825597
vn 0.641228 -0.054202 0.765434
vn 0.756315 0.011100 0.654113
vn 0.768701 -0.046700 0.637901
vn 0.756315 0.011100 0.654113
vn 0.641228 -0.054202 0.765434
vn 0.641228 -0.054202 0.765434
vn 0.709401 -0.136800 0.691401
vn 0.768701 -0.046700 0.637901
vn 0.500490 -0.343493 0.794684
vn 0.709401 -0.136800 0.691401
vn 0.641228 -0.054202 0.765434
vn 0.641228 -0.054202 0.765434
vn 0.514807 -0.071601 0.854311
vn 0.500490 -0.343493 0.794684
vn 0.424002 0.070600 0.902905
vn 0.576703 0.060600 0.814704
vn 0.454491 0.276094 0.846883
vn 0.454491 0.276094 0.846883
vn 0.302395 0.311095 0.900986
vn 0.424002 0.070600 0.902905
vn -0.562898 0.039200 0.825597
vn -0.636388 -0.068899 0.768286
vn -0.756315 0.011100 0.654113
vn -0.756315 0.011100 0.654113
vn -0.641228 -0.054202 0.765434
vn -0.562898 0.039200 0.825597
vn 0.641228 -0.054202 0.765434
vn 0.562898 0.039200 0.825597
vn 0.512181 0.026499 0.858469
vn 0.512181 0.026499 0.858469
vn 0.514807 -0.071601 0.854311
vn 0.641228 -0.054202 0.765434
vn -0.500490 -0.343493 0.794684
vn -0.514807 -0.071601 0.854311
vn -0.641228 -0.054202 0.765434
vn -0.641228 -0.054202 0.765434
vn -0.709401 -0.136800 0.691401
vn -0.500490 -0.343493 0.794684
vn -0.768701 -0.046700 0.637901
vn -0.709401 -0.136800 0.691401
vn -0.641228 -0.054202 0.765434
vn -0.641228 -0.054202 0.765434
vn -0.756315 0.011100 0.654113
vn -0.768701 -0.046700 0.637901
vn -0.326702 0.403203 0.854806
vn -0.427391 0.441590 0.788883
vn -0.501019 0.359513 0.787230
vn -0.501019 0.359513 0.787230
vn -0.467220 0.392317 0.792334
vn -0.326702 0.403203 0.854806
vn 0.344989 0.520184 0.781276
vn 0.326702 0.403203 0.854806
vn 0.427391 0.441590 0.788883
vn 0.427391 0.441590 0.788883
vn 0.402205 0.571707 0.715109
vn 0.344989 0.520184 0.781276
vn 0.535724 0.075203 0.841038
vn 0.565097 0.084400 0.820696
vn 0.567700 0.189200 0.801199
vn 0.567700 0.189200 0.801199
vn 0.428784 0.142695 0.892066
vn 0.535724 0.075203 0.841038
vn -0.397509 -0.076302 0.914420
vn -0.549407 0.061201 0.833311
vn -0.541190 -0.154497 0.826585
vn -0.541190 -0.154497 0.826585
vn -0.363611 -0.507115 0.781423
vn -0.397509 -0.076302 0.914420
vn 0.501019 0.359513 0.787230
vn 0.538885 0.358090 0.762479
vn 0.525796 0.446996 0.723694
vn 0.525796 0.446996 0.723694
vn 0.427391 0.441590 0.788883
vn 0.501019 0.359513 0.787230
vn -0.427391 0.441590 0.788883
vn -0.326702 0.403203 0.854806
vn -0.344989 0.520184 0.781276
vn -0.344989 0.520184 0.781276
vn -0.402205 0.571707 0.715109
vn -0.427391 0.441590 0.788883
vn 0.525796 0.446996 0.723694
vn 0.474888 0.614185 0.630284
vn 0.402205 0.571707 0.715109
vn 0.402205 0.571707 0.715109
vn 0.427391 0.441590 0.788883
vn 0.525796 0.446996 0.723694
vn -0.317006 0.153503 0.935919
vn -0.428784 0.142695 0.892066
vn -0.535724 0.075203 0.841038
vn -0.535724 0.075203 0.841038
vn -0.498777 0.100695 0.860861
vn -0.317006 0.153503 0.935919
vn 0.377813 -0.513518 0.770427
vn 0.458311 -0.554113 0.694917
vn 0.454012 -0.476113 0.753120
vn 0.454012 -0.476113 0.753120
vn 0.375894 -0.417294 0.827387
vn 0.377813 -0.513518 0.770427
vn 0.519191 -0.379893 0.765586
vn 0.455078 -0.156692 0.876557
vn 0.442924 -0.060003 0.894549
vn 0.442924 -0.060003 0.894549
vn 0.492682 -0.211692 0.844068
vn 0.519191 -0.379893 0.765586
vn -0.567700 0.189200 0.801199
vn -0.565097 0.084400 0.820696
vn -0.535724 0.075203 0.841038
vn -0.535724 0.075203 0.841038
vn -0.428784 0.142695 0.892066
vn -0.567700 0.189200 0.801199
vn 0.276809 0.073202 0.958133
vn 0.480685 0.257692 0.838174
vn 0.546606 0.239503 0.802409
vn 0.546606 0.239503 0.802409
vn 0.228695 0.093698 0.968979
vn 0.276809 0.073202 0.958133
vn -0.496693 0.363395 0.788188
vn -0.515590 0.323094 0.793585
vn -0.624985 0.257394 0.736982
vn -0.624985 0.257394 0.736982
vn -0.560201 0.310401 0.768001
vn -0.496693 0.363395 0.788188
vn 0.428784 0.142695 0.892066
vn 0.438126 0.336020 0.833749
vn 0.376592 0.330593 0.865382
vn 0.376592 0.330593 0.865382
vn 0.317006 0.153503 0.935919
vn 0.428784 0.142695 0.892066
vn 0.567700 0.189200 0.801199
vn 0.463313 0.308609 0.830724
vn 0.438126 0.336020 0.833749
vn 0.438126 0.336020 0.833749
vn 0.428784 0.142695 0.892066
vn 0.567700 0.189200 0.801199
vn 0.560201 0.310401 0.768001
vn 0.600120 0.072402 0.796627
vn 0.689526 0.181207 0.701226
vn 0.689526 0.181207 0.701226
vn 0.624985 0.257394 0.736982
vn 0.560201 0.310401 0.768001
vn 0.562292 -0.009200 0.826888
vn 0.595309 0.126902 0.793412
vn 0.627630 0.172608 0.759136
vn 0.627630 0.172608 0.759136
vn 0.598806 0.177802 0.780908
vn 0.562292 -0.009200 0.826888
vn 0.515534 0.323021 0.793652
vn 0.624985 0.257394 0.736982
vn 0.697209 0.273103 0.662808
vn 0.697209 0.273103 0.662808
vn 0.587983 0.268592 0.762978
vn 0.515534 0.323021 0.793652
vn 0.697209 0.273103 0.662808
vn 0.624985 0.257394 0.736982
vn 0.689526 0.181207 0.701226
vn 0.689526 0.181207 0.701226
vn 0.718516 0.224405 0.658314
vn 0.697209 0.273103 0.662808
vn -0.689526 0.181207 0.701226
vn -0.600120 0.072402 0.796627
vn -0.560201 0.310401 0.768001
vn -0.560201 0.310401 0.768001
vn -0.624985 0.257394 0.736982
vn -0.689526 0.181207 0.701226
vn -0.689526 0.181207 0.701226
vn -0.624985 0.257394 0.736982
vn -0.697209 0.273103 0.662808
vn -0.697209 0.273103 0.662808
vn -0.718516 0.224405 0.658314
vn -0.689526 0.181207 0.701226
vn 0.624985 0.257394 0.736982
vn 0.515534 0.323021 0.793652
vn 0.496693 0.363395 0.788188
vn 0.496693 0.363395 0.788188
vn 0.560201 0.310401 0.768001
vn 0.624985 0.257394 0.736982
vn -0.697209 0.273103 0.662808
vn -0.624985 0.257394 0.736982
vn -0.515590 0.323094 0.793585
vn -0.515590 0.323094 0.793585
vn -0.588028 0.268613 0.762936
vn -0.697209 0.273103 0.662808
vn -0.372014 -0.295211 0.880032
vn -0.390898 -0.447198 0.804496
vn -0.370403 -0.547305 0.750506
vn -0.370403 -0.547305 0.750506
vn -0.357121 -0.385823 0.850650
vn -0.372014 -0.295211 0.880032
vn -0.426180 -0.094796 0.899658
vn -0.379802 -0.145801 0.913506
vn -0.486673 0.085895 0.869351
vn -0.486673 0.085895 0.869351
vn -0.505314 0.065802 0.860423
vn -0.426180 -0.094796 0.899658
vn 0.515103 0.196901 0.834205
vn 0.486673 0.085895 0.869351
vn 0.505314 0.065802 0.860423
vn 0.505314 0.065802 0.860423
vn 0.525920 0.208308 0.824631
vn 0.515103 0.196901 0.834205
vn -0.578501 0.090900 0.810601
vn -0.645107 0.078901 0.760008
vn -0.691912 -0.053301 0.720012
vn -0.691912 -0.053301 0.720012
vn -0.601207 -0.134402 0.787709
vn -0.578501 0.090900 0.810601
vn -0.574710 0.237904 0.783014
vn -0.606305 0.278402 0.744907
vn -0.645107 0.078901 0.760008
vn -0.645107 0.078901 0.760008
vn -0.578501 0.090900 0.810601
vn -0.574710 0.237904 0.783014
vn 0.606305 0.278402 0.744907
vn 0.645107 0.078901 0.760008
vn 0.721625 0.091403 0.686224
vn 0.721625 0.091403 0.686224
vn 0.658609 0.324105 0.679110
vn 0.606305 0.278402 0.744907
vn 0.721625 0.091403 0.686224
vn 0.645107 0.078901 0.760008
vn 0.691912 -0.053301 0.720012
vn 0.691912 -0.053301 0.720012
vn 0.732176 -0.007100 0.681078
vn 0.721625 0.091403 0.686224
vn -0.336783 0.076696 0.938453
vn -0.288286 0.013099 0.957455
vn -0.424905 0.307503 0.851409
vn -0.424905 0.307503 0.851409
vn -0.463399 0.320400 0.826199
vn -0.336783 0.076696 0.938453
vn -0.691912 -0.053301 0.720012
vn -0.645107 0.078901 0.760008
vn -0.721625 0.091403 0.686224
vn -0.721625 0.091403 0.686224
vn -0.732176 -0.007100 0.681078
vn -0.691912 -0.053301 0.720012
vn -0.721625 0.091403 0.686224
vn -0.645107 0.078901 0.760008
vn -0.606305 0.278402 0.744907
vn -0.606305 0.278402 0.744907
vn -0.658609 0.324105 0.679110
vn -0.721625 0.091403 0.686224
vn 0.445189 0.442989 0.778182
vn 0.489989 0.410391 0.769083
vn 0.532116 0.391112 0.750922
vn 0.532116 0.391112 0.750922
vn 0.504902 0.430601 0.748102
vn 0.445189 0.442989 0.778182
vn 0.410214 0.308211 0.858330
vn 0.459524 0.259714 0.849345
vn 0.436402 0.235801 0.868304
vn 0.436402 0.235801 0.868304
vn 0.395981 0.236589 0.887257
vn 0.410214 0.308211 0.858330
vn -0.403116 0.431317 0.807132
vn -0.401002 0.417902 0.815203
vn -0.468282 0.320588 0.823368
vn -0.468282 0.320588 0.823368
vn -0.359398 0.294199 0.885596
vn -0.403116 0.431317 0.807132
vn -0.359398 0.294199 0.885596
vn -0.468282 0.320588 0.823368
vn -0.499210 0.267005 0.824317
vn -0.499210 0.267005 0.824317
vn -0.463289 0.261394 0.846780
vn -0.359398 0.294199 0.885596
vn 0.463289 0.261394 0.846780
vn 0.359409 0.294107 0.885622
vn 0.268708 0.294408 0.917126
vn 0.268708 0.294408 0.917126
vn 0.406091 0.261294 0.875680
vn 0.463289 0.261394 0.846780
vn 0.565086 -0.381591 0.731482
vn 0.508793 -0.357195 0.783289
vn 0.470015 -0.226407 0.853127
vn 0.470015 -0.226407 0.853127
vn 0.518219 -0.266610 0.812630
vn 0.565086 -0.381591 0.731482
vn 0.191207 -0.071603 0.978935
vn 0.219597 0.097699 0.970686
vn 0.258210 0.187908 0.947638
vn 0.258210 0.187908 0.947638
vn 0.217693 0.054998 0.974467
vn 0.191207 -0.071603 0.978935
vn 0.359409 0.294107 0.885622
vn 0.403116 0.431317 0.807132
vn 0.368297 0.427496 0.825593
vn 0.368297 0.427496 0.825593
vn 0.268708 0.294408 0.917126
vn 0.359409 0.294107 0.885622
vn -0.405096 0.145698 0.902590
vn -0.401598 -0.103099 0.909994
vn -0.399619 -0.139907 0.905942
vn -0.399619 -0.139907 0.905942
vn -0.413790 0.115797 0.902978
vn -0.405096 0.145698 0.902590
vn 0.647508 0.200502 0.735209
vn 0.609931 -0.089005 0.787440
vn 0.627981 -0.064198 0.775576
vn 0.627981 -0.064198 0.775576
vn 0.653402 0.089500 0.751702
vn 0.647508 0.200502 0.735209
vn 0.479109 0.309406 0.821415
vn 0.496217 0.200507 0.844728
vn 0.498911 0.089502 0.862019
vn 0.498911 0.089502 0.862019
vn 0.466921 0.291313 0.834938
vn 0.479109 0.309406 0.821415
vn 0.496217 0.200507 0.844728
vn 0.449514 -0.089003 0.888828
vn 0.469420 -0.064203 0.880638
vn 0.469420 -0.064203 0.880638
vn 0.498911 0.089502 0.862019
vn 0.496217 0.200507 0.844728
vn -0.326608 0.305508 0.894423
vn -0.312490 0.068198 0.947470
vn -0.368591 0.135397 0.919678
vn -0.368591 0.135397 0.919678
vn -0.450081 0.247989 0.857863
vn -0.326608 0.305508 0.894423
vn 0.502522 -0.006700 0.864538
vn 0.568406 0.170402 0.804909
vn 0.554804 0.212802 0.804306
vn 0.554804 0.212802 0.804306
vn 0.448981 -0.092296 0.888762
vn 0.502522 -0.006700 0.864538
vn 0.555586 0.281993 0.782180
vn 0.554804 0.212802 0.804306
vn 0.568406 0.170402 0.804909
vn 0.568406 0.170402 0.804909
vn 0.551620 0.276510 0.786929
vn 0.555586 0.281993 0.782180
vn -0.554804 0.212802 0.804306
vn -0.568406 0.170402 0.804909
vn -0.502522 -0.006700 0.864538
vn -0.502522 -0.006700 0.864538
vn -0.448981 -0.092296 0.888762
vn -0.554804 0.212802 0.804306
vn 0.395484 0.440282 0.806067
vn 0.444315 0.254609 0.858929
vn 0.577003 0.227201 0.784504
vn 0.577003 0.227201 0.784504
vn 0.486997 0.448597 0.749396
vn 0.395484 0.440282 0.806067
vn -0.627981 -0.064198 0.775576
vn -0.609931 -0.089005 0.787440
vn -0.647508 0.200502 0.735209
vn -0.647508 0.200502 0.735209
vn -0.653402 0.089500 0.751702
vn -0.627981 -0.064198 0.775576
vn 0.626175 0.309387 0.715671
vn 0.647508 0.200502 0.735209
vn 0.653402 0.089500 0.751702
vn 0.653402 0.089500 0.751702
vn 0.616788 0.291194 0.731286
vn 0.626175 0.309387 0.715671
vn -0.268708 0.294408 0.917126
vn -0.359398 0.294199 0.885596
vn -0.463289 0.261394 0.846780
vn -0.463289 0.261394 0.846780
vn -0.406091 0.261294 0.875680
vn -0.268708 0.294408 0.917126
vn -0.555910 0.246304 0.793914
vn -0.605196 0.081499 0.791894
vn -0.576703 0.060600 0.814704
vn -0.576703 0.060600 0.814704
vn -0.454570 0.276082 0.846844
vn -0.555910 0.246304 0.793914
vn -0.265702 0.557504 0.786506
vn -0.308811 0.546520 0.778429
vn -0.350014 0.360414 0.864634
vn -0.350014 0.360414 0.864634
vn -0.270094 0.403991 0.873980
vn -0.265702 0.557504 0.786506
vn -0.453598 -0.004300 0.891196
vn -0.492013 0.079802 0.866923
vn -0.542694 0.253097 0.800891
vn -0.542694 0.253097 0.800891
vn -0.499421 0.257411 0.827235
vn -0.453598 -0.004300 0.891196
vn -0.548707 -0.503607 0.667309
vn -0.521084 -0.542783 0.658679
vn -0.493305 -0.575906 0.651907
vn -0.493305 -0.575906 0.651907
vn -0.523394 -0.538094 0.660692
vn -0.548707 -0.503607 0.667309
vn 0.461200 0.245000 0.852801
vn 0.350014 0.360414 0.864634
vn 0.270083 0.404074 0.873945
vn 0.270083 0.404074 0.873945
vn 0.405786 0.264791 0.874770
vn 0.461200 0.245000 0.852801
vn 0.499692 0.243796 0.831187
vn 0.454493 0.356295 0.816388
vn 0.350014 0.360414 0.864634
vn 0.350014 0.360414 0.864634
vn 0.461200 0.245000 0.852801
vn 0.499692 0.243796 0.831187
vn 0.454493 0.356295 0.816388
vn 0.311490 0.505284 0.804775
vn 0.308811 0.546520 0.778429
vn 0.308811 0.546520 0.778429
vn 0.350014 0.360414 0.864634
vn 0.454493 0.356295 0.816388
vn 0.547680 0.170794 0.819070
vn 0.514882 0.088597 0.852670
vn 0.516428 0.165709 0.840145
vn 0.516428 0.165709 0.840145
vn 0.529092 0.200297 0.824587
vn 0.547680 0.170794 0.819070
vn -0.633171 0.209690 0.745066
vn -0.627630 0.172608 0.759136
vn -0.552592 0.238197 0.798689
vn -0.552592 0.238197 0.798689
vn -0.553781 0.128596 0.822672
vn -0.633171 0.209690 0.745066
vn -0.595309 0.126902 0.793412
vn -0.627630 0.172608 0.759136
vn -0.633171 0.209690 0.745066
vn -0.633171 0.209690 0.745066
vn -0.551604 0.219502 0.804706
vn -0.595309 0.126902 0.793412
vn -0.627630 0.172608 0.759136
vn -0.598806 0.177802 0.780908
vn -0.532487 0.285093 0.796981
vn -0.532487 0.285093 0.796981
vn -0.552592 0.238197 0.798689
vn -0.627630 0.172608 0.759136
vn -0.342401 -0.052200 0.938103
vn -0.341202 -0.078501 0.936706
vn -0.390202 -0.393502 0.832405
vn -0.390202 -0.393502 0.832405
vn -0.380502 -0.382202 0.842104
vn -0.342401 -0.052200 0.938103
vn 0.470092 0.380293 0.796486
vn 0.522886 0.283493 0.803879
vn 0.576385 0.192095 0.794279
vn 0.576385 0.192095 0.794279
vn 0.445607 0.206803 0.871015
vn 0.470092 0.380293 0.796486
vn 0.500285 0.371789 0.781977
vn 0.545232 0.308018 0.779646
vn 0.606899 0.243999 0.756398
vn 0.606899 0.243999 0.756398
vn 0.508423 0.312414 0.802436
vn 0.500285 0.371789 0.781977
vn -0.317008 -0.185405 0.930124
vn -0.327113 -0.274511 0.904235
vn -0.313408 -0.107403 0.943525
vn -0.313408 -0.107403 0.943525
vn -0.326094 -0.021900 0.945084
vn -0.317008 -0.185405 0.930124
vn 0.493321 -0.059103 0.867837
vn 0.449008 -0.027101 0.893117
vn 0.511815 0.113803 0.851525
vn 0.511815 0.113803 0.851525
vn 0.459113 0.183005 0.869324
vn 0.493321 -0.059103 0.867837
vn -0.459113 0.183005 0.869324
vn -0.323809 0.126504 0.937627
vn -0.433579 0.408780 0.803061
vn -0.433579 0.408780 0.803061
vn -0.480492 0.473192 0.738388
vn -0.459113 0.183005 0.869324
vn 0.459113 0.183005 0.869324
vn 0.323809 0.126504 0.937627
vn 0.442889 -0.104397 0.890478
vn 0.442889 -0.104397 0.890478
vn 0.493321 -0.059103 0.867837
vn 0.459113 0.183005 0.869324
vn 0.480492 0.473192 0.738388
vn 0.459113 0.183005 0.869324
vn 0.511815 0.113803 0.851525
vn 0.511815 0.113803 0.851525
vn 0.372879 0.303183 0.876950
vn 0.480492 0.473192 0.738388
vn -0.511785 0.083198 0.855075
vn -0.526275 -0.009600 0.850260
vn -0.509632 0.099206 0.854654
vn -0.509632 0.099206 0.854654
vn -0.503611 0.169604 0.847119
vn -0.511785 0.083198 0.855075
vn -0.442889 -0.104397 0.890478
vn -0.323809 0.126504 0.937627
vn -0.459113 0.183005 0.869324
vn -0.459113 0.183005 0.869324
vn -0.493321 -0.059103 0.867837
vn -0.442889 -0.104397 0.890478
vn -0.511815 0.113803 0.851525
vn -0.449008 -0.027101 0.893117
vn -0.493321 -0.059103 0.867837
vn -0.493321 -0.059103 0.867837
vn -0.459113 0.183005 0.869324
vn -0.511815 0.113803 0.851525
vn -0.577003 0.227201 0.784504
vn -0.444315 0.254609 0.858929
vn -0.395484 0.440282 0.806067
vn -0.395484 0.440282 0.806067
vn -0.486997 0.448597 0.749396
vn -0.577003 0.227201 0.784504
vn -0.444315 0.254609 0.858929
vn -0.547410 0.074801 0.833515
vn -0.357700 0.016000 0.933700
vn -0.357700 0.016000 0.933700
vn -0.313410 0.276309 0.908530
vn -0.444315 0.254609 0.858929
vn -0.444315 0.254609 0.858929
vn -0.313410 0.276309 0.908530
vn -0.318295 0.407193 0.856086
vn -0.318295 0.407193 0.856086
vn -0.395484 0.440282 0.806067
vn -0.444315 0.254609 0.858929
vn -0.383593 -0.455091 0.803585
vn -0.431283 -0.252490 0.866166
vn -0.478279 -0.036198 0.877462
vn -0.478279 -0.036198 0.877462
vn -0.480284 -0.208093 0.852071
vn -0.383593 -0.455091 0.803585
vn -0.442704 0.337303 0.830807
vn -0.368597 0.289098 0.883493
vn -0.376511 0.278608 0.883525
vn -0.376511 0.278608 0.883525
vn -0.418485 0.224392 0.880068
vn -0.442704 0.337303 0.830807
vn -0.547326 -0.036102 0.836140
vn -0.562991 -0.126098 0.816787
vn -0.526275 -0.009600 0.850260
vn -0.526275 -0.009600 0.850260
vn -0.511785 0.083198 0.855075
vn -0.547326 -0.036102 0.836140
vn -0.374809 -0.266006 0.888121
vn -0.415109 -0.373608 0.829519
vn -0.358796 -0.328796 0.873590
vn -0.358796 -0.328796 0.873590
vn -0.335787 -0.220091 0.915864
vn -0.374809 -0.266006 0.888121
vn -0.309531 0.370854 0.875590
vn -0.450481 0.239490 0.860065
vn -0.328188 0.203793 0.922367
vn -0.328188 0.203793 0.922367
vn -0.317503 0.386710 0.865822
vn -0.309531 0.370854 0.875590
vn 0.477470 0.267783 0.836848
vn 0.506299 0.215499 0.834998
vn 0.606991 0.169197 0.776488
vn 0.606991 0.169197 0.776488
vn 0.506891 0.247596 0.825686
vn 0.477470 0.267783 0.836848
vn -0.420809 -0.100902 0.901520
vn -0.382384 -0.335186 0.861065
vn -0.430410 -0.210605 0.877720
vn -0.430410 -0.210605 0.877720
vn -0.460612 -0.017801 0.887423
vn -0.420809 -0.100902 0.901520
vn -0.328188 0.203793 0.922367
vn -0.203596 0.150097 0.967481
vn -0.123796 0.201594 0.971614
vn -0.123796 0.201594 0.971614
vn -0.117196 0.189825 0.974798
vn -0.328188 0.203793 0.922367
vn -0.328188 0.203793 0.922367
vn -0.367001 0.182200 0.912202
vn -0.205301 0.140201 0.968605
vn -0.205301 0.140201 0.968605
vn -0.203596 0.150097 0.967481
vn -0.328188 0.203793 0.922367
vn 0.341702 0.271602 0.899707
vn 0.345114 0.215709 0.913437
vn 0.505606 0.333004 0.795909
vn 0.505606 0.333004 0.795909
vn 0.635662 0.474572 0.608864
vn 0.341702 0.271602 0.899707
vn 0.186797 0.231296 0.954782
vn 0.215403 0.216103 0.952314
vn 0.345114 0.215709 0.913437
vn 0.345114 0.215709 0.913437
vn 0.341702 0.271602 0.899707
vn 0.186797 0.231296 0.954782
vn 0.489285 -0.042799 0.871073
vn 0.501332 -0.208113 0.839854
vn 0.526275 -0.009600 0.850260
vn 0.526275 -0.009600 0.850260
vn 0.509589 0.099198 0.854681
vn 0.489285 -0.042799 0.871073
vn -0.627591 0.263796 0.732490
vn -0.559903 0.280302 0.779705
vn -0.526064 0.340177 0.779446
vn -0.526064 0.340177 0.779446
vn -0.546804 0.307102 0.778906
vn -0.627591 0.263796 0.732490
vn -0.405010 0.149404 0.902023
vn -0.481494 0.143698 0.864589
vn -0.450081 0.247989 0.857863
vn -0.450081 0.247989 0.857863
vn -0.368591 0.135397 0.919678
vn -0.405010 0.149404 0.902023
vn 0.366794 0.183697 0.911985
vn 0.488498 0.167199 0.856396
vn 0.450481 0.239490 0.860065
vn 0.450481 0.239490 0.860065
vn 0.328188 0.203793 0.922367
vn 0.366794 0.183697 0.911985
vn -0.522605 0.076801 0.849109
vn -0.491990 0.082498 0.866683
vn -0.203109 0.189008 0.960741
vn -0.203109 0.189008 0.960741
vn -0.278504 0.137702 0.950512
vn -0.522605 0.076801 0.849109
vn -0.469420 -0.064203 0.880638
vn -0.449514 -0.089003 0.888828
vn -0.496217 0.200507 0.844728
vn -0.496217 0.200507 0.844728
vn -0.498916 0.089403 0.862027
vn -0.469420 -0.064203 0.880638
vn -0.478279 -0.036198 0.877462
vn -0.431283 -0.252490 0.866166
vn -0.500381 -0.008100 0.865767
vn -0.500381 -0.008100 0.865767
vn -0.496494 0.136198 0.857289
vn -0.478279 -0.036198 0.877462
vn -0.454570 0.276082 0.846844
vn -0.576703 0.060600 0.814704
vn -0.424002 0.070600 0.902905
vn -0.424002 0.070600 0.902905
vn -0.302395 0.311095 0.900986
vn -0.454570 0.276082 0.846844
vn 0.397011 0.498214 0.770821
vn 0.454491 0.276094 0.846883
vn 0.555910 0.246304 0.793914
vn 0.555910 0.246304 0.793914
vn 0.427718 0.468320 0.773133
vn 0.397011 0.498214 0.770821
vn 0.328992 0.466289 0.821181
vn 0.302395 0.311095 0.900986
vn 0.454491 0.276094 0.846883
vn 0.454491 0.276094 0.846883
vn 0.397011 0.498214 0.770821
vn 0.328992 0.466289 0.821181
vn 0.463008 0.183203 0.867214
vn 0.605612 0.176604 0.775916
vn 0.612510 0.059601 0.788213
vn 0.612510 0.059601 0.788213
vn 0.470619 -0.001200 0.882336
vn 0.463008 0.183203 0.867214
vn 0.576703 0.060600 0.814704
vn 0.605196 0.081499 0.791894
vn 0.555910 0.246304 0.793914
vn 0.555910 0.246304 0.793914
vn 0.454491 0.276094 0.846883
vn 0.576703 0.060600 0.814704
vn -0.503694 0.400395 0.765491
vn -0.391300 0.272800 0.878900
vn -0.375404 0.414105 0.829210
vn -0.375404 0.414105 0.829210
vn -0.531711 0.537611 0.654414
vn -0.503694 0.400395 0.765491
vn -0.376592 0.330593 0.865382
vn -0.438111 0.336108 0.833721
vn -0.428784 0.142695 0.892066
vn -0.428784 0.142695 0.892066
vn -0.317006 0.153503 0.935919
vn -0.376592 0.330593 0.865382
vn -0.455078 -0.156692 0.876557
vn -0.442885 -0.059998 0.894569
vn -0.423208 0.110102 0.899318
vn -0.423208 0.110102 0.899318
vn -0.385513 0.116404 0.915331
vn -0.455078 -0.156692 0.876557
vn -0.391300 0.272800 0.878900
vn -0.398094 0.227896 0.888586
vn -0.254697 0.082599 0.963487
vn -0.254697 0.082599 0.963487
vn -0.234705 0.210405 0.949022
vn -0.391300 0.272800 0.878900
vn 0.500206 0.018400 0.865711
vn 0.455524 -0.081904 0.886448
vn 0.472184 0.015099 0.881371
vn 0.472184 0.015099 0.881371
vn 0.511099 0.093700 0.854399
vn 0.500206 0.018400 0.865711
vn 0.216096 0.319595 0.922584
vn 0.234705 0.210405 0.949022
vn 0.391300 0.272800 0.878900
vn 0.391300 0.272800 0.878900
vn 0.375404 0.414105 0.829210
vn 0.216096 0.319595 0.922584
vn -0.510897 0.294298 0.807696
vn -0.437216 0.307012 0.845332
vn -0.430514 0.414213 0.801926
vn -0.430514 0.414213 0.801926
vn -0.461184 0.444785 0.767773
vn -0.510897 0.294298 0.807696
vn 0.398094 0.227896 0.888586
vn 0.425901 0.356201 0.831703
vn 0.503694 0.400395 0.765491
vn 0.503694 0.400395 0.765491
vn 0.391300 0.272800 0.878900
vn 0.398094 0.227896 0.888586
vn -0.468978 0.331685 0.818562
vn -0.369608 0.328407 0.869218
vn -0.411693 0.570590 0.710588
vn -0.411693 0.570590 0.710588
vn -0.502812 0.636715 0.584614
vn -0.468978 0.331685 0.818562
vn 0.499210 0.267005 0.824317
vn 0.468282 0.320588 0.823368
vn 0.359409 0.294107 0.885622
vn 0.359409 0.294107 0.885622
vn 0.463289 0.261394 0.846780
vn 0.499210 0.267005 0.824317
vn -0.369608 0.328407 0.869218
vn -0.239197 0.334896 0.911389
vn -0.313509 0.508715 0.801824
vn -0.313509 0.508715 0.801824
vn -0.411693 0.570590 0.710588
vn -0.369608 0.328407 0.869218
vn -0.369608 0.328407 0.869218
vn -0.431593 0.139698 0.891186
vn -0.308115 0.132006 0.942146
vn -0.308115 0.132006 0.942146
vn -0.239197 0.334896 0.911389
vn -0.369608 0.328407 0.869218
vn -0.306499 -0.099100 0.946698
vn -0.313110 -0.212107 0.925728
vn -0.304605 -0.026300 0.952116
vn -0.304605 -0.026300 0.952116
vn -0.311285 0.062597 0.948253
vn -0.306499 -0.099100 0.946698
vn -0.483919 -0.113404 0.867734
vn -0.397885 -0.272390 0.876066
vn -0.402075 -0.340979 0.849747
vn -0.402075 -0.340979 0.849747
vn -0.477018 -0.181107 0.860032
vn -0.483919 -0.113404 0.867734
vn -0.015100 0.277502 0.960606
vn -0.142200 0.150700 0.978299
vn 0.242712 0.248813 0.937648
vn 0.242712 0.248813 0.937648
vn 0.424013 0.372011 0.825725
vn -0.015100 0.277502 0.960606
vn 0.431593 0.139698 0.891186
vn 0.446394 0.179797 0.876588
vn 0.468978 0.331685 0.818562
vn 0.468978 0.331685 0.818562
vn 0.369608 0.328407 0.869218
vn 0.431593 0.139698 0.891186
vn -0.480415 0.402312 0.779324
vn -0.449998 0.339699 0.825897
vn -0.355307 0.511910 0.782116
vn -0.355307 0.511910 0.782116
vn -0.368908 0.395509 0.841118
vn -0.480415 0.402312 0.779324
vn -0.052703 0.276914 0.959448
vn -0.228000 0.029900 0.973202
vn -0.246292 0.077797 0.966068
vn -0.246292 0.077797 0.966068
vn -0.123201 0.342502 0.931404
vn -0.052703 0.276914 0.959448
vn -0.532790 0.179996 0.826884
vn -0.534602 0.087100 0.840603
vn -0.470116 -0.094503 0.877531
vn -0.470116 -0.094503 0.877531
vn -0.528612 0.015700 0.848719
vn -0.532790 0.179996 0.826884
vn -0.449998 0.339699 0.825897
vn -0.346305 0.291104 0.891813
vn -0.300896 0.495394 0.814890
vn -0.300896 0.495394 0.814890
vn -0.355307 0.511910 0.782116
vn -0.449998 0.339699 0.825897
vn -0.449998 0.339699 0.825897
vn -0.528612 0.015700 0.848719
vn -0.486590 -0.040699 0.872682
vn -0.486590 -0.040699 0.872682
vn -0.346305 0.291104 0.891813
vn -0.449998 0.339699 0.825897
vn -0.528612 0.015700 0.848719
vn -0.470116 -0.094503 0.877531
vn -0.377210 -0.349809 0.857523
vn -0.377210 -0.349809 0.857523
vn -0.486590 -0.040699 0.872682
vn -0.528612 0.015700 0.848719
vn -0.544887 0.213095 0.810980
vn -0.699280 -0.030899 0.714180
vn -0.694662 -0.054597 0.717261
vn -0.694662 -0.054597 0.717261
vn -0.542409 0.201003 0.815714
vn -0.544887 0.213095 0.810980
vn -0.605314 -0.266306 0.750117
vn -0.593600 -0.379800 0.709500
vn -0.578191 -0.385494 0.719089
vn -0.578191 -0.385494 0.719089
vn -0.592606 -0.216302 0.775907
vn -0.605314 -0.266306 0.750117
vn -0.402205 0.571707 0.715109
vn -0.474888 0.614185 0.630284
vn -0.525796 0.446996 0.723694
vn -0.525796 0.446996 0.723694
vn -0.427391 0.441590 0.788883
vn -0.402205 0.571707 0.715109
vn 0.528612 0.015700 0.848719
vn 0.532790 0.179996 0.826884
vn 0.480415 0.402312 0.779324
vn 0.480415 0.402312 0.779324
vn 0.449998 0.339699 0.825897
vn 0.528612 0.015700 0.848719
vn 0.474914 0.244707 0.845325
vn 0.457876 0.340182 0.821356
vn 0.492193 0.331995 0.804689
vn 0.492193 0.331995 0.804689
vn 0.499421 0.257411 0.827235
vn 0.474914 0.244707 0.845325
vn -0.504678 0.345905 0.790980
vn -0.546606 0.239503 0.802409
vn -0.228695 0.093698 0.968979
vn -0.228695 0.093698 0.968979
vn -0.507159 0.349929 0.787616
vn -0.504678 0.345905 0.790980
vn -0.546606 0.239503 0.802409
vn -0.480685 0.257692 0.838174
vn -0.276809 0.073202 0.958133
vn -0.276809 0.073202 0.958133
vn -0.228695 0.093698 0.968979
vn -0.546606 0.239503 0.802409
vn -0.242712 0.248813 0.937648
vn 0.142200 0.150700 0.978299
vn 0.015100 0.277502 0.960606
vn 0.015100 0.277502 0.960606
vn -0.424013 0.372011 0.825725
vn -0.242712 0.248813 0.937648
vn 0.339900 0.274200 0.899601
vn 0.338686 0.299488 0.891964
vn 0.356884 0.301486 0.884160
vn 0.356884 0.301486 0.884160
vn 0.353585 0.251489 0.900961
vn 0.339900 0.274200 0.899601
vn -0.787863 -0.259788 0.558374
vn -0.807278 -0.213794 0.550085
vn -0.833052 -0.246115 0.495431
vn -0.833052 -0.246115 0.495431
vn -0.809425 -0.305309 0.501615
vn -0.787863 -0.259788 0.558374
vn 0.424013 0.372011 0.825725
vn 0.242712 0.248813 0.937648
vn 0.608808 0.305804 0.732009
vn 0.608808 0.305804 0.732009
vn 0.650489 0.367494 0.664689
vn 0.424013 0.372011 0.825725
vn 0.443819 -0.569924 0.691529
vn 0.493305 -0.575906 0.651907
vn 0.523501 -0.538101 0.660601
vn 0.523501 -0.538101 0.660601
vn 0.477928 -0.517131 0.710042
vn 0.443819 -0.569924 0.691529
vn -0.142200 0.150700 0.978299
vn -0.208443 0.182156 0.960922
vn -0.206704 0.170892 0.963364
vn -0.206704 0.170892 0.963364
vn 0.242712 0.248813 0.937648
vn -0.142200 0.150700 0.978299
vn -0.136905 -0.196308 0.970938
vn 0.276809 0.073202 0.958133
vn 0.228695 0.093698 0.968979
vn 0.228695 0.093698 0.968979
vn -0.095602 -0.013700 0.995325
vn -0.136905 -0.196308 0.970938
vn 0.695817 -0.443011 0.565314
vn 0.584811 -0.098102 0.805215
vn 0.564409 -0.113802 0.817613
vn 0.564409 -0.113802 0.817613
vn 0.650193 -0.479195 0.589594
vn 0.695817 -0.443011 0.565314
vn 0.691912 -0.053301 0.720012
vn 0.645107 0.078901 0.760008
vn 0.578501 0.090900 0.810601
vn 0.578501 0.090900 0.810601
vn 0.601207 -0.134402 0.787709
vn 0.691912 -0.053301 0.720012
vn -0.647405 0.358802 0.672405
vn -0.645805 0.345602 0.680805
vn -0.631105 0.425004 0.648905
vn -0.631105 0.425004 0.648905
vn -0.634310 0.425707 0.645310
vn -0.647405 0.358802 0.672405
vn -0.647405 0.358802 0.672405
vn -0.672774 0.261290 0.692173
vn -0.680474 0.261890 0.684374
vn -0.680474 0.261890 0.684374
vn -0.645805 0.345602 0.680805
vn -0.647405 0.358802 0.672405
vn -0.672774 0.261290 0.692173
vn -0.634280 0.271192 0.723978
vn -0.655022 0.261209 0.709024
vn -0.655022 0.261209 0.709024
vn -0.680474 0.261890 0.684374
vn -0.672774 0.261290 0.692173
vn 0.538585 0.352090 0.765479
vn 0.486413 0.511414 0.708419
vn 0.563917 0.448514 0.693421
vn 0.563917 0.448514 0.693421
vn 0.580379 0.296189 0.758573
vn 0.538585 0.352090 0.765479
vn -0.542694 0.253097 0.800891
vn -0.492013 0.079802 0.866923
vn -0.515923 0.150907 0.843238
vn -0.515923 0.150907 0.843238
vn -0.568614 0.230606 0.789620
vn -0.542694 0.253097 0.800891
vn 0.569898 0.146799 0.808497
vn 0.563384 0.048399 0.824777
vn 0.556924 0.086604 0.826036
vn 0.556924 0.086604 0.826036
vn 0.548927 0.244412 0.799339
vn 0.569898 0.146799 0.808497
vn -0.460126 -0.480427 0.746642
vn -0.434082 -0.572376 0.695671
vn -0.499577 -0.339284 0.797063
vn -0.499577 -0.339284 0.797063
vn -0.519991 -0.230496 0.822485
vn -0.460126 -0.480427 0.746642
vn -0.501809 0.404607 0.764514
vn -0.473091 0.300494 0.828184
vn -0.488605 0.297803 0.820109
vn -0.488605 0.297803 0.820109
vn -0.492026 0.451024 0.744639
vn -0.501809 0.404607 0.764514
vn 0.493801 0.588801 0.639901
vn 0.492026 0.451024 0.744639
vn 0.501809 0.404607 0.764514
vn 0.501809 0.404607 0.764514
vn 0.512878 0.607174 0.606874
vn 0.493801 0.588801 0.639901
vn -0.568406 0.170402 0.804909
vn -0.554804 0.212802 0.804306
vn -0.555586 0.281993 0.782180
vn -0.555586 0.281993 0.782180
vn -0.551620 0.276510 0.786929
vn -0.568406 0.170402 0.804909
vn 0.360082 -0.509875 0.781261
vn 0.383593 -0.455091 0.803585
vn 0.431283 -0.252490 0.866166
vn 0.431283 -0.252490 0.866166
vn 0.422216 -0.342913 0.839133
vn 0.360082 -0.509875 0.781261
vn -0.262502 0.225102 0.938308
vn -0.457786 0.339290 0.821775
vn -0.549407 0.061201 0.833311
vn -0.549407 0.061201 0.833311
vn -0.397509 -0.076302 0.914420
vn -0.262502 0.225102 0.938308
vn -0.462676 -0.137793 0.875754
vn -0.496890 -0.440191 0.747885
vn -0.404487 -0.393888 0.825374
vn -0.404487 -0.393888 0.825374
vn -0.394812 -0.097003 0.913627
vn -0.462676 -0.137793 0.875754
vn -0.439099 0.534299 0.722299
vn -0.530493 0.548293 0.646492
vn -0.596522 0.499119 0.628524
vn -0.596522 0.499119 0.628524
vn -0.457786 0.339290 0.821775
vn -0.439099 0.534299 0.722299
vn 0.655106 0.260502 0.709207
vn 0.634221 0.271209 0.724024
vn 0.672774 0.261290 0.692173
vn 0.672774 0.261290 0.692173
vn 0.680474 0.261890 0.684374
vn 0.655106 0.260502 0.709207
vn -0.582100 -0.128500 0.802900
vn -0.654422 -0.423914 0.626121
vn -0.561596 -0.430997 0.706295
vn -0.561596 -0.430997 0.706295
vn -0.524111 -0.144403 0.839318
vn -0.582100 -0.128500 0.802900
vn 0.541190 -0.154497 0.826585
vn 0.549407 0.061201 0.833311
vn 0.397509 -0.076302 0.914420
vn 0.397509 -0.076302 0.914420
vn 0.363582 -0.507075 0.781462
vn 0.541190 -0.154497 0.826585
vn 0.541190 -0.154497 0.826585
vn 0.582491 0.032499 0.812187
vn 0.638823 0.253109 0.726526
vn 0.638823 0.253109 0.726526
vn 0.549407 0.061201 0.833311
vn 0.541190 -0.154497 0.826585
vn 0.593314 -0.104803 0.798119
vn 0.464703 0.408503 0.785606
vn 0.538585 0.352090 0.765479
vn 0.538585 0.352090 0.765479
vn 0.602318 -0.121704 0.788924
vn 0.593314 -0.104803 0.798119
vn 0.596522 0.499119 0.628524
vn 0.457786 0.339290 0.821775
vn 0.549407 0.061201 0.833311
vn 0.549407 0.061201 0.833311
vn 0.638823 0.253109 0.726526
vn 0.596522 0.499119 0.628524
vn 0.457786 0.339290 0.821775
vn 0.439099 0.534299 0.722299
vn 0.307791 0.466086 0.829475
vn 0.307791 0.466086 0.829475
vn 0.263503 0.226003 0.937811
vn 0.457786 0.339290 0.821775
vn -0.379585 -0.057598 0.923362
vn -0.377407 -0.138603 0.915617
vn -0.448397 0.094799 0.888793
vn -0.448397 0.094799 0.888793
vn -0.438902 0.144101 0.886905
vn -0.379585 -0.057598 0.923362
vn -0.463399 0.320400 0.826199
vn -0.424905 0.307503 0.851409
vn -0.550168 0.455074 0.700159
vn -0.550168 0.455074 0.700159
vn -0.582417 0.466913 0.665419
vn -0.463399 0.320400 0.826199
vn -0.641228 -0.054202 0.765434
vn -0.514807 -0.071601 0.854311
vn -0.512181 0.026499 0.858469
vn -0.512181 0.026499 0.858469
vn -0.562898 0.039200 0.825597
vn -0.641228 -0.054202 0.765434
vn 0.424905 0.307503 0.851409
vn 0.288286 0.013099 0.957455
vn 0.336783 0.076696 0.938453
vn 0.336783 0.076696 0.938453
vn 0.463399 0.320400 0.826199
vn 0.424905 0.307503 0.851409
vn -0.375206 0.528508 0.761512
vn -0.362113 0.559920 0.745227
vn -0.348990 0.667580 0.657680
vn -0.348990 0.667580 0.657680
vn -0.362108 0.681815 0.635614
vn -0.375206 0.528508 0.761512
vn -0.653402 0.089500 0.751702
vn -0.647508 0.200502 0.735209
vn -0.626175 0.309387 0.715671
vn -0.626175 0.309387 0.715671
vn -0.616788 0.291194 0.731286
vn -0.653402 0.089500 0.751702
vn 0.455687 -0.752378 0.475686
vn 0.488182 -0.685875 0.539680
vn 0.450215 -0.619021 0.643521
vn 0.450215 -0.619021 0.643521
vn 0.427580 -0.688169 0.586173
vn 0.455687 -0.752378 0.475686
vn 0.382590 0.445388 0.809478
vn 0.365605 0.443507 0.818312
vn 0.375206 0.528508 0.761512
vn 0.375206 0.528508 0.761512
vn 0.362113 0.559920 0.745227
vn 0.382590 0.445388 0.809478
vn -0.516092 -0.501193 0.694590
vn -0.477908 -0.440608 0.759913
vn -0.537429 -0.134307 0.832545
vn -0.537429 -0.134307 0.832545
vn -0.578906 -0.133401 0.804408
vn -0.516092 -0.501193 0.694590
vn -0.512200 0.421900 0.748099
vn -0.493184 0.339189 0.801074
vn -0.508401 0.335201 0.793202
vn -0.508401 0.335201 0.793202
vn -0.511197 0.456997 0.727895
vn -0.512200 0.421900 0.748099
vn 0.490330 0.552734 0.673841
vn 0.511197 0.456997 0.727895
vn 0.512200 0.421900 0.748099
vn 0.512200 0.421900 0.748099
vn 0.493588 0.555486 0.669183
vn 0.490330 0.552734 0.673841
vn -0.346798 -0.028900 0.937495
vn -0.328002 -0.064000 0.942506
vn -0.336606 0.218204 0.916015
vn -0.336606 0.218204 0.916015
vn -0.360217 0.177408 0.915844
vn -0.346798 -0.028900 0.937495
vn 0.013000 0.349691 0.936775
vn 0.010400 0.236706 0.971526
vn -0.132606 0.225210 0.965244
vn -0.132606 0.225210 0.965244
vn -0.111395 0.270488 0.956257
vn 0.013000 0.349691 0.936775
vn 0.205301 0.140201 0.968605
vn 0.366794 0.183697 0.911985
vn 0.328188 0.203793 0.922367
vn 0.328188 0.203793 0.922367
vn 0.203596 0.150097 0.967481
vn 0.205301 0.140201 0.968605
vn 0.297393 0.346192 0.889780
vn 0.336606 0.218204 0.916015
vn 0.360217 0.177408 0.915844
vn 0.360217 0.177408 0.915844
vn 0.294500 0.343200 0.891899
vn 0.297393 0.346192 0.889780
vn 0.336606 0.218204 0.916015
vn 0.328002 -0.064000 0.942506
vn 0.346798 -0.028900 0.937495
vn 0.346798 -0.028900 0.937495
vn 0.360217 0.177408 0.915844
vn 0.336606 0.218204 0.916015
vn -0.659184 0.074498 0.748282
vn -0.627974 0.085096 0.773568
vn -0.597191 0.031300 0.801488
vn -0.597191 0.031300 0.801488
vn -0.607779 -0.047698 0.792673
vn -0.659184 0.074498 0.748282
vn -0.684100 0.195500 0.702700
vn -0.659023 0.111404 0.743826
vn -0.627974 0.085096 0.773568
vn -0.627974 0.085096 0.773568
vn -0.659184 0.074498 0.748282
vn -0.684100 0.195500 0.702700
vn 0.507160 0.349929 0.787616
vn 0.504679 0.345906 0.790980
vn 0.608808 0.305804 0.732009
vn 0.608808 0.305804 0.732009
vn 0.242712 0.248813 0.937648
vn 0.507160 0.349929 0.787616
vn -0.528421 0.214908 0.821332
vn -0.526406 0.152702 0.836409
vn -0.519706 0.216303 0.826510
vn -0.519706 0.216303 0.826510
vn -0.531511 0.233205 0.814317
vn -0.528421 0.214908 0.821332
vn 0.236900 0.040200 0.970702
vn 0.089598 0.393891 0.914780
vn 0.264698 0.451897 0.851894
vn 0.264698 0.451897 0.851894
vn 0.282413 0.150307 0.947444
vn 0.236900 0.040200 0.970702
vn -0.360095 0.483594 0.797790
vn -0.292600 0.429200 0.854501
vn -0.317397 0.061599 0.946290
vn -0.317397 0.061599 0.946290
vn -0.332785 0.139294 0.932658
vn -0.360095 0.483594 0.797790
vn -0.589502 -0.293901 0.752403
vn -0.570875 -0.191192 0.798465
vn -0.659023 0.111404 0.743826
vn -0.659023 0.111404 0.743826
vn -0.670820 0.112603 0.733022
vn -0.589502 -0.293901 0.752403
vn 0.327913 0.185907 0.926235
vn 0.316090 0.010700 0.948669
vn 0.344991 0.244594 0.906176
vn 0.344991 0.244594 0.906176
vn 0.368586 0.289189 0.883467
vn 0.327913 0.185907 0.926235
vn -0.641376 -0.351687 0.681875
vn -0.614492 -0.350495 0.706791
vn -0.647333 0.094405 0.756338
vn -0.647333 0.094405 0.756338
vn -0.625785 0.072898 0.776581
vn -0.641376 -0.351687 0.681875
vn -0.625506 0.242102 0.741707
vn -0.587818 0.201006 0.783624
vn -0.625785 0.072898 0.776581
vn -0.625785 0.072898 0.776581
vn -0.647333 0.094405 0.756338
vn -0.625506 0.242102 0.741707
vn -0.564289 -0.040499 0.824584
vn -0.519991 -0.230496 0.822485
vn -0.624182 0.021699 0.780978
vn -0.624182 0.021699 0.780978
vn -0.591522 0.071303 0.803130
vn -0.564289 -0.040499 0.824584
vn 0.550168 0.455074 0.700159
vn 0.424905 0.307503 0.851409
vn 0.463399 0.320400 0.826199
vn 0.463399 0.320400 0.826199
vn 0.582417 0.466913 0.665419
vn 0.550168 0.455074 0.700159
vn -0.658118 -0.351710 0.665718
vn -0.604178 -0.336588 0.722273
vn -0.561804 -0.120101 0.818506
vn -0.561804 -0.120101 0.818506
vn -0.602916 -0.120703 0.788621
vn -0.658118 -0.351710 0.665718
vn -0.488182 -0.685875 0.539680
vn -0.450186 -0.618981 0.643580
vn -0.589502 -0.293901 0.752403
vn -0.589502 -0.293901 0.752403
vn -0.614492 -0.350495 0.706791
vn -0.488182 -0.685875 0.539680
vn 0.777619 -0.292007 0.556813
vn 0.792983 -0.276494 0.542889
vn 0.699229 -0.030901 0.714230
vn 0.699229 -0.030901 0.714230
vn 0.694662 -0.054597 0.717261
vn 0.777619 -0.292007 0.556813
vn -0.519991 -0.230496 0.822485
vn -0.499577 -0.339284 0.797063
vn -0.625814 -0.064301 0.777317
vn -0.625814 -0.064301 0.777317
vn -0.624182 0.021699 0.780978
vn -0.519991 -0.230496 0.822485
vn -0.565490 -0.010700 0.824686
vn -0.561722 -0.062902 0.824932
vn -0.559523 -0.031001 0.828235
vn -0.559523 -0.031001 0.828235
vn -0.570409 0.037301 0.820513
vn -0.565490 -0.010700 0.824686
vn -0.460126 -0.480427 0.746642
vn -0.450186 -0.618981 0.643580
vn -0.427580 -0.688169 0.586173
vn -0.427580 -0.688169 0.586173
vn -0.434082 -0.572376 0.695671
vn -0.460126 -0.480427 0.746642
vn -0.450186 -0.618981 0.643580
vn -0.488182 -0.685875 0.539680
vn -0.455766 -0.752344 0.475664
vn -0.455766 -0.752344 0.475664
vn -0.427580 -0.688169 0.586173
vn -0.450186 -0.618981 0.643580
vn 0.568614 0.230606 0.789620
vn 0.542694 0.253097 0.800891
vn 0.549798 0.299399 0.779797
vn 0.549798 0.299399 0.779797
vn 0.590300 0.234400 0.772400
vn 0.568614 0.230606 0.789620
vn -0.397086 -0.132495 0.908167
vn -0.451308 -0.039001 0.891516
vn -0.487571 0.174590 0.855449
vn -0.487571 0.174590 0.855449
vn -0.431510 0.155404 0.888622
vn -0.397086 -0.132495 0.908167
vn -0.561917 -0.691921 0.453314
vn -0.540287 -0.691783 0.479088
vn -0.641376 -0.351687 0.681875
vn -0.641376 -0.351687 0.681875
vn -0.653979 -0.347889 0.671778
vn -0.561917 -0.691921 0.453314
vn -0.351404 0.318703 0.880309
vn -0.333092 0.339692 0.879579
vn -0.362310 0.200105 0.910324
vn -0.362310 0.200105 0.910324
vn -0.358207 0.210004 0.909718
vn -0.351404 0.318703 0.880309
vn -0.405409 0.137603 0.903720
vn -0.396016 0.116405 0.910836
vn -0.375209 0.146303 0.915322
vn -0.375209 0.146303 0.915322
vn -0.376808 0.136903 0.916119
vn -0.405409 0.137603 0.903720
vn 0.269786 -0.267386 0.925052
vn 0.249698 -0.185999 0.950292
vn 0.309108 -0.002300 0.951024
vn 0.309108 -0.002300 0.951024
vn 0.354418 -0.060203 0.933147
vn 0.269786 -0.267386 0.925052
vn 0.591518 0.071402 0.803124
vn 0.564289 -0.040499 0.824584
vn 0.628023 0.085103 0.773528
vn 0.628023 0.085103 0.773528
vn 0.597303 0.031300 0.801404
vn 0.591518 0.071402 0.803124
vn 0.460495 0.464395 0.756492
vn 0.510393 0.521993 0.683390
vn 0.609030 0.363718 0.704835
vn 0.609030 0.363718 0.704835
vn 0.497414 0.358610 0.789923
vn 0.460495 0.464395 0.756492
vn 0.631105 0.425004 0.648905
vn 0.645805 0.345602 0.680805
vn 0.647405 0.358802 0.672405
vn 0.647405 0.358802 0.672405
vn 0.634310 0.425707 0.645310
vn 0.631105 0.425004 0.648905
vn 0.348990 0.667580 0.657680
vn 0.362113 0.559920 0.745227
vn 0.375206 0.528508 0.761512
vn 0.375206 0.528508 0.761512
vn 0.362108 0.681815 0.635614
vn 0.348990 0.667580 0.657680
vn 0.564289 -0.040499 0.824584
vn 0.570875 -0.191192 0.798465
vn 0.659023 0.111404 0.743826
vn 0.659023 0.111404 0.743826
vn 0.628023 0.085103 0.773528
vn 0.564289 -0.040499 0.824584
vn 0.519991 -0.230496 0.822485
vn 0.460126 -0.480427 0.746642
vn 0.570875 -0.191192 0.798465
vn 0.570875 -0.191192 0.798465
vn 0.564289 -0.040499 0.824584
vn 0.519991 -0.230496 0.822485
vn 0.499577 -0.339284 0.797063
vn 0.434082 -0.572376 0.695671
vn 0.460126 -0.480427 0.746642
vn 0.460126 -0.480427 0.746642
vn 0.519991 -0.230496 0.822485
vn 0.499577 -0.339284 0.797063
vn -0.430908 -0.141603 0.891217
vn -0.372014 -0.295211 0.880032
vn -0.357121 -0.385823 0.850650
vn -0.357121 -0.385823 0.850650
vn -0.412511 -0.233106 0.880623
vn -0.430908 -0.141603 0.891217
vn -0.450186 -0.618981 0.643580
vn -0.460126 -0.480427 0.746642
vn -0.570875 -0.191192 0.798465
vn -0.570875 -0.191192 0.798465
vn -0.589502 -0.293901 0.752403
vn -0.450186 -0.618981 0.643580
vn 0.670820 0.112603 0.733022
vn 0.676834 0.252613 0.691435
vn 0.684100 0.195500 0.702700
vn 0.684100 0.195500 0.702700
vn 0.659023 0.111404 0.743826
vn 0.670820 0.112603 0.733022
vn -0.393104 -0.061901 0.917408
vn -0.335094 -0.000900 0.942184
vn -0.269311 0.289412 0.918538
vn -0.269311 0.289412 0.918538
vn -0.223206 0.250907 0.941926
vn -0.393104 -0.061901 0.917408
vn 0.450215 -0.619021 0.643521
vn 0.589485 -0.293992 0.752380
vn 0.570875 -0.191192 0.798465
vn 0.570875 -0.191192 0.798465
vn 0.460126 -0.480427 0.746642
vn 0.450215 -0.619021 0.643521
vn 0.647284 0.094398 0.756381
vn 0.625399 0.242099 0.741798
vn 0.676834 0.252613 0.691435
vn 0.676834 0.252613 0.691435
vn 0.670820 0.112603 0.733022
vn 0.647284 0.094398 0.756381
vn 0.614430 -0.350517 0.706834
vn 0.647284 0.094398 0.756381
vn 0.670820 0.112603 0.733022
vn 0.670820 0.112603 0.733022
vn 0.589485 -0.293992 0.752380
vn 0.614430 -0.350517 0.706834
vn -0.238787 -0.231188 0.943150
vn -0.254690 -0.313887 0.914663
vn -0.225904 -0.420507 0.878716
vn -0.225904 -0.420507 0.878716
vn -0.209600 -0.341000 0.916399
vn -0.238787 -0.231188 0.943150
vn 0.500715 -0.765122 0.404812
vn 0.540287 -0.691783 0.479088
vn 0.488182 -0.685875 0.539680
vn 0.488182 -0.685875 0.539680
vn 0.455687 -0.752378 0.475686
vn 0.500715 -0.765122 0.404812
vn -0.501879 0.017399 0.864763
vn -0.464502 -0.146901 0.873303
vn -0.531693 0.030500 0.846388
vn -0.531693 0.030500 0.846388
vn -0.525927 0.117006 0.842443
vn -0.501879 0.017399 0.864763
vn 0.385888 -0.470286 0.793676
vn 0.380502 -0.382202 0.842104
vn 0.340994 -0.349994 0.872484
vn 0.340994 -0.349994 0.872484
vn 0.344486 -0.441182 0.828666
vn 0.385888 -0.470286 0.793676
vn 0.482189 -0.201495 0.852580
vn 0.494399 -0.203000 0.845199
vn 0.402193 0.163797 0.900784
vn 0.402193 0.163797 0.900784
vn 0.408314 0.150605 0.900332
vn 0.482189 -0.201495 0.852580
vn 0.540287 -0.691783 0.479088
vn 0.641376 -0.351687 0.681875
vn 0.614430 -0.350517 0.706834
vn 0.614430 -0.350517 0.706834
vn 0.488182 -0.685875 0.539680
vn 0.540287 -0.691783 0.479088
vn 0.615405 0.069900 0.785106
vn 0.579232 0.172309 0.796744
vn 0.587818 0.201006 0.783624
vn 0.587818 0.201006 0.783624
vn 0.625487 0.073298 0.776784
vn 0.615405 0.069900 0.785106
vn 0.653979 -0.347889 0.671778
vn 0.615405 0.069900 0.785106
vn 0.625487 0.073298 0.776784
vn 0.625487 0.073298 0.776784
vn 0.641376 -0.351687 0.681875
vn 0.653979 -0.347889 0.671778
vn -0.240705 0.236205 0.941418
vn -0.205596 0.010400 0.978582
vn -0.219597 0.097699 0.970686
vn -0.219597 0.097699 0.970686
vn -0.257812 0.281613 0.924244
vn -0.240705 0.236205 0.941418
vn -0.359409 -0.294407 0.885522
vn -0.317008 -0.185405 0.930124
vn -0.312490 0.068198 0.947470
vn -0.312490 0.068198 0.947470
vn -0.290398 0.004900 0.956893
vn -0.359409 -0.294407 0.885522
vn -0.460997 0.175399 0.869895
vn -0.479288 0.241494 0.843779
vn -0.488071 0.139092 0.861649
vn -0.488071 0.139092 0.861649
vn -0.453411 0.108103 0.884722
vn -0.460997 0.175399 0.869895
vn -0.507082 -0.082197 0.857969
vn -0.460324 -0.318517 0.828643
vn -0.464502 -0.146901 0.873303
vn -0.464502 -0.146901 0.873303
vn -0.501879 0.017399 0.864763
vn -0.507082 -0.082197 0.857969
vn -0.362011 0.357911 0.860725
vn -0.367177 0.377176 0.850247
vn -0.454903 0.262401 0.851005
vn -0.454903 0.262401 0.851005
vn -0.432825 0.229213 0.871851
vn -0.362011 0.357911 0.860725
vn 0.259187 -0.488876 0.832960
vn 0.214902 -0.092901 0.972207
vn 0.217306 -0.074902 0.973226
vn 0.217306 -0.074902 0.973226
vn 0.257793 -0.412589 0.873678
vn 0.259187 -0.488876 0.832960
vn -0.144300 0.348599 0.926097
vn -0.134200 0.285299 0.948997
vn -0.218995 0.226895 0.948978
vn -0.218995 0.226895 0.948978
vn -0.226992 0.281691 0.932269
vn -0.144300 0.348599 0.926097
vn -0.452479 0.307286 0.837161
vn -0.395605 0.333804 0.855612
vn -0.442289 0.206495 0.872778
vn -0.442289 0.206495 0.872778
vn -0.466110 0.190304 0.864018
vn -0.452479 0.307286 0.837161
vn -0.571297 -0.162999 0.804395
vn -0.566593 -0.158598 0.808590
vn -0.420997 0.164099 0.892095
vn -0.420997 0.164099 0.892095
vn -0.317605 0.189403 0.929114
vn -0.571297 -0.162999 0.804395
vn 0.549407 0.061201 0.833311
vn 0.457786 0.339290 0.821775
vn 0.263503 0.226003 0.937811
vn 0.263503 0.226003 0.937811
vn 0.397509 -0.076302 0.914420
vn 0.549407 0.061201 0.833311
vn 0.450005 -0.099101 0.887510
vn 0.387896 0.004800 0.921691
vn 0.408101 -0.229393 0.883647
vn 0.408101 -0.229393 0.883647
vn 0.447488 -0.309091 0.839177
vn 0.450005 -0.099101 0.887510
vn -0.427497 0.174099 0.887094
vn -0.423208 0.110102 0.899318
vn -0.459719 0.118405 0.880136
vn -0.459719 0.118405 0.880136
vn -0.468673 0.132692 0.873349
vn -0.427497 0.174099 0.887094
vn -0.391300 0.272800 0.878900
vn -0.234705 0.210405 0.949022
vn -0.216096 0.319595 0.922584
vn -0.216096 0.319595 0.922584
vn -0.375404 0.414105 0.829210
vn -0.391300 0.272800 0.878900
vn 0.369983 0.260188 0.891860
vn 0.327913 0.185907 0.926235
vn 0.368586 0.289189 0.883467
vn 0.368586 0.289189 0.883467
vn 0.376511 0.278608 0.883525
vn 0.369983 0.260188 0.891860
vn -0.649304 0.086401 0.755605
vn -0.573979 0.115596 0.810670
vn -0.561814 0.178304 0.807820
vn -0.561814 0.178304 0.807820
vn -0.583110 0.179503 0.792314
vn -0.649304 0.086401 0.755605
vn -0.421157 -0.033724 0.906360
vn -0.395109 -0.215005 0.893119
vn -0.460101 0.073700 0.884802
vn -0.460101 0.073700 0.884802
vn -0.439500 0.121400 0.890001
vn -0.421157 -0.033724 0.906360
vn 0.395109 -0.215005 0.893119
vn 0.463296 -0.377897 0.801593
vn 0.447488 -0.309091 0.839177
vn 0.447488 -0.309091 0.839177
vn 0.408101 -0.229393 0.883647
vn 0.395109 -0.215005 0.893119
vn -0.447488 -0.309091 0.839177
vn -0.545901 -0.401101 0.735602
vn -0.562302 -0.462201 0.685702
vn -0.562302 -0.462201 0.685702
vn -0.463296 -0.377897 0.801593
vn -0.447488 -0.309091 0.839177
vn -0.545901 -0.401101 0.735602
vn -0.650077 -0.444384 0.616378
vn -0.664246 -0.512535 0.544137
vn -0.664246 -0.512535 0.544137
vn -0.562302 -0.462201 0.685702
vn -0.545901 -0.401101 0.735602
vn 0.378421 0.206311 0.902349
vn 0.338296 0.115798 0.933888
vn 0.344388 0.174494 0.922469
vn 0.344388 0.174494 0.922469
vn 0.381283 0.241489 0.892360
vn 0.378421 0.206311 0.902349
vn -0.717386 -0.458891 0.524190
vn -0.733696 -0.469798 0.490897
vn -0.759774 -0.534582 0.370088
vn -0.759774 -0.534582 0.370088
vn -0.738598 -0.524198 0.423899
vn -0.717386 -0.458891 0.524190
vn -0.733696 -0.469798 0.490897
vn -0.717386 -0.458891 0.524190
vn -0.571297 -0.162999 0.804395
vn -0.571297 -0.162999 0.804395
vn -0.527581 -0.111396 0.842169
vn -0.733696 -0.469798 0.490897
vn -0.239797 0.261696 0.934887
vn -0.317605 0.189403 0.929114
vn -0.224298 0.312697 0.922990
vn -0.224298 0.312697 0.922990
vn -0.155799 0.380898 0.911396
vn -0.239797 0.261696 0.934887
vn 0.375209 0.146303 0.915322
vn 0.396016 0.116405 0.910836
vn 0.405409 0.137603 0.903720
vn 0.405409 0.137603 0.903720
vn 0.376803 0.137001 0.916106
vn 0.375209 0.146303 0.915322
vn 0.391998 0.146699 0.908194
vn 0.387896 0.004800 0.921691
vn 0.396016 0.116405 0.910836
vn 0.396016 0.116405 0.910836
vn 0.375209 0.146303 0.915322
vn 0.391998 0.146699 0.908194
vn 0.439495 0.121499 0.889990
vn 0.392705 -0.137602 0.909312
vn 0.387896 0.004800 0.921691
vn 0.387896 0.004800 0.921691
vn 0.391998 0.146699 0.908194
vn 0.439495 0.121499 0.889990
vn -0.365896 0.274697 0.889191
vn -0.224298 0.312697 0.922990
vn -0.317605 0.189403 0.929114
vn -0.317605 0.189403 0.929114
vn -0.420997 0.164099 0.892095
vn -0.365896 0.274697 0.889191
vn 0.396016 0.116405 0.910836
vn 0.453411 0.108103 0.884722
vn 0.460918 0.175407 0.869935
vn 0.460918 0.175407 0.869935
vn 0.405409 0.137603 0.903720
vn 0.396016 0.116405 0.910836
vn 0.387896 0.004800 0.921691
vn 0.450005 -0.099101 0.887510
vn 0.453411 0.108103 0.884722
vn 0.453411 0.108103 0.884722
vn 0.396016 0.116405 0.910836
vn 0.387896 0.004800 0.921691
vn -0.462307 0.401306 0.790712
vn -0.395105 0.364305 0.843311
vn -0.375803 0.457303 0.806006
vn -0.375803 0.457303 0.806006
vn -0.425685 0.488983 0.761373
vn -0.462307 0.401306 0.790712
vn -0.377805 0.237103 0.895012
vn -0.385307 0.151803 0.910217
vn -0.399721 0.181209 0.898547
vn -0.399721 0.181209 0.898547
vn -0.407323 0.243413 0.880249
vn -0.377805 0.237103 0.895012
vn 0.542676 0.200891 0.815564
vn 0.544690 0.213196 0.811086
vn 0.483400 0.285600 0.827500
vn 0.483400 0.285600 0.827500
vn 0.476805 0.282703 0.832308
vn 0.542676 0.200891 0.815564
vn 0.525584 -0.141596 0.838875
vn 0.488078 0.138994 0.861661
vn 0.453411 0.108103 0.884722
vn 0.453411 0.108103 0.884722
vn 0.450005 -0.099101 0.887510
vn 0.525584 -0.141596 0.838875
vn 0.545901 -0.401101 0.735602
vn 0.525584 -0.141596 0.838875
vn 0.450005 -0.099101 0.887510
vn 0.450005 -0.099101 0.887510
vn 0.447488 -0.309091 0.839177
vn 0.545901 -0.401101 0.735602
vn 0.420997 0.164099 0.892095
vn 0.365896 0.274697 0.889191
vn 0.479288 0.241494 0.843779
vn 0.479288 0.241494 0.843779
vn 0.488078 0.138994 0.861661
vn 0.420997 0.164099 0.892095
vn 0.566593 -0.158598 0.808590
vn 0.420997 0.164099 0.892095
vn 0.488078 0.138994 0.861661
vn 0.488078 0.138994 0.861661
vn 0.525584 -0.141596 0.838875
vn 0.566593 -0.158598 0.808590
vn 0.650077 -0.444384 0.616378
vn 0.566593 -0.158598 0.808590
vn 0.525584 -0.141596 0.838875
vn 0.525584 -0.141596 0.838875
vn 0.545901 -0.401101 0.735602
vn 0.650077 -0.444384 0.616378
vn 0.738629 -0.524220 0.423816
vn 0.717386 -0.458891 0.524190
vn 0.650077 -0.444384 0.616378
vn 0.650077 -0.444384 0.616378
vn 0.664265 -0.512473 0.544172
vn 0.738629 -0.524220 0.423816
vn 0.666692 -0.451795 0.592793
vn 0.636612 -0.408808 0.653912
vn 0.519191 -0.379893 0.765586
vn 0.519191 -0.379893 0.765586
vn 0.569610 -0.411107 0.711713
vn 0.666692 -0.451795 0.592793
vn 0.317605 0.189403 0.929114
vn 0.224298 0.312697 0.922990
vn 0.365896 0.274697 0.889191
vn 0.365896 0.274697 0.889191
vn 0.420997 0.164099 0.892095
vn 0.317605 0.189403 0.929114
vn -0.437911 -0.652816 0.618115
vn -0.360685 -0.605675 0.709270
vn -0.337809 -0.520314 0.784321
vn -0.337809 -0.520314 0.784321
vn -0.432897 -0.571296 0.697295
vn -0.437911 -0.652816 0.618115
vn 0.717386 -0.458891 0.524190
vn 0.571107 -0.163102 0.804509
vn 0.566593 -0.158598 0.808590
vn 0.566593 -0.158598 0.808590
vn 0.650077 -0.444384 0.616378
vn 0.717386 -0.458891 0.524190
vn -0.421194 0.181197 0.888686
vn -0.442502 0.199901 0.874204
vn -0.436402 0.235801 0.868304
vn -0.436402 0.235801 0.868304
vn -0.377595 0.082499 0.922288
vn -0.421194 0.181197 0.888686
vn -0.608808 0.305804 0.732009
vn -0.242712 0.248813 0.937648
vn -0.424013 0.372011 0.825725
vn -0.424013 0.372011 0.825725
vn -0.650489 0.367494 0.664689
vn -0.608808 0.305804 0.732009
vn 0.514289 0.231495 0.825782
vn 0.531900 0.083300 0.842700
vn 0.481494 0.143698 0.864589
vn 0.481494 0.143698 0.864589
vn 0.450081 0.247989 0.857863
vn 0.514289 0.231495 0.825782
vn -0.613093 0.152298 0.775191
vn -0.565529 0.192110 0.802041
vn -0.541607 0.259703 0.799510
vn -0.541607 0.259703 0.799510
vn -0.556724 0.227510 0.798935
vn -0.613093 0.152298 0.775191
vn -0.511815 0.113803 0.851525
vn -0.459113 0.183005 0.869324
vn -0.480492 0.473192 0.738388
vn -0.480492 0.473192 0.738388
vn -0.372912 0.303209 0.876927
vn -0.511815 0.113803 0.851525
vn 0.486104 -0.512004 0.708205
vn 0.477986 -0.440587 0.759877
vn 0.460324 -0.318517 0.828643
vn 0.460324 -0.318517 0.828643
vn 0.456822 -0.394619 0.797239
vn 0.486104 -0.512004 0.708205
vn -0.210804 0.448209 0.868718
vn -0.078803 0.440615 0.894231
vn -0.140006 0.314013 0.939039
vn -0.140006 0.314013 0.939039
vn -0.210796 0.325394 0.921783
vn -0.210804 0.448209 0.868718
vn 0.405004 0.149502 0.902009
vn 0.368591 0.135397 0.919678
vn 0.450081 0.247989 0.857863
vn 0.450081 0.247989 0.857863
vn 0.481494 0.143698 0.864589
vn 0.405004 0.149502 0.902009
vn -0.375206 0.528508 0.761512
vn -0.365605 0.443507 0.818312
vn -0.382590 0.445388 0.809478
vn -0.382590 0.445388 0.809478
vn -0.362113 0.559920 0.745227
vn -0.375206 0.528508 0.761512
vn -0.290398 0.004900 0.956893
vn -0.312490 0.068198 0.947470
vn -0.326608 0.305508 0.894423
vn -0.326608 0.305508 0.894423
vn -0.210796 0.325394 0.921783
vn -0.290398 0.004900 0.956893
vn 0.487495 0.174598 0.855491
vn 0.474096 0.237298 0.847893
vn 0.527978 0.270088 0.805166
vn 0.527978 0.270088 0.805166
vn 0.539263 0.214185 0.814444
vn 0.487495 0.174598 0.855491
vn -0.396802 -0.001100 0.917904
vn -0.332685 -0.022999 0.942757
vn -0.140006 0.314013 0.939039
vn -0.140006 0.314013 0.939039
vn -0.111395 0.270488 0.956257
vn -0.396802 -0.001100 0.917904
vn -0.078803 0.440615 0.894231
vn 0.013000 0.349691 0.936775
vn -0.111395 0.270488 0.956257
vn -0.111395 0.270488 0.956257
vn -0.140006 0.314013 0.939039
vn -0.078803 0.440615 0.894231
vn -0.561722 -0.062902 0.824932
vn -0.558195 -0.085499 0.825293
vn -0.555086 -0.051799 0.830179
vn -0.555086 -0.051799 0.830179
vn -0.559523 -0.031001 0.828235
vn -0.561722 -0.062902 0.824932
vn -0.503611 0.169604 0.847119
vn -0.509632 0.099206 0.854654
vn -0.516428 0.165709 0.840145
vn -0.516428 0.165709 0.840145
vn -0.515776 0.198291 0.833461
vn -0.503611 0.169604 0.847119
vn -0.426023 0.456424 0.781141
vn -0.265802 0.531904 0.804007
vn -0.264698 0.451897 0.851894
vn -0.264698 0.451897 0.851894
vn -0.386086 0.427984 0.817170
vn -0.426023 0.456424 0.781141
vn -0.458777 -0.318884 0.829359
vn -0.359409 -0.294407 0.885522
vn -0.290398 0.004900 0.956893
vn -0.290398 0.004900 0.956893
vn -0.332685 -0.022999 0.942757
vn -0.458777 -0.318884 0.829359
vn -0.588415 0.029501 0.808021
vn -0.595571 -0.019699 0.803061
vn -0.370000 0.206900 0.905700
vn -0.370000 0.206900 0.905700
vn -0.352799 0.255299 0.900197
vn -0.588415 0.029501 0.808021
vn -0.387896 0.004800 0.921691
vn -0.392705 -0.137602 0.909312
vn -0.439500 0.121400 0.890001
vn -0.439500 0.121400 0.890001
vn -0.391998 0.146699 0.908194
vn -0.387896 0.004800 0.921691
vn -0.515776 0.198291 0.833461
vn -0.516428 0.165709 0.840145
vn -0.529207 0.200303 0.824511
vn -0.529207 0.200303 0.824511
vn -0.523184 0.207094 0.826675
vn -0.515776 0.198291 0.833461
vn -0.317008 -0.185405 0.930124
vn -0.359409 -0.294407 0.885522
vn -0.388894 -0.372795 0.842488
vn -0.388894 -0.372795 0.842488
vn -0.327113 -0.274511 0.904235
vn -0.317008 -0.185405 0.930124
vn 0.306396 0.058799 0.950087
vn 0.278894 0.421491 0.862881
vn 0.368694 0.426393 0.825987
vn 0.368694 0.426393 0.825987
vn 0.300113 0.123005 0.945940
vn 0.306396 0.058799 0.950087
vn -0.458777 -0.318884 0.829359
vn -0.562380 -0.254091 0.786872
vn -0.583803 -0.334902 0.739604
vn -0.583803 -0.334902 0.739604
vn -0.483995 -0.396296 0.780192
vn -0.458777 -0.318884 0.829359
vn 0.396802 -0.001100 0.917904
vn 0.111304 0.270609 0.956233
vn 0.140006 0.314013 0.939039
vn 0.140006 0.314013 0.939039
vn 0.332596 -0.023000 0.942789
vn 0.396802 -0.001100 0.917904
vn 0.249796 0.098399 0.963286
vn 0.273792 0.312591 0.909574
vn 0.353888 0.338789 0.871771
vn 0.353888 0.338789 0.871771
vn 0.290302 0.188901 0.938105
vn 0.249796 0.098399 0.963286
vn -0.450896 0.049700 0.891192
vn -0.396802 -0.001100 0.917904
vn -0.111395 0.270488 0.956257
vn -0.111395 0.270488 0.956257
vn -0.132606 0.225210 0.965244
vn -0.450896 0.049700 0.891192
vn -0.246885 0.402176 0.881647
vn -0.282503 0.171502 0.943811
vn -0.330998 0.247499 0.910596
vn -0.330998 0.247499 0.910596
vn -0.362908 0.393809 0.844519
vn -0.246885 0.402176 0.881647
vn -0.635700 -0.143400 0.758500
vn -0.665036 -0.058203 0.744540
vn -0.694896 -0.117799 0.709396
vn -0.694896 -0.117799 0.709396
vn -0.662174 -0.217891 0.716972
vn -0.635700 -0.143400 0.758500
vn -0.360905 0.292904 0.885412
vn -0.402193 0.163797 0.900784
vn -0.408314 0.150605 0.900332
vn -0.408314 0.150605 0.900332
vn -0.380517 0.261812 0.886939
vn -0.360905 0.292904 0.885412
vn -0.491990 0.082498 0.866683
vn -0.450896 0.049700 0.891192
vn -0.132606 0.225210 0.965244
vn -0.132606 0.225210 0.965244
vn -0.203109 0.189008 0.960741
vn -0.491990 0.082498 0.866683
vn 0.584212 0.088002 0.806816
vn 0.528306 -0.033100 0.848409
vn 0.514882 0.088597 0.852670
vn 0.514882 0.088597 0.852670
vn 0.547680 0.170794 0.819070
vn 0.584212 0.088002 0.806816
vn -0.084801 0.162201 0.983107
vn -0.175196 0.089298 0.980476
vn -0.278504 0.137702 0.950512
vn -0.278504 0.137702 0.950512
vn -0.203109 0.189008 0.960741
vn -0.084801 0.162201 0.983107
vn -0.665036 -0.058203 0.744540
vn -0.669526 -0.023101 0.742429
vn -0.697534 -0.071904 0.712935
vn -0.697534 -0.071904 0.712935
vn -0.694896 -0.117799 0.709396
vn -0.665036 -0.058203 0.744540
vn -0.669526 -0.023101 0.742429
vn -0.665036 -0.058203 0.744540
vn -0.491990 0.082498 0.866683
vn -0.491990 0.082498 0.866683
vn -0.522605 0.076801 0.849109
vn -0.669526 -0.023101 0.742429
vn -0.300084 0.122994 0.945950
vn -0.306396 0.058799 0.950087
vn -0.287986 -0.293786 0.911457
vn -0.287986 -0.293786 0.911457
vn -0.249698 -0.185999 0.950292
vn -0.300084 0.122994 0.945950
vn 0.395214 0.111204 0.911833
vn 0.326094 -0.021900 0.945084
vn 0.368591 0.135397 0.919678
vn 0.368591 0.135397 0.919678
vn 0.405004 0.149502 0.902009
vn 0.395214 0.111204 0.911833
vn 0.392094 0.059699 0.917986
vn 0.313408 -0.107403 0.943525
vn 0.326094 -0.021900 0.945084
vn 0.326094 -0.021900 0.945084
vn 0.395214 0.111204 0.911833
vn 0.392094 0.059699 0.917986
vn 0.450081 0.247989 0.857863
vn 0.326608 0.305508 0.894423
vn 0.379487 0.369587 0.848171
vn 0.379487 0.369587 0.848171
vn 0.514289 0.231495 0.825782
vn 0.450081 0.247989 0.857863
vn 0.368591 0.135397 0.919678
vn 0.312490 0.068198 0.947470
vn 0.326608 0.305508 0.894423
vn 0.326608 0.305508 0.894423
vn 0.450081 0.247989 0.857863
vn 0.368591 0.135397 0.919678
vn 0.326094 -0.021900 0.945084
vn 0.317008 -0.185405 0.930124
vn 0.312490 0.068198 0.947470
vn 0.312490 0.068198 0.947470
vn 0.368591 0.135397 0.919678
vn 0.326094 -0.021900 0.945084
vn 0.313408 -0.107403 0.943525
vn 0.327202 -0.274502 0.904206
vn 0.317008 -0.185405 0.930124
vn 0.317008 -0.185405 0.930124
vn 0.326094 -0.021900 0.945084
vn 0.313408 -0.107403 0.943525
vn -0.459719 0.118405 0.880136
vn -0.458189 0.051199 0.887379
vn -0.485598 0.131099 0.864296
vn -0.485598 0.131099 0.864296
vn -0.473181 0.129695 0.871366
vn -0.459719 0.118405 0.880136
vn 0.483995 -0.396296 0.780192
vn 0.458777 -0.318884 0.829359
vn 0.359398 -0.294499 0.885496
vn 0.359398 -0.294499 0.885496
vn 0.388894 -0.372795 0.842488
vn 0.483995 -0.396296 0.780192
vn 0.210803 0.325305 0.921813
vn 0.210804 0.448209 0.868718
vn 0.379487 0.369587 0.848171
vn 0.379487 0.369587 0.848171
vn 0.326608 0.305508 0.894423
vn 0.210803 0.325305 0.921813
vn -0.543190 0.150097 0.826085
vn -0.501879 0.017399 0.864763
vn -0.525927 0.117006 0.842443
vn -0.525927 0.117006 0.842443
vn -0.535802 0.166801 0.827704
vn -0.543190 0.150097 0.826085
vn 0.359398 -0.294499 0.885496
vn 0.290398 0.004900 0.956893
vn 0.312490 0.068198 0.947470
vn 0.312490 0.068198 0.947470
vn 0.317008 -0.185405 0.930124
vn 0.359398 -0.294499 0.885496
vn -0.239910 0.166907 0.956340
vn -0.219706 0.117803 0.968427
vn -0.269899 0.189299 0.944098
vn -0.269899 0.189299 0.944098
vn -0.283009 0.225507 0.932230
vn -0.239910 0.166907 0.956340
vn 0.332596 -0.023000 0.942789
vn 0.140006 0.314013 0.939039
vn 0.210803 0.325305 0.921813
vn 0.210803 0.325305 0.921813
vn 0.290398 0.004900 0.956893
vn 0.332596 -0.023000 0.942789
vn 0.488078 0.138994 0.861661
vn 0.479288 0.241494 0.843779
vn 0.460918 0.175407 0.869935
vn 0.460918 0.175407 0.869935
vn 0.453411 0.108103 0.884722
vn 0.488078 0.138994 0.861661
vn -0.266603 0.359603 0.894208
vn -0.244203 0.308003 0.919510
vn -0.313706 0.001700 0.949519
vn -0.313706 0.001700 0.949519
vn -0.318595 0.014200 0.947785
vn -0.266603 0.359603 0.894208
vn 0.662174 -0.217891 0.716972
vn 0.635700 -0.143400 0.758500
vn 0.562438 -0.254017 0.786854
vn 0.562438 -0.254017 0.786854
vn 0.583803 -0.334902 0.739604
vn 0.662174 -0.217891 0.716972
vn -0.665036 -0.058203 0.744540
vn -0.635700 -0.143400 0.758500
vn -0.450896 0.049700 0.891192
vn -0.450896 0.049700 0.891192
vn -0.491990 0.082498 0.866683
vn -0.665036 -0.058203 0.744540
vn 0.703627 -0.046802 0.709027
vn 0.483796 0.286398 0.826993
vn 0.454903 0.262401 0.851005
vn 0.454903 0.262401 0.851005
vn 0.651807 -0.089301 0.753109
vn 0.703627 -0.046802 0.709027
vn 0.562438 -0.254017 0.786854
vn 0.396802 -0.001100 0.917904
vn 0.332596 -0.023000 0.942789
vn 0.332596 -0.023000 0.942789
vn 0.458777 -0.318884 0.829359
vn 0.562438 -0.254017 0.786854
vn 0.132606 0.225210 0.965244
vn -0.010400 0.236706 0.971526
vn -0.013000 0.349691 0.936775
vn -0.013000 0.349691 0.936775
vn 0.111304 0.270609 0.956233
vn 0.132606 0.225210 0.965244
vn 0.742704 -0.383102 0.549203
vn 0.725408 -0.326404 0.606007
vn 0.658118 -0.351710 0.665718
vn 0.658118 -0.351710 0.665718
vn 0.682203 -0.394502 0.615603
vn 0.742704 -0.383102 0.549203
vn 0.635700 -0.143400 0.758500
vn 0.450896 0.049700 0.891192
vn 0.396802 -0.001100 0.917904
vn 0.396802 -0.001100 0.917904
vn 0.562438 -0.254017 0.786854
vn 0.635700 -0.143400 0.758500
vn -0.527303 0.268302 0.806205
vn -0.539192 0.214197 0.814488
vn -0.551381 0.267591 0.790173
vn -0.551381 0.267591 0.790173
vn -0.549885 0.312991 0.774379
vn -0.527303 0.268302 0.806205
vn -0.620096 -0.336498 0.708696
vn -0.702424 -0.286110 0.651722
vn -0.729115 -0.335507 0.596512
vn -0.729115 -0.335507 0.596512
vn -0.646214 -0.395109 0.652914
vn -0.620096 -0.336498 0.708696
vn 0.203105 0.189104 0.960723
vn 0.084801 0.162201 0.983107
vn -0.010400 0.236706 0.971526
vn -0.010400 0.236706 0.971526
vn 0.132606 0.225210 0.965244
vn 0.203105 0.189104 0.960723
vn 0.450896 0.049700 0.891192
vn 0.132606 0.225210 0.965244
vn 0.111304 0.270609 0.956233
vn 0.111304 0.270609 0.956233
vn 0.396802 -0.001100 0.917904
vn 0.450896 0.049700 0.891192
vn 0.665092 -0.058199 0.744491
vn 0.491990 0.082498 0.866683
vn 0.450896 0.049700 0.891192
vn 0.450896 0.049700 0.891192
vn 0.635700 -0.143400 0.758500
vn 0.665092 -0.058199 0.744491
vn -0.460324 -0.318517 0.828643
vn -0.456901 -0.394601 0.797202
vn -0.448091 -0.229295 0.864082
vn -0.448091 -0.229295 0.864082
vn -0.464502 -0.146901 0.873303
vn -0.460324 -0.318517 0.828643
vn 0.522605 0.076801 0.849109
vn 0.278596 0.137698 0.950486
vn 0.203105 0.189104 0.960723
vn 0.203105 0.189104 0.960723
vn 0.491990 0.082498 0.866683
vn 0.522605 0.076801 0.849109
vn -0.315702 0.311402 0.896304
vn -0.392021 0.206211 0.896547
vn -0.395491 0.206395 0.894979
vn -0.395491 0.206395 0.894979
vn -0.346998 0.312998 0.884095
vn -0.315702 0.311402 0.896304
vn -0.426004 0.309303 0.850208
vn -0.497414 0.358610 0.789923
vn -0.374892 0.266694 0.887880
vn -0.374892 0.266694 0.887880
vn -0.382500 0.274300 0.882300
vn -0.426004 0.309303 0.850208
vn 0.422493 -0.474092 0.772487
vn 0.443819 -0.569924 0.691529
vn 0.477928 -0.517131 0.710042
vn 0.477928 -0.517131 0.710042
vn 0.449017 -0.397915 0.800030
vn 0.422493 -0.474092 0.772487
vn -0.270094 0.403991 0.873980
vn -0.350014 0.360414 0.864634
vn -0.461212 0.244906 0.852822
vn -0.461212 0.244906 0.852822
vn -0.405786 0.264791 0.874770
vn -0.270094 0.403991 0.873980
vn -0.516428 0.165709 0.840145
vn -0.514882 0.088597 0.852670
vn -0.547680 0.170794 0.819070
vn -0.547680 0.170794 0.819070
vn -0.529207 0.200303 0.824511
vn -0.516428 0.165709 0.840145
vn -0.509632 0.099206 0.854654
vn -0.489209 -0.042801 0.871116
vn -0.514882 0.088597 0.852670
vn -0.514882 0.088597 0.852670
vn -0.516428 0.165709 0.840145
vn -0.509632 0.099206 0.854654
vn -0.526275 -0.009600 0.850260
vn -0.501332 -0.208113 0.839854
vn -0.489209 -0.042801 0.871116
vn -0.489209 -0.042801 0.871116
vn -0.509632 0.099206 0.854654
vn -0.526275 -0.009600 0.850260
vn -0.562991 -0.126098 0.816787
vn -0.542024 -0.333315 0.771434
vn -0.501332 -0.208113 0.839854
vn -0.501332 -0.208113 0.839854
vn -0.526275 -0.009600 0.850260
vn -0.562991 -0.126098 0.816787
vn -0.576302 -0.143701 0.804503
vn -0.592606 -0.216302 0.775907
vn -0.562991 -0.126098 0.816787
vn -0.562991 -0.126098 0.816787
vn -0.547326 -0.036102 0.836140
vn -0.576302 -0.143701 0.804503
vn -0.596296 -0.214798 0.773494
vn -0.605314 -0.266306 0.750117
vn -0.592606 -0.216302 0.775907
vn -0.592606 -0.216302 0.775907
vn -0.576302 -0.143701 0.804503
vn -0.596296 -0.214798 0.773494
vn -0.514882 0.088597 0.852670
vn -0.528306 -0.033100 0.848409
vn -0.584212 0.088002 0.806816
vn -0.584212 0.088002 0.806816
vn -0.547680 0.170794 0.819070
vn -0.514882 0.088597 0.852670
vn -0.503694 0.400395 0.765491
vn -0.425901 0.356201 0.831703
vn -0.398094 0.227896 0.888586
vn -0.398094 0.227896 0.888586
vn -0.391300 0.272800 0.878900
vn -0.503694 0.400395 0.765491
vn -0.501332 -0.208113 0.839854
vn -0.449017 -0.397915 0.800030
vn -0.467215 -0.205507 0.859928
vn -0.467215 -0.205507 0.859928
vn -0.489209 -0.042801 0.871116
vn -0.501332 -0.208113 0.839854
vn -0.492798 0.386899 0.779397
vn -0.558818 0.278509 0.781125
vn -0.474397 0.288498 0.831695
vn -0.474397 0.288498 0.831695
vn -0.428571 0.418872 0.800546
vn -0.492798 0.386899 0.779397
vn 0.501332 -0.208113 0.839854
vn 0.541982 -0.333289 0.771475
vn 0.562991 -0.126098 0.816787
vn 0.562991 -0.126098 0.816787
vn 0.526275 -0.009600 0.850260
vn 0.501332 -0.208113 0.839854
vn 0.459524 0.259714 0.849345
vn 0.463903 0.160601 0.871207
vn 0.442502 0.199901 0.874204
vn 0.442502 0.199901 0.874204
vn 0.436402 0.235801 0.868304
vn 0.459524 0.259714 0.849345
vn -0.467215 -0.205507 0.859928
vn -0.454977 -0.303585 0.837157
vn -0.532111 -0.144703 0.834218
vn -0.532111 -0.144703 0.834218
vn -0.528306 -0.033100 0.848409
vn -0.467215 -0.205507 0.859928
vn -0.401598 -0.103099 0.909994
vn -0.365200 -0.430900 0.825200
vn -0.362486 -0.409985 0.836968
vn -0.362486 -0.409985 0.836968
vn -0.399619 -0.139907 0.905942
vn -0.401598 -0.103099 0.909994
vn -0.477895 -0.517094 0.710092
vn -0.443819 -0.569924 0.691529
vn -0.422493 -0.474092 0.772487
vn -0.422493 -0.474092 0.772487
vn -0.449017 -0.397915 0.800030
vn -0.477895 -0.517094 0.710092
vn -0.578191 -0.385494 0.719089
vn -0.523394 -0.538094 0.660692
vn -0.477895 -0.517094 0.710092
vn -0.477895 -0.517094 0.710092
vn -0.542024 -0.333315 0.771434
vn -0.578191 -0.385494 0.719089
vn -0.593600 -0.379800 0.709500
vn -0.548707 -0.503607 0.667309
vn -0.523394 -0.538094 0.660692
vn -0.523394 -0.538094 0.660692
vn -0.578191 -0.385494 0.719089
vn -0.593600 -0.379800 0.709500
vn -0.523394 -0.538094 0.660692
vn -0.493305 -0.575906 0.651907
vn -0.443819 -0.569924 0.691529
vn -0.443819 -0.569924 0.691529
vn -0.477895 -0.517094 0.710092
vn -0.523394 -0.538094 0.660692
vn 0.486673 0.085895 0.869351
vn 0.379802 -0.145801 0.913506
vn 0.426180 -0.094796 0.899658
vn 0.426180 -0.094796 0.899658
vn 0.505314 0.065802 0.860423
vn 0.486673 0.085895 0.869351
vn 0.529092 0.200297 0.824587
vn 0.516428 0.165709 0.840145
vn 0.515776 0.198291 0.833461
vn 0.515776 0.198291 0.833461
vn 0.523184 0.207094 0.826675
vn 0.529092 0.200297 0.824587
vn -0.505314 0.065802 0.860423
vn -0.486673 0.085895 0.869351
vn -0.515103 0.196901 0.834205
vn -0.515103 0.196901 0.834205
vn -0.525920 0.208308 0.824631
vn -0.505314 0.065802 0.860423
vn 0.174395 0.287492 0.941772
vn 0.172296 0.415389 0.893177
vn 0.196601 0.352301 0.915004
vn 0.196601 0.352301 0.915004
vn 0.206200 0.264800 0.941999
vn 0.174395 0.287492 0.941772
vn 0.589982 -0.015100 0.807275
vn 0.532183 -0.144695 0.834173
vn 0.528306 -0.033100 0.848409
vn 0.528306 -0.033100 0.848409
vn 0.584212 0.088002 0.806816
vn 0.589982 -0.015100 0.807275
vn 0.516428 0.165709 0.840145
vn 0.509589 0.099198 0.854681
vn 0.503611 0.169604 0.847119
vn 0.503611 0.169604 0.847119
vn 0.515776 0.198291 0.833461
vn 0.516428 0.165709 0.840145
vn 0.528306 -0.033100 0.848409
vn 0.467215 -0.205507 0.859928
vn 0.489285 -0.042799 0.871073
vn 0.489285 -0.042799 0.871073
vn 0.514882 0.088597 0.852670
vn 0.528306 -0.033100 0.848409
vn 0.592507 -0.216203 0.776010
vn 0.605314 -0.266306 0.750117
vn 0.596296 -0.214798 0.773494
vn 0.596296 -0.214798 0.773494
vn 0.576294 -0.143799 0.804492
vn 0.592507 -0.216203 0.776010
vn 0.454977 -0.303585 0.837157
vn 0.422493 -0.474092 0.772487
vn 0.449017 -0.397915 0.800030
vn 0.449017 -0.397915 0.800030
vn 0.467215 -0.205507 0.859928
vn 0.454977 -0.303585 0.837157
vn 0.509589 0.099198 0.854681
vn 0.526275 -0.009600 0.850260
vn 0.511781 0.083297 0.855068
vn 0.511781 0.083297 0.855068
vn 0.503611 0.169604 0.847119
vn 0.509589 0.099198 0.854681
vn 0.572093 0.214697 0.791590
vn 0.575921 0.073103 0.814230
vn 0.650608 0.092901 0.753710
vn 0.650608 0.092901 0.753710
vn 0.606682 0.278192 0.744678
vn 0.572093 0.214697 0.791590
vn 0.449017 -0.397915 0.800030
vn 0.477928 -0.517131 0.710042
vn 0.541982 -0.333289 0.771475
vn 0.541982 -0.333289 0.771475
vn 0.501332 -0.208113 0.839854
vn 0.449017 -0.397915 0.800030
vn 0.308115 0.132006 0.942146
vn 0.431593 0.139698 0.891186
vn 0.369608 0.328407 0.869218
vn 0.369608 0.328407 0.869218
vn 0.239197 0.334896 0.911389
vn 0.308115 0.132006 0.942146
vn 0.497414 0.358610 0.789923
vn 0.609030 0.363718 0.704835
vn 0.538688 0.259694 0.801482
vn 0.538688 0.259694 0.801482
vn 0.426004 0.309303 0.850208
vn 0.497414 0.358610 0.789923
vn 0.526275 -0.009600 0.850260
vn 0.562991 -0.126098 0.816787
vn 0.547396 -0.036100 0.836094
vn 0.547396 -0.036100 0.836094
vn 0.511781 0.083297 0.855068
vn 0.526275 -0.009600 0.850260
vn 0.508401 0.335201 0.793202
vn 0.493184 0.339189 0.801074
vn 0.512200 0.421900 0.748099
vn 0.512200 0.421900 0.748099
vn 0.511197 0.456997 0.727895
vn 0.508401 0.335201 0.793202
vn 0.541982 -0.333289 0.771475
vn 0.578172 -0.385381 0.719165
vn 0.592507 -0.216203 0.776010
vn 0.592507 -0.216203 0.776010
vn 0.562991 -0.126098 0.816787
vn 0.541982 -0.333289 0.771475
vn -0.449017 -0.397915 0.800030
vn -0.422493 -0.474092 0.772487
vn -0.454977 -0.303585 0.837157
vn -0.454977 -0.303585 0.837157
vn -0.467215 -0.205507 0.859928
vn -0.449017 -0.397915 0.800030
vn 0.296185 -0.369281 0.880855
vn 0.303119 -0.478429 0.824151
vn 0.360602 -0.605803 0.709203
vn 0.360602 -0.605803 0.709203
vn 0.337809 -0.520314 0.784321
vn 0.296185 -0.369281 0.880855
vn 0.493305 -0.575906 0.651907
vn 0.521084 -0.542783 0.658679
vn 0.548707 -0.503607 0.667309
vn 0.548707 -0.503607 0.667309
vn 0.523501 -0.538101 0.660601
vn 0.493305 -0.575906 0.651907
vn -0.468978 0.331685 0.818562
vn -0.446394 0.179797 0.876588
vn -0.431593 0.139698 0.891186
vn -0.431593 0.139698 0.891186
vn -0.369608 0.328407 0.869218
vn -0.468978 0.331685 0.818562
vn -0.528421 0.214908 0.821332
vn -0.524189 0.134697 0.840882
vn -0.536218 0.058802 0.842029
vn -0.536218 0.058802 0.842029
vn -0.526406 0.152702 0.836409
vn -0.528421 0.214908 0.821332
vn 0.578172 -0.385381 0.719165
vn 0.593600 -0.379800 0.709500
vn 0.605314 -0.266306 0.750117
vn 0.605314 -0.266306 0.750117
vn 0.592507 -0.216203 0.776010
vn 0.578172 -0.385381 0.719165
vn -0.505696 0.023400 0.862394
vn -0.479909 0.035101 0.876616
vn -0.463899 -0.045900 0.884698
vn -0.463899 -0.045900 0.884698
vn -0.486494 -0.099599 0.867989
vn -0.505696 0.023400 0.862394
vn -0.407323 0.243413 0.880249
vn -0.399721 0.181209 0.898547
vn -0.428423 0.193811 0.882548
vn -0.428423 0.193811 0.882548
vn -0.439679 0.222889 0.870059
vn -0.407323 0.243413 0.880249
vn -0.317985 0.366583 0.874359
vn -0.296904 0.399305 0.867412
vn -0.336611 0.262108 0.904429
vn -0.336611 0.262108 0.904429
vn -0.329307 0.254706 0.909220
vn -0.317985 0.366583 0.874359
vn 0.759599 -0.386899 0.522799
vn 0.740261 -0.334382 0.583269
vn 0.636612 -0.408808 0.653912
vn 0.636612 -0.408808 0.653912
vn 0.666692 -0.451795 0.592793
vn 0.759599 -0.386899 0.522799
vn -0.428423 0.193811 0.882548
vn -0.397592 0.070099 0.914881
vn -0.431111 0.166404 0.886822
vn -0.431111 0.166404 0.886822
vn -0.437303 0.190501 0.878906
vn -0.428423 0.193811 0.882548
vn -0.399721 0.181209 0.898547
vn -0.368480 -0.040598 0.928749
vn -0.397592 0.070099 0.914881
vn -0.397592 0.070099 0.914881
vn -0.428423 0.193811 0.882548
vn -0.399721 0.181209 0.898547
vn -0.385307 0.151803 0.910217
vn -0.390691 -0.135597 0.910480
vn -0.368480 -0.040598 0.928749
vn -0.368480 -0.040598 0.928749
vn -0.399721 0.181209 0.898547
vn -0.385307 0.151803 0.910217
vn -0.398897 0.134399 0.907093
vn -0.445511 -0.191205 0.874621
vn -0.390691 -0.135597 0.910480
vn -0.390691 -0.135597 0.910480
vn -0.385307 0.151803 0.910217
vn -0.398897 0.134399 0.907093
vn -0.380517 0.261812 0.886939
vn -0.408314 0.150605 0.900332
vn -0.398897 0.134399 0.907093
vn -0.398897 0.134399 0.907093
vn -0.380191 0.235294 0.894478
vn -0.380517 0.261812 0.886939
vn -0.524625 -0.138207 0.840040
vn -0.585100 -0.518200 0.623800
vn -0.480384 -0.547382 0.685277
vn -0.480384 -0.547382 0.685277
vn -0.444722 -0.163908 0.880543
vn -0.524625 -0.138207 0.840040
vn -0.397592 0.070099 0.914881
vn -0.376611 -0.082102 0.922726
vn -0.448102 0.115400 0.886503
vn -0.448102 0.115400 0.886503
vn -0.431111 0.166404 0.886822
vn -0.397592 0.070099 0.914881
vn -0.369392 -0.161797 0.915080
vn -0.376611 -0.082102 0.922726
vn -0.332691 -0.281392 0.900075
vn -0.332691 -0.281392 0.900075
vn -0.326379 -0.382376 0.864445
vn -0.369392 -0.161797 0.915080
vn 0.390691 -0.135597 0.910480
vn 0.368480 -0.040598 0.928749
vn 0.332691 -0.281392 0.900075
vn 0.332691 -0.281392 0.900075
vn 0.375894 -0.417294 0.827387
vn 0.390691 -0.135597 0.910480
vn 0.390691 -0.135597 0.910480
vn 0.445519 -0.191108 0.874637
vn 0.398897 0.134399 0.907093
vn 0.398897 0.134399 0.907093
vn 0.385313 0.151705 0.910231
vn 0.390691 -0.135597 0.910480
vn -0.445511 -0.191205 0.874621
vn -0.453911 -0.476212 0.753118
vn -0.375910 -0.417411 0.827321
vn -0.375910 -0.417411 0.827321
vn -0.390691 -0.135597 0.910480
vn -0.445511 -0.191205 0.874621
vn -0.564416 -0.113703 0.817622
vn -0.650135 -0.479226 0.589632
vn -0.585100 -0.518200 0.623800
vn -0.585100 -0.518200 0.623800
vn -0.524625 -0.138207 0.840040
vn -0.564416 -0.113703 0.817622
vn -0.402193 0.163797 0.900784
vn -0.494324 -0.203010 0.845240
vn -0.482189 -0.201495 0.852580
vn -0.482189 -0.201495 0.852580
vn -0.408314 0.150605 0.900332
vn -0.402193 0.163797 0.900784
vn -0.707493 -0.514695 0.484295
vn -0.685332 -0.535125 0.493923
vn -0.695817 -0.443011 0.565314
vn -0.695817 -0.443011 0.565314
vn -0.711987 -0.407592 0.571789
vn -0.707493 -0.514695 0.484295
vn 0.326290 -0.382388 0.864473
vn 0.377813 -0.513518 0.770427
vn 0.375894 -0.417294 0.827387
vn 0.375894 -0.417294 0.827387
vn 0.332691 -0.281392 0.900075
vn 0.326290 -0.382388 0.864473
vn -0.453911 -0.476212 0.753118
vn -0.458286 -0.554183 0.694878
vn -0.377784 -0.513478 0.770467
vn -0.377784 -0.513478 0.770467
vn -0.375910 -0.417411 0.827321
vn -0.453911 -0.476212 0.753118
vn -0.232592 0.352187 0.906568
vn -0.228406 0.252606 0.940224
vn -0.237199 0.240599 0.941196
vn -0.237199 0.240599 0.941196
vn -0.249897 0.318796 0.914287
vn -0.232592 0.352187 0.906568
vn -0.635989 -0.407893 0.655089
vn -0.570710 -0.434607 0.696712
vn -0.520280 -0.136795 0.842968
vn -0.520280 -0.136795 0.842968
vn -0.562884 -0.120697 0.817676
vn -0.635989 -0.407893 0.655089
vn -0.453911 -0.476212 0.753118
vn -0.501396 -0.491596 0.711994
vn -0.502678 -0.561875 0.656971
vn -0.502678 -0.561875 0.656971
vn -0.458286 -0.554183 0.694878
vn -0.453911 -0.476212 0.753118
vn 0.500382 -0.181493 0.846569
vn 0.361807 0.277105 0.890117
vn 0.365887 0.235892 0.900268
vn 0.365887 0.235892 0.900268
vn 0.485399 -0.203000 0.850399
vn 0.500382 -0.181493 0.846569
vn 0.437303 0.190501 0.878906
vn 0.428415 0.193907 0.882531
vn 0.439599 0.222899 0.870097
vn 0.439599 0.222899 0.870097
vn 0.447591 0.178297 0.876283
vn 0.437303 0.190501 0.878906
vn 0.597303 0.031300 0.801404
vn 0.628023 0.085103 0.773528
vn 0.659184 0.074498 0.748282
vn 0.659184 0.074498 0.748282
vn 0.607716 -0.047701 0.792721
vn 0.597303 0.031300 0.801404
vn -0.345114 0.215709 0.913437
vn -0.215403 0.216103 0.952314
vn -0.186797 0.231296 0.954782
vn -0.186797 0.231296 0.954782
vn -0.341702 0.271602 0.899707
vn -0.345114 0.215709 0.913437
vn 0.454701 0.065900 0.888203
vn 0.369392 -0.161797 0.915080
vn 0.376611 -0.082102 0.922726
vn 0.376611 -0.082102 0.922726
vn 0.448102 0.115400 0.886503
vn 0.454701 0.065900 0.888203
vn 0.578906 -0.133401 0.804408
vn 0.580379 0.296189 0.758573
vn 0.587382 0.216993 0.779677
vn 0.587382 0.216993 0.779677
vn 0.537384 -0.134296 0.832576
vn 0.578906 -0.133401 0.804408
vn -0.587818 0.201006 0.783624
vn -0.579186 0.172296 0.796780
vn -0.615409 0.069801 0.785111
vn -0.615409 0.069801 0.785111
vn -0.625785 0.072898 0.776581
vn -0.587818 0.201006 0.783624
vn 0.399805 0.181202 0.898511
vn 0.385313 0.151705 0.910231
vn 0.377891 0.237094 0.894978
vn 0.377891 0.237094 0.894978
vn 0.407323 0.243413 0.880249
vn 0.399805 0.181202 0.898511
vn 0.397086 -0.132495 0.908167
vn 0.431510 0.155404 0.888622
vn 0.487495 0.174598 0.855491
vn 0.487495 0.174598 0.855491
vn 0.451388 -0.038999 0.891475
vn 0.397086 -0.132495 0.908167
vn 0.787863 -0.259788 0.558374
vn 0.630942 -0.150710 0.761051
vn 0.597112 -0.160603 0.785916
vn 0.597112 -0.160603 0.785916
vn 0.740261 -0.334382 0.583269
vn 0.787863 -0.259788 0.558374
vn -0.426111 0.254206 0.868222
vn -0.415224 0.225413 0.881350
vn -0.425311 0.217506 0.878523
vn -0.425311 0.217506 0.878523
vn -0.437893 0.203097 0.875786
vn -0.426111 0.254206 0.868222
vn 0.685296 -0.535197 0.493897
vn 0.695817 -0.443011 0.565314
vn 0.650193 -0.479195 0.589594
vn 0.650193 -0.479195 0.589594
vn 0.637590 -0.568591 0.519792
vn 0.685296 -0.535197 0.493897
vn 0.385313 0.151705 0.910231
vn 0.398897 0.134399 0.907093
vn 0.380191 0.235294 0.894478
vn 0.380191 0.235294 0.894478
vn 0.377891 0.237094 0.894978
vn 0.385313 0.151705 0.910231
vn -0.318595 0.014200 0.947785
vn -0.313706 0.001700 0.949519
vn -0.292790 -0.328789 0.897871
vn -0.292790 -0.328789 0.897871
vn -0.277406 -0.336707 0.899819
vn -0.318595 0.014200 0.947785
vn 0.445519 -0.191108 0.874637
vn 0.482189 -0.201495 0.852580
vn 0.408314 0.150605 0.900332
vn 0.408314 0.150605 0.900332
vn 0.398897 0.134399 0.907093
vn 0.445519 -0.191108 0.874637
vn 0.501396 -0.491596 0.711994
vn 0.482189 -0.201495 0.852580
vn 0.445519 -0.191108 0.874637
vn 0.445519 -0.191108 0.874637
vn 0.454012 -0.476113 0.753120
vn 0.501396 -0.491596 0.711994
vn 0.518485 -0.566983 0.640081
vn 0.519715 -0.497114 0.694820
vn 0.501396 -0.491596 0.711994
vn 0.501396 -0.491596 0.711994
vn 0.502678 -0.561875 0.656971
vn 0.518485 -0.566983 0.640081
vn 0.531694 0.173898 0.828891
vn 0.515880 0.150894 0.843267
vn 0.568614 0.230606 0.789620
vn 0.568614 0.230606 0.789620
vn 0.573685 0.201995 0.793779
vn 0.531694 0.173898 0.828891
vn 0.408314 0.150605 0.900332
vn 0.402193 0.163797 0.900784
vn 0.360905 0.292904 0.885412
vn 0.360905 0.292904 0.885412
vn 0.380517 0.261812 0.886939
vn 0.408314 0.150605 0.900332
vn -0.362310 0.200105 0.910324
vn -0.365887 0.235892 0.900268
vn -0.485399 -0.203000 0.850399
vn -0.485399 -0.203000 0.850399
vn -0.427591 -0.214395 0.878181
vn -0.362310 0.200105 0.910324
vn 0.519715 -0.497114 0.694820
vn 0.494399 -0.203000 0.845199
vn 0.482189 -0.201495 0.852580
vn 0.482189 -0.201495 0.852580
vn 0.501396 -0.491596 0.711994
vn 0.519715 -0.497114 0.694820
vn 0.807296 -0.213699 0.550097
vn 0.650712 -0.152203 0.743914
vn 0.630942 -0.150710 0.761051
vn 0.630942 -0.150710 0.761051
vn 0.787863 -0.259788 0.558374
vn 0.807296 -0.213699 0.550097
vn -0.387882 0.280287 0.878059
vn -0.381995 0.218397 0.897988
vn -0.415224 0.225413 0.881350
vn -0.415224 0.225413 0.881350
vn -0.426111 0.254206 0.868222
vn -0.387882 0.280287 0.878059
vn -0.315000 0.396500 0.862301
vn -0.295812 0.459018 0.837734
vn -0.361807 0.277105 0.890117
vn -0.361807 0.277105 0.890117
vn -0.365887 0.235892 0.900268
vn -0.315000 0.396500 0.862301
vn -0.415224 0.225413 0.881350
vn -0.391187 0.098097 0.915068
vn -0.419374 0.193988 0.886845
vn -0.419374 0.193988 0.886845
vn -0.425311 0.217506 0.878523
vn -0.415224 0.225413 0.881350
vn -0.381995 0.218397 0.897988
vn -0.365983 -0.011000 0.930557
vn -0.391187 0.098097 0.915068
vn -0.391187 0.098097 0.915068
vn -0.415224 0.225413 0.881350
vn -0.381995 0.218397 0.897988
vn -0.363893 0.199696 0.909782
vn -0.394812 -0.097003 0.913627
vn -0.365983 -0.011000 0.930557
vn -0.365983 -0.011000 0.930557
vn -0.381995 0.218397 0.897988
vn -0.363893 0.199696 0.909782
vn -0.395605 0.333804 0.855612
vn -0.362011 0.357911 0.860725
vn -0.432825 0.229213 0.871851
vn -0.432825 0.229213 0.871851
vn -0.442289 0.206495 0.872778
vn -0.395605 0.333804 0.855612
vn -0.346998 0.312998 0.884095
vn -0.395491 0.206395 0.894979
vn -0.380606 0.194203 0.904115
vn -0.380606 0.194203 0.904115
vn -0.351300 0.292800 0.889301
vn -0.346998 0.312998 0.884095
vn -0.524625 -0.138207 0.840040
vn -0.444722 -0.163908 0.880543
vn -0.336611 0.262108 0.904429
vn -0.336611 0.262108 0.904429
vn -0.345809 0.298008 0.889723
vn -0.524625 -0.138207 0.840040
vn -0.391187 0.098097 0.915068
vn -0.379585 -0.057598 0.923362
vn -0.438902 0.144101 0.886905
vn -0.438902 0.144101 0.886905
vn -0.419374 0.193988 0.886845
vn -0.391187 0.098097 0.915068
vn -0.365983 -0.011000 0.930557
vn -0.348203 -0.260803 0.900409
vn -0.379585 -0.057598 0.923362
vn -0.379585 -0.057598 0.923362
vn -0.391187 0.098097 0.915068
vn -0.365983 -0.011000 0.930557
vn 0.394812 -0.097003 0.913627
vn 0.365983 -0.011000 0.930557
vn 0.348203 -0.260803 0.900409
vn 0.348203 -0.260803 0.900409
vn 0.404521 -0.393920 0.825342
vn 0.394812 -0.097003 0.913627
vn -0.559772 0.177291 0.809459
vn -0.543190 0.150097 0.826085
vn -0.535802 0.166801 0.827704
vn -0.535802 0.166801 0.827704
vn -0.543102 0.171801 0.821903
vn -0.559772 0.177291 0.809459
vn 0.448495 0.251097 0.857790
vn 0.383521 0.267814 0.883848
vn 0.396994 0.341094 0.852086
vn 0.396994 0.341094 0.852086
vn 0.474006 0.270603 0.837910
vn 0.448495 0.251097 0.857790
vn -0.395491 0.206395 0.894979
vn -0.520280 -0.136795 0.842968
vn -0.462676 -0.137793 0.875754
vn -0.462676 -0.137793 0.875754
vn -0.380606 0.194203 0.904115
vn -0.395491 0.206395 0.894979
vn -0.392021 0.206211 0.896547
vn -0.562884 -0.120697 0.817676
vn -0.520280 -0.136795 0.842968
vn -0.520280 -0.136795 0.842968
vn -0.395491 0.206395 0.894979
vn -0.392021 0.206211 0.896547
vn -0.296783 0.284284 0.911648
vn -0.391691 0.192295 0.899778
vn -0.392021 0.206211 0.896547
vn -0.392021 0.206211 0.896547
vn -0.315702 0.311402 0.896304
vn -0.296783 0.284284 0.911648
vn -0.376611 -0.082102 0.922726
vn -0.369392 -0.161797 0.915080
vn -0.454701 0.065900 0.888203
vn -0.454701 0.065900 0.888203
vn -0.448102 0.115400 0.886503
vn -0.376611 -0.082102 0.922726
vn 0.348811 -0.364212 0.863528
vn 0.413196 -0.494795 0.764492
vn 0.404521 -0.393920 0.825342
vn 0.404521 -0.393920 0.825342
vn 0.348203 -0.260803 0.900409
vn 0.348811 -0.364212 0.863528
vn -0.326094 -0.021900 0.945084
vn -0.313408 -0.107403 0.943525
vn -0.392094 0.059699 0.917986
vn -0.392094 0.059699 0.917986
vn -0.395214 0.111204 0.911833
vn -0.326094 -0.021900 0.945084
vn -0.570710 -0.434607 0.696712
vn -0.496890 -0.440191 0.747885
vn -0.462676 -0.137793 0.875754
vn -0.462676 -0.137793 0.875754
vn -0.520280 -0.136795 0.842968
vn -0.570710 -0.434607 0.696712
vn -0.746178 -0.234493 0.623082
vn -0.702424 -0.286110 0.651722
vn -0.568025 -0.082804 0.818835
vn -0.568025 -0.082804 0.818835
vn -0.595571 -0.019699 0.803061
vn -0.746178 -0.234493 0.623082
vn -0.391691 0.192295 0.899778
vn -0.588487 -0.107098 0.801382
vn -0.562884 -0.120697 0.817676
vn -0.562884 -0.120697 0.817676
vn -0.392021 0.206211 0.896547
vn -0.391691 0.192295 0.899778
vn -0.530906 0.300904 0.792209
vn -0.540587 0.245794 0.804581
vn -0.557807 0.275504 0.782910
vn -0.557807 0.275504 0.782910
vn -0.549182 0.324390 0.770175
vn -0.530906 0.300904 0.792209
vn -0.496890 -0.440191 0.747885
vn -0.570710 -0.434607 0.696712
vn -0.574512 -0.513211 0.637613
vn -0.574512 -0.513211 0.637613
vn -0.505503 -0.525803 0.684104
vn -0.496890 -0.440191 0.747885
vn 0.641376 -0.351687 0.681875
vn 0.625487 0.073298 0.776784
vn 0.647284 0.094398 0.756381
vn 0.647284 0.094398 0.756381
vn 0.614430 -0.350517 0.706834
vn 0.641376 -0.351687 0.681875
vn -0.675885 -0.381992 0.630286
vn -0.674317 -0.454612 0.581915
vn -0.636602 -0.483502 0.600802
vn -0.636602 -0.483502 0.600802
vn -0.635989 -0.407893 0.655089
vn -0.675885 -0.381992 0.630286
vn -0.588487 -0.107098 0.801382
vn -0.675885 -0.381992 0.630286
vn -0.635989 -0.407893 0.655089
vn -0.635989 -0.407893 0.655089
vn -0.562884 -0.120697 0.817676
vn -0.588487 -0.107098 0.801382
vn -0.402010 0.182704 0.897222
vn -0.587814 -0.085002 0.804519
vn -0.588487 -0.107098 0.801382
vn -0.588487 -0.107098 0.801382
vn -0.391691 0.192295 0.899778
vn -0.402010 0.182704 0.897222
vn -0.587814 -0.085002 0.804519
vn -0.684790 -0.356495 0.635590
vn -0.675885 -0.381992 0.630286
vn -0.675885 -0.381992 0.630286
vn -0.588487 -0.107098 0.801382
vn -0.587814 -0.085002 0.804519
vn -0.684790 -0.356495 0.635590
vn -0.686777 -0.439585 0.578880
vn -0.674317 -0.454612 0.581915
vn -0.674317 -0.454612 0.581915
vn -0.675885 -0.381992 0.630286
vn -0.684790 -0.356495 0.635590
vn 0.425311 0.217506 0.878523
vn 0.415224 0.225413 0.881350
vn 0.426095 0.253997 0.868290
vn 0.426095 0.253997 0.868290
vn 0.437893 0.203097 0.875786
vn 0.425311 0.217506 0.878523
vn -0.650664 -0.152192 0.743959
vn -0.630942 -0.150710 0.761051
vn -0.343089 -0.048099 0.938071
vn -0.343089 -0.048099 0.938071
vn -0.386607 -0.111202 0.915516
vn -0.650664 -0.152192 0.743959
vn 0.448317 0.094804 0.888833
vn 0.377407 -0.138603 0.915617
vn 0.379585 -0.057598 0.923362
vn 0.379585 -0.057598 0.923362
vn 0.438989 0.143996 0.886878
vn 0.448317 0.094804 0.888833
vn -0.191207 -0.071603 0.978935
vn -0.183095 -0.209694 0.960471
vn -0.192491 -0.289387 0.937658
vn -0.192491 -0.289387 0.937658
vn -0.198008 -0.123905 0.972338
vn -0.191207 -0.071603 0.978935
vn -0.560916 -0.515215 0.648018
vn -0.543598 -0.607098 0.579598
vn -0.504415 -0.586918 0.633319
vn -0.504415 -0.586918 0.633319
vn -0.516092 -0.501193 0.694590
vn -0.560916 -0.515215 0.648018
vn 0.397592 0.070099 0.914881
vn 0.368480 -0.040598 0.928749
vn 0.399805 0.181202 0.898511
vn 0.399805 0.181202 0.898511
vn 0.428415 0.193907 0.882531
vn 0.397592 0.070099 0.914881
vn 0.381995 0.218397 0.897988
vn 0.363893 0.199696 0.909782
vn 0.351795 0.283896 0.891988
vn 0.351795 0.283896 0.891988
vn 0.387882 0.280287 0.878059
vn 0.381995 0.218397 0.897988
vn 0.415224 0.225413 0.881350
vn 0.381995 0.218397 0.897988
vn 0.387882 0.280287 0.878059
vn 0.387882 0.280287 0.878059
vn 0.426095 0.253997 0.868290
vn 0.415224 0.225413 0.881350
vn 0.404521 -0.393920 0.825342
vn 0.496897 -0.439997 0.747995
vn 0.462676 -0.137793 0.875754
vn 0.462676 -0.137793 0.875754
vn 0.394812 -0.097003 0.913627
vn 0.404521 -0.393920 0.825342
vn 0.413196 -0.494795 0.764492
vn 0.505503 -0.525803 0.684104
vn 0.496897 -0.439997 0.747995
vn 0.496897 -0.439997 0.747995
vn 0.404521 -0.393920 0.825342
vn 0.413196 -0.494795 0.764492
vn -0.497521 -0.339315 0.798334
vn -0.620096 -0.336498 0.708696
vn -0.646214 -0.395109 0.652914
vn -0.646214 -0.395109 0.652914
vn -0.521399 -0.403100 0.752099
vn -0.497521 -0.339315 0.798334
vn 0.363893 0.199696 0.909782
vn 0.380606 0.194203 0.904115
vn 0.351300 0.292800 0.889301
vn 0.351300 0.292800 0.889301
vn 0.351795 0.283896 0.891988
vn 0.363893 0.199696 0.909782
vn 0.394812 -0.097003 0.913627
vn 0.462676 -0.137793 0.875754
vn 0.380606 0.194203 0.904115
vn 0.380606 0.194203 0.904115
vn 0.363893 0.199696 0.909782
vn 0.394812 -0.097003 0.913627
vn -0.703680 -0.046699 0.708980
vn -0.711416 -0.014800 0.702616
vn -0.818383 -0.332393 0.468790
vn -0.818383 -0.332393 0.468790
vn -0.801107 -0.349603 0.485804
vn -0.703680 -0.046699 0.708980
vn -0.158802 0.434404 0.886609
vn -0.144300 0.348599 0.926097
vn -0.226992 0.281691 0.932269
vn -0.226992 0.281691 0.932269
vn -0.233600 0.354001 0.905602
vn -0.158802 0.434404 0.886609
vn 0.636602 -0.483502 0.600802
vn 0.635989 -0.407893 0.655089
vn 0.570710 -0.434607 0.696712
vn 0.570710 -0.434607 0.696712
vn 0.574483 -0.513284 0.637581
vn 0.636602 -0.483502 0.600802
vn 0.694896 -0.117799 0.709396
vn 0.665092 -0.058199 0.744491
vn 0.635700 -0.143400 0.758500
vn 0.635700 -0.143400 0.758500
vn 0.662174 -0.217891 0.716972
vn 0.694896 -0.117799 0.709396
vn 0.395407 0.206403 0.895015
vn 0.391986 0.206192 0.896567
vn 0.315702 0.311402 0.896304
vn 0.315702 0.311402 0.896304
vn 0.347106 0.313105 0.884015
vn 0.395407 0.206403 0.895015
vn -0.505807 -0.645109 0.572708
vn -0.513685 -0.564083 0.646481
vn -0.536723 -0.555123 0.635427
vn -0.536723 -0.555123 0.635427
vn -0.526814 -0.637217 0.562515
vn -0.505807 -0.645109 0.572708
vn 0.635989 -0.407893 0.655089
vn 0.562884 -0.120697 0.817676
vn 0.520127 -0.136907 0.843044
vn 0.520127 -0.136907 0.843044
vn 0.570710 -0.434607 0.696712
vn 0.635989 -0.407893 0.655089
vn -0.457000 0.246600 0.854599
vn -0.499409 0.155403 0.852315
vn -0.494904 0.138701 0.857807
vn -0.494904 0.138701 0.857807
vn -0.470907 0.224603 0.853112
vn -0.457000 0.246600 0.854599
vn 0.370291 0.266793 0.889778
vn 0.331007 0.247405 0.910618
vn 0.362908 0.393809 0.844519
vn 0.362908 0.393809 0.844519
vn 0.422006 0.315804 0.849811
vn 0.370291 0.266793 0.889778
vn -0.725408 -0.326404 0.606007
vn -0.658118 -0.351710 0.665718
vn -0.602916 -0.120703 0.788621
vn -0.602916 -0.120703 0.788621
vn -0.655418 -0.089702 0.749921
vn -0.725408 -0.326404 0.606007
vn -0.570710 -0.434607 0.696712
vn -0.635989 -0.407893 0.655089
vn -0.636602 -0.483502 0.600802
vn -0.636602 -0.483502 0.600802
vn -0.574512 -0.513211 0.637613
vn -0.570710 -0.434607 0.696712
vn 0.290398 0.004900 0.956893
vn 0.210803 0.325305 0.921813
vn 0.326608 0.305508 0.894423
vn 0.326608 0.305508 0.894423
vn 0.312490 0.068198 0.947470
vn 0.290398 0.004900 0.956893
vn 0.269286 0.289385 0.918554
vn 0.259905 0.403007 0.877516
vn 0.360988 0.332789 0.871171
vn 0.360988 0.332789 0.871171
vn 0.347203 0.261102 0.900708
vn 0.269286 0.289385 0.918554
vn 0.392015 0.192307 0.899634
vn 0.402010 0.182704 0.897222
vn 0.304311 0.269910 0.913534
vn 0.304311 0.269910 0.913534
vn 0.296810 0.284310 0.911631
vn 0.392015 0.192307 0.899634
vn 0.602916 -0.120703 0.788621
vn 0.655418 -0.089702 0.749921
vn 0.520996 0.179399 0.834493
vn 0.520996 0.179399 0.834493
vn 0.499409 0.155403 0.852315
vn 0.602916 -0.120703 0.788621
vn -0.356797 0.301497 0.884192
vn -0.338686 0.299488 0.891964
vn -0.339900 0.274200 0.899601
vn -0.339900 0.274200 0.899601
vn -0.353585 0.251489 0.900961
vn -0.356797 0.301497 0.884192
vn 0.568025 -0.082804 0.818835
vn 0.341009 0.137003 0.930023
vn 0.256092 0.158495 0.953570
vn 0.256092 0.158495 0.953570
vn 0.487787 -0.098597 0.867377
vn 0.568025 -0.082804 0.818835
vn -0.257204 0.346205 0.902213
vn -0.257812 0.281613 0.924244
vn -0.304504 0.315304 0.898811
vn -0.304504 0.315304 0.898811
vn -0.316495 0.354694 0.879786
vn -0.257204 0.346205 0.902213
vn -0.317397 0.061599 0.946290
vn -0.318595 0.014200 0.947785
vn -0.277406 -0.336707 0.899819
vn -0.277406 -0.336707 0.899819
vn -0.254690 -0.313887 0.914663
vn -0.317397 0.061599 0.946290
vn 0.451388 -0.038999 0.891475
vn 0.487495 0.174598 0.855491
vn 0.539263 0.214185 0.814444
vn 0.539263 0.214185 0.814444
vn 0.517136 0.063304 0.853559
vn 0.451388 -0.038999 0.891475
vn -0.304504 0.315304 0.898811
vn -0.258206 0.188004 0.947620
vn -0.286301 0.247200 0.925702
vn -0.286301 0.247200 0.925702
vn -0.338686 0.299488 0.891964
vn -0.304504 0.315304 0.898811
vn 0.318595 0.014200 0.947785
vn 0.266603 0.359603 0.894208
vn 0.292600 0.429200 0.854501
vn 0.292600 0.429200 0.854501
vn 0.317487 0.061597 0.946260
vn 0.318595 0.014200 0.947785
vn -0.614492 -0.350495 0.706791
vn -0.589502 -0.293901 0.752403
vn -0.670820 0.112603 0.733022
vn -0.670820 0.112603 0.733022
vn -0.647333 0.094405 0.756338
vn -0.614492 -0.350495 0.706791
vn -0.358207 0.210004 0.909718
vn -0.362310 0.200105 0.910324
vn -0.427591 -0.214395 0.878181
vn -0.427591 -0.214395 0.878181
vn -0.363591 -0.166396 0.916577
vn -0.358207 0.210004 0.909718
vn -0.702424 -0.286110 0.651722
vn -0.620096 -0.336498 0.708696
vn -0.487787 -0.098597 0.867377
vn -0.487787 -0.098597 0.867377
vn -0.568025 -0.082804 0.818835
vn -0.702424 -0.286110 0.651722
vn -0.792903 -0.276501 0.543002
vn -0.812198 -0.351499 0.465599
vn -0.793310 -0.359005 0.491706
vn -0.793310 -0.359005 0.491706
vn -0.777702 -0.292001 0.556701
vn -0.792903 -0.276501 0.543002
vn -0.191207 -0.071603 0.978935
vn -0.217693 0.054998 0.974467
vn -0.258206 0.188004 0.947620
vn -0.258206 0.188004 0.947620
vn -0.219597 0.097699 0.970686
vn -0.191207 -0.071603 0.978935
vn -0.183095 -0.209694 0.960471
vn -0.191207 -0.071603 0.978935
vn -0.219597 0.097699 0.970686
vn -0.219597 0.097699 0.970686
vn -0.205596 0.010400 0.978582
vn -0.183095 -0.209694 0.960471
vn -0.237199 0.240599 0.941196
vn -0.233909 -0.046702 0.971136
vn -0.205596 0.010400 0.978582
vn -0.205596 0.010400 0.978582
vn -0.240705 0.236205 0.941418
vn -0.237199 0.240599 0.941196
vn -0.488182 -0.685875 0.539680
vn -0.540287 -0.691783 0.479088
vn -0.500790 -0.765084 0.404792
vn -0.500790 -0.765084 0.404792
vn -0.455766 -0.752344 0.475664
vn -0.488182 -0.685875 0.539680
vn -0.217693 0.054998 0.974467
vn -0.207889 0.002800 0.978148
vn -0.219706 0.117803 0.968427
vn -0.219706 0.117803 0.968427
vn -0.239910 0.166907 0.956340
vn -0.217693 0.054998 0.974467
vn -0.217693 0.054998 0.974467
vn -0.191207 -0.071603 0.978935
vn -0.198008 -0.123905 0.972338
vn -0.198008 -0.123905 0.972338
vn -0.207889 0.002800 0.978148
vn -0.217693 0.054998 0.974467
vn 0.365983 -0.011000 0.930557
vn 0.394812 -0.097003 0.913627
vn 0.363893 0.199696 0.909782
vn 0.363893 0.199696 0.909782
vn 0.381995 0.218397 0.897988
vn 0.365983 -0.011000 0.930557
vn 0.254690 -0.313887 0.914663
vn 0.317487 0.061597 0.946260
vn 0.332785 0.139294 0.932658
vn 0.332785 0.139294 0.932658
vn 0.238787 -0.231188 0.943150
vn 0.254690 -0.313887 0.914663
vn 0.523682 -0.144495 0.839571
vn 0.442279 0.206590 0.872760
vn 0.466110 0.190304 0.864018
vn 0.466110 0.190304 0.864018
vn 0.487216 -0.114604 0.865729
vn 0.523682 -0.144495 0.839571
vn -0.257097 -0.412996 0.873691
vn -0.262706 -0.503612 0.823019
vn -0.240796 -0.435894 0.867187
vn -0.240796 -0.435894 0.867187
vn -0.234106 -0.334309 0.912925
vn -0.257097 -0.412996 0.873691
vn -0.248091 -0.098996 0.963665
vn -0.257097 -0.412996 0.873691
vn -0.234106 -0.334309 0.912925
vn -0.234106 -0.334309 0.912925
vn -0.233909 -0.046702 0.971136
vn -0.248091 -0.098996 0.963665
vn 0.535012 -0.292707 0.792518
vn 0.477710 -0.203104 0.854718
vn 0.494916 -0.263809 0.827927
vn 0.494916 -0.263809 0.827927
vn 0.553894 -0.360296 0.750592
vn 0.535012 -0.292707 0.792518
vn 0.346985 0.100596 0.932460
vn 0.260213 0.198410 0.944946
vn 0.363497 0.224698 0.904091
vn 0.363497 0.224698 0.904091
vn 0.385513 0.116404 0.915331
vn 0.346985 0.100596 0.932460
vn 0.282989 0.225391 0.932264
vn 0.239906 0.167004 0.956324
vn 0.286301 0.247200 0.925702
vn 0.286301 0.247200 0.925702
vn 0.305598 0.266198 0.914193
vn 0.282989 0.225391 0.932264
vn 0.269899 0.189299 0.944098
vn 0.219706 0.117803 0.968427
vn 0.239906 0.167004 0.956324
vn 0.239906 0.167004 0.956324
vn 0.282989 0.225391 0.932264
vn 0.269899 0.189299 0.944098
vn 0.338686 0.299488 0.891964
vn 0.304504 0.315304 0.898811
vn 0.316495 0.354694 0.879786
vn 0.316495 0.354694 0.879786
vn 0.356884 0.301486 0.884160
vn 0.338686 0.299488 0.891964
vn -0.331592 0.568387 0.752983
vn -0.227296 0.515191 0.826386
vn -0.292600 0.429200 0.854501
vn -0.292600 0.429200 0.854501
vn -0.360095 0.483594 0.797790
vn -0.331592 0.568387 0.752983
vn 0.239906 0.167004 0.956324
vn 0.217693 0.054998 0.974467
vn 0.258210 0.187908 0.947638
vn 0.258210 0.187908 0.947638
vn 0.286301 0.247200 0.925702
vn 0.239906 0.167004 0.956324
vn -0.562380 -0.254091 0.786872
vn -0.458777 -0.318884 0.829359
vn -0.332685 -0.022999 0.942757
vn -0.332685 -0.022999 0.942757
vn -0.396802 -0.001100 0.917904
vn -0.562380 -0.254091 0.786872
vn -0.437911 -0.652816 0.618115
vn -0.432897 -0.571296 0.697295
vn -0.513685 -0.564083 0.646481
vn -0.513685 -0.564083 0.646481
vn -0.505807 -0.645109 0.572708
vn -0.437911 -0.652816 0.618115
vn 0.192491 -0.289387 0.937658
vn 0.183095 -0.209694 0.960471
vn 0.191207 -0.071603 0.978935
vn 0.191207 -0.071603 0.978935
vn 0.198010 -0.123806 0.972350
vn 0.192491 -0.289387 0.937658
vn -0.545901 -0.401101 0.735602
vn -0.447488 -0.309091 0.839177
vn -0.450085 -0.099097 0.887470
vn -0.450085 -0.099097 0.887470
vn -0.525584 -0.141596 0.838875
vn -0.545901 -0.401101 0.735602
vn 0.258210 0.187908 0.947638
vn 0.219597 0.097699 0.970686
vn 0.257812 0.281613 0.924244
vn 0.257812 0.281613 0.924244
vn 0.304504 0.315304 0.898811
vn 0.258210 0.187908 0.947638
vn -0.252703 0.373105 0.892712
vn -0.196601 0.352301 0.915004
vn -0.206200 0.264800 0.941999
vn -0.206200 0.264800 0.941999
vn -0.273792 0.312591 0.909574
vn -0.252703 0.373105 0.892712
vn 0.257812 0.281613 0.924244
vn 0.240705 0.236205 0.941418
vn 0.246406 0.305307 0.919822
vn 0.246406 0.305307 0.919822
vn 0.257204 0.346205 0.902213
vn 0.257812 0.281613 0.924244
vn 0.219597 0.097699 0.970686
vn 0.205596 0.010400 0.978582
vn 0.240705 0.236205 0.941418
vn 0.240705 0.236205 0.941418
vn 0.257812 0.281613 0.924244
vn 0.219597 0.097699 0.970686
vn 0.677498 -0.494598 0.544398
vn 0.761270 -0.449782 0.467081
vn 0.742207 -0.386904 0.547205
vn 0.742207 -0.386904 0.547205
vn 0.654422 -0.423914 0.626121
vn 0.677498 -0.494598 0.544398
vn 0.192491 -0.289387 0.937658
vn 0.240796 -0.435894 0.867187
vn 0.234106 -0.334309 0.912925
vn 0.234106 -0.334309 0.912925
vn 0.183095 -0.209694 0.960471
vn 0.192491 -0.289387 0.937658
vn 0.311285 0.062597 0.948253
vn 0.306499 -0.099100 0.946698
vn 0.282411 0.171507 0.943838
vn 0.282411 0.171507 0.943838
vn 0.331007 0.247405 0.910618
vn 0.311285 0.062597 0.948253
vn 0.240705 0.236205 0.941418
vn 0.237199 0.240599 0.941196
vn 0.249803 0.318804 0.914310
vn 0.249803 0.318804 0.914310
vn 0.246406 0.305307 0.919822
vn 0.240705 0.236205 0.941418
vn -0.351300 0.292800 0.889301
vn -0.380606 0.194203 0.904115
vn -0.363893 0.199696 0.909782
vn -0.363893 0.199696 0.909782
vn -0.351708 0.283906 0.892020
vn -0.351300 0.292800 0.889301
vn 0.233909 -0.046702 0.971136
vn 0.205596 0.010400 0.978582
vn 0.183095 -0.209694 0.960471
vn 0.183095 -0.209694 0.960471
vn 0.234106 -0.334309 0.912925
vn 0.233909 -0.046702 0.971136
vn 0.206991 -0.126294 0.970157
vn 0.249796 0.098399 0.963286
vn 0.290302 0.188901 0.938105
vn 0.290302 0.188901 0.938105
vn 0.216510 0.016301 0.976144
vn 0.206991 -0.126294 0.970157
vn 0.237199 0.240599 0.941196
vn 0.228305 0.252706 0.940222
vn 0.232497 0.352196 0.906589
vn 0.232497 0.352196 0.906589
vn 0.249803 0.318804 0.914310
vn 0.237199 0.240599 0.941196
vn 0.233909 -0.046702 0.971136
vn 0.248091 -0.098996 0.963665
vn 0.228305 0.252706 0.940222
vn 0.228305 0.252706 0.940222
vn 0.237199 0.240599 0.941196
vn 0.233909 -0.046702 0.971136
vn 0.442623 -0.536728 0.718337
vn 0.494320 -0.150606 0.856134
vn 0.464606 -0.098601 0.880011
vn 0.464606 -0.098601 0.880011
vn 0.390898 -0.447198 0.804496
vn 0.442623 -0.536728 0.718337
vn -0.218599 0.466297 0.857194
vn -0.246885 0.402176 0.881647
vn -0.362908 0.393809 0.844519
vn -0.362908 0.393809 0.844519
vn -0.381194 0.420193 0.823486
vn -0.218599 0.466297 0.857194
vn -0.047199 0.409292 0.911182
vn -0.123201 0.342502 0.931404
vn -0.246885 0.402176 0.881647
vn -0.246885 0.402176 0.881647
vn -0.218599 0.466297 0.857194
vn -0.047199 0.409292 0.911182
vn -0.422006 0.315804 0.849811
vn -0.370281 0.266886 0.889755
vn -0.382107 0.261605 0.886317
vn -0.382107 0.261605 0.886317
vn -0.411807 0.220804 0.884116
vn -0.422006 0.315804 0.849811
vn -0.362908 0.393809 0.844519
vn -0.330998 0.247499 0.910596
vn -0.370281 0.266886 0.889755
vn -0.370281 0.266886 0.889755
vn -0.422006 0.315804 0.849811
vn -0.362908 0.393809 0.844519
vn 0.246885 0.402176 0.881647
vn 0.123196 0.342590 0.931373
vn 0.047199 0.409292 0.911182
vn 0.047199 0.409292 0.911182
vn 0.218599 0.466297 0.857194
vn 0.246885 0.402176 0.881647
vn -0.228695 0.093698 0.968979
vn 0.095602 -0.013700 0.995325
vn 0.208443 0.182156 0.960922
vn 0.208443 0.182156 0.960922
vn 0.206704 0.170892 0.963364
vn -0.228695 0.093698 0.968979
vn 0.561596 -0.430997 0.706295
vn 0.523682 -0.144495 0.839571
vn 0.487216 -0.114604 0.865729
vn 0.487216 -0.114604 0.865729
vn 0.508793 -0.357195 0.783289
vn 0.561596 -0.430997 0.706295
vn 0.374809 -0.266006 0.888121
vn 0.388510 -0.263307 0.883023
vn 0.213099 0.042700 0.976097
vn 0.213099 0.042700 0.976097
vn 0.228000 0.029900 0.973202
vn 0.374809 -0.266006 0.888121
vn 0.521399 -0.403100 0.752099
vn 0.497505 -0.339403 0.798307
vn 0.393805 -0.255703 0.882912
vn 0.393805 -0.255703 0.882912
vn 0.416715 -0.309211 0.854831
vn 0.521399 -0.403100 0.752099
vn 0.217592 -0.012100 0.975965
vn 0.206200 0.264800 0.941999
vn 0.273792 0.312591 0.909574
vn 0.273792 0.312591 0.909574
vn 0.249796 0.098399 0.963286
vn 0.217592 -0.012100 0.975965
vn -0.282503 0.171502 0.943811
vn -0.306499 -0.099100 0.946698
vn -0.311285 0.062597 0.948253
vn -0.311285 0.062597 0.948253
vn -0.330998 0.247499 0.910596
vn -0.282503 0.171502 0.943811
vn -0.246292 0.077797 0.966068
vn -0.335787 -0.220091 0.915864
vn -0.306499 -0.099100 0.946698
vn -0.306499 -0.099100 0.946698
vn -0.282503 0.171502 0.943811
vn -0.246292 0.077797 0.966068
vn -0.570875 -0.191192 0.798465
vn -0.460126 -0.480427 0.746642
vn -0.519991 -0.230496 0.822485
vn -0.519991 -0.230496 0.822485
vn -0.564289 -0.040499 0.824584
vn -0.570875 -0.191192 0.798465
vn -0.044101 0.256204 0.965616
vn -0.213099 0.042700 0.976097
vn -0.228000 0.029900 0.973202
vn -0.228000 0.029900 0.973202
vn -0.052703 0.276914 0.959448
vn -0.044101 0.256204 0.965616
vn -0.344394 0.174397 0.922485
vn -0.338296 0.115798 0.933888
vn -0.378506 0.206303 0.902315
vn -0.378506 0.206303 0.902315
vn -0.381283 0.241489 0.892360
vn -0.344394 0.174397 0.922485
vn 0.397919 -0.272413 0.876043
vn 0.451388 -0.038999 0.891475
vn 0.517136 0.063304 0.853559
vn 0.517136 0.063304 0.853559
vn 0.483882 -0.113296 0.867768
vn 0.397919 -0.272413 0.876043
vn 0.416890 0.072298 0.906077
vn 0.391202 -0.013500 0.920206
vn 0.389713 0.105003 0.914931
vn 0.389713 0.105003 0.914931
vn 0.407898 0.127399 0.904095
vn 0.416890 0.072298 0.906077
vn -0.419200 0.205200 0.884400
vn -0.389713 0.105003 0.914931
vn -0.407898 0.127399 0.904095
vn -0.407898 0.127399 0.904095
vn -0.432097 0.151599 0.888994
vn -0.419200 0.205200 0.884400
vn 0.254697 0.082599 0.963487
vn 0.398094 0.227896 0.888586
vn 0.391300 0.272800 0.878900
vn 0.391300 0.272800 0.878900
vn 0.234705 0.210405 0.949022
vn 0.254697 0.082599 0.963487
vn -0.213099 0.042700 0.976097
vn -0.388510 -0.263307 0.883023
vn -0.374809 -0.266006 0.888121
vn -0.374809 -0.266006 0.888121
vn -0.228000 0.029900 0.973202
vn -0.213099 0.042700 0.976097
vn 0.438989 0.143996 0.886878
vn 0.379585 -0.057598 0.923362
vn 0.391187 0.098097 0.915068
vn 0.391187 0.098097 0.915068
vn 0.419411 0.194005 0.886824
vn 0.438989 0.143996 0.886878
vn 0.571107 -0.163102 0.804509
vn 0.317605 0.189403 0.929114
vn 0.420997 0.164099 0.892095
vn 0.420997 0.164099 0.892095
vn 0.566593 -0.158598 0.808590
vn 0.571107 -0.163102 0.804509
vn 0.411807 0.220804 0.884116
vn 0.422006 0.315804 0.849811
vn 0.459994 0.273997 0.844589
vn 0.459994 0.273997 0.844589
vn 0.442007 0.089701 0.892515
vn 0.411807 0.220804 0.884116
vn 0.390898 -0.447198 0.804496
vn 0.464606 -0.098601 0.880011
vn 0.453598 -0.004300 0.891196
vn 0.453598 -0.004300 0.891196
vn 0.372014 -0.295211 0.880032
vn 0.390898 -0.447198 0.804496
vn 0.381283 0.241489 0.892360
vn 0.344388 0.174494 0.922469
vn 0.370291 0.266793 0.889778
vn 0.370291 0.266793 0.889778
vn 0.382107 0.261605 0.886317
vn 0.381283 0.241489 0.892360
vn 0.313509 0.508715 0.801824
vn 0.239197 0.334896 0.911389
vn 0.369608 0.328407 0.869218
vn 0.369608 0.328407 0.869218
vn 0.411693 0.570590 0.710588
vn 0.313509 0.508715 0.801824
vn 0.422006 0.315804 0.849811
vn 0.362908 0.393809 0.844519
vn 0.381194 0.420193 0.823486
vn 0.381194 0.420193 0.823486
vn 0.459994 0.273997 0.844589
vn 0.422006 0.315804 0.849811
vn 0.591816 -0.392211 0.704219
vn 0.610013 -0.161703 0.775717
vn 0.575687 -0.058399 0.815582
vn 0.575687 -0.058399 0.815582
vn 0.538626 -0.343516 0.769337
vn 0.591816 -0.392211 0.704219
vn 0.344388 0.174494 0.922469
vn 0.311285 0.062597 0.948253
vn 0.331007 0.247405 0.910618
vn 0.331007 0.247405 0.910618
vn 0.370291 0.266793 0.889778
vn 0.344388 0.174494 0.922469
vn 0.338296 0.115798 0.933888
vn 0.304605 -0.026300 0.952116
vn 0.311285 0.062597 0.948253
vn 0.311285 0.062597 0.948253
vn 0.344388 0.174494 0.922469
vn 0.338296 0.115798 0.933888
vn 0.304605 -0.026300 0.952116
vn 0.313110 -0.212107 0.925728
vn 0.306499 -0.099100 0.946698
vn 0.306499 -0.099100 0.946698
vn 0.311285 0.062597 0.948253
vn 0.304605 -0.026300 0.952116
vn -0.380606 0.194203 0.904115
vn -0.462676 -0.137793 0.875754
vn -0.394812 -0.097003 0.913627
vn -0.394812 -0.097003 0.913627
vn -0.363893 0.199696 0.909782
vn -0.380606 0.194203 0.904115
vn 0.331007 0.247405 0.910618
vn 0.282411 0.171507 0.943838
vn 0.246885 0.402176 0.881647
vn 0.246885 0.402176 0.881647
vn 0.362908 0.393809 0.844519
vn 0.331007 0.247405 0.910618
vn -0.215099 -0.060800 0.974698
vn -0.281898 -0.146499 0.948194
vn -0.386607 -0.111202 0.915516
vn -0.386607 -0.111202 0.915516
vn -0.343089 -0.048099 0.938071
vn -0.215099 -0.060800 0.974698
vn 0.675885 -0.381992 0.630286
vn 0.684790 -0.356495 0.635590
vn 0.587814 -0.085002 0.804519
vn 0.587814 -0.085002 0.804519
vn 0.588422 -0.107104 0.801429
vn 0.675885 -0.381992 0.630286
vn 0.313110 -0.212107 0.925728
vn 0.358796 -0.328796 0.873590
vn 0.335787 -0.220091 0.915864
vn 0.335787 -0.220091 0.915864
vn 0.306499 -0.099100 0.946698
vn 0.313110 -0.212107 0.925728
vn 0.358796 -0.328796 0.873590
vn 0.415109 -0.373608 0.829519
vn 0.374809 -0.266006 0.888121
vn 0.374809 -0.266006 0.888121
vn 0.335787 -0.220091 0.915864
vn 0.358796 -0.328796 0.873590
vn 0.502678 -0.561875 0.656971
vn 0.501396 -0.491596 0.711994
vn 0.454012 -0.476113 0.753120
vn 0.454012 -0.476113 0.753120
vn 0.458311 -0.554113 0.694917
vn 0.502678 -0.561875 0.656971
vn 0.282411 0.171507 0.943838
vn 0.246196 0.077899 0.966085
vn 0.123196 0.342590 0.931373
vn 0.123196 0.342590 0.931373
vn 0.246885 0.402176 0.881647
vn 0.282411 0.171507 0.943838
vn 0.246196 0.077899 0.966085
vn 0.228000 0.029900 0.973202
vn 0.052703 0.276914 0.959448
vn 0.052703 0.276914 0.959448
vn 0.123196 0.342590 0.931373
vn 0.246196 0.077899 0.966085
vn 0.335787 -0.220091 0.915864
vn 0.374809 -0.266006 0.888121
vn 0.228000 0.029900 0.973202
vn 0.228000 0.029900 0.973202
vn 0.246196 0.077899 0.966085
vn 0.335787 -0.220091 0.915864
vn 0.415109 -0.373608 0.829519
vn 0.448109 -0.393708 0.802616
vn 0.388510 -0.263307 0.883023
vn 0.388510 -0.263307 0.883023
vn 0.374809 -0.266006 0.888121
vn 0.415109 -0.373608 0.829519
vn 0.123196 0.342590 0.931373
vn 0.052703 0.276914 0.959448
vn -0.028901 0.332011 0.942833
vn -0.028901 0.332011 0.942833
vn 0.047199 0.409292 0.911182
vn 0.123196 0.342590 0.931373
vn 0.052703 0.276914 0.959448
vn 0.044101 0.256204 0.965616
vn -0.018200 0.303306 0.952719
vn -0.018200 0.303306 0.952719
vn -0.028901 0.332011 0.942833
vn 0.052703 0.276914 0.959448
vn 0.596522 0.499119 0.628524
vn 0.530493 0.548293 0.646492
vn 0.439099 0.534299 0.722299
vn 0.439099 0.534299 0.722299
vn 0.457786 0.339290 0.821775
vn 0.596522 0.499119 0.628524
vn 0.355307 0.511910 0.782116
vn 0.449998 0.339699 0.825897
vn 0.480415 0.402312 0.779324
vn 0.480415 0.402312 0.779324
vn 0.368892 0.395391 0.841181
vn 0.355307 0.511910 0.782116
vn -0.517976 0.133194 0.844961
vn -0.495093 0.095399 0.863587
vn -0.479909 0.035101 0.876616
vn -0.479909 0.035101 0.876616
vn -0.505696 0.023400 0.862394
vn -0.517976 0.133194 0.844961
vn -0.494404 0.195302 0.847007
vn -0.496296 0.125099 0.859093
vn -0.495093 0.095399 0.863587
vn -0.495093 0.095399 0.863587
vn -0.517976 0.133194 0.844961
vn -0.494404 0.195302 0.847007
vn -0.470907 0.224603 0.853112
vn -0.494904 0.138701 0.857807
vn -0.496296 0.125099 0.859093
vn -0.496296 0.125099 0.859093
vn -0.494404 0.195302 0.847007
vn -0.470907 0.224603 0.853112
vn -0.368591 0.135397 0.919678
vn -0.326094 -0.021900 0.945084
vn -0.395214 0.111204 0.911833
vn -0.395214 0.111204 0.911833
vn -0.405010 0.149404 0.902023
vn -0.368591 0.135397 0.919678
vn -0.391202 -0.013500 0.920206
vn -0.402806 -0.078501 0.911913
vn -0.424292 0.021000 0.905282
vn -0.424292 0.021000 0.905282
vn -0.416890 0.072298 0.906077
vn -0.391202 -0.013500 0.920206
vn -0.496296 0.125099 0.859093
vn -0.516095 -0.095499 0.851191
vn -0.474503 -0.057000 0.878406
vn -0.474503 -0.057000 0.878406
vn -0.495093 0.095399 0.863587
vn -0.496296 0.125099 0.859093
vn -0.494904 0.138701 0.857807
vn -0.561804 -0.120101 0.818506
vn -0.516095 -0.095499 0.851191
vn -0.516095 -0.095499 0.851191
vn -0.496296 0.125099 0.859093
vn -0.494904 0.138701 0.857807
vn -0.286301 0.247200 0.925702
vn -0.239910 0.166907 0.956340
vn -0.283009 0.225507 0.932230
vn -0.283009 0.225507 0.932230
vn -0.305598 0.266198 0.914193
vn -0.286301 0.247200 0.925702
vn -0.463085 0.268791 0.844573
vn -0.520996 0.179399 0.834493
vn -0.499409 0.155403 0.852315
vn -0.499409 0.155403 0.852315
vn -0.457000 0.246600 0.854599
vn -0.463085 0.268791 0.844573
vn -0.474503 -0.057000 0.878406
vn -0.477669 -0.203087 0.854744
vn -0.463599 -0.081400 0.882298
vn -0.463599 -0.081400 0.882298
vn -0.453196 -0.014600 0.891291
vn -0.474503 -0.057000 0.878406
vn -0.516095 -0.095499 0.851191
vn -0.535012 -0.292707 0.792518
vn -0.477669 -0.203087 0.854744
vn -0.477669 -0.203087 0.854744
vn -0.474503 -0.057000 0.878406
vn -0.516095 -0.095499 0.851191
vn 0.560916 -0.515215 0.648018
vn 0.592995 -0.523395 0.611894
vn 0.593314 -0.104803 0.798119
vn 0.593314 -0.104803 0.798119
vn 0.602318 -0.121704 0.788924
vn 0.560916 -0.515215 0.648018
vn -0.520996 0.179399 0.834493
vn -0.655418 -0.089702 0.749921
vn -0.602916 -0.120703 0.788621
vn -0.602916 -0.120703 0.788621
vn -0.499409 0.155403 0.852315
vn -0.520996 0.179399 0.834493
vn -0.476805 0.282703 0.832308
vn -0.542409 0.201003 0.815714
vn -0.520996 0.179399 0.834493
vn -0.520996 0.179399 0.834493
vn -0.463085 0.268791 0.844573
vn -0.476805 0.282703 0.832308
vn 0.425999 0.261199 0.866198
vn 0.466013 0.320409 0.824724
vn 0.544211 0.232405 0.806116
vn 0.544211 0.232405 0.806116
vn 0.434318 0.175807 0.883436
vn 0.425999 0.261199 0.866198
vn -0.561804 -0.120101 0.818506
vn -0.604178 -0.336588 0.722273
vn -0.535012 -0.292707 0.792518
vn -0.535012 -0.292707 0.792518
vn -0.516095 -0.095499 0.851191
vn -0.561804 -0.120101 0.818506
vn -0.406719 0.298414 0.863440
vn -0.375701 0.316001 0.871202
vn -0.367901 0.262301 0.892103
vn -0.367901 0.262301 0.892103
vn -0.395088 0.196994 0.897273
vn -0.406719 0.298414 0.863440
vn -0.756907 -0.207802 0.619605
vn -0.746178 -0.234493 0.623082
vn -0.595571 -0.019699 0.803061
vn -0.595571 -0.019699 0.803061
vn -0.588415 0.029501 0.808021
vn -0.756907 -0.207802 0.619605
vn -0.249897 0.318796 0.914287
vn -0.237199 0.240599 0.941196
vn -0.240705 0.236205 0.941418
vn -0.240705 0.236205 0.941418
vn -0.246406 0.305307 0.919822
vn -0.249897 0.318796 0.914287
vn -0.483517 0.285610 0.827429
vn -0.544887 0.213095 0.810980
vn -0.542409 0.201003 0.815714
vn -0.542409 0.201003 0.815714
vn -0.476805 0.282703 0.832308
vn -0.483517 0.285610 0.827429
vn -0.604178 -0.336588 0.722273
vn -0.658118 -0.351710 0.665718
vn -0.682203 -0.394502 0.615603
vn -0.682203 -0.394502 0.615603
vn -0.629812 -0.387107 0.673413
vn -0.604178 -0.336588 0.722273
vn -0.658118 -0.351710 0.665718
vn -0.725408 -0.326404 0.606007
vn -0.742704 -0.383102 0.549203
vn -0.742704 -0.383102 0.549203
vn -0.682203 -0.394502 0.615603
vn -0.658118 -0.351710 0.665718
vn -0.777702 -0.292001 0.556701
vn -0.793310 -0.359005 0.491706
vn -0.742704 -0.383102 0.549203
vn -0.742704 -0.383102 0.549203
vn -0.725408 -0.326404 0.606007
vn -0.777702 -0.292001 0.556701
vn -0.694662 -0.054597 0.717261
vn -0.777702 -0.292001 0.556701
vn -0.725408 -0.326404 0.606007
vn -0.725408 -0.326404 0.606007
vn -0.655418 -0.089702 0.749921
vn -0.694662 -0.054597 0.717261
vn -0.493596 0.218898 0.841693
vn -0.452479 0.307286 0.837161
vn -0.466110 0.190304 0.864018
vn -0.466110 0.190304 0.864018
vn -0.468526 0.151008 0.870448
vn -0.493596 0.218898 0.841693
vn -0.699280 -0.030899 0.714180
vn -0.792903 -0.276501 0.543002
vn -0.777702 -0.292001 0.556701
vn -0.777702 -0.292001 0.556701
vn -0.694662 -0.054597 0.717261
vn -0.699280 -0.030899 0.714180
vn 0.501879 0.017399 0.864763
vn 0.507082 -0.082197 0.857969
vn 0.557425 0.158607 0.814936
vn 0.557425 0.158607 0.814936
vn 0.543190 0.150097 0.826085
vn 0.501879 0.017399 0.864763
vn 0.463899 -0.045900 0.884698
vn 0.479832 0.035102 0.876658
vn 0.505696 0.023400 0.862394
vn 0.505696 0.023400 0.862394
vn 0.486494 -0.099599 0.867989
vn 0.463899 -0.045900 0.884698
vn 0.449494 0.018700 0.893088
vn 0.453196 -0.014600 0.891291
vn 0.479832 0.035102 0.876658
vn 0.479832 0.035102 0.876658
vn 0.463899 -0.045900 0.884698
vn 0.449494 0.018700 0.893088
vn 0.484514 0.052201 0.873225
vn 0.463599 -0.081400 0.882298
vn 0.453196 -0.014600 0.891291
vn 0.453196 -0.014600 0.891291
vn 0.449494 0.018700 0.893088
vn 0.484514 0.052201 0.873225
vn 0.504204 0.031600 0.863006
vn 0.474520 -0.124205 0.871438
vn 0.463599 -0.081400 0.882298
vn 0.463599 -0.081400 0.882298
vn 0.484514 0.052201 0.873225
vn 0.504204 0.031600 0.863006
vn -0.288112 -0.194008 0.937738
vn -0.338194 -0.342894 0.876384
vn -0.358703 -0.448204 0.818807
vn -0.358703 -0.448204 0.818807
vn -0.291986 -0.294486 0.909957
vn -0.288112 -0.194008 0.937738
vn 0.453196 -0.014600 0.891291
vn 0.474503 -0.057000 0.878406
vn 0.495093 0.095399 0.863587
vn 0.495093 0.095399 0.863587
vn 0.479832 0.035102 0.876658
vn 0.453196 -0.014600 0.891291
vn -0.282413 0.150307 0.947444
vn -0.344999 0.244500 0.906198
vn -0.386086 0.427984 0.817170
vn -0.386086 0.427984 0.817170
vn -0.264698 0.451897 0.851894
vn -0.282413 0.150307 0.947444
vn 0.342401 -0.052200 0.938103
vn 0.226992 0.281691 0.932269
vn 0.233600 0.354001 0.905602
vn 0.233600 0.354001 0.905602
vn 0.323088 -0.002800 0.946365
vn 0.342401 -0.052200 0.938103
vn 0.573093 -0.001000 0.819490
vn 0.499206 -0.148802 0.853611
vn 0.500381 -0.008100 0.865767
vn 0.500381 -0.008100 0.865767
vn 0.565281 0.124996 0.815373
vn 0.573093 -0.001000 0.819490
vn 0.682203 -0.394502 0.615603
vn 0.658118 -0.351710 0.665718
vn 0.604178 -0.336588 0.722273
vn 0.604178 -0.336588 0.722273
vn 0.629812 -0.387107 0.673413
vn 0.682203 -0.394502 0.615603
vn -0.448495 0.251097 0.857790
vn -0.396116 0.096304 0.913136
vn -0.435315 0.181806 0.881730
vn -0.435315 0.181806 0.881730
vn -0.459412 0.192005 0.867223
vn -0.448495 0.251097 0.857790
vn -0.551381 0.267591 0.790173
vn -0.533000 0.175100 0.827799
vn -0.549800 0.222200 0.805200
vn -0.549800 0.222200 0.805200
vn -0.563267 0.289083 0.774055
vn -0.551381 0.267591 0.790173
vn 0.543598 -0.607098 0.579598
vn 0.592662 -0.603461 0.533466
vn 0.592995 -0.523395 0.611894
vn 0.592995 -0.523395 0.611894
vn 0.560916 -0.515215 0.648018
vn 0.543598 -0.607098 0.579598
vn 0.561804 -0.120101 0.818506
vn 0.602916 -0.120703 0.788621
vn 0.499409 0.155403 0.852315
vn 0.499409 0.155403 0.852315
vn 0.494904 0.138701 0.857807
vn 0.561804 -0.120101 0.818506
vn 0.658118 -0.351710 0.665718
vn 0.602916 -0.120703 0.788621
vn 0.561804 -0.120101 0.818506
vn 0.561804 -0.120101 0.818506
vn 0.604178 -0.336588 0.722273
vn 0.658118 -0.351710 0.665718
vn -0.740261 -0.334382 0.583269
vn -0.636612 -0.408808 0.653912
vn -0.531615 -0.183705 0.826824
vn -0.531615 -0.183705 0.826824
vn -0.597065 -0.160591 0.785954
vn -0.740261 -0.334382 0.583269
vn 0.494904 0.138701 0.857807
vn 0.499409 0.155403 0.852315
vn 0.457000 0.246600 0.854599
vn 0.457000 0.246600 0.854599
vn 0.470907 0.224603 0.853112
vn 0.494904 0.138701 0.857807
vn 0.198010 -0.123806 0.972350
vn 0.191207 -0.071603 0.978935
vn 0.217693 0.054998 0.974467
vn 0.217693 0.054998 0.974467
vn 0.207889 0.002800 0.978148
vn 0.198010 -0.123806 0.972350
vn 0.516092 -0.501193 0.694590
vn 0.560916 -0.515215 0.648018
vn 0.602318 -0.121704 0.788924
vn 0.602318 -0.121704 0.788924
vn 0.578906 -0.133401 0.804408
vn 0.516092 -0.501193 0.694590
vn 0.725408 -0.326404 0.606007
vn 0.655418 -0.089702 0.749921
vn 0.602916 -0.120703 0.788621
vn 0.602916 -0.120703 0.788621
vn 0.658118 -0.351710 0.665718
vn 0.725408 -0.326404 0.606007
vn -0.519715 -0.497114 0.694820
vn -0.501396 -0.491596 0.711994
vn -0.482189 -0.201495 0.852580
vn -0.482189 -0.201495 0.852580
vn -0.494324 -0.203010 0.845240
vn -0.519715 -0.497114 0.694820
vn 0.793347 -0.358976 0.491667
vn 0.812160 -0.351483 0.465677
vn 0.792983 -0.276494 0.542889
vn 0.792983 -0.276494 0.542889
vn 0.777619 -0.292007 0.556813
vn 0.793347 -0.358976 0.491667
vn 0.509805 0.205002 0.835508
vn 0.476304 0.152201 0.866008
vn 0.462688 0.224294 0.857678
vn 0.462688 0.224294 0.857678
vn 0.496213 0.271307 0.824721
vn 0.509805 0.205002 0.835508
vn 0.655418 -0.089702 0.749921
vn 0.694662 -0.054597 0.717261
vn 0.542676 0.200891 0.815564
vn 0.542676 0.200891 0.815564
vn 0.520996 0.179399 0.834493
vn 0.655418 -0.089702 0.749921
vn 0.742704 -0.383102 0.549203
vn 0.793347 -0.358976 0.491667
vn 0.777619 -0.292007 0.556813
vn 0.777619 -0.292007 0.556813
vn 0.725408 -0.326404 0.606007
vn 0.742704 -0.383102 0.549203
vn 0.341200 -0.078600 0.936699
vn 0.218995 0.226895 0.948978
vn 0.226992 0.281691 0.932269
vn 0.226992 0.281691 0.932269
vn 0.342401 -0.052200 0.938103
vn 0.341200 -0.078600 0.936699
vn -0.650077 -0.444384 0.616378
vn -0.545901 -0.401101 0.735602
vn -0.525584 -0.141596 0.838875
vn -0.525584 -0.141596 0.838875
vn -0.566593 -0.158598 0.808590
vn -0.650077 -0.444384 0.616378
vn 0.694662 -0.054597 0.717261
vn 0.699229 -0.030901 0.714230
vn 0.544690 0.213196 0.811086
vn 0.544690 0.213196 0.811086
vn 0.542676 0.200891 0.815564
vn 0.694662 -0.054597 0.717261
vn -0.540287 -0.691783 0.479088
vn -0.488182 -0.685875 0.539680
vn -0.614492 -0.350495 0.706791
vn -0.614492 -0.350495 0.706791
vn -0.641376 -0.351687 0.681875
vn -0.540287 -0.691783 0.479088
vn -0.496213 0.271307 0.824721
vn -0.509879 0.204991 0.835465
vn -0.540587 0.245794 0.804581
vn -0.540587 0.245794 0.804581
vn -0.530906 0.300904 0.792209
vn -0.496213 0.271307 0.824721
vn -0.462688 0.224294 0.857678
vn -0.476304 0.152201 0.866008
vn -0.509879 0.204991 0.835465
vn -0.509879 0.204991 0.835465
vn -0.496213 0.271307 0.824721
vn -0.462688 0.224294 0.857678
vn 0.602616 -0.544714 0.583215
vn 0.525307 0.076001 0.847512
vn 0.567702 -0.069400 0.820303
vn 0.567702 -0.069400 0.820303
vn 0.605419 -0.541917 0.582918
vn 0.602616 -0.544714 0.583215
vn -0.540587 0.245794 0.804581
vn -0.536211 0.155603 0.829618
vn -0.558113 0.204705 0.804118
vn -0.558113 0.204705 0.804118
vn -0.557807 0.275504 0.782910
vn -0.540587 0.245794 0.804581
vn -0.332685 -0.022999 0.942757
vn -0.290398 0.004900 0.956893
vn -0.210796 0.325394 0.921783
vn -0.210796 0.325394 0.921783
vn -0.140006 0.314013 0.939039
vn -0.332685 -0.022999 0.942757
vn -0.476304 0.152201 0.866008
vn -0.460612 -0.017801 0.887423
vn -0.500931 0.080305 0.861754
vn -0.500931 0.080305 0.861754
vn -0.509879 0.204991 0.835465
vn -0.476304 0.152201 0.866008
vn -0.157899 0.343198 0.925896
vn -0.144607 0.202509 0.968545
vn -0.256092 0.158495 0.953570
vn -0.256092 0.158495 0.953570
vn -0.223206 0.250907 0.941926
vn -0.157899 0.343198 0.925896
vn -0.414102 0.188001 0.890604
vn -0.413790 0.115797 0.902978
vn -0.439710 0.117503 0.890420
vn -0.439710 0.117503 0.890420
vn -0.432593 0.189797 0.881386
vn -0.414102 0.188001 0.890604
vn 0.317500 0.386708 0.865824
vn 0.309528 0.370851 0.875592
vn 0.505606 0.333004 0.795909
vn 0.505606 0.333004 0.795909
vn 0.345114 0.215709 0.913437
vn 0.317500 0.386708 0.865824
vn -0.536211 0.155603 0.829618
vn -0.527193 0.046199 0.848489
vn -0.559500 0.119300 0.820200
vn -0.559500 0.119300 0.820200
vn -0.558113 0.204705 0.804118
vn -0.536211 0.155603 0.829618
vn 0.639816 -0.154104 0.752919
vn 0.417604 -0.151502 0.895909
vn 0.386607 -0.111202 0.915516
vn 0.386607 -0.111202 0.915516
vn 0.650712 -0.152203 0.743914
vn 0.639816 -0.154104 0.752919
vn -0.527696 0.377797 0.760794
vn -0.413396 0.517795 0.748994
vn -0.368694 0.426393 0.825987
vn -0.368694 0.426393 0.825987
vn -0.417490 0.331692 0.845980
vn -0.527696 0.377797 0.760794
vn -0.495093 0.095399 0.863587
vn -0.474503 -0.057000 0.878406
vn -0.453196 -0.014600 0.891291
vn -0.453196 -0.014600 0.891291
vn -0.479909 0.035101 0.876616
vn -0.495093 0.095399 0.863587
vn -0.413790 0.115797 0.902978
vn -0.399619 -0.139907 0.905942
vn -0.420809 -0.100902 0.901520
vn -0.420809 -0.100902 0.901520
vn -0.439710 0.117503 0.890420
vn -0.413790 0.115797 0.902978
vn 0.417490 0.331692 0.845980
vn 0.527696 0.377797 0.760794
vn 0.467582 0.247590 0.848567
vn 0.467582 0.247590 0.848567
vn 0.361682 0.266987 0.893255
vn 0.417490 0.331692 0.845980
vn 0.376504 -0.505405 0.776408
vn 0.369396 -0.133099 0.919691
vn 0.361799 -0.029200 0.931799
vn 0.361799 -0.029200 0.931799
vn 0.330898 -0.353897 0.874793
vn 0.376504 -0.505405 0.776408
vn -0.430410 -0.210605 0.877720
vn -0.417381 -0.308786 0.854661
vn -0.473189 -0.150097 0.868080
vn -0.473189 -0.150097 0.868080
vn -0.482894 -0.065999 0.873188
vn -0.430410 -0.210605 0.877720
vn -0.382384 -0.335186 0.861065
vn -0.367997 -0.433496 0.822593
vn -0.417381 -0.308786 0.854661
vn -0.417381 -0.308786 0.854661
vn -0.430410 -0.210605 0.877720
vn -0.382384 -0.335186 0.861065
vn -0.399619 -0.139907 0.905942
vn -0.362486 -0.409985 0.836968
vn -0.382384 -0.335186 0.861065
vn -0.382384 -0.335186 0.861065
vn -0.420809 -0.100902 0.901520
vn -0.399619 -0.139907 0.905942
vn 0.594486 -0.487489 0.639485
vn 0.561596 -0.430997 0.706295
vn 0.508793 -0.357195 0.783289
vn 0.508793 -0.357195 0.783289
vn 0.565086 -0.381591 0.731482
vn 0.594486 -0.487489 0.639485
vn 0.419610 -0.687816 0.592314
vn 0.451583 -0.553779 0.699573
vn 0.442623 -0.536728 0.718337
vn 0.442623 -0.536728 0.718337
vn 0.417810 -0.638016 0.646816
vn 0.419610 -0.687816 0.592314
vn -0.365200 -0.430900 0.825200
vn -0.344009 -0.558214 0.755019
vn -0.348085 -0.509278 0.787066
vn -0.348085 -0.509278 0.787066
vn -0.362486 -0.409985 0.836968
vn -0.365200 -0.430900 0.825200
vn 0.557807 0.275504 0.782910
vn 0.540587 0.245794 0.804581
vn 0.530906 0.300904 0.792209
vn 0.530906 0.300904 0.792209
vn 0.549182 0.324390 0.770175
vn 0.557807 0.275504 0.782910
vn -0.659023 0.111404 0.743826
vn -0.570875 -0.191192 0.798465
vn -0.564289 -0.040499 0.824584
vn -0.564289 -0.040499 0.824584
vn -0.627974 0.085096 0.773568
vn -0.659023 0.111404 0.743826
vn -0.386086 0.427984 0.817170
vn -0.344999 0.244500 0.906198
vn -0.368597 0.289098 0.883493
vn -0.368597 0.289098 0.883493
vn -0.442704 0.337303 0.830807
vn -0.386086 0.427984 0.817170
vn 0.554511 0.055601 0.830317
vn 0.522588 -0.026299 0.852180
vn 0.527121 0.046202 0.848534
vn 0.527121 0.046202 0.848534
vn 0.559500 0.119300 0.820200
vn 0.554511 0.055601 0.830317
vn 0.380606 0.194203 0.904115
vn 0.395407 0.206403 0.895015
vn 0.347106 0.313105 0.884015
vn 0.347106 0.313105 0.884015
vn 0.351300 0.292800 0.889301
vn 0.380606 0.194203 0.904115
vn 0.536220 0.155506 0.829630
vn 0.500931 0.080305 0.861754
vn 0.509805 0.205002 0.835508
vn 0.509805 0.205002 0.835508
vn 0.540587 0.245794 0.804581
vn 0.536220 0.155506 0.829630
vn 0.527121 0.046202 0.848534
vn 0.482890 -0.066099 0.873183
vn 0.500931 0.080305 0.861754
vn 0.500931 0.080305 0.861754
vn 0.536220 0.155506 0.829630
vn 0.527121 0.046202 0.848534
vn 0.522588 -0.026299 0.852180
vn 0.473308 -0.150103 0.868014
vn 0.482890 -0.066099 0.873183
vn 0.482890 -0.066099 0.873183
vn 0.527121 0.046202 0.848534
vn 0.522588 -0.026299 0.852180
vn 0.395995 0.096299 0.913189
vn 0.361799 -0.029200 0.931799
vn 0.383521 0.267814 0.883848
vn 0.383521 0.267814 0.883848
vn 0.448495 0.251097 0.857790
vn 0.395995 0.096299 0.913189
vn -0.492013 0.079802 0.866923
vn -0.430908 -0.141603 0.891217
vn -0.472185 0.014999 0.881372
vn -0.472185 0.014999 0.881372
vn -0.515923 0.150907 0.843238
vn -0.492013 0.079802 0.866923
vn 0.574483 -0.513284 0.637581
vn 0.570710 -0.434607 0.696712
vn 0.496897 -0.439997 0.747995
vn 0.496897 -0.439997 0.747995
vn 0.505503 -0.525803 0.684104
vn 0.574483 -0.513284 0.637581
vn 0.482890 -0.066099 0.873183
vn 0.430410 -0.210605 0.877720
vn 0.460612 -0.017801 0.887423
vn 0.460612 -0.017801 0.887423
vn 0.500931 0.080305 0.861754
vn 0.482890 -0.066099 0.873183
vn 0.430410 -0.210605 0.877720
vn 0.382397 -0.335098 0.861094
vn 0.420805 -0.101001 0.901511
vn 0.420805 -0.101001 0.901511
vn 0.460612 -0.017801 0.887423
vn 0.430410 -0.210605 0.877720
vn -0.335787 -0.220091 0.915864
vn -0.358796 -0.328796 0.873590
vn -0.313110 -0.212107 0.925728
vn -0.313110 -0.212107 0.925728
vn -0.306499 -0.099100 0.946698
vn -0.335787 -0.220091 0.915864
vn 0.367910 -0.433512 0.822623
vn 0.348085 -0.509278 0.787066
vn 0.362486 -0.409985 0.836968
vn 0.362486 -0.409985 0.836968
vn 0.382397 -0.335098 0.861094
vn 0.367910 -0.433512 0.822623
vn 0.476304 0.152201 0.866008
vn 0.439710 0.117503 0.890420
vn 0.432593 0.189797 0.881386
vn 0.432593 0.189797 0.881386
vn 0.462688 0.224294 0.857678
vn 0.476304 0.152201 0.866008
vn 0.460612 -0.017801 0.887423
vn 0.420805 -0.101001 0.901511
vn 0.439710 0.117503 0.890420
vn 0.439710 0.117503 0.890420
vn 0.476304 0.152201 0.866008
vn 0.460612 -0.017801 0.887423
vn 0.439710 0.117503 0.890420
vn 0.413790 0.115797 0.902978
vn 0.414102 0.188001 0.890604
vn 0.414102 0.188001 0.890604
vn 0.432593 0.189797 0.881386
vn 0.439710 0.117503 0.890420
vn -0.383606 -0.162903 0.909015
vn -0.397086 -0.132495 0.908167
vn -0.431510 0.155404 0.888622
vn -0.431510 0.155404 0.888622
vn -0.396197 0.174699 0.901393
vn -0.383606 -0.162903 0.909015
vn 0.362486 -0.409985 0.836968
vn 0.365286 -0.430884 0.825170
vn 0.401681 -0.103095 0.909958
vn 0.401681 -0.103095 0.909958
vn 0.399619 -0.139907 0.905942
vn 0.362486 -0.409985 0.836968
vn 0.488605 0.297803 0.820109
vn 0.473091 0.300494 0.828184
vn 0.501809 0.404607 0.764514
vn 0.501809 0.404607 0.764514
vn 0.492026 0.451024 0.744639
vn 0.488605 0.297803 0.820109
vn 0.413790 0.115797 0.902978
vn 0.405102 0.145601 0.902604
vn 0.405612 0.200306 0.891827
vn 0.405612 0.200306 0.891827
vn 0.414102 0.188001 0.890604
vn 0.413790 0.115797 0.902978
vn 0.399619 -0.139907 0.905942
vn 0.401681 -0.103095 0.909958
vn 0.405102 0.145601 0.902604
vn 0.405102 0.145601 0.902604
vn 0.413790 0.115797 0.902978
vn 0.399619 -0.139907 0.905942
vn -0.651807 -0.089301 0.753109
vn -0.703680 -0.046699 0.708980
vn -0.801107 -0.349603 0.485804
vn -0.801107 -0.349603 0.485804
vn -0.742207 -0.386904 0.547205
vn -0.651807 -0.089301 0.753109
vn 0.123794 0.201591 0.971615
vn 0.203596 0.150097 0.967481
vn 0.328188 0.203793 0.922367
vn 0.328188 0.203793 0.922367
vn 0.117194 0.189821 0.974799
vn 0.123794 0.201591 0.971615
vn 0.328188 0.203793 0.922367
vn 0.450481 0.239490 0.860065
vn 0.309528 0.370851 0.875592
vn 0.309528 0.370851 0.875592
vn 0.317500 0.386708 0.865824
vn 0.328188 0.203793 0.922367
vn -0.117196 0.189825 0.974798
vn -0.123796 0.201594 0.971614
vn -0.215403 0.216103 0.952314
vn -0.215403 0.216103 0.952314
vn -0.345114 0.215709 0.913437
vn -0.117196 0.189825 0.974798
vn -0.505606 0.333004 0.795909
vn -0.309531 0.370854 0.875590
vn -0.317503 0.386710 0.865822
vn -0.317503 0.386710 0.865822
vn -0.345114 0.215709 0.913437
vn -0.505606 0.333004 0.795909
vn -0.208443 0.182156 0.960922
vn -0.095602 -0.013700 0.995325
vn 0.228695 0.093698 0.968979
vn 0.228695 0.093698 0.968979
vn -0.206704 0.170892 0.963364
vn -0.208443 0.182156 0.960922
vn 0.228695 0.093698 0.968979
vn 0.546606 0.239503 0.802409
vn 0.504679 0.345906 0.790980
vn 0.504679 0.345906 0.790980
vn 0.507160 0.349929 0.787616
vn 0.228695 0.093698 0.968979
vn 0.206704 0.170892 0.963364
vn 0.208443 0.182156 0.960922
vn 0.142200 0.150700 0.978299
vn 0.142200 0.150700 0.978299
vn -0.242712 0.248813 0.937648
vn 0.206704 0.170892 0.963364
vn -0.608808 0.305804 0.732009
vn -0.504678 0.345905 0.790980
vn -0.507159 0.349929 0.787616
vn -0.507159 0.349929 0.787616
vn -0.242712 0.248813 0.937648
vn -0.608808 0.305804 0.732009
vn -0.682394 0.248098 0.687594
vn -0.627591 0.263796 0.732490
vn -0.693936 0.303316 0.653034
vn -0.693936 0.303316 0.653034
vn -0.701717 0.293007 0.649416
vn -0.682394 0.248098 0.687594
vn -0.568907 0.238003 0.787210
vn -0.622612 0.091902 0.777115
vn -0.556226 0.075004 0.827639
vn -0.556226 0.075004 0.827639
vn -0.489581 0.294088 0.820867
vn -0.568907 0.238003 0.787210
vn -0.609295 0.116799 0.784294
vn -0.544167 0.232386 0.806151
vn -0.571508 0.109101 0.813311
vn -0.571508 0.109101 0.813311
vn -0.584688 0.085098 0.806783
vn -0.609295 0.116799 0.784294
vn -0.627630 0.172608 0.759136
vn -0.595309 0.126902 0.793412
vn -0.562292 -0.009200 0.826888
vn -0.562292 -0.009200 0.826888
vn -0.598806 0.177802 0.780908
vn -0.627630 0.172608 0.759136
vn 0.633171 0.209690 0.745066
vn 0.627630 0.172608 0.759136
vn 0.595309 0.126902 0.793412
vn 0.595309 0.126902 0.793412
vn 0.551604 0.219502 0.804706
vn 0.633171 0.209690 0.745066
vn 0.496908 -0.081001 0.864014
vn 0.457201 0.279801 0.844203
vn 0.467005 0.241602 0.850609
vn 0.467005 0.241602 0.850609
vn 0.494320 -0.150606 0.856134
vn 0.496908 -0.081001 0.864014
vn 0.489264 0.221884 0.843438
vn 0.560593 0.279797 0.779390
vn 0.512701 0.381601 0.769102
vn 0.512701 0.381601 0.769102
vn 0.460015 0.348812 0.816527
vn 0.489264 0.221884 0.843438
vn -0.560593 0.279797 0.779390
vn -0.512701 0.381601 0.769102
vn -0.563807 0.349505 0.748310
vn -0.563807 0.349505 0.748310
vn -0.584187 0.300893 0.753783
vn -0.560593 0.279797 0.779390
vn 0.357699 0.016200 0.933697
vn 0.547410 0.074801 0.833515
vn 0.444315 0.254609 0.858929
vn 0.444315 0.254609 0.858929
vn 0.313410 0.276309 0.908530
vn 0.357699 0.016200 0.933697
vn -0.547410 0.074801 0.833515
vn -0.444315 0.254609 0.858929
vn -0.577003 0.227201 0.784504
vn -0.577003 0.227201 0.784504
vn -0.619722 0.096803 0.778828
vn -0.547410 0.074801 0.833515
vn -0.510897 0.294298 0.807696
vn -0.583572 0.134994 0.800762
vn -0.524381 0.135895 0.840570
vn -0.524381 0.135895 0.840570
vn -0.437216 0.307012 0.845332
vn -0.510897 0.294298 0.807696
vn 0.332691 -0.281392 0.900075
vn 0.376611 -0.082102 0.922726
vn 0.369392 -0.161797 0.915080
vn 0.369392 -0.161797 0.915080
vn 0.326290 -0.382388 0.864473
vn 0.332691 -0.281392 0.900075
vn -0.368480 -0.040598 0.928749
vn -0.332691 -0.281392 0.900075
vn -0.376611 -0.082102 0.922726
vn -0.376611 -0.082102 0.922726
vn -0.397592 0.070099 0.914881
vn -0.368480 -0.040598 0.928749
vn -0.390691 -0.135597 0.910480
vn -0.375910 -0.417411 0.827321
vn -0.332691 -0.281392 0.900075
vn -0.332691 -0.281392 0.900075
vn -0.368480 -0.040598 0.928749
vn -0.390691 -0.135597 0.910480
vn 0.426008 -0.599012 0.678013
vn 0.538626 -0.343516 0.769337
vn 0.480284 -0.208093 0.852071
vn 0.480284 -0.208093 0.852071
vn 0.383593 -0.455091 0.803585
vn 0.426008 -0.599012 0.678013
vn 0.561017 -0.555417 0.613818
vn 0.612278 -0.371787 0.697775
vn 0.591816 -0.392211 0.704219
vn 0.591816 -0.392211 0.704219
vn 0.506317 -0.608220 0.611320
vn 0.561017 -0.555417 0.613818
vn -0.591793 -0.392295 0.704192
vn -0.538697 -0.343498 0.769295
vn -0.575687 -0.058399 0.815582
vn -0.575687 -0.058399 0.815582
vn -0.610003 -0.161801 0.775704
vn -0.591793 -0.392295 0.704192
vn -0.612278 -0.371787 0.697775
vn -0.591793 -0.392295 0.704192
vn -0.610003 -0.161801 0.775704
vn -0.610003 -0.161801 0.775704
vn -0.608912 -0.220705 0.761916
vn -0.612278 -0.371787 0.697775
vn -0.536218 0.058802 0.842029
vn -0.575687 -0.058399 0.815582
vn -0.538697 -0.343498 0.769295
vn -0.538697 -0.343498 0.769295
vn -0.480284 -0.208093 0.852071
vn -0.536218 0.058802 0.842029
vn -0.655315 -0.507011 0.559913
vn -0.609859 -0.467469 0.639957
vn -0.659220 -0.239107 0.712921
vn -0.659220 -0.239107 0.712921
vn -0.707592 -0.267597 0.653992
vn -0.655315 -0.507011 0.559913
vn 0.695499 -0.006400 0.718499
vn 0.707592 -0.267597 0.653992
vn 0.725447 -0.202413 0.657842
vn 0.725447 -0.202413 0.657842
vn 0.693186 0.010300 0.720685
vn 0.695499 -0.006400 0.718499
vn -0.707592 -0.267597 0.653992
vn -0.725494 -0.202398 0.657794
vn -0.688112 -0.479708 0.544410
vn -0.688112 -0.479708 0.544410
vn -0.655315 -0.507011 0.559913
vn -0.707592 -0.267597 0.653992
vn -0.603583 -0.179295 0.776879
vn -0.659220 -0.239107 0.712921
vn -0.609859 -0.467469 0.639957
vn -0.609859 -0.467469 0.639957
vn -0.582330 -0.352118 0.732738
vn -0.603583 -0.179295 0.776879
vn -0.576795 -0.098799 0.810893
vn -0.603583 -0.179295 0.776879
vn -0.582330 -0.352118 0.732738
vn -0.582330 -0.352118 0.732738
vn -0.583112 -0.195104 0.788616
vn -0.576795 -0.098799 0.810893
vn 0.603630 -0.179309 0.776839
vn 0.624998 -0.006700 0.780598
vn 0.579314 -0.011700 0.815020
vn 0.579314 -0.011700 0.815020
vn 0.576795 -0.098799 0.810893
vn 0.603630 -0.179309 0.776839
vn 0.659220 -0.239107 0.712921
vn 0.668593 0.007300 0.743593
vn 0.624998 -0.006700 0.780598
vn 0.624998 -0.006700 0.780598
vn 0.603630 -0.179309 0.776839
vn 0.659220 -0.239107 0.712921
vn 0.707592 -0.267597 0.653992
vn 0.695499 -0.006400 0.718499
vn 0.668593 0.007300 0.743593
vn 0.668593 0.007300 0.743593
vn 0.659220 -0.239107 0.712921
vn 0.707592 -0.267597 0.653992
vn -0.693186 0.010300 0.720685
vn -0.695499 -0.006400 0.718499
vn -0.676374 0.072597 0.732972
vn -0.676374 0.072597 0.732972
vn -0.675471 0.050298 0.735669
vn -0.693186 0.010300 0.720685
vn -0.437391 0.068199 0.896682
vn -0.431383 0.124295 0.893565
vn -0.326601 -0.118501 0.937704
vn -0.326601 -0.118501 0.937704
vn -0.303991 -0.224393 0.925871
vn -0.437391 0.068199 0.896682
vn -0.487785 -0.022499 0.872674
vn -0.458189 0.051199 0.887379
vn -0.442885 -0.059998 0.894569
vn -0.442885 -0.059998 0.894569
vn -0.492682 -0.211692 0.844068
vn -0.487785 -0.022499 0.872674
vn 0.296185 -0.369281 0.880855
vn 0.326601 -0.118501 0.937704
vn 0.303991 -0.224393 0.925871
vn 0.303991 -0.224393 0.925871
vn 0.303119 -0.478429 0.824151
vn 0.296185 -0.369281 0.880855
vn -0.326601 -0.118501 0.937704
vn -0.377595 0.082499 0.922288
vn -0.352386 -0.052798 0.934364
vn -0.352386 -0.052798 0.934364
vn -0.296185 -0.369281 0.880855
vn -0.326601 -0.118501 0.937704
vn -0.454420 0.078303 0.887339
vn -0.446311 0.131103 0.885222
vn -0.355898 -0.105999 0.928494
vn -0.355898 -0.105999 0.928494
vn -0.338815 -0.211209 0.916840
vn -0.454420 0.078303 0.887339
vn -0.514301 0.231400 0.825802
vn -0.450081 0.247989 0.857863
vn -0.481494 0.143698 0.864589
vn -0.481494 0.143698 0.864589
vn -0.531896 0.083399 0.842693
vn -0.514301 0.231400 0.825802
vn -0.394812 -0.097003 0.913627
vn -0.404487 -0.393888 0.825374
vn -0.348203 -0.260803 0.900409
vn -0.348203 -0.260803 0.900409
vn -0.365983 -0.011000 0.930557
vn -0.394812 -0.097003 0.913627
vn 0.379585 -0.057598 0.923362
vn 0.348203 -0.260803 0.900409
vn 0.365983 -0.011000 0.930557
vn 0.365983 -0.011000 0.930557
vn 0.391187 0.098097 0.915068
vn 0.379585 -0.057598 0.923362
vn -0.377407 -0.138603 0.915617
vn -0.379585 -0.057598 0.923362
vn -0.348203 -0.260803 0.900409
vn -0.348203 -0.260803 0.900409
vn -0.348794 -0.364094 0.863585
vn -0.377407 -0.138603 0.915617
vn -0.450085 -0.099097 0.887470
vn -0.447488 -0.309091 0.839177
vn -0.392705 -0.137602 0.909312
vn -0.392705 -0.137602 0.909312
vn -0.387896 0.004800 0.921691
vn -0.450085 -0.099097 0.887470
vn 0.429704 -0.075501 0.899808
vn 0.470015 -0.226407 0.853127
vn 0.451486 -0.051798 0.890773
vn 0.451486 -0.051798 0.890773
vn 0.418206 0.008300 0.908314
vn 0.429704 -0.075501 0.899808
vn -0.468526 0.151008 0.870448
vn -0.451484 -0.051898 0.890769
vn -0.418124 0.008300 0.908352
vn -0.418124 0.008300 0.908352
vn -0.460181 0.068697 0.885163
vn -0.468526 0.151008 0.870448
vn 0.433998 -0.048700 0.899597
vn 0.460181 0.068697 0.885163
vn 0.496917 0.048702 0.866430
vn 0.496917 0.048702 0.866430
vn 0.460291 -0.118798 0.879783
vn 0.433998 -0.048700 0.899597
vn -0.411789 0.040599 0.910375
vn -0.433998 -0.048700 0.899597
vn -0.460181 0.068697 0.885163
vn -0.460181 0.068697 0.885163
vn -0.418124 0.008300 0.908352
vn -0.411789 0.040599 0.910375
vn -0.317605 0.189403 0.929114
vn -0.239797 0.261696 0.934887
vn -0.527581 -0.111396 0.842169
vn -0.527581 -0.111396 0.842169
vn -0.571297 -0.162999 0.804395
vn -0.317605 0.189403 0.929114
vn 0.224298 0.312697 0.922990
vn 0.317605 0.189403 0.929114
vn 0.239797 0.261696 0.934887
vn 0.239797 0.261696 0.934887
vn 0.155799 0.380898 0.911396
vn 0.224298 0.312697 0.922990
vn -0.553894 -0.360296 0.750592
vn -0.535012 -0.292707 0.792518
vn -0.604178 -0.336588 0.722273
vn -0.604178 -0.336588 0.722273
vn -0.629812 -0.387107 0.673413
vn -0.553894 -0.360296 0.750592
vn -0.495005 -0.263703 0.827908
vn -0.477669 -0.203087 0.854744
vn -0.535012 -0.292707 0.792518
vn -0.535012 -0.292707 0.792518
vn -0.553894 -0.360296 0.750592
vn -0.495005 -0.263703 0.827908
vn -0.474520 -0.124205 0.871438
vn -0.463599 -0.081400 0.882298
vn -0.477669 -0.203087 0.854744
vn -0.477669 -0.203087 0.854744
vn -0.495005 -0.263703 0.827908
vn -0.474520 -0.124205 0.871438
vn 0.535012 -0.292707 0.792518
vn 0.604178 -0.336588 0.722273
vn 0.561804 -0.120101 0.818506
vn 0.561804 -0.120101 0.818506
vn 0.516095 -0.095499 0.851191
vn 0.535012 -0.292707 0.792518
vn 0.477710 -0.203104 0.854718
vn 0.535012 -0.292707 0.792518
vn 0.516095 -0.095499 0.851191
vn 0.516095 -0.095499 0.851191
vn 0.474503 -0.057000 0.878406
vn 0.477710 -0.203104 0.854718
vn 0.463599 -0.081400 0.882298
vn 0.477710 -0.203104 0.854718
vn 0.474503 -0.057000 0.878406
vn 0.474503 -0.057000 0.878406
vn 0.453196 -0.014600 0.891291
vn 0.463599 -0.081400 0.882298
vn -0.415813 -0.379412 0.826526
vn -0.422108 -0.356007 0.833717
vn -0.500716 -0.514217 0.696322
vn -0.500716 -0.514217 0.696322
vn -0.454696 -0.493696 0.741294
vn -0.415813 -0.379412 0.826526
vn 0.394685 0.271890 0.877667
vn 0.396197 0.174699 0.901393
vn 0.390520 0.225911 0.892445
vn 0.390520 0.225911 0.892445
vn 0.394891 0.301693 0.867780
vn 0.394685 0.271890 0.877667
vn -0.329112 -0.505918 0.797328
vn -0.333803 -0.499204 0.799607
vn -0.304608 -0.643617 0.702119
vn -0.304608 -0.643617 0.702119
vn -0.307700 -0.601300 0.737400
vn -0.329112 -0.505918 0.797328
s off
g beard03
usemtl FBXASC0481SG
f 2/2/1 3/3/2 1/1/3
f 1/1/4 4/4/5 2/2/6
f 903/5/7 904/6/8 897/7/9
f 897/7/10 896/8/11 903/5/12
f 5/9/13 6/10/14 2/2/15
f 2/2/16 4/4/17 5/9/18
f 13/11/19 15/12/20 14/13/21
f 14/13/22 10/14/23 13/11/24
f 4/4/25 8/16/26 9/15/27
f 9/15/28 5/9/29 4/4/30
f 10/14/31 11/17/32 12/18/33
f 12/18/34 13/11/35 10/14/36
f 489/19/37 490/20/38 488/21/39
f 488/21/40 487/22/41 489/19/42
f 16/23/43 15/12/44 13/11/45
f 13/11/46 17/24/47 16/23/48
f 12/18/49 18/25/50 17/24/51
f 17/24/52 13/11/53 12/18/54
f 20/27/55 21/28/56 19/26/57
f 19/26/58 22/29/59 20/27/60
f 31/30/61 35/32/62 34/33/63
f 34/33/64 33/36/65 31/30/66
f 23/34/67 24/35/68 20/27/69
f 20/27/70 22/29/71 23/34/72
f 31/30/73 33/36/74 32/37/75
f 32/37/76 28/38/77 31/30/78
f 22/29/79 26/40/80 27/39/81
f 27/39/82 23/34/83 22/29/84
f 28/38/85 29/41/86 30/31/87
f 30/31/88 31/30/89 28/38/90
f 2418/42/91 2419/43/92 2412/44/93
f 2412/44/94 2411/45/95 2418/42/96
f 1407/46/97 1408/47/98 1405/48/99
f 1405/48/100 1406/49/101 1407/46/102
f 48/51/103 49/52/104 46/53/105
f 46/53/106 47/54/107 48/51/108
f 1543/55/109 1546/56/110 1544/57/111
f 1544/57/112 1545/58/113 1543/55/114
f 1681/62/115 1682/63/116 1680/64/117
f 1680/64/118 1679/65/119 1681/62/120
f 40/67/121 44/68/122 45/66/123
f 40/67/124 45/66/125 41/59/126
f 40/67/127 41/59/128 42/60/129
f 40/67/130 42/60/131 38/61/132
f 175/69/133 179/71/134 178/72/135
f 178/72/136 177/226/137 175/69/138
f 43/73/139 44/68/140 40/67/141
f 40/67/142 37/74/143 43/73/144
f 48/51/145 54/78/146 53/77/147
f 53/77/148 52/75/149 51/76/150
f 48/51/151 53/77/152 51/76/153
f 48/51/154 51/76/155 49/52/156
f 56/80/157 57/81/158 55/79/159
f 55/79/160 58/82/161 56/80/162
f 71/85/163 67/83/164 66/84/165
f 66/84/166 72/103/167 71/85/168
f 59/87/169 60/88/170 56/80/171
f 56/80/172 58/82/173 59/87/174
f 67/83/175 69/89/176 68/90/177
f 68/90/178 64/91/179 67/83/180
f 58/82/181 62/93/182 63/92/183
f 63/92/184 59/87/185 58/82/186
f 64/91/187 65/94/188 66/84/189
f 66/84/190 67/83/191 64/91/192
f 1192/95/193 1193/96/194 1176/97/195
f 1176/97/196 1175/98/197 1192/95/198
f 929/99/199 932/100/200 930/101/201
f 930/101/202 931/102/203 929/99/204
f 74/105/205 75/106/206 73/104/207
f 73/104/208 76/107/209 74/105/210
f 956/108/211 950/109/212 949/110/213
f 949/110/214 955/111/215 956/108/216
f 77/112/217 78/113/218 74/105/219
f 74/105/220 76/107/221 77/112/222
f 1924/114/223 1925/115/224 1908/116/225
f 1908/116/226 1916/117/227 1924/114/228
f 76/107/229 80/119/230 81/118/231
f 81/118/232 77/112/233 76/107/234
f 82/120/235 83/121/236 84/122/237
f 84/122/238 85/123/239 82/120/240
f 79/124/241 80/119/242 76/107/243
f 76/107/244 73/104/245 79/124/246
f 88/125/247 87/126/248 85/123/249
f 85/123/250 89/127/251 88/125/252
f 84/122/253 90/128/254 89/127/255
f 89/127/256 85/123/257 84/122/258
f 92/130/259 93/131/260 91/129/261
f 91/129/262 94/132/263 92/130/264
f 92/130/265 94/132/266 95/133/267
f 95/133/268 96/134/269 92/130/270
f 103/135/271 105/136/272 104/137/273
f 104/137/274 100/138/275 103/135/276
f 103/135/277 107/139/278 106/140/279
f 106/140/280 105/136/281 103/135/282
f 100/138/283 101/141/284 102/142/285
f 102/142/286 103/135/287 100/138/288
f 2581/143/289 2582/144/290 2575/145/291
f 2575/145/292 2580/146/293 2581/143/294
f 107/139/295 103/135/296 102/142/297
f 102/142/298 108/147/299 107/139/300
f 110/149/301 111/150/302 109/148/303
f 109/148/304 112/151/305 110/149/306
f 110/149/307 112/151/308 113/152/309
f 113/152/310 114/153/311 110/149/312
f 2545/154/313 2547/155/314 2546/156/315
f 2546/156/316 2542/157/317 2545/154/318
f 121/158/319 125/159/320 124/160/321
f 124/160/322 123/161/323 121/158/324
f 118/162/325 119/163/326 120/164/327
f 120/164/328 121/158/329 118/162/330
f 115/165/331 116/166/332 112/151/333
f 112/151/334 109/148/335 115/165/336
f 99/167/337 95/133/338 94/132/339
f 94/132/340 98/168/341 99/167/342
f 125/159/343 121/158/344 120/164/345
f 120/164/346 126/169/347 125/159/348
f 128/171/349 129/172/350 127/170/351
f 127/170/352 130/173/353 128/171/354
f 128/171/355 130/173/356 131/174/357
f 131/174/358 132/175/359 128/171/360
f 139/176/361 141/177/362 140/178/363
f 140/178/364 136/179/365 139/176/366
f 130/173/367 134/181/368 135/180/369
f 135/180/370 131/174/371 130/173/372
f 136/179/373 137/182/374 138/183/375
f 138/183/376 139/176/377 136/179/378
f 2108/184/379 2109/185/380 2103/186/381
f 2103/186/382 2107/187/383 2108/184/384
f 142/188/385 141/177/386 139/176/387
f 139/176/388 143/189/389 142/188/390
f 143/189/391 139/176/392 138/183/393
f 138/183/394 144/190/395 143/189/396
f 156/191/397 157/192/398 154/193/399
f 154/193/400 155/194/401 156/191/402
f 146/196/403 148/197/404 149/195/405
f 149/195/406 150/198/407 146/196/408
f 157/192/409 159/199/410 158/200/411
f 158/200/412 154/193/413 157/192/414
f 148/197/415 152/202/416 153/201/417
f 153/201/418 149/195/419 148/197/420
f 117/203/421 113/152/422 112/151/423
f 112/151/424 116/166/425 117/203/426
f 2259/204/427 2260/205/428 2254/206/429
f 2254/206/430 2253/207/431 2259/204/432
f 160/208/433 159/199/434 157/192/435
f 157/192/436 161/209/437 160/208/438
f 161/209/439 157/192/440 156/191/441
f 156/191/442 162/210/443 161/209/444
f 164/212/445 165/213/446 163/211/447
f 163/211/448 166/214/449 164/212/450
f 167/215/451 168/216/452 164/212/453
f 164/212/454 166/214/455 167/215/456
f 1537/217/457 1539/218/458 1538/219/459
f 1538/219/460 1535/220/461 1537/217/462
f 166/214/463 170/222/464 171/221/465
f 171/221/466 167/215/467 166/214/468
f 172/223/469 173/224/470 174/70/471
f 174/70/472 175/69/473 172/223/474
f 169/225/475 170/222/476 166/214/477
f 166/214/478 163/211/479 169/225/480
f 182/229/481 183/230/482 181/228/483
f 181/228/484 184/231/485 182/229/486
f 197/234/487 193/232/488 192/233/489
f 192/233/490 198/252/491 197/234/492
f 185/236/493 186/237/494 182/229/495
f 182/229/496 184/231/497 185/236/498
f 2100/238/499 2101/239/500 2095/240/501
f 2095/240/502 2093/241/503 2100/238/504
f 184/231/505 188/243/506 189/242/507
f 189/242/508 185/236/509 184/231/510
f 190/244/511 191/245/512 192/233/513
f 192/233/514 193/232/515 190/244/516
f 187/246/517 188/243/518 184/231/519
f 184/231/520 181/228/521 187/246/522
f 199/248/523 202/249/524 200/250/525
f 200/250/526 201/251/527 199/248/528
f 210/253/529 211/254/530 208/255/531
f 208/255/532 209/256/533 210/253/534
f 2066/257/535 2068/258/536 2067/259/537
f 2067/259/538 2061/260/539 2066/257/540
f 1938/261/541 1939/262/542 1931/263/543
f 1931/263/544 1930/264/545 1938/261/546
f 202/249/547 206/266/548 207/265/549
f 207/265/550 203/267/551 202/249/552
f 1619/268/553 1620/269/554 1618/270/555
f 1618/270/556 1615/271/557 1619/268/558
f 205/272/559 206/266/560 202/249/561
f 202/249/562 199/248/563 205/272/564
f 214/273/565 213/274/566 211/254/567
f 211/254/568 215/275/569 214/273/570
f 203/267/571 204/276/572 200/250/573
f 200/250/574 202/249/575 203/267/576
f 218/278/577 219/279/578 217/277/579
f 217/277/580 220/280/581 218/278/582
f 229/281/583 233/283/584 232/284/585
f 232/284/586 231/292/587 229/281/588
f 221/285/589 222/286/590 218/278/591
f 218/278/592 220/280/593 221/285/594
f 226/289/595 227/290/596 228/282/597
f 228/282/598 229/281/599 226/289/600
f 223/291/601 224/288/602 220/280/603
f 220/280/604 217/277/605 223/291/606
f 995/293/607 998/294/608 996/295/609
f 996/295/610 993/296/611 995/293/612
f 236/299/613 237/300/614 235/298/615
f 235/298/616 238/301/617 236/299/618
f 236/299/619 238/301/620 239/302/621
f 239/302/622 240/303/623 236/299/624
f 2473/304/625 2475/305/626 2474/306/627
f 2474/306/628 2472/307/629 2473/304/630
f 442/308/631 435/309/632 439/310/633
f 439/310/634 441/311/635 442/308/636
f 244/312/637 245/313/638 246/314/639
f 246/314/640 247/315/641 244/312/642
f 241/316/643 242/317/644 238/301/645
f 238/301/646 235/298/647 241/316/648
f 243/318/649 239/302/650 238/301/651
f 238/301/652 242/317/653 243/318/654
f 251/319/655 247/315/656 246/314/657
f 246/314/658 252/320/659 251/319/660
f 254/322/661 255/323/662 253/321/663
f 253/321/664 256/324/665 254/322/666
f 1456/325/667 1458/326/668 1457/327/669
f 1457/327/670 1453/328/671 1456/325/672
f 257/329/673 258/330/674 254/322/675
f 254/322/676 256/324/677 257/329/678
f 265/331/679 267/332/680 266/333/681
f 266/333/682 262/334/683 265/331/684
f 256/324/685 260/336/686 261/335/687
f 261/335/688 257/329/689 256/324/690
f 262/334/691 263/337/692 264/338/693
f 264/338/694 265/331/695 262/334/696
f 210/253/697 216/339/698 215/275/699
f 215/275/700 211/254/701 210/253/702
f 268/340/703 267/332/704 265/331/705
f 265/331/706 269/341/707 268/340/708
f 264/338/709 270/342/710 269/341/711
f 269/341/712 265/331/713 264/338/714
f 282/343/715 283/344/716 280/345/717
f 280/345/718 281/346/719 282/343/720
f 2115/347/721 2116/348/722 2108/184/723
f 2108/184/724 2114/349/725 2115/347/726
f 1280/350/727 1287/351/728 1281/352/729
f 1281/352/730 1279/353/731 1280/350/732
f 283/344/733 287/354/734 286/355/735
f 286/355/736 285/356/737 283/344/738
f 440/357/739 445/358/740 441/311/741
f 441/311/742 439/310/743 440/357/744
f 277/359/745 278/360/746 274/361/747
f 274/361/748 271/362/749 277/359/750
f 1540/363/751 1541/364/752 1539/218/753
f 1539/218/754 1537/217/755 1540/363/756
f 275/365/757 276/366/758 272/367/759
f 272/367/760 274/361/761 275/365/762
f 326/368/763 327/369/764 324/370/765
f 324/370/766 325/371/767 326/368/768
f 334/372/769 335/373/770 327/369/771
f 327/369/772 326/368/773 334/372/774
f 2000/374/775 2001/375/776 1996/376/777
f 1996/376/778 1995/377/779 2000/374/780
f 295/378/781 296/379/782 293/380/783
f 293/380/784 294/474/785 295/378/786
f 1248/381/787 1249/382/788 1241/383/789
f 1241/383/790 1240/384/791 1248/381/792
f 297/385/793 298/386/794 296/379/795
f 296/379/796 295/378/797 297/385/798
f 529/387/799 531/388/800 530/389/801
f 530/389/802 528/390/803 529/387/804
f 1245/391/805 1246/392/806 1238/393/807
f 1238/393/808 1237/394/809 1245/391/810
f 343/397/811 336/396/812 335/373/813
f 335/373/814 342/399/815 343/397/816
f 346/400/817 343/397/818 342/399/819
f 342/399/820 345/497/821 346/400/822
f 1114/401/823 1115/402/824 1109/403/825
f 1109/403/826 1108/404/827 1114/401/828
f 2132/405/829 2133/406/830 2126/407/831
f 2126/407/832 2125/408/833 2132/405/834
f 305/409/835 306/410/836 298/386/837
f 298/386/838 297/385/839 305/409/840
f 2158/411/841 2161/412/842 2159/413/843
f 2159/413/844 2160/414/845 2158/411/846
f 336/396/847 337/415/848 331/416/849
f 331/416/850 329/417/851 336/396/852
f 247/315/853 249/418/854 248/419/855
f 248/419/856 244/312/857 247/315/858
f 1002/421/859 999/423/860 1009/420/861
f 1009/420/862 1010/1479/863 1002/421/864
f 1277/424/865 1278/425/866 1273/426/867
f 1273/426/868 1271/427/869 1277/424/870
f 1772/428/871 1773/429/872 1770/430/873
f 1770/430/874 1769/431/875 1772/428/876
f 859/432/877 862/433/878 860/434/879
f 860/434/880 861/435/881 859/432/882
f 309/437/883 315/438/884 316/436/885
f 316/436/886 310/440/887 309/437/888
f 310/440/889 316/436/890 317/439/891
f 317/439/892 311/442/893 310/440/894
f 311/442/895 317/439/896 318/441/897
f 318/441/898 312/444/899 311/442/900
f 312/444/901 318/441/902 319/443/903
f 319/443/904 320/495/905 312/444/906
f 492/445/907 493/446/908 486/447/909
f 486/447/910 485/448/911 492/445/912
f 357/452/913 354/450/914 353/451/915
f 353/451/916 356/454/917 357/452/918
f 322/455/919 323/456/920 306/410/921
f 306/410/922 305/409/923 322/455/924
f 1580/459/925 1582/460/926 1583/458/927
f 1583/458/928 1584/2084/929 1580/459/930
f 299/461/931 300/462/932 292/463/933
f 292/463/934 289/464/935 299/461/936
f 307/465/937 308/466/938 300/462/939
f 300/462/940 299/461/941 307/465/942
f 313/467/943 314/468/944 308/466/945
f 308/466/946 307/465/947 313/467/948
f 1145/472/949 1142/470/950 1144/471/951
f 1144/471/952 1152/1646/953 1145/472/954
f 300/462/955 301/473/956 294/474/957
f 294/474/958 292/463/959 300/462/960
f 2541/475/961 2542/157/962 2535/476/963
f 2535/476/964 2534/477/965 2541/475/966
f 314/468/967 315/438/968 309/437/969
f 309/437/970 308/466/971 314/468/972
f 339/478/973 338/479/974 337/415/975
f 337/415/976 340/395/977 339/478/978
f 301/473/979 309/437/980 310/440/981
f 310/440/982 302/481/983 301/473/984
f 341/480/985 339/478/986 340/395/987
f 340/395/988 347/398/989 341/480/990
f 770/482/991 767/483/992 766/484/993
f 766/484/994 773/485/995 770/482/996
f 334/372/997 344/486/998 342/399/999
f 342/399/1000 335/373/1001 334/372/1002
f 424/488/1003 432/489/1004 425/490/1005
f 425/490/1006 422/491/1007 424/488/1008
f 302/481/1009 310/440/1010 311/442/1011
f 311/442/1012 303/487/1013 302/481/1014
f 348/492/1015 341/480/1016 347/398/1017
f 347/398/1018 349/494/1019 348/492/1020
f 303/487/1021 311/442/1022 312/444/1023
f 312/444/1024 304/496/1025 303/487/1026
f 350/493/1027 348/492/1028 349/494/1029
f 349/494/1030 351/449/1031 350/493/1032
f 304/496/1033 312/444/1034 320/495/1035
f 320/495/1036 321/1249/1037 304/496/1038
f 344/486/1039 352/498/1040 345/497/1041
f 345/497/1042 342/399/1043 344/486/1044
f 352/498/1045 355/453/1046 353/451/1047
f 353/451/1048 345/497/1049 352/498/1050
f 767/483/1051 768/499/1052 763/500/1053
f 763/500/1054 761/501/1055 767/483/1056
f 2388/502/1057 2391/503/1058 2389/504/1059
f 2389/504/1060 2390/505/1061 2388/502/1062
f 2414/507/1063 2408/508/1064 2407/509/1065
f 2407/509/1066 2406/510/1067 2414/507/1068
f 414/511/1069 415/512/1070 407/513/1071
f 407/513/1072 406/514/1073 414/511/1074
f 1985/515/1075 1977/516/1076 1976/517/1077
f 1976/517/1078 1984/518/1079 1985/515/1080
f 992/519/1081 995/293/1082 993/296/1083
f 993/296/1084 985/520/1085 992/519/1086
f 759/521/1087 761/501/1088 760/522/1089
f 760/522/1090 758/523/1091 759/521/1092
f 415/512/1093 416/524/1094 409/525/1095
f 409/525/1096 407/513/1097 415/512/1098
f 1727/526/1099 1728/527/1100 1724/528/1101
f 1724/528/1102 1726/529/1103 1727/526/1104
f 426/530/1105 423/531/1106 422/491/1107
f 422/491/1108 425/490/1109 426/530/1110
f 1951/532/1111 1953/533/1112 1952/534/1113
f 1952/534/1114 1945/535/1115 1951/532/1116
f 432/489/1117 438/536/1118 433/537/1119
f 433/537/1120 425/490/1121 432/489/1122
f 2018/538/1123 2028/539/1124 2026/540/1125
f 2026/540/1126 2019/541/1127 2018/538/1128
f 609/542/1129 607/543/1130 606/544/1131
f 606/544/1132 613/545/1133 609/542/1134
f 420/546/1135 417/547/1136 416/524/1137
f 416/524/1138 423/531/1139 420/546/1140
f 2223/548/1141 2215/549/1142 2214/550/1143
f 2214/550/1144 2222/551/1145 2223/548/1146
f 434/552/1147 428/553/1148 427/554/1149
f 427/554/1150 426/530/1151 434/552/1152
f 435/309/1153 430/555/1154 428/553/1155
f 428/553/1156 434/552/1157 435/309/1158
f 435/309/1159 434/552/1160 433/537/1161
f 433/537/1162 439/310/1163 435/309/1164
f 411/556/1165 413/557/1166 412/558/1167
f 412/558/1168 410/559/1169 411/556/1170
f 1937/560/1171 1935/561/1172 1941/563/1173
f 1941/563/1174 1942/2302/1175 1937/560/1176
f 417/547/1177 420/546/1178 419/564/1179
f 419/564/1180 418/565/1181 417/547/1182
f 420/546/1183 427/554/1184 421/566/1185
f 421/566/1186 419/564/1187 420/546/1188
f 2343/567/1189 2344/568/1190 2335/569/1191
f 2335/569/1192 2342/570/1193 2343/567/1194
f 430/555/1195 431/571/1196 429/572/1197
f 429/572/1198 428/553/1199 430/555/1200
f 435/309/1201 442/308/1202 436/573/1203
f 436/573/1204 430/555/1205 435/309/1206
f 1389/574/1207 1390/575/1208 1387/576/1209
f 1387/576/1210 1388/577/1211 1389/574/1212
f 438/536/1213 440/357/1214 439/310/1215
f 439/310/1216 433/537/1217 438/536/1218
f 2281/578/1219 2282/579/1220 2278/580/1221
f 2278/580/1222 2277/581/1223 2281/578/1224
f 444/582/1225 437/583/1226 436/573/1227
f 436/573/1228 443/584/1229 444/582/1230
f 442/308/1231 447/585/1232 443/584/1233
f 443/584/1234 436/573/1235 442/308/1236
f 400/587/1237 392/588/1238 399/586/1239
f 399/586/1240 402/593/1241 400/587/1242
f 1686/589/1243 1681/62/1244 1679/65/1245
f 1679/65/1246 1685/590/1247 1686/589/1248
f 2018/538/1249 2019/541/1250 2011/591/1251
f 2011/591/1252 2010/592/1253 2018/538/1254
f 402/593/1255 403/594/1256 401/595/1257
f 401/595/1258 400/587/1259 402/593/1260
f 359/596/1261 362/597/1262 360/598/1263
f 360/598/1264 361/599/1265 359/596/1266
f 369/600/1267 370/601/1268 362/597/1269
f 362/597/1270 359/596/1271 369/600/1272
f 377/602/1273 378/603/1274 370/601/1275
f 370/601/1276 369/600/1277 377/602/1278
f 625/604/1279 628/605/1280 626/606/1281
f 626/606/1282 623/607/1283 625/604/1284
f 844/608/1285 852/609/1286 845/610/1287
f 845/610/1288 836/611/1289 844/608/1290
f 581/612/1291 582/613/1292 575/614/1293
f 575/614/1294 574/615/1295 581/612/1296
f 378/603/1297 379/616/1298 371/617/1299
f 371/617/1300 370/601/1301 378/603/1302
f 385/618/1303 386/619/1304 379/616/1305
f 379/616/1306 378/603/1307 385/618/1308
f 1181/620/1309 1173/621/1310 1172/622/1311
f 1172/622/1312 1180/623/1313 1181/620/1314
f 1269/624/1315 1271/427/1316 1270/625/1317
f 1270/625/1318 1268/626/1319 1269/624/1320
f 365/627/1321 366/628/1322 363/629/1323
f 363/629/1324 364/630/1325 365/627/1326
f 372/631/1327 365/627/1328 364/630/1329
f 364/630/1330 371/617/1331 372/631/1332
f 2434/632/1333 2435/633/1334 2430/634/1335
f 2430/634/1336 2428/635/1337 2434/632/1338
f 367/636/1339 368/637/1340 366/628/1341
f 366/628/1342 365/627/1343 367/636/1344
f 1154/639/1345 1157/641/1346 1151/638/1347
f 1151/638/1348 1149/1645/1349 1154/639/1350
f 381/642/1351 373/643/1352 372/631/1353
f 372/631/1354 380/644/1355 381/642/1356
f 388/645/1357 389/646/1358 382/647/1359
f 382/647/1360 381/642/1361 388/645/1362
f 670/648/1363 671/649/1364 664/650/1365
f 664/650/1366 663/651/1367 670/648/1368
f 676/652/1369 677/653/1370 674/654/1371
f 674/654/1372 675/655/1373 676/652/1374
f 374/656/1375 375/657/1376 367/636/1377
f 367/636/1378 373/643/1379 374/656/1380
f 2186/658/1381 2188/659/1382 2187/660/1383
f 2187/660/1384 2181/661/1385 2186/658/1386
f 2215/549/1387 2225/662/1388 2216/663/1389
f 2216/663/1390 2208/664/1391 2215/549/1392
f 1868/665/1393 1878/666/1394 1876/667/1395
f 1876/667/1396 1869/668/1397 1868/665/1398
f 396/669/1399 391/670/1400 390/671/1401
f 390/671/1402 395/672/1403 396/669/1404
f 2421/673/1405 2422/674/1406 2415/675/1407
f 2415/675/1408 2420/676/1409 2421/673/1410
f 400/587/1411 401/595/1412 394/677/1413
f 394/677/1414 393/678/1415 400/587/1416
f 392/588/1417 400/587/1418 393/678/1419
f 393/678/1420 383/679/1421 392/588/1422
f 554/680/1423 555/681/1424 547/682/1425
f 547/682/1426 553/683/1427 554/680/1428
f 447/585/1429 442/308/1430 441/311/1431
f 441/311/1432 446/684/1433 447/585/1434
f 445/358/1435 448/685/1436 446/684/1437
f 446/684/1438 441/311/1439 445/358/1440
f 2475/305/1441 2477/686/1442 2476/687/1443
f 2476/687/1444 2474/306/1445 2475/305/1446
f 1287/351/1447 1280/350/1448 1283/688/1449
f 1283/688/1450 1286/689/1451 1287/351/1452
f 1213/690/1453 1206/691/1454 1205/692/1455
f 1205/692/1456 1212/693/1457 1213/690/1458
f 514/694/1459 521/695/1460 515/696/1461
f 515/696/1462 512/697/1463 514/694/1464
f 1210/698/1465 1217/699/1466 1211/700/1467
f 1211/700/1468 1209/701/1469 1210/698/1470
f 454/703/1471 452/704/1472 460/702/1473
f 460/702/1474 461/755/1475 454/703/1476
f 505/707/1477 506/708/1478 499/706/1479
f 499/706/1480 497/790/1481 505/707/1482
f 1921/709/1483 1915/710/1484 1914/711/1485
f 1914/711/1486 1920/712/1487 1921/709/1488
f 850/713/1489 851/714/1490 844/608/1491
f 844/608/1492 843/715/1493 850/713/1494
f 523/716/1495 516/717/1496 515/696/1497
f 515/696/1498 522/718/1499 523/716/1500
f 693/719/1501 686/720/1502 685/721/1503
f 685/721/1504 692/722/1505 693/719/1506
f 460/702/1507 459/724/1508 467/723/1509
f 467/723/1510 468/745/1511 460/702/1512
f 801/725/1513 802/726/1514 796/727/1515
f 796/727/1516 794/728/1517 801/725/1518
f 519/729/1519 527/730/1520 520/731/1521
f 520/731/1522 518/732/1523 519/729/1524
f 510/733/1525 507/734/1526 506/708/1527
f 506/708/1528 513/735/1529 510/733/1530
f 2252/737/1531 2251/738/1532 2253/207/1533
f 2253/207/1534 2254/206/1535 2252/737/1536
f 2400/739/1537 2401/740/1538 2395/741/1539
f 2395/741/1540 2393/742/1541 2400/739/1542
f 473/743/1543 474/744/1544 468/745/1545
f 468/745/1546 467/723/1547 473/743/1548
f 474/744/1549 475/746/1550 469/747/1551
f 469/747/1552 468/745/1553 474/744/1554
f 1400/748/1555 1401/749/1556 1397/750/1557
f 1397/750/1558 1399/751/1559 1400/748/1560
f 510/733/1561 517/752/1562 511/753/1563
f 511/753/1564 509/754/1565 510/733/1566
f 517/752/1567 519/729/1568 518/732/1569
f 518/732/1570 511/753/1571 517/752/1572
f 468/745/1573 469/747/1574 461/755/1575
f 461/755/1576 460/702/1577 468/745/1578
f 527/730/1579 519/729/1580 523/716/1581
f 523/716/1582 526/756/1583 527/730/1584
f 526/756/1585 523/716/1586 522/718/1587
f 522/718/1588 525/757/1589 526/756/1590
f 564/758/1591 565/759/1592 559/760/1593
f 559/760/1594 558/761/1595 564/758/1596
f 1102/762/1597 1095/763/1598 1094/764/1599
f 1094/764/1600 1101/765/1601 1102/762/1602
f 529/387/1603 527/730/1604 526/756/1605
f 526/756/1606 534/766/1607 529/387/1608
f 2140/767/1609 2141/768/1610 2133/406/1611
f 2133/406/1612 2132/405/1613 2140/767/1614
f 2373/769/1615 2381/770/1616 2374/771/1617
f 2374/771/1618 2365/772/1619 2373/769/1620
f 535/773/1621 538/774/1622 536/775/1623
f 536/775/1624 533/776/1625 535/773/1626
f 1606/777/1627 2583/2583/1628 2584/2584/1629
f 2584/2584/1630 1600/780/1631 1606/777/1632
f 531/388/1633 529/387/1634 534/766/1635
f 534/766/1636 537/781/1637 531/388/1638
f 537/781/1639 534/766/1640 533/776/1641
f 533/776/1642 536/775/1643 537/781/1644
f 449/782/1645 452/704/1646 450/783/1647
f 450/783/1648 451/784/1649 449/782/1650
f 459/724/1651 460/702/1652 452/704/1653
f 452/704/1654 449/782/1655 459/724/1656
f 500/785/1657 498/786/1658 499/706/1659
f 499/706/1660 501/705/1661 500/785/1662
f 501/705/1663 503/788/1664 502/787/1665
f 502/787/1666 500/785/1667 501/705/1668
f 452/704/1669 454/703/1670 453/789/1671
f 453/789/1672 450/783/1673 452/704/1674
f 558/761/1675 559/760/1676 551/791/1677
f 551/791/1678 550/792/1679 558/761/1680
f 2212/795/1681 2211/793/1682 2219/794/1683
f 2219/794/1684 2220/2462/1685 2212/795/1686
f 507/734/1687 508/797/1688 503/788/1689
f 503/788/1690 501/705/1691 507/734/1692
f 476/798/1693 470/799/1694 469/747/1695
f 469/747/1696 475/746/1697 476/798/1698
f 594/800/1699 595/801/1700 587/802/1701
f 587/802/1702 586/803/1703 594/800/1704
f 455/804/1705 456/805/1706 453/789/1707
f 453/789/1708 454/703/1709 455/804/1710
f 462/806/1711 455/804/1712 454/703/1713
f 454/703/1714 461/755/1715 462/806/1716
f 2426/807/1717 2428/635/1718 2427/808/1719
f 2427/808/1720 2423/809/1721 2426/807/1722
f 1549/810/1723 1550/811/1724 1546/56/1725
f 1546/56/1726 1543/55/1727 1549/810/1728
f 463/812/1729 457/813/1730 455/804/1731
f 455/804/1732 462/806/1733 463/812/1734
f 471/814/1735 463/812/1736 462/806/1737
f 462/806/1738 470/799/1739 471/814/1740
f 891/815/1741 886/816/1742 885/817/1743
f 885/817/1744 884/818/1745 891/815/1746
f 465/819/1747 466/820/1748 458/821/1749
f 458/821/1750 457/813/1751 465/819/1752
f 384/822/1753 385/618/1754 378/603/1755
f 378/603/1756 377/602/1757 384/822/1758
f 472/823/1759 464/824/1760 463/812/1761
f 463/812/1762 471/814/1763 472/823/1764
f 482/825/1765 483/826/1766 466/820/1767
f 466/820/1768 465/819/1769 482/825/1770
f 712/827/1771 717/828/1772 713/829/1773
f 713/829/1774 706/830/1775 712/827/1776
f 2095/240/1777 2097/831/1778 2096/832/1779
f 2096/832/1780 2094/833/1781 2095/240/1782
f 484/834/1783 485/448/1784 480/835/1785
f 480/835/1786 479/836/1787 484/834/1788
f 491/837/1789 492/445/1790 485/448/1791
f 485/448/1792 484/834/1793 491/837/1794
f 487/22/1795 488/21/1796 483/826/1797
f 483/826/1798 482/825/1799 487/22/1800
f 486/447/1801 487/22/1802 482/825/1803
f 482/825/1804 481/838/1805 486/447/1806
f 897/7/1807 899/839/1808 898/840/1809
f 898/840/1810 894/841/1811 897/7/1812
f 971/842/1813 973/843/1814 972/844/1815
f 972/844/1816 970/845/1817 971/842/1818
f 2314/846/1819 2317/847/1820 2315/848/1821
f 2315/848/1822 2311/849/1823 2314/846/1824
f 2078/850/1825 2079/851/1826 2072/852/1827
f 2072/852/1828 2071/853/1829 2078/850/1830
f 586/803/1831 587/802/1832 584/854/1833
f 584/854/1834 585/855/1835 586/803/1836
f 479/836/1837 480/835/1838 472/823/1839
f 472/823/1840 478/856/1841 479/836/1842
f 594/800/1843 604/857/1844 602/858/1845
f 602/858/1846 595/801/1847 594/800/1848
f 604/857/1849 611/859/1850 605/860/1851
f 605/860/1852 602/858/1853 604/857/1854
f 2471/861/1855 2473/304/1856 2472/307/1857
f 2472/307/1858 2469/862/1859 2471/861/1860
f 595/801/1861 596/863/1862 589/864/1863
f 589/864/1864 587/802/1865 595/801/1866
f 603/865/1867 596/863/1868 595/801/1869
f 595/801/1870 602/858/1871 603/865/1872
f 1920/712/1873 1914/711/1874 1913/866/1875
f 1913/866/1876 1919/867/1877 1920/712/1878
f 613/545/1879 606/544/1880 605/860/1881
f 605/860/1882 612/868/1883 613/545/1884
f 679/871/1885 681/872/1886 680/870/1887
f 680/870/1888 678/1090/1889 679/871/1890
f 794/728/1891 796/727/1892 795/873/1893
f 795/873/1894 793/874/1895 794/728/1896
f 596/863/1897 597/875/1898 591/876/1899
f 591/876/1900 589/864/1901 596/863/1902
f 600/877/1903 597/875/1904 596/863/1905
f 596/863/1906 603/865/1907 600/877/1908
f 1990/878/1909 1984/518/1910 1983/879/1911
f 1983/879/1912 1989/880/1913 1990/878/1914
f 2442/883/1915 2441/881/1916 2449/882/1917
f 2449/882/1918 2450/2507/1919 2442/883/1920
f 1261/885/1921 1262/884/1922 1245/391/1923
f 1245/391/1924 1244/1111/1925 1261/885/1926
f 597/875/1927 598/886/1928 593/887/1929
f 593/887/1930 591/876/1931 597/875/1932
f 1054/888/1933 1055/889/1934 1047/890/1935
f 1047/890/1936 1046/891/1937 1054/888/1938
f 600/877/1939 607/543/1940 601/892/1941
f 601/892/1942 599/893/1943 600/877/1944
f 380/644/1945 372/631/1946 371/617/1947
f 371/617/1948 379/616/1949 380/644/1950
f 2516/894/1951 2518/895/1952 2517/896/1953
f 2517/896/1954 2513/897/1955 2516/894/1956
f 1205/692/1957 1206/691/1958 1199/898/1959
f 1199/898/1960 1197/899/1961 1205/692/1962
f 616/900/1963 613/545/1964 612/868/1965
f 612/868/1966 615/901/1967 616/900/1968
f 614/902/1969 622/903/1970 615/901/1971
f 615/901/1972 612/868/1973 614/902/1974
f 2463/904/1975 2455/905/1976 2454/906/1977
f 2454/906/1978 2462/907/1979 2463/904/1980
f 2494/908/1981 2495/909/1982 2488/910/1983
f 2488/910/1984 2493/911/1985 2494/908/1986
f 624/912/1987 616/900/1988 615/901/1989
f 615/901/1990 623/607/1991 624/912/1992
f 622/903/1993 625/604/1994 623/607/1995
f 623/607/1996 615/901/1997 622/903/1998
f 1319/913/1999 1313/914/2000 1312/915/2001
f 1312/915/2002 1318/916/2003 1319/913/2004
f 619/917/2005 621/918/2006 620/919/2007
f 620/919/2008 618/920/2009 619/917/2010
f 2136/921/2011 2138/922/2012 2137/923/2013
f 2137/923/2014 2131/924/2015 2136/921/2016
f 2292/925/2017 2293/926/2018 2286/927/2019
f 2286/927/2020 2285/928/2021 2292/925/2022
f 1219/929/2023 1217/699/2024 1216/930/2025
f 1216/930/2026 1224/931/2027 1219/929/2028
f 549/932/2029 550/792/2030 542/933/2031
f 542/933/2032 539/934/2033 549/932/2034
f 1633/935/2035 1635/936/2036 1634/937/2037
f 1634/937/2038 1630/938/2039 1633/935/2040
f 563/939/2041 564/758/2042 558/761/2043
f 558/761/2044 557/940/2045 563/939/2046
f 542/933/2047 544/941/2048 543/942/2049
f 543/942/2050 540/943/2051 542/933/2052
f 2328/944/2053 2329/945/2054 2321/946/2055
f 2321/946/2056 2318/947/2057 2328/944/2058
f 2063/948/2059 2064/949/2060 2058/950/2061
f 2058/950/2062 2056/951/2063 2063/948/2064
f 944/952/2065 945/953/2066 937/954/2067
f 937/954/2068 943/955/2069 944/952/2070
f 566/956/2071 560/957/2072 559/760/2073
f 559/760/2074 565/759/2075 566/956/2076
f 1488/958/2077 1486/959/2078 1483/960/2079
f 1483/960/2080 1480/961/2081 1488/958/2082
f 2401/740/2083 2402/962/2084 2397/963/2085
f 2397/963/2086 2395/741/2087 2401/740/2088
f 1042/964/2089 1043/965/2090 1041/966/2091
f 1041/966/2092 1040/967/2093 1042/964/2094
f 151/968/2095 152/202/2096 148/197/2097
f 148/197/2098 145/969/2099 151/968/2100
f 1854/970/2101 1855/971/2102 1838/972/2103
f 1838/972/2104 1846/973/2105 1854/970/2106
f 553/683/2107 547/682/2108 545/974/2109
f 545/974/2110 552/975/2111 553/683/2112
f 561/976/2113 553/683/2114 552/975/2115
f 552/975/2116 560/957/2117 561/976/2118
f 568/977/2119 562/978/2120 561/976/2121
f 561/976/2122 567/979/2123 568/977/2124
f 569/980/2125 570/981/2126 562/978/2127
f 562/978/2128 568/977/2129 569/980/2130
f 555/681/2131 556/982/2132 548/983/2133
f 548/983/2134 547/682/2135 555/681/2136
f 2349/984/2137 2343/567/2138 2342/570/2139
f 2342/570/2140 2341/985/2141 2349/984/2142
f 562/978/2143 554/680/2144 553/683/2145
f 553/683/2146 561/976/2147 562/978/2148
f 1165/986/2149 1166/987/2150 1163/988/2151
f 1163/988/2152 1164/989/2153 1165/986/2154
f 570/981/2155 571/990/2156 554/680/2157
f 554/680/2158 562/978/2159 570/981/2160
f 574/615/2161 575/614/2162 570/981/2163
f 570/981/2164 569/980/2165 574/615/2166
f 984/991/2167 992/519/2168 985/520/2169
f 985/520/2170 982/992/2171 984/991/2172
f 504/993/2173 514/694/2174 512/697/2175
f 512/697/2176 505/707/2177 504/993/2178
f 1075/994/2179 1074/995/2180 1073/996/2181
f 1073/996/2182 1079/997/2183 1075/994/2184
f 575/614/2185 576/998/2186 571/990/2187
f 571/990/2188 570/981/2189 575/614/2190
f 579/999/2191 580/1000/2192 578/1001/2193
f 578/1001/2194 577/1002/2195 579/999/2196
f 583/1003/2197 579/999/2198 577/1002/2199
f 577/1002/2200 576/998/2201 583/1003/2202
f 582/613/2203 583/1003/2204 576/998/2205
f 576/998/2206 575/614/2207 582/613/2208
f 308/466/2209 309/437/2210 301/473/2211
f 301/473/2212 300/462/2213 308/466/2214
f 684/1004/2215 685/721/2216 677/653/2217
f 677/653/2218 676/652/2219 684/1004/2220
f 684/1004/2221 694/1005/2222 692/722/2223
f 692/722/2224 685/721/2225 684/1004/2226
f 2339/1006/2227 2340/1007/2228 2337/1008/2229
f 2337/1008/2230 2336/1009/2231 2339/1006/2232
f 2555/1010/2233 2557/1011/2234 2556/1012/2235
f 2556/1012/2236 2554/1013/2237 2555/1010/2238
f 685/721/2239 686/720/2240 679/871/2241
f 679/871/2242 677/653/2243 685/721/2244
f 1080/1014/2245 1085/1015/2246 1081/1016/2247
f 1081/1016/2248 1079/997/2249 1080/1014/2250
f 577/1002/2251 578/1001/2252 573/1017/2253
f 573/1017/2254 572/1018/2255 577/1002/2256
f 1345/1019/2257 1346/1020/2258 1339/1021/2259
f 1339/1021/2260 1337/1022/2261 1345/1019/2262
f 1979/1023/2263 1980/1024/2264 1972/1025/2265
f 1972/1025/2266 1971/1026/2267 1979/1023/2268
f 640/1028/2269 639/1029/2270 647/1027/2271
f 647/1027/2272 648/1034/2273 640/1028/2274
f 1611/1030/2275 1612/1031/2276 1609/1032/2277
f 1609/1032/2278 1610/1033/2279 1611/1030/2280
f 641/1035/2281 640/1028/2282 648/1034/2283
f 648/1034/2284 649/1056/2285 641/1035/2286
f 1314/1038/2287 1307/1037/2288 1313/914/2289
f 1313/914/2290 1320/1863/2291 1314/1038/2292
f 690/1039/2293 687/1040/2294 686/720/2295
f 686/720/2296 693/719/2297 690/1039/2298
f 697/1041/2299 690/1039/2300 693/719/2301
f 693/719/2302 696/1042/2303 697/1041/2304
f 1323/1043/2305 1317/1044/2306 1316/1045/2307
f 1316/1045/2308 1322/1046/2309 1323/1043/2310
f 2225/662/2311 2233/1047/2312 2226/1048/2313
f 2226/1048/2314 2216/663/2315 2225/662/2316
f 2184/1049/2317 2185/1050/2318 2178/1051/2319
f 2178/1051/2320 2183/1052/2321 2184/1049/2322
f 654/1053/2323 655/1054/2324 648/1034/2325
f 648/1034/2326 647/1027/2327 654/1053/2328
f 655/1054/2329 656/1055/2330 649/1056/2331
f 649/1056/2332 648/1034/2333 655/1054/2334
f 687/1040/2335 690/1039/2336 689/1057/2337
f 689/1057/2338 688/1058/2339 687/1040/2340
f 2020/1059/2341 2021/1060/2342 2015/1061/2343
f 2015/1061/2344 2013/1062/2345 2020/1059/2346
f 698/1063/2347 699/1064/2348 691/1065/2349
f 691/1065/2350 697/1041/2351 698/1063/2352
f 700/1066/2353 701/1067/2354 699/1064/2355
f 699/1064/2356 698/1063/2357 700/1066/2358
f 705/1068/2359 712/827/2360 706/830/2361
f 706/830/2362 700/1066/2363 705/1068/2364
f 712/827/2365 705/1068/2366 709/1069/2367
f 709/1069/2368 711/1070/2369 712/827/2370
f 708/1071/2371 710/1072/2372 709/1069/2373
f 709/1069/2374 703/1073/2375 708/1071/2376
f 707/1074/2377 701/1067/2378 700/1066/2379
f 700/1066/2380 706/830/2381 707/1074/2382
f 2452/1078/2383 2443/1076/2384 2451/1077/2385
f 2451/1077/2386 2459/2554/2387 2452/1078/2388
f 1356/1080/2389 1355/1081/2390 1361/1079/2391
f 1361/1079/2392 1362/1861/2393 1356/1080/2394
f 423/531/2395 416/524/2396 415/512/2397
f 415/512/2398 422/491/2399 423/531/2400
f 710/1072/2401 715/1083/2402 711/1070/2403
f 711/1070/2404 709/1069/2405 710/1072/2406
f 715/1083/2407 718/1084/2408 716/1085/2409
f 716/1085/2410 711/1070/2411 715/1083/2412
f 629/1086/2413 632/1087/2414 630/1088/2415
f 630/1088/2416 631/1089/2417 629/1086/2418
f 639/1029/2419 640/1028/2420 632/1087/2421
f 632/1087/2422 629/1086/2423 639/1029/2424
f 1217/699/2425 1219/929/2426 1218/1092/2427
f 1218/1092/2428 1211/700/2429 1217/699/2430
f 1253/1093/2431 1254/1094/2432 1248/381/2433
f 1248/381/2434 1247/1095/2435 1253/1093/2436
f 681/872/2437 679/871/2438 686/720/2439
f 686/720/2440 687/1040/2441 681/872/2442
f 687/1040/2443 688/1058/2444 683/1091/2445
f 683/1091/2446 681/872/2447 687/1040/2448
f 1060/1096/2449 1057/1097/2450 1056/1098/2451
f 1056/1098/2452 1063/1099/2453 1060/1096/2454
f 658/1100/2455 651/1101/2456 650/1102/2457
f 650/1102/2458 657/1103/2459 658/1100/2460
f 829/1104/2461 831/1105/2462 830/1106/2463
f 830/1106/2464 828/1107/2465 829/1104/2466
f 642/1108/2467 635/1109/2468 634/1110/2469
f 634/1110/2470 641/1035/2471 642/1108/2472
f 1260/1112/2473 1261/885/2474 1244/1111/2475
f 1244/1111/2476 1252/1197/2477 1260/1112/2478
f 637/1113/2479 638/1114/2480 636/1115/2481
f 636/1115/2482 635/1109/2483 637/1113/2484
f 643/1116/2485 637/1113/2486 635/1109/2487
f 635/1109/2488 642/1108/2489 643/1116/2490
f 1126/1117/2491 1127/1118/2492 1124/1119/2493
f 1124/1119/2494 1125/1120/2495 1126/1117/2496
f 7/1121/2497 8/16/2498 4/4/2499
f 4/4/2500 1/1/2501 7/1121/2502
f 717/828/2503 712/827/2504 711/1070/2505
f 711/1070/2506 716/1085/2507 717/828/2508
f 645/1122/2509 646/1123/2510 638/1114/2511
f 638/1114/2512 637/1113/2513 645/1122/2514
f 644/1124/2515 645/1122/2516 637/1113/2517
f 637/1113/2518 643/1116/2519 644/1124/2520
f 651/1101/2521 652/1125/2522 644/1124/2523
f 644/1124/2524 643/1116/2525 651/1101/2526
f 652/1125/2527 660/1126/2528 653/1127/2529
f 653/1127/2530 644/1124/2531 652/1125/2532
f 871/1128/2533 872/1129/2534 866/1130/2535
f 866/1130/2536 864/1131/2537 871/1128/2538
f 2524/1132/2539 2525/1133/2540 2520/1134/2541
f 2520/1134/2542 2518/895/2543 2524/1132/2544
f 874/1135/2545 875/1136/2546 873/1137/2547
f 873/1137/2548 872/1129/2549 874/1135/2550
f 653/1127/2551 663/651/2552 645/1122/2553
f 645/1122/2554 644/1124/2555 653/1127/2556
f 702/1138/2557 708/1071/2558 703/1073/2559
f 703/1073/2560 695/1139/2561 702/1138/2562
f 659/1140/2563 665/1141/2564 660/1126/2565
f 660/1126/2566 652/1125/2567 659/1140/2568
f 668/1142/2569 669/1143/2570 662/1144/2571
f 662/1144/2572 661/1145/2573 668/1142/2574
f 667/1146/2575 668/1142/2576 661/1145/2577
f 661/1145/2578 666/1147/2579 667/1146/2580
f 882/1148/2581 883/1149/2582 881/1150/2583
f 881/1150/2584 880/1151/2585 882/1148/2586
f 669/1143/2587 672/1152/2588 670/648/2589
f 670/648/2590 662/1144/2591 669/1143/2592
f 756/1153/2593 757/1154/2594 754/1155/2595
f 754/1155/2596 755/1156/2597 756/1153/2598
f 764/1157/2599 765/1158/2600 757/1154/2601
f 757/1154/2602 756/1153/2603 764/1157/2604
f 980/1159/2605 977/1160/2606 976/1161/2607
f 976/1161/2608 983/1162/2609 980/1159/2610
f 774/1163/2611 782/1164/2612 775/1165/2613
f 775/1165/2614 772/1166/2615 774/1163/2616
f 757/1154/2617 759/521/2618 758/523/2619
f 758/523/2620 754/1155/2621 757/1154/2622
f 2006/1167/2623 2007/1168/2624 2000/374/2625
f 2000/374/2626 1999/1169/2627 2006/1167/2628
f 1923/1170/2629 1924/114/2630 1916/117/2631
f 1916/117/2632 1922/1171/2633 1923/1170/2634
f 776/1172/2635 773/485/2636 772/1166/2637
f 772/1166/2638 775/1165/2639 776/1172/2640
f 727/1174/2641 733/1175/2642 734/1173/2643
f 734/1173/2644 735/1180/2645 727/1174/2646
f 1917/1176/2647 1918/1177/2648 1912/1178/2649
f 1912/1178/2650 1911/1179/2651 1917/1176/2652
f 735/1180/2653 736/1181/2654 728/1182/2655
f 728/1182/2656 727/1174/2657 735/1180/2658
f 1169/1183/2659 1170/1184/2660 1162/1185/2661
f 1162/1185/2662 1159/1186/2663 1169/1183/2664
f 1939/262/2665 1940/562/2666 1933/1187/2667
f 1933/1187/2668 1931/263/2669 1939/262/2670
f 1850/1188/2671 1844/1189/2672 1843/1190/2673
f 1843/1190/2674 1849/1191/2675 1850/1188/2676
f 777/1192/2677 770/482/2678 773/485/2679
f 773/485/2680 776/1172/2681 777/1192/2682
f 779/1193/2683 777/1192/2684 776/1172/2685
f 776/1172/2686 784/1194/2687 779/1193/2688
f 761/501/2689 763/500/2690 762/1195/2691
f 762/1195/2692 760/522/2693 761/501/2694
f 1258/1196/2695 1252/1197/2696 1251/1198/2697
f 1251/1198/2698 1257/1199/2699 1258/1196/2700
f 539/934/2701 542/933/2702 540/943/2703
f 540/943/2704 541/1200/2705 539/934/2706
f 391/670/2707 392/588/2708 383/679/2709
f 383/679/2710 390/671/2711 391/670/2712
f 2134/1201/2713 2135/1202/2714 2130/1203/2715
f 2130/1203/2716 2128/1204/2717 2134/1201/2718
f 779/1193/2719 781/1205/2720 780/1206/2721
f 780/1206/2722 778/1207/2723 779/1193/2724
f 734/1173/2725 742/1209/2726 750/1208/2727
f 750/1208/2728 751/1259/2729 734/1173/2730
f 657/1103/2731 650/1102/2732 649/1056/2733
f 649/1056/2734 656/1055/2735 657/1103/2736
f 1841/1210/2737 1842/1211/2738 1834/1212/2739
f 1834/1212/2740 1833/1213/2741 1841/1210/2742
f 752/1214/2743 753/1215/2744 736/1181/2745
f 736/1181/2746 735/1180/2747 752/1214/2748
f 1135/1216/2749 1136/1217/2750 1129/1218/2751
f 1129/1218/2752 1127/1118/2753 1135/1216/2754
f 2182/1219/2755 2183/1052/2756 2176/1220/2757
f 2176/1220/2758 2175/1221/2759 2182/1219/2760
f 737/1222/2761 738/1223/2762 730/1224/2763
f 730/1224/2764 729/1225/2765 737/1222/2766
f 987/1226/2767 980/1159/2768 983/1162/2769
f 983/1162/2770 986/1227/2771 987/1226/2772
f 719/1228/2773 722/1229/2774 720/1230/2775
f 720/1230/2776 721/1231/2777 719/1228/2778
f 730/1224/2779 731/1232/2780 724/1233/2781
f 724/1233/2782 722/1229/2783 730/1224/2784
f 738/1223/2785 739/1234/2786 731/1232/2787
f 731/1232/2788 730/1224/2789 738/1223/2790
f 744/1235/2791 745/1236/2792 739/1234/2793
f 739/1234/2794 738/1223/2795 744/1235/2796
f 746/1237/2797 740/1238/2798 739/1234/2799
f 739/1234/2800 745/1236/2801 746/1237/2802
f 747/1239/2803 741/1240/2804 740/1238/2805
f 740/1238/2806 746/1237/2807 747/1239/2808
f 725/1241/2809 726/1242/2810 723/1243/2811
f 723/1243/2812 724/1233/2813 725/1241/2814
f 732/1244/2815 725/1241/2816 724/1233/2817
f 724/1233/2818 731/1232/2819 732/1244/2820
f 740/1238/2821 732/1244/2822 731/1232/2823
f 731/1232/2824 739/1234/2825 740/1238/2826
f 1497/1245/2827 1498/1246/2828 1495/1247/2829
f 1495/1247/2830 1496/1248/2831 1497/1245/2832
f 899/839/2833 901/1250/2834 900/1251/2835
f 900/1251/2836 898/840/2837 899/839/2838
f 748/1252/2839 742/1209/2840 741/1240/2841
f 741/1240/2842 747/1239/2843 748/1252/2844
f 784/1194/2845 776/1172/2846 775/1165/2847
f 775/1165/2848 783/1257/2849 784/1194/2850
f 1024/1253/2851 1025/1254/2852 1018/1255/2853
f 1018/1255/2854 1017/1256/2855 1024/1253/2856
f 782/1164/2857 785/1258/2858 783/1257/2859
f 783/1257/2860 775/1165/2861 782/1164/2862
f 781/1205/2863 779/1193/2864 784/1194/2865
f 784/1194/2866 787/1649/2867 781/1205/2868
f 785/1258/2869 788/1261/2870 786/1260/2871
f 786/1260/2872 783/1257/2873 785/1258/2874
f 826/1262/2875 827/1263/2876 824/1264/2877
f 824/1264/2878 825/1265/2879 826/1262/2880
f 833/1266/2881 834/1267/2882 827/1263/2883
f 827/1263/2884 826/1262/2885 833/1266/2886
f 841/1268/2887 842/1269/2888 834/1267/2889
f 834/1267/2890 833/1266/2891 841/1268/2892
f 848/1270/2893 849/1271/2894 842/1269/2895
f 842/1269/2896 841/1268/2897 848/1270/2898
f 827/1263/2899 829/1104/2900 828/1107/2901
f 828/1107/2902 824/1264/2903 827/1263/2904
f 834/1267/2905 835/1272/2906 829/1104/2907
f 829/1104/2908 827/1263/2909 834/1267/2910
f 842/1269/2911 843/715/2912 835/1272/2913
f 835/1272/2914 834/1267/2915 842/1269/2916
f 524/1273/2917 532/1274/2918 525/757/2919
f 525/757/2920 522/718/2921 524/1273/2922
f 2428/635/2923 2430/634/2924 2429/1275/2925
f 2429/1275/2926 2427/808/2927 2428/635/2928
f 1224/931/2929 1216/930/2930 1215/1276/2931
f 1215/1276/2932 1223/1277/2933 1224/931/2934
f 1845/1278/2935 1837/1279/2936 1836/1280/2937
f 1836/1280/2938 1844/1189/2939 1845/1278/2940
f 843/715/2941 844/608/2942 836/611/2943
f 836/611/2944 835/1272/2945 843/715/2946
f 1950/1281/2947 1947/1282/2948 1946/1283/2949
f 1946/1283/2950 1949/1284/2951 1950/1281/2952
f 851/714/2953 855/1285/2954 852/609/2955
f 852/609/2956 844/608/2957 851/714/2958
f 2307/1286/2959 2308/1287/2960 2302/1288/2961
f 2302/1288/2962 2301/1289/2963 2307/1286/2964
f 2352/1290/2965 2350/1291/2966 2349/984/2967
f 2349/984/2968 2348/1292/2969 2352/1290/2970
f 836/611/2971 845/610/2972 837/1293/2973
f 837/1293/2974 831/1105/2975 836/611/2976
f 1283/688/2977 1276/1294/2978 1275/1295/2979
f 1275/1295/2980 1282/1296/2981 1283/688/2982
f 852/609/2983 853/1297/2984 846/1298/2985
f 846/1298/2986 845/610/2987 852/609/2988
f 853/1297/2989 857/1299/2990 854/1300/2991
f 854/1300/2992 846/1298/2993 853/1297/2994
f 516/717/2995 513/735/2996 512/697/2997
f 512/697/2998 515/696/2999 516/717/3000
f 837/1293/3001 839/1301/3002 838/1302/3003
f 838/1302/3004 832/1303/3005 837/1293/3006
f 839/1301/3007 847/1304/3008 840/1305/3009
f 840/1305/3010 838/1302/3011 839/1301/3012
f 1039/1306/3013 1042/964/3014 1040/967/3015
f 1040/967/3016 1032/1307/3017 1039/1306/3018
f 1284/1308/3019 1292/1309/3020 1285/1310/3021
f 1285/1310/3022 1282/1296/3023 1284/1308/3024
f 806/1311/3025 807/1312/3026 800/1313/3027
f 800/1313/3028 799/1314/3029 806/1311/3030
f 814/1315/3031 815/1316/3032 807/1312/3033
f 807/1312/3034 806/1311/3035 814/1315/3036
f 2375/1317/3037 2383/1318/3038 2376/1319/3039
f 2376/1319/3040 2368/1320/3041 2375/1317/3042
f 1207/1321/3043 1210/698/3044 1209/701/3045
f 1209/701/3046 1208/1322/3047 1207/1321/3048
f 807/1312/3049 808/1323/3050 801/725/3051
f 801/725/3052 800/1313/3053 807/1312/3054
f 2231/1324/3055 2236/1325/3056 2232/1326/3057
f 2232/1326/3058 2224/1327/3059 2231/1324/3060
f 437/583/3061 431/571/3062 430/555/3063
f 430/555/3064 436/573/3065 437/583/3066
f 2559/1328/3067 2560/1329/3068 2553/1330/3069
f 2553/1330/3070 2551/1331/3071 2559/1328/3072
f 589/864/3073 591/876/3074 590/1332/3075
f 590/1332/3076 588/1333/3077 589/864/3078
f 2304/1334/3079 2305/1335/3080 2295/1336/3081
f 2295/1336/3082 2303/1337/3083 2304/1334/3084
f 1037/1338/3085 1038/1339/3086 1031/1340/3087
f 1031/1340/3088 1036/1341/3089 1037/1338/3090
f 809/1342/3091 810/1343/3092 804/1344/3093
f 804/1344/3094 808/1323/3095 809/1342/3096
f 816/1345/3097 817/1346/3098 809/1342/3099
f 809/1342/3100 815/1316/3101 816/1345/3102
f 823/1347/3103 818/1348/3104 817/1346/3105
f 817/1346/3106 816/1345/3107 823/1347/3108
f 292/463/3109 294/474/3110 293/380/3111
f 293/380/3112 290/1349/3113 292/463/3114
f 802/726/3115 803/1350/3116 798/1351/3117
f 798/1351/3118 796/727/3119 802/726/3120
f 804/1344/3121 805/1352/3122 803/1350/3123
f 803/1350/3124 802/726/3125 804/1344/3126
f 1201/1353/3127 1203/1354/3128 1202/1355/3129
f 1202/1355/3130 1200/1356/3131 1201/1353/3132
f 1683/1357/3133 1684/1358/3134 1678/1359/3135
f 1678/1359/3136 1675/1360/3137 1683/1357/3138
f 2214/550/3139 2215/549/3140 2208/664/3141
f 2208/664/3142 2206/1361/3143 2214/550/3144
f 812/1362/3145 813/1363/3146 811/1364/3147
f 811/1364/3148 810/1343/3149 812/1362/3150
f 819/1365/3151 820/1366/3152 813/1363/3153
f 813/1363/3154 812/1362/3155 819/1365/3156
f 896/8/3157 897/7/3158 894/841/3159
f 894/841/3160 895/1367/3161 896/8/3162
f 481/838/3163 482/825/3164 465/819/3165
f 465/819/3166 464/824/3167 481/838/3168
f 560/957/3169 552/975/3170 551/791/3171
f 551/791/3172 559/760/3173 560/957/3174
f 918/1368/3175 919/1369/3176 912/1370/3177
f 912/1370/3178 911/1371/3179 918/1368/3180
f 997/1372/3181 994/1373/3182 993/296/3183
f 993/296/3184 996/295/3185 997/1372/3186
f 61/1374/3187 62/93/3188 58/82/3189
f 58/82/3190 55/79/3191 61/1374/3192
f 912/1370/3193 913/1375/3194 905/1376/3195
f 905/1376/3196 904/6/3197 912/1370/3198
f 919/1369/3199 920/1377/3200 913/1375/3201
f 913/1375/3202 912/1370/3203 919/1369/3204
f 920/1377/3205 921/1378/3206 914/1379/3207
f 914/1379/3208 913/1375/3209 920/1377/3210
f 690/1039/3211 697/1041/3212 691/1065/3213
f 691/1065/3214 689/1057/3215 690/1039/3216
f 1312/915/3217 1305/1380/3218 1304/1381/3219
f 1304/1381/3220 1311/1382/3221 1312/915/3222
f 913/1375/3223 914/1379/3224 906/1383/3225
f 906/1383/3226 905/1376/3227 913/1375/3228
f 414/511/3229 424/488/3230 422/491/3231
f 422/491/3232 415/512/3233 414/511/3234
f 1807/1384/3235 1808/1385/3236 1805/1386/3237
f 1805/1386/3238 1806/1387/3239 1807/1384/3240
f 925/1388/3241 926/1389/3242 923/1390/3243
f 923/1390/3244 922/1391/3245 925/1388/3246
f 909/1392/3247 917/1393/3248 910/1394/3249
f 910/1394/3250 908/1395/3251 909/1392/3252
f 906/1383/3253 915/1396/3254 907/1397/3255
f 907/1397/3256 901/1250/3257 906/1383/3258
f 2337/1008/3259 2338/1398/3260 2330/1399/3261
f 2330/1399/3262 2329/945/3263 2337/1008/3264
f 922/1391/3265 923/1390/3266 916/1400/3267
f 916/1400/3268 915/1396/3269 922/1391/3270
f 815/1316/3271 809/1342/3272 808/1323/3273
f 808/1323/3274 807/1312/3275 815/1316/3276
f 2288/1401/3277 2290/1402/3278 2289/1403/3279
f 2289/1403/3280 2287/1404/3281 2288/1401/3282
f 907/1397/3283 909/1392/3284 908/1395/3285
f 908/1395/3286 902/1405/3287 907/1397/3288
f 635/1109/3289 636/1115/3290 633/1406/3291
f 633/1406/3292 634/1110/3293 635/1109/3294
f 2233/1047/3295 2225/662/3296 2224/1327/3297
f 2224/1327/3298 2232/1326/3299 2233/1047/3300
f 229/281/3301 231/292/3302 230/1407/3303
f 230/1407/3304 226/289/3305 229/281/3306
f 869/1408/3307 870/1409/3308 862/433/3309
f 862/433/3310 859/432/3311 869/1408/3312
f 876/1410/3313 877/1411/3314 870/1409/3315
f 870/1409/3316 869/1408/3317 876/1410/3318
f 884/818/3319 885/817/3320 877/1411/3321
f 877/1411/3322 876/1410/3323 884/818/3324
f 862/433/3325 864/1131/3326 863/1412/3327
f 863/1412/3328 860/434/3329 862/433/3330
f 870/1409/3331 871/1128/3332 864/1131/3333
f 864/1131/3334 862/433/3335 870/1409/3336
f 877/1411/3337 878/1413/3338 871/1128/3339
f 871/1128/3340 870/1409/3341 877/1411/3342
f 1948/1414/3343 1956/1415/3344 1949/1284/3345
f 1949/1284/3346 1946/1283/3347 1948/1414/3348
f 576/998/3349 577/1002/3350 572/1018/3351
f 572/1018/3352 571/990/3353 576/998/3354
f 892/1416/3355 893/1417/3356 886/816/3357
f 886/816/3358 891/815/3359 892/1416/3360
f 864/1131/3361 866/1130/3362 865/1418/3363
f 865/1418/3364 863/1412/3365 864/1131/3366
f 283/344/3367 285/356/3368 284/1419/3369
f 284/1419/3370 280/345/3371 283/344/3372
f 1082/1420/3373 1075/994/3374 1079/997/3375
f 1079/997/3376 1081/1016/3377 1082/1420/3378
f 879/1421/3379 880/1151/3380 874/1135/3381
f 874/1135/3382 878/1413/3383 879/1421/3384
f 886/816/3385 887/1422/3386 879/1421/3387
f 879/1421/3388 885/817/3389 886/816/3390
f 893/1417/3391 888/1423/3392 887/1422/3393
f 887/1422/3394 886/816/3395 893/1417/3396
f 2082/1424/3397 2086/1425/3398 2083/1426/3399
f 2083/1426/3400 2075/1427/3401 2082/1424/3402
f 2567/1428/3403 2563/1429/3404 2561/1430/3405
f 2561/1430/3406 2560/1329/3407 2567/1428/3408
f 1240/384/3409 1241/383/3410 1234/1431/3411
f 1234/1431/3412 1232/1432/3413 1240/384/3414
f 880/1151/3415 881/1150/3416 875/1136/3417
f 875/1136/3418 874/1135/3419 880/1151/3420
f 672/1152/3421 673/1433/3422 671/649/3423
f 671/649/3424 670/648/3425 672/1152/3426
f 1184/1434/3427 1185/1435/3428 1179/1436/3429
f 1179/1436/3430 1178/1437/3431 1184/1434/3432
f 2172/1440/3433 2171/1441/3434 2173/1439/3435
f 2173/1439/3436 2174/2431/3437 2172/1440/3438
f 889/1442/3439 890/1443/3440 883/1149/3441
f 883/1149/3442 882/1148/3443 889/1442/3444
f 966/1444/3445 967/1445/3446 964/1446/3447
f 964/1446/3448 965/1447/3449 966/1444/3450
f 974/1448/3451 975/1449/3452 967/1445/3453
f 967/1445/3454 966/1444/3455 974/1448/3456
f 2046/1450/3457 2049/1451/3458 2047/1452/3459
f 2047/1452/3460 2039/1453/3461 2046/1450/3462
f 1992/1454/3463 1986/1455/3464 1985/515/3465
f 1985/515/3466 1991/1456/3467 1992/1454/3468
f 2362/1457/3469 2363/1458/3470 2356/1459/3471
f 2356/1459/3472 2355/1460/3473 2362/1457/3474
f 345/497/3475 353/451/3476 354/450/3477
f 354/450/3478 346/400/3479 345/497/3480
f 1012/1461/3481 1005/1462/3482 1004/1463/3483
f 1004/1463/3484 1011/1464/3485 1012/1461/3486
f 986/1227/3487 983/1162/3488 982/992/3489
f 982/992/3490 985/520/3491 986/1227/3492
f 994/1373/3493 986/1227/3494 985/520/3495
f 985/520/3496 993/296/3497 994/1373/3498
f 932/100/3499 934/1465/3500 933/1466/3501
f 933/1466/3502 930/101/3503 932/100/3504
f 969/1467/3505 971/842/3506 970/845/3507
f 970/845/3508 968/1468/3509 969/1467/3510
f 976/1161/3511 977/1160/3512 971/842/3513
f 971/842/3514 969/1467/3515 976/1161/3516
f 1657/1469/3517 1660/1470/3518 1658/1471/3519
f 1658/1471/3520 1659/1472/3521 1657/1469/3522
f 905/1376/3523 906/1383/3524 901/1250/3525
f 901/1250/3526 899/839/3527 905/1376/3528
f 989/1473/3529 987/1226/3530 986/1227/3531
f 986/1227/3532 994/1373/3533 989/1473/3534
f 1357/1474/3535 1352/1475/3536 1351/1476/3537
f 1351/1476/3538 1356/1080/3539 1357/1474/3540
f 977/1160/3541 978/1477/3542 973/843/3543
f 973/843/3544 971/842/3545 977/1160/3546
f 977/1160/3547 980/1159/3548 979/1478/3549
f 979/1478/3550 978/1477/3551 977/1160/3552
f 764/1157/3553 774/1163/3554 772/1166/3555
f 772/1166/3556 765/1158/3557 764/1157/3558
f 1017/1256/3559 1018/1255/3560 1010/1479/3561
f 1010/1479/3562 1009/420/3563 1017/1256/3564
f 952/1481/3565 958/1482/3566 959/1480/3567
f 959/1480/3568 960/1485/3569 952/1481/3570
f 991/1483/3571 989/1473/3572 994/1373/3573
f 994/1373/3574 997/1372/3575 991/1483/3576
f 960/1485/3577 961/1486/3578 944/952/3579
f 944/952/3580 952/1481/3581 960/1485/3582
f 507/734/3583 510/733/3584 509/754/3585
f 509/754/3586 508/797/3587 507/734/3588
f 327/369/3589 329/417/3590 328/1487/3591
f 328/1487/3592 324/370/3593 327/369/3594
f 939/1488/3595 940/1489/3596 932/100/3597
f 932/100/3598 929/99/3599 939/1488/3600
f 696/1042/3601 693/719/3602 692/722/3603
f 692/722/3604 695/1139/3605 696/1042/3606
f 953/1490/3607 954/1491/3608 948/1492/3609
f 948/1492/3610 947/1493/3611 953/1490/3612
f 597/875/3613 600/877/3614 599/893/3615
f 599/893/3616 598/886/3617 597/875/3618
f 940/1489/3619 941/1494/3620 934/1465/3621
f 934/1465/3622 932/100/3623 940/1489/3624
f 1162/1185/3625 1164/989/3626 1163/988/3627
f 1163/988/3628 1160/1495/3629 1162/1185/3630
f 2539/1496/3631 2540/1497/3632 2533/1498/3633
f 2533/1498/3634 2532/1499/3635 2539/1496/3636
f 957/1500/3637 951/1501/3638 950/109/3639
f 950/109/3640 956/108/3641 957/1500/3642
f 935/1502/3643 936/1503/3644 933/1466/3645
f 933/1466/3646 934/1465/3647 935/1502/3648
f 942/1504/3649 935/1502/3650 934/1465/3651
f 934/1465/3652 941/1494/3653 942/1504/3654
f 950/109/3655 942/1504/3656 941/1494/3657
f 941/1494/3658 949/110/3659 950/109/3660
f 937/954/3661 938/1505/3662 936/1503/3663
f 936/1503/3664 935/1502/3665 937/954/3666
f 658/1100/3667 659/1140/3668 652/1125/3669
f 652/1125/3670 651/1101/3671 658/1100/3672
f 951/1501/3673 943/955/3674 942/1504/3675
f 942/1504/3676 950/109/3677 951/1501/3678
f 958/1482/3679 952/1481/3680 951/1501/3681
f 951/1501/3682 957/1500/3683 958/1482/3684
f 789/1507/3685 792/1508/3686 790/1509/3687
f 790/1509/3688 791/1510/3689 789/1507/3690
f 945/953/3691 946/1511/3692 938/1505/3693
f 938/1505/3694 937/954/3695 945/953/3696
f 2574/1512/3697 2568/1513/3698 2567/1428/3699
f 2567/1428/3700 2566/1514/3701 2574/1512/3702
f 1068/1515/3703 1069/1516/3704 1061/1517/3705
f 1061/1517/3706 1067/1518/3707 1068/1515/3708
f 962/1519/3709 963/1520/3710 946/1511/3711
f 946/1511/3712 945/953/3713 962/1519/3714
f 961/1486/3715 962/1519/3716 945/953/3717
f 945/953/3718 944/952/3719 961/1486/3720
f 1046/891/3721 1047/890/3722 1044/1523/3723
f 1044/1523/3724 1045/1570/3725 1046/891/3726
f 1717/1524/3727 1720/1525/3728 1719/1526/3729
f 1719/1526/3730 1718/1527/3731 1717/1524/3732
f 2330/1399/3733 2331/1528/3734 2325/1529/3735
f 2325/1529/3736 2323/1530/3737 2330/1399/3738
f 2305/1335/3739 2312/1531/3740 2298/1532/3741
f 2298/1532/3742 2296/1533/3743 2305/1335/3744
f 1004/1463/3745 1002/421/3746 1010/1479/3747
f 1010/1479/3748 1011/1464/3749 1004/1463/3750
f 1051/1534/3751 1049/1535/3752 1056/1098/3753
f 1056/1098/3754 1057/1097/3755 1051/1534/3756
f 1063/1099/3757 1056/1098/3758 1055/889/3759
f 1055/889/3760 1062/1536/3761 1063/1099/3762
f 1066/1537/3763 1063/1099/3764 1062/1536/3765
f 1062/1536/3766 1065/1538/3767 1066/1537/3768
f 1074/995/3769 1066/1537/3770 1065/1538/3771
f 1065/1538/3772 1073/996/3773 1074/995/3774
f 1819/1539/3775 1820/1540/3776 1817/1541/3777
f 1817/1541/3778 1818/1542/3779 1819/1539/3780
f 1049/1535/3781 1051/1534/3782 1050/1543/3783
f 1050/1543/3784 1048/1522/3785 1049/1535/3786
f 279/1544/3787 275/365/3788 274/361/3789
f 274/361/3790 278/360/3791 279/1544/3792
f 1067/1518/3793 1060/1096/3794 1063/1099/3795
f 1063/1099/3796 1066/1537/3797 1067/1518/3798
f 521/695/3799 524/1273/3800 522/718/3801
f 522/718/3802 515/696/3803 521/695/3804
f 1075/994/3805 1070/1545/3806 1068/1515/3807
f 1068/1515/3808 1074/995/3809 1075/994/3810
f 2430/634/3811 2436/1546/3812 2431/1547/3813
f 2431/1547/3814 2429/1275/3815 2430/634/3816
f 1051/1534/3817 1053/1548/3818 1052/1549/3819
f 1052/1549/3820 1050/1543/3821 1051/1534/3822
f 1025/1254/3823 1026/1550/3824 1019/1551/3825
f 1019/1551/3826 1018/1255/3827 1025/1254/3828
f 1057/1097/3829 1060/1096/3830 1059/1552/3831
f 1059/1552/3832 1058/1553/3833 1057/1097/3834
f 1060/1096/3835 1067/1518/3836 1061/1517/3837
f 1061/1517/3838 1059/1552/3839 1060/1096/3840
f 2420/676/3841 2415/675/3842 2414/507/3843
f 2414/507/3844 2413/1554/3845 2420/676/3846
f 1070/1545/3847 1071/1555/3848 1069/1516/3849
f 1069/1516/3850 1068/1515/3851 1070/1545/3852
f 617/1556/3853 619/917/3854 618/920/3855
f 618/920/3856 610/1557/3857 617/1556/3858
f 878/1413/3859 874/1135/3860 872/1129/3861
f 872/1129/3862 871/1128/3863 878/1413/3864
f 2203/1558/3865 2204/796/3866 2198/1559/3867
f 2198/1559/3868 2196/1560/3869 2203/1558/3870
f 1077/1561/3871 1071/1555/3872 1070/1545/3873
f 1070/1545/3874 1076/1562/3875 1077/1561/3876
f 1084/1563/3877 1077/1561/3878 1076/1562/3879
f 1076/1562/3880 1083/1564/3881 1084/1563/3882
f 2005/1565/3883 2006/1167/3884 1999/1169/3885
f 1999/1169/3886 1998/1566/3887 2005/1565/3888
f 1087/1567/3889 1082/1420/3890 1081/1016/3891
f 1081/1016/3892 1086/1568/3893 1087/1567/3894
f 800/1313/3895 801/725/3896 794/728/3897
f 794/728/3898 792/1508/3899 800/1313/3900
f 1085/1015/3901 1088/1569/3902 1086/1568/3903
f 1086/1568/3904 1081/1016/3905 1085/1015/3906
f 2416/1571/3907 2411/45/3908 2409/1572/3909
f 2409/1572/3910 2408/508/3911 2416/1571/3912
f 2573/1573/3913 2574/1512/3914 2566/1514/3915
f 2566/1514/3916 2565/1574/3917 2573/1573/3918
f 1313/914/3919 1307/1037/3920 1305/1380/3921
f 1305/1380/3922 1312/915/3923 1313/914/3924
f 1002/421/3925 1004/1463/3926 1003/1575/3927
f 1003/1575/3928 1000/422/3929 1002/421/3930
f 1361/1079/3931 1360/1082/3932 1367/1576/3933
f 1367/1576/3934 1368/1896/3935 1361/1079/3936
f 1057/1097/3937 1058/1553/3938 1053/1548/3939
f 1053/1548/3940 1051/1534/3941 1057/1097/3942
f 1767/1578/3943 1768/1579/3944 1764/1580/3945
f 1764/1580/3946 1766/1581/3947 1767/1578/3948
f 393/678/3949 394/677/3950 376/1582/3951
f 376/1582/3952 375/657/3953 393/678/3954
f 1005/1462/3955 1006/1583/3956 1003/1575/3957
f 1003/1575/3958 1004/1463/3959 1005/1462/3960
f 1861/1584/3961 1863/1585/3962 1862/1586/3963
f 1862/1586/3964 1858/1587/3965 1861/1584/3966
f 1020/1588/3967 1012/1461/3968 1011/1464/3969
f 1011/1464/3970 1019/1551/3971 1020/1588/3972
f 1007/1589/3973 1008/1590/3974 1006/1583/3975
f 1006/1583/3976 1005/1462/3977 1007/1589/3978
f 1839/1591/3979 1840/1592/3980 1832/1593/3981
f 1832/1593/3982 1831/1594/3983 1839/1591/3984
f 2561/1430/3985 2562/1595/3986 2557/1011/3987
f 2557/1011/3988 2555/1010/3989 2561/1430/3990
f 1028/1596/3991 1029/1597/3992 1022/1598/3993
f 1022/1598/3994 1021/1599/3995 1028/1596/3996
f 2126/407/3997 2128/1204/3998 2127/1600/3999
f 2127/1600/4000 2123/1601/4001 2126/407/4002
f 1015/1602/4003 1016/1603/4004 1008/1590/4005
f 1008/1590/4006 1007/1589/4007 1015/1602/4008
f 705/1068/4009 704/1604/4010 703/1073/4011
f 703/1073/4012 709/1069/4013 705/1068/4014
f 1021/1599/4015 1022/1598/4016 1014/1605/4017
f 1014/1605/4018 1013/1606/4019 1021/1599/4020
f 1229/1607/4021 1232/1432/4022 1230/1608/4023
f 1230/1608/4024 1231/1609/4025 1229/1607/4026
f 1031/1340/4027 1032/1307/4028 1023/1610/4029
f 1023/1610/4030 1030/1611/4031 1031/1340/4032
f 1337/1022/4033 1339/1021/4034 1338/1612/4035
f 1338/1612/4036 1335/1613/4037 1337/1022/4038
f 1033/1614/4039 1034/1615/4040 1016/1603/4041
f 1016/1603/4042 1015/1602/4043 1033/1614/4044
f 1023/1610/4045 1033/1614/4046 1015/1602/4047
f 1015/1602/4048 1014/1605/4049 1023/1610/4050
f 1040/967/4051 1041/966/4052 1034/1615/4053
f 1034/1615/4054 1033/1614/4055 1040/967/4056
f 2255/1616/4057 2256/1617/4058 2249/1618/4059
f 2249/1618/4060 2248/1619/4061 2255/1616/4062
f 1038/1339/4063 1039/1306/4064 1032/1307/4065
f 1032/1307/4066 1031/1340/4067 1038/1339/4068
f 2033/1620/4069 2041/1621/4070 2034/1622/4071
f 2034/1622/4072 2032/1623/4073 2033/1620/4074
f 1836/1280/4075 1829/1624/4076 1828/1625/4077
f 1828/1625/4078 1835/1626/4079 1836/1280/4080
f 362/597/4081 364/630/4082 363/629/4083
f 363/629/4084 360/598/4085 362/597/4086
f 2540/1497/4087 2544/1627/4088 2541/475/4089
f 2541/475/4090 2533/1498/4091 2540/1497/4092
f 2438/1628/4093 2446/1629/4094 2439/1630/4095
f 2439/1630/4096 2437/1631/4097 2438/1628/4098
f 1685/590/4099 1679/65/4100 1678/1359/4101
f 1678/1359/4102 1684/1358/4103 1685/590/4104
f 1567/1632/4105 1568/1633/4106 1564/1634/4107
f 1564/1634/4108 1561/1635/4109 1567/1632/4110
f 1097/1636/4111 1098/1637/4112 1096/1638/4113
f 1096/1638/4114 1095/763/4115 1097/1636/4116
f 663/651/4117 664/650/4118 646/1123/4119
f 646/1123/4120 645/1122/4121 663/651/4122
f 2024/1639/4123 2031/1640/4124 2025/1641/4125
f 2025/1641/4126 2023/1642/4127 2024/1639/4128
f 1143/1643/4129 1136/1217/4130 1135/1216/4131
f 1135/1216/4132 1142/470/4133 1143/1643/4134
f 1143/1643/4135 1146/469/4136 1147/1644/4137
f 1147/1644/4138 1140/1652/4139 1143/1643/4140
f 1146/469/4141 1154/639/4142 1149/1645/4143
f 1149/1645/4144 1147/1644/4145 1146/469/4146
f 1153/640/4147 1145/472/4148 1152/1646/4149
f 1152/1646/4150 1155/1671/4151 1153/640/4152
f 1105/1647/4153 1106/1648/4154 1098/1637/4155
f 1098/1637/4156 1097/1636/4157 1105/1647/4158
f 810/1343/4159 811/1364/4160 805/1352/4161
f 805/1352/4162 804/1344/4163 810/1343/4164
f 783/1257/4165 786/1260/4166 787/1649/4167
f 787/1649/4168 784/1194/4169 783/1257/4170
f 49/52/4171 51/76/4172 50/1650/4173
f 50/1650/4174 46/53/4175 49/52/4176
f 1140/1652/4177 1147/1644/4178 1141/1651/4179
f 1141/1651/4180 1139/1660/4181 1140/1652/4182
f 1178/1437/4183 1179/1436/4184 1171/1653/4185
f 1171/1653/4186 1170/1184/4187 1178/1437/4188
f 1131/1654/4189 1133/1655/4190 1132/1656/4191
f 1132/1656/4192 1130/1657/4193 1131/1654/4194
f 1137/1658/4195 1138/1659/4196 1133/1655/4197
f 1133/1655/4198 1131/1654/4199 1137/1658/4200
f 1137/1658/4201 1140/1652/4202 1139/1660/4203
f 1139/1660/4204 1138/1659/4205 1137/1658/4206
f 1110/1662/4207 1116/1663/4208 1117/1661/4209
f 1117/1661/4210 1111/1665/4211 1110/1662/4212
f 1111/1665/4213 1117/1661/4214 1118/1664/4215
f 1118/1664/4216 1112/1667/4217 1111/1665/4218
f 1112/1667/4219 1118/1664/4220 1119/1666/4221
f 1119/1666/4222 1120/1706/4223 1112/1667/4224
f 1149/1645/4225 1151/638/4226 1150/1668/4227
f 1150/1668/4228 1148/1697/4229 1149/1645/4230
f 397/1669/4231 398/1670/4232 391/670/4233
f 391/670/4234 396/669/4235 397/1669/4236
f 1156/1672/4237 1153/640/4238 1155/1671/4239
f 1155/1671/4240 1158/1707/4241 1156/1672/4242
f 1122/1673/4243 1123/1674/4244 1106/1648/4245
f 1106/1648/4246 1105/1647/4247 1122/1673/4248
f 1089/1675/4249 1092/1676/4250 1090/1677/4251
f 1090/1677/4252 1091/1678/4253 1089/1675/4254
f 1099/1679/4255 1100/1680/4256 1092/1676/4257
f 1092/1676/4258 1089/1675/4259 1099/1679/4260
f 1107/1681/4261 1108/404/4262 1100/1680/4263
f 1100/1680/4264 1099/1679/4265 1107/1681/4266
f 2446/1629/4267 2456/1682/4268 2447/1683/4269
f 2447/1683/4270 2439/1630/4271 2446/1629/4272
f 1092/1676/4273 1094/764/4274 1093/1684/4275
f 1093/1684/4276 1090/1677/4277 1092/1676/4278
f 1100/1680/4279 1101/765/4280 1094/764/4281
f 1094/764/4282 1092/1676/4283 1100/1680/4284
f 1108/404/4285 1109/403/4286 1101/765/4287
f 1101/765/4288 1100/1680/4289 1108/404/4290
f 337/415/4291 338/479/4292 333/1685/4293
f 333/1685/4294 331/416/4295 337/415/4296
f 282/343/4297 288/1686/4298 287/354/4299
f 287/354/4300 283/344/4301 282/343/4302
f 1095/763/4303 1096/1638/4304 1093/1684/4305
f 1093/1684/4306 1094/764/4307 1095/763/4308
f 496/1687/4309 497/790/4310 494/1688/4311
f 494/1688/4312 495/1689/4313 496/1687/4314
f 1110/1662/4315 1102/762/4316 1101/765/4317
f 1101/765/4318 1109/403/4319 1110/1662/4320
f 1103/1690/4321 1097/1636/4322 1095/763/4323
f 1095/763/4324 1102/762/4325 1103/1690/4326
f 2081/1691/4327 2082/1424/4328 2075/1427/4329
f 2075/1427/4330 2074/1692/4331 2081/1691/4332
f 1747/1693/4333 1748/1694/4334 1745/1695/4335
f 1745/1695/4336 1746/1696/4337 1747/1693/4338
f 1148/1697/4339 1141/1651/4340 1147/1644/4341
f 1147/1644/4342 1149/1645/4343 1148/1697/4344
f 1103/1690/4345 1111/1665/4346 1112/1667/4347
f 1112/1667/4348 1104/1705/4349 1103/1690/4350
f 926/1389/4351 928/1698/4352 927/1699/4353
f 927/1699/4354 923/1390/4355 926/1389/4356
f 607/543/4357 600/877/4358 603/865/4359
f 603/865/4360 606/544/4361 607/543/4362
f 954/1491/4363 955/111/4364 949/110/4365
f 949/110/4366 948/1492/4367 954/1491/4368
f 1639/1700/4369 1642/1701/4370 1640/1702/4371
f 1640/1702/4372 1641/1703/4373 1639/1700/4374
f 1105/1647/4375 1104/1705/4376 1121/1704/4377
f 1121/1704/4378 1122/1673/4379 1105/1647/4380
f 1528/1708/4381 1530/1709/4382 1529/1710/4383
f 1529/1710/4384 1525/1711/4385 1528/1708/4386
f 1204/1712/4387 1205/692/4388 1197/899/4389
f 1197/899/4390 1196/1713/4391 1204/1712/4392
f 1204/1712/4393 1214/1714/4394 1212/693/4395
f 1212/693/4396 1205/692/4397 1204/1712/4398
f 1632/1715/4399 1633/935/4400 1630/938/4401
f 1630/938/4402 1631/1716/4403 1632/1715/4404
f 1197/899/4405 1199/898/4406 1198/1717/4407
f 1198/1717/4408 1194/1718/4409 1197/899/4410
f 2293/926/4411 2294/1719/4412 2288/1401/4413
f 2288/1401/4414 2286/927/4415 2293/926/4416
f 550/792/4417 551/791/4418 544/941/4419
f 544/941/4420 542/933/4421 550/792/4422
f 1216/930/4423 1213/690/4424 1212/693/4425
f 1212/693/4426 1215/1276/4427 1216/930/4428
f 547/682/4429 548/983/4430 546/1720/4431
f 546/1720/4432 545/974/4433 547/682/4434
f 1222/1721/4435 1225/1722/4436 1223/1277/4437
f 1223/1277/4438 1215/1276/4439 1222/1721/4440
f 822/1723/4441 823/1347/4442 816/1345/4443
f 816/1345/4444 821/1724/4445 822/1723/4446
f 1206/691/4447 1207/1321/4448 1201/1353/4449
f 1201/1353/4450 1199/898/4451 1206/691/4452
f 1210/698/4453 1207/1321/4454 1206/691/4455
f 1206/691/4456 1213/690/4457 1210/698/4458
f 1217/699/4459 1210/698/4460 1213/690/4461
f 1213/690/4462 1216/930/4463 1217/699/4464
f 2202/1725/4465 2203/1558/4466 2196/1560/4467
f 2196/1560/4468 2195/1726/4469 2202/1725/4470
f 1971/1026/4471 1972/1025/4472 1970/1727/4473
f 1970/1727/4474 1969/1728/4475 1971/1026/4476
f 1207/1321/4477 1208/1322/4478 1203/1354/4479
f 1203/1354/4480 1201/1353/4481 1207/1321/4482
f 2003/1729/4483 2004/1730/4484 2002/1731/4485
f 2002/1731/4486 2001/375/4487 2003/1729/4488
f 651/1101/4489 643/1116/4490 642/1108/4491
f 642/1108/4492 650/1102/4493 651/1101/4494
f 2393/742/4495 2395/741/4496 2394/1732/4497
f 2394/1732/4498 2392/1733/4499 2393/742/4500
f 1219/929/4501 1221/1734/4502 1220/1735/4503
f 1220/1735/4504 1218/1092/4505 1219/929/4506
f 1221/1734/4507 1219/929/4508 1224/931/4509
f 1224/931/4510 1227/1736/4511 1221/1734/4512
f 1321/1737/4513 1327/1738/4514 1322/1046/4515
f 1322/1046/4516 1316/1045/4517 1321/1737/4518
f 1225/1722/4519 1228/1739/4520 1226/1740/4521
f 1226/1740/4522 1223/1277/4523 1225/1722/4524
f 1159/1186/4525 1162/1185/4526 1160/1495/4527
f 1160/1495/4528 1161/1741/4529 1159/1186/4530
f 2522/1742/4531 2523/1743/4532 2516/894/4533
f 2516/894/4534 2515/1744/4535 2522/1742/4536
f 1177/1745/4537 1178/1437/4538 1170/1184/4539
f 1170/1184/4540 1169/1183/4541 1177/1745/4542
f 1183/1746/4543 1184/1434/4544 1178/1437/4545
f 1178/1437/4546 1177/1745/4547 1183/1746/4548
f 1878/666/4549 1886/1747/4550 1879/1748/4551
f 1879/1748/4552 1876/667/4553 1878/666/4554
f 1170/1184/4555 1171/1653/4556 1164/989/4557
f 1164/989/4558 1162/1185/4559 1170/1184/4560
f 1199/898/4561 1201/1353/4562 1200/1356/4563
f 1200/1356/4564 1198/1717/4565 1199/898/4566
f 888/1423/4567 889/1442/4568 882/1148/4569
f 882/1148/4570 887/1422/4571 888/1423/4572
f 1186/1749/4573 1180/623/4574 1179/1436/4575
f 1179/1436/4576 1185/1435/4577 1186/1749/4578
f 1187/1750/4579 1181/620/4580 1180/623/4581
f 1180/623/4582 1186/1749/4583 1187/1750/4584
f 1477/1751/4585 1478/1752/4586 1476/1753/4587
f 1476/1753/4588 1474/1754/4589 1477/1751/4590
f 2041/1621/4591 2033/1620/4592 2037/1755/4593
f 2037/1755/4594 2040/1756/4595 2041/1621/4596
f 2358/1757/4597 2360/1758/4598 2359/1759/4599
f 2359/1759/4600 2357/1760/4601 2358/1757/4602
f 1167/1761/4603 1168/1762/4604 1166/987/4605
f 1166/987/4606 1165/986/4607 1167/1761/4608
f 2316/1763/4609 2312/1531/4610 2311/849/4611
f 2311/849/4612 2315/848/4613 2316/1763/4614
f 1771/1764/4615 1767/1578/4616 1766/1581/4617
f 1766/1581/4618 1770/430/4619 1771/1764/4620
f 1188/1765/4621 1182/1766/4622 1181/620/4623
f 1181/620/4624 1187/1750/4625 1188/1765/4626
f 572/1018/4627 573/1017/4628 556/982/4629
f 556/982/4630 555/681/4631 572/1018/4632
f 777/1192/4633 779/1193/4634 778/1207/4635
f 778/1207/4636 771/1767/4637 777/1192/4638
f 1174/1768/4639 1175/98/4640 1167/1761/4641
f 1167/1761/4642 1173/621/4643 1174/1768/4644
f 1182/1766/4645 1174/1768/4646 1173/621/4647
f 1173/621/4648 1181/620/4649 1182/1766/4650
f 2560/1329/4651 2561/1430/4652 2555/1010/4653
f 2555/1010/4654 2553/1330/4655 2560/1329/4656
f 1191/1769/4657 1192/95/4658 1175/98/4659
f 1175/98/4660 1174/1768/4661 1191/1769/4662
f 552/975/4663 545/974/4664 544/941/4665
f 544/941/4666 551/791/4667 552/975/4668
f 1266/1770/4669 1267/1771/4670 1264/1772/4671
f 1264/1772/4672 1265/1773/4673 1266/1770/4674
f 1127/1118/4675 1129/1218/4676 1128/1774/4677
f 1128/1774/4678 1124/1119/4679 1127/1118/4680
f 1274/1775/4681 1284/1308/4682 1282/1296/4683
f 1282/1296/4684 1275/1295/4685 1274/1775/4686
f 2143/1776/4687 2151/1777/4688 2144/1778/4689
f 2144/1778/4690 2135/1202/4691 2143/1776/4692
f 1022/1598/4693 1030/1611/4694 1023/1610/4695
f 1023/1610/4696 1014/1605/4697 1022/1598/4698
f 1275/1295/4699 1276/1294/4700 1269/624/4701
f 1269/624/4702 1267/1771/4703 1275/1295/4704
f 845/610/4705 846/1298/4706 839/1301/4707
f 839/1301/4708 837/1293/4709 845/610/4710
f 1853/1779/4711 1854/970/4712 1846/973/4713
f 1846/973/4714 1852/1780/4715 1853/1779/4716
f 335/373/4717 336/396/4718 329/417/4719
f 329/417/4720 327/369/4721 335/373/4722
f 1292/1309/4723 1295/1781/4724 1293/1782/4725
f 1293/1782/4726 1285/1310/4727 1292/1309/4728
f 1931/263/4729 1933/1187/4730 1932/1783/4731
f 1932/1783/4732 1928/1784/4733 1931/263/4734
f 1276/1294/4735 1277/424/4736 1271/427/4737
f 1271/427/4738 1269/624/4739 1276/1294/4740
f 1280/350/4741 1277/424/4742 1276/1294/4743
f 1276/1294/4744 1283/688/4745 1280/350/4746
f 904/6/4747 905/1376/4748 899/839/4749
f 899/839/4750 897/7/4751 904/6/4752
f 733/1175/4753 727/1174/4754 725/1241/4755
f 725/1241/4756 732/1244/4757 733/1175/4758
f 1271/427/4759 1273/426/4760 1272/1785/4761
f 1272/1785/4762 1270/625/4763 1271/427/4764
f 952/1481/4765 944/952/4766 943/955/4767
f 943/955/4768 951/1501/4769 952/1481/4770
f 2141/768/4771 2142/1787/4772 2134/1201/4773
f 2134/1201/4774 2133/406/4775 2141/768/4776
f 1287/351/4777 1289/1788/4778 1288/1789/4779
f 1288/1789/4780 1281/352/4781 1287/351/4782
f 1252/1197/4783 1258/1196/4784 1259/1790/4785
f 1259/1790/4786 1260/1112/4787 1252/1197/4788
f 1291/1792/4789 1289/1788/4790 1294/1791/4791
f 1294/1791/4792 1297/1794/4793 1291/1792/4794
f 1297/1794/4795 1294/1791/4796 1293/1782/4797
f 1293/1782/4798 1296/1795/4799 1297/1794/4800
f 1296/1795/4801 1293/1782/4802 1295/1781/4803
f 1295/1781/4804 1298/1837/4805 1296/1795/4806
f 831/1105/4807 837/1293/4808 832/1303/4809
f 832/1303/4810 830/1106/4811 831/1105/4812
f 1239/1797/4813 1240/384/4814 1232/1432/4815
f 1232/1432/4816 1229/1607/4817 1239/1797/4818
f 1247/1095/4819 1248/381/4820 1240/384/4821
f 1240/384/4822 1239/1797/4823 1247/1095/4824
f 1421/1798/4825 1422/1799/4826 1418/1800/4827
f 1418/1800/4828 1417/1801/4829 1421/1798/4830
f 1232/1432/4831 1234/1431/4832 1233/1802/4833
f 1233/1802/4834 1230/1608/4835 1232/1432/4836
f 2435/633/4837 2444/1075/4838 2436/1546/4839
f 2436/1546/4840 2430/634/4841 2435/633/4842
f 1826/1803/4843 1828/1625/4844 1827/1804/4845
f 1827/1804/4846 1824/1805/4847 1826/1803/4848
f 1254/1094/4849 1255/1806/4850 1249/382/4851
f 1249/382/4852 1248/381/4853 1254/1094/4854
f 1256/1807/4855 1250/1808/4856 1249/382/4857
f 1249/382/4858 1255/1806/4859 1256/1807/4860
f 1257/1199/4861 1251/1198/4862 1250/1808/4863
f 1250/1808/4864 1256/1807/4865 1257/1199/4866
f 2508/1809/4867 2509/1810/4868 2501/1811/4869
f 2501/1811/4870 2500/1812/4871 2508/1809/4872
f 2321/946/4873 2323/1530/4874 2322/1813/4875
f 2322/1813/4876 2319/1814/4877 2321/946/4878
f 2236/1325/4879 2237/1815/4880 2235/1816/4881
f 2235/1816/4882 2232/1326/4883 2236/1325/4884
f 1237/394/4885 1238/393/4886 1236/1817/4887
f 1236/1817/4888 1235/1818/4889 1237/394/4890
f 1883/1819/4891 1885/1820/4892 1884/1821/4893
f 1884/1821/4894 1882/1822/4895 1883/1819/4896
f 1251/1198/4897 1243/1823/4898 1242/1824/4899
f 1242/1824/4900 1250/1808/4901 1251/1198/4902
f 1925/115/4903 1926/1825/4904 1909/1827/4905
f 1909/1827/4906 1908/116/4907 1925/115/4908
f 2398/1828/4909 2399/1829/4910 2391/503/4911
f 2391/503/4912 2388/502/4913 2398/1828/4914
f 2534/477/4915 2535/476/4916 2528/1830/4917
f 2528/1830/4918 2526/1831/4919 2534/477/4920
f 1244/1111/4921 1245/391/4922 1237/394/4923
f 1237/394/4924 1243/1823/4925 1244/1111/4926
f 1252/1197/4927 1244/1111/4928 1243/1823/4929
f 1243/1823/4930 1251/1198/4931 1252/1197/4932
f 1689/1832/4933 1697/1833/4934 1694/1834/4935
f 1694/1834/4936 1690/1835/4937 1689/1832/4938
f 1953/533/4939 1951/532/4940 1950/1281/4941
f 1950/1281/4942 1958/1836/4943 1953/533/4944
f 1036/1341/4945 1031/1340/4946 1030/1611/4947
f 1030/1611/4948 1035/1838/4949 1036/1341/4950
f 517/752/4951 510/733/4952 513/735/4953
f 513/735/4954 516/717/4955 517/752/4956
f 2571/1839/4957 2572/1840/4958 2570/1841/4959
f 2570/1841/4960 2569/1842/4961 2571/1839/4962
f 1353/1843/4963 1358/1844/4964 1354/1845/4965
f 1354/1845/4966 1349/1846/4967 1353/1843/4968
f 1014/1605/4969 1015/1602/4970 1007/1589/4971
f 1007/1589/4972 1013/1606/4973 1014/1605/4974
f 2216/663/4975 2226/1048/4976 2217/1847/4977
f 2217/1847/4978 2209/1848/4979 2216/663/4980
f 1350/1849/4981 1346/1020/4982 1345/1019/4983
f 1345/1019/4984 1349/1846/4985 1350/1849/4986
f 1355/1081/4987 1350/1849/4988 1349/1846/4989
f 1349/1846/4990 1354/1845/4991 1355/1081/4992
f 1359/1850/4993 1360/1082/4994 1354/1845/4995
f 1354/1845/4996 1358/1844/4997 1359/1850/4998
f 1340/1852/4999 1341/1853/5000 1338/1612/5001
f 1338/1612/5002 1339/1021/5003 1340/1852/5004
f 2233/1047/5005 2234/1854/5006 2228/1855/5007
f 2228/1855/5008 2226/1048/5009 2233/1047/5010
f 1947/1282/5011 1940/562/5012 1939/262/5013
f 1939/262/5014 1946/1283/5015 1947/1282/5016
f 1356/1080/5017 1351/1476/5018 1350/1849/5019
f 1350/1849/5020 1355/1081/5021 1356/1080/5022
f 792/1508/5023 794/728/5024 793/874/5025
f 793/874/5026 790/1509/5027 792/1508/5028
f 1129/1218/5029 1131/1654/5030 1130/1657/5031
f 1130/1657/5032 1128/1774/5033 1129/1218/5034
f 1348/1856/5035 1342/1857/5036 1340/1852/5037
f 1340/1852/5038 1347/1858/5039 1348/1856/5040
f 662/1144/5041 670/648/5042 663/651/5043
f 663/651/5044 653/1127/5045 662/1144/5046
f 1189/1859/5047 1190/1860/5048 1182/1766/5049
f 1182/1766/5050 1188/1765/5051 1189/1859/5052
f 1362/1861/5053 1363/1862/5054 1357/1474/5055
f 1357/1474/5056 1356/1080/5057 1362/1861/5058
f 1319/913/5059 1326/1864/5060 1320/1863/5061
f 1320/1863/5062 1313/914/5063 1319/913/5064
f 1364/1865/5065 1365/1866/5066 1363/1862/5067
f 1363/1862/5068 1362/1861/5069 1364/1865/5070
f 987/1226/5071 989/1473/5072 988/1506/5073
f 988/1506/5074 981/1867/5075 987/1226/5076
f 1320/1863/5077 1330/1869/5078 1331/1868/5079
f 1331/1868/5080 1314/1038/5081 1320/1863/5082
f 1585/1870/5083 1586/1871/5084 1582/460/5085
f 1582/460/5086 1579/1872/5087 1585/1870/5088
f 1332/1873/5089 1315/1036/5090 1314/1038/5091
f 1314/1038/5092 1331/1868/5093 1332/1873/5094
f 1301/1874/5095 1302/1875/5096 1299/1876/5097
f 1299/1876/5098 1300/1877/5099 1301/1874/5100
f 1309/1878/5101 1310/1879/5102 1302/1875/5103
f 1302/1875/5104 1301/1874/5105 1309/1878/5106
f 1891/1880/5107 1888/1881/5108 1887/1882/5109
f 1887/1882/5110 1890/1883/5111 1891/1880/5112
f 1227/1736/5113 1224/931/5114 1223/1277/5115
f 1223/1277/5116 1226/1740/5117 1227/1736/5118
f 1302/1875/5119 1304/1381/5120 1303/1884/5121
f 1303/1884/5122 1299/1876/5123 1302/1875/5124
f 1310/1879/5125 1311/1382/5126 1304/1381/5127
f 1304/1381/5128 1302/1875/5129 1310/1879/5130
f 1317/1044/5131 1311/1382/5132 1310/1879/5133
f 1310/1879/5134 1316/1045/5135 1317/1044/5136
f 2186/658/5137 2179/1885/5138 2178/1051/5139
f 2178/1051/5140 2185/1050/5141 2186/658/5142
f 1305/1380/5143 1306/1886/5144 1303/1884/5145
f 1303/1884/5146 1304/1381/5147 1305/1380/5148
f 434/552/5149 426/530/5150 425/490/5151
f 425/490/5152 433/537/5153 434/552/5154
f 1318/916/5155 1312/915/5156 1311/1382/5157
f 1311/1382/5158 1317/1044/5159 1318/916/5160
f 1324/1887/5161 1318/916/5162 1317/1044/5163
f 1317/1044/5164 1323/1043/5165 1324/1887/5166
f 2072/852/5167 2073/1888/5168 2065/1889/5169
f 2065/1889/5170 2064/949/5171 2072/852/5172
f 1847/1890/5173 1848/1891/5174 1842/1211/5175
f 1842/1211/5176 1841/1210/5177 1847/1890/5178
f 2530/1892/5179 2531/1893/5180 2523/1743/5181
f 2523/1743/5182 2522/1742/5183 2530/1892/5184
f 1325/1894/5185 1319/913/5186 1318/916/5187
f 1318/916/5188 1324/1887/5189 1325/1894/5190
f 388/645/5191 381/642/5192 380/644/5193
f 380/644/5194 387/1895/5195 388/645/5196
f 464/824/5197 465/819/5198 457/813/5199
f 457/813/5200 463/812/5201 464/824/5202
f 1289/1788/5203 1287/351/5204 1286/689/5205
f 1286/689/5206 1294/1791/5207 1289/1788/5208
f 1330/1869/5209 1320/1863/5210 1326/1864/5211
f 1326/1864/5212 1329/1897/5213 1330/1869/5214
f 1370/1899/5215 1371/1900/5216 1369/1898/5217
f 1369/1898/5218 1372/1901/5219 1370/1899/5220
f 1373/1902/5221 1370/1899/5222 1372/1901/5223
f 1372/1901/5224 1374/1903/5225 1373/1902/5226
f 1375/1904/5227 1374/1903/5228 1372/1901/5229
f 1372/1901/5230 1376/1905/5231 1375/1904/5232
f 1629/1906/5233 1625/1907/5234 1624/1908/5235
f 1624/1908/5236 1628/1909/5237 1629/1906/5238
f 1378/1910/5239 1379/1911/5240 1380/1912/5241
f 1380/1912/5242 1381/1913/5243 1378/1910/5244
f 1372/1901/5245 1369/1898/5246 1377/1914/5247
f 1377/1914/5248 1376/1905/5249 1372/1901/5250
f 1384/1915/5251 1383/1916/5252 1381/1913/5253
f 1381/1913/5254 1385/1917/5255 1384/1915/5256
f 1386/1918/5257 1385/1917/5258 1381/1913/5259
f 1381/1913/5260 1380/1912/5261 1386/1918/5262
f 1396/1919/5263 1399/751/5264 1397/750/5265
f 1397/750/5266 1398/1920/5267 1396/1919/5268
f 1391/1921/5269 1387/576/5270 1390/575/5271
f 1390/575/5272 1392/1922/5273 1391/1921/5274
f 1407/46/5275 1413/1923/5276 1411/1924/5277
f 1411/1924/5278 1408/47/5279 1407/46/5280
f 1763/1925/5281 1766/1581/5282 1764/1580/5283
f 1764/1580/5284 1765/1926/5285 1763/1925/5286
f 1389/574/5287 1395/1927/5288 1393/1928/5289
f 1393/1928/5290 1390/575/5291 1389/574/5292
f 1399/751/5293 1396/1919/5294 1402/1929/5295
f 1402/1929/5296 1403/1930/5297 1399/751/5298
f 1393/1928/5299 1394/1931/5300 1392/1922/5301
f 1392/1922/5302 1390/575/5303 1393/1928/5304
f 1414/1932/5305 1417/1801/5306 1415/1933/5307
f 1415/1933/5308 1416/1934/5309 1414/1932/5310
f 2150/1935/5311 2155/1936/5312 2151/1777/5313
f 2151/1777/5314 2143/1776/5315 2150/1935/5316
f 470/799/5317 462/806/5318 461/755/5319
f 461/755/5320 469/747/5321 470/799/5322
f 1418/1800/5323 1419/1937/5324 1415/1933/5325
f 1415/1933/5326 1417/1801/5327 1418/1800/5328
f 1705/1938/5329 1706/1939/5330 1704/1940/5331
f 1704/1940/5332 1703/1941/5333 1705/1938/5334
f 1438/1942/5335 1439/1943/5336 1435/1944/5337
f 1435/1944/5338 1432/1945/5339 1438/1942/5340
f 1408/47/5341 1410/1946/5342 1409/1947/5343
f 1409/1947/5344 1405/48/5345 1408/47/5346
f 1411/1924/5347 1412/1948/5348 1410/1946/5349
f 1410/1946/5350 1408/47/5351 1411/1924/5352
f 1423/1949/5353 1424/1950/5354 1425/1951/5355
f 1425/1951/5356 1426/1952/5357 1423/1949/5358
f 1551/1953/5359 1547/1954/5360 1546/56/5361
f 1546/56/5362 1550/811/5363 1551/1953/5364
f 1428/1955/5365 1426/1952/5366 1429/1956/5367
f 1429/1956/5368 1430/1957/5369 1428/1955/5370
f 1429/1956/5371 1426/1952/5372 1425/1951/5373
f 1425/1951/5374 1431/1958/5375 1429/1956/5376
f 1433/1959/5377 1434/1960/5378 1432/1945/5379
f 1432/1945/5380 1435/1944/5381 1433/1959/5382
f 1433/1959/5383 1435/1944/5384 1436/1961/5385
f 1436/1961/5386 1437/1962/5387 1433/1959/5388
f 1426/1952/5389 1428/1955/5390 1427/1963/5391
f 1427/1963/5392 1423/1949/5393 1426/1952/5394
f 1436/1961/5395 1435/1944/5396 1439/1943/5397
f 1439/1943/5398 1440/1964/5399 1436/1961/5400
f 770/482/5401 777/1192/5402 771/1767/5403
f 771/1767/5404 769/1965/5405 770/482/5406
f 1451/1966/5407 1452/1967/5408 1450/1968/5409
f 1450/1968/5410 1449/1969/5411 1451/1966/5412
f 1441/1970/5413 1444/1971/5414 1442/1972/5415
f 1442/1972/5416 1443/1973/5417 1441/1970/5418
f 1462/1974/5419 1465/1975/5420 1463/1976/5421
f 1463/1976/5422 1464/1977/5423 1462/1974/5424
f 1468/1978/5425 1469/1979/5426 1465/1975/5427
f 1465/1975/5428 1462/1974/5429 1468/1978/5430
f 1458/326/5431 1456/325/5432 1459/1980/5433
f 1459/1980/5434 1460/1981/5435 1458/326/5436
f 1459/1980/5437 1456/325/5438 1455/1982/5439
f 1455/1982/5440 1461/1983/5441 1459/1980/5442
f 1785/1984/5443 1786/1985/5444 1784/1986/5445
f 1784/1986/5446 1783/1987/5447 1785/1984/5448
f 1463/1976/5449 1465/1975/5450 1466/1988/5451
f 1466/1988/5452 1467/1989/5453 1463/1976/5454
f 1466/1988/5455 1465/1975/5456 1469/1979/5457
f 1469/1979/5458 1470/1990/5459 1466/1988/5460
f 271/362/5461 274/361/5462 272/367/5463
f 272/367/5464 273/1991/5465 271/362/5466
f 1325/1894/5467 1328/1992/5468 1326/1864/5469
f 1326/1864/5470 1319/913/5471 1325/1894/5472
f 1486/959/5473 1487/1993/5474 1485/1994/5475
f 1485/1994/5476 1483/960/5477 1486/959/5478
f 1483/960/5479 1485/1994/5480 1484/1995/5481
f 1484/1995/5482 1481/1996/5483 1483/960/5484
f 1473/1997/5485 1474/1754/5486 1471/1998/5487
f 1471/1998/5488 1472/1999/5489 1473/1997/5490
f 1027/2000/5491 1020/1588/5492 1019/1551/5493
f 1019/1551/5494 1026/1550/5495 1027/2000/5496
f 2303/1337/5497 2295/1336/5498 2294/1719/5499
f 2294/1719/5500 2302/1288/5501 2303/1337/5502
f 1474/1754/5503 1476/1753/5504 1475/2001/5505
f 1475/2001/5506 1471/1998/5507 1474/1754/5508
f 2582/144/5509 2577/2002/5510 2576/2003/5511
f 2576/2003/5512 2575/145/5513 2582/144/5514
f 1516/2004/5515 1518/2005/5516 1517/2006/5517
f 1517/2006/5518 1514/2007/5519 1516/2004/5520
f 1489/2008/5521 1492/2009/5522 1490/2010/5523
f 1490/2010/5524 1491/2011/5525 1489/2008/5526
f 1492/2009/5527 1494/2012/5528 1493/2013/5529
f 1493/2013/5530 1490/2010/5531 1492/2009/5532
f 2019/541/5533 2020/1059/5534 2013/1062/5535
f 2013/1062/5536 2011/591/5537 2019/541/5538
f 1505/2015/5539 1502/2016/5540 1504/2014/5541
f 1504/2014/5542 1506/2017/5543 1505/2015/5544
f 1501/2018/5545 1504/2014/5546 1502/2016/5547
f 1502/2016/5548 1503/2019/5549 1501/2018/5550
f 1510/2020/5551 1509/2021/5552 1511/2022/5553
f 1511/2022/5554 1512/2023/5555 1510/2020/5556
f 1579/1872/5557 1582/460/5558 1580/459/5559
f 1580/459/5560 1581/2024/5561 1579/1872/5562
f 1523/2025/5563 1524/2026/5564 1522/2027/5565
f 1522/2027/5566 1521/2028/5567 1523/2025/5568
f 1513/2029/5569 1516/2004/5570 1514/2007/5571
f 1514/2007/5572 1515/2030/5573 1513/2029/5574
f 1480/961/5575 1483/960/5576 1481/1996/5577
f 1481/1996/5578 1482/2031/5579 1480/961/5580
f 1632/1715/5581 1638/2032/5582 1637/2033/5583
f 1637/2033/5584 1633/935/5585 1632/1715/5586
f 1542/2034/5587 1540/363/5588 1537/217/5589
f 1537/217/5590 1534/2035/5591 1542/2034/5592
f 773/485/5593 766/484/5594 765/1158/5595
f 765/1158/5596 772/1166/5597 773/485/5598
f 2118/2036/5599 2119/2037/5600 2112/2038/5601
f 2112/2038/5602 2111/2039/5603 2118/2036/5604
f 1527/2040/5605 1528/1708/5606 1525/1711/5607
f 1525/1711/5608 1526/2041/5609 1527/2040/5610
f 1533/2042/5611 1531/2043/5612 1528/1708/5613
f 1528/1708/5614 1527/2040/5615 1533/2042/5616
f 1531/2043/5617 1532/2044/5618 1530/1709/5619
f 1530/1709/5620 1528/1708/5621 1531/2043/5622
f 2062/2045/5623 2063/948/5624 2056/951/5625
f 2056/951/5626 2055/2046/5627 2062/2045/5628
f 1554/2047/5629 1555/2048/5630 1552/2049/5631
f 1552/2049/5632 1553/2050/5633 1554/2047/5634
f 1559/2051/5635 1555/2048/5636 1554/2047/5637
f 1554/2047/5638 1560/2057/5639 1559/2051/5640
f 1555/2048/5641 1557/2054/5642 1556/2055/5643
f 1556/2055/5644 1552/2049/5645 1555/2048/5646
f 846/1298/5647 854/1300/5648 847/1304/5649
f 847/1304/5650 839/1301/5651 846/1298/5652
f 145/969/5653 148/197/5654 146/196/5655
f 146/196/5656 147/2056/5657 145/969/5658
f 259/2058/5659 260/336/5660 256/324/5661
f 256/324/5662 253/321/5663 259/2058/5664
f 2021/1060/5665 2022/2059/5666 2017/2060/5667
f 2017/2060/5668 2015/1061/5669 2021/1060/5670
f 1565/2061/5671 1566/2062/5672 1562/2063/5673
f 1562/2063/5674 1564/1634/5675 1565/2061/5676
f 1573/2064/5677 1575/2065/5678 1574/2066/5679
f 1574/2066/5680 1570/2067/5681 1573/2064/5682
f 1564/1634/5683 1568/1633/5684 1569/2068/5685
f 1569/2068/5686 1565/2061/5687 1564/1634/5688
f 1561/1635/5689 1564/1634/5690 1562/2063/5691
f 1562/2063/5692 1563/2069/5693 1561/1635/5694
f 2105/2070/5695 2106/2071/5696 2099/2072/5697
f 2099/2072/5698 2098/2073/5699 2105/2070/5700
f 1576/2074/5701 1575/2065/5702 1573/2064/5703
f 1573/2064/5704 1577/2075/5705 1576/2074/5706
f 1572/2076/5707 1578/2077/5708 1577/2075/5709
f 1577/2075/5710 1573/2064/5711 1572/2076/5712
f 1590/2078/5713 1591/2079/5714 1588/2080/5715
f 1588/2080/5716 1589/2081/5717 1590/2078/5718
f 1591/2079/5719 1595/2082/5720 1594/2083/5721
f 1594/2083/5722 1593/2085/5723 1591/2079/5724
f 1591/2079/5725 1593/2085/5726 1592/2086/5727
f 1592/2086/5728 1588/2080/5729 1591/2079/5730
f 1140/1652/5731 1137/1658/5732 1136/1217/5733
f 1136/1217/5734 1143/1643/5735 1140/1652/5736
f 967/1445/5737 969/1467/5738 968/1468/5739
f 968/1468/5740 964/1446/5741 967/1445/5742
f 2113/2087/5743 2114/349/5744 2106/2071/5745
f 2106/2071/5746 2105/2070/5747 2113/2087/5748
f 2411/45/5749 2412/44/5750 2410/2089/5751
f 2410/2089/5752 2409/1572/5753 2411/45/5754
f 2588/2588/5755 1619/268/5756 1615/271/5757
f 1615/271/5758 2587/2587/5759 2588/2588/5760
f 133/2090/5761 134/181/5762 130/173/5763
f 130/173/5764 127/170/5765 133/2090/5766
f 2568/1513/5767 2569/1842/5768 2563/1429/5769
f 2563/1429/5770 2567/1428/5771 2568/1513/5772
f 1615/271/5773 1616/2091/5774 2586/2586/5775
f 2586/2586/5776 2587/2587/5777 1615/271/5778
f 1615/271/5779 1618/270/5780 1617/2093/5781
f 1617/2093/5782 1616/2091/5783 1615/271/5784
f 1597/2094/5785 1600/780/5786 1598/2095/5787
f 1598/2095/5788 1599/2096/5789 1597/2094/5790
f 1605/2097/5791 1606/777/5792 1600/780/5793
f 1600/780/5794 1597/2094/5795 1605/2097/5796
f 2064/949/5797 2065/1889/5798 2060/2098/5799
f 2060/2098/5800 2058/950/5801 2064/949/5802
f 175/69/5803 177/226/5804 176/2099/5805
f 176/2099/5806 172/223/5807 175/69/5808
f 2012/2100/5809 2008/2101/5810 2011/591/5811
f 2011/591/5812 2013/1062/5813 2012/2100/5814
f 1603/2102/5815 1604/2103/5816 1602/2104/5817
f 1602/2104/5818 1601/779/5819 1603/2102/5820
f 2051/2105/5821 2048/2106/5822 2047/1452/5823
f 2047/1452/5824 2050/2107/5825 2051/2105/5826
f 1499/2108/5827 1500/2109/5828 1498/1246/5829
f 1498/1246/5830 1497/1245/5831 1499/2108/5832
f 1136/1217/5833 1137/1658/5834 1131/1654/5835
f 1131/1654/5836 1129/1218/5837 1136/1217/5838
f 1633/935/5839 1637/2033/5840 1636/2110/5841
f 1636/2110/5842 1635/936/5843 1633/935/5844
f 1621/2111/5845 1624/1908/5846 1622/2112/5847
f 1622/2112/5848 1623/2113/5849 1621/2111/5850
f 1627/2114/5851 1628/1909/5852 1624/1908/5853
f 1624/1908/5854 1621/2111/5855 1627/2114/5856
f 37/74/5857 40/67/5858 38/61/5859
f 38/61/5860 39/2115/5861 37/74/5862
f 1625/1907/5863 1626/2116/5864 1622/2112/5865
f 1622/2112/5866 1624/1908/5867 1625/1907/5868
f 1650/2117/5869 1651/2118/5870 1648/2119/5871
f 1648/2119/5872 1649/2120/5873 1650/2117/5874
f 1420/2121/5875 1421/1798/5876 1417/1801/5877
f 1417/1801/5878 1414/1932/5879 1420/2121/5880
f 513/735/5881 506/708/5882 505/707/5883
f 505/707/5884 512/697/5885 513/735/5886
f 1651/2118/5887 1655/2122/5888 1654/2123/5889
f 1654/2123/5890 1653/2124/5891 1651/2118/5892
f 743/2125/5893 744/1235/5894 738/1223/5895
f 738/1223/5896 737/1222/5897 743/2125/5898
f 1645/2126/5899 1646/2127/5900 1642/1701/5901
f 1642/1701/5902 1639/1700/5903 1645/2126/5904
f 193/232/5905 195/247/5906 194/2128/5907
f 194/2128/5908 190/244/5909 193/232/5910
f 1643/2129/5911 1644/2130/5912 1640/1702/5913
f 1640/1702/5914 1642/1701/5915 1643/2129/5916
f 1668/2131/5917 1669/2132/5918 1666/2133/5919
f 1666/2133/5920 1667/2134/5921 1668/2131/5922
f 1479/2135/5923 1477/1751/5924 1474/1754/5925
f 1474/1754/5926 1473/1997/5927 1479/2135/5928
f 1669/2132/5929 1671/2136/5930 1670/2137/5931
f 1670/2137/5932 1666/2133/5933 1669/2132/5934
f 1669/2132/5935 1673/2138/5936 1672/2139/5937
f 1672/2139/5938 1671/2136/5939 1669/2132/5940
f 2403/2140/5941 2404/2141/5942 2402/962/5943
f 2402/962/5944 2401/740/5945 2403/2140/5946
f 1277/424/5947 1280/350/5948 1279/353/5949
f 1279/353/5950 1278/425/5951 1277/424/5952
f 1707/2142/5953 1708/2143/5954 1702/2144/5955
f 1702/2144/5956 1699/2145/5957 1707/2142/5958
f 1661/2146/5959 1662/2147/5960 1658/1471/5961
f 1658/1471/5962 1660/1470/5963 1661/2146/5964
f 1689/1832/5965 1690/1835/5966 1687/2148/5967
f 1687/2148/5968 1688/2149/5969 1689/1832/5970
f 2415/675/5971 2416/1571/5972 2408/508/5973
f 2408/508/5974 2414/507/5975 2415/675/5976
f 1697/1833/5977 1698/2150/5978 1696/2151/5979
f 1696/2151/5980 1694/1834/5981 1697/1833/5982
f 1690/1835/5983 1692/2152/5984 1691/2153/5985
f 1691/2153/5986 1687/2148/5987 1690/1835/5988
f 1690/1835/5989 1694/1834/5990 1693/2154/5991
f 1693/2154/5992 1692/2152/5993 1690/1835/5994
f 1694/1834/5995 1696/2151/5996 1695/2155/5997
f 1695/2155/5998 1693/2154/5999 1694/1834/6000
f 2512/2156/6001 2510/2157/6002 2509/1810/6003
f 2509/1810/6004 2508/1809/6005 2512/2156/6006
f 2122/2158/6007 2117/2159/6008 2116/348/6009
f 2116/348/6010 2115/347/6011 2122/2158/6012
f 1403/1930/6013 1404/2160/6014 1400/748/6015
f 1400/748/6016 1399/751/6017 1403/1930/6018
f 1679/65/6019 1680/64/6020 1676/2161/6021
f 1676/2161/6022 1678/1359/6023 1679/65/6024
f 727/1174/6025 728/1182/6026 726/1242/6027
f 726/1242/6028 725/1241/6029 727/1174/6030
f 2594/2594/6031 1721/2163/6032 1717/1524/6033
f 1717/1524/6034 2593/2593/6035 2594/2594/6036
f 1721/2163/6037 1722/2165/6038 1720/1525/6039
f 1720/1525/6040 1717/1524/6041 1721/2163/6042
f 1714/2164/6043 1716/2166/6044 1715/2167/6045
f 1715/2167/6046 1711/2168/6047 1714/2164/6048
f 2285/928/6049 2286/927/6050 2283/2169/6051
f 2283/2169/6052 2284/2170/6053 2285/928/6054
f 527/730/6055 529/387/6056 528/390/6057
f 528/390/6058 520/731/6059 527/730/6060
f 1699/2145/6061 1702/2144/6062 1700/2171/6063
f 1700/2171/6064 1701/2172/6065 1699/2145/6066
f 2084/2173/6067 2085/2174/6068 2082/1424/6069
f 2082/1424/6070 2081/1691/6071 2084/2173/6072
f 1708/2143/6073 2589/2589/6074 2590/2590/6075
f 2590/2590/6076 1702/2144/6077 1708/2143/6078
f 1710/2176/6079 1705/1938/6080 1703/1941/6081
f 1703/1941/6082 1709/2175/6083 1710/2176/6084
f 661/1145/6085 662/1144/6086 653/1127/6087
f 653/1127/6088 660/1126/6089 661/1145/6090
f 1455/1982/6091 1456/325/6092 1453/328/6093
f 1453/328/6094 1454/2177/6095 1455/1982/6096
f 1733/2178/6097 1734/2179/6098 1731/2180/6099
f 1731/2180/6100 1732/2181/6101 1733/2178/6102
f 1733/2178/6103 1736/2182/6104 1735/2183/6105
f 1735/2183/6106 1734/2179/6107 1733/2178/6108
f 1736/2182/6109 1738/2184/6110 1737/2185/6111
f 1737/2185/6112 1735/2183/6113 1736/2182/6114
f 375/657/6115 376/1582/6116 368/637/6117
f 368/637/6118 367/636/6119 375/657/6120
f 765/1158/6121 766/484/6122 759/521/6123
f 759/521/6124 757/1154/6125 765/1158/6126
f 289/464/6127 292/463/6128 290/1349/6129
f 290/1349/6130 291/2186/6131 289/464/6132
f 1871/2187/6133 1872/2188/6134 1867/2189/6135
f 1867/2189/6136 1865/2190/6137 1871/2187/6138
f 1747/1693/6139 1750/2191/6140 1749/2192/6141
f 1749/2192/6142 1748/1694/6143 1747/1693/6144
f 1739/2193/6145 1742/2194/6146 1740/2195/6147
f 1740/2195/6148 1741/2196/6149 1739/2193/6150
f 1509/2021/6151 1510/2020/6152 1507/2197/6153
f 1507/2197/6154 1508/2198/6155 1509/2021/6156
f 1116/1663/6157 1110/1662/6158 1109/403/6159
f 1109/403/6160 1115/402/6161 1116/1663/6162
f 1769/431/6163 1770/430/6164 1766/1581/6165
f 1766/1581/6166 1763/1925/6167 1769/431/6168
f 2258/2199/6169 2259/204/6170 2253/207/6171
f 2253/207/6172 2257/736/6173 2258/2199/6174
f 1773/429/6175 1774/2200/6176 1771/1764/6177
f 1771/1764/6178 1770/430/6179 1773/429/6180
f 1729/2201/6181 1730/2202/6182 1728/527/6183
f 1728/527/6184 1727/526/6185 1729/2201/6186
f 1074/995/6187 1068/1515/6188 1067/1518/6189
f 1067/1518/6190 1066/1537/6191 1074/995/6192
f 1753/2203/6193 1754/2204/6194 1751/2205/6195
f 1751/2205/6196 1752/2206/6197 1753/2203/6198
f 1753/2203/6199 1762/2207/6200 1761/2208/6201
f 1761/2208/6202 1754/2204/6203 1753/2203/6204
f 383/679/6205 393/678/6206 375/657/6207
f 375/657/6208 374/656/6209 383/679/6210
f 1759/2209/6211 1756/2210/6212 1754/2204/6213
f 1754/2204/6214 1761/2208/6215 1759/2209/6216
f 1756/2210/6217 1758/2211/6218 1757/2212/6219
f 1757/2212/6220 1755/2213/6221 1756/2210/6222
f 2245/2214/6223 2247/2215/6224 2246/2216/6225
f 2246/2216/6226 2244/2217/6227 2245/2214/6228
f 1783/1987/6229 1784/1986/6230 1781/2218/6231
f 1781/2218/6232 1782/2219/6233 1783/1987/6234
f 1381/1913/6235 1383/1916/6236 1382/2220/6237
f 1382/2220/6238 1378/1910/6239 1381/1913/6240
f 1778/2221/6241 1780/2222/6242 1779/2223/6243
f 1779/2223/6244 1776/2224/6245 1778/2221/6246
f 1795/2225/6247 1796/2226/6248 1793/2227/6249
f 1793/2227/6250 1794/2228/6251 1795/2225/6252
f 1521/2028/6253 1522/2027/6254 1519/2229/6255
f 1519/2229/6256 1520/2230/6257 1521/2028/6258
f 1851/2231/6259 1845/1278/6260 1844/1189/6261
f 1844/1189/6262 1850/1188/6263 1851/2231/6264
f 1791/2232/6265 1792/2233/6266 1788/2234/6267
f 1788/2234/6268 1790/2235/6269 1791/2232/6270
f 427/554/6271 420/546/6272 423/531/6273
f 423/531/6274 426/530/6275 427/554/6276
f 1807/1384/6277 1810/2236/6278 1809/2237/6279
f 1809/2237/6280 1808/1385/6281 1807/1384/6282
f 1799/2238/6283 1802/2239/6284 1800/2240/6285
f 1800/2240/6286 1801/2241/6287 1799/2238/6288
f 1821/2242/6289 1822/2243/6290 1820/1540/6291
f 1820/1540/6292 1819/1539/6293 1821/2242/6294
f 2038/2244/6295 2046/1450/6296 2039/1453/6297
f 2039/1453/6298 2036/2245/6299 2038/2244/6300
f 1608/2246/6301 1603/2102/6302 1601/779/6303
f 1601/779/6304 1607/778/6305 1608/2246/6306
f 1811/2247/6307 1814/2248/6308 1812/2249/6309
f 1812/2249/6310 1813/2250/6311 1811/2247/6312
f 1814/2248/6313 1816/2251/6314 1815/2252/6315
f 1815/2252/6316 1812/2249/6317 1814/2248/6318
f 1860/2253/6319 1861/1584/6320 1858/1587/6321
f 1858/1587/6322 1859/2254/6323 1860/2253/6324
f 1868/665/6325 1869/668/6326 1861/1584/6327
f 1861/1584/6328 1860/2253/6329 1868/665/6330
f 2590/2590/6331 2591/2591/6332 1700/2171/6333
f 1700/2171/6334 1702/2144/6335 2590/2590/6336
f 1134/2255/6337 1135/1216/6338 1127/1118/6339
f 1127/1118/6340 1126/1117/6341 1134/2255/6342
f 943/955/6343 937/954/6344 935/1502/6345
f 935/1502/6346 942/1504/6347 943/955/6348
f 914/1379/6349 922/1391/6350 915/1396/6351
f 915/1396/6352 906/1383/6353 914/1379/6354
f 1877/2256/6355 1870/2257/6356 1869/668/6357
f 1869/668/6358 1876/667/6359 1877/2256/6360
f 948/1492/6361 949/110/6362 941/1494/6363
f 941/1494/6364 940/1489/6365 948/1492/6366
f 1888/1881/6367 1880/2258/6368 1879/1748/6369
f 1879/1748/6370 1887/1882/6371 1888/1881/6372
f 1886/1747/6373 1889/2259/6374 1887/1882/6375
f 1887/1882/6376 1879/1748/6377 1886/1747/6378
f 1863/1585/6379 1865/2190/6380 1864/2260/6381
f 1864/2260/6382 1862/1586/6383 1863/1585/6384
f 1775/2261/6385 1778/2221/6386 1776/2224/6387
f 1776/2224/6388 1777/2262/6389 1775/2261/6390
f 2496/2263/6391 2489/2264/6392 2488/910/6393
f 2488/910/6394 2495/909/6395 2496/2263/6396
f 1881/2265/6397 1874/2266/6398 1877/2256/6399
f 1877/2256/6400 1880/2258/6401 1881/2265/6402
f 2462/907/6403 2465/2267/6404 2464/2268/6405
f 2464/2268/6406 2463/904/6407 2462/907/6408
f 1865/2190/6409 1867/2189/6410 1866/2269/6411
f 1866/2269/6412 1864/2260/6413 1865/2190/6414
f 329/417/6415 331/416/6416 330/2270/6417
f 330/2270/6418 328/1487/6419 329/417/6420
f 1871/2187/6421 1874/2266/6422 1873/2271/6423
f 1873/2271/6424 1872/2188/6425 1871/2187/6426
f 1874/2266/6427 1881/2265/6428 1875/2272/6429
f 1875/2272/6430 1873/2271/6431 1874/2266/6432
f 722/1229/6433 724/1233/6434 723/1243/6435
f 723/1243/6436 720/1230/6437 722/1229/6438
f 1286/689/6439 1283/688/6440 1282/1296/6441
f 1282/1296/6442 1285/1310/6443 1286/689/6444
f 1885/1820/6445 1883/1819/6446 1888/1881/6447
f 1888/1881/6448 1891/1880/6449 1885/1820/6450
f 1352/1475/6451 1348/1856/6452 1347/1858/6453
f 1347/1858/6454 1351/1476/6455 1352/1475/6456
f 1930/264/6457 1931/263/6458 1928/1784/6459
f 1928/1784/6460 1929/2273/6461 1930/264/6462
f 799/1314/6463 800/1313/6464 792/1508/6465
f 792/1508/6466 789/1507/6467 799/1314/6468
f 1833/1213/6469 1834/1212/6470 1826/1803/6471
f 1826/1803/6472 1823/2274/6473 1833/1213/6474
f 872/1129/6475 873/1137/6476 868/2275/6477
f 868/2275/6478 866/1130/6479 872/1129/6480
f 1723/2276/6481 1726/529/6482 1724/528/6483
f 1724/528/6484 1725/2277/6485 1723/2276/6486
f 1787/2278/6487 1790/2235/6488 1788/2234/6489
f 1788/2234/6490 1789/2279/6491 1787/2278/6492
f 1834/1212/6493 1835/1626/6494 1828/1625/6495
f 1828/1625/6496 1826/1803/6497 1834/1212/6498
f 1842/1211/6499 1843/1190/6500 1835/1626/6501
f 1835/1626/6502 1834/1212/6503 1842/1211/6504
f 1848/1891/6505 1849/1191/6506 1843/1190/6507
f 1843/1190/6508 1842/1211/6509 1848/1891/6510
f 767/483/6511 770/482/6512 769/1965/6513
f 769/1965/6514 768/499/6515 767/483/6516
f 1874/2266/6517 1871/2187/6518 1870/2257/6519
f 1870/2257/6520 1877/2256/6521 1874/2266/6522
f 1829/1624/6523 1830/2280/6524 1827/1804/6525
f 1827/1804/6526 1828/1625/6527 1829/1624/6528
f 606/544/6529 603/865/6530 602/858/6531
f 602/858/6532 605/860/6533 606/544/6534
f 1844/1189/6535 1836/1280/6536 1835/1626/6537
f 1835/1626/6538 1843/1190/6539 1844/1189/6540
f 1831/1594/6541 1832/1593/6542 1830/2280/6543
f 1830/2280/6544 1829/1624/6545 1831/1594/6546
f 1837/1279/6547 1831/1594/6548 1829/1624/6549
f 1829/1624/6550 1836/1280/6551 1837/1279/6552
f 901/1250/6553 907/1397/6554 902/1405/6555
f 902/1405/6556 900/1251/6557 901/1250/6558
f 1852/1780/6559 1846/973/6560 1845/1278/6561
f 1845/1278/6562 1851/2231/6563 1852/1780/6564
f 409/525/6565 411/556/6566 410/559/6567
f 410/559/6568 408/2281/6569 409/525/6570
f 821/1724/6571 816/1345/6572 815/1316/6573
f 815/1316/6574 814/1315/6575 821/1724/6576
f 2145/2282/6577 2154/2283/6578 2146/2284/6579
f 2146/2284/6580 2138/922/6581 2145/2282/6582
f 1846/973/6583 1838/972/6584 1837/1279/6585
f 1837/1279/6586 1845/1278/6587 1846/973/6588
f 1856/2285/6589 1857/2286/6590 1840/1592/6591
f 1840/1592/6592 1839/1591/6593 1856/2285/6594
f 1855/971/6595 1856/2285/6596 1839/1591/6597
f 1839/1591/6598 1838/972/6599 1855/971/6600
f 2340/1007/6601 2341/985/6602 2338/1398/6603
f 2338/1398/6604 2337/1008/6605 2340/1007/6606
f 2024/1639/6607 2021/1060/6608 2020/1059/6609
f 2020/1059/6610 2027/2287/6611 2024/1639/6612
f 1938/261/6613 1948/1414/6614 1946/1283/6615
f 1946/1283/6616 1939/262/6617 1938/261/6618
f 416/524/6619 417/547/6620 411/556/6621
f 411/556/6622 409/525/6623 416/524/6624
f 1078/2288/6625 1080/1014/6626 1079/997/6627
f 1079/997/6628 1073/996/6629 1078/2288/6630
f 1190/1860/6631 1191/1769/6632 1174/1768/6633
f 1174/1768/6634 1182/1766/6635 1190/1860/6636
f 856/2289/6637 858/2290/6638 857/1299/6639
f 857/1299/6640 853/1297/6641 856/2289/6642
f 1064/2291/6643 1072/2292/6644 1065/1538/6645
f 1065/1538/6646 1062/1536/6647 1064/2291/6648
f 1958/1836/6649 1950/1281/6650 1949/1284/6651
f 1949/1284/6652 1957/2293/6653 1958/1836/6654
f 1754/2204/6655 1756/2210/6656 1755/2213/6657
f 1755/2213/6658 1751/2205/6659 1754/2204/6660
f 1905/2294/6661 1904/2295/6662 1912/1178/6663
f 1912/1178/6664 1913/866/6665 1905/2294/6666
f 504/993/6667 505/707/6668 497/790/6669
f 497/790/6670 496/1687/6671 504/993/6672
f 1651/2118/6673 1653/2124/6674 1652/2296/6675
f 1652/2296/6676 1648/2119/6677 1651/2118/6678
f 947/1493/6679 948/1492/6680 940/1489/6681
f 940/1489/6682 939/1488/6683 947/1493/6684
f 85/123/6685 87/126/6686 86/2297/6687
f 86/2297/6688 82/120/6689 85/123/6690
f 1935/561/6691 1937/560/6692 1936/2298/6693
f 1936/2298/6694 1934/2299/6695 1935/561/6696
f 1918/1177/6697 1919/867/6698 1913/866/6699
f 1913/866/6700 1912/1178/6701 1918/1177/6702
f 1941/563/6703 1944/2300/6704 1943/2301/6705
f 1943/2301/6706 1942/2302/6707 1941/563/6708
f 1944/2300/6709 1951/532/6710 1945/535/6711
f 1945/535/6712 1943/2301/6713 1944/2300/6714
f 2377/2303/6715 2378/2304/6716 2371/2305/6717
f 2371/2305/6718 2370/2306/6719 2377/2303/6720
f 1953/533/6721 1955/2307/6722 1954/2308/6723
f 1954/2308/6724 1952/534/6725 1953/533/6726
f 1955/2307/6727 1953/533/6728 1958/1836/6729
f 1958/1836/6730 1961/2309/6731 1955/2307/6732
f 1960/2311/6733 1957/2293/6734 1959/2310/6735
f 1959/2310/6736 1962/2334/6737 1960/2311/6738
f 1893/2313/6739 1896/2314/6740 1894/2315/6741
f 1894/2315/6742 1895/2316/6743 1893/2313/6744
f 1903/2317/6745 1904/2295/6746 1896/2314/6747
f 1896/2314/6748 1893/2313/6749 1903/2317/6750
f 1911/1179/6751 1912/1178/6752 1904/2295/6753
f 1904/2295/6754 1903/2317/6755 1911/1179/6756
f 1956/1415/6757 1959/2310/6758 1957/2293/6759
f 1957/2293/6760 1949/1284/6761 1956/1415/6762
f 1896/2314/6763 1898/2318/6764 1897/2319/6765
f 1897/2319/6766 1894/2315/6767 1896/2314/6768
f 1904/2295/6769 1905/2294/6770 1898/2318/6771
f 1898/2318/6772 1896/2314/6773 1904/2295/6774
f 211/254/6775 213/274/6776 212/2320/6777
f 212/2320/6778 208/255/6779 211/254/6780
f 2175/1221/6781 2176/1220/6782 2169/2321/6783
f 2169/2321/6784 2168/2322/6785 2175/1221/6786
f 2456/1682/6787 2458/2323/6788 2457/2324/6789
f 2457/2324/6790 2447/1683/6791 2456/1682/6792
f 1906/2325/6793 1899/2326/6794 1898/2318/6795
f 1898/2318/6796 1905/2294/6797 1906/2325/6798
f 1914/711/6799 1906/2325/6800 1905/2294/6801
f 1905/2294/6802 1913/866/6803 1914/711/6804
f 1901/2327/6805 1902/2328/6806 1900/2329/6807
f 1900/2329/6808 1899/2326/6809 1901/2327/6810
f 1907/2330/6811 1901/2327/6812 1899/2326/6813
f 1899/2326/6814 1906/2325/6815 1907/2330/6816
f 1915/710/6817 1907/2330/6818 1906/2325/6819
f 1906/2325/6820 1914/711/6821 1915/710/6822
f 1922/1171/6823 1916/117/6824 1915/710/6825
f 1915/710/6826 1921/709/6827 1922/1171/6828
f 477/2331/6829 471/814/6830 470/799/6831
f 470/799/6832 476/798/6833 477/2331/6834
f 1909/1827/6835 1910/1826/6836 1902/2328/6837
f 1902/2328/6838 1901/2327/6839 1909/1827/6840
f 1344/2332/6841 1353/1843/6842 1349/1846/6843
f 1349/1846/6844 1345/1019/6845 1344/2332/6846
f 1916/117/6847 1908/116/6848 1907/2330/6849
f 1907/2330/6850 1915/710/6851 1916/117/6852
f 1368/1896/6853 1364/1865/6854 1362/1861/6855
f 1362/1861/6856 1361/1079/6857 1368/1896/6858
f 1713/2162/6859 1714/2164/6860 1711/2168/6861
f 1711/2168/6862 1712/2333/6863 1713/2162/6864
f 1964/2336/6865 1965/2337/6866 1963/2335/6867
f 1963/2335/6868 1966/2344/6869 1964/2336/6870
f 121/158/6871 123/161/6872 122/2338/6873
f 122/2338/6874 118/162/6875 121/158/6876
f 1572/2076/6877 1573/2064/6878 1570/2067/6879
f 1570/2067/6880 1571/2339/6881 1572/2076/6882
f 387/1895/6883 380/644/6884 379/616/6885
f 379/616/6886 386/619/6887 387/1895/6888
f 2028/539/6889 2035/2340/6890 2029/2341/6891
f 2029/2341/6892 2026/540/6893 2028/539/6894
f 1973/2342/6895 1974/2343/6896 1966/2344/6897
f 1966/2344/6898 1963/2335/6899 1973/2342/6900
f 1795/2225/6901 1798/2345/6902 1797/2346/6903
f 1797/2346/6904 1796/2226/6905 1795/2225/6906
f 2027/2287/6907 2020/1059/6908 2019/541/6909
f 2019/541/6910 2026/540/6911 2027/2287/6912
f 1235/1818/6913 1236/1817/6914 1233/1802/6915
f 1233/1802/6916 1234/1431/6917 1235/1818/6918
f 2037/1755/6919 2030/2347/6920 2029/2341/6921
f 2029/2341/6922 2036/2245/6923 2037/1755/6924
f 2035/2340/6925 2038/2244/6926 2036/2245/6927
f 2036/2245/6928 2029/2341/6929 2035/2340/6930
f 331/416/6931 333/1685/6932 332/2348/6933
f 332/2348/6934 330/2270/6935 331/416/6936
f 2098/2073/6937 2099/2072/6938 2091/2349/6939
f 2091/2349/6940 2088/2350/6941 2098/2073/6942
f 974/1448/6943 984/991/6944 982/992/6945
f 982/992/6946 975/1449/6947 974/1448/6948
f 2031/1640/6949 2024/1639/6950 2027/2287/6951
f 2027/2287/6952 2030/2347/6953 2031/1640/6954
f 627/2351/6955 624/912/6956 623/607/6957
f 623/607/6958 626/606/6959 627/2351/6960
f 1933/1187/6961 1935/561/6962 1934/2299/6963
f 1934/2299/6964 1932/1783/6965 1933/1187/6966
f 2088/2350/6967 2091/2349/6968 2089/2352/6969
f 2089/2352/6970 2090/2353/6971 2088/2350/6972
f 2021/1060/6973 2024/1639/6974 2023/1642/6975
f 2023/1642/6976 2022/2059/6977 2021/1060/6978
f 808/1323/6979 804/1344/6980 802/726/6981
f 802/726/6982 801/725/6983 808/1323/6984
f 2031/1640/6985 2033/1620/6986 2032/1623/6987
f 2032/1623/6988 2025/1641/6989 2031/1640/6990
f 1978/2354/6991 1979/1023/6992 1971/1026/6993
f 1971/1026/6994 1977/516/6995 1978/2354/6996
f 1172/622/6997 1165/986/6998 1164/989/6999
f 1164/989/7000 1171/1653/7001 1172/622/7002
f 2040/1756/7003 2037/1755/7004 2036/2245/7005
f 2036/2245/7006 2039/1453/7007 2040/1756/7008
f 2406/510/7009 2407/509/7010 2400/739/7011
f 2400/739/7012 2399/1829/7013 2406/510/7014
f 2041/1621/7015 2043/2355/7016 2042/2356/7017
f 2042/2356/7018 2034/1622/7019 2041/1621/7020
f 2190/2357/7021 2191/2358/7022 2184/1049/7023
f 2184/1049/7024 2189/2359/7025 2190/2357/7026
f 2048/2106/7027 2040/1756/7028 2039/1453/7029
f 2039/1453/7030 2047/1452/7031 2048/2106/7032
f 2070/2360/7033 2071/853/7034 2063/948/7035
f 2063/948/7036 2062/2045/7037 2070/2360/7038
f 2049/1451/7039 2052/2361/7040 2050/2107/7041
f 2050/2107/7042 2047/1452/7043 2049/1451/7044
f 2043/2355/7045 2045/2362/7046 2044/2363/7047
f 2044/2363/7048 2042/2356/7049 2043/2355/7050
f 2045/2362/7051 2043/2355/7052 2048/2106/7053
f 2048/2106/7054 2051/2105/7055 2045/2362/7056
f 835/1272/7057 836/611/7058 831/1105/7059
f 831/1105/7060 829/1104/7061 835/1272/7062
f 1981/2365/7063 1982/2366/7064 1974/2343/7065
f 1974/2343/7066 1973/2342/7067 1981/2365/7068
f 1987/2367/7069 1988/2368/7070 1982/2366/7071
f 1982/2366/7072 1981/2365/7073 1987/2367/7074
f 1966/2344/7075 1968/2369/7076 1967/2370/7077
f 1967/2370/7078 1964/2336/7079 1966/2344/7080
f 1974/2343/7081 1975/2371/7082 1968/2369/7083
f 1968/2369/7084 1966/2344/7085 1974/2343/7086
f 1982/2366/7087 1983/879/7088 1975/2371/7089
f 1975/2371/7090 1974/2343/7091 1982/2366/7092
f 1988/2368/7093 1989/880/7094 1983/879/7095
f 1983/879/7096 1982/2366/7097 1988/2368/7098
f 497/790/7099 499/706/7100 498/786/7101
f 498/786/7102 494/1688/7103 497/790/7104
f 1991/1456/7105 1985/515/7106 1984/518/7107
f 1984/518/7108 1990/878/7109 1991/1456/7110
f 1969/1728/7111 1970/1727/7112 1967/2370/7113
f 1967/2370/7114 1968/2369/7115 1969/1728/7116
f 407/513/7117 409/525/7118 408/2281/7119
f 408/2281/7120 404/2372/7121 407/513/7122
f 1984/518/7123 1976/517/7124 1975/2371/7125
f 1975/2371/7126 1983/879/7127 1984/518/7128
f 2325/1529/7129 2327/2373/7130 2326/2374/7131
f 2326/2374/7132 2324/2375/7133 2325/1529/7134
f 1977/516/7135 1971/1026/7136 1969/1728/7137
f 1969/1728/7138 1976/517/7139 1977/516/7140
f 1899/2326/7141 1900/2329/7142 1897/2319/7143
f 1897/2319/7144 1898/2318/7145 1899/2326/7146
f 923/1390/7147 927/1699/7148 924/2376/7149
f 924/2376/7150 916/1400/7151 923/1390/7152
f 1993/2377/7153 1994/2378/7154 1986/1455/7155
f 1986/1455/7156 1992/1454/7157 1993/2377/7158
f 2043/2355/7159 2041/1621/7160 2040/1756/7161
f 2040/1756/7162 2048/2106/7163 2043/2355/7164
f 1032/1307/7165 1040/967/7166 1033/1614/7167
f 1033/1614/7168 1023/1610/7169 1032/1307/7170
f 1986/1455/7171 1978/2354/7172 1977/516/7173
f 1977/516/7174 1985/515/7175 1986/1455/7176
f 1996/376/7177 1997/2379/7178 1980/1024/7179
f 1980/1024/7180 1979/1023/7181 1996/376/7182
f 2461/2380/7183 2454/906/7184 2453/2381/7185
f 2453/2381/7186 2460/2382/7187 2461/2380/7188
f 1994/2378/7189 1995/377/7190 1978/2354/7191
f 1978/2354/7192 1986/1455/7193 1994/2378/7194
f 1274/1775/7195 1275/1295/7196 1267/1771/7197
f 1267/1771/7198 1266/1770/7199 1274/1775/7200
f 609/542/7201 617/1556/7202 610/1557/7203
f 610/1557/7204 608/2383/7205 609/542/7206
f 2001/375/7207 2002/1731/7208 1997/2379/7209
f 1997/2379/7210 1996/376/7211 2001/375/7212
f 1995/377/7213 1996/376/7214 1979/1023/7215
f 1979/1023/7216 1978/2354/7217 1995/377/7218
f 1999/1169/7219 2000/374/7220 1995/377/7221
f 1995/377/7222 1994/2378/7223 1999/1169/7224
f 417/547/7225 418/565/7226 413/557/7227
f 413/557/7228 411/556/7229 417/547/7230
f 2007/1168/7231 2003/1729/7232 2001/375/7233
f 2001/375/7234 2000/374/7235 2007/1168/7236
f 2269/2384/7237 2270/2385/7238 2264/2386/7239
f 2264/2386/7240 2268/2387/7241 2269/2384/7242
f 911/1371/7243 912/1370/7244 904/6/7245
f 904/6/7246 903/5/7247 911/1371/7248
f 2080/2388/7249 2084/2173/7250 2081/1691/7251
f 2081/1691/7252 2073/1888/7253 2080/2388/7254
f 1534/2035/7255 1537/217/7256 1535/220/7257
f 1535/220/7258 1536/2389/7259 1534/2035/7260
f 2091/2349/7261 2093/241/7262 2092/2390/7263
f 2092/2390/7264 2089/2352/7265 2091/2349/7266
f 2099/2072/7267 2100/238/7268 2093/241/7269
f 2093/241/7270 2091/2349/7271 2099/2072/7272
f 2106/2071/7273 2107/187/7274 2100/238/7275
f 2100/238/7276 2099/2072/7277 2106/2071/7278
f 2114/349/7279 2108/184/7280 2107/187/7281
f 2107/187/7282 2106/2071/7283 2114/349/7284
f 2120/2391/7285 2115/347/7286 2114/349/7287
f 2114/349/7288 2113/2087/7289 2120/2391/7290
f 2121/2392/7291 2122/2158/7292 2115/347/7293
f 2115/347/7294 2120/2391/7295 2121/2392/7296
f 2093/241/7297 2095/240/7298 2094/833/7299
f 2094/833/7300 2092/2390/7301 2093/241/7302
f 1650/2117/7303 1656/2393/7304 1655/2122/7305
f 1655/2122/7306 1651/2118/7307 1650/2117/7308
f 2107/187/7309 2103/186/7310 2101/239/7311
f 2101/239/7312 2100/238/7313 2107/187/7314
f 247/315/7315 251/319/7316 250/2394/7317
f 250/2394/7318 249/418/7319 247/315/7320
f 2065/1889/7321 2074/1692/7322 2066/257/7323
f 2066/257/7324 2060/2098/7325 2065/1889/7326
f 1328/1992/7327 1333/2395/7328 1329/1897/7329
f 1329/1897/7330 1326/1864/7331 1328/1992/7332
f 2101/239/7333 2102/2396/7334 2097/831/7335
f 2097/831/7336 2095/240/7337 2101/239/7338
f 2577/2002/7339 2578/2397/7340 2571/1839/7341
f 2571/1839/7342 2576/2003/7343 2577/2002/7344
f 2109/185/7345 2110/2398/7346 2104/2399/7347
f 2104/2399/7348 2103/186/7349 2109/185/7350
f 2116/348/7351 2111/2039/7352 2109/185/7353
f 2109/185/7354 2108/184/7355 2116/348/7356
f 2117/2159/7357 2118/2036/7358 2111/2039/7359
f 2111/2039/7360 2116/348/7361 2117/2159/7362
f 2111/2039/7363 2112/2038/7364 2110/2398/7365
f 2110/2398/7366 2109/185/7367 2111/2039/7368
f 1444/1971/7369 1446/2400/7370 1445/2401/7371
f 1445/2401/7372 1442/1972/7373 1444/1971/7374
f 2055/2046/7375 2056/951/7376 2053/2402/7377
f 2053/2402/7378 2054/2403/7379 2055/2046/7380
f 1449/1969/7381 1450/1968/7382 1447/2404/7383
f 1447/2404/7384 1448/2405/7385 1449/1969/7386
f 1175/98/7387 1176/97/7388 1168/1762/7389
f 1168/1762/7390 1167/1761/7391 1175/98/7392
f 2077/2406/7393 2078/850/7394 2071/853/7395
f 2071/853/7396 2070/2360/7397 2077/2406/7398
f 2056/951/7399 2058/950/7400 2057/2407/7401
f 2057/2407/7402 2053/2402/7403 2056/951/7404
f 2071/853/7405 2072/852/7406 2064/949/7407
f 2064/949/7408 2063/948/7409 2071/853/7410
f 2068/258/7411 2076/2408/7412 2069/2409/7413
f 2069/2409/7414 2067/259/7415 2068/258/7416
f 2079/851/7417 2080/2388/7418 2073/1888/7419
f 2073/1888/7420 2072/852/7421 2079/851/7422
f 2058/950/7423 2060/2098/7424 2059/2410/7425
f 2059/2410/7426 2057/2407/7427 2058/950/7428
f 97/2411/7429 98/168/7430 94/132/7431
f 94/132/7432 91/129/7433 97/2411/7434
f 2073/1888/7435 2081/1691/7436 2074/1692/7437
f 2074/1692/7438 2065/1889/7439 2073/1888/7440
f 1665/2412/7441 1661/2146/7442 1660/1470/7443
f 1660/1470/7444 1664/2413/7445 1665/2412/7446
f 866/1130/7447 868/2275/7448 867/2414/7449
f 867/2414/7450 865/1418/7451 866/1130/7452
f 2060/2098/7453 2066/257/7454 2061/260/7455
f 2061/260/7456 2059/2410/7457 2060/2098/7458
f 1803/2415/7459 1804/2416/7460 1800/2240/7461
f 1800/2240/7462 1802/2239/7463 1803/2415/7464
f 2074/1692/7465 2075/1427/7466 2068/258/7467
f 2068/258/7468 2066/257/7469 2074/1692/7470
f 2103/186/7471 2104/2399/7472 2102/2396/7473
f 2102/2396/7474 2101/239/7475 2103/186/7476
f 1307/1037/7477 1308/1851/7478 1306/1886/7479
f 1306/1886/7480 1305/1380/7481 1307/1037/7482
f 2085/2174/7483 2087/2417/7484 2086/1425/7485
f 2086/1425/7486 2082/1424/7487 2085/2174/7488
f 1668/2131/7489 1674/2418/7490 1673/2138/7491
f 1673/2138/7492 1669/2132/7493 1668/2131/7494
f 1134/2255/7495 1144/471/7496 1142/470/7497
f 1142/470/7498 1135/1216/7499 1134/2255/7500
f 2075/1427/7501 2083/1426/7502 2076/2408/7503
f 2076/2408/7504 2068/258/7505 2075/1427/7506
f 2468/2419/7507 2471/861/7508 2469/862/7509
f 2469/862/7510 2470/2420/7511 2468/2419/7512
f 2168/2322/7513 2169/2321/7514 2161/412/7515
f 2161/412/7516 2158/411/7517 2168/2322/7518
f 694/1005/7519 702/1138/7520 695/1139/7521
f 695/1139/7522 692/722/7523 694/1005/7524
f 478/856/7525 472/823/7526 471/814/7527
f 471/814/7528 477/2331/7529 478/856/7530
f 2161/412/7531 2163/2421/7532 2162/2422/7533
f 2162/2422/7534 2159/413/7535 2161/412/7536
f 2169/2321/7537 2170/2423/7538 2163/2421/7539
f 2163/2421/7540 2161/412/7541 2169/2321/7542
f 2176/1220/7543 2177/1438/7544 2170/2423/7545
f 2170/2423/7546 2169/2321/7547 2176/1220/7548
f 2183/1052/7549 2178/1051/7550 2177/1438/7551
f 2177/1438/7552 2176/1220/7553 2183/1052/7554
f 2189/2359/7555 2184/1049/7556 2183/1052/7557
f 2183/1052/7558 2182/1219/7559 2189/2359/7560
f 704/1604/7561 698/1063/7562 697/1041/7563
f 697/1041/7564 696/1042/7565 704/1604/7566
f 2163/2421/7567 2165/2424/7568 2164/2425/7569
f 2164/2425/7570 2162/2422/7571 2163/2421/7572
f 2167/2426/7573 2165/2424/7574 2171/1441/7575
f 2171/1441/7576 2172/1440/7577 2167/2426/7578
f 2135/1202/7579 2134/1201/7580 2142/1787/7581
f 2142/1787/7582 2143/1776/7583 2135/1202/7584
f 2135/1202/7585 2144/1778/7586 2136/921/7587
f 2136/921/7588 2130/1203/7589 2135/1202/7590
f 2178/1051/7591 2179/1885/7592 2173/1439/7593
f 2173/1439/7594 2177/1438/7595 2178/1051/7596
f 705/1068/7597 700/1066/7598 698/1063/7599
f 698/1063/7600 704/1604/7601 705/1068/7602
f 2191/2358/7603 2192/2427/7604 2185/1050/7605
f 2185/1050/7606 2184/1049/7607 2191/2358/7608
f 714/2428/7609 707/1074/7610 706/830/7611
f 706/830/7612 713/829/7613 714/2428/7614
f 2149/2429/7615 2150/1935/7616 2143/1776/7617
f 2143/1776/7618 2142/1787/7619 2149/2429/7620
f 2179/1885/7621 2180/2430/7622 2174/2431/7623
f 2174/2431/7624 2173/1439/7625 2179/1885/7626
f 2351/2432/7627 2352/1290/7628 2348/1292/7629
f 2348/1292/7630 2347/2433/7631 2351/2432/7632
f 2272/2434/7633 2266/2435/7634 2265/2436/7635
f 2265/2436/7636 2271/2437/7637 2272/2434/7638
f 2179/1885/7639 2186/658/7640 2181/661/7641
f 2181/661/7642 2180/2430/7643 2179/1885/7644
f 1309/1878/7645 1321/1737/7646 1316/1045/7647
f 1316/1045/7648 1310/1879/7649 1309/1878/7650
f 2125/408/7651 2126/407/7652 2123/1601/7653
f 2123/1601/7654 2124/2438/7655 2125/408/7656
f 1823/2274/7657 1826/1803/7658 1824/1805/7659
f 1824/1805/7660 1825/2439/7661 1823/2274/7662
f 1612/1031/7663 1614/2092/7664 1613/2440/7665
f 1613/2440/7666 1609/1032/7667 1612/1031/7668
f 2147/2441/7669 2148/1786/7670 2141/768/7671
f 2141/768/7672 2140/767/7673 2147/2441/7674
f 373/643/7675 367/636/7676 365/627/7677
f 365/627/7678 372/631/7679 373/643/7680
f 1889/2259/7681 1892/2442/7682 1890/1883/7683
f 1890/1883/7684 1887/1882/7685 1889/2259/7686
f 2128/1204/7687 2130/1203/7688 2129/2443/7689
f 2129/2443/7690 2127/1600/7691 2128/1204/7692
f 1243/1823/7693 1237/394/7694 1235/1818/7695
f 1235/1818/7696 1242/1824/7697 1243/1823/7698
f 480/835/7699 481/838/7700 464/824/7701
f 464/824/7702 472/823/7703 480/835/7704
f 2238/2444/7705 2241/2445/7706 2239/2446/7707
f 2239/2446/7708 2240/2447/7709 2238/2444/7710
f 666/1147/7711 661/1145/7712 660/1126/7713
f 660/1126/7714 665/1141/7715 666/1147/7716
f 2130/1203/7717 2136/921/7718 2131/924/7719
f 2131/924/7720 2129/2443/7721 2130/1203/7722
f 916/1400/7723 924/2376/7724 917/1393/7725
f 917/1393/7726 909/1392/7727 916/1400/7728
f 2144/1778/7729 2145/2282/7730 2138/922/7731
f 2138/922/7732 2136/921/7733 2144/1778/7734
f 2152/2448/7735 2145/2282/7736 2144/1778/7737
f 2144/1778/7738 2151/1777/7739 2152/2448/7740
f 2157/2449/7741 2153/2450/7742 2152/2448/7743
f 2152/2448/7744 2156/2451/7745 2157/2449/7746
f 729/1225/7747 730/1224/7748 722/1229/7749
f 722/1229/7750 719/1228/7751 729/1225/7752
f 2138/922/7753 2146/2284/7754 2139/2452/7755
f 2139/2452/7756 2137/923/7757 2138/922/7758
f 1347/1858/7759 1340/1852/7760 1339/1021/7761
f 1339/1021/7762 1346/1020/7763 1347/1858/7764
f 2153/2450/7765 2154/2283/7766 2145/2282/7767
f 2145/2282/7768 2152/2448/7769 2153/2450/7770
f 485/448/7771 486/447/7772 481/838/7773
f 481/838/7774 480/835/7775 485/448/7776
f 2248/1619/7777 2249/1618/7778 2241/2445/7779
f 2241/2445/7780 2238/2444/7781 2248/1619/7782
f 1342/1857/7783 1343/2453/7784 1341/1853/7785
f 1341/1853/7786 1340/1852/7787 1342/1857/7788
f 2241/2445/7789 2243/2454/7790 2242/2455/7791
f 2242/2455/7792 2239/2446/7793 2241/2445/7794
f 2249/1618/7795 2250/2456/7796 2243/2454/7797
f 2243/2454/7798 2241/2445/7799 2249/1618/7800
f 2256/1617/7801 2257/736/7802 2250/2456/7803
f 2250/2456/7804 2249/1618/7805 2256/1617/7806
f 1072/2292/7807 1078/2288/7808 1073/996/7809
f 1073/996/7810 1065/1538/7811 1072/2292/7812
f 2268/2387/7813 2264/2386/7814 2263/2457/7815
f 2263/2457/7816 2262/2458/7817 2268/2387/7818
f 704/1604/7819 696/1042/7820 695/1139/7821
f 695/1139/7822 703/1073/7823 704/1604/7824
f 2243/2454/7825 2245/2214/7826 2244/2217/7827
f 2244/2217/7828 2242/2455/7829 2243/2454/7830
f 2250/2456/7831 2251/738/7832 2245/2214/7833
f 2245/2214/7834 2243/2454/7835 2250/2456/7836
f 2205/2459/7837 2204/796/7838 2212/795/7839
f 2212/795/7840 2213/2463/7841 2205/2459/7842
f 406/514/7843 407/513/7844 404/2372/7845
f 404/2372/7846 405/2460/7847 406/514/7848
f 632/1087/7849 634/1110/7850 633/1406/7851
f 633/1406/7852 630/1088/7853 632/1087/7854
f 2264/2386/7855 2265/2436/7856 2258/2199/7857
f 2258/2199/7858 2263/2457/7859 2264/2386/7860
f 2270/2385/7861 2271/2437/7862 2265/2436/7863
f 2265/2436/7864 2264/2386/7865 2270/2385/7866
f 2277/581/7867 2278/580/7868 2270/2385/7869
f 2270/2385/7870 2269/2384/7871 2277/581/7872
f 2165/2424/7873 2167/2426/7874 2166/2461/7875
f 2166/2461/7876 2164/2425/7877 2165/2424/7878
f 2220/2462/7879 2221/2464/7880 2213/2463/7881
f 2213/2463/7882 2212/795/7883 2220/2462/7884
f 2015/1061/7885 2017/2060/7886 2016/2465/7887
f 2016/2465/7888 2014/2466/7889 2015/1061/7890
f 2266/2435/7891 2259/204/7892 2258/2199/7893
f 2258/2199/7894 2265/2436/7895 2266/2435/7896
f 619/917/7897 617/1556/7898 616/900/7899
f 616/900/7900 624/912/7901 619/917/7902
f 2278/580/7903 2279/2467/7904 2271/2437/7905
f 2271/2437/7906 2270/2385/7907 2278/580/7908
f 2548/2468/7909 2551/1331/7910 2549/2469/7911
f 2549/2469/7912 2550/2470/7913 2548/2468/7914
f 2259/204/7915 2266/2435/7916 2261/2471/7917
f 2261/2471/7918 2260/205/7919 2259/204/7920
f 1838/972/7921 1839/1591/7922 1831/1594/7923
f 1831/1594/7924 1837/1279/7925 1838/972/7926
f 2273/2472/7927 2274/2473/7928 2267/2474/7929
f 2267/2474/7930 2272/2434/7931 2273/2472/7932
f 2279/2467/7933 2273/2472/7934 2272/2434/7935
f 2272/2434/7936 2271/2437/7937 2279/2467/7938
f 2282/579/7939 2280/2475/7940 2279/2467/7941
f 2279/2467/7942 2278/580/7943 2282/579/7944
f 2280/2475/7945 2275/2476/7946 2273/2472/7947
f 2273/2472/7948 2279/2467/7949 2280/2475/7950
f 2275/2476/7951 2276/2477/7952 2274/2473/7953
f 2274/2473/7954 2273/2472/7955 2275/2476/7956
f 2195/1726/7957 2196/1560/7958 2193/2478/7959
f 2193/2478/7960 2194/2479/7961 2195/1726/7962
f 534/766/7963 526/756/7964 525/757/7965
f 525/757/7966 533/776/7967 534/766/7968
f 2218/2480/7969 2219/794/7970 2211/793/7971
f 2211/793/7972 2210/2481/7973 2218/2480/7974
f 2334/2482/7975 2342/570/7976 2335/569/7977
f 2335/569/7978 2333/2483/7979 2334/2482/7980
f 428/553/7981 429/572/7982 421/566/7983
f 421/566/7984 427/554/7985 428/553/7986
f 2133/406/7987 2134/1201/7988 2128/1204/7989
f 2128/1204/7990 2126/407/7991 2133/406/7992
f 2198/1559/7993 2200/2484/7994 2199/2485/7995
f 2199/2485/7996 2197/2486/7997 2198/1559/7998
f 2196/1560/7999 2198/1559/8000 2197/2486/8001
f 2197/2486/8002 2193/2478/8003 2196/1560/8004
f 2213/2463/8005 2222/551/8006 2214/550/8007
f 2214/550/8008 2205/2459/8009 2213/2463/8010
f 2221/2464/8011 2229/2487/8012 2222/551/8013
f 2222/551/8014 2213/2463/8015 2221/2464/8016
f 607/543/8017 609/542/8018 608/2383/8019
f 608/2383/8020 601/892/8021 607/543/8022
f 2200/2484/8023 2206/1361/8024 2201/2488/8025
f 2201/2488/8026 2199/2485/8027 2200/2484/8028
f 2205/2459/8029 2214/550/8030 2206/1361/8031
f 2206/1361/8032 2200/2484/8033 2205/2459/8034
f 1082/1420/8035 1087/1567/8036 1083/1564/8037
f 1083/1564/8038 1076/1562/8039 1082/1420/8040
f 855/1285/8041 856/2289/8042 853/1297/8043
f 853/1297/8044 852/609/8045 855/1285/8046
f 2231/1324/8047 2224/1327/8048 2223/548/8049
f 2223/548/8050 2230/2489/8051 2231/1324/8052
f 1998/1566/8053 1999/1169/8054 1994/2378/8055
f 1994/2378/8056 1993/2377/8057 1998/1566/8058
f 2208/664/8059 2216/663/8060 2209/1848/8061
f 2209/1848/8062 2207/2490/8063 2208/664/8064
f 1334/2491/8065 1337/1022/8066 1335/1613/8067
f 1335/1613/8068 1336/2492/8069 1334/2491/8070
f 2224/1327/8071 2225/662/8072 2215/549/8073
f 2215/549/8074 2223/548/8075 2224/1327/8076
f 2498/2493/8077 2494/908/8078 2493/911/8079
f 2493/911/8080 2492/2494/8081 2498/2493/8082
f 2363/1458/8083 2364/2495/8084 2358/1757/8085
f 2358/1757/8086 2356/1459/8087 2363/1458/8088
f 2502/2496/8089 2496/2263/8090 2495/909/8091
f 2495/909/8092 2501/1811/8093 2502/2496/8094
f 2266/2435/8095 2272/2434/8096 2267/2474/8097
f 2267/2474/8098 2261/2471/8099 2266/2435/8100
f 1976/517/8101 1969/1728/8102 1968/2369/8103
f 1968/2369/8104 1975/2371/8105 1976/517/8106
f 545/974/8107 546/1720/8108 543/942/8109
f 543/942/8110 544/941/8111 545/974/8112
f 2226/1048/8113 2228/1855/8114 2227/2497/8115
f 2227/2497/8116 2217/1847/8117 2226/1048/8118
f 2445/2498/8119 2455/905/8120 2446/1629/8121
f 2446/1629/8122 2438/1628/8123 2445/2498/8124
f 2318/947/8125 2321/946/8126 2319/1814/8127
f 2319/1814/8128 2320/2499/8129 2318/947/8130
f 571/990/8131 572/1018/8132 555/681/8133
f 555/681/8134 554/680/8135 571/990/8136
f 2336/1009/8137 2337/1008/8138 2329/945/8139
f 2329/945/8140 2328/944/8141 2336/1009/8142
f 915/1396/8143 916/1400/8144 909/1392/8145
f 909/1392/8146 907/1397/8147 915/1396/8148
f 1242/1824/8149 1235/1818/8150 1234/1431/8151
f 1234/1431/8152 1241/383/8153 1242/1824/8154
f 2329/945/8155 2330/1399/8156 2323/1530/8157
f 2323/1530/8158 2321/946/8159 2329/945/8160
f 887/1422/8161 882/1148/8162 880/1151/8163
f 880/1151/8164 879/1421/8165 887/1422/8166
f 1880/2258/8167 1877/2256/8168 1876/667/8169
f 1876/667/8170 1879/1748/8171 1880/2258/8172
f 1351/1476/8173 1347/1858/8174 1346/1020/8175
f 1346/1020/8176 1350/1849/8177 1351/1476/8178
f 617/1556/8179 609/542/8180 613/545/8181
f 613/545/8182 616/900/8183 617/1556/8184
f 2505/2500/8185 2506/2501/8186 2504/2502/8187
f 2504/2502/8188 2503/2503/8189 2505/2500/8190
f 2334/2482/8191 2331/1528/8192 2330/1399/8193
f 2330/1399/8194 2338/1398/8195 2334/2482/8196
f 2342/570/8197 2334/2482/8198 2338/1398/8199
f 2338/1398/8200 2341/985/8201 2342/570/8202
f 2348/1292/8203 2349/984/8204 2341/985/8205
f 2341/985/8206 2340/1007/8207 2348/1292/8208
f 1881/2265/8209 1883/1819/8210 1882/1822/8211
f 1882/1822/8212 1875/2272/8213 1881/2265/8214
f 2331/1528/8215 2332/2504/8216 2327/2373/8217
f 2327/2373/8218 2325/1529/8219 2331/1528/8220
f 2331/1528/8221 2334/2482/8222 2333/2483/8223
f 2333/2483/8224 2332/2504/8225 2331/1528/8226
f 2204/796/8227 2205/2459/8228 2200/2484/8229
f 2200/2484/8230 2198/1559/8231 2204/796/8232
f 885/817/8233 879/1421/8234 878/1413/8235
f 878/1413/8236 877/1411/8237 885/817/8238
f 1013/1606/8239 1007/1589/8240 1005/1462/8241
f 1005/1462/8242 1012/1461/8243 1013/1606/8244
f 2345/2505/8245 2346/2506/8246 2344/568/8247
f 2344/568/8248 2343/567/8249 2345/2505/8250
f 2350/1291/8251 2345/2505/8252 2343/567/8253
f 2343/567/8254 2349/984/8255 2350/1291/8256
f 2443/1076/8257 2442/883/8258 2450/2507/8259
f 2450/2507/8260 2451/1077/8261 2443/1076/8262
f 457/813/8263 458/821/8264 456/805/8265
f 456/805/8266 455/804/8267 457/813/8268
f 2300/2508/8269 2301/1289/8270 2293/926/8271
f 2293/926/8272 2292/925/8273 2300/2508/8274
f 2306/2509/8275 2307/1286/8276 2301/1289/8277
f 2301/1289/8278 2300/2508/8279 2306/2509/8280
f 2286/927/8281 2288/1401/8282 2287/1404/8283
f 2287/1404/8284 2283/2169/8285 2286/927/8286
f 921/1378/8287 925/1388/8288 922/1391/8289
f 922/1391/8290 914/1379/8291 921/1378/8292
f 2301/1289/8293 2302/1288/8294 2294/1719/8295
f 2294/1719/8296 2293/926/8297 2301/1289/8298
f 2033/1620/8299 2031/1640/8300 2030/2347/8301
f 2030/2347/8302 2037/1755/8303 2033/1620/8304
f 1344/2332/8305 1345/1019/8306 1337/1022/8307
f 1337/1022/8308 1334/2491/8309 1344/2332/8310
f 2310/2510/8311 2304/1334/8312 2303/1337/8313
f 2303/1337/8314 2309/2511/8315 2310/2510/8316
f 1944/2300/8317 1941/563/8318 1940/562/8319
f 1940/562/8320 1947/1282/8321 1944/2300/8322
f 2294/1719/8323 2295/1336/8324 2290/1402/8325
f 2290/1402/8326 2288/1401/8327 2294/1719/8328
f 1214/1714/8329 1222/1721/8330 1215/1276/8331
f 1215/1276/8332 1212/693/8333 1214/1714/8334
f 2290/1402/8335 2296/1533/8336 2291/2512/8337
f 2291/2512/8338 2289/1403/8339 2290/1402/8340
f 2295/1336/8341 2305/1335/8342 2296/1533/8343
f 2296/1533/8344 2290/1402/8345 2295/1336/8346
f 1029/1597/8347 1035/1838/8348 1030/1611/8349
f 1030/1611/8350 1022/1598/8351 1029/1597/8352
f 2310/2510/8353 2314/846/8354 2311/849/8355
f 2311/849/8356 2304/1334/8357 2310/2510/8358
f 2372/2513/8359 2373/769/8360 2365/772/8361
f 2365/772/8362 2364/2495/8363 2372/2513/8364
f 2296/1533/8365 2298/1532/8366 2297/2514/8367
f 2297/2514/8368 2291/2512/8369 2296/1533/8370
f 2262/2458/8371 2263/2457/8372 2256/1617/8373
f 2256/1617/8374 2255/1616/8375 2262/2458/8376
f 2312/1531/8377 2305/1335/8378 2304/1334/8379
f 2304/1334/8380 2311/849/8381 2312/1531/8382
f 1180/623/8383 1172/622/8384 1171/1653/8385
f 1171/1653/8386 1179/1436/8387 1180/623/8388
f 2298/1532/8389 2313/2515/8390 2299/2516/8391
f 2299/2516/8392 2297/2514/8393 2298/1532/8394
f 2312/1531/8395 2316/1763/8396 2313/2515/8397
f 2313/2515/8398 2298/1532/8399 2312/1531/8400
f 742/1209/8401 734/1173/8402 733/1175/8403
f 733/1175/8404 741/1240/8405 742/1209/8406
f 2405/2517/8407 2406/510/8408 2399/1829/8409
f 2399/1829/8410 2398/1828/8411 2405/2517/8412
f 2413/1554/8413 2414/507/8414 2406/510/8415
f 2406/510/8416 2405/2517/8417 2413/1554/8418
f 2391/503/8419 2393/742/8420 2392/1733/8421
f 2392/1733/8422 2389/504/8423 2391/503/8424
f 2399/1829/8425 2400/739/8426 2393/742/8427
f 2393/742/8428 2391/503/8429 2399/1829/8430
f 2360/1758/8431 2366/2518/8432 2361/2519/8433
f 2361/2519/8434 2359/1759/8435 2360/1758/8436
f 1717/1524/8437 1718/1527/8438 2592/2592/8439
f 2592/2592/8440 2593/2593/8441 1717/1524/8442
f 1021/1599/8443 1013/1606/8444 1012/1461/8445
f 1012/1461/8446 1020/1588/8447 1021/1599/8448
f 2382/2520/8449 2386/2521/8450 2383/1318/8451
f 2383/1318/8452 2375/1317/8453 2382/2520/8454
f 567/979/8455 561/976/8456 560/957/8457
f 560/957/8458 566/956/8459 567/979/8460
f 1173/621/8461 1167/1761/8462 1165/986/8463
f 1165/986/8464 1172/622/8465 1173/621/8466
f 2407/509/8467 2403/2140/8468 2401/740/8469
f 2401/740/8470 2400/739/8471 2407/509/8472
f 2408/508/8473 2409/1572/8474 2403/2140/8475
f 2403/2140/8476 2407/509/8477 2408/508/8478
f 1870/2257/8479 1871/2187/8480 1865/2190/8481
f 1865/2190/8482 1863/1585/8483 1870/2257/8484
f 2422/674/8485 2417/2522/8486 2416/1571/8487
f 2416/1571/8488 2415/675/8489 2422/674/8490
f 2395/741/8491 2397/963/8492 2396/2523/8493
f 2396/2523/8494 2394/1732/8495 2395/741/8496
f 1250/1808/8497 1242/1824/8498 1241/383/8499
f 1241/383/8500 1249/382/8501 1250/1808/8502
f 557/940/8503 558/761/8504 550/792/8505
f 550/792/8506 549/932/8507 557/940/8508
f 587/802/8509 589/864/8510 588/1333/8511
f 588/1333/8512 584/854/8513 587/802/8514
f 1647/2524/8515 1643/2129/8516 1642/1701/8517
f 1642/1701/8518 1646/2127/8519 1647/2524/8520
f 2417/2522/8521 2418/42/8522 2411/45/8523
f 2411/45/8524 2416/1571/8525 2417/2522/8526
f 2210/2481/8527 2211/793/8528 2203/1558/8529
f 2203/1558/8530 2202/1725/8531 2210/2481/8532
f 1908/116/8533 1909/1827/8534 1901/2327/8535
f 1901/2327/8536 1907/2330/8537 1908/116/8538
f 2355/1460/8539 2356/1459/8540 2353/2525/8541
f 2353/2525/8542 2354/2526/8543 2355/1460/8544
f 741/1240/8545 733/1175/8546 732/1244/8547
f 732/1244/8548 740/1238/8549 741/1240/8550
f 2370/2306/8551 2371/2305/8552 2363/1458/8553
f 2363/1458/8554 2362/1457/8555 2370/2306/8556
f 1663/2527/8557 1664/2413/8558 1660/1470/8559
f 1660/1470/8560 1657/1469/8561 1663/2527/8562
f 2356/1459/8563 2358/1757/8564 2357/1760/8565
f 2357/1760/8566 2353/2525/8567 2356/1459/8568
f 1104/1705/8569 1105/1647/8570 1097/1636/8571
f 1097/1636/8572 1103/1690/8573 1104/1705/8574
f 2371/2305/8575 2372/2513/8576 2364/2495/8577
f 2364/2495/8578 2363/1458/8579 2371/2305/8580
f 2378/2304/8581 2379/2528/8582 2372/2513/8583
f 2372/2513/8584 2371/2305/8585 2378/2304/8586
f 2379/2528/8587 2380/2529/8588 2373/769/8589
f 2373/769/8590 2372/2513/8591 2379/2528/8592
f 2263/2457/8593 2258/2199/8594 2257/736/8595
f 2257/736/8596 2256/1617/8597 2263/2457/8598
f 2364/2495/8599 2365/772/8600 2360/1758/8601
f 2360/1758/8602 2358/1757/8603 2364/2495/8604
f 532/1274/8605 535/773/8606 533/776/8607
f 533/776/8608 525/757/8609 532/1274/8610
f 2232/1326/8611 2235/1816/8612 2234/1854/8613
f 2234/1854/8614 2233/1047/8615 2232/1326/8616
f 2380/2529/8617 2384/2530/8618 2381/770/8619
f 2381/770/8620 2373/769/8621 2380/2529/8622
f 2384/2530/8623 2385/2531/8624 2382/2520/8625
f 2382/2520/8626 2381/770/8627 2384/2530/8628
f 2156/2451/8629 2152/2448/8630 2151/1777/8631
f 2151/1777/8632 2155/1936/8633 2156/2451/8634
f 2365/772/8635 2374/771/8636 2366/2518/8637
f 2366/2518/8638 2360/1758/8639 2365/772/8640
f 2374/771/8641 2375/1317/8642 2368/1320/8643
f 2368/1320/8644 2366/2518/8645 2374/771/8646
f 2381/770/8647 2382/2520/8648 2375/1317/8649
f 2375/1317/8650 2374/771/8651 2381/770/8652
f 2385/2531/8653 2387/2532/8654 2386/2521/8655
f 2386/2521/8656 2382/2520/8657 2385/2531/8658
f 2366/2518/8659 2368/1320/8660 2367/2533/8661
f 2367/2533/8662 2361/2519/8663 2366/2518/8664
f 2368/1320/8665 2376/1319/8666 2369/2534/8667
f 2369/2534/8668 2367/2533/8669 2368/1320/8670
f 1759/2209/8671 1760/2535/8672 1758/2211/8673
f 1758/2211/8674 1756/2210/8675 1759/2209/8676
f 1675/1360/8677 1678/1359/8678 1676/2161/8679
f 1676/2161/8680 1677/2536/8681 1675/1360/8682
f 2478/2537/8683 2479/2538/8684 2471/861/8685
f 2471/861/8686 2468/2419/8687 2478/2537/8688
f 2485/2539/8689 2486/2540/8690 2479/2538/8691
f 2479/2538/8692 2478/2537/8693 2485/2539/8694
f 2492/2494/8695 2493/911/8696 2486/2540/8697
f 2486/2540/8698 2485/2539/8699 2492/2494/8700
f 2013/1062/8701 2015/1061/8702 2014/2466/8703
f 2014/2466/8704 2012/2100/8705 2013/1062/8706
f 591/876/8707 593/887/8708 592/2541/8709
f 592/2541/8710 590/1332/8711 591/876/8712
f 2486/2540/8713 2487/2542/8714 2480/2543/8715
f 2480/2543/8716 2479/2538/8717 2486/2540/8718
f 2493/911/8719 2488/910/8720 2487/2542/8721
f 2487/2542/8722 2486/2540/8723 2493/911/8724
f 2323/1530/8725 2325/1529/8726 2324/2375/8727
f 2324/2375/8728 2322/1813/8729 2323/1530/8730
f 2499/2544/8731 2500/1812/8732 2494/908/8733
f 2494/908/8734 2498/2493/8735 2499/2544/8736
f 2480/2543/8737 2481/2546/8738 2475/305/8739
f 2475/305/8740 2473/304/8741 2480/2543/8742
f 2487/2542/8743 2483/2547/8744 2481/2546/8745
f 2481/2546/8746 2480/2543/8747 2487/2542/8748
f 382/647/8749 390/671/8750 383/679/8751
f 383/679/8752 374/656/8753 382/647/8754
f 2500/1812/8755 2501/1811/8756 2495/909/8757
f 2495/909/8758 2494/908/8759 2500/1812/8760
f 2507/2549/8761 2508/1809/8762 2500/1812/8763
f 2500/1812/8764 2499/2544/8765 2507/2549/8766
f 25/2550/8767 26/40/8768 22/29/8769
f 22/29/8770 19/26/8771 25/2550/8772
f 2488/910/8773 2489/2264/8774 2483/2547/8775
f 2483/2547/8776 2487/2542/8777 2488/910/8778
f 1196/1713/8779 1197/899/8780 1194/1718/8781
f 1194/1718/8782 1195/2552/8783 1196/1713/8784
f 621/918/8785 619/917/8786 624/912/8787
f 624/912/8788 627/2351/8789 621/918/8790
f 2347/2433/8791 2348/1292/8792 2340/1007/8793
f 2340/1007/8794 2339/1006/8795 2347/2433/8796
f 2511/2553/8797 2512/2156/8798 2508/1809/8799
f 2508/1809/8800 2507/2549/8801 2511/2553/8802
f 2489/2264/8803 2496/2263/8804 2491/2555/8805
f 2491/2555/8806 2490/2556/8807 2489/2264/8808
f 2496/2263/8809 2502/2496/8810 2497/2557/8811
f 2497/2557/8812 2491/2555/8813 2496/2263/8814
f 2503/2503/8815 2504/2502/8816 2497/2557/8817
f 2497/2557/8818 2502/2496/8819 2503/2503/8820
f 2509/1810/8821 2503/2503/8822 2502/2496/8823
f 2502/2496/8824 2501/1811/8825 2509/1810/8826
f 1054/888/8827 1064/2291/8828 1062/1536/8829
f 1062/1536/8830 1055/889/8831 1054/888/8832
f 2510/2157/8833 2505/2500/8834 2503/2503/8835
f 2503/2503/8836 2509/1810/8837 2510/2157/8838
f 370/601/8839 371/617/8840 364/630/8841
f 364/630/8842 362/597/8843 370/601/8844
f 2425/2558/8845 2426/807/8846 2423/809/8847
f 2423/809/8848 2424/2559/8849 2425/2558/8850
f 2432/2560/8851 2433/2545/8852 2426/807/8853
f 2426/807/8854 2425/2558/8855 2432/2560/8856
f 2440/2561/8857 2441/881/8858 2433/2545/8859
f 2433/2545/8860 2432/2560/8861 2440/2561/8862
f 2448/2562/8863 2449/882/8864 2441/881/8865
f 2441/881/8866 2440/2561/8867 2448/2562/8868
f 980/1159/8869 987/1226/8870 981/1867/8871
f 981/1867/8872 979/1478/8873 980/1159/8874
f 2433/2545/8875 2434/632/8876 2428/635/8877
f 2428/635/8878 2426/807/8879 2433/2545/8880
f 983/1162/8881 976/1161/8882 975/1449/8883
f 975/1449/8884 982/992/8885 983/1162/8886
f 817/1346/8887 812/1362/8888 810/1343/8889
f 810/1343/8890 809/1342/8891 817/1346/8892
f 1113/2563/8893 1114/401/8894 1108/404/8895
f 1108/404/8896 1107/1681/8897 1113/2563/8898
f 2460/2382/8899 2453/2381/8900 2452/1078/8901
f 2452/1078/8902 2459/2554/8903 2460/2382/8904
f 677/653/8905 679/871/8906 678/1090/8907
f 678/1090/8908 674/654/8909 677/653/8910
f 1267/1771/8911 1269/624/8912 1268/626/8913
f 1268/626/8914 1264/1772/8915 1267/1771/8916
f 389/646/8917 395/672/8918 390/671/8919
f 390/671/8920 382/647/8921 389/646/8922
f 2444/1075/8923 2445/2498/8924 2438/1628/8925
f 2438/1628/8926 2436/1546/8927 2444/1075/8928
f 2453/2381/8929 2445/2498/8930 2444/1075/8931
f 2444/1075/8932 2452/1078/8933 2453/2381/8934
f 519/729/8935 517/752/8936 516/717/8937
f 516/717/8938 523/716/8939 519/729/8940
f 2436/1546/8941 2438/1628/8942 2437/1631/8943
f 2437/1631/8944 2431/1547/8945 2436/1546/8946
f 2309/2511/8947 2303/1337/8948 2302/1288/8949
f 2302/1288/8950 2308/1287/8951 2309/2511/8952
f 381/642/8953 382/647/8954 374/656/8955
f 374/656/8956 373/643/8957 381/642/8958
f 2454/906/8959 2455/905/8960 2445/2498/8961
f 2445/2498/8962 2453/2381/8963 2454/906/8964
f 2188/659/8965 2186/658/8966 2185/1050/8967
f 2185/1050/8968 2192/2427/8969 2188/659/8970
f 2466/2564/8971 2467/2565/8972 2465/2267/8973
f 2465/2267/8974 2462/907/8975 2466/2564/8976
f 2518/895/8977 2520/1134/8978 2519/2566/8979
f 2519/2566/8980 2517/896/8981 2518/895/8982
f 2455/905/8983 2463/904/8984 2456/1682/8985
f 2456/1682/8986 2446/1629/8987 2455/905/8988
f 2461/2380/8989 2466/2564/8990 2462/907/8991
f 2462/907/8992 2454/906/8993 2461/2380/8994
f 818/1348/8995 819/1365/8996 812/1362/8997
f 812/1362/8998 817/1346/8999 818/1348/9000
f 1951/532/9001 1944/2300/9002 1947/1282/9003
f 1947/1282/9004 1950/1281/9005 1951/532/9006
f 2463/904/9007 2464/2268/9008 2458/2323/9009
f 2458/2323/9010 2456/1682/9011 2463/904/9012
f 1883/1819/9013 1881/2265/9014 1880/2258/9015
f 1880/2258/9016 1888/1881/9017 1883/1819/9018
f 2558/2567/9019 2559/1328/9020 2551/1331/9021
f 2551/1331/9022 2548/2468/9023 2558/2567/9024
f 2565/1574/9025 2566/1514/9026 2559/1328/9027
f 2559/1328/9028 2558/2567/9029 2565/1574/9030
f 398/1670/9031 399/586/9032 392/588/9033
f 392/588/9034 391/670/9035 398/1670/9036
f 2551/1331/9037 2553/1330/9038 2552/2568/9039
f 2552/2568/9040 2549/2469/9041 2551/1331/9042
f 2030/2347/9043 2027/2287/9044 2026/540/9045
f 2026/540/9046 2029/2341/9047 2030/2347/9048
f 2566/1514/9049 2567/1428/9050 2560/1329/9051
f 2560/1329/9052 2559/1328/9053 2566/1514/9054
f 611/859/9055 614/902/9056 612/868/9057
f 612/868/9058 605/860/9059 611/859/9060
f 2580/146/9061 2575/145/9062 2574/1512/9063
f 2574/1512/9064 2573/1573/9065 2580/146/9066
f 2584/2584/9067 2585/2585/9068 1598/2095/9069
f 1598/2095/9070 1600/780/9071 2584/2584/9072
f 2553/1330/9073 2555/1010/9074 2554/1013/9075
f 2554/1013/9076 2552/2568/9077 2553/1330/9078
f 493/446/9079 489/19/9080 487/22/9081
f 487/22/9082 486/447/9083 493/446/9084
f 849/1271/9085 850/713/9086 843/715/9087
f 843/715/9088 842/1269/9089 849/1271/9090
f 2479/2538/9091 2480/2543/9092 2473/304/9093
f 2473/304/9094 2471/861/9095 2479/2538/9096
f 2575/145/9097 2576/2003/9098 2568/1513/9099
f 2568/1513/9100 2574/1512/9101 2575/145/9102
f 796/727/9103 798/1351/9104 797/2569/9105
f 797/2569/9106 795/873/9107 796/727/9108
f 650/1102/9109 642/1108/9110 641/1035/9111
f 641/1035/9112 649/1056/9113 650/1102/9114
f 2563/1429/9115 2564/2570/9116 2562/1595/9117
f 2562/1595/9118 2561/1430/9119 2563/1429/9120
f 2569/1842/9121 2570/1841/9122 2564/2570/9123
f 2564/2570/9124 2563/1429/9125 2569/1842/9126
f 2576/2003/9127 2571/1839/9128 2569/1842/9129
f 2569/1842/9130 2568/1513/9131 2576/2003/9132
f 1028/1596/9133 1021/1599/9134 1020/1588/9135
f 1020/1588/9136 1027/2000/9137 1028/1596/9138
f 749/2571/9139 750/1208/9140 742/1209/9141
f 742/1209/9142 748/1252/9143 749/2571/9144
f 2578/2397/9145 2579/2572/9146 2572/1840/9147
f 2572/1840/9148 2571/1839/9149 2578/2397/9150
f 2515/1744/9151 2516/894/9152 2513/897/9153
f 2513/897/9154 2514/2573/9155 2515/1744/9156
f 1869/668/9157 1870/2257/9158 1863/1585/9159
f 1863/1585/9160 1861/1584/9161 1869/668/9162
f 975/1449/9163 976/1161/9164 969/1467/9165
f 969/1467/9166 967/1445/9167 975/1449/9168
f 2537/2574/9169 2538/2575/9170 2531/1893/9171
f 2531/1893/9172 2530/1892/9173 2537/2574/9174
f 2206/1361/9175 2208/664/9176 2207/2490/9177
f 2207/2490/9178 2201/2488/9179 2206/1361/9180
f 2523/1743/9181 2524/1132/9182 2518/895/9183
f 2518/895/9184 2516/894/9185 2523/1743/9186
f 2531/1893/9187 2532/1499/9188 2524/1132/9189
f 2524/1132/9190 2523/1743/9191 2531/1893/9192
f 2538/2575/9193 2539/1496/9194 2532/1499/9195
f 2532/1499/9196 2531/1893/9197 2538/2575/9198
f 640/1028/9199 641/1035/9200 634/1110/9201
f 634/1110/9202 632/1087/9203 640/1028/9204
f 766/484/9205 767/483/9206 761/501/9207
f 761/501/9208 759/521/9209 766/484/9210
f 2230/2489/9211 2223/548/9212 2222/551/9213
f 2222/551/9214 2229/2487/9215 2230/2489/9216
f 2532/1499/9217 2533/1498/9218 2525/1133/9219
f 2525/1133/9220 2524/1132/9221 2532/1499/9222
f 2533/1498/9223 2541/475/9224 2534/477/9225
f 2534/477/9226 2525/1133/9227 2533/1498/9228
f 2409/1572/9229 2410/2089/9230 2404/2141/9231
f 2404/2141/9232 2403/2140/9233 2409/1572/9234
f 2544/1627/9235 2545/154/9236 2542/157/9237
f 2542/157/9238 2541/475/9239 2544/1627/9240
f 2520/1134/9241 2526/1831/9242 2521/2576/9243
f 2521/2576/9244 2519/2566/9245 2520/1134/9246
f 2525/1133/9247 2534/477/9248 2526/1831/9249
f 2526/1831/9250 2520/1134/9251 2525/1133/9252
f 2526/1831/9253 2528/1830/9254 2527/2577/9255
f 2527/2577/9256 2521/2576/9257 2526/1831/9258
f 1294/1791/9259 1286/689/9260 1285/1310/9261
f 1285/1310/9262 1293/1782/9263 1294/1791/9264
f 2542/157/9265 2546/156/9266 2543/2578/9267
f 2543/2578/9268 2535/476/9269 2542/157/9270
f 1743/2579/9271 1744/2580/9272 1740/2195/9273
f 1740/2195/9274 1742/2194/9275 1743/2579/9276
f 2528/1830/9277 2536/2581/9278 2529/2582/9279
f 2529/2582/9280 2527/2577/9281 2528/1830/9282
f 2535/476/9283 2543/2578/9284 2536/2581/9285
f 2536/2581/9286 2528/1830/9287 2535/476/9288
f 1075/994/9289 1082/1420/9290 1076/1562/9291
f 1076/1562/9292 1070/1545/9293 1075/994/9294
f 2583/2583/9295 1607/778/9296 1601/779/9297
f 1601/779/9298 2584/2584/9299 2583/2583/9300
f 1601/779/9301 1602/2104/9302 2585/2585/9303
f 2585/2585/9304 2584/2584/9305 1601/779/9306
f 2587/2587/9307 2586/2586/9308 1614/2092/9309
f 1614/2092/9310 1612/1031/9311 2587/2587/9312
f 1611/1030/9313 2588/2588/9314 2587/2587/9315
f 2587/2587/9316 1612/1031/9317 1611/1030/9318
f 2589/2589/9319 1709/2175/9320 1703/1941/9321
f 1703/1941/9322 2590/2590/9323 2589/2589/9324
f 1703/1941/9325 1704/1940/9326 2591/2591/9327
f 2591/2591/9328 2590/2590/9329 1703/1941/9330
f 2593/2593/9331 2592/2592/9332 1716/2166/9333
f 1716/2166/9334 1714/2164/9335 2593/2593/9336
f 1713/2162/9337 2594/2594/9338 2593/2593/9339
f 2593/2593/9340 1714/2164/9341 1713/2162/9342
f 179/71/9343 175/69/9344 174/70/9345
f 174/70/9346 180/227/9347 179/71/9348
f 67/83/9349 71/85/9350 70/86/9351
f 70/86/9352 69/89/9353 67/83/9354
f 35/32/9355 31/30/9356 30/31/9357
f 30/31/9358 36/50/9359 35/32/9360
f 1555/2048/9361 1559/2051/9362 1558/2052/9363
f 1558/2052/9364 1557/2054/9365 1555/2048/9366
f 1544/57/9367 1546/56/9368 1547/1954/9369
f 1547/1954/9370 1548/2053/9371 1544/57/9372
f 751/1259/9373 752/1214/9374 735/1180/9375
f 735/1180/9376 734/1173/9377 751/1259/9378
f 225/287/9379 221/285/9380 220/280/9381
f 220/280/9382 224/288/9383 225/287/9384
f 233/283/9385 229/281/9386 228/282/9387
f 228/282/9388 234/297/9389 233/283/9390
f 1587/457/9391 1583/458/9392 1582/460/9393
f 1582/460/9394 1586/1871/9395 1587/457/9396
f 1595/2082/9397 1591/2079/9398 1590/2078/9399
f 1590/2078/9400 1596/2088/9401 1595/2082/9402
f 193/232/9403 197/234/9404 196/235/9405
f 196/235/9406 195/247/9407 193/232/9408
f 2142/1787/9409 2141/768/9410 2148/1786/9411
f 2148/1786/9412 2149/2429/9413 2142/1787/9414
f 2170/2423/9415 2171/1441/9416 2165/2424/9417
f 2165/2424/9418 2163/2421/9419 2170/2423/9420
f 2177/1438/9421 2173/1439/9422 2171/1441/9423
f 2171/1441/9424 2170/2423/9425 2177/1438/9426
f 1111/1665/9427 1103/1690/9428 1102/762/9429
f 1102/762/9430 1110/1662/9431 1111/1665/9432
f 1120/1706/9433 1121/1704/9434 1104/1705/9435
f 1104/1705/9436 1112/1667/9437 1120/1706/9438
f 1154/639/9439 1146/469/9440 1145/472/9441
f 1145/472/9442 1153/640/9443 1154/639/9444
f 1157/641/9445 1154/639/9446 1153/640/9447
f 1153/640/9448 1156/1672/9449 1157/641/9450
f 1142/470/9451 1145/472/9452 1146/469/9453
f 1146/469/9454 1143/1643/9455 1142/470/9456
f 349/494/9457 347/398/9458 346/400/9459
f 346/400/9460 354/450/9461 349/494/9462
f 305/409/9463 304/496/9464 321/1249/9465
f 321/1249/9466 322/455/9467 305/409/9468
f 354/450/9469 357/452/9470 351/449/9471
f 351/449/9472 349/494/9473 354/450/9474
f 343/397/9475 346/400/9476 347/398/9477
f 347/398/9478 340/395/9479 343/397/9480
f 336/396/9481 343/397/9482 340/395/9483
f 340/395/9484 337/415/9485 336/396/9486
f 302/481/9487 295/378/9488 294/474/9489
f 294/474/9490 301/473/9491 302/481/9492
f 303/487/9493 297/385/9494 295/378/9495
f 295/378/9496 302/481/9497 303/487/9498
f 304/496/9499 305/409/9500 297/385/9501
f 297/385/9502 303/487/9503 304/496/9504
f 356/454/9505 353/451/9506 355/453/9507
f 355/453/9508 358/506/9509 356/454/9510
f 1366/1577/9511 1367/1576/9512 1360/1082/9513
f 1360/1082/9514 1359/1850/9515 1366/1577/9516
f 501/705/9517 499/706/9518 506/708/9519
f 506/708/9520 507/734/9521 501/705/9522
f 1307/1037/9523 1314/1038/9524 1315/1036/9525
f 1315/1036/9526 1308/1851/9527 1307/1037/9528
f 1360/1082/9529 1361/1079/9530 1355/1081/9531
f 1355/1081/9532 1354/1845/9533 1360/1082/9534
f 682/869/9535 680/870/9536 681/872/9537
f 681/872/9538 683/1091/9539 682/869/9540
f 2010/592/9541 2011/591/9542 2008/2101/9543
f 2008/2101/9544 2009/2364/9545 2010/592/9546
f 2257/736/9547 2253/207/9548 2251/738/9549
f 2251/738/9550 2250/2456/9551 2257/736/9552
f 2211/793/9553 2212/795/9554 2204/796/9555
f 2204/796/9556 2203/1558/9557 2211/793/9558
f 2247/2215/9559 2245/2214/9560 2251/738/9561
f 2251/738/9562 2252/737/9563 2247/2215/9564
f 1940/562/9565 1941/563/9566 1935/561/9567
f 1935/561/9568 1933/1187/9569 1940/562/9570
f 1018/1255/9571 1019/1551/9572 1011/1464/9573
f 1011/1464/9574 1010/1479/9575 1018/1255/9576
f 1055/889/9577 1056/1098/9578 1049/1535/9579
f 1049/1535/9580 1047/890/9581 1055/889/9582
f 999/423/9583 1002/421/9584 1000/422/9585
f 1000/422/9586 1001/1521/9587 999/423/9588
f 1048/1522/9589 1044/1523/9590 1047/890/9591
f 1047/890/9592 1049/1535/9593 1048/1522/9594
f 1957/2293/9595 1960/2311/9596 1961/2309/9597
f 1961/2309/9598 1958/1836/9599 1957/2293/9600
f 1910/1826/9601 1909/1827/9602 1926/1825/9603
f 1926/1825/9604 1927/2312/9605 1910/1826/9606
f 2484/2551/9607 2483/2547/9608 2489/2264/9609
f 2489/2264/9610 2490/2556/9611 2484/2551/9612
f 2482/2548/9613 2481/2546/9614 2483/2547/9615
f 2483/2547/9616 2484/2551/9617 2482/2548/9618
f 2477/686/9619 2475/305/9620 2481/2546/9621
f 2481/2546/9622 2482/2548/9623 2477/686/9624
f 2443/1076/9625 2452/1078/9626 2444/1075/9627
f 2444/1075/9628 2435/633/9629 2443/1076/9630
f 2442/883/9631 2443/1076/9632 2435/633/9633
f 2435/633/9634 2434/632/9635 2442/883/9636
f 2441/881/9637 2442/883/9638 2434/632/9639
f 2434/632/9640 2433/2545/9641 2441/881/9642
f 989/1473/9643 991/1483/9644 990/1484/9645
f 990/1484/9646 988/1506/9647 989/1473/9648
f 1246/392/9649 1245/391/9650 1262/884/9651
f 1262/884/9652 1263/1796/9653 1246/392/9654
f 1289/1788/9655 1291/1792/9656 1290/1793/9657
f 1290/1793/9658 1288/1789/9659 1289/1788/9660
