# This file uses centimeters as units for non-parametric coordinates.

mtllib hair4.mtl
g default
v 6.310556 164.589706 4.336681
v 6.241345 164.132126 4.568628
v 6.513306 164.260010 3.718135
v 6.415661 163.823639 3.987901
v 6.700876 163.954132 3.266653
v 6.552827 163.568710 3.603780
v 6.865216 163.628525 2.977154
v 6.639134 163.357315 3.404293
v 7.007507 163.209915 2.819836
v 6.711424 163.089066 3.299948
v 7.122712 162.722931 2.792648
v 6.785674 162.718582 3.279852
v 6.821103 162.191910 3.298333
v 7.175736 162.124725 2.812903
v 6.832169 161.502014 3.346737
v 7.187813 161.392624 2.858921
v 6.825917 166.791122 3.183677
v 6.002697 167.738373 3.763484
v 5.825631 167.044525 4.378211
v 6.787773 166.197357 3.952665
v 7.516336 166.003082 2.696483
v 7.487803 165.498291 3.555216
v 7.984291 165.376373 2.321868
v 7.885713 164.945389 3.239803
v 8.238763 164.874985 2.067705
v 8.011344 164.559738 3.044662
v 8.400392 164.378021 1.927655
v 8.071040 164.270355 2.964286
v 8.502587 163.876678 1.925986
v 8.134263 164.026825 2.973977
v 8.561072 163.393417 2.078902
v 8.207321 163.806870 3.064612
v 8.581657 162.940063 2.395262
v 8.287915 163.558548 3.268510
v 8.605992 162.468460 2.907920
v 8.356712 163.199966 3.675491
v 8.665421 161.955826 3.615637
v 8.435778 162.743958 4.301861
v 8.764401 161.386215 4.521298
v 8.542022 162.206482 5.136188
v -6.018833 168.794357 1.935386
v -5.225780 168.450775 2.815855
v -5.319517 169.332108 2.481278
v -6.026684 168.025146 2.423714
v -6.632168 168.250931 1.416249
v -6.664997 167.600937 2.044460
v -7.099365 167.707184 0.978786
v -7.079545 167.182770 1.737319
v -7.371219 167.199905 0.673363
v -7.272267 166.751770 1.506627
v -7.582798 166.752075 0.416866
v -7.471044 166.295578 1.270930
v -7.792605 166.330795 0.163299
v -7.724812 165.850250 1.030766
v -8.002463 165.919754 -0.088375
v -8.021386 165.435471 0.799879
v -8.375725 165.062088 0.559719
v -8.243598 165.520157 -0.334680
v -8.836250 164.740875 0.297192
v -8.625036 165.152573 -0.598226
v -9.399082 164.465454 0.017420
v -9.158340 164.832199 -0.883409
v -10.089115 164.231491 -0.288270
v -9.842834 164.572739 -1.186064
v -5.545662 164.720917 4.124978
v -4.803586 165.290848 5.014433
v -5.175016 165.657410 4.621750
v -5.335953 164.388840 4.667641
v -5.897442 163.937424 3.749494
v -5.756537 163.650558 4.358692
v -6.188174 163.309662 3.478225
v -6.002562 163.073364 4.114748
v -6.395959 162.819443 3.326990
v -6.061367 162.658569 3.947262
v -6.557024 162.372452 3.254686
v -6.096026 162.281708 3.823260
v -6.686615 161.943253 3.235712
v -6.148532 161.900894 3.746370
v -6.210896 161.509521 3.728014
v -6.786476 161.538437 3.262401
v -6.869807 161.162460 3.292774
v -6.288677 161.063080 3.724882
v -6.989351 160.719833 3.211721
v -6.400608 160.526947 3.566684
v -7.144631 160.162674 3.003498
v -6.532038 159.938995 3.249628
v -7.310833 159.494812 2.668218
v -6.673546 159.295441 2.781479
v -7.021638 166.981476 3.095094
v -5.937547 166.440308 4.245450
v -6.146227 167.457993 3.336649
v -6.727732 165.936859 3.944545
v -5.805510 165.392639 5.076085
v -7.646718 166.461060 2.617790
v -6.326325 164.879822 4.609014
v -7.333243 165.421860 3.359067
v -8.147638 166.014542 2.006714
v -6.922909 164.394974 3.961544
v -7.927816 164.984406 2.582887
v -7.612631 163.963699 3.059957
v -8.553076 164.630432 1.717344
v -8.701893 165.682617 1.376866
v -8.317018 163.576065 1.992087
v -8.845163 166.138458 -0.108137
v -8.216953 167.505951 -0.082051
v -8.648584 166.992844 -0.751908
v -8.434546 166.664200 0.911544
v -8.644417 165.195007 0.672046
v -7.780989 168.101700 0.565224
v -8.113334 165.779587 1.862207
v -7.901529 167.392426 1.674611
v -7.730086 166.631775 2.761765
v -7.236938 168.817902 1.170770
v -6.939545 167.160355 3.048799
v -7.207663 168.078735 2.204814
v -6.238493 169.271530 1.515857
v -6.166061 167.559402 3.293366
v -6.356703 168.503860 2.503026
v 6.510599 164.720856 4.074120
v 6.318899 165.657349 4.616065
v 5.927365 165.290802 5.012957
v 6.255555 164.388794 4.636329
v 6.613971 163.937378 3.659801
v 6.440410 163.650513 4.293845
v 6.732944 163.309601 3.368177
v 6.531460 163.073318 4.031772
v 6.851820 162.819397 3.209240
v 6.517845 162.658539 3.856248
v 6.976437 162.372391 3.134322
v 6.523198 162.281662 3.727881
v 7.115265 161.943176 3.115370
v 6.582457 161.900848 3.648826
v 6.687794 161.509460 3.629627
v 7.260626 161.538391 3.144700
v 7.413033 161.162430 3.178653
v 6.849086 161.063019 3.626740
v 7.633417 160.719772 3.100087
v 7.084238 160.526917 3.465933
v 7.916589 160.162613 2.897243
v 7.354238 159.938934 3.146271
v 8.196819 159.494736 2.564857
v 7.610821 159.295395 2.669306
v -6.157032 167.787918 2.632404
v -5.040920 168.070847 3.420960
v -5.525448 168.715057 3.010193
v -5.779739 167.204361 3.228993
v -6.722533 167.007935 2.291602
v -6.406998 166.476044 3.023531
v -7.169398 166.398254 2.014215
v -6.880140 165.882980 2.823510
v -7.472315 165.972244 1.810534
v -7.194368 165.412750 2.614510
v -7.748762 165.641846 1.627929
v -7.538453 165.009201 2.387798
v -8.046833 165.360291 1.430242
v -7.953764 164.675201 2.153363
v -8.367903 165.120438 1.215055
v -8.426654 164.417542 1.917184
v -8.962568 164.245239 1.642683
v -8.693013 164.942001 0.987199
v -9.521091 164.201843 1.262091
v -9.060950 164.865967 0.691865
v -9.501408 164.900055 0.303369
v -10.077119 164.283920 0.800534
v -10.011523 165.057068 -0.181190
v -10.668785 164.477997 0.250110
v -5.899961 166.850662 3.217400
v -4.842851 167.061356 4.377756
v -5.172908 167.795319 3.791600
v -5.700551 166.211258 3.965185
v -6.528746 166.048935 2.769115
v -6.413495 165.505325 3.617632
v -7.002822 165.405487 2.437789
v -6.904582 164.947479 3.337661
v -7.307284 164.891022 2.210107
v -7.119124 164.559799 3.161302
v -7.548249 164.383163 2.085617
v -7.251839 164.270416 3.090073
v -7.746049 163.876755 2.089407
v -7.374847 164.026886 3.103189
v -7.888426 163.393478 2.239309
v -7.496122 163.806915 3.192661
v -7.977633 162.940140 2.545467
v -7.623675 163.558594 3.390222
v -8.049032 162.468552 3.038998
v -7.744967 163.200012 3.782489
v -8.102492 161.955902 3.718250
v -7.846221 162.744034 4.385079
v -8.125224 161.386307 4.586635
v -7.907824 162.206558 5.189301
v 7.217474 158.858673 2.340083
v 7.499385 159.529846 2.951761
v 7.290244 158.886749 3.098544
v 7.320047 159.475800 2.232302
v 7.602395 160.077118 2.747184
v 7.328946 159.966705 2.108181
v 7.632614 160.530914 2.482896
v 7.279982 160.329147 1.970719
v 7.618680 160.847122 2.193238
v 7.195639 160.621857 1.796023
v 7.123055 160.950882 1.598862
v 7.597826 161.111649 1.970403
v 7.083944 161.304825 1.418556
v 7.574501 161.395096 1.810325
v 7.083270 161.669388 1.264372
v 7.551219 161.711609 1.704759
v 7.093754 162.092224 1.161686
v 7.502297 162.106461 1.673005
v 7.033459 162.738632 1.195773
v 7.349290 162.716263 1.783136
v 6.951139 163.623032 1.380445
v 7.144600 163.549789 2.035238
v 6.833310 164.742813 1.718754
v 6.914709 164.609650 2.406746
v -6.206816 158.858734 2.470821
v -6.285499 158.886795 3.199579
v -6.596878 159.529907 3.054390
v -6.397535 159.475845 2.363784
v -6.809178 160.077148 2.861534
v -6.492678 159.966751 2.245127
v -6.930220 160.530975 2.611635
v -6.511110 160.329208 2.117951
v -6.968054 160.847153 2.335272
v -6.475539 160.621887 1.953254
v -6.450250 160.950943 1.766131
v -6.981902 161.111710 2.122771
v -6.451896 161.304871 1.593770
v -6.990614 161.395157 1.970923
v -6.478948 161.669434 1.445080
v -6.995679 161.711685 1.871699
v -6.504577 162.092270 1.345687
v -6.968489 162.106522 1.843965
v -6.431186 162.738678 1.376230
v -6.811606 162.716339 1.952507
v -6.248862 163.630035 1.549963
v -6.504831 163.549850 2.193638
v -5.960583 164.782333 1.857671
v -6.048640 164.624680 2.534677
v -8.558815 162.401154 1.038906
v -9.116267 161.937775 1.733898
v -8.726848 161.696686 1.950382
v -8.199759 162.190247 1.244735
v -8.364882 161.545822 2.164940
v -7.887050 162.092560 1.454037
v -8.015357 161.491867 2.382830
v -7.633436 162.101364 1.655320
v -7.434939 162.199341 1.846540
v -7.680437 161.547836 2.601187
v -7.261183 162.340759 2.027725
v -7.377311 161.704041 2.826772
v -7.096287 162.520844 2.200437
v -7.115522 161.948273 3.058553
v -6.911448 162.256302 3.280604
v -6.924491 162.763763 2.379519
v -6.721227 162.615738 3.512746
v -6.695659 163.127548 2.623895
v -6.301842 163.674026 3.044753
v -6.347127 163.113007 3.885170
v -5.776197 163.777725 4.400429
v -5.765822 164.385071 3.609605
v -5.065938 164.606201 5.022053
v -5.154705 165.264297 4.293499
v 5.934389 169.139450 2.048944
v 5.881534 168.305176 2.571015
v 6.694108 168.574753 1.460114
v 6.762139 167.872253 2.168614
v 7.396382 168.027878 1.009747
v 7.478722 167.453781 1.818830
v 7.932355 167.499893 0.663489
v 7.939610 167.048737 1.544798
v 8.238851 167.015976 0.430788
v 8.153433 166.632477 1.341379
v 8.469381 166.592896 0.227737
v 8.363713 166.195206 1.126864
v 8.685737 166.197647 0.012606
v 8.623404 165.772034 0.893755
v 8.891500 165.813385 -0.218313
v 8.917451 165.379807 0.655060
v 9.253730 165.027130 0.408241
v 9.124722 165.441223 -0.463378
v 9.683744 164.723862 0.148651
v 9.490403 165.102768 -0.727751
v 10.241455 164.461304 -0.117951
v 10.016546 164.809235 -1.001303
v 10.942139 164.231400 -0.385047
v 10.706593 164.568588 -1.269172
v -6.081725 165.248871 3.632433
v -6.925043 163.611313 3.081289
v -6.350858 164.602783 4.209095
v -6.150046 163.897552 4.660810
v -6.732129 164.140106 2.376579
v -6.628715 163.058609 3.696799
v -7.221821 162.701721 2.457361
v -7.132116 163.004288 1.580086
v -6.809497 162.431274 3.255355
v -7.241879 162.061874 1.328950
v -7.274649 161.884674 2.272232
v -6.801975 161.767090 3.112963
v -7.313876 161.332199 1.110634
v -6.821512 160.931854 2.866699
v -7.316329 161.105545 2.050552
v -6.848031 160.292984 2.625316
v -7.349541 160.315201 1.781190
v -7.361736 160.408249 0.805444
v -6.700939 159.607590 2.706862
v -7.081357 159.128754 0.943623
v -7.130367 159.314606 1.891243
v -6.218722 158.542282 3.238523
v -6.388092 157.702591 1.673232
v -6.532171 158.053055 2.520894
v 7.228159 159.314545 1.792163
v 6.411858 158.542236 3.179242
v 6.783420 158.053009 2.438270
v 6.646655 157.702530 1.567147
v 6.747723 159.607529 2.635001
v 7.182048 159.128693 0.817339
v 7.293735 160.315155 1.674437
v 7.322476 160.408203 0.676821
v 6.751103 160.292923 2.543692
v 7.141738 161.332123 0.975117
v 7.086748 161.105469 1.941679
v 6.563045 160.931793 2.788881
v 6.908477 161.884598 2.165641
v 6.383543 161.767029 3.040300
v 6.981985 162.061798 1.194366
v 6.365750 162.431198 3.182352
v 6.841455 162.701645 2.350956
v 6.878833 163.004211 1.450155
v 6.266796 163.058563 3.632406
v 6.634204 164.136246 2.270655
v 6.667214 163.611237 2.991493
v 6.076798 163.897491 4.629225
v 6.258575 165.243729 3.591244
v 6.424896 164.602737 4.167863
v -6.690301 163.298248 3.596040
v -6.388955 163.313080 4.462973
v -6.366171 163.728073 4.160796
v -6.680759 162.913284 3.937083
v -6.948887 162.919617 3.195839
v -6.876462 162.597046 3.598637
v -7.143387 162.561829 2.955106
v -6.991968 162.338501 3.420099
v -7.304575 162.149307 2.802323
v -7.091881 162.030655 3.302307
v -7.425210 161.676636 2.730758
v -7.175675 161.656845 3.242972
v -7.195045 161.158905 3.249223
v -7.452826 161.096313 2.738212
v -7.122592 160.514832 3.331805
v -7.367775 160.397827 2.825293
v 8.151866 167.325058 -0.261950
v 8.858381 166.062958 -0.226890
v 8.656430 166.849319 -0.857978
v 8.384783 166.575378 0.798548
v 8.659245 165.165390 0.524758
v 7.628728 167.893005 0.281800
v 8.139331 165.745209 1.759735
v 7.787401 167.283295 1.538481
v 7.755613 166.594101 2.717659
v 7.007618 168.588745 0.745216
v 6.931873 167.101776 3.009802
v 7.030894 167.947754 2.002583
v 5.956634 169.010132 0.920699
v 6.131168 167.487930 3.235646
v 6.139148 168.352554 2.212903
v 6.166731 166.431549 4.245265
v 7.040320 166.932068 3.065509
v 6.128916 167.391525 3.290385
v 6.960447 165.932144 3.920711
v 6.102600 165.392578 5.074660
v 7.673786 166.420166 2.564133
v 6.500108 164.879791 4.584251
v 7.480369 165.417740 3.294825
v 8.166078 165.978409 1.917901
v 6.900862 164.394897 3.901721
v 7.983005 164.980255 2.476848
v 7.450228 163.963654 2.956597
v 8.565603 164.626999 1.574503
v 8.715425 165.654633 1.257016
v 8.157315 163.576004 1.846456
v -6.222764 164.589737 4.371129
v -6.570001 164.260071 3.779524
v -6.266413 164.132156 4.601970
v -6.585742 163.823730 4.043478
v -6.867861 163.954208 3.348161
v -6.815714 163.568787 3.674187
v -7.120858 163.628586 3.071224
v -6.958180 163.357361 3.482141
v -7.345350 163.209961 2.920072
v -7.085092 163.089142 3.381229
v -7.522884 162.722977 2.893128
v -7.211599 162.718628 3.361131
v -7.270776 162.191986 3.375756
v -7.591899 162.124786 2.909538
v -7.220805 161.502090 3.418010
v -7.528662 161.392685 2.947661
v 6.368900 163.298172 3.526371
v 6.191946 163.727997 4.111587
v 6.142128 163.313004 4.420931
v 6.302789 162.913223 3.878481
v 6.551379 162.919540 3.114030
v 6.441096 162.597000 3.530850
v 6.714317 162.561768 2.866339
v 6.539293 162.338425 3.348112
v 6.878712 162.149231 2.708960
v 6.644341 162.030609 3.227767
v 7.046196 161.676559 2.635946
v 6.765902 161.656769 3.167155
v 6.874667 161.158829 3.175328
v 7.178041 161.096237 2.647075
v 6.953682 160.514786 3.265038
v 7.248361 160.397781 2.743941
v 6.945780 167.662842 2.453884
v 6.216162 168.584061 2.779436
v 5.787902 167.982285 3.335122
v 6.656501 167.132889 3.182085
v 7.599975 166.904053 2.159215
v 7.381940 166.425812 2.974718
v 8.086957 166.318314 1.899974
v 7.894726 165.850525 2.742820
v 8.402931 165.910400 1.694884
v 8.193137 165.391693 2.504827
v 8.680137 165.594589 1.499569
v 8.495865 164.997131 2.256304
v 8.967893 165.325333 1.291184
v 8.860629 164.670029 2.009493
v 9.267702 165.096542 1.070114
v 9.282213 164.416473 1.769564
v 9.781752 164.245132 1.500028
v 9.567897 164.926178 0.841407
v 10.337070 164.201752 1.132103
v 9.915561 164.855194 0.551583
v 10.354029 164.892746 0.176731
v 10.914206 164.283813 0.691743
v 10.873167 165.052307 -0.274829
v 11.524496 164.477905 0.183081
v 6.609302 164.384995 3.523809
v 6.241938 165.264236 4.272791
v 6.071688 164.606140 5.010751
v 6.494821 163.777664 4.338603
v 6.932951 163.673950 2.917775
v 6.864896 163.112946 3.788215
v 7.161638 162.615662 3.398300
v 7.229478 163.127472 2.476736
v 7.431788 162.763687 2.223386
v 7.341481 162.256226 3.159147
v 7.606944 162.520752 2.038589
v 7.570836 161.948212 2.929766
v 7.882140 161.703964 2.692683
v 7.790455 162.340698 1.861632
v 8.242463 161.547760 2.465303
v 7.991928 162.199265 1.677056
v 8.628964 161.491776 2.247567
v 8.224781 162.101303 1.483531
v 8.515463 162.092484 1.282609
v 9.017879 161.545746 2.031484
v 8.864579 162.190186 1.075426
v 9.410408 161.696625 1.820891
v 9.255961 162.401077 0.875433
v 9.823701 161.937698 1.609737
v 5.907255 152.390930 -4.284326
v 7.358853 152.865738 -3.019037
v 6.428254 151.467850 -2.314533
v 6.637682 153.771408 -3.566460
v 5.422537 153.772095 -5.130490
v 7.820082 154.515823 -2.697062
v 6.772430 154.823776 -2.023206
v 6.178670 154.528381 -3.718318
v 6.193220 154.923248 -1.782904
v 4.976119 154.907608 -5.226759
v 5.918447 155.277603 -3.763591
v 6.044970 155.453094 -1.809130
v 6.057834 156.239273 -2.005805
v 5.669876 156.037338 -3.869258
v 4.487574 155.760773 -5.150673
v 6.255727 156.824738 -2.353609
v 5.433834 156.794083 -4.010226
v 3.884003 156.812668 -4.909196
v 6.487135 157.536942 -2.588769
v 5.372640 157.856033 -3.999161
v 6.849981 158.726807 -2.592582
v 3.646264 158.259338 -4.548969
v 5.661300 159.276215 -3.833288
v 3.976443 159.911041 -4.230719
v -8.854545 157.085754 -1.102957
v -8.274084 156.579895 -1.358376
v -8.763179 157.282883 -1.335968
v -8.521785 156.326477 -1.361031
v -8.992346 156.806686 -0.869119
v -8.854475 156.123734 -1.407587
v -8.334888 155.824448 -2.075636
v -7.918907 155.995483 -1.900150
v -8.804151 155.849686 -2.269648
v -7.587346 156.303833 -1.844038
v -9.299489 156.075699 -1.458070
v -9.263166 155.939606 -2.351473
v -9.318412 156.671143 -0.808821
v -9.774854 156.778961 -0.878608
v -9.825574 156.170517 -1.496141
v -9.782674 156.001541 -2.367841
v -10.446939 156.046219 -2.306918
v -10.435997 156.403931 -1.525198
v -10.286421 157.119415 -1.088094
v -8.065845 156.843658 -1.385208
v -8.668198 157.428314 -1.460592
v -7.346035 156.686966 -1.922673
v -8.564285 157.584503 -1.464785
v -7.879791 157.123337 -1.429968
v -7.183129 157.115112 -2.074369
v -8.422418 157.844055 -1.417289
v -7.703053 157.463287 -1.491510
v -6.951668 157.669617 -2.120228
v -7.510186 157.988281 -1.557568
v -8.250416 158.329865 -1.500945
v -6.632707 158.390991 -2.074980
v -7.290158 158.709335 -1.647799
v -6.262416 159.311676 -1.913691
v -8.050638 159.017105 -1.740690
v -7.038955 159.625290 -1.769201
v -7.761329 159.873260 -2.135973
v -4.652798 170.503494 -0.348590
v -5.461534 169.288864 -0.562266
v -4.890682 169.770355 0.374074
v -5.095944 169.942505 -1.314133
v -6.003704 168.839020 -1.477516
v -5.552788 169.432159 -2.233542
v -6.459145 168.428284 -2.262341
v -5.972928 168.992462 -3.019594
v -6.793657 168.098557 -2.831330
v -6.369773 168.623779 -3.658843
v -7.100795 167.857529 -3.159936
v -6.829319 168.267029 -4.117234
v -7.435987 167.683044 -3.308194
v -7.367275 167.932816 -4.343682
v -7.831891 167.556931 -3.312089
v -7.965600 167.641342 -4.339168
v -8.610504 167.404510 -4.143194
v -8.307737 167.469086 -3.179319
v -9.288743 167.251633 -3.793151
v -8.851912 167.406860 -2.911600
v -10.001623 167.179245 -3.309101
v -9.462401 167.373993 -2.500793
v -10.134390 167.375916 -1.953847
v -10.754373 167.184418 -2.701312
v -3.899166 169.498734 -4.752363
v -4.684972 168.204132 -5.395304
v -4.462204 168.852386 -4.261306
v -4.010424 168.739639 -5.876312
v -4.908799 167.653732 -6.208369
v -4.209352 168.083984 -6.760204
v -5.159709 167.212509 -6.770738
v -4.508272 167.543182 -7.438575
v -5.442615 166.862030 -7.126857
v -4.898829 167.135239 -7.903775
v -5.807812 166.612549 -7.399879
v -5.359790 166.850769 -8.243143
v -6.257321 166.480835 -7.603850
v -5.895102 166.670258 -8.496537
v -6.782826 166.468704 -7.735140
v -6.513258 166.587234 -8.669631
v -7.208854 166.607025 -8.764053
v -7.384136 166.570862 -7.802320
v -7.968198 166.762390 -8.795196
v -8.056067 166.771347 -7.821544
v -8.802665 167.072113 -7.793865
v -8.789853 167.049393 -8.772365
v -9.629471 167.476303 -7.722339
v -9.671178 167.465424 -8.703182
v -4.754071 170.195801 -2.154255
v -5.729549 169.000229 -2.922405
v -5.218021 169.473114 -1.579118
v -5.163844 169.609177 -3.536375
v -6.198503 168.570358 -3.932103
v -5.605766 169.079315 -4.607565
v -6.627508 168.227051 -4.588708
v -6.082154 168.659851 -5.344326
v -7.049479 167.962936 -4.977252
v -6.602913 168.365692 -5.800528
v -7.438740 167.643250 -5.287021
v -7.065634 168.007019 -6.158783
v -7.782962 167.232666 -5.562454
v -7.437492 167.524628 -6.471920
v -8.087852 166.723740 -5.809690
v -7.716273 166.929855 -6.738804
v -8.355822 166.130524 -6.032931
v -7.921009 166.260773 -6.954544
v -8.592703 165.529343 -6.222193
v -8.111013 165.602554 -7.124613
v -8.796268 164.929153 -6.371685
v -8.290792 164.959015 -7.254568
v -8.966657 164.328766 -6.480369
v -8.459975 164.321686 -7.350321
v -2.409321 167.928314 -7.554249
v -2.800819 168.832336 -6.298225
v -1.928691 168.375626 -6.609478
v -3.313403 168.163620 -7.176624
v -2.794241 167.535645 -8.323599
v -3.687107 167.536789 -7.894256
v -3.919206 166.968369 -8.464676
v -3.086500 167.195496 -8.935867
v -4.015231 166.458038 -8.915180
v -3.284211 166.906158 -9.396754
v -4.013002 166.028076 -9.358356
v -3.375804 166.655441 -9.778214
v -3.354116 166.430695 -10.120798
v -3.927826 165.680267 -9.814067
v -3.219376 166.233948 -10.428850
v -3.759491 165.407791 -10.287162
v -2.983987 166.071640 -10.703798
v -3.485075 165.210159 -10.775555
v -3.064001 165.088638 -11.240427
v -2.653601 165.961426 -10.990229
v -2.513721 165.040741 -11.668914
v -2.207272 165.907349 -11.297518
v -1.842669 165.058853 -12.062483
v -1.638502 165.916931 -11.618950
v 6.886984 166.070129 -4.382117
v 6.270308 167.842926 -2.695039
v 6.504611 166.823944 -2.315764
v 6.514359 167.029663 -4.785510
v 5.501149 168.611526 -3.081965
v 6.946645 165.491272 -5.722865
v 5.621171 167.664078 -5.104275
v 6.447179 166.367569 -6.202677
v 6.884737 165.013092 -6.454757
v 5.486446 166.909653 -6.459825
v 6.297554 165.725464 -7.090655
v 5.293584 166.139420 -7.395879
v 5.212615 165.080124 -8.148916
v 6.246890 164.857407 -7.771609
v 6.899137 164.387604 -6.991633
v 5.219479 163.893951 -8.640610
v 6.964940 163.526413 -7.424164
v 6.271113 163.796402 -8.259297
v 5.225465 162.714539 -8.894688
v 7.028535 162.572372 -7.710255
v 6.293470 162.682526 -8.545002
v 7.078718 161.586868 -7.816151
v 6.302504 161.527985 -8.618446
v 5.220657 161.519012 -8.923790
v 6.282077 160.391602 -8.412382
v 7.088473 160.610672 -7.667388
v 5.186782 160.370346 -8.685524
v 6.221905 159.308243 -7.935764
v 7.038286 159.579895 -7.227344
v 5.130575 159.346909 -8.228328
v 6.077009 158.263367 -7.388729
v 6.830986 158.495193 -6.631737
v 5.018495 158.411316 -7.761589
v 5.837507 157.263962 -6.843788
v 6.498932 157.412704 -5.986897
v 4.808975 157.482162 -7.294408
v 5.580472 155.988464 -6.497515
v 6.112144 156.013596 -5.516983
v 4.589274 156.233109 -7.030844
v 5.259567 154.215561 -6.376544
v 5.635622 154.128632 -5.317790
v 4.325874 154.482803 -7.026170
v -0.544449 165.677567 -9.434105
v -0.437730 166.418655 -9.101300
v 0.559134 165.696304 -9.513524
v 0.676272 166.500320 -9.196262
v 1.678003 165.629272 -9.464071
v -0.350714 167.079895 -8.674879
v 1.806278 166.437561 -9.100358
v 0.764357 167.229019 -8.744936
v -0.295976 167.641098 -8.115366
v 1.895481 167.196106 -8.629875
v 0.688889 168.196548 -7.219017
v -0.397202 167.941437 -7.420971
v 0.797927 167.880035 -8.177869
v 1.913795 167.955078 -8.102316
v 1.777900 168.337265 -7.002114
v -5.961189 169.008926 1.643096
v -5.636456 169.476578 0.440914
v -6.833790 168.777344 1.092407
v -6.597831 169.450882 -0.021390
v -5.423533 169.734283 -1.076663
v -7.682238 168.055298 0.268597
v -6.288125 169.658005 -1.491526
v -7.208974 168.797684 -0.793746
v -7.921471 167.358627 -0.657695
v -6.598755 169.349838 -2.033237
v -7.610583 168.274719 -1.620347
v -8.438215 166.487534 -1.986107
v -6.900002 168.949646 -2.637615
v -8.031934 167.581329 -2.921889
v -7.311695 168.417923 -3.635713
v -5.306841 166.947220 -8.436284
v -4.106943 167.463150 -8.323717
v -4.300545 166.886597 -8.885783
v -5.118742 167.602631 -7.852912
v -6.266325 166.860703 -7.860969
v -3.868594 167.944061 -7.718709
v -6.068225 167.513611 -7.230739
v -4.859398 168.153534 -7.198471
v -3.590465 168.252609 -7.096742
v -5.802374 168.099045 -6.547942
v -4.528580 168.532990 -6.497672
v -3.316001 168.398254 -6.496652
v -5.452614 168.572266 -5.816977
v -4.176045 168.746399 -5.788017
v -5.047804 168.956116 -5.042818
v 6.580013 168.519974 0.597951
v 5.510748 169.404907 -0.293574
v 5.790106 169.062332 1.046752
v 6.391749 169.080780 -0.629806
v 5.352324 169.560623 -1.643561
v 7.538178 167.825485 -0.028090
v 6.125600 169.200424 -1.937389
v 7.077892 168.451065 -1.174285
v 7.876808 167.144653 -0.835439
v 6.462584 168.913101 -2.330363
v 7.550044 167.964523 -1.805095
v 8.472617 166.343674 -2.032746
v 6.794980 168.552872 -2.769359
v 8.021894 167.350143 -2.898158
v 7.231386 168.106064 -3.561837
v 8.462220 163.158249 0.963315
v 6.912559 164.602051 2.315403
v 7.571877 164.004593 2.883955
v 7.835482 163.816299 0.391477
v 5.965556 164.642181 1.867231
v 9.115371 162.569916 -0.496542
v 6.882964 163.938614 -0.080648
v 8.411970 163.185654 -1.069912
v 9.549438 162.028320 -1.671467
v 7.429438 163.267456 -1.498404
v 8.775637 162.614410 -2.179188
v 9.597657 161.210022 -2.727504
v 7.735820 162.690521 -2.448607
v 8.913239 161.916214 -3.187257
v 7.881936 162.223068 -3.338806
v 8.777096 161.004837 -4.062575
v 7.876279 161.547501 -4.320879
v 9.249376 160.341614 -3.383371
v 7.498945 160.259583 -4.890292
v 8.318891 159.788895 -4.392001
v 8.733603 159.491669 -3.481345
v 6.867028 158.722168 -4.857681
v 7.643521 158.384430 -4.188878
v 8.013198 158.329590 -3.191655
v 7.118644 157.074966 -4.000979
v 6.459974 157.371689 -4.829321
v 7.307759 157.052795 -2.900162
v 6.221781 156.245575 -4.920814
v 6.737036 155.902939 -3.982415
v 6.709838 155.765259 -2.814684
v 6.052621 155.120544 -5.295410
v 6.375411 154.265656 -3.244753
v 6.519314 154.652420 -4.367664
v 5.841708 153.736618 -6.048502
v 6.389731 152.608185 -4.228885
v 6.416015 153.208450 -5.247817
v -6.260707 169.239182 -2.403882
v -5.390574 169.847839 -1.459356
v -5.195776 169.669342 -3.171112
v -5.872756 169.142639 -4.006848
v -4.790099 169.196320 -4.734783
v -7.025830 168.542740 -3.423588
v -5.255085 168.765518 -5.402311
v -6.454229 168.547882 -4.839278
v -7.469851 167.629196 -4.503379
v -5.712256 168.293091 -6.039325
v -6.888033 167.955200 -5.612411
v -7.787549 166.852707 -5.504826
v -6.007750 167.946030 -6.571477
v -7.115730 167.244080 -6.609069
v -6.261446 167.417221 -7.369623
v 0.510839 165.677567 -9.385056
v -0.590357 165.696304 -9.566411
v 0.411048 166.418655 -9.059100
v -0.699088 166.500320 -9.256892
v -1.704637 165.629288 -9.574474
v 0.327114 167.079895 -8.637804
v -1.825567 166.437576 -9.224847
v -0.783552 167.229019 -8.811424
v 0.271284 167.639297 -8.084682
v -1.912409 167.199905 -8.763334
v -0.718653 168.228638 -7.271833
v 0.367261 167.927612 -7.390953
v -0.817807 167.885574 -8.246141
v -1.936760 167.979919 -8.239000
v -1.818659 168.423264 -7.136573
v 7.399283 166.963257 -0.741874
v 6.086777 169.054413 0.158257
v 6.341911 168.320602 0.978831
v 6.922147 167.742950 -1.388249
v 5.371089 169.479462 -0.547693
v 7.813753 166.010056 -2.243190
v 5.985010 168.167053 -1.903718
v 7.360129 166.895721 -2.696007
v 7.716171 165.371567 -3.412449
v 6.389870 167.436218 -3.036593
v 7.388021 166.310715 -3.815175
v 6.510814 166.965302 -4.101396
v 6.453273 166.328339 -5.199365
v 7.302246 165.678146 -4.862183
v 7.619069 164.777100 -4.381482
v 6.351922 165.534439 -6.252817
v 7.587803 164.203125 -5.190377
v 7.226181 165.005661 -5.794022
v 7.755643 163.646988 -5.823664
v 7.330995 164.271317 -6.574737
v 6.432450 164.578079 -7.166987
v 8.064835 162.981934 -6.380309
v 6.618947 163.547241 -7.808938
v 7.566272 163.390671 -7.229248
v 8.153816 162.020493 -6.783418
v 6.620577 162.455063 -8.164886
v 7.603810 162.271286 -7.658365
v 6.418458 161.213379 -8.307675
v 7.401973 160.987793 -7.816301
v 7.978209 160.871536 -6.932870
v 7.037633 159.724564 -7.688440
v 6.052262 159.961121 -8.188312
v 7.649739 159.738831 -6.816363
v 6.583109 158.539383 -7.332594
v 5.611148 158.816010 -7.853523
v 7.187012 158.579178 -6.446336
v 6.193022 157.426071 -7.102707
v 5.260137 157.773468 -7.675685
v 6.708359 157.385864 -6.148571
v 5.827508 156.391617 -7.068952
v 4.943483 156.766327 -7.711148
v 6.205192 156.214767 -6.060058
v 4.821250 155.596252 -8.066779
v 5.665843 155.215164 -7.383004
v 5.948580 154.821198 -6.429303
v 4.884611 154.090012 -8.802470
v 5.967996 153.116959 -7.254930
v 5.706447 153.696457 -8.116307
v -4.714761 169.832809 1.623055
v -5.759782 168.776566 1.481660
v -4.991251 169.033905 2.097521
v -5.407914 169.502945 0.943412
v -6.425156 168.483719 0.845648
v -6.037240 169.162582 0.251987
v -6.919708 168.156387 0.267773
v -6.542809 168.810562 -0.382718
v -7.202803 167.818329 -0.176645
v -6.903353 168.439911 -0.914703
v -7.457925 167.479813 -0.538996
v -7.238260 168.017410 -1.381085
v -7.747441 167.131424 -0.843830
v -7.573606 167.548370 -1.772530
v -8.067270 166.772980 -1.084554
v -7.901913 167.044189 -2.073096
v -8.420850 166.387909 -1.265225
v -8.227328 166.512756 -2.276502
v -8.812484 165.934357 -1.403890
v -8.597102 165.949722 -2.413158
v -9.248408 165.417709 -1.521297
v -9.039553 165.355316 -2.525542
v -9.746762 164.847366 -1.622993
v -9.561773 164.738159 -2.620641
v -7.321417 156.532150 -1.583307
v -6.596794 156.648834 -2.358306
v -7.036522 157.052795 -1.701640
v -6.909500 156.056976 -2.206202
v -7.844632 156.058548 -1.523690
v -8.199244 156.857315 -1.498903
v -8.304722 156.750916 -1.373236
v -8.108695 155.914902 -1.564974
v -8.455187 156.564972 -1.189924
v -8.395965 155.827011 -1.673435
v -8.712794 156.340622 -1.090715
v -8.714408 155.856903 -1.849089
v -7.936432 155.344559 -2.236047
v -8.279658 155.480576 -2.503961
v -7.566597 155.423859 -2.078454
v -8.546404 155.825272 -2.742478
v -7.587397 156.246964 -1.528848
v -7.216167 155.664322 -2.076360
v -8.094994 156.938400 -1.522294
v -7.945649 157.079910 -1.485826
v -7.726024 157.484543 -1.555484
v -6.230820 157.434662 -2.508819
v -6.721026 157.808578 -1.874168
v -5.779192 158.447830 -2.697765
v -7.456433 158.176697 -1.745734
v -6.359603 158.804840 -2.143498
v -7.137132 159.123001 -2.084646
v -9.056979 156.391388 -1.163280
v -9.062847 156.078491 -2.010107
v -8.808139 156.176743 -2.865560
v -9.165430 156.515411 -2.976760
v -9.434816 156.451202 -2.135921
v -9.683494 156.892899 -3.081955
v -9.387663 156.745590 -1.296580
v -9.838619 156.973709 -2.230511
v -9.639267 157.351486 -1.480562
v 6.669022 154.396683 -4.269023
v 7.286899 156.016281 -3.151081
v 6.440610 154.419327 -3.082235
v 7.187268 156.021301 -4.288303
v 6.332295 154.626465 -5.350492
v 6.607903 156.320328 -5.177755
v 8.048272 157.388062 -3.405704
v 7.096079 157.699753 -5.209604
v 7.784088 157.382751 -4.444261
v 8.695910 158.648941 -3.671774
v 7.705273 158.884094 -5.383492
v 8.436856 158.647141 -4.660720
v 8.944802 159.956726 -3.697185
v 8.791480 160.049011 -4.692104
v 8.081851 160.197632 -5.430307
v 8.834476 161.141403 -3.470324
v 8.789474 161.454620 -4.427690
v 8.155422 161.697372 -5.196988
v 8.126348 163.087219 -4.557282
v 8.709865 162.593567 -3.858328
v 8.692782 161.975052 -3.059798
v 8.034781 164.169800 -3.542222
v 8.589932 163.464844 -2.999401
v 8.544074 162.610245 -2.420352
v 7.886490 164.955582 -2.288454
v 8.430911 164.134811 -1.904001
v 8.386319 163.146729 -1.531370
v 7.639583 165.463745 -0.936986
v 8.231222 164.634338 -0.581280
v 8.210451 163.606781 -0.281042
v 7.122524 165.973236 0.380138
v 7.786495 165.199173 0.876143
v 7.785088 164.199142 1.275229
v 6.398804 166.657425 1.710136
v 7.064027 164.986725 2.891149
v 7.076188 165.942444 2.373512
v 3.998194 156.432404 -6.945065
v 4.486825 154.761368 -6.830751
v 3.775171 154.995163 -6.032455
v 5.112299 156.069794 -6.753963
v 5.465951 154.373184 -7.082783
v 5.925629 155.873367 -5.991198
v 4.345909 157.249771 -7.346791
v 5.912493 157.278351 -5.870874
v 5.355149 157.122894 -6.808995
v 4.377094 158.092377 -7.598854
v 6.075030 158.225006 -6.283465
v 5.419893 158.000641 -7.135092
v 4.498985 159.081833 -7.944333
v 6.263002 159.173798 -6.683296
v 5.552008 158.977066 -7.508325
v 4.730976 160.142426 -8.337231
v 6.490774 160.200516 -7.055192
v 5.785321 160.061356 -7.902356
v 4.898241 161.264587 -8.548896
v 6.592981 161.243027 -7.193848
v 5.939765 161.218033 -8.088052
v 6.559068 162.248322 -7.093678
v 5.962824 162.387894 -8.016020
v 4.946798 162.473419 -8.520711
v 6.546082 163.129379 -6.849512
v 5.975989 163.469559 -7.734989
v 4.974871 163.669739 -8.230492
v 6.585526 163.925385 -6.469092
v 6.006155 164.481537 -7.234247
v 5.002690 164.777283 -7.662664
v 5.949638 165.538513 -6.192141
v 4.937572 165.878632 -6.566921
v 4.757869 167.052765 -4.811452
v 6.551271 164.826309 -5.587251
v 5.773679 166.679764 -4.461718
v 6.384997 165.885361 -3.974025
v 7.844197 163.309113 -0.856841
v 7.265128 165.292130 0.753423
v 7.490993 164.348129 1.233934
v 7.630543 164.241196 -1.314394
v 6.412756 165.961487 0.346194
v 7.982479 162.509613 -2.275629
v 6.881764 164.896255 -1.677842
v 7.779824 163.416107 -2.773358
v 8.021170 161.893097 -3.115842
v 7.031544 164.072922 -3.151336
v 7.863792 162.692749 -3.757303
v 8.104434 161.231262 -3.680652
v 7.139427 163.289734 -4.248107
v 7.925354 161.813141 -4.496068
v 7.182017 162.242233 -5.105956
v 8.200061 160.447128 -4.085910
v 7.111274 160.999390 -5.624512
v 7.923924 160.739487 -5.004025
v 6.818402 159.678406 -5.709048
v 7.702582 159.495773 -5.129207
v 8.108862 159.457077 -4.203604
v 7.319927 158.174316 -4.903378
v 6.430518 158.374817 -5.470805
v 7.797525 158.208054 -3.971823
v 7.026867 156.952332 -4.680692
v 6.203682 157.186630 -5.336208
v 7.416150 156.961380 -3.657718
v 6.785224 155.866058 -4.527946
v 6.117326 156.116791 -5.364824
v 6.934882 155.788254 -3.388875
v 6.485205 154.995758 -5.668742
v 6.689835 154.653610 -4.599647
v 6.279588 154.414490 -3.551038
v 7.189535 153.515747 -5.732794
v 5.651306 152.932922 -4.893753
v 6.588809 153.094559 -5.070842
v 8.200187 164.188202 -1.544457
v 7.302278 166.039627 0.232921
v 7.662218 165.073242 0.626742
v 7.921780 165.134888 -1.916379
v 6.378544 166.671692 -0.176805
v 8.379717 163.462036 -3.008283
v 7.103106 165.744827 -2.262289
v 8.118699 164.389236 -3.427327
v 8.399590 162.883514 -3.856259
v 7.317487 165.023987 -3.773728
v 8.197866 163.705109 -4.441034
v 8.548124 162.283997 -4.420212
v 7.437938 164.290009 -4.923387
v 8.311865 162.866943 -5.205270
v 8.779406 161.548584 -4.854507
v 7.529778 163.236313 -5.829745
v 8.434710 161.824387 -5.749202
v 7.577444 161.972565 -6.365776
v 8.841796 160.576065 -5.032697
v 7.550984 160.637405 -6.535124
v 8.442736 160.590271 -5.949459
v 8.306529 159.226074 -5.786388
v 8.695368 159.366806 -4.870697
v 7.431646 159.265671 -6.396553
v 7.960237 157.882492 -5.407337
v 8.281306 158.103149 -4.463098
v 7.177621 157.962296 -6.120441
v 7.488523 156.625778 -4.943537
v 6.823032 156.766830 -5.777935
v 7.677564 156.799072 -3.894173
v 6.540909 155.445236 -5.743034
v 7.068385 155.186142 -4.791711
v 7.047746 155.147690 -3.639147
v 6.298609 153.772552 -6.147635
v 6.488492 153.111664 -4.029963
v 6.691213 153.374496 -5.157067
v 7.972863 164.971832 -2.469982
v 6.917299 166.765625 -0.677687
v 7.434586 165.823090 -0.307650
v 7.584513 165.894043 -2.832584
v 5.949401 167.319931 -1.064780
v 8.111926 164.252853 -3.891792
v 6.666945 166.440903 -3.158432
v 7.734589 165.140884 -4.332153
v 8.089091 163.654541 -4.685800
v 6.843277 165.705322 -4.663857
v 7.740683 164.407776 -5.316429
v 6.872949 164.913116 -5.769979
v 8.135806 163.002991 -5.197357
v 6.875564 163.801788 -6.592904
v 7.759175 163.491379 -6.017273
v 8.234168 162.175735 -5.551797
v 6.866134 162.487137 -7.030669
v 7.790824 162.373947 -6.450997
v 8.301551 161.107666 -5.703177
v 6.852981 161.061752 -7.130130
v 7.807267 161.072220 -6.596019
v 7.778373 159.611435 -6.435458
v 8.309481 159.785370 -5.577367
v 6.804829 159.590408 -6.936052
v 7.556136 158.217270 -6.023787
v 8.083614 158.455719 -5.167755
v 6.627922 158.274384 -6.568066
v 7.208319 156.992859 -5.465576
v 7.664252 157.198059 -4.533378
v 6.337178 157.125015 -6.075303
v 6.892324 155.648834 -5.048823
v 7.199186 155.740173 -3.975566
v 6.111917 155.812317 -5.782223
v 6.610626 153.983490 -4.891369
v 6.678049 153.951492 -3.698862
v 5.987571 154.174850 -5.792112
v 7.542517 165.434372 -3.787732
v 6.483524 167.164841 -2.068866
v 7.046864 166.249512 -1.700846
v 7.060373 166.319733 -4.191158
v 5.522817 167.650528 -2.467532
v 7.641961 164.695465 -5.084163
v 6.103776 166.802887 -4.547760
v 7.182577 165.516037 -5.621882
v 6.244367 166.015442 -5.995671
v 7.563311 164.078461 -5.711176
v 6.203021 165.090805 -6.979552
v 7.123192 164.693298 -6.471235
v 7.604642 163.449615 -6.050169
v 6.207532 163.883286 -7.570135
v 7.139143 163.735352 -6.963161
v 7.733244 162.622452 -6.234950
v 6.262545 162.644150 -7.740373
v 7.222953 162.662827 -7.164284
v 7.838527 161.692352 -6.309374
v 7.297121 161.589478 -7.204719
v 6.312622 161.508316 -7.728664
v 7.895965 160.761658 -6.221856
v 7.336292 160.500992 -7.069182
v 6.339296 160.395691 -7.557725
v 7.226717 159.428619 -6.639994
v 7.821352 159.828308 -5.869759
v 6.226480 159.335571 -7.109826
v 7.018547 158.435013 -5.989161
v 7.593534 158.833282 -5.213266
v 6.056362 158.387375 -6.478742
v 6.889864 157.500275 -5.516607
v 7.370734 157.759872 -4.623407
v 5.977916 157.513229 -6.074156
v 6.839372 156.596085 -5.307377
v 5.991783 156.659531 -5.961315
v 7.213689 156.635010 -4.286831
v 6.183266 155.565399 -6.173570
v 6.956630 155.456161 -5.417815
v 7.233871 155.262772 -4.341980
v 6.520993 154.081589 -6.711583
v 7.434111 153.544250 -4.828504
v 7.224698 153.910431 -5.895697
v -6.922090 164.612183 2.420725
v -8.586526 163.158325 1.131095
v -7.719611 164.004639 2.990763
v -7.901814 163.824020 0.552981
v -5.945724 164.674576 1.956473
v -9.179629 162.570007 -0.323335
v -6.946866 163.971054 0.050251
v -8.480621 163.186295 -0.907077
v -9.594357 162.028412 -1.527843
v -7.519188 163.278809 -1.374195
v -8.840262 162.614487 -2.041806
v -9.658198 161.210114 -2.615882
v -7.834501 162.690582 -2.345910
v -8.986072 161.916275 -3.099404
v -7.984426 162.223145 -3.271801
v -8.874395 161.004913 -3.998477
v -7.988261 161.547577 -4.306587
v -9.341915 160.341705 -3.268701
v -7.651480 160.259659 -4.870471
v -8.460291 159.788971 -4.310641
v -8.854980 159.491730 -3.353983
v -7.085632 158.722229 -4.823276
v -7.845721 158.384491 -4.122481
v -8.165227 158.329636 -3.097107
v -7.301533 157.075043 -4.002685
v -6.645706 157.371735 -4.837232
v -7.459695 157.052856 -2.889536
v -6.324843 156.245605 -4.988108
v -6.858473 155.903000 -4.052333
v -6.826477 155.765305 -2.890934
v -6.024568 155.120590 -5.409307
v -6.406090 154.265717 -3.386125
v -6.521379 154.652481 -4.491445
v -5.639959 153.736679 -6.193193
v -6.259229 152.608246 -4.379037
v -6.250509 153.208511 -5.390154
v 4.505687 157.391495 -7.586000
v 5.801839 155.710403 -7.277784
v 4.740809 155.775955 -7.374981
v 5.590157 157.343109 -7.489884
v 6.655034 155.763458 -6.598972
v 4.362087 158.523834 -7.991958
v 6.474805 157.492294 -6.848286
v 5.461532 158.522781 -7.851491
v 4.311035 159.408005 -8.505814
v 6.340207 158.791687 -7.218245
v 5.417941 159.458130 -8.291897
v 4.343952 160.416046 -8.883169
v 6.270723 159.746979 -7.603481
v 5.442485 160.467728 -8.581357
v 4.382445 161.452591 -9.073577
v 6.224787 160.647018 -7.789870
v 5.454449 161.509369 -8.688994
v 4.359863 162.521637 -9.174967
v 6.164168 161.614426 -7.829141
v 5.407741 162.598099 -8.737979
v 6.068542 162.674911 -7.841683
v 5.307843 163.749649 -8.726918
v 4.270801 163.720734 -9.185959
v 5.951730 163.707001 -7.818729
v 5.227094 164.844574 -8.493073
v 5.876001 164.567871 -7.627494
v 4.189658 164.941498 -8.932108
v 5.840388 165.318130 -7.238863
v 5.175109 165.852982 -7.968225
v 4.135972 166.068283 -8.339964
v 4.026747 167.121140 -7.150566
v 5.069228 166.843643 -6.846344
v 3.846851 168.155426 -5.257343
v 5.754933 166.137665 -6.293217
v 4.883314 167.849365 -4.991944
v 5.587132 167.068039 -4.557679
v 2.192020 156.147308 -8.390548
v 4.011286 154.618744 -7.803656
v 2.853318 154.329529 -8.089021
v 3.404913 156.276901 -8.110639
v 4.756360 154.954514 -7.024276
v 4.219951 156.555527 -7.361137
v 2.015253 157.497391 -8.668966
v 4.085699 157.567871 -7.660883
v 3.221746 157.400162 -8.394520
v 2.189852 158.438873 -8.944813
v 4.222851 158.301117 -7.963046
v 3.343549 158.226013 -8.684864
v 2.356472 159.305496 -9.183915
v 3.484324 159.131882 -8.941633
v 4.353679 159.182007 -8.216461
v 2.511701 160.205780 -9.390437
v 3.635027 160.102203 -9.145432
v 4.485255 160.143524 -8.403759
v 2.604159 161.203903 -9.522470
v 3.727808 161.170578 -9.266328
v 4.560558 161.197723 -8.507881
v 4.550331 162.274750 -8.506701
v 3.734251 162.322891 -9.282024
v 2.617918 162.350174 -9.553650
v 4.555840 163.238754 -8.364336
v 3.751094 163.435181 -9.129846
v 2.642476 163.524124 -9.396934
v 4.598828 164.146484 -8.063058
v 3.797721 164.498734 -8.778164
v 2.693730 164.617981 -9.027992
v 3.761980 165.680054 -8.005137
v 4.561801 165.222366 -7.347445
v 2.666163 165.781158 -8.263620
v 3.568742 167.044403 -6.692422
v 4.362473 166.530304 -6.076029
v 2.493349 167.131012 -6.976561
v 2.738934 166.675903 -7.379532
v 1.617990 165.225540 -8.313346
v 1.625535 166.704193 -7.479229
v 2.749472 165.181580 -8.228704
v 3.639526 166.346420 -6.780944
v 1.575691 164.039200 -8.860578
v 3.669809 164.878876 -7.631238
v 2.712595 163.974884 -8.779520
v 1.514334 163.017044 -9.173730
v 3.639749 163.717300 -8.166147
v 2.655870 162.949982 -9.088315
v 1.458848 161.931396 -9.369289
v 3.588737 162.759735 -8.455791
v 2.605193 161.874985 -9.284212
v 1.400625 160.825790 -9.424932
v 3.546971 161.759140 -8.644737
v 2.549440 160.750351 -9.352015
v 3.505426 160.714386 -8.721496
v 3.430919 159.739197 -8.629409
v 2.447555 159.692688 -9.222579
v 1.298934 159.820023 -9.270733
v 3.377711 158.862854 -8.386854
v 2.348405 158.745514 -8.918066
v 1.175588 158.897095 -8.925774
v 3.417434 158.050644 -8.056326
v 1.138945 157.971710 -8.549294
v 2.364211 157.856033 -8.560060
v 3.554820 157.183731 -7.619434
v 1.219622 157.113190 -8.207437
v 2.497261 157.022644 -8.180681
v 3.676529 155.876221 -7.369382
v 1.262828 156.034653 -8.085955
v 2.601048 155.901398 -7.995554
v 3.612740 154.073761 -7.406785
v 1.141865 154.464417 -8.198126
v 2.538823 154.269684 -8.053530
v 3.281970 165.034241 -6.934367
v 2.062803 163.665344 -7.885670
v 2.155817 165.144821 -7.065971
v 3.203020 163.571808 -7.760606
v 4.164224 164.651886 -6.306681
v 2.003357 162.502426 -8.438246
v 4.106277 163.229736 -7.130666
v 3.147239 162.411652 -8.297735
v 1.953095 161.547836 -8.768607
v 4.049624 162.117447 -7.644793
v 3.097047 161.441910 -8.616830
v 1.851158 160.562012 -8.952754
v 3.993256 161.196457 -7.942944
v 2.995429 160.434814 -8.831953
v 3.912469 160.238754 -8.174885
v 2.859192 159.394455 -8.940180
v 3.831881 159.272507 -8.330082
v 1.712087 159.556000 -9.002547
v 3.774463 158.403671 -8.288706
v 2.750505 158.428925 -8.856794
v 1.577299 158.643219 -8.886095
v 3.738381 157.678619 -8.061258
v 2.684532 157.594559 -8.605160
v 1.460069 157.779724 -8.628162
v 3.803292 157.010284 -7.806680
v 1.494266 156.854736 -8.360522
v 2.758707 156.804108 -8.342194
v 3.973069 156.336716 -7.529213
v 1.736274 155.868668 -8.128095
v 2.981737 156.033356 -8.093382
v 4.420582 155.356155 -7.393708
v 2.321846 154.675125 -8.086077
v 4.263132 153.659256 -8.115721
v 5.158220 153.928467 -7.457335
v 3.483935 155.041473 -8.011195
v 3.178876 153.197067 -8.242385
v 7.168401 160.927444 -3.009639
v 6.703023 159.475510 -3.901080
v 6.893763 161.017166 -3.795606
v 6.215896 161.143845 -4.306531
v 7.139421 159.444427 -3.160539
v 5.921214 159.567017 -4.307179
v 6.588989 158.319656 -3.806020
v 7.047656 158.398041 -3.062769
v 5.813803 158.341446 -4.211418
v 6.615654 157.481735 -3.572334
v 6.952812 157.708817 -2.783601
v 5.933348 157.336700 -4.071025
v 6.812545 156.731491 -3.219842
v 6.418599 156.411301 -3.940747
v 6.816346 157.005753 -2.352027
v 7.086550 155.779388 -3.664383
v 7.070465 155.977722 -2.758924
v 6.647603 156.040909 -1.958902
v 7.381279 155.132019 -3.462808
v 7.194720 155.112473 -2.539861
v 6.617493 155.061066 -1.865650
v 6.697198 154.102875 -1.903467
v 7.210120 154.196259 -2.672455
v 7.312524 154.415634 -3.610132
v 6.548945 152.985428 -2.337592
v 6.953541 153.211624 -3.200380
v 6.938888 153.665359 -4.050004
v 6.030310 151.752029 -3.190086
v 6.236075 152.778290 -4.750391
v 6.335553 152.149490 -4.057806
v -7.182854 167.554474 0.880071
v -6.295978 168.124313 2.658045
v -6.373698 168.807449 1.962531
v -5.906586 169.226349 1.181244
v -7.065389 166.664413 1.454481
v -6.674723 168.290527 0.254147
v -7.594399 166.736023 -0.406185
v -7.488448 165.711243 0.007068
v -7.053153 167.698303 -0.786972
v -7.553659 165.145737 -1.300654
v -7.695268 166.192017 -1.700327
v -7.207137 167.201340 -2.069016
v -7.787225 165.567337 -2.829100
v -7.598454 164.581070 -2.363703
v -7.388532 166.510513 -3.383146
v -7.951903 164.864838 -3.822598
v -7.727493 163.968323 -3.276397
v -7.593572 165.684616 -4.513264
v -8.265093 164.081711 -4.655733
v -8.075230 163.309387 -3.978070
v -7.887895 164.695526 -5.486489
v -8.670903 163.188797 -5.346910
v -8.558846 162.620499 -4.500436
v -8.208923 163.584320 -6.247459
v -8.811510 161.826721 -4.864137
v -8.862592 162.143661 -5.830174
v -8.324945 162.410507 -6.736466
v -8.212191 161.205109 -6.956686
v -8.793882 161.000839 -6.061244
v -8.802087 160.896301 -5.049778
v -7.913278 160.032730 -6.976660
v -8.514050 159.863220 -6.083203
v -8.574845 159.917480 -5.066620
v -7.449356 158.849518 -6.829340
v -8.068916 158.762726 -5.932408
v -8.163524 158.960953 -4.926997
v -7.062518 157.591965 -6.607393
v -7.670289 157.645081 -5.687411
v -7.741589 157.976028 -4.686325
v -6.848990 156.406570 -6.329996
v -7.371769 156.487228 -5.341894
v -7.324895 156.771744 -4.299325
v -6.757643 155.308212 -6.312141
v -7.179290 155.180542 -5.274948
v -7.000118 155.137299 -4.214434
v -6.708198 154.023499 -6.694507
v -6.858507 153.230652 -4.740608
v -7.086831 153.636017 -5.709597
v 7.004001 167.353134 0.595155
v 5.625098 168.923203 0.523846
v 6.104799 168.602188 1.518087
v 6.122990 167.994217 2.446198
v 6.466191 167.984406 -0.199936
v 6.973786 166.538910 1.300234
v 7.548293 166.546967 -0.569131
v 7.465568 165.596634 -0.112938
v 6.959024 167.399048 -1.057471
v 7.565381 165.044174 -1.388235
v 7.722870 166.021393 -1.756996
v 7.192266 166.924896 -2.137517
v 7.806421 165.447052 -2.834212
v 7.588374 164.512115 -2.418585
v 7.384482 166.312057 -3.299659
v 7.953816 164.806229 -3.796068
v 7.698583 163.938446 -3.303014
v 7.588486 165.583054 -4.401407
v 8.260484 164.071274 -4.606303
v 8.036234 163.306549 -3.987610
v 7.890560 164.673615 -5.363169
v 8.660575 163.188705 -5.286363
v 8.514977 162.620438 -4.496286
v 8.206914 163.584274 -6.127418
v 8.756281 161.826630 -4.864361
v 8.839378 162.143600 -5.782143
v 8.310314 162.410431 -6.626965
v 8.177327 161.205048 -6.873559
v 8.748296 161.000748 -6.038318
v 8.723686 160.896240 -5.073136
v 7.853199 160.032654 -6.930381
v 8.439920 159.863159 -6.092440
v 8.465558 159.917389 -5.116166
v 7.356578 158.849442 -6.818268
v 7.951400 158.762650 -5.960801
v 8.006485 158.960876 -4.990268
v 6.979701 157.591919 -6.595761
v 7.545026 157.645020 -5.698054
v 7.555783 157.975967 -4.726391
v 6.817897 156.406525 -6.294652
v 7.276515 156.487152 -5.313217
v 7.160517 156.771667 -4.280542
v 6.809039 155.308167 -6.250787
v 7.172052 155.180466 -5.198280
v 6.936741 155.137238 -4.115027
v 6.865562 154.023468 -6.616450
v 6.956707 153.230606 -4.616640
v 7.206473 153.635971 -5.615713
v -5.716655 155.710464 -7.348895
v -4.527843 157.391556 -7.665460
v -4.641670 155.776001 -7.479410
v -5.624458 157.343170 -7.545757
v -6.619465 155.763519 -6.647807
v -4.426768 158.523880 -8.058814
v -6.543890 157.492340 -6.875540
v -5.535601 158.522842 -7.911118
v -4.384846 159.408051 -8.590526
v -6.438694 158.791748 -7.262173
v -5.494722 159.458176 -8.386196
v -4.404376 160.416077 -9.009774
v -6.353443 159.747025 -7.695052
v -5.497233 160.467789 -8.723577
v -4.427057 161.452637 -9.234215
v -6.288414 160.647079 -7.929525
v -5.489961 161.509399 -8.870753
v -4.389911 162.521667 -9.360466
v -6.208976 161.614487 -8.007344
v -5.429276 162.598129 -8.947979
v -6.091776 162.674973 -8.049277
v -5.318017 163.749695 -8.954773
v -4.286073 163.720779 -9.386478
v -5.961627 163.707062 -8.044219
v -5.232174 164.844635 -8.726155
v -5.882571 164.568909 -7.863442
v -4.197416 164.941544 -9.140388
v -5.852076 165.338486 -7.490715
v -5.187746 165.866684 -8.219344
v -4.149360 166.076736 -8.570251
v -4.075147 167.213806 -7.405936
v -5.115512 166.945724 -7.116049
v -3.952467 168.450439 -5.506796
v -5.789337 166.234680 -6.558297
v -4.996930 168.156479 -5.255850
v -5.667351 167.345383 -4.813459
v -3.782704 154.618774 -7.912000
v -2.097292 156.147308 -8.440577
v -2.551239 154.329559 -8.187644
v -3.317400 156.276917 -8.193755
v -4.589523 154.954559 -7.152223
v -4.180300 156.555542 -7.462153
v -2.046027 157.497421 -8.704718
v -4.110772 157.567917 -7.742306
v -3.218577 157.400208 -8.457126
v -2.261745 158.438904 -8.989039
v -4.279129 158.301163 -8.031457
v -3.380987 158.226044 -8.744761
v -2.439292 159.305511 -9.235943
v -3.545475 159.131927 -9.007757
v -4.430657 159.182053 -8.292779
v -2.591518 160.205795 -9.463183
v -3.701000 160.102234 -9.246070
v -4.560225 160.143570 -8.518197
v -2.675662 161.203918 -9.619363
v -3.780787 161.170609 -9.401744
v -4.615162 161.197754 -8.661662
v -4.587109 162.274796 -8.688652
v -3.773345 162.322952 -9.440724
v -2.677641 162.350189 -9.669386
v -4.579957 163.238785 -8.563686
v -3.779142 163.435211 -9.306045
v -2.688309 163.524155 -9.526932
v -4.613255 164.146545 -8.277783
v -3.816144 164.498779 -8.968919
v -2.728172 164.617996 -9.169822
v -3.782046 165.690430 -8.223497
v -4.577219 165.242722 -7.589914
v -2.695405 165.783966 -8.425888
v -3.623352 167.162949 -6.942632
v -4.417042 166.676025 -6.347938
v -2.539376 167.211334 -7.165668
v -1.665367 165.225540 -8.418293
v -2.777845 166.725281 -7.570214
v -1.664491 166.729004 -7.605718
v -2.784415 165.181595 -8.383570
v -3.683146 166.430313 -7.022752
v -1.635151 164.039215 -8.951452
v -3.697412 164.884430 -7.829313
v -2.757861 163.974915 -8.913187
v -1.587122 163.017044 -9.257410
v -3.674669 163.717346 -8.337470
v -2.712797 162.949997 -9.210629
v -1.543396 161.931412 -9.441827
v -3.633435 162.759796 -8.611502
v -2.673649 161.874985 -9.391273
v -1.494156 160.825790 -9.482466
v -3.601550 161.759171 -8.782049
v -2.625689 160.750381 -9.439030
v -3.569863 160.714401 -8.835519
v -3.506247 159.739227 -8.712251
v -2.527534 159.692734 -9.279127
v -1.394398 159.820038 -9.307719
v -3.439203 158.862900 -8.447588
v -2.423494 158.745529 -8.966798
v -1.281189 158.897095 -8.960295
v -3.453555 158.050690 -8.126419
v -1.216864 157.971725 -8.571266
v -2.404904 157.856033 -8.605068
v -3.549255 157.183746 -7.705882
v -1.223272 157.113190 -8.233545
v -2.477799 157.022659 -8.233370
v -3.564362 155.876221 -7.479520
v -1.124844 156.034668 -8.130171
v -2.465810 155.901428 -8.068933
v -3.307169 154.073776 -7.541994
v -0.786679 154.464417 -8.248246
v -2.207728 154.269699 -8.150358
v -6.359619 168.239731 -2.609979
v -6.910662 166.235992 -4.552455
v -6.527965 167.135254 -2.279097
v -6.572881 167.253281 -5.014507
v -5.645369 169.077072 -2.979845
v -6.960153 165.557739 -5.930321
v -5.717323 167.936005 -5.363862
v -6.480062 166.464951 -6.449035
v -6.892050 165.036270 -6.673099
v -5.538971 167.037140 -6.730742
v -6.312701 165.756912 -7.337821
v -5.317137 166.181351 -7.657434
v -5.218739 165.081161 -8.390979
v -6.252660 164.858429 -8.006415
v -6.904896 164.389496 -7.203726
v -5.229328 163.893997 -8.868926
v -6.976234 163.526489 -7.627971
v -6.280156 163.796463 -8.484392
v -5.246430 162.714569 -9.104774
v -7.047358 162.572418 -7.900800
v -6.310513 162.682602 -8.757990
v -7.108820 161.586945 -7.977317
v -6.332159 161.528046 -8.801695
v -5.255544 161.519073 -9.103913
v -6.329856 160.391647 -8.548284
v -7.135471 160.610733 -7.785345
v -5.244434 160.370392 -8.821590
v -6.294589 159.308304 -8.012577
v -7.115781 159.579941 -7.286052
v -5.210908 159.346970 -8.316051
v -6.156533 158.263412 -7.429066
v -6.943163 158.495255 -6.642314
v -5.092122 158.411346 -7.824713
v -5.897248 157.264023 -6.894872
v -6.614171 157.412735 -6.010041
v -4.854294 157.482193 -7.372219
v -5.551753 155.988510 -6.588233
v -6.153636 156.013626 -5.596572
v -4.542496 156.233139 -7.140140
v -5.062051 154.215591 -6.523766
v -5.503777 154.128693 -5.475338
v -4.103344 154.482819 -7.166315
v -7.357345 166.176529 0.376891
v -8.217912 164.218689 -1.415109
v -7.663259 165.127396 0.762391
v -7.901272 165.230896 -1.842385
v -6.495908 166.910675 0.064955
v -8.413285 163.467209 -2.928683
v -7.080531 165.930496 -2.264853
v -8.123344 164.426941 -3.408507
v -8.445853 162.883575 -3.822399
v -7.322572 165.120087 -3.839432
v -8.214621 163.710251 -4.471274
v -8.604220 162.284073 -4.414561
v -7.449988 164.317322 -5.030303
v -8.340963 162.866989 -5.261828
v -8.842693 161.548645 -4.843471
v -7.555163 163.236374 -5.951970
v -8.479156 161.824448 -5.800324
v -7.624540 161.972626 -6.481974
v -8.923737 160.576157 -4.993385
v -7.625688 160.637482 -6.603855
v -8.510751 160.590363 -5.962512
v -8.406953 159.226135 -5.747253
v -8.808561 159.366882 -4.789694
v -7.541768 159.265717 -6.407691
v -8.095955 157.882553 -5.381619
v -8.450741 158.103226 -4.415686
v -7.296158 157.962372 -6.113297
v -7.612352 156.625839 -4.964633
v -6.909422 156.766891 -5.808221
v -7.842735 156.799164 -3.906912
v -6.522707 155.445267 -5.823007
v -7.098860 155.186188 -4.877985
v -7.132303 155.147736 -3.740144
v -6.113823 153.772598 -6.270518
v -6.400221 153.111725 -4.176200
v -6.554428 153.374542 -5.286953
v -6.531469 167.504257 -1.948817
v -7.541525 165.547913 -3.858415
v -7.040913 166.478241 -1.631880
v -7.083914 166.503647 -4.348985
v -5.611524 168.071121 -2.353320
v -7.643599 164.730408 -5.205039
v -6.163060 167.044708 -4.786853
v -7.194318 165.581009 -5.814473
v -6.274168 166.113144 -6.246805
v -7.571219 164.085480 -5.850680
v -6.212747 165.109787 -7.223142
v -7.128093 164.704651 -6.672839
v -7.620331 163.449692 -6.185152
v -6.215749 163.883331 -7.794075
v -7.148610 163.735428 -7.154193
v -7.762718 162.622498 -6.361739
v -6.286315 162.644211 -7.945516
v -7.243996 162.662888 -7.339744
v -7.888131 161.692429 -6.402661
v -7.336142 161.589554 -7.346080
v -6.361006 161.508362 -7.901328
v -7.969614 160.761734 -6.272326
v -7.398779 160.501053 -7.158365
v -6.412804 160.395752 -7.678719
v -7.329054 159.428680 -6.670025
v -7.929062 159.828384 -5.866613
v -6.336869 159.335632 -7.172954
v -7.163124 158.435059 -5.979661
v -7.763751 158.833344 -5.168687
v -6.188692 158.387421 -6.506281
v -7.033171 157.500320 -5.521232
v -7.559719 157.759918 -4.591953
v -6.098147 157.513275 -6.112344
v -6.943532 156.596161 -5.342851
v -6.058720 156.659592 -6.021949
v -7.369596 156.635056 -4.311519
v -6.143360 155.565460 -6.255345
v -6.967577 155.456207 -5.488882
v -7.300232 155.262848 -4.427641
v -6.345861 154.081635 -6.801845
v -7.362516 153.544312 -4.929138
v -7.108366 153.910477 -5.977823
v -4.302706 154.761414 -6.972008
v -3.961082 156.432434 -7.058201
v -3.627778 154.995193 -6.192204
v -5.071455 156.069855 -6.857098
v -5.261704 154.373215 -7.196979
v -5.921487 155.873413 -6.077966
v -4.364637 157.249832 -7.435092
v -6.031537 157.278381 -5.916894
v -5.405758 157.122940 -6.881647
v -4.438121 158.092438 -7.670480
v -6.214085 158.225067 -6.306410
v -5.508705 158.000702 -7.194050
v -4.583421 159.081848 -8.017473
v -6.395885 159.173843 -6.729658
v -5.654716 158.977127 -7.575865
v -4.807033 160.142471 -8.454862
v -6.583926 160.200562 -7.150280
v -5.866645 160.061417 -8.019741
v -4.947554 161.264633 -8.712255
v -6.656082 161.243088 -7.339204
v -5.988347 161.218094 -8.256404
v -6.602161 162.248383 -7.272473
v -5.989556 162.387939 -8.218914
v -4.975271 162.473465 -8.718054
v -6.572093 163.129440 -7.041371
v -5.987981 163.469620 -7.956484
v -4.990097 163.669769 -8.448723
v -6.599636 163.928802 -6.665836
v -6.012712 164.485367 -7.468605
v -5.011909 164.781403 -7.900646
v -5.970799 165.608307 -6.446806
v -4.967027 165.956818 -6.833129
v -4.837903 167.325851 -5.081005
v -6.563359 164.876526 -5.784660
v -5.832205 166.929871 -4.708251
v -6.404286 166.076904 -4.143083
v -6.180444 169.208450 0.809719
v -7.465613 167.194412 -0.537123
v -6.441635 168.387589 1.436575
v -7.019494 168.077682 -1.107543
v -5.429580 169.720230 0.185666
v -7.782272 166.175934 -2.220507
v -6.115553 168.595947 -1.582680
v -7.368193 167.153870 -2.707927
v -7.707374 165.481689 -3.445930
v -6.453099 167.789597 -3.070319
v -7.400497 166.491470 -3.931054
v -6.571594 167.226669 -4.302082
v -6.494251 166.484467 -5.434659
v -7.316407 165.779266 -5.019895
v -7.623581 164.833191 -4.462146
v -6.369373 165.593338 -6.497778
v -7.597107 164.219971 -5.305064
v -7.232066 165.041779 -5.978034
v -7.767418 163.647064 -5.949309
v -7.335575 164.273422 -6.760611
v -6.438751 164.581894 -7.396850
v -8.076865 162.982010 -6.506618
v -6.629170 163.547318 -8.025009
v -7.572714 163.390732 -7.407431
v -8.176130 162.020554 -6.893207
v -6.641181 162.455124 -8.367639
v -7.618535 162.271362 -7.821112
v -6.455866 161.213425 -8.475609
v -7.433841 160.987854 -7.944113
v -8.022205 160.871597 -7.011311
v -7.095337 159.724625 -7.765673
v -6.117164 159.961166 -8.303766
v -7.723568 159.738907 -6.851514
v -6.663459 158.539429 -7.362864
v -5.692435 158.816055 -7.916821
v -7.303064 158.579254 -6.445947
v -6.247667 157.426117 -7.138917
v -5.311555 157.773514 -7.739448
v -6.809937 157.385941 -6.168500
v -5.809785 156.391647 -7.131129
v -4.922813 156.766373 -7.787356
v -6.230538 156.214828 -6.125544
v -4.695129 155.596283 -8.147985
v -5.530929 155.215195 -7.465295
v -5.821554 154.821259 -6.537133
v -4.672586 154.090042 -8.859138
v -5.705393 153.117020 -7.352869
v -5.469382 153.696518 -8.182716
v -7.275437 165.366562 0.873403
v -7.928745 163.314255 -0.702431
v -7.523042 164.363174 1.375734
v -7.658880 164.288422 -1.196505
v -6.480449 166.124390 0.492498
v -8.079081 162.509674 -2.156617
v -6.883015 165.017044 -1.631532
v -7.836230 163.428177 -2.697597
v -8.133021 161.893158 -3.030740
v -7.069562 164.127029 -3.153820
v -7.937014 162.692825 -3.722295
v -8.230298 161.231323 -3.624058
v -7.198404 163.298508 -4.289444
v -8.020940 161.813217 -4.495448
v -7.267463 162.242294 -5.173631
v -8.339696 160.447220 -4.017139
v -7.227627 160.999466 -5.686285
v -8.042545 160.739548 -4.997501
v -6.981536 159.678452 -5.728179
v -7.855941 159.495850 -5.088253
v -8.267948 159.457153 -4.110958
v -7.511732 158.174377 -4.863806
v -6.620664 158.374878 -5.464563
v -7.992080 158.208099 -3.908071
v -7.188531 156.952408 -4.695158
v -6.350416 157.186691 -5.368923
v -7.589372 156.961456 -3.661039
v -6.882777 155.866135 -4.597347
v -6.178509 156.116821 -5.440921
v -7.058747 155.788330 -3.462369
v -6.431252 154.995804 -5.764078
v -6.681254 154.653671 -4.716586
v -6.304338 154.414536 -3.690627
v -7.056967 153.515808 -5.826842
v -5.460002 152.932953 -5.068585
v -6.436795 153.094604 -5.208175
v -6.997108 167.009857 -0.462651
v -7.959853 165.054688 -2.417190
v -7.461411 165.960876 -0.183403
v -7.565471 166.059937 -2.857937
v -6.064049 167.667694 -0.755368
v -8.119114 164.280029 -3.901372
v -6.683202 166.695404 -3.263376
v -7.734936 165.213242 -4.416462
v -8.107189 163.658676 -4.733832
v -6.863288 165.835403 -4.837514
v -7.743111 164.425430 -5.437493
v -6.881793 164.954346 -5.966075
v -8.165500 163.003036 -5.259840
v -6.889601 163.801849 -6.782123
v -7.771477 163.491440 -6.146235
v -8.279661 162.175812 -5.614333
v -6.899157 162.487183 -7.208809
v -7.820621 162.374023 -6.575636
v -8.371238 161.107727 -5.729925
v -6.915530 161.061813 -7.259657
v -7.863210 161.072296 -6.677628
v -7.866099 159.611526 -6.447512
v -8.410212 159.785446 -5.546558
v -6.904340 159.590454 -6.993245
v -7.677909 158.217346 -6.006067
v -8.235160 158.455780 -5.123964
v -6.740290 158.274445 -6.577992
v -7.324433 156.992935 -5.479193
v -7.831861 157.198135 -4.529178
v -6.431028 157.125076 -6.111327
v -6.940715 155.648880 -5.120537
v -7.312554 155.740250 -4.045731
v -6.117905 155.812363 -5.865897
v -6.527041 153.983536 -5.018782
v -6.672687 153.951538 -3.837084
v -5.839794 154.174881 -5.928532
v -2.129615 163.665344 -7.984828
v -3.321482 165.058624 -7.118994
v -2.207922 165.157562 -7.195883
v -3.251134 163.571823 -7.907724
v -4.191784 164.687866 -6.515485
v -2.083164 162.502441 -8.527972
v -4.145719 163.229782 -7.300268
v -3.206848 162.411697 -8.429083
v -2.041177 161.547852 -8.847256
v -4.107957 162.117477 -7.797003
v -3.165115 161.441925 -8.731813
v -1.944539 160.562027 -9.016586
v -4.066039 161.196487 -8.074789
v -3.069495 160.434860 -8.923300
v -3.994763 160.238785 -8.280564
v -2.933543 159.394501 -9.002269
v -3.907001 159.272537 -8.404377
v -1.805788 159.556015 -9.045630
v -3.824371 158.403717 -8.354939
v -2.805672 158.428940 -8.908541
v -1.670946 158.643234 -8.925776
v -3.756164 157.678665 -8.137046
v -2.702924 157.594574 -8.653738
v -1.521095 157.779739 -8.655170
v -3.782181 157.010315 -7.892354
v -1.476327 156.854752 -8.391125
v -2.718180 156.804123 -8.398460
v -3.905097 156.336761 -7.630435
v -1.584459 155.868668 -8.185595
v -2.867933 156.033371 -8.168707
v -4.273722 155.356186 -7.508445
v -2.028214 154.675140 -8.174285
v -4.906385 153.928528 -7.571028
v -3.983929 153.659271 -8.214025
v -3.280663 155.041489 -8.107336
v -2.826891 153.197098 -8.339885
v -6.012814 166.153122 4.131428
v -6.586863 165.021423 4.127923
v -6.072759 165.815033 4.707497
v -5.804098 165.406097 5.132640
v -6.406075 165.370804 3.577870
v -6.442294 164.559067 4.565813
v -7.114944 164.414932 3.526950
v -6.861237 164.805191 3.030034
v -7.056027 163.888214 3.910522
v -7.609074 163.989136 2.912423
v -7.322487 164.458862 2.509977
v -7.591950 163.391464 3.170390
v -8.048182 163.722916 2.264627
v -7.752328 164.273254 1.993432
v -8.030927 163.082382 2.373848
v -8.405610 163.580109 1.537310
v -8.437769 162.920914 1.561209
v -8.056201 164.142334 1.368370
v -8.822217 162.904938 0.734648
v -8.669453 163.561279 0.752156
v -8.219613 164.057419 0.643240
v -9.162824 163.056320 -0.038723
v -8.841946 163.643661 -0.078785
v -8.291856 163.972870 -0.225211
v -9.427771 163.139511 -0.747334
v -9.017170 163.630264 -0.905341
v -8.432678 163.806183 -1.118494
v -9.660736 163.039459 -1.452620
v -9.238381 163.471191 -1.700074
v -8.653981 163.577942 -1.946160
v -9.867908 162.744217 -2.127980
v -9.501842 163.172577 -2.452934
v -8.933187 163.306168 -2.725051
v -10.005222 162.303940 -2.698586
v -9.722268 162.709152 -3.115105
v -9.183135 162.897751 -3.417330
v -10.053609 161.750198 -3.132009
v -9.292405 162.269150 -3.959621
v -9.812353 162.068466 -3.634636
v -9.248390 161.459015 -4.326615
v -9.769024 161.266953 -4.002443
v -10.021377 161.044327 -3.457249
v -9.075924 160.559402 -4.506401
v -9.603737 160.358826 -4.206584
v -9.890356 160.198380 -3.657276
v -8.834617 159.724899 -4.545176
v -9.346703 159.503143 -4.233789
v -9.637494 159.396225 -3.674382
v -9.007143 158.715485 -4.118342
v -8.527957 158.931458 -4.469641
v -9.274745 158.688019 -3.546350
v -8.626270 158.011337 -3.890253
v -8.189152 158.166687 -4.321650
v -8.818100 158.048126 -3.282467
v -8.316103 157.145462 -3.753644
v -7.935448 157.258713 -4.256518
v -8.401224 157.155655 -3.107486
v -7.771935 156.113342 -4.343344
v -8.091916 156.003113 -3.778231
v -8.092986 155.953217 -3.110316
v -7.654988 154.698654 -4.570732
v -7.891035 154.472672 -3.282205
v -7.936873 154.577454 -3.960799
v 6.748856 165.021378 4.087904
v 6.378764 165.814972 4.704373
v 6.103287 165.406036 5.131935
v 6.259530 166.145859 4.126485
v 6.522959 164.559036 4.532843
v 6.583168 165.365250 3.532513
v 7.077769 164.414871 3.450126
v 6.881386 163.888138 3.844390
v 6.902590 164.801056 2.947303
v 7.455691 163.989075 2.804427
v 7.291255 163.391403 3.071009
v 7.283970 164.455444 2.397806
v 7.880143 163.722839 2.129859
v 7.746852 163.082306 2.244313
v 7.695795 164.269836 1.858426
v 8.282990 163.580032 1.379455
v 8.247510 162.920837 1.404461
v 8.005894 164.137604 1.215201
v 8.725571 162.904861 0.561376
v 8.598080 163.561203 0.580853
v 8.178789 164.049667 0.479485
v 9.101137 163.056229 -0.214849
v 8.792036 163.643005 -0.252006
v 8.246521 163.960373 -0.387346
v 9.390409 163.139435 -0.917421
v 8.985935 163.629211 -1.069856
v 8.394870 163.794800 -1.268761
v 9.638302 163.039368 -1.596497
v 9.218446 163.471100 -1.840377
v 8.621547 163.572769 -2.076329
v 9.853254 162.744125 -2.238682
v 9.489178 163.172501 -2.556554
v 8.908382 163.306076 -2.819459
v 9.988294 162.303848 -2.780627
v 9.708372 162.709061 -3.182863
v 9.158843 162.897675 -3.475466
v 10.026030 161.750107 -3.221077
v 9.255886 162.269058 -3.996611
v 9.786656 162.068390 -3.698547
v 9.189405 161.458954 -4.373314
v 9.723807 161.266876 -4.076379
v 9.976665 161.044235 -3.555459
v 8.987973 160.559326 -4.569913
v 9.532989 160.358765 -4.295205
v 9.823451 160.198303 -3.768140
v 8.719316 159.724808 -4.626984
v 9.249606 159.503067 -4.338429
v 9.547737 159.396149 -3.798068
v 8.879468 158.715408 -4.207819
v 8.378380 158.931381 -4.553401
v 9.166255 158.687943 -3.645498
v 8.464425 158.011276 -3.944266
v 8.003755 158.166611 -4.373774
v 8.684228 158.048050 -3.349706
v 8.150812 157.145401 -3.759085
v 7.761485 157.258636 -4.267708
v 8.256411 157.155609 -3.116818
v 7.647438 156.113266 -4.299400
v 7.959574 156.003036 -3.724453
v 7.963609 155.953156 -3.047634
v 7.629032 154.698578 -4.477324
v 7.816716 154.472626 -3.164816
v 7.881868 154.577408 -3.856671
v 5.938971 167.781876 -6.321387
v 7.081505 167.148087 -6.400811
v 6.222578 167.336884 -7.134061
v 6.822053 167.753204 -5.400569
v 7.762243 166.741379 -5.338566
v 5.621130 168.061935 -5.782480
v 7.418835 167.408981 -4.342944
v 6.334406 168.240829 -4.635641
v 5.123639 168.449860 -5.151122
v 6.936407 168.194611 -3.388772
v 5.710154 168.729019 -3.922702
v 4.623030 168.805634 -4.540440
v 6.120576 168.785736 -2.631906
v 5.026320 169.180054 -3.271236
v 5.213952 169.349899 -1.946028
v 5.113608 157.403961 -8.534441
v 6.281017 156.836914 -8.345666
v 6.095123 156.235046 -8.400715
v 4.875785 156.831436 -8.553445
v 5.975525 155.745102 -8.122134
v 4.128531 157.955734 -8.762290
v 4.690965 156.403198 -8.248883
v 3.798050 157.430283 -8.749632
v 3.358380 158.493240 -9.045368
v 3.500355 157.078171 -8.429217
v 2.917678 158.032654 -9.025342
v 2.779525 159.038132 -9.379740
v 2.489437 157.768875 -8.713240
v 2.254963 158.637085 -9.353735
v 2.327521 159.566467 -9.665858
v 1.756415 158.437546 -9.035666
v 1.752447 159.217773 -9.628642
v 2.002875 160.049057 -9.880339
v 1.236048 159.055374 -9.289681
v 1.384838 159.769531 -9.829859
v 1.789545 160.489700 -10.022916
v 0.865483 159.647354 -9.474760
v 1.142147 160.290665 -9.958271
v 1.643242 160.943924 -10.136554
v 0.628425 160.216660 -9.585852
v 0.977244 160.820770 -10.061935
v 1.553727 161.430298 -10.227661
v 0.467411 160.796494 -9.680846
v 0.879259 161.375961 -10.153496
v 1.521808 161.974823 -10.298863
v 0.371448 161.395645 -9.770837
v 0.845572 161.960754 -10.231149
v 0.337376 161.988083 -9.850152
v 0.837651 162.583557 -10.253342
v 0.326090 162.558334 -9.876341
v 1.512980 162.604156 -10.314511
v 0.302765 163.146393 -9.812799
v 0.816683 163.244568 -10.177364
v 1.491038 163.289459 -10.229738
v 0.266885 163.788071 -9.653752
v 0.782573 163.937881 -10.001541
v 1.455668 163.994934 -10.046734
v 0.231042 164.481644 -9.404393
v 0.750444 164.641235 -9.746508
v 1.423099 164.680649 -9.793823
v 0.240714 165.152069 -9.130358
v 0.763825 165.290115 -9.482189
v 1.435322 165.286423 -9.539596
v 0.300475 165.770279 -8.857772
v 0.826975 165.883713 -9.218100
v 1.493194 165.830933 -9.287226
v 0.401699 166.306122 -8.591513
v 0.936873 166.431610 -8.943185
v 1.599407 166.354370 -9.013065
v 0.506370 166.828705 -8.236205
v 1.059836 166.995590 -8.545661
v 1.724037 166.918610 -8.596184
v 1.183123 167.588104 -7.992963
v 0.612024 167.395981 -7.730521
v 1.845280 167.506058 -8.016894
v 1.302733 168.210236 -7.281742
v 0.718057 168.015732 -7.063780
v 1.958735 168.112656 -7.276836
v 4.075229 167.421936 -8.098252
v 5.285896 166.922379 -8.197950
v 4.285366 166.876495 -8.665905
v 5.076519 167.531158 -7.607712
v 6.243015 166.822495 -7.625345
v 3.818521 167.855515 -7.485354
v 6.022334 167.416229 -6.986818
v 4.792376 168.015320 -6.942747
v 3.524780 168.111191 -6.860438
v 5.727228 167.921707 -6.294050
v 4.437381 168.319061 -6.237056
v 3.238830 168.207733 -6.267088
v 5.346654 168.304596 -5.559234
v 4.067709 168.462509 -5.537495
v 4.895398 168.599915 -4.813975
v 3.625160 167.296021 -7.738024
v 3.368432 168.398621 -6.847710
v 3.968173 168.115067 -6.839757
v 3.007586 167.545212 -7.755801
v 2.764429 168.404663 -6.607046
v 2.405570 167.530136 -7.505188
v 3.378745 166.585297 -8.399517
v 2.140215 166.761826 -8.182170
v 2.743188 166.793182 -8.433232
v 2.574198 166.138519 -8.889796
v 3.227709 165.986298 -8.828053
v 1.970470 166.096298 -8.640741
v 2.490976 165.555405 -9.164822
v 3.153999 165.448395 -9.084398
v 1.886807 165.516403 -8.915628
v 2.424283 164.941315 -9.385205
v 3.091613 164.856247 -9.295728
v 1.819799 164.917023 -9.134355
v 2.367703 164.283722 -9.556205
v 3.038561 164.216293 -9.458296
v 1.761744 164.274857 -9.306839
v 2.320044 163.586838 -9.676409
v 2.993421 163.529465 -9.572018
v 1.711921 163.597794 -9.431106
v 2.270998 162.907089 -9.742231
v 2.946650 162.851837 -9.634593
v 1.661655 162.944931 -9.499117
v 2.894890 162.205688 -9.644652
v 1.609164 162.329575 -9.510729
v 2.216950 162.260468 -9.752431
v 2.840618 161.615417 -9.603571
v 1.551749 161.727203 -9.465308
v 2.158826 161.647308 -9.706848
v 2.825820 161.105927 -9.521665
v 1.532278 161.108948 -9.369897
v 2.142392 161.066208 -9.615111
v 2.884733 160.656204 -9.402505
v 1.604140 160.491699 -9.236803
v 2.213421 160.515823 -9.485364
v 1.766268 159.918549 -9.082863
v 2.370976 160.000900 -9.325404
v 3.016524 160.223190 -9.241405
v 1.963846 159.433777 -8.936950
v 2.583483 159.513214 -9.145772
v 3.224219 159.730331 -9.026109
v 2.088999 158.977692 -8.815945
v 3.391953 159.132401 -8.812615
v 2.736722 158.994232 -8.981683
v 2.167173 158.484558 -8.708562
v 3.504658 158.486969 -8.634332
v 2.836231 158.433182 -8.839823
v 2.191387 157.949570 -8.621037
v 3.558995 157.785828 -8.505087
v 2.876899 157.842331 -8.733057
v 3.511073 156.954727 -8.556362
v 2.820980 157.130630 -8.783346
v 2.119937 157.275421 -8.682467
v 2.634145 156.244339 -9.014408
v 3.320054 155.983887 -8.796023
v 1.916690 156.419128 -8.928094
v 2.269822 155.184311 -9.401118
v 2.938353 154.864868 -9.184321
v 1.540423 155.389160 -9.332064
v -2.775413 155.625458 -9.694551
v -3.957487 155.342834 -9.862964
v -3.886767 155.885544 -10.164597
v -2.820884 156.170929 -9.972595
v -3.969976 156.539322 -10.175163
v -1.691866 156.032623 -9.576013
v -3.006819 156.802124 -9.956496
v -1.892763 156.550507 -9.844277
v -0.759466 156.569702 -9.505444
v -2.205540 157.136658 -9.810394
v -1.131267 157.023407 -9.772339
v -0.060990 157.191528 -9.485461
v -1.570969 157.537598 -9.729848
v -0.543949 157.573471 -9.752321
v -1.071934 158.011200 -9.699974
v -0.086848 158.140854 -9.747391
v 0.460253 157.824005 -9.487604
v -0.671351 158.505295 -9.678291
v 0.240143 158.717422 -9.761645
v 0.842628 158.484467 -9.518213
v -0.385854 158.992859 -9.666812
v 0.441419 159.302719 -9.800866
v 1.086713 159.171341 -9.588488
v -0.206119 159.479492 -9.669827
v 0.538441 159.922165 -9.876458
v 1.202702 159.896973 -9.694868
v -0.114039 160.005478 -9.713980
v 0.536730 160.587280 -9.984686
v 1.204383 160.658844 -9.826914
v -0.112738 160.589554 -9.801384
v 0.436734 161.309448 -10.128250
v 1.093100 161.454575 -9.978393
v -0.202337 161.234100 -9.933796
v 0.249139 162.077393 -10.228639
v 0.890045 162.265533 -10.073361
v -0.371522 161.917862 -10.033487
v 0.615054 163.074463 -10.042480
v -0.607303 162.618332 -10.022099
v -0.012508 162.860092 -10.208340
v 0.274835 163.871384 -9.886769
v -0.915821 163.345535 -9.893419
v -0.343439 163.645386 -10.064137
v -0.068949 164.606232 -9.642385
v -1.271098 164.114212 -9.653859
v -0.696535 164.412277 -9.819481
v -0.284729 165.224426 -9.397911
v -1.528229 164.864319 -9.376360
v -0.933747 165.107529 -9.556711
v -0.384436 165.750763 -9.162824
v -1.657760 165.562317 -9.086641
v -1.047866 165.733337 -9.289875
v -0.384235 166.251755 -8.901256
v -1.662306 166.153366 -8.802219
v -1.047959 166.300125 -9.006891
v -0.379767 166.814789 -8.481276
v -1.659158 166.707260 -8.431001
v -1.040207 166.879517 -8.597871
v -0.402507 167.413498 -7.892104
v -1.682774 167.314545 -7.907029
v -1.058021 167.497284 -8.027870
v -1.100345 168.169403 -7.289170
v -0.451858 168.054611 -7.134997
v -1.732254 167.995010 -7.209290
v 9.655778 167.049301 -8.656892
v 10.495247 167.476212 -7.641570
v 10.538016 167.465347 -8.628881
v 9.666257 167.070251 -7.669247
v 8.830884 166.762329 -8.635769
v 8.916181 166.764069 -7.651896
v 8.239421 166.555023 -7.590290
v 8.068308 166.606934 -8.563487
v 7.632900 166.442383 -7.486567
v 7.369534 166.582504 -8.433900
v 6.746248 166.656372 -8.236283
v 7.100813 166.439590 -7.329585
v 6.202283 166.819839 -7.967385
v 6.643234 166.549408 -7.109847
v 5.729211 167.077087 -7.620796
v 6.267009 166.767731 -6.827748
v 5.319734 167.440781 -7.148296
v 5.968829 167.074738 -6.465451
v 4.994479 167.909485 -6.467386
v 5.694648 167.448502 -5.900929
v 4.764158 168.466553 -5.596009
v 5.437445 167.903854 -5.099309
v 4.580739 169.113068 -4.537875
v 5.154472 168.439728 -4.076897
v 9.909975 165.305069 -2.560034
v 10.616046 164.835983 -1.691921
v 10.431527 164.725342 -2.648966
v 10.121231 165.373810 -1.600941
v 9.469832 165.847305 -2.440177
v 9.691946 165.846954 -1.481323
v 9.109339 166.353592 -2.293589
v 9.321603 166.253860 -1.342511
v 8.809800 166.827499 -2.115982
v 8.988372 166.594803 -1.191440
v 8.489232 167.275879 -1.887006
v 8.670104 166.913849 -1.006488
v 8.141114 167.695526 -1.602283
v 8.364464 167.229706 -0.775689
v 7.773098 168.083084 -1.266077
v 8.079129 167.545822 -0.495233
v 7.359223 168.436417 -0.876270
v 7.750144 167.871719 -0.139528
v 6.765422 168.789871 -0.387600
v 7.170136 168.197357 0.338666
v 6.029907 169.159393 0.228810
v 6.395208 168.508560 0.922248
v 5.274815 169.545166 0.986645
v 5.552629 168.805206 1.609890
v 9.148529 164.958939 -7.068991
v 9.827551 164.328674 -6.341966
v 9.316633 164.321594 -7.175909
v 9.657830 164.928116 -6.223462
v 8.968993 165.596420 -6.932364
v 9.454071 165.516525 -6.068585
v 8.778515 166.235870 -6.760848
v 9.216129 166.092316 -5.873552
v 8.568980 166.873627 -6.544857
v 8.942297 166.646820 -5.641334
v 8.278570 167.424896 -6.271720
v 8.625603 167.108093 -5.382825
v 7.888489 167.852661 -5.944474
v 8.265268 167.464874 -5.095398
v 7.403302 168.147949 -5.567620
v 7.860677 167.726089 -4.771888
v 6.849898 168.369492 -5.095493
v 7.417131 167.926743 -4.384881
v 6.326295 168.697845 -4.414155
v 6.970506 168.190964 -3.811654
v 5.860797 169.135803 -3.542765
v 6.489928 168.539383 -3.017239
v 5.430145 169.678467 -2.477088
v 5.917724 168.976807 -1.998918
v 3.226997 167.857666 -7.342103
v 2.733082 168.250153 -6.422201
v 3.578982 168.633087 -6.067455
v 4.110537 168.036911 -6.918506
v 3.627890 167.505798 -8.111075
v 4.506909 167.471619 -7.632678
v 4.758037 166.943527 -8.205756
v 3.933539 167.188232 -8.726241
v 4.866539 166.453308 -8.661384
v 4.139326 166.906143 -9.188456
v 4.871296 166.028030 -9.114597
v 4.234888 166.655411 -9.573946
v 4.215353 166.430649 -9.924677
v 4.788138 165.680237 -9.586329
v 4.081568 166.233932 -10.243421
v 4.620693 165.407761 -10.073721
v 3.846842 166.071609 -10.533916
v 4.346706 165.210144 -10.576712
v 3.925585 165.088623 -11.062634
v 3.516837 165.961411 -10.834425
v 3.376053 165.040741 -11.515782
v 3.071475 165.907333 -11.160158
v 2.706121 165.058838 -11.939241
v 2.503553 165.916885 -11.506351
v 6.155825 168.841400 -1.151584
v 5.052584 169.808609 -1.008900
v 5.495315 169.367294 -0.343701
v 5.779276 169.441818 -1.821587
v 6.787197 168.394577 -1.843167
v 6.288759 168.939545 -2.514767
v 7.293920 168.022736 -2.421170
v 6.748293 168.544968 -3.094773
v 7.645547 167.740540 -2.853358
v 7.157440 168.237793 -3.586486
v 7.955970 167.543274 -3.113179
v 7.632294 167.949951 -3.963246
v 8.293197 167.408157 -3.236213
v 8.189869 167.681793 -4.177494
v 8.693186 167.320068 -3.240834
v 8.803750 167.448395 -4.205194
v 9.459838 167.262543 -4.053035
v 9.171319 167.271835 -3.124148
v 10.143242 167.153931 -3.742419
v 9.712048 167.251648 -2.878549
v 10.859560 167.120300 -3.289000
v 10.320951 167.263168 -2.494279
v 10.994227 167.309998 -1.964535
v 11.615030 167.158081 -2.699303
v -8.025766 158.025925 0.474805
v -9.136285 156.986389 1.206584
v -8.946525 157.727356 1.633432
v -8.292065 156.547073 -0.294469
v -8.969619 156.116272 1.157692
v -8.349751 157.385742 -0.026542
v -7.601552 158.344269 -0.414064
v -8.084585 156.989960 -1.330457
v -8.052435 157.761719 -0.885527
v -7.580214 158.685623 -1.002884
v -8.077075 158.162292 -1.484420
v -8.151690 157.505859 -2.089624
v -8.104774 158.687973 -1.970376
v -7.643871 159.085449 -1.355239
v -8.130648 158.216354 -2.728299
v -7.780129 159.533173 -1.552991
v -8.119670 159.335342 -2.338065
v -8.000444 159.126205 -3.173537
v -8.109258 160.093292 -2.440638
v -7.877731 160.172363 -3.281317
v -7.871480 160.013901 -1.587327
v -7.763342 161.237411 -3.007774
v -8.058960 160.966095 -2.221207
v -7.894538 160.644028 -1.411564
v -7.444507 162.413528 -2.342625
v -7.711499 161.595093 -0.861906
v -7.798438 162.065979 -1.602002
v -6.843439 163.837646 -1.249763
v -7.204595 162.882217 0.163669
v -7.242271 163.439758 -0.528600
v 8.058764 155.361816 1.413978
v 7.204261 155.824341 0.199844
v 7.899336 156.170242 1.060342
v 6.871861 154.165405 0.708091
v 7.823913 154.654556 2.022867
v 7.230239 154.947052 0.309350
v 6.849360 155.857864 -0.197192
v 6.220277 154.302826 -0.570417
v 6.714023 155.054947 -0.540696
v 5.894536 155.041901 -1.531381
v 6.447375 155.578445 -1.099249
v 6.644457 156.125916 -0.388711
v 5.701911 155.915314 -2.091867
v 6.297561 156.215149 -1.485198
v 6.517132 156.544067 -0.629308
v 5.595494 156.871857 -2.369679
v 6.256155 156.967560 -1.742979
v 6.531880 157.147003 -0.857003
v 5.603534 158.057373 -2.585584
v 6.743777 158.127213 -1.215862
v 6.354639 158.022415 -2.053468
v 5.791992 159.588364 -2.809817
v 7.131375 159.472366 -1.703556
v 6.619438 159.446808 -2.449620
v 8.208488 158.025848 0.361429
v 9.174006 157.727280 1.598320
v 9.350498 156.986298 1.210654
v 8.408529 156.547012 -0.295531
v 9.170980 156.116211 1.188488
v 8.510444 157.385696 -0.091976
v 7.699226 158.344208 -0.565848
v 8.088490 156.989899 -1.351637
v 8.120406 157.761658 -0.983752
v 7.611541 158.685547 -1.158174
v 8.077421 158.162231 -1.607913
v 8.080912 157.505783 -2.144454
v 8.052643 158.687897 -2.120382
v 7.631573 159.085373 -1.509467
v 8.004140 158.216293 -2.824936
v 7.737138 159.533112 -1.700707
v 8.031064 159.335251 -2.482257
v 7.850273 159.126129 -3.293264
v 8.001220 160.093231 -2.565767
v 7.724666 160.172287 -3.374418
v 7.808795 160.013809 -1.725746
v 7.621763 161.237350 -3.082993
v 7.948998 160.966003 -2.333398
v 7.814398 160.643967 -1.538367
v 7.323366 162.413452 -2.434885
v 7.600985 161.595016 -1.008489
v 7.685674 162.065903 -1.735059
v 6.768713 163.794281 -1.341816
v 7.072943 162.881180 0.016225
v 7.146699 163.424728 -0.664403
v -5.206054 156.706924 -6.484510
v -4.462109 159.057648 -6.862472
v -3.576407 157.619202 -6.977274
v -6.793046 157.808838 -4.516287
v -6.210646 156.030060 -5.115399
v -5.985846 158.315216 -6.019629
v -4.984389 160.127167 -6.803619
v -7.103267 159.210464 -4.209440
v -6.442367 159.600555 -5.777821
v -7.157676 160.204269 -4.015402
v -6.604820 160.597260 -5.614408
v -5.202733 161.012054 -6.728676
v -7.163568 161.042206 -3.794316
v -6.692512 161.520798 -5.391703
v -5.348242 161.959671 -6.546227
v -6.726451 162.432159 -5.086354
v -7.140767 161.898911 -3.488040
v -5.428576 162.879318 -6.278697
v -6.704030 163.645798 -4.644487
v -7.055628 163.096466 -3.010021
v -5.460765 164.080902 -5.900087
v -6.650396 165.322784 -4.031739
v -6.924920 164.755630 -2.328612
v -5.472362 165.749374 -5.389135
v -2.679520 157.360321 -8.345946
v -1.770422 159.343674 -8.103242
v -1.068919 158.409256 -8.355095
v -4.647797 157.544937 -6.739612
v -3.913816 156.199219 -7.591336
v -3.412392 158.432877 -7.807697
v -2.173872 160.039749 -8.068036
v -5.103180 158.899048 -6.227844
v -3.871680 159.402374 -7.552975
v -2.414521 160.713501 -8.157768
v -5.334093 160.084869 -6.132411
v -4.137158 160.319870 -7.547223
v -2.605529 161.512115 -8.215719
v -5.466294 161.082870 -6.112864
v -4.321406 161.247025 -7.560000
v -5.508168 161.982330 -6.066512
v -4.410386 162.199402 -7.533959
v -2.717033 162.394897 -8.214757
v -5.482188 163.056183 -5.841075
v -4.425496 163.406616 -7.307038
v -2.761804 163.595963 -7.998907
v -4.380761 164.948227 -6.848428
v -5.393162 164.521149 -5.389860
v -2.739794 165.119888 -7.533114
v -1.215526 153.710846 -8.791644
v -1.145871 155.641342 -8.320846
v 0.544170 154.790649 -8.506920
v -2.465542 154.311859 -7.881643
v -2.227093 152.185394 -8.358563
v -2.783715 153.001602 -6.823931
v -3.641522 154.186478 -5.892334
v -3.139566 155.159180 -7.227573
v -1.620346 156.169266 -7.945665
v -4.486067 155.405624 -5.638259
v -3.297167 156.097031 -6.911257
v -1.336382 156.712082 -7.373240
v -4.878640 156.504089 -5.570912
v -3.357062 156.997452 -6.662190
v -1.333291 157.434875 -6.804247
v -5.054977 157.556427 -5.493008
v -3.420095 157.941010 -6.469534
v -1.458506 158.301834 -6.456077
v -5.175054 158.847931 -5.271149
v -3.552452 159.196655 -6.255706
v -1.654127 159.519913 -6.283010
v -5.321408 160.487183 -4.930538
v -1.987311 161.132019 -6.295630
v -3.838359 160.817856 -6.055522
v 6.635915 165.192703 -3.911103
v 5.432360 164.053757 -5.709164
v 5.441400 165.611145 -5.143229
v 6.963067 163.084396 -3.042985
v 6.911072 164.653198 -2.347144
v 6.653259 163.624725 -4.550947
v 5.365269 162.879257 -6.117852
v 6.996040 161.898834 -3.517652
v 6.631016 162.432114 -5.005177
v 5.254755 161.959625 -6.399786
v 6.990698 161.042160 -3.814700
v 6.564456 161.520721 -5.311700
v 5.080356 161.012009 -6.604622
v 6.449686 160.597214 -5.556571
v 6.964002 160.204239 -4.057300
v 4.841160 160.127106 -6.711547
v 6.257425 159.600494 -5.746069
v 6.875136 159.210419 -4.258367
v 5.822390 158.315170 -5.993480
v 4.324602 159.057632 -6.794078
v 6.579518 157.808792 -4.540139
v 5.166553 156.706879 -6.393691
v 3.523651 157.619186 -6.888761
v 6.134921 156.030029 -5.035310
v 4.567890 157.544891 -6.653101
v 3.993095 156.199158 -7.486929
v 2.677549 157.360306 -8.292229
v 1.670218 159.343643 -8.060420
v 0.972037 158.409256 -8.331766
v 3.351395 158.432861 -7.743101
v 4.924506 158.899002 -6.170572
v 2.071198 160.039703 -8.010299
v 3.765379 159.402344 -7.479307
v 5.154417 160.084808 -6.056370
v 2.318295 160.713501 -8.086400
v 4.032199 160.319855 -7.444918
v 5.320584 161.082809 -6.004337
v 2.521335 161.512085 -8.124945
v 4.235060 161.246979 -7.427207
v 5.399275 161.982285 -5.936505
v 4.349765 162.199356 -7.374800
v 2.645706 162.394882 -8.106867
v 5.414998 163.054108 -5.693326
v 4.391992 163.406586 -7.122927
v 2.704522 163.595932 -7.874568
v 4.358138 164.912827 -6.622606
v 5.366461 164.459320 -5.198869
v 2.695825 165.109543 -7.379673
v 1.327130 155.641327 -8.274096
v 1.572298 153.710846 -8.739577
v -0.249609 154.790649 -8.524708
v 2.795534 154.311844 -7.766312
v 2.631902 152.185394 -8.276769
v 3.201947 153.001602 -6.648102
v 3.854930 154.186432 -5.707514
v 3.341560 155.159134 -7.098087
v 1.741155 156.169266 -7.885950
v 4.525502 155.405579 -5.487428
v 3.374664 156.097000 -6.793493
v 1.397489 156.712067 -7.321520
v 4.802111 156.504044 -5.460227
v 3.337438 156.997421 -6.559229
v 1.302250 157.434860 -6.761776
v 4.889190 157.556381 -5.426075
v 3.327334 157.940964 -6.392683
v 1.353139 158.301819 -6.423589
v 4.935961 158.847885 -5.231093
v 3.398304 159.196655 -6.195637
v 1.516216 159.519882 -6.248384
v 5.101298 160.487122 -4.879893
v 1.857720 161.132019 -6.247649
v 3.688854 160.817810 -5.976499
v -3.649951 164.754074 -7.719166
v -4.685587 166.085190 -6.337186
v -3.624571 166.261917 -6.614835
v -4.718920 164.569778 -7.453827
v -3.618775 163.577942 -8.416117
v -5.468752 164.086792 -6.746284
v -5.415076 165.541565 -5.651831
v -4.692959 163.387054 -8.145563
v -3.540431 162.543579 -8.784864
v -5.450415 162.990601 -7.391912
v -4.620727 162.362411 -8.500631
v -3.427360 161.453735 -8.978403
v -5.385570 162.072189 -7.706025
v -4.520145 161.286804 -8.705121
v -3.262490 160.364258 -8.996315
v -5.313263 161.089279 -7.905386
v -4.363988 160.152145 -8.753932
v -5.198566 160.018341 -7.976552
v -4.970812 158.956467 -7.878517
v -4.087304 159.056473 -8.618078
v -2.993437 159.363678 -8.845876
v -4.690559 157.982361 -7.678733
v -3.762609 158.050308 -8.385295
v -2.644558 158.386536 -8.582598
v -4.480540 157.094543 -7.475724
v -3.535567 157.104218 -8.173152
v -2.359080 157.372147 -8.364214
v -4.341140 156.298996 -7.269659
v -3.415126 156.223236 -7.999331
v -2.168537 156.287140 -8.220262
v -2.364488 155.010315 -8.304241
v -3.602149 155.204849 -7.986477
v -4.443082 155.312729 -7.194712
v -3.065475 153.575211 -8.597917
v -4.865588 153.906357 -7.296654
v -4.165443 153.877701 -8.147805
v 4.630545 155.600586 -8.305734
v 5.831963 155.128036 -8.374254
v 5.608346 154.074097 -8.500527
v 4.185356 154.656265 -8.325841
v 3.839680 156.150452 -8.423215
v 3.890423 153.884033 -7.785785
v 5.604994 153.102036 -8.050378
v 3.024395 155.459656 -8.437169
v 2.264043 155.022858 -7.933301
v 2.211865 156.423645 -8.779634
v 3.278161 156.845139 -8.696320
v 1.165898 156.310654 -8.353195
v 2.883117 157.614395 -9.086911
v 1.715492 157.427292 -9.205906
v 0.619694 157.559326 -8.822511
v 1.589461 158.501953 -9.689748
v 2.750475 158.426132 -9.523580
v 0.563207 158.807877 -9.326773
v 1.844088 159.653503 -9.968012
v 0.860507 160.037796 -9.627728
v 2.930523 159.339188 -9.734709
v 1.366247 161.194016 -9.684625
v 2.367223 160.815933 -9.980508
v 3.397878 160.409088 -9.692694
v 1.784837 162.280884 -9.625376
v 3.860246 161.615799 -9.518776
v 2.832613 161.985382 -9.863544
v 2.110008 163.383255 -9.464465
v 4.211035 162.849930 -9.224619
v 3.196232 163.179916 -9.631581
v 2.308814 164.355865 -9.173306
v 4.425955 163.970856 -8.856912
v 3.416699 164.268463 -9.292027
v 2.372335 165.161835 -8.741842
v 4.504340 164.941711 -8.429172
v 3.480919 165.205063 -8.844954
v 2.365178 166.166245 -8.016809
v 4.487847 166.051651 -7.725766
v 3.457702 166.294327 -8.117366
v 2.299973 167.551422 -6.886299
v 4.395267 167.473740 -6.601787
v 3.373674 167.713440 -6.979678
v 3.172865 154.222687 -8.953851
v 3.362350 155.883392 -8.047812
v 4.253075 154.525406 -8.525846
v 2.268160 155.507980 -8.448999
v 2.711827 156.868240 -7.931023
v 1.208429 154.969391 -8.313939
v 2.168060 153.616455 -8.896330
v 1.606450 156.481445 -8.296944
v 0.437631 156.132690 -8.091522
v 1.209360 157.280960 -8.438252
v 2.336215 157.609924 -8.096651
v -0.014484 157.168701 -8.216526
v 0.981988 158.115372 -8.748280
v 2.120188 158.348053 -8.425238
v -0.207252 158.191635 -8.539162
v 0.924820 159.002426 -9.205880
v 2.043136 159.145386 -8.897383
v -0.204519 159.163300 -8.990264
v 0.936112 159.958267 -9.596594
v 2.038577 160.046173 -9.270177
v -0.169351 160.094177 -9.373828
v 0.980838 160.957916 -9.857066
v 2.066965 161.010071 -9.482769
v -0.136378 161.032135 -9.666197
v 1.003146 162.005844 -9.957968
v 2.072351 162.020935 -9.552105
v -0.117622 162.012772 -9.792933
v 2.054927 163.049515 -9.477243
v -0.122818 163.054977 -9.742398
v 0.995473 163.090744 -9.891898
v 2.047246 164.007248 -9.268089
v -0.121072 164.069717 -9.526221
v 0.993625 164.125473 -9.670871
v 2.056719 164.906509 -8.916210
v -0.103206 165.000946 -9.151517
v 1.007080 165.092239 -9.291952
v 2.048774 166.008041 -8.239379
v -0.104373 166.094421 -8.481016
v 1.002499 166.229919 -8.599806
v 1.988628 167.429626 -7.123191
v -0.141510 167.516602 -7.390347
v 0.958168 167.669342 -7.494576
v -8.179944 153.744537 -6.329428
v -7.866923 154.858902 -6.138855
v -7.921182 154.175949 -6.772663
v -8.118860 154.491653 -5.643307
v -7.845861 155.517975 -5.711631
v -8.037497 154.070435 -5.177611
v -8.106766 153.236069 -5.945477
v -8.097151 155.247696 -5.162266
v -8.012810 154.958328 -4.612558
v -8.123695 156.011795 -4.894508
v -8.049511 155.892166 -4.284338
v -7.860788 156.160706 -5.476579
v -8.179737 156.812759 -4.200057
v -8.208365 156.785202 -4.826042
v -7.907971 156.841599 -5.398666
v -8.458004 157.667953 -4.300627
v -8.364500 157.562988 -4.913256
v -7.971239 157.599548 -5.419387
v -8.871160 158.440475 -4.597490
v -8.090240 158.451233 -5.532349
v -8.596498 158.349365 -5.156430
v -9.336874 159.139435 -5.066686
v -8.317610 159.389313 -5.710871
v -8.890194 159.177505 -5.522833
v -9.134171 160.056091 -5.778602
v -9.669270 159.937149 -5.439118
v -8.542263 160.257675 -5.787464
v -9.280686 160.952087 -5.829557
v -9.856339 160.842270 -5.559001
v -8.678766 161.051071 -5.752043
v -9.908469 161.763779 -5.403740
v -8.715264 161.856873 -5.629685
v -9.330472 161.856476 -5.684165
v -9.871778 162.542343 -5.060604
v -8.685227 162.609467 -5.384099
v -9.309405 162.664215 -5.370649
v -9.777694 163.123718 -4.594584
v -8.607768 163.230438 -4.999636
v -9.232944 163.308548 -4.909493
v -9.101313 163.775391 -4.308028
v -9.629829 163.507690 -4.026292
v -8.478233 163.723251 -4.459942
v -8.948042 164.106461 -3.562766
v -8.322470 164.145523 -3.726006
v -9.447652 163.732544 -3.343394
v -8.213004 164.571564 -2.776654
v -8.824023 164.374542 -2.635563
v -9.244405 163.871201 -2.488350
v -8.186975 164.960892 -1.627545
v -8.726735 164.569016 -1.514038
v -8.997052 163.947556 -1.431293
v -8.222399 165.256500 -0.382919
v -8.624815 164.703079 -0.265285
v -8.694061 164.031448 -0.200148
v -8.104977 165.498856 0.638964
v -8.403844 164.900696 0.830961
v -8.359158 164.245636 0.935644
v -7.803050 165.751755 1.410619
v -7.982931 164.556335 1.900249
v -8.057665 165.187164 1.716884
v -7.340181 166.025528 1.961159
v -7.599931 164.955490 2.668313
v -7.625548 165.555908 2.371445
v -6.845382 166.351486 2.490997
v -7.154985 165.384872 3.315277
v -7.150856 165.952576 2.946762
v -6.391548 166.752411 3.029191
v -6.635018 165.811630 3.897183
v -6.665702 166.366486 3.507580
v -6.002390 167.221848 3.576089
v -6.060490 166.242508 4.425165
v -6.187834 166.799805 4.067142
v -9.403357 158.645508 -5.342563
v -8.985441 159.370834 -5.940902
v -9.560332 158.299667 -5.808400
v -8.829075 158.578278 -6.826776
v -9.417511 157.802399 -6.188024
v -9.066586 159.026566 -6.430063
v -8.719785 160.011520 -6.360929
v -8.414079 159.363251 -7.335472
v -8.733129 159.715027 -6.895041
v -8.600714 160.558365 -6.598222
v -8.188118 160.166473 -7.681175
v -8.564493 160.364853 -7.182185
v -8.143938 160.952347 -7.840615
v -8.537541 160.997757 -7.309528
v -8.589875 161.069336 -6.696089
v -8.614816 161.614746 -6.705918
v -8.568048 161.650864 -7.325527
v -8.179637 161.723083 -7.863318
v -8.650859 162.318542 -7.229490
v -8.676974 162.183243 -6.621976
v -8.281419 162.495667 -7.757557
v -8.769841 162.746597 -6.445005
v -8.779431 163.008072 -7.010412
v -8.438823 163.284897 -7.512802
v -8.835779 163.629807 -6.617647
v -8.528232 164.010223 -7.068319
v -8.785680 163.210632 -6.156381
v -8.498893 164.608170 -6.424666
v -8.776368 164.131821 -6.055038
v -8.698434 163.585693 -5.740589
v -8.361111 165.067017 -5.620155
v -8.604383 164.510605 -5.333401
v -8.494782 163.902573 -5.144590
v -8.206433 165.443909 -4.765136
v -8.258401 164.216232 -4.390701
v -8.409791 164.836975 -4.530381
v -8.103198 165.801422 -3.916163
v -8.102103 164.548477 -3.567870
v -8.281647 165.167267 -3.707457
v -8.044437 166.144012 -3.051335
v -8.036167 164.876770 -2.702001
v -8.219735 165.496689 -2.855944
v -8.009194 166.468384 -2.207812
v -8.208437 165.828705 -1.993365
v -8.038321 165.211502 -1.804874
v -7.935543 166.808517 -1.442426
v -8.011362 165.595306 -0.954477
v -8.164717 166.195908 -1.197688
v -7.830588 167.171448 -0.757770
v -7.926229 166.028473 -0.172727
v -8.074569 166.598526 -0.465394
v -7.696276 167.567459 -0.150126
v -7.767852 166.506989 0.529146
v -7.928242 167.050980 0.207024
v -7.366814 168.052307 0.479533
v -7.404083 167.062408 1.208863
v -7.567851 167.597977 0.891239
v -6.803473 168.631195 1.139163
v -6.820384 167.698273 1.873197
v -6.975435 168.229736 1.570624
v -6.068924 169.286011 1.754523
v -6.087043 168.410095 2.493483
v -6.223649 168.932205 2.197633
v 7.905481 154.858841 -6.104588
v 8.260774 153.744461 -6.297657
v 8.008419 154.175903 -6.750106
v 8.147452 154.491608 -5.590156
v 7.827642 155.517914 -5.672021
v 8.069201 154.070374 -5.104681
v 8.196474 153.235992 -5.895820
v 8.062943 155.247650 -5.104825
v 7.968143 154.958252 -4.531875
v 8.033102 156.011749 -4.854868
v 7.934826 155.892090 -4.232424
v 7.793142 156.160660 -5.448622
v 8.024273 156.812698 -4.188819
v 8.079025 156.785141 -4.815570
v 7.802143 156.841537 -5.390552
v 8.291804 157.667892 -4.331809
v 8.220467 157.562927 -4.932073
v 7.839325 157.599503 -5.433249
v 8.739316 158.440399 -4.662385
v 7.951856 158.451157 -5.564904
v 8.466185 158.349274 -5.202478
v 9.260698 159.139343 -5.149917
v 8.213683 159.389236 -5.744564
v 8.806496 159.177429 -5.583409
v 9.078186 160.056000 -5.807614
v 9.625740 159.937088 -5.492804
v 8.463223 160.257599 -5.794802
v 9.246124 160.952026 -5.831379
v 9.835857 160.842178 -5.586860
v 8.620496 161.050995 -5.736758
v 9.901917 161.763687 -5.413439
v 8.675506 161.856812 -5.593094
v 9.312390 161.856384 -5.665911
v 9.874076 162.542252 -5.063291
v 8.660319 162.609421 -5.334310
v 9.303277 162.664108 -5.341824
v 9.784496 163.123611 -4.594682
v 8.592624 163.230362 -4.955967
v 9.233380 163.308472 -4.877737
v 9.104867 163.775314 -4.301761
v 9.637320 163.507614 -4.039560
v 8.468105 163.719818 -4.435676
v 8.952700 164.098724 -3.593461
v 8.315368 164.125885 -3.736557
v 9.453537 163.732452 -3.393210
v 8.214211 164.525330 -2.833305
v 8.829895 164.353470 -2.714574
v 9.244939 163.867767 -2.584528
v 8.201969 164.893570 -1.729208
v 8.735022 164.539124 -1.643453
v 8.986294 163.940506 -1.577443
v 8.235217 165.189163 -0.516916
v 8.632750 164.675079 -0.420217
v 8.663088 164.024170 -0.367744
v 8.100904 165.438873 0.504949
v 8.414804 164.876816 0.679259
v 8.335255 164.238602 0.774261
v 7.801873 165.694336 1.297895
v 7.976713 164.550217 1.763784
v 8.097674 165.165237 1.590276
v 7.347761 165.963669 1.871145
v 7.651095 164.949875 2.567151
v 7.698766 165.531464 2.279438
v 6.867007 166.288330 2.426390
v 7.296508 165.379288 3.250799
v 7.264461 165.927002 2.890758
v 6.424977 166.693512 2.994053
v 6.866105 165.806900 3.869896
v 6.812972 166.343307 3.487588
v 6.042728 167.172974 3.559546
v 6.327151 166.239120 4.423766
v 6.352841 166.782837 4.067678
v 8.787748 158.578217 -6.853642
v 9.516356 158.299606 -5.858918
v 9.375648 157.802338 -6.219579
v 8.922679 159.370773 -5.981903
v 9.337148 158.645416 -5.410541
v 9.023272 159.026489 -6.465135
v 8.377197 159.363190 -7.319022
v 8.665933 160.011459 -6.359499
v 8.694956 159.714966 -6.886011
v 8.159186 160.166412 -7.617534
v 8.557181 160.558304 -6.565084
v 8.534761 160.364777 -7.135790
v 8.124278 160.952255 -7.742028
v 8.516816 160.997681 -7.234887
v 8.557001 161.069275 -6.640576
v 8.592466 161.614685 -6.632377
v 8.556395 161.650803 -7.230120
v 8.168519 161.723007 -7.738852
v 8.647313 162.318466 -7.122257
v 8.664502 162.183151 -6.536158
v 8.277542 162.495590 -7.619603
v 8.766386 162.746506 -6.355200
v 8.783274 163.007996 -6.899889
v 8.440818 163.284805 -7.372784
v 8.844070 163.629715 -6.510969
v 8.533534 164.010132 -6.933646
v 8.786529 163.210556 -6.067709
v 8.506113 164.607513 -6.295897
v 8.786634 164.131744 -5.953373
v 8.700603 163.585617 -5.655953
v 8.369643 165.048019 -5.506795
v 8.614095 164.503586 -5.250069
v 8.494422 163.900696 -5.078101
v 8.212577 165.387802 -4.677512
v 8.255477 164.199356 -4.355154
v 8.418936 164.806503 -4.476390
v 8.110771 165.701706 -3.861036
v 8.100064 164.506516 -3.571265
v 8.292164 165.104736 -3.689830
v 8.063573 166.003479 -3.034592
v 8.043985 164.808395 -2.748366
v 8.241006 165.402359 -2.877692
v 8.039016 166.297119 -2.235172
v 8.243595 165.710617 -2.052562
v 8.059779 165.122910 -1.886034
v 7.946445 166.613571 -1.535515
v 8.032438 165.490204 -1.057120
v 8.192765 166.058105 -1.286963
v 7.794969 166.959412 -0.923603
v 7.912686 165.909164 -0.296272
v 8.059912 166.445648 -0.596306
v 7.597900 167.343552 -0.389096
v 7.701493 166.376358 0.379764
v 7.850018 166.885925 0.029378
v 7.188891 167.813309 0.140580
v 7.276153 166.916794 1.019992
v 7.410141 167.417114 0.642996
v 6.548794 168.380661 0.666184
v 6.633054 167.540527 1.629869
v 6.742684 168.035568 1.227500
v 5.786749 169.040451 1.179597
v 5.869457 168.252716 2.194972
v 5.961619 168.739532 1.771454
v -7.842677 155.361862 1.390459
v -7.655228 156.170319 1.072096
v -7.082073 155.824402 0.170539
v -6.810411 154.165451 0.631453
v -7.622659 154.654633 1.998421
v -7.152349 154.947128 0.236222
v -6.777231 155.857910 -0.233049
v -6.235581 154.302887 -0.673016
v -6.708807 155.054993 -0.625581
v -5.949213 155.041946 -1.633715
v -6.473815 155.578491 -1.167012
v -6.585497 156.125992 -0.409135
v -5.802954 155.915344 -2.157825
v -6.352736 156.215179 -1.519201
v -6.473578 156.544144 -0.621723
v -5.740577 156.871887 -2.376220
v -6.334863 156.967621 -1.721686
v -6.498250 157.147064 -0.799179
v -5.791745 158.057419 -2.536525
v -6.740718 158.127274 -1.097339
v -6.468966 158.022476 -1.971370
v -5.995011 159.588409 -2.750484
v -7.186930 159.472412 -1.564140
v -6.756790 159.446854 -2.344701
v -8.253710 153.170700 -5.897012
v -7.278510 153.290558 -4.650067
v -8.326818 154.273804 -5.802852
v -7.259642 155.315369 -5.274820
v -7.957112 155.253235 -6.150850
v -7.518592 154.360687 -4.776642
v -6.729464 153.912598 -3.555283
v -7.055308 155.494797 -4.916917
v -7.185884 154.710236 -4.142334
v -6.735581 154.860428 -2.820069
v -7.215724 155.263443 -3.752658
v -7.099024 155.830719 -4.708273
v -7.444338 155.980713 -3.348766
v -7.009885 155.794678 -2.307624
v -7.319901 156.444351 -4.355952
v -7.850729 156.816849 -3.027774
v -7.486541 156.825699 -1.951766
v -7.693715 157.141449 -4.070041
v -8.321692 157.665024 -2.916340
v -8.031641 157.842941 -1.853411
v -8.108902 157.834946 -3.965081
v -8.817356 158.527008 -2.959824
v -8.537495 158.738235 -1.923071
v -8.583213 158.629074 -3.996038
v -9.194798 159.412598 -2.973366
v -8.905873 159.492416 -1.951310
v -8.933919 159.562424 -4.005935
v -9.410567 160.315689 -2.936787
v -9.156051 160.141937 -1.902515
v -9.087639 160.598526 -3.925181
v -9.437064 161.224747 -2.643899
v -9.264167 160.754700 -1.683740
v -9.028788 161.658279 -3.548816
v -9.223711 161.429184 -1.239341
v -8.777205 162.632019 -2.889190
v -9.281469 162.106796 -2.079229
v -9.042533 162.088806 -0.583967
v -8.467386 163.505402 -2.020555
v -9.022351 162.900055 -1.292088
v -8.157071 164.292435 -0.998149
v -8.698198 163.595215 -0.313938
v -8.712232 162.709351 0.299391
v -7.839865 164.981995 -0.022828
v -8.294143 163.319580 1.250465
v -8.335300 164.232071 0.666148
v -7.466156 165.586456 0.831875
v -7.806366 163.918411 2.163314
v -7.897866 164.833511 1.570497
v -6.873464 166.288879 1.746616
v -7.044688 164.643127 3.128111
v -7.214307 165.555481 2.522262
v -6.016629 167.204910 2.771580
v -5.985871 165.564621 4.141214
v -6.258845 166.476639 3.550015
v 4.647591 165.971283 -6.071934
v 3.620273 164.748505 -7.527280
v 3.577059 166.162338 -6.376579
v 4.704732 164.561325 -7.228132
v 3.581807 163.577911 -8.248325
v 5.451878 164.076691 -6.530017
v 5.388793 165.428909 -5.404980
v 4.669958 163.387024 -7.943060
v 3.492449 162.543533 -8.634756
v 5.417829 162.990570 -7.192459
v 4.583316 162.362381 -8.318184
v 3.367280 161.453705 -8.852398
v 5.334242 162.072144 -7.524278
v 4.467039 161.286758 -8.550326
v 3.192523 160.364227 -8.901073
v 5.241705 161.089233 -7.751807
v 4.293692 160.152100 -8.639956
v 5.107399 160.018295 -7.866208
v 4.883302 158.956406 -7.808050
v 4.023296 159.056458 -8.548676
v 2.919183 159.363663 -8.783674
v 4.631842 157.982330 -7.607879
v 3.728538 158.050293 -8.316674
v 2.587283 158.386505 -8.531856
v 4.473214 157.094513 -7.387929
v 3.555299 157.104172 -8.095548
v 2.349667 157.372147 -8.317586
v 4.392144 156.298950 -7.161479
v 3.506522 156.223190 -7.910222
v 2.256392 156.287109 -8.163817
v 2.596531 155.010300 -8.224580
v 3.782946 155.204819 -7.886821
v 4.579962 155.312698 -7.070221
v 3.363612 153.575180 -8.516011
v 5.118093 153.906342 -7.169514
v 4.428526 153.877670 -8.048553
v 7.241243 155.315308 -5.204397
v 8.365424 154.273727 -5.762281
v 7.972609 155.253189 -6.123837
v 8.335981 153.170624 -5.851383
v 7.350689 153.290497 -4.540680
v 7.529421 154.360611 -4.679194
v 7.004693 155.494720 -4.840510
v 6.720022 153.912552 -3.416393
v 7.144943 154.710190 -4.031556
v 6.657362 154.860367 -2.700670
v 7.123705 155.263367 -3.657341
v 7.009511 155.830658 -4.643428
v 7.311127 155.980637 -3.288825
v 6.911428 155.794601 -2.236174
v 7.175102 156.444275 -4.321624
v 7.701780 156.816772 -3.017234
v 7.407203 156.825653 -1.952654
v 7.514899 157.141388 -4.074796
v 8.184608 157.664978 -2.967486
v 7.985307 157.842865 -1.942558
v 7.923987 157.834885 -4.010450
v 8.707900 158.526947 -3.068039
v 8.499461 158.738144 -2.071042
v 8.425698 158.629013 -4.081408
v 9.098468 159.412537 -3.112601
v 8.858340 159.492355 -2.103406
v 8.810666 159.562347 -4.111337
v 9.325696 160.315613 -3.060433
v 9.103379 160.141846 -2.045748
v 8.988698 160.598465 -4.009509
v 9.367733 161.224670 -2.752570
v 9.212482 160.754639 -1.816821
v 8.955021 161.658188 -3.612397
v 9.171777 161.429108 -1.387966
v 8.721620 162.631973 -2.985200
v 9.222681 162.106705 -2.211785
v 8.976269 162.088715 -0.751172
v 8.426041 163.499268 -2.145306
v 8.968929 162.899948 -1.453490
v 8.138945 164.260010 -1.137375
v 8.645309 163.593323 -0.485637
v 8.621332 162.709305 0.124065
v 7.836303 164.922028 -0.160634
v 8.155348 163.319504 1.087835
v 8.309421 164.221939 0.503191
v 7.449166 165.505203 0.709745
v 7.672572 163.918335 2.029977
v 7.915497 164.815094 1.433208
v 6.838005 166.191177 1.632910
v 7.053176 164.642075 3.042676
v 7.298359 165.528152 2.439114
v 5.959427 167.107529 2.679597
v 6.243595 165.562775 4.124346
v 6.397265 166.447540 3.540340
v -1.348298 166.127502 -9.772169
v -2.442865 166.098816 -9.675520
v -1.381019 166.784943 -9.304000
v -3.564504 166.674484 -8.908205
v -3.511615 165.953506 -9.424453
v -2.492130 166.819870 -9.205626
v -1.374339 167.347794 -8.760173
v -3.555856 167.354462 -8.299850
v -2.483328 167.456192 -8.619912
v -1.307146 167.801270 -8.112327
v -2.396296 168.019318 -7.947211
v -3.472842 168.051849 -7.646217
v -2.131536 168.308838 -7.074430
v -1.088808 167.985504 -7.375410
v -3.164242 168.449661 -6.620528
v 2.429282 166.098816 -9.528421
v 3.549648 166.668945 -8.708257
v 3.502807 165.953491 -9.235497
v 1.365224 166.784927 -9.202609
v 1.330080 166.127487 -9.675905
v 2.479268 166.819855 -9.051824
v 3.525815 167.317627 -8.090068
v 1.357257 167.346802 -8.657112
v 2.463721 167.442337 -8.460245
v 1.284944 167.785522 -8.010301
v 2.363892 167.970490 -7.781810
v 3.423136 167.961075 -7.426942
v 2.085816 168.208542 -6.917026
v 1.057366 167.945694 -7.290599
v 3.091740 168.273224 -6.401677
v 0.655138 167.337372 -8.135942
v 0.211064 168.036362 -7.322587
v 0.866398 167.929260 -7.409830
v -0.540325 167.215286 -7.736847
v -0.345495 167.853775 -7.037933
v -0.003149 167.412262 -8.041729
v 0.477520 166.760895 -8.707150
v -0.697756 166.627884 -8.270173
v -0.179776 166.817719 -8.609979
v 0.337498 166.201202 -9.127665
v -0.819375 166.083923 -8.648829
v -0.319962 166.244049 -9.023947
v 0.235569 165.655777 -9.421606
v -0.912735 165.536682 -8.921471
v -0.423741 165.678726 -9.315275
v 0.160451 165.060425 -9.704110
v -0.983336 164.912796 -9.195425
v -0.500434 165.057312 -9.595829
v 0.110356 164.395004 -9.981542
v -1.029073 164.221848 -9.467505
v -0.551420 164.368927 -9.872301
v 0.088267 163.665512 -10.242216
v -1.047270 163.468445 -9.724689
v -0.574082 163.611511 -10.133803
v 0.122118 162.942200 -10.421406
v -0.537119 162.850098 -10.313407
v -1.006580 162.720505 -9.897725
v 0.223004 162.244995 -10.502857
v -0.430452 162.110855 -10.390810
v -0.896804 162.000595 -9.969352
v -0.253112 161.403061 -10.367847
v -0.716480 161.303009 -9.942082
v 0.388850 161.579620 -10.489669
v -0.473953 160.628708 -9.864614
v -0.018512 160.744644 -10.292047
v 0.607317 160.967117 -10.420327
v -0.183920 159.990814 -9.788685
v 0.265271 160.141830 -10.211870
v 0.870357 160.416519 -10.334265
v 0.133820 159.417511 -9.723540
v 0.593557 159.591248 -10.130221
v 1.187198 159.899628 -10.231797
v 0.401267 158.965652 -9.673247
v 0.925350 159.072906 -10.032010
v 1.559246 159.315521 -10.083859
v 0.515003 158.554642 -9.591669
v 1.113872 158.509232 -9.877275
v 1.802615 158.601822 -9.851970
v 0.516051 158.079559 -9.457129
v 1.865151 157.852371 -9.574730
v 1.147549 157.893127 -9.670448
v 0.391389 157.535370 -9.273153
v 1.755128 157.073578 -9.279770
v 1.032822 157.238800 -9.433630
v 0.074381 156.935883 -9.140003
v 1.392031 156.268997 -9.059182
v 0.704262 156.552689 -9.258856
v -0.503685 156.271942 -9.084057
v 0.715297 155.453094 -8.927238
v 0.099641 155.821609 -9.162793
v -1.372702 155.544647 -9.093446
v -0.325345 154.624832 -8.866191
v -0.827812 155.043793 -9.132664
v 7.556736 153.622009 -3.964687
v 7.135523 155.545441 -2.969386
v 6.687137 154.005692 -4.065329
v 8.012591 155.103333 -3.054319
v 6.024233 154.644516 -4.659502
v 6.380943 156.182144 -3.457801
v 7.676261 156.603195 -2.572059
v 6.907932 157.251114 -3.045283
v 8.471767 155.991928 -2.705561
v 7.406727 157.939850 -3.173467
v 8.215217 157.367661 -2.667378
v 8.970998 156.668884 -2.720493
v 7.854901 158.601990 -3.429896
v 9.537174 157.491882 -2.988820
v 8.735196 158.150055 -2.953552
v 8.239211 159.296158 -3.656090
v 10.061023 158.390274 -3.508570
v 9.205273 158.949417 -3.322785
v 8.552080 160.044891 -3.596689
v 10.296070 159.298187 -4.244681
v 9.562819 159.745285 -3.688844
v 8.948277 160.795380 -3.453826
v 9.767385 160.549271 -4.054952
v 10.075060 160.222122 -4.942203
v 9.766142 161.331940 -4.254729
v 9.136448 161.394836 -3.447891
v 9.813637 161.169250 -5.230739
v 9.038588 161.845917 -3.449378
v 9.607020 162.068802 -4.251158
v 9.606587 162.130493 -5.235313
v 8.890534 162.238068 -3.362537
v 9.229587 163.039902 -5.029122
v 9.336493 162.743179 -4.089080
v 8.704514 162.626297 -3.158552
v 8.713140 163.842026 -4.634369
v 8.991200 163.338120 -3.808278
v 8.552010 162.978867 -2.826419
v 8.304311 164.541412 -3.988215
v 8.724990 163.842804 -3.351035
v 8.425301 163.315338 -2.309403
v 8.081483 165.107788 -3.141345
v 8.554689 164.282089 -2.689531
v 8.271034 163.585907 -1.706391
v 7.971772 165.524445 -2.258801
v 8.422828 164.614624 -1.943863
v 7.916793 165.781113 -1.464398
v 8.308488 164.821564 -1.180148
v 8.066165 163.794800 -0.977098
v 7.825111 166.059479 -0.743503
v 7.852051 164.153717 -0.015730
v 8.171063 165.115799 -0.342595
v 7.653725 166.464111 0.018105
v 7.596048 164.737610 1.106218
v 7.952323 165.618713 0.637730
v 7.054428 167.157974 0.846834
v 6.944324 165.639389 2.231784
v 5.885963 168.274033 1.666681
v 6.044233 167.690796 2.620946
v 7.286482 166.463150 1.686739
v 5.737908 166.894714 3.198630
v -6.404263 161.143875 -4.334604
v -6.926509 159.475571 -3.847522
v -7.071029 161.017212 -3.777428
v -6.178471 159.567078 -4.299645
v -7.327393 160.927490 -2.943297
v -7.308376 159.444489 -3.061155
v -6.822907 158.319702 -3.750500
v -6.069637 158.341492 -4.194439
v -7.230279 158.398087 -2.974731
v -6.817103 157.481781 -3.546391
v -6.145700 157.336761 -4.079329
v -7.110122 157.708862 -2.721437
v -6.976635 156.731537 -3.238179
v -6.574344 156.411377 -3.989764
v -6.937771 157.005798 -2.338117
v -7.207862 155.779449 -3.734718
v -7.193012 155.977798 -2.820026
v -6.733607 156.040955 -2.011725
v -7.474452 155.132095 -3.561825
v -7.288466 155.112534 -2.645465
v -6.687696 155.061127 -1.972275
v -6.752542 154.102936 -2.035513
v -7.272444 154.196304 -2.804058
v -7.360023 154.415680 -3.729903
v -6.558100 152.985489 -2.468776
v -6.941598 153.211670 -3.332427
v -6.900575 153.665405 -4.178953
v -5.928833 151.752075 -3.334654
v -6.070854 152.778351 -4.905673
v -6.198432 152.149551 -4.205093
v 0.324607 153.888550 -9.161530
v 0.847728 155.305115 -8.168790
v 1.517745 153.911270 -8.592332
v -0.387513 155.252106 -8.681656
v -0.987301 153.518723 -9.287933
v 0.604630 156.306702 -8.021484
v -1.745474 154.998795 -8.684483
v -0.616806 156.299683 -8.491158
v -1.948133 156.311600 -8.399153
v -1.718965 157.422577 -8.477626
v -0.498002 157.166031 -8.578259
v 0.674172 157.117096 -8.124683
v -0.243506 158.038177 -8.851097
v -1.358839 158.423187 -8.759704
v 0.879862 157.951019 -8.416935
v 0.100980 158.934937 -9.278641
v -0.982250 159.316498 -9.157539
v 1.193113 158.847427 -8.868491
v 0.338881 159.899658 -9.654761
v -0.765548 160.138397 -9.492058
v 1.417906 159.885757 -9.267326
v 0.436988 160.918900 -9.927874
v -0.689997 160.956482 -9.760741
v 1.504297 161.008438 -9.524592
v 0.351109 161.992630 -10.039088
v 1.392641 162.173248 -9.612847
v -0.760413 161.820770 -9.882781
v 1.108183 163.309753 -9.527412
v 0.085079 163.097778 -9.975006
v -0.994034 162.788437 -9.838631
v 0.797831 164.323364 -9.294196
v -1.283297 163.764679 -9.632211
v -0.227007 164.139984 -9.750142
v 0.509109 165.180939 -8.943456
v -1.597655 164.735687 -9.240707
v -0.542496 165.101685 -9.364622
v 0.306667 166.168808 -8.332552
v -1.836065 165.936401 -8.505095
v -0.771412 166.232697 -8.674352
v 0.212744 167.509720 -7.294474
v -1.931892 167.491150 -7.358329
v -0.867670 167.692017 -7.567851
v 0.104162 164.816055 -8.842731
v -0.844529 166.296143 -8.151019
v 0.273843 166.211655 -8.215517
v -1.020033 164.929947 -8.810979
v -1.744979 166.117096 -7.558599
v -0.024922 163.782303 -9.253541
v -1.956294 164.777390 -8.245733
v -1.151446 163.910858 -9.263821
v -0.116107 162.957184 -9.466812
v -2.114017 163.821518 -8.719123
v -1.249119 163.050339 -9.507581
v -0.186110 162.021347 -9.558729
v -2.220432 163.038101 -8.963859
v -1.327663 162.053940 -9.555078
v -2.273705 162.106339 -8.971498
v -0.224947 160.974045 -9.516034
v -2.267089 161.060577 -8.783465
v -1.367915 160.965683 -9.424514
v -2.218195 159.964066 -8.553702
v -1.310845 159.853546 -9.191545
v -0.165837 159.906235 -9.297590
v -2.180811 158.868835 -8.333282
v -1.210911 158.737091 -8.915302
v -0.034023 158.818283 -8.953012
v -2.198717 157.913925 -8.107563
v -1.147360 157.735092 -8.617515
v 0.089382 157.813416 -8.598657
v -2.246901 156.977325 -7.819498
v 0.188964 157.050842 -8.299612
v -1.115533 156.902161 -8.333150
v -2.063185 155.945755 -7.773322
v 0.340520 156.602127 -8.201240
v -0.943155 156.248596 -8.264835
v -0.572688 155.706238 -8.431896
v -1.494075 154.990204 -8.110722
v 0.579618 156.275726 -8.250578
v 0.309553 155.036636 -8.928840
v -0.380569 154.123199 -8.760519
v 1.317874 155.703461 -8.645246
v 1.709002 154.157822 -9.800761
v 1.170658 153.183838 -9.663981
v 2.617485 154.852982 -9.488232
v 1.156482 153.437256 -9.425943
v 2.010092 154.547104 -8.348408
v 2.369562 153.318680 -8.914674
v 0.761169 154.643112 -8.867236
v -0.182684 153.184372 -9.509035
v 1.754803 155.456757 -8.033432
v -0.630203 154.427994 -8.931558
v 0.496770 155.512375 -8.534842
v 1.641384 156.147797 -7.948977
v -0.903801 155.378906 -8.524670
v 0.384402 156.173508 -8.409450
v -0.986357 156.180695 -8.311749
v 0.369986 156.889038 -8.414509
v 1.592172 156.863434 -7.981248
v -0.931139 157.038513 -8.278747
v 0.451006 157.687576 -8.546616
v 1.619961 157.626297 -8.105602
v -0.761987 157.936218 -8.418664
v 0.629688 158.552017 -8.717301
v -0.515390 158.857071 -8.627621
v 1.732115 158.442108 -8.247748
v -0.228624 159.766418 -8.861210
v 0.892562 159.476456 -8.924333
v 1.933793 159.358154 -8.425576
v 1.123545 160.499451 -9.103338
v -0.008549 160.715683 -9.055935
v 2.146269 160.403046 -8.586774
v 1.304444 161.609497 -9.213657
v 0.165259 161.762360 -9.174633
v 2.315695 161.510696 -8.682142
v 0.294209 162.772842 -9.151889
v 2.433732 162.529251 -8.648470
v 1.434731 162.669373 -9.186555
v 0.376337 163.686523 -8.970188
v 2.508025 163.443085 -8.476276
v 1.516977 163.645004 -9.001864
v 0.412723 164.763412 -8.494804
v 2.535745 164.524506 -8.009939
v 1.549611 164.779800 -8.515356
v 0.402146 166.153427 -7.666436
v 2.505164 165.913055 -7.156684
v 1.532984 166.201416 -7.661214
v -8.377203 160.133606 -7.918386
v -7.615798 161.390564 -8.678559
v -7.816087 159.991455 -8.248003
v -8.172812 161.563614 -8.346167
v -8.677329 160.326736 -7.373053
v -7.373343 162.472992 -8.981229
v -8.466516 161.765259 -7.789152
v -7.920680 162.694489 -8.659662
v -7.095114 163.234436 -9.164736
v -8.207787 162.909424 -8.092949
v -7.614552 163.531082 -8.860298
v -6.771018 163.766342 -9.256870
v -7.894992 163.763489 -8.295278
v -7.269467 164.096054 -8.951427
v -6.463855 164.322540 -9.310587
v -7.553917 164.308380 -8.381178
v -6.961329 164.602295 -8.952381
v -7.238129 164.724106 -8.357673
v -6.697655 165.088882 -8.869802
v -6.220301 164.915588 -9.311074
v -6.920836 165.070389 -8.251046
v -6.472069 165.548080 -8.702562
v -6.064763 165.541260 -9.230796
v -6.578691 165.354263 -8.093698
v -5.921445 166.135666 -9.011813
v -6.252592 165.977112 -8.462457
v -6.257300 165.634323 -7.922608
v -5.689268 166.647919 -8.677564
v -6.022282 166.398331 -8.165839
v -6.025224 165.967514 -7.690877
v -5.365297 167.080795 -8.255235
v -5.883819 166.358994 -7.366042
v -5.782087 166.825317 -7.806401
v -4.980735 167.440018 -7.707218
v -5.810342 166.821793 -6.958580
v -5.526978 167.265137 -7.361321
v -4.664572 167.820999 -6.955887
v -5.291997 167.747971 -6.729223
v -5.728904 167.359222 -6.397586
v -5.092312 168.280380 -5.881284
v -4.436215 168.243805 -6.006920
v -5.634047 167.968033 -5.626259
v -4.921304 168.854340 -4.785424
v -4.276784 168.712265 -4.843091
v -5.520353 168.626617 -4.592303
v -5.058765 160.991089 -9.908655
v -6.122462 159.658127 -9.186111
v -6.456827 160.187622 -9.366950
v -4.685028 160.481781 -9.743355
v -5.818820 159.364746 -8.730223
v -4.034510 161.713486 -10.228944
v -4.357102 160.193069 -9.297149
v -3.600658 161.243546 -10.084099
v -3.407690 162.334961 -10.357828
v -3.251140 160.963196 -9.651783
v -2.889833 161.952103 -10.242970
v -2.507016 161.694977 -9.823829
v -2.106138 162.374435 -9.834240
v -2.525338 162.596695 -10.241986
v -3.107608 162.883698 -10.340571
v -1.813962 163.010864 -9.828166
v -2.273133 163.203125 -10.218649
v -2.886620 163.435410 -10.287560
v -1.575575 163.633148 -9.836141
v -2.083850 163.793198 -10.193960
v -2.720877 163.975510 -10.215652
v -1.396060 164.241241 -9.862185
v -1.953911 164.378128 -10.168894
v -2.606366 164.504013 -10.127318
v -1.280132 164.830765 -9.839146
v -1.874965 164.959213 -10.090614
v -2.531826 165.012314 -9.991820
v -1.224733 165.404572 -9.692527
v -2.495768 165.484528 -9.787911
v -1.840531 165.519470 -9.905613
v -1.224877 165.952103 -9.427355
v -2.500263 165.931274 -9.523361
v -1.851325 166.047623 -9.627330
v -1.277675 166.470566 -9.043097
v -2.549359 166.382874 -9.161376
v -1.907949 166.555023 -9.238336
v -2.644278 166.906296 -8.592463
v -2.020203 167.127991 -8.671391
v -1.377920 167.071777 -8.501650
v -2.188198 167.809219 -7.906938
v -1.531503 167.808670 -7.778823
v -1.752775 168.697250 -6.854601
v -2.776737 167.525848 -7.800210
v -2.410955 168.612808 -6.923307
v -2.933646 168.254761 -6.770931
v -10.954017 164.506256 -2.572585
v -9.744875 164.801010 -2.501812
v -10.584373 164.552139 -3.123021
v -10.131159 164.713242 -1.964376
v -11.199141 164.108536 -2.135172
v -9.116476 165.116928 -1.892901
v -10.374108 164.287659 -1.545178
v -9.509058 164.922470 -1.387425
v -8.717895 165.466537 -1.309418
v -9.714112 164.422699 -1.016630
v -9.078968 165.115982 -0.860246
v -8.562729 165.787460 -0.792081
v -9.186462 164.531204 -0.565888
v -8.805428 165.287415 -0.398340
v -8.740121 164.666504 -0.176401
v -8.440778 166.070023 -0.317567
v -8.329503 164.926147 0.256039
v -8.550978 165.513901 0.060204
v -8.250430 166.376862 0.150552
v -7.964797 165.279373 0.736137
v -8.280019 165.821442 0.526853
v -7.658132 165.692749 1.253920
v -7.999199 166.207642 1.008074
v -7.981354 166.737320 0.615166
v -7.386749 166.158249 1.786661
v -7.688847 166.668610 1.493554
v -7.628312 167.147736 1.070232
v -7.046188 166.678955 2.272068
v -7.188285 167.582245 1.479588
v -7.290832 167.177750 1.936976
v -6.643401 167.255814 2.692004
v -6.680368 168.033295 1.837755
v -6.824830 167.722046 2.316323
v -6.198188 167.885803 3.049471
v -6.124320 168.500305 2.139636
v -6.311918 168.296631 2.633287
v -2.486217 158.742416 -9.964911
v -2.510936 159.886047 -9.553593
v -2.029009 158.985947 -9.607961
v -2.979722 159.673004 -9.907484
v -3.070326 158.408325 -10.002476
v -2.865342 160.689316 -9.544042
v -3.586197 159.383636 -9.941996
v -3.351905 160.516754 -9.896112
v -3.074471 161.390106 -9.548107
v -3.983665 160.287170 -9.926498
v -3.582760 161.273544 -9.898118
v -4.236359 161.124802 -9.922978
v -4.347132 161.891327 -9.923541
v -3.682481 161.958206 -9.909166
v -3.156923 162.012360 -9.566430
v -3.164035 162.624466 -9.591433
v -3.710727 162.630142 -9.912469
v -4.376709 162.631866 -9.895752
v -3.106089 163.228119 -9.623311
v -3.677106 163.296753 -9.903399
v -4.334529 163.363586 -9.834015
v -2.985227 163.840073 -9.663465
v -3.581089 163.965942 -9.879362
v -4.220793 164.069901 -9.737659
v -2.843627 164.467621 -9.650832
v -4.085885 164.699936 -9.593555
v -3.460129 164.621094 -9.799520
v -2.725272 165.075745 -9.522675
v -3.975953 165.245255 -9.388257
v -3.354668 165.230377 -9.623217
v -2.629579 165.638901 -9.281803
v -3.888798 165.731461 -9.132167
v -3.267000 165.785599 -9.360021
v -2.559973 166.173294 -8.915482
v -3.828212 166.180557 -8.799908
v -3.203398 166.300186 -8.993387
v -2.542629 166.808548 -8.375770
v -3.196706 166.889542 -8.445373
v -3.808133 166.697098 -8.272882
v -3.250758 167.588211 -7.699556
v -2.586998 167.577332 -7.657933
v -2.704801 168.492065 -6.738249
v -3.824217 167.317734 -7.516409
v -3.364442 168.406769 -6.735359
v -3.868598 168.049484 -6.520247
v -9.109767 165.213135 -4.730441
v -8.210315 166.007141 -4.263033
v -8.562505 165.317368 -5.114258
v -8.767902 165.819717 -3.923607
v -9.427336 164.831314 -4.294028
v -8.026056 166.583618 -3.414304
v -9.083880 165.356812 -3.547898
v -8.562062 166.249649 -3.144004
v -8.010576 166.992142 -2.534972
v -8.821004 165.672134 -2.873050
v -8.481450 166.473877 -2.414588
v -8.179581 167.154114 -1.768729
v -8.610696 165.794891 -2.296808
v -8.497340 166.500229 -1.742559
v -8.293571 167.243866 -1.160638
v -8.424834 165.812302 -1.699766
v -8.471264 166.559845 -1.082423
v -8.256377 165.928497 -1.017890
v -8.258524 167.389511 -0.591467
v -8.105850 166.134720 -0.328849
v -8.375311 166.724838 -0.433635
v -8.069312 167.613602 -0.044412
v -7.968335 166.405563 0.354548
v -8.212288 166.992813 0.194232
v -7.731035 167.893845 0.458064
v -7.774328 166.779770 1.037947
v -7.937052 167.366516 0.798714
v -7.240422 168.241226 0.932903
v -7.343929 167.293381 1.678610
v -7.455339 167.841309 1.364293
v -6.596146 168.681686 1.395334
v -6.715630 167.911240 2.233675
v -6.798126 168.400864 1.873828
v -5.675551 168.949051 1.793513
v -5.802540 168.337708 2.687735
v -5.863966 168.767044 2.295839
v -3.356251 158.114670 -9.823593
v -3.374162 159.603745 -9.427248
v -2.889499 158.311691 -9.467834
v -3.855195 159.431427 -9.791541
v -3.979168 157.855789 -9.867085
v -3.741858 160.692017 -9.431124
v -4.480596 159.202042 -9.826897
v -4.235326 160.554504 -9.795289
v -3.953144 161.568359 -9.423302
v -4.871693 160.367050 -9.826193
v -4.462059 161.483627 -9.783437
v -4.028908 162.270203 -9.407622
v -5.112936 161.358902 -9.806758
v -4.553680 162.241974 -9.758559
v -4.034808 162.940475 -9.396377
v -5.213918 162.183151 -9.767372
v -4.581036 162.959656 -9.722613
v -3.984138 163.590775 -9.394308
v -5.244346 162.954254 -9.699250
v -4.556614 163.658646 -9.675706
v -5.215933 163.703659 -9.599110
v -3.881700 164.237946 -9.403998
v -5.128263 164.414459 -9.468850
v -4.480781 164.346939 -9.617330
v -3.772219 164.899399 -9.354998
v -5.029489 165.045364 -9.298398
v -4.392790 165.017212 -9.503326
v -3.701630 165.543854 -9.184535
v -4.966603 165.603821 -9.086503
v -4.335117 165.647614 -9.302874
v -3.670335 166.137436 -8.896791
v -4.938367 166.129517 -8.818069
v -4.307198 166.234695 -9.012202
v -3.672653 166.680222 -8.483043
v -4.940745 166.663132 -8.449357
v -4.305526 166.802261 -8.599314
v -4.315604 167.413559 -7.937490
v -3.680895 167.268524 -7.845891
v -4.949116 167.251389 -7.810945
v -4.333819 168.090790 -7.003701
v -3.690658 167.950348 -6.940742
v -4.959656 167.895966 -6.882911
v -4.369331 168.838531 -5.771112
v -3.712574 168.731186 -5.737237
v -4.977894 168.594727 -5.647066
v -10.017656 165.582077 -7.452422
v -8.964359 165.655563 -7.377479
v -9.939475 165.276718 -8.040354
v -8.832914 165.381866 -7.975391
v -9.881750 164.696854 -8.362332
v -8.213828 165.755722 -7.255550
v -8.703952 164.824066 -8.319873
v -8.015290 165.576721 -7.875944
v -7.773330 165.096664 -8.278987
v -7.497687 165.848709 -7.733899
v -7.742951 165.853119 -7.102750
v -7.106554 165.546677 -8.202536
v -7.238714 166.188232 -7.543752
v -6.803514 166.129288 -8.067289
v -7.423157 165.987823 -6.934946
v -6.595657 166.655563 -7.821220
v -7.014132 166.558792 -7.294414
v -7.142388 166.225204 -6.740130
v -6.336002 167.108826 -7.476431
v -6.778962 166.947342 -6.988214
v -6.929725 166.547699 -6.482495
v -6.014914 167.495255 -7.039279
v -6.537160 167.356369 -6.624281
v -6.795870 166.950134 -6.155129
v -5.677854 167.835190 -6.460092
v -6.289272 167.788254 -6.166763
v -6.708253 167.431625 -5.762033
v -6.067974 168.259705 -5.519501
v -5.420450 168.205978 -5.688428
v -6.605462 167.971069 -5.207476
v -5.862794 168.767242 -4.640643
v -5.227643 168.608414 -4.715783
v -6.469072 168.562637 -4.416758
v -5.615889 169.297562 -3.421721
v -5.019754 169.040497 -3.426625
v -6.259639 169.181625 -3.283309
v -5.585297 169.791931 -0.738551
v -6.556164 168.876404 -1.265698
v -5.797498 169.359558 -0.225372
v -6.384424 169.364822 -1.741723
v -5.111909 169.959915 -1.203904
v -6.937127 168.198364 -2.293253
v -5.925016 169.613495 -2.199515
v -6.822864 168.740601 -2.717566
v -6.391205 169.082016 -3.150621
v -7.139069 168.182129 -3.571852
v -7.168294 167.595978 -3.214108
v -6.767686 168.622055 -3.966733
v -7.337785 167.710785 -4.287244
v -7.255219 167.117386 -3.977481
v -7.057091 168.223160 -4.661397
v -7.461277 167.297760 -4.878154
v -7.335926 166.724823 -4.565053
v -7.219318 167.814468 -5.262843
v -7.557055 166.927963 -5.398136
v -7.485490 166.377472 -5.034612
v -7.263466 167.398682 -5.805056
v -7.706775 166.075806 -5.440733
v -7.619140 166.603256 -5.850278
v -7.193297 166.979889 -6.243639
v -7.976053 165.839722 -5.900799
v -7.664911 166.322708 -6.279393
v -7.098601 166.539429 -6.602641
v -8.283614 165.664688 -6.553880
v -7.825634 166.053253 -6.890211
v -7.212698 166.096893 -7.182673
v -8.655211 165.512085 -7.398956
v -8.129788 165.804382 -7.722094
v -7.520303 165.727249 -8.008412
v -9.130919 165.351791 -8.453335
v -7.983715 165.473083 -9.055602
v -8.582657 165.600861 -8.768146
v -9.940117 163.271484 -3.440393
v -9.333790 164.111191 -2.650590
v -9.347107 163.501907 -3.571799
v -9.917511 163.881027 -2.468220
v -10.308379 162.812195 -3.160292
v -9.244740 164.600739 -1.790022
v -10.262455 163.402191 -2.195761
v -9.779901 164.310135 -1.541030
v -9.077961 164.960129 -0.947968
v -10.053899 163.773682 -1.293720
v -9.521160 164.548203 -0.674073
v -8.842267 165.152084 -0.144305
v -9.685592 163.929382 -0.518348
v -9.150047 164.597656 0.088188
v -9.161174 163.932648 0.126338
v -8.613070 165.310349 0.512537
v -8.626652 164.059967 0.784835
v -8.770831 164.697540 0.750911
v -8.374444 165.520081 1.025733
v -8.132289 164.357208 1.454940
v -8.403064 164.929092 1.342563
v -7.716204 164.791809 2.078628
v -8.064963 165.295395 1.854005
v -8.110467 165.816971 1.429324
v -7.392533 165.307358 2.599644
v -7.746139 165.778915 2.280935
v -7.783656 166.225433 1.776749
v -7.040463 165.853394 3.023407
v -7.359862 166.315430 2.639524
v -7.354348 166.690704 2.104309
v -6.647182 166.453842 3.367768
v -6.912759 166.888260 2.933941
v -6.853142 167.177872 2.386414
v -6.220987 167.110016 3.647243
v -6.299598 167.683548 2.624134
v -6.415466 167.494080 3.173263
v -10.792812 164.800308 -1.912572
v -11.199965 164.305511 -1.770834
v -10.502953 163.966705 -1.135195
v -10.117244 164.484161 -1.257562
v -10.312791 165.004211 -2.318331
v -9.915978 163.694305 -0.532195
v -9.628452 164.715805 -1.634067
v -9.591533 164.266754 -0.603598
v -9.105268 164.580399 -0.915662
v -8.758428 164.582336 -0.201206
v -9.199119 164.140488 0.029110
v -9.403475 163.502808 0.043971
v -8.588616 164.674713 0.482392
v -8.907151 164.098541 0.646540
v -8.925366 163.433395 0.616444
v -8.403302 164.775330 1.131953
v -8.460544 163.506790 1.243141
v -8.589396 164.141098 1.282462
v -8.126079 164.913803 1.760068
v -8.014272 163.677231 1.919240
v -8.225747 164.274261 1.936352
v -7.763726 165.114960 2.348917
v -7.583669 163.920258 2.643407
v -7.828344 164.496902 2.595900
v -7.356325 165.378433 2.853352
v -7.142312 164.273743 3.399292
v -7.402952 164.824829 3.228740
v -6.651972 164.818298 4.046770
v -6.948600 165.304199 3.744179
v -6.944680 165.747452 3.237866
v -6.171588 165.532639 4.526151
v -6.497991 165.932556 4.124207
v -5.753273 166.400024 4.860521
v -6.521990 166.255005 3.533358
v -6.084768 166.708847 4.384580
v -6.104272 166.917099 3.747580
v -1.387367 156.434967 -7.961019
v -0.459129 155.131241 -9.356396
v -2.201886 155.876450 -8.709212
v 0.520442 155.720032 -8.524650
v 0.903382 153.701752 -9.415430
v 2.114078 154.382034 -8.427320
v -0.942517 156.873474 -7.501248
v 2.908611 155.194061 -7.603359
v 1.096441 156.290024 -7.936044
v -0.768052 157.233795 -7.263000
v 3.248774 156.137817 -7.021933
v 1.331250 156.860016 -7.584543
v -0.658073 157.697891 -7.074166
v 3.304233 157.166931 -6.617682
v 1.413178 157.521317 -7.335092
v 3.189190 158.227737 -6.411545
v 1.376611 158.313080 -7.185791
v -0.614131 158.357086 -6.944823
v 3.030592 159.468750 -6.353281
v 1.295333 159.424637 -7.135433
v -0.594719 159.417007 -6.893442
v 1.230662 160.897903 -7.216717
v 2.951304 161.008667 -6.436210
v -0.620864 160.867844 -6.967475
v -2.649903 156.236420 -7.472247
v -0.387874 155.247620 -8.131933
v -0.720975 154.773285 -6.677150
v -0.745118 156.831207 -8.007686
v 0.862443 156.019699 -9.030311
v -2.827023 157.667038 -7.731859
v 1.224161 157.338913 -7.592487
v -0.852914 157.890610 -7.821947
v 0.882813 158.081726 -6.938363
v -0.911439 158.663269 -7.830230
v -2.802067 158.745483 -7.517083
v 0.877521 158.713058 -7.137145
v -0.867453 159.474503 -7.944481
v -2.688510 159.699051 -7.556452
v 0.906567 159.477707 -7.329269
v -2.555710 160.563385 -7.857678
v -0.732967 160.391083 -8.164800
v 0.983290 160.422348 -7.477292
v -2.475062 161.715088 -8.135242
v -0.644402 161.703003 -8.319483
v -2.456420 163.351349 -8.280689
v 1.003510 161.769592 -7.504201
v -0.636100 163.440308 -8.294458
v 0.912261 163.506454 -7.331523
v 2.077174 162.879227 -8.093831
v 0.465612 164.333313 -8.882932
v 2.008361 164.250076 -7.938851
v 0.450702 162.593109 -8.905285
v -1.348096 164.421890 -8.911821
v -1.366906 162.395584 -8.763602
v 2.330870 161.936371 -8.069748
v -1.008748 160.767426 -8.368775
v 0.734668 161.242584 -8.695470
v 2.809441 161.009750 -7.808890
v -0.520788 159.776047 -7.956930
v 1.202694 160.258972 -8.355101
v 3.191592 159.819962 -7.379961
v -0.309605 159.138245 -7.912516
v 1.540036 159.388596 -8.127873
v 3.352659 158.536270 -6.979278
v -0.198770 158.602478 -8.121631
v 1.758132 158.508759 -8.014462
v 3.241462 157.065338 -6.821053
v -0.252806 157.755920 -8.335249
v 1.390352 155.826035 -8.119373
v 2.847430 155.402237 -6.871945
v 1.739564 157.334686 -8.020314
v -0.652153 156.447708 -8.526374
v -1.998425 154.286362 -7.157762
v -0.501528 154.336166 -8.647482
v -1.788801 153.164871 -7.890286
v -0.264892 155.113480 -7.905319
v 1.502778 154.797318 -9.038273
v -2.245243 155.230774 -6.778909
v 1.975080 155.322418 -8.008041
v -0.294175 155.834930 -7.459348
v 1.931141 156.102127 -7.235929
v -2.530631 156.079224 -6.640637
v 1.526838 157.037109 -6.861307
v -0.535070 156.575958 -7.261605
v -0.842931 157.358353 -7.211095
v 1.077650 157.945831 -6.794762
v -2.792048 156.953781 -6.597670
v 0.702646 158.711655 -7.002364
v -1.178084 158.218811 -7.344262
v -3.040533 158.005585 -6.684365
v -1.317698 159.420395 -7.574707
v 0.517978 159.655746 -7.182083
v -3.119399 159.422180 -6.948008
v -1.268602 160.973831 -7.878391
v 0.494656 161.018356 -7.312287
v -3.068156 161.119873 -7.426087
v -1.315141 154.543594 -7.980591
v 0.094839 153.550781 -9.337324
v -1.970319 153.884155 -8.836258
v 0.908838 154.213440 -8.410485
v 1.761578 152.400604 -9.324779
v 2.735840 153.131470 -8.249028
v -0.922732 155.094040 -7.398142
v 3.341188 153.937271 -7.406724
v 1.375758 154.831406 -7.752193
v -0.754448 155.589737 -7.041965
v 3.579356 154.808243 -6.833579
v 1.549344 155.425491 -7.350915
v -0.655705 156.178391 -6.758146
v 3.607128 155.741028 -6.422184
v 1.600623 156.089996 -7.056523
v -0.622512 156.900787 -6.550872
v 3.488119 156.735565 -6.159585
v 1.550969 156.870941 -6.857290
v -0.620460 157.974350 -6.354957
v 3.270345 157.960007 -5.979176
v 1.268426 159.454285 -6.600102
v -0.612788 159.431915 -6.248798
v 1.413588 157.978195 -6.690158
v 3.042497 159.500092 -5.895577
v -2.820957 153.928650 -8.797167
v -2.274112 155.403564 -7.961329
v -1.662407 154.082153 -8.417306
v -3.439548 155.274490 -8.260404
v -3.932720 153.455963 -8.719807
v -4.579725 154.967972 -8.031975
v -2.386038 156.338913 -7.802167
v -4.678228 156.356812 -7.708800
v -3.539298 156.337357 -8.045384
v -3.289658 157.243332 -8.136441
v -2.184269 157.132629 -7.889071
v -4.363026 157.547440 -7.819624
v -2.881744 158.174408 -8.446174
v -1.814129 158.039322 -8.155907
v -3.905546 158.597031 -8.206033
v -2.414953 159.140671 -8.945627
v -1.368876 159.062332 -8.601402
v -3.461705 159.521622 -8.773155
v -2.108196 160.159317 -9.396509
v -3.211371 160.375305 -9.267613
v -1.081569 160.188614 -8.990821
v -3.093000 161.230820 -9.654951
v -1.968703 161.222351 -9.727488
v -0.997042 161.346130 -9.238999
v -3.148329 162.124939 -9.789284
v -2.041593 162.315125 -9.843524
v -1.099053 162.483261 -9.318084
v -1.363434 163.575882 -9.238997
v -2.326857 163.394928 -9.732678
v -3.396314 163.068375 -9.647762
v -1.664706 164.565308 -9.025917
v -3.699416 163.977936 -9.305273
v -2.668791 164.388565 -9.445832
v -1.962016 165.421722 -8.710032
v -4.018909 164.851746 -8.767849
v -3.019567 165.289474 -9.002695
v -2.179756 166.435684 -8.120258
v -4.251277 165.990128 -7.928384
v -3.275455 166.390381 -8.273138
v -2.276778 167.868591 -7.077765
v -4.343692 167.568420 -6.714088
v -3.385245 167.910995 -7.133974
v -7.052230 154.762527 -7.529091
v -6.763883 155.938232 -7.221672
v -6.512393 154.722458 -7.924502
v -6.213660 155.867157 -7.611831
v -5.937895 154.538666 -8.022062
v -6.509624 156.908646 -7.058274
v -5.634575 155.696518 -7.685215
v -5.953430 156.802826 -7.439335
v -5.356207 156.664749 -7.486054
v -5.757452 157.528442 -7.436492
v -6.316716 157.672424 -7.070963
v -5.135407 157.444550 -7.465062
v -5.624516 158.115555 -7.584069
v -6.188297 158.275665 -7.230324
v -4.982757 158.074432 -7.608654
v -5.519131 158.707031 -7.768224
v -4.864334 158.683578 -7.799864
v -6.090287 158.863617 -7.419967
v -4.791835 159.279175 -8.042416
v -5.456807 159.293884 -7.992947
v -6.021255 159.450256 -7.632576
v -4.762666 159.855423 -8.321425
v -5.430595 159.883667 -8.247497
v -5.977267 160.044678 -7.866290
v -4.732536 160.441284 -8.581950
v -5.396572 160.500320 -8.484726
v -5.916306 160.661987 -8.074337
v -4.678658 161.054718 -8.798972
v -5.332952 161.142593 -8.674358
v -5.825827 161.297775 -8.235836
v -4.597756 161.709961 -8.972577
v -5.243124 161.805313 -8.815536
v -5.709485 161.937790 -8.347490
v -4.518241 162.418381 -9.097548
v -5.158229 162.486649 -8.907458
v -5.601426 162.574036 -8.412670
v -4.471632 163.165527 -9.167410
v -5.107912 163.190140 -8.953466
v -5.533927 163.224426 -8.439614
v -4.459943 163.937454 -9.182550
v -5.091661 163.921005 -8.955045
v -5.505290 163.902863 -8.431677
v -5.506585 164.590698 -8.374735
v -5.101652 164.671951 -8.898533
v -4.473470 164.720978 -9.131493
v -5.505777 165.237488 -8.239443
v -5.107028 165.390320 -8.748624
v -4.481384 165.466919 -8.979232
v -5.500841 165.848206 -8.013286
v -5.104131 166.074966 -8.494783
v -4.480868 166.176208 -8.718322
v -5.490171 166.421600 -7.690955
v -5.091779 166.739044 -8.115931
v -4.468599 166.868469 -8.319801
v -4.433211 167.587891 -7.641062
v -5.056701 167.433685 -7.461447
v -5.458211 167.034592 -7.111775
v -4.374815 168.346298 -6.645356
v -5.000680 168.178406 -6.486176
v -4.300520 169.148148 -5.306195
v -5.403845 167.732361 -6.194353
v -4.925578 168.972687 -5.155368
v -5.323683 168.498047 -4.898065
v -6.081822 169.388885 -2.055126
v -6.758751 168.136612 -3.500499
v -6.419049 168.849503 -1.781559
v -6.410501 168.670624 -3.783517
v -5.501705 169.648514 -2.277249
v -6.887632 167.483673 -4.759410
v -5.816843 168.931732 -3.987063
v -6.541292 168.013458 -5.046663
v -6.886756 166.940399 -5.682988
v -5.943389 168.282089 -5.230973
v -6.541562 167.466003 -5.967854
v -6.837751 166.501389 -6.344810
v -5.944318 167.748062 -6.128620
v -6.494657 166.988632 -6.679597
v -5.898890 167.257736 -6.861348
v -6.473299 166.445129 -7.266622
v -6.821602 166.044235 -6.844506
v -5.873972 166.657745 -7.500512
v -6.837709 165.531540 -7.237591
v -5.877187 165.970139 -8.003851
v -6.480584 165.828171 -7.730823
v -6.885128 164.937851 -7.546438
v -5.904840 165.230133 -8.356710
v -6.514410 165.145370 -8.074638
v -6.934587 164.303268 -7.783391
v -5.932787 164.499344 -8.597836
v -6.548819 164.446182 -8.323647
v -6.976381 163.651138 -7.952852
v -5.952738 163.762558 -8.754478
v -6.575271 163.733337 -8.494957
v -7.011780 162.986115 -8.042373
v -5.966094 163.010300 -8.820212
v -6.594099 163.004120 -8.578428
v -7.042931 162.326889 -8.036613
v -6.610572 162.272491 -8.558961
v -5.977488 162.253510 -8.782201
v -7.073138 161.683517 -7.925399
v -6.630672 161.555023 -8.422214
v -5.994259 161.511734 -8.630749
v -6.655128 160.854813 -8.171278
v -7.104524 161.040848 -7.704134
v -6.017550 160.800064 -8.371224
v -6.664485 160.172440 -7.826299
v -7.118055 160.370499 -7.372519
v -6.025913 160.144547 -8.037294
v -6.594266 159.503494 -7.445381
v -7.044125 159.683807 -6.979923
v -5.962782 159.526001 -7.689288
v -6.459447 158.847870 -7.056060
v -6.892032 159.014145 -6.568226
v -5.842016 158.910538 -7.341997
v -6.277856 158.205841 -6.684337
v -6.678824 158.348923 -6.156254
v -5.672299 158.282303 -7.003860
v -6.112200 157.392426 -6.403630
v -6.473299 157.500214 -5.831220
v -5.518874 157.460220 -6.753953
v -5.958361 156.331711 -6.211467
v -6.272385 156.410004 -5.600728
v -5.386414 156.388779 -6.605007
v -5.777486 155.020294 -6.079200
v -6.033540 155.076599 -5.432062
v -5.238515 155.069672 -6.515203
v -6.761373 155.014511 -7.337245
v -6.194470 156.023529 -7.776433
v -6.358437 154.995529 -7.878599
v -6.608958 156.025726 -7.233763
v -6.850735 154.961746 -6.732191
v -6.703275 155.998932 -6.621025
v -6.111727 156.915558 -7.692268
v -6.653919 156.896881 -6.537929
v -6.544989 156.892410 -7.158169
v -6.725898 157.657104 -6.505985
v -6.586435 157.617310 -7.129382
v -6.130338 157.670181 -7.644536
v -6.901221 158.352905 -6.550528
v -6.717531 158.270782 -7.167319
v -6.236360 158.321716 -7.659213
v -7.103642 159.132004 -6.725689
v -6.379386 159.019485 -7.785448
v -6.885406 159.001694 -7.321541
v -7.317847 159.975464 -7.012229
v -6.575370 159.799789 -8.045384
v -7.089440 159.809326 -7.595066
v -7.514677 160.837585 -7.337981
v -6.805722 160.693527 -8.398417
v -7.307929 160.696259 -7.936902
v -7.664392 161.643005 -7.501906
v -7.012382 161.657181 -8.610646
v -7.493282 161.604874 -8.128415
v -7.774744 162.420074 -7.487606
v -7.633420 162.511765 -8.117813
v -7.171097 162.636414 -8.605947
v -7.724339 163.407303 -7.906289
v -7.849447 163.216095 -7.293011
v -7.269169 163.581161 -8.387437
v -7.752651 164.210327 -7.611034
v -7.301906 164.395889 -8.092360
v -7.867341 163.965668 -7.011558
v -7.270864 165.067978 -7.802249
v -7.711057 164.881210 -7.310384
v -7.813928 164.588440 -6.726319
v -7.169989 165.648224 -7.482479
v -7.598021 165.424988 -6.994803
v -7.693266 165.055145 -6.453243
v -7.031781 166.179276 -7.060082
v -7.464673 165.858353 -6.633925
v -7.563509 165.379868 -6.178739
v -6.942911 166.661285 -6.473368
v -7.387568 166.238037 -6.157067
v -7.495461 165.665466 -5.811357
v -6.916156 167.059387 -5.769473
v -7.366662 166.575424 -5.549517
v -7.482352 165.944672 -5.297264
v -6.933407 167.379944 -4.998808
v -7.392609 166.880844 -4.820844
v -7.521533 166.228424 -4.609336
v -7.564806 166.556915 -3.815784
v -7.421651 167.210052 -4.035523
v -6.944310 167.704330 -4.204222
v -7.589188 166.916428 -2.946450
v -7.416548 167.568741 -3.152236
v -6.913591 168.055328 -3.296640
v -6.838042 168.401779 -2.346219
v -7.356332 167.957916 -2.151953
v -7.551038 167.332993 -1.904643
v -6.565118 168.846588 -1.390590
v -7.058033 168.499130 -1.064593
v -7.249772 167.943176 -0.713899
v -6.047942 169.451477 -0.383792
v -6.493018 169.208923 0.049551
v -4.935275 169.817627 0.563514
v -6.662901 168.732666 0.478882
v -5.348228 169.625961 1.029961
v -5.503575 169.183640 1.469482
v 6.651579 168.045242 0.927009
v 5.718002 169.317749 1.230728
v 5.923398 168.964081 1.780966
v 6.445016 168.457138 0.419458
v 5.272978 169.412598 0.725200
v 7.356755 167.275757 0.035974
v 5.974165 168.629852 -0.054924
v 7.142001 167.747665 -0.390064
v 7.821032 166.662308 -0.864470
v 6.624763 168.004608 -0.788075
v 7.606008 167.191376 -1.195470
v 8.005025 166.207352 -1.687321
v 7.055943 167.530045 -1.486870
v 7.814342 166.769424 -1.955871
v 8.085480 165.831284 -2.424599
v 7.276177 167.152573 -2.181395
v 7.932142 166.409180 -2.659420
v 8.134991 165.508972 -3.110366
v 7.429404 166.810287 -2.869838
v 8.002683 166.101685 -3.317456
v 8.194800 165.241974 -3.730991
v 7.528422 166.520218 -3.517107
v 8.075151 165.841660 -3.931142
v 8.277956 165.000671 -4.281166
v 7.617119 166.271606 -4.135452
v 8.161393 165.595566 -4.496385
v 8.386507 164.773346 -4.774394
v 7.707208 166.020126 -4.723772
v 8.260237 165.356628 -5.015466
v 8.513880 164.563431 -5.210858
v 7.801199 165.761246 -5.269396
v 8.366352 165.118011 -5.499200
v 8.614729 164.289902 -5.641223
v 7.892914 165.489059 -5.778237
v 8.442177 164.797363 -5.992689
v 8.665003 163.894592 -6.105712
v 7.949954 165.134766 -6.284607
v 8.463574 164.355179 -6.504507
v 7.951041 164.667923 -6.793800
v 8.661634 163.387970 -6.593555
v 7.899268 164.078186 -7.321982
v 8.430311 163.793427 -7.033907
v 8.609510 162.812622 -7.001050
v 7.796818 163.343155 -7.806201
v 8.345230 163.111435 -7.502608
v 7.654424 162.489288 -8.081847
v 8.217823 162.326874 -7.762112
v 8.512673 162.176727 -7.216072
v 7.479889 161.556808 -8.133856
v 8.051344 161.457138 -7.806375
v 8.365395 161.440475 -7.252714
v 7.861910 160.538284 -7.664029
v 7.289226 160.579239 -7.996388
v 8.176731 160.618652 -7.119942
v 7.708488 159.676285 -7.429670
v 7.139854 159.654633 -7.768648
v 8.010098 159.833679 -6.898682
v 7.599519 158.876526 -7.116375
v 7.048978 158.778229 -7.462601
v 7.874764 159.117477 -6.603194
v 7.577845 158.154678 -6.744479
v 7.789602 158.529861 -6.278005
v 7.086738 157.897141 -7.061267
v 7.914846 158.091949 -5.898399
v 7.804040 157.570419 -6.259115
v 7.435003 157.110886 -6.459788
v 8.314904 157.723053 -5.362630
v 8.304385 157.122650 -5.616024
v 8.061139 156.543808 -5.665156
v 8.905257 156.183121 -4.706633
v 9.077770 156.806686 -4.789987
v 9.030492 157.435944 -4.630860
v 6.962547 167.590424 1.540766
v 6.171793 168.247604 1.844108
v 6.236095 167.977127 2.457464
v 7.046009 167.255020 2.116521
v 6.044022 167.529633 2.848017
v 7.560130 167.050674 1.140815
v 6.828216 166.789459 2.475114
v 7.670471 166.638336 1.649536
v 7.427455 166.156250 1.976714
v 8.052924 166.131729 1.077510
v 7.913942 166.630005 0.675365
v 7.800057 165.628311 1.366935
v 8.231102 165.742798 0.439393
v 8.083660 166.308090 0.152100
v 7.979330 165.205750 0.662594
v 8.369761 165.432495 -0.256504
v 8.244090 166.040497 -0.444666
v 8.104277 164.867233 -0.120542
v 8.471512 165.186676 -1.016554
v 8.388696 165.822952 -1.120214
v 8.175851 164.611847 -0.959571
v 8.533569 164.999496 -1.827467
v 8.502854 165.645523 -1.897861
v 8.207262 164.436630 -1.804854
v 8.611547 164.792633 -2.627765
v 8.604059 165.432709 -2.721999
v 8.265346 164.247284 -2.597073
v 8.722533 165.169449 -3.538194
v 8.721503 164.540771 -3.404663
v 8.368264 164.006836 -3.355724
v 8.865217 164.243500 -4.161042
v 8.865124 164.846909 -4.360693
v 8.512742 163.723984 -4.063662
v 9.001916 163.865005 -4.821365
v 8.999935 164.395508 -5.145598
v 8.650014 163.397781 -4.613361
v 9.098132 163.367523 -5.315592
v 9.084071 163.755936 -5.780723
v 8.754757 163.016922 -4.968130
v 9.155450 162.744370 -5.661316
v 9.104664 162.960526 -6.215031
v 8.841705 162.549011 -5.199731
v 9.055869 162.098740 -6.436143
v 9.163608 162.013351 -5.857215
v 8.901014 161.959412 -5.335823
v 8.933892 161.268707 -6.511636
v 8.881021 161.327728 -5.392078
v 9.091877 161.266022 -5.936167
v 8.739866 160.453659 -6.459980
v 8.775947 160.684418 -5.354301
v 8.938339 160.517944 -5.897573
v 8.475160 159.659073 -6.290659
v 8.568511 159.996872 -5.208781
v 8.696074 159.757996 -5.739298
v 8.057134 158.703537 -6.004858
v 8.146077 159.093124 -4.930848
v 8.267998 158.815094 -5.447912
v 7.543115 157.504929 -5.635737
v 7.526827 157.946548 -4.534369
v 7.694955 157.637878 -5.048610
v 6.977460 156.054108 -5.208607
v 6.812158 156.566376 -4.052357
v 7.044292 156.224136 -4.572577
v 6.653773 154.722412 -7.894699
v 6.806501 155.938187 -7.194649
v 7.164905 154.762482 -7.507658
v 6.284762 155.867096 -7.570778
v 6.114880 154.538620 -7.970841
v 6.483322 156.908569 -7.028555
v 5.731191 155.696487 -7.620961
v 5.951665 156.802765 -7.393213
v 5.369295 156.664719 -7.415960
v 5.707558 157.528381 -7.384517
v 6.246018 157.672379 -7.036063
v 5.092290 157.444519 -7.393665
v 5.550035 158.115509 -7.527955
v 6.098889 158.275635 -7.191915
v 4.914354 158.074402 -7.541765
v 5.434147 158.706970 -7.707747
v 4.782680 158.683548 -7.735103
v 5.989830 158.863556 -7.363152
v 4.702761 159.279129 -7.961461
v 5.365281 159.293823 -7.909651
v 5.924077 159.450195 -7.551889
v 4.679887 159.855377 -8.217545
v 5.350720 159.883606 -8.137495
v 5.893283 160.044617 -7.753104
v 4.665061 160.441254 -8.452273
v 5.333448 160.500259 -8.344775
v 5.849820 160.661942 -7.929782
v 4.625349 161.054688 -8.646333
v 5.286191 161.142563 -8.508384
v 5.776121 161.297729 -8.065546
v 4.555796 161.709915 -8.801394
v 5.208166 161.805283 -8.629522
v 5.673932 161.937729 -8.155925
v 4.485985 162.418350 -8.911245
v 5.133012 162.486618 -8.704894
v 5.577254 162.574005 -8.205307
v 4.449672 163.165497 -8.968734
v 5.090773 163.190094 -8.737864
v 5.518606 163.224380 -8.219960
v 4.446894 163.937424 -8.974079
v 5.081724 163.920975 -8.729200
v 5.495799 163.902817 -8.202173
v 5.500714 164.590668 -8.140302
v 5.095912 164.671906 -8.667085
v 4.466794 164.720947 -8.915391
v 5.498740 165.233643 -7.992774
v 5.101703 165.390274 -8.509249
v 4.477049 165.466858 -8.753187
v 5.486792 165.829834 -7.759406
v 5.092637 166.064850 -8.249237
v 4.470196 166.169220 -8.484484
v 5.464189 166.375763 -7.431650
v 5.066819 166.702927 -7.865138
v 4.443954 166.838043 -8.079418
v 4.384238 167.499359 -7.389842
v 5.008394 167.338684 -7.202703
v 5.412280 166.933044 -6.845586
v 4.290259 168.152161 -6.384317
v 4.915005 167.977112 -6.218351
v 4.163169 168.808746 -5.070787
v 5.323483 167.529373 -5.922252
v 4.776998 168.624023 -4.918758
v 5.185384 168.152527 -4.664581
v 6.676282 167.793503 -3.426591
v 5.927806 168.919724 -2.374177
v 6.288318 168.421463 -2.086013
v 6.285824 168.290833 -3.706816
v 5.336409 169.148987 -2.575622
v 6.825875 167.248245 -4.554690
v 5.662066 168.521957 -3.892188
v 6.451129 167.749329 -4.824340
v 6.842343 166.789917 -5.458792
v 5.831764 167.991425 -4.985076
v 6.480936 167.293854 -5.729672
v 6.808669 166.408264 -6.114075
v 5.869252 167.553162 -5.870318
v 6.454716 166.884079 -6.437796
v 5.847830 167.138351 -6.601463
v 6.449546 166.392792 -7.023920
v 6.803689 165.993347 -6.612289
v 5.844187 166.599609 -7.244908
v 6.828044 165.510635 -7.008887
v 5.863149 165.951767 -7.754447
v 6.469250 165.810501 -7.492624
v 6.879741 164.934021 -7.324282
v 5.899213 165.229111 -8.116030
v 6.509009 165.143509 -7.843774
v 6.928074 164.303192 -7.571579
v 5.926458 164.499283 -8.366306
v 6.542540 164.446136 -8.101431
v 6.966786 163.651062 -7.744206
v 5.943656 163.762512 -8.525878
v 6.565734 163.733276 -8.274728
v 6.997308 162.986053 -7.841121
v 5.951190 163.010239 -8.599764
v 6.579692 163.004059 -8.364587
v 7.022218 162.326828 -7.850352
v 6.588657 162.272446 -8.358918
v 5.954737 162.253448 -8.577653
v 7.043126 161.683456 -7.760823
v 6.599339 161.554962 -8.245026
v 5.959598 161.511703 -8.448640
v 6.610994 160.854752 -8.024432
v 7.060719 161.040787 -7.568869
v 5.964617 160.800018 -8.216713
v 6.601039 160.172379 -7.717340
v 7.053308 160.370438 -7.274845
v 5.951281 160.144501 -7.916751
v 6.505324 159.503448 -7.373504
v 6.951434 159.683762 -6.923460
v 5.867032 159.525955 -7.603990
v 6.349645 158.847839 -7.013903
v 6.767151 159.014084 -6.542690
v 5.731375 158.910477 -7.280691
v 6.163425 158.205780 -6.656901
v 6.536520 158.348862 -6.150776
v 5.562433 158.282257 -6.953610
v 6.017211 157.392365 -6.360496
v 6.339860 157.500183 -5.808177
v 5.436863 157.460190 -6.689211
v 5.930410 156.331680 -6.140061
v 6.196615 156.409973 -5.538836
v 5.381340 156.388748 -6.516035
v 5.862806 155.020264 -5.964279
v 6.066957 155.076553 -5.316905
v 5.354704 155.069626 -6.389280
v 6.257506 156.023468 -7.740764
v 6.869975 155.014465 -7.300348
v 6.490836 154.995483 -7.843179
v 6.649285 156.025681 -7.202891
v 6.942869 154.961700 -6.680167
v 6.718850 155.998856 -6.577446
v 6.110545 156.915512 -7.656049
v 6.602213 156.896835 -6.506684
v 6.524492 156.892349 -7.130486
v 6.630856 157.657043 -6.487493
v 6.523600 157.617264 -7.103490
v 6.083893 157.670135 -7.605614
v 6.787840 158.352859 -6.543173
v 6.635557 158.270737 -7.145304
v 6.167147 158.321671 -7.617702
v 6.993584 159.131958 -6.697860
v 6.301401 159.019440 -7.724387
v 6.799247 159.001648 -7.279604
v 7.239671 159.975388 -6.949133
v 6.512990 159.799759 -7.947599
v 7.026113 159.809265 -7.518003
v 7.466376 160.837540 -7.233273
v 6.767833 160.693451 -8.259088
v 7.269688 160.696198 -7.817087
v 7.636849 161.642929 -7.366841
v 6.990043 161.657120 -8.437737
v 7.472594 161.604797 -7.976796
v 7.760270 162.419998 -7.334038
v 7.623058 162.511688 -7.945979
v 7.156529 162.636337 -8.411912
v 7.719408 163.407227 -7.727446
v 7.844481 163.216019 -7.130193
v 7.259445 163.581100 -8.186012
v 7.750282 164.210251 -7.431780
v 7.295907 164.395844 -7.892401
v 7.867622 163.965591 -6.848497
v 7.266861 165.067917 -7.595127
v 7.708920 164.880142 -7.122941
v 7.815042 164.586304 -6.556868
v 7.163235 165.636154 -7.268745
v 7.593626 165.412186 -6.799842
v 7.692492 165.039322 -6.276611
v 7.016355 166.138397 -6.838518
v 7.454925 165.821487 -6.432615
v 7.559350 165.345505 -5.997224
v 6.913731 166.572495 -6.248382
v 7.369694 166.165970 -5.955018
v 7.486787 165.606537 -5.633253
v 6.870217 166.909683 -5.546875
v 7.338342 166.458084 -5.357201
v 7.467494 165.852722 -5.133018
v 6.878740 167.166977 -4.789723
v 7.360359 166.711945 -4.649773
v 7.505653 166.095322 -4.471226
v 7.555745 166.377945 -3.714847
v 7.384159 166.988449 -3.896432
v 6.873025 167.429474 -4.032865
v 7.590039 166.693375 -2.905463
v 7.386316 167.295151 -3.101673
v 6.844820 167.720154 -3.247582
v 6.751866 168.022415 -2.480661
v 7.309511 167.641693 -2.258075
v 7.538700 167.071594 -1.993443
v 6.428358 168.434280 -1.755169
v 6.941723 168.145447 -1.394956
v 7.147241 167.644638 -1.003300
v 5.842639 169.029968 -1.007488
v 6.277060 168.843201 -0.551175
v 5.147782 169.825302 -0.224666
v 6.428872 168.421494 -0.051289
v 5.533968 169.732498 0.281825
v 5.659940 169.386459 0.839345
v -7.798656 161.866974 -2.878731
v -7.218019 161.995407 -1.739550
v -7.144979 162.617477 -2.349390
v -7.589618 161.325027 -2.258110
v -6.868823 161.330002 -1.355533
v -8.330762 161.086548 -3.072989
v -7.023708 160.792648 -1.960892
v -7.862257 160.704849 -2.505348
v -8.711609 160.338455 -2.929298
v -7.150331 160.316284 -2.353744
v -8.045460 160.136810 -2.513651
v -7.280671 159.836609 -2.556789
v -8.169000 159.559143 -2.306844
v -8.933352 159.667740 -2.526100
v -7.425824 159.302338 -2.548674
v -8.234877 158.913040 -2.074663
v -9.026152 158.939713 -2.186349
v -7.517096 158.765656 -2.451859
v -8.235235 158.218597 -1.917370
v -9.018685 158.134796 -2.031422
v -7.516909 158.220764 -2.302043
v -8.171217 157.470444 -1.823684
v -8.923244 157.335617 -2.059642
v -7.422702 157.585052 -2.097519
v -8.806338 156.669525 -2.263760
v -8.109426 156.639725 -1.837735
v -7.318791 156.672485 -1.910938
v -8.835119 155.944473 -2.541895
v -7.453924 155.484406 -2.012347
v -8.224893 155.668335 -2.033221
v -9.052772 154.962692 -2.901637
v -7.799521 154.203964 -2.340086
v -8.524281 154.539597 -2.379506
v -9.493610 153.744965 -3.341354
v -9.008911 153.234497 -2.849426
v -8.313580 152.810364 -2.839380
v -8.098117 162.808304 -3.037451
v -7.493985 162.978821 -1.890330
v -7.425928 163.616104 -2.486600
v -7.889113 162.277435 -2.430217
v -7.155681 162.306747 -1.533999
v -8.665497 161.957062 -3.267190
v -7.331113 161.751968 -2.151493
v -8.204825 161.575974 -2.716754
v -9.098885 161.094757 -3.194439
v -7.504164 161.192581 -2.584245
v -8.452572 160.864731 -2.779436
v -7.697009 160.570724 -2.832547
v -8.647183 160.104919 -2.630590
v -9.397244 160.227341 -2.864378
v -7.895271 159.883575 -2.868182
v -8.727693 159.309128 -2.439763
v -9.513603 159.295624 -2.560583
v -7.990509 159.229828 -2.798234
v -8.674285 158.500732 -2.291030
v -9.439752 158.320526 -2.416619
v -7.951917 158.600815 -2.651865
v -8.494204 157.665878 -2.181118
v -9.196036 157.368088 -2.417165
v -7.772808 157.930466 -2.438153
v -8.861784 156.509354 -2.576333
v -8.218285 156.753479 -2.144843
v -7.475111 157.055679 -2.197947
v -8.553720 155.555557 -2.805100
v -7.186812 155.865891 -2.187635
v -7.944980 155.650452 -2.259862
v -8.271588 154.364990 -3.117076
v -7.684551 154.347916 -2.532398
v -6.922853 154.479904 -2.418234
v -7.419233 152.835785 -2.945423
v -8.009788 152.924057 -3.515821
v -6.649903 152.911240 -2.856362
v -6.844850 159.522659 -2.783785
v -7.340208 161.032257 -2.396828
v -6.659510 161.125626 -2.928507
v -7.117279 159.640427 -1.942001
v -7.647272 161.109650 -1.550184
v -6.925745 159.859619 -1.071443
v -6.991632 158.430176 -2.487713
v -6.498599 158.816055 -0.818329
v -6.972756 158.625229 -1.590370
v -7.085810 157.673660 -2.270792
v -6.981776 157.887665 -1.357232
v -6.432473 158.006226 -0.604297
v -7.199473 156.956497 -2.070859
v -7.093374 157.184708 -1.149473
v -6.551853 157.248505 -0.348216
v -7.291539 156.387726 -1.901470
v -7.305970 156.467606 -0.946446
v -6.877057 156.367218 -0.056703
v -7.624846 155.558624 -1.112404
v -7.456996 155.747452 -2.028255
v -7.345482 155.193146 -0.230669
v -8.048030 154.409821 -1.739253
v -7.804804 154.768555 -2.574328
v -7.855313 153.873825 -0.946139
v 7.599646 161.390488 -8.533425
v 8.357290 160.133545 -7.856590
v 7.789556 159.991379 -8.169975
v 8.163797 161.563553 -8.219521
v 8.655033 160.326675 -7.326239
v 7.359498 162.472916 -8.797418
v 8.459595 161.765198 -7.675496
v 7.912828 162.694427 -8.494045
v 7.082168 163.234360 -8.960520
v 8.204794 162.909348 -7.939346
v 7.606356 163.531006 -8.672893
v 6.761662 163.766281 -9.042901
v 7.890935 163.763428 -8.119984
v 7.262206 164.096008 -8.751376
v 6.457658 164.322479 -9.091480
v 7.548421 164.308304 -8.190922
v 6.956310 164.602234 -8.745597
v 7.233249 164.724060 -8.155776
v 6.693894 165.088852 -8.656149
v 6.216219 164.915527 -9.092578
v 6.916430 165.070343 -8.034739
v 6.468380 165.548035 -8.479198
v 6.061998 165.541199 -9.010137
v 6.573458 165.351410 -7.864376
v 5.916698 166.135620 -8.787265
v 6.245248 165.973022 -8.230347
v 6.247904 165.623596 -7.681001
v 5.676821 166.637833 -8.445837
v 6.006711 166.378738 -7.924893
v 6.008701 165.940231 -7.439684
v 5.339639 167.045868 -8.013954
v 5.856830 166.303391 -7.107396
v 5.753879 166.777817 -7.556650
v 4.937224 167.361847 -7.454804
v 5.768565 166.724106 -6.695320
v 5.481836 167.173859 -7.102762
v 4.596149 167.671066 -6.689810
v 5.222308 167.587250 -6.461657
v 5.664978 167.196625 -6.129856
v 4.992914 168.022247 -5.612900
v 4.338892 167.994781 -5.739066
v 5.541963 167.712891 -5.362698
v 4.765710 168.479248 -4.572039
v 4.136932 168.347977 -4.616661
v 5.373120 168.258041 -4.395240
v 5.023472 160.991043 -9.747235
v 6.422887 160.187576 -9.237473
v 6.077826 159.658081 -9.077543
v 4.637783 160.481750 -9.606496
v 5.757656 159.364700 -8.637136
v 3.999883 161.713440 -10.070491
v 4.297919 160.193039 -9.178657
v 3.554688 161.243500 -9.951356
v 3.372099 162.334930 -10.210383
v 3.191435 160.963165 -9.538872
v 2.838054 161.952072 -10.122584
v 2.439263 161.694946 -9.722815
v 2.039644 162.374405 -9.734821
v 2.474447 162.596695 -10.124428
v 3.071868 162.883652 -10.195847
v 1.751255 163.010849 -9.732047
v 2.225832 163.203125 -10.101685
v 2.853177 163.435394 -10.145140
v 1.519896 163.633148 -9.744251
v 2.041822 163.793182 -10.078661
v 2.691095 163.975464 -10.075916
v 1.348691 164.241241 -9.774421
v 1.919238 164.378113 -10.055446
v 2.581093 164.503998 -9.987035
v 1.241895 164.830765 -9.754570
v 1.846973 164.959198 -9.977555
v 2.510930 165.012299 -9.852496
v 1.192862 165.404572 -9.608518
v 2.477553 165.484512 -9.647147
v 1.818500 165.519440 -9.791862
v 1.198306 165.952087 -9.338831
v 2.483860 165.931259 -9.373427
v 1.832809 166.047607 -9.505779
v 1.253759 166.470551 -8.947378
v 2.533643 166.382858 -9.004196
v 1.891087 166.555023 -9.109122
v 2.623752 166.895905 -8.423097
v 2.001386 167.122879 -8.530785
v 1.354307 167.068970 -8.395751
v 2.157891 167.766235 -7.748728
v 1.503287 167.775757 -7.658888
v 1.708397 168.591461 -6.729424
v 2.740203 167.469666 -7.609439
v 2.356814 168.485031 -6.753551
v 2.870037 168.103470 -6.564015
v 9.768850 164.790573 -2.577942
v 10.976912 164.506165 -2.630404
v 10.608162 164.552048 -3.167074
v 10.155854 164.709808 -2.059327
v 11.222977 164.108444 -2.199622
v 9.143701 165.078262 -1.992640
v 10.395346 164.287567 -1.653409
v 9.534813 164.904083 -1.508798
v 8.752334 165.398163 -1.421133
v 9.728834 164.418823 -1.155890
v 9.106210 165.081024 -0.999103
v 8.592266 165.701385 -0.907497
v 9.195092 164.519135 -0.723763
v 8.833379 165.241196 -0.540316
v 8.746786 164.643570 -0.334511
v 8.449496 165.972305 -0.435734
v 8.335891 164.889267 0.104877
v 8.562557 165.456482 -0.077849
v 8.224375 166.265152 0.023500
v 7.966534 165.227005 0.598849
v 8.266628 165.750488 0.400844
v 7.652664 165.627533 1.136789
v 7.958929 166.122528 0.888631
v 7.908386 166.609177 0.466391
v 7.371335 166.084793 1.688360
v 7.616712 166.570023 1.370929
v 7.503094 167.002014 0.882576
v 7.012164 166.597122 2.183359
v 7.010034 167.418076 1.237833
v 7.179663 167.065063 1.794369
v 6.578419 167.165710 2.601376
v 6.455575 167.853943 1.526692
v 6.671030 167.595673 2.135832
v 6.095620 167.789688 2.930622
v 5.871189 168.310562 1.754232
v 6.121877 168.159760 2.394742
v 2.432444 159.886002 -9.492844
v 2.410132 158.742371 -9.919559
v 1.941327 158.985901 -9.564402
v 2.914817 159.672989 -9.840798
v 3.011207 158.408295 -9.955453
v 2.795052 160.689301 -9.449729
v 3.528467 159.383606 -9.867475
v 3.294601 160.516739 -9.791479
v 3.012201 161.390076 -9.432502
v 3.929170 160.287155 -9.811063
v 3.534566 161.273514 -9.765821
v 4.193649 161.124771 -9.773709
v 4.314527 161.891266 -9.751208
v 3.642698 161.958160 -9.759084
v 3.102073 162.012344 -9.436308
v 3.116465 162.624420 -9.451046
v 3.678746 162.630096 -9.748787
v 4.352961 162.631836 -9.707231
v 3.065066 163.228104 -9.477421
v 3.651768 163.296707 -9.731206
v 4.318662 163.363556 -9.636007
v 2.950604 163.840057 -9.516770
v 3.561924 163.965912 -9.704540
v 4.210811 164.069870 -9.536643
v 2.815110 164.467606 -9.504590
v 4.078001 164.699875 -9.393069
v 3.445047 164.621048 -9.624310
v 2.700892 165.075729 -9.375759
v 3.968598 165.245239 -9.188299
v 3.342066 165.230347 -9.449066
v 2.608556 165.638901 -9.127661
v 3.880085 165.731445 -8.924146
v 3.254963 165.785568 -9.179276
v 2.539835 166.173248 -8.756392
v 3.815278 166.176453 -8.585217
v 3.189433 166.299164 -8.807391
v 2.518306 166.794159 -8.206945
v 3.173661 166.869949 -8.250245
v 3.783305 166.669830 -8.046508
v 3.207773 167.515366 -7.485368
v 2.548797 167.515533 -7.472338
v 2.642703 168.340607 -6.548317
v 3.777293 167.231705 -7.271524
v 3.291851 168.235535 -6.505238
v 3.789251 167.858948 -6.262043
v 8.212652 165.911041 -4.189412
v 9.125728 165.194305 -4.683712
v 8.573060 165.286423 -5.026736
v 8.779945 165.752747 -3.895303
v 9.446671 164.822845 -4.279561
v 8.030835 166.421478 -3.362473
v 9.102559 165.316544 -3.557429
v 8.579385 166.136124 -3.139438
v 8.024887 166.788971 -2.539661
v 8.844707 165.599762 -2.906038
v 8.511598 166.334717 -2.438522
v 8.191796 166.952072 -1.841067
v 8.642370 165.701324 -2.351274
v 8.531276 166.360352 -1.802867
v 8.292887 167.052658 -1.275382
v 8.461454 165.708420 -1.778706
v 8.495078 166.421570 -1.176974
v 8.284719 165.814957 -1.116921
v 8.226761 167.200470 -0.744789
v 8.102350 166.014450 -0.449480
v 8.367363 166.584641 -0.557027
v 7.987334 167.418167 -0.248987
v 7.921101 166.284195 0.216665
v 8.155149 166.848114 0.042369
v 7.586520 167.684875 0.185824
v 7.684755 166.657730 0.888188
v 7.820843 167.213272 0.608867
v 7.028332 168.014679 0.567305
v 7.207475 167.162094 1.502146
v 7.272063 167.672409 1.111114
v 6.327428 168.439835 0.909371
v 6.531618 167.768234 2.007064
v 6.557148 168.216553 1.524757
v 5.549271 168.974304 1.216114
v 5.748119 168.462051 2.400179
v 5.760762 168.848648 1.862928
v 3.309381 159.603699 -9.351511
v 3.310092 158.114624 -9.775116
v 2.833708 158.311676 -9.420470
v 3.797292 159.431381 -9.711165
v 3.945069 157.855759 -9.816195
v 3.684715 160.691971 -9.309228
v 4.429906 159.202011 -9.744948
v 4.184753 160.554474 -9.664575
v 3.906457 161.568329 -9.272564
v 4.826332 160.367020 -9.690816
v 4.424279 161.483582 -9.619230
v 3.991244 162.270172 -9.239619
v 5.080917 161.358856 -9.632370
v 4.525683 162.241928 -9.572889
v 4.006453 162.940445 -9.216060
v 5.190651 162.183105 -9.568889
v 4.561379 162.959610 -9.522454
v 3.963619 163.590744 -9.207464
v 5.228854 162.954224 -9.484362
v 4.543934 163.658615 -9.467365
v 5.206304 163.703613 -9.375644
v 3.866148 164.237900 -9.213189
v 5.122638 164.414429 -9.242711
v 4.473900 164.346909 -9.405381
v 3.759746 164.899368 -9.163257
v 5.025543 165.045303 -9.073386
v 4.388826 165.017181 -9.293112
v 3.691233 165.543823 -8.985559
v 4.962334 165.603775 -8.853908
v 4.330845 165.647583 -9.086812
v 3.657655 166.135376 -8.690784
v 4.929439 166.125671 -8.580867
v 4.298437 166.232605 -8.789989
v 3.651369 166.661880 -8.267389
v 4.922073 166.642212 -8.206571
v 4.286156 166.783905 -8.369135
v 4.275525 167.349869 -7.694359
v 3.641702 167.206711 -7.615276
v 4.910444 167.184448 -7.558774
v 4.262224 167.936447 -6.745133
v 3.624005 167.802307 -6.693034
v 4.889119 167.738953 -6.616789
v 4.256644 168.548584 -5.519685
v 3.610886 168.452225 -5.499395
v 4.862471 168.302261 -5.386425
v 9.944485 165.276627 -7.968942
v 8.968645 165.655472 -7.261632
v 10.023342 165.581985 -7.386220
v 8.836081 165.381805 -7.851311
v 9.886507 164.696762 -8.285330
v 8.213973 165.750961 -7.097816
v 8.705953 164.823990 -8.187671
v 8.014157 165.576645 -7.708162
v 7.770406 165.096573 -8.098691
v 7.493056 165.843109 -7.538954
v 7.737417 165.837051 -6.917135
v 7.102674 165.546036 -7.993005
v 7.228788 166.169250 -7.336321
v 6.794848 166.119186 -7.847236
v 7.413093 165.956894 -6.731868
v 6.577821 166.625687 -7.594386
v 6.995780 166.516876 -7.076843
v 7.125463 166.172058 -6.522772
v 6.304110 167.045135 -7.239701
v 6.748414 166.871841 -6.760461
v 6.902393 166.463303 -6.256279
v 5.964837 167.383560 -6.789466
v 6.489886 167.234985 -6.387342
v 6.754614 166.824585 -5.924592
v 5.604205 167.656845 -6.197822
v 6.219956 167.607361 -5.921956
v 6.649939 167.254257 -5.532275
v 5.970857 167.998306 -5.274894
v 5.320451 167.939896 -5.423829
v 6.523685 167.723755 -4.985179
v 5.715235 168.408447 -4.450191
v 5.080721 168.242340 -4.501307
v 6.343691 168.226990 -4.250664
v 5.456011 168.838837 -3.451306
v 4.866024 168.576996 -3.427901
v 6.121471 168.751038 -3.330689
v 6.413286 168.465332 -1.655367
v 5.516591 169.397034 -1.358829
v 5.707043 169.007645 -0.875649
v 6.234688 168.915833 -2.109425
v 5.054491 169.529053 -1.754272
v 6.864455 167.837524 -2.414739
v 5.764812 169.130829 -2.509580
v 6.722923 168.348267 -2.819941
v 6.262146 168.657944 -3.213546
v 7.064304 167.865952 -3.492665
v 7.129129 167.304413 -3.153590
v 6.653235 168.276505 -3.861680
v 7.278026 167.466141 -4.129073
v 7.218329 166.888245 -3.834630
v 6.969177 167.955170 -4.480707
v 7.422657 167.113480 -4.706177
v 7.308360 166.550125 -4.404871
v 7.162446 167.613541 -5.072288
v 7.525336 166.795517 -5.219016
v 7.463045 166.251938 -4.870883
v 7.218874 167.253067 -5.606810
v 7.694400 165.992691 -5.281362
v 7.597290 166.511307 -5.666933
v 7.160243 166.874786 -6.034757
v 7.973229 165.793488 -5.746267
v 7.651006 166.263138 -6.092489
v 7.075304 166.467361 -6.384720
v 8.285542 165.649628 -6.404820
v 7.819320 166.028809 -6.710523
v 7.201038 166.067276 -6.970282
v 8.658474 165.512009 -7.264585
v 8.128969 165.803314 -7.561885
v 7.516840 165.726181 -7.816281
v 9.133657 165.351730 -8.347148
v 7.982225 165.472992 -8.900186
v 8.583367 165.600769 -8.640819
v 9.343495 164.106018 -2.734016
v 9.946819 163.271393 -3.483233
v 9.345645 163.501816 -3.611686
v 9.932443 163.880936 -2.555505
v 10.313971 162.812103 -3.219260
v 9.261992 164.583069 -1.905935
v 10.275105 163.402100 -2.288678
v 9.796328 164.307251 -1.664383
v 9.100763 164.930222 -1.087197
v 10.061790 163.773590 -1.423916
v 9.534625 164.541168 -0.824110
v 8.865763 165.116074 -0.293913
v 9.681112 163.929291 -0.678517
v 9.155039 164.588318 -0.074514
v 9.132336 163.931976 -0.045715
v 8.625475 165.272644 0.367469
v 8.589226 164.057083 0.618398
v 8.777060 164.685455 0.592404
v 8.382429 165.478806 0.893519
v 8.109645 164.351105 1.304882
v 8.426726 164.913254 1.198160
v 7.734033 164.781052 1.954316
v 8.111188 165.273499 1.734449
v 8.109934 165.767532 1.317095
v 7.474366 165.291321 2.508838
v 7.803081 165.748428 2.192914
v 7.765263 166.162292 1.683280
v 7.168199 165.830933 2.968033
v 7.403892 166.272400 2.583194
v 7.308794 166.609451 2.010849
v 6.764328 166.423386 3.348810
v 6.922572 166.830856 2.892412
v 6.767931 167.077530 2.272095
v 6.287006 167.070175 3.639343
v 6.168553 167.564972 2.465485
v 6.376348 167.421707 3.114110
v 6.298388 166.701141 4.385107
v 6.685646 166.233124 3.512733
v 6.209290 166.884720 3.746337
v 6.753234 165.929153 4.108787
v 6.033141 166.399963 4.861018
v 7.098753 165.732407 3.184812
v 6.454405 165.532578 4.514914
v 7.120721 165.303162 3.693311
v 7.460197 165.365936 2.771778
v 6.758812 164.818253 3.998894
v 7.451505 164.824768 3.145141
v 7.062230 164.273666 3.316724
v 7.804455 164.496262 2.480066
v 7.822015 165.102905 2.240774
v 7.421311 163.920212 2.527924
v 8.183147 164.273209 1.794373
v 8.157426 164.901001 1.625790
v 7.858223 163.677155 1.775833
v 8.552988 164.140030 1.122781
v 8.416857 164.760269 0.981139
v 8.350763 163.506729 1.080497
v 8.874946 164.096680 0.478153
v 8.859481 163.433334 0.442390
v 8.591796 164.656296 0.323277
v 9.364245 163.502716 -0.130895
v 9.184571 164.138367 -0.140406
v 8.761196 164.562698 -0.361105
v 9.910061 163.694214 -0.687216
v 9.597118 164.264618 -0.759410
v 9.116767 164.563416 -1.065577
v 9.651282 164.704453 -1.749703
v 10.137768 164.483093 -1.378401
v 10.335994 165.000336 -2.394308
v 10.519426 163.966614 -1.252483
v 10.814222 164.800186 -1.993513
v 11.221656 164.305420 -1.844433
v -5.739423 169.211349 1.823630
v -6.892932 168.264221 1.315593
v -5.933344 168.807480 2.229184
v -6.700477 168.732407 0.935786
v -5.286627 169.359421 1.419254
v -7.490353 167.488358 0.295021
v -6.228131 168.965012 0.560464
v -7.290145 168.019409 -0.052721
v -7.843394 166.852051 -0.719152
v -6.786830 168.341660 -0.375038
v -7.648111 167.439682 -1.013516
v -7.976200 166.372391 -1.620529
v -7.129936 167.846664 -1.257058
v -7.804527 166.989227 -1.889702
v -8.053214 165.966354 -2.396986
v -7.299805 167.439484 -2.103115
v -7.911244 166.592224 -2.668290
v -8.116353 165.612091 -3.111059
v -7.435283 167.053787 -2.907610
v -7.991476 166.246384 -3.358304
v -8.184439 165.314865 -3.758782
v -7.540028 166.717453 -3.612777
v -8.070689 165.949417 -3.995311
v -8.270064 165.047256 -4.333333
v -7.629914 166.423721 -4.252818
v -8.157438 165.668457 -4.581336
v -8.377520 164.798218 -4.846614
v -7.719553 166.128082 -4.858874
v -8.253093 165.400497 -5.117494
v -8.504367 164.573578 -5.296425
v -7.807226 165.830185 -5.417098
v -8.358122 165.139099 -5.614226
v -8.606037 164.290970 -5.739392
v -7.893819 165.526245 -5.935334
v -8.434708 164.802521 -6.118184
v -8.657345 163.894684 -6.213752
v -7.948389 165.147568 -6.447394
v -8.457240 164.355270 -6.638460
v -7.950170 164.668594 -6.962085
v -8.657380 163.388031 -6.707629
v -7.900271 164.078232 -7.491505
v -8.426121 163.793503 -7.172030
v -8.609041 162.812698 -7.118423
v -7.801610 163.343231 -7.982496
v -8.344913 163.111481 -7.647016
v -7.664450 162.489349 -8.253324
v -8.223049 162.326920 -7.901308
v -8.518600 162.176773 -7.327661
v -7.499142 161.556885 -8.285904
v -8.066010 161.457184 -7.928180
v -8.383226 161.440552 -7.349076
v -7.893347 160.538345 -7.753633
v -7.324274 160.579300 -8.113441
v -8.213959 160.618744 -7.187925
v -7.758457 159.676346 -7.480095
v -7.192921 159.654694 -7.841014
v -8.068831 159.833755 -6.930616
v -7.671263 158.876587 -7.129216
v -7.119224 158.778290 -7.492153
v -7.958802 159.117554 -6.602673
v -7.658012 158.154755 -6.736100
v -7.896269 158.529922 -6.260632
v -7.155333 157.897202 -7.069693
v -8.030329 158.092026 -5.874896
v -7.891700 157.570480 -6.251907
v -7.499175 157.110947 -6.464362
v -8.437807 157.723129 -5.339971
v -8.401139 157.122711 -5.611247
v -8.136104 156.543854 -5.676663
v -8.995529 156.183197 -4.741266
v -9.178000 156.806763 -4.801000
v -9.146277 157.436020 -4.614254
v -7.145298 167.743332 1.772506
v -6.404760 168.103516 2.659680
v -6.410766 168.422150 2.184220
v -7.155776 167.361389 2.246481
v -6.129625 167.626648 2.955982
v -7.682576 167.181961 1.311473
v -6.859056 166.868362 2.551730
v -7.733420 166.724533 1.755855
v -7.428426 166.218781 2.061184
v -8.087940 166.206177 1.190390
v -7.990761 166.749451 0.818973
v -7.792742 165.680664 1.480627
v -8.245584 165.813766 0.565100
v -8.123084 166.424759 0.286056
v -7.975447 165.255203 0.800842
v -8.360363 165.500870 -0.122061
v -8.243791 166.154022 -0.325658
v -8.103331 164.914764 0.024876
v -8.444789 165.251892 -0.890422
v -8.357981 165.930878 -1.018680
v -8.174558 164.658081 -0.822628
v -8.511711 165.059052 -1.722664
v -8.466396 165.744080 -1.820378
v -8.211247 164.479675 -1.692046
v -8.596507 164.838470 -2.558713
v -8.578989 165.510941 -2.680605
v -8.273367 164.279724 -2.515386
v -8.706890 165.219681 -3.533209
v -8.712578 164.567108 -3.375048
v -8.379354 164.024536 -3.314238
v -8.857417 164.251984 -4.170616
v -8.850999 164.867966 -4.393840
v -8.524990 163.728119 -4.061869
v -8.995471 163.865097 -4.860847
v -8.986463 164.397614 -5.209246
v -8.663372 163.397842 -4.638231
v -9.095045 163.367599 -5.369907
v -9.073695 163.756027 -5.860583
v -8.771529 163.016998 -5.005413
v -9.159714 162.744461 -5.710392
v -9.100598 162.960617 -6.290765
v -8.865269 162.549103 -5.234516
v -9.062537 162.098816 -6.500273
v -9.178793 162.013443 -5.893058
v -8.936729 161.959488 -5.355771
v -8.955708 161.268768 -6.556849
v -8.932693 161.327805 -5.393961
v -9.122850 161.266083 -5.952976
v -8.781902 160.453751 -6.480011
v -8.848801 160.684494 -5.334834
v -8.990285 160.518021 -5.891115
v -8.542742 159.659164 -6.281277
v -8.668518 159.996948 -5.164099
v -8.774844 159.758057 -5.705520
v -8.168217 158.703598 -5.975519
v -8.293401 159.093201 -4.861176
v -8.394131 158.815186 -5.397395
v -7.667930 157.504990 -5.630209
v -7.719376 157.946625 -4.492392
v -7.852541 157.637955 -5.028010
v -7.048660 156.054184 -5.261386
v -6.972853 156.566437 -4.086535
v -7.165139 156.224213 -4.619772
v -0.084968 155.666840 -8.545515
v 0.299065 157.023178 -6.921952
v 1.550988 155.812576 -7.410258
v -1.404747 156.512131 -7.870281
v -1.754369 154.719604 -9.083488
v -0.272855 157.824005 -6.854482
v -3.123427 155.451797 -8.011611
v -2.103211 157.262985 -7.490857
v -3.941038 156.502838 -7.176789
v -0.461610 158.418854 -7.034893
v -4.194964 157.726440 -6.756261
v -2.363098 158.034378 -7.398949
v -0.600035 159.174225 -7.288140
v -2.491102 158.960449 -7.433739
v -4.223224 158.942642 -6.592323
v -0.682862 160.160110 -7.644457
v -2.549262 160.047668 -7.631603
v -4.169705 160.123962 -6.648054
v -0.822381 161.575516 -7.959027
v -2.660637 161.453445 -7.797090
v -1.025582 163.351959 -8.089122
v -4.156083 161.435486 -6.677105
v -2.817824 163.185455 -7.795569
v -4.161609 163.057739 -6.562313
v -3.672827 160.290619 -5.517779
v -5.726221 161.535309 -5.064893
v -3.919931 161.846542 -5.323691
v -5.498059 159.900787 -5.268910
v -7.056079 161.170486 -3.939035
v -3.429355 159.110275 -5.663575
v -6.849898 159.503036 -4.145997
v -5.266670 158.615448 -5.432278
v -6.611759 158.167145 -4.279051
v -5.046718 157.628036 -5.597553
v -3.194610 158.188873 -5.794710
v -6.382543 157.118591 -4.442873
v -4.821847 156.686722 -5.844908
v -2.940074 157.258026 -5.974817
v -6.163177 156.103409 -4.710875
v -4.571260 155.797333 -6.143680
v -2.648952 156.402100 -6.165460
v -5.902241 154.994629 -5.140544
v -4.170598 154.926453 -6.745833
v -2.165654 155.497681 -6.613602
v -5.520538 153.883560 -6.059372
v -3.504416 154.000458 -7.699895
v -1.383075 154.370010 -7.419251
v -4.982143 152.935043 -7.320329
v -5.814968 160.775589 -4.655554
v -7.201256 161.696991 -3.158952
v -5.971631 162.121445 -4.357786
v -7.059593 160.289001 -3.479441
v -7.561655 161.298065 -1.448838
v -5.604452 159.766388 -4.845280
v -7.421095 159.881287 -1.777020
v -6.851480 159.184967 -3.684075
v -5.364374 158.989410 -5.013504
v -7.198052 158.755371 -1.972449
v -6.599836 158.308060 -3.860688
v -5.039551 158.099747 -5.273598
v -6.926716 157.824463 -2.144635
v -6.301342 157.348343 -4.169919
v -4.643415 157.069199 -5.669379
v -6.625439 156.783142 -2.461245
v -5.973870 156.326981 -4.610785
v -6.318485 155.614578 -2.939686
v -4.397457 155.874832 -6.312811
v -6.306209 154.408478 -3.728076
v -5.839368 155.274841 -5.285860
v -4.351376 154.460251 -7.157016
v -6.598101 153.241669 -4.752691
v -5.897101 154.118866 -6.207796
v -2.292376 158.107651 -5.371246
v -4.424018 159.144409 -5.169770
v -2.550304 159.574219 -5.071047
v -4.238128 157.710876 -5.394704
v -6.017825 158.732803 -4.289189
v -2.186539 157.032410 -5.867488
v -5.777331 157.287811 -4.394397
v -4.187679 156.654373 -5.657682
v -2.212580 156.302963 -6.395616
v -5.568461 156.190414 -4.454867
v -4.196312 155.883438 -5.897335
v -2.179971 155.631500 -6.800056
v -5.335531 155.326797 -4.504422
v -4.147818 155.143250 -6.190651
v -2.063927 155.117874 -7.031637
v -5.150982 154.466812 -4.768076
v -4.027902 154.441864 -6.545430
v -1.757774 154.655258 -7.334839
v -4.997091 153.473190 -5.303348
v -3.701200 153.785828 -7.128412
v -4.659497 152.484360 -6.231130
v -3.104334 153.161758 -7.958326
v -1.142307 154.036331 -7.909520
v -4.110320 151.717285 -7.384074
v -7.353096 152.865814 -3.138708
v -5.742429 152.390976 -4.449540
v -6.390102 151.467911 -2.436280
v -6.626550 153.771454 -3.708073
v -7.903671 154.515884 -2.818087
v -6.843960 154.823837 -2.139999
v -5.267232 153.772141 -5.304260
v -6.202277 154.528412 -3.857518
v -4.910949 154.907639 -5.383246
v -6.255562 154.923309 -1.894301
v -5.995503 155.277649 -3.879922
v -6.118558 155.453156 -1.896765
v -6.156250 156.239319 -2.045957
v -5.801362 156.037399 -3.955197
v -4.508191 155.760803 -5.293121
v -6.385565 156.824799 -2.357309
v -5.618161 156.794113 -4.065127
v -4.005646 156.812698 -5.024240
v -6.639550 157.536987 -2.538170
v -5.615500 157.856094 -4.001996
v -6.995494 158.726852 -2.490835
v -3.864185 158.259369 -4.597956
v -5.928165 159.276276 -3.815655
v -4.227493 159.911057 -4.261337
v 2.434210 165.852554 -8.001186
v 0.658911 164.131927 -8.466600
v 0.631872 165.816971 -7.922270
v 2.486029 164.149460 -8.426281
v 4.015468 165.654816 -7.122282
v 0.687259 162.794037 -8.777970
v 4.035911 163.983200 -7.446466
v 2.526715 162.838867 -8.663983
v 4.048300 162.790741 -7.617072
v 4.088220 162.001160 -7.644855
v 2.584772 161.788818 -8.701488
v 0.743286 161.637772 -8.832741
v 4.211129 161.207123 -7.525995
v 2.717411 160.733582 -8.508904
v 0.880630 160.479095 -8.594694
v 4.429322 160.113922 -7.220769
v 1.035947 159.595352 -8.226168
v 2.887621 159.732697 -8.172848
v 4.554039 158.757477 -7.097967
v 2.938720 158.823715 -8.031631
v 1.039529 159.008469 -8.045945
v 4.500070 157.370850 -7.311249
v 2.820761 157.898895 -8.118745
v 0.923663 158.459793 -8.015090
v 4.015805 155.739014 -7.645177
v 2.272439 156.547775 -8.334877
v 0.388426 157.389664 -8.110563
v 1.031133 154.648315 -8.557148
v 2.833687 153.717133 -7.873354
v -0.905604 155.626083 -8.319791
v 5.641483 155.660706 -5.080511
v 5.278656 154.181702 -5.926605
v 4.176746 155.111816 -7.095318
v 4.786764 156.480179 -6.444719
v 2.327808 156.017075 -7.420270
v 5.961157 156.898758 -4.537607
v 3.147675 157.425156 -7.006614
v 5.248522 157.577408 -5.995399
v 6.320094 157.906494 -4.276814
v 3.763062 158.497833 -6.744859
v 5.663217 158.500488 -5.749160
v 6.642199 158.859146 -4.054474
v 4.250206 159.343765 -6.587123
v 6.033582 159.440872 -5.512377
v 6.932310 159.847855 -3.817734
v 4.656331 160.175659 -6.404699
v 6.334070 160.395889 -5.262489
v 7.098543 161.149597 -3.457729
v 4.931827 160.977036 -6.187915
v 6.514654 161.632736 -4.915337
v 7.120777 162.799835 -2.944722
v 5.103065 162.054230 -5.881605
v 6.572279 163.235489 -4.424357
v 5.180191 163.551270 -5.432088
v 3.424708 154.502411 -7.567318
v 5.113358 155.271179 -5.791914
v 4.762643 153.676514 -6.474566
v 3.889809 155.961212 -7.019662
v 1.362060 155.200455 -7.838528
v 1.947227 156.657883 -7.411630
v 5.308100 156.610504 -5.372814
v 2.312296 157.717102 -7.211531
v 4.158040 157.086746 -6.708106
v 5.465821 157.689835 -5.259570
v 2.563868 158.528870 -7.201336
v 4.345889 158.005661 -6.627183
v 5.595522 158.697906 -5.184876
v 2.759616 159.379456 -7.188187
v 4.500229 158.964828 -6.551433
v 5.736398 159.713913 -5.118903
v 2.927486 160.265213 -7.147547
v 4.648296 159.973663 -6.471976
v 5.830924 160.985764 -4.930673
v 4.759727 161.264908 -6.283904
v 5.805379 162.590149 -4.545650
v 3.036463 161.445328 -6.995256
v 4.755983 162.888611 -5.907758
v 3.048125 162.999069 -6.649983
v -0.264350 157.023178 -6.934251
v 0.254296 155.666840 -8.539129
v -1.360921 155.812576 -7.483356
v 1.484500 156.512115 -7.822289
v 1.960968 154.719589 -9.043508
v 0.218973 157.824005 -6.847611
v 3.292764 155.451767 -7.916570
v 2.093986 157.262970 -7.437830
v 3.977609 156.502792 -7.066852
v 0.364781 158.418854 -7.025904
v 4.114470 157.726410 -6.670884
v 2.299154 158.034378 -7.345086
v 0.484349 159.174225 -7.272847
v 2.394811 158.960434 -7.383777
v 4.079092 158.942627 -6.527796
v 0.567188 160.160110 -7.621673
v 2.440107 160.047638 -7.569070
v 4.024016 160.123932 -6.565094
v 0.715385 161.575500 -7.923463
v 2.569235 161.453415 -7.709261
v 0.942980 163.351959 -8.035971
v 4.045640 161.435440 -6.560280
v 2.755532 163.185425 -7.675513
v 4.105212 163.057709 -6.408969
v 5.560809 161.535248 -4.986341
v 3.492707 160.290588 -5.465109
v 3.785674 161.846497 -5.241455
v 5.268364 159.900726 -5.223023
v 6.885170 161.170441 -3.947249
v 3.252177 159.110229 -5.613471
v 6.618651 159.502991 -4.183874
v 5.044901 158.615417 -5.393106
v 6.374896 158.167084 -4.313693
v 4.882919 157.628021 -5.530736
v 3.060012 158.188843 -5.728040
v 6.191203 157.118546 -4.420226
v 4.746860 156.686676 -5.736061
v 2.870042 157.257996 -5.886411
v 6.055666 156.103394 -4.633970
v 4.602753 155.797302 -6.007847
v 2.677194 156.402084 -6.056965
v 5.924906 154.994568 -5.015258
v 4.331057 154.926437 -6.599783
v 2.357144 155.497650 -6.487028
v 5.707814 153.883499 -5.908906
v 3.801058 154.000427 -7.572643
v 1.776311 154.369995 -7.315014
v 5.280216 152.935013 -7.199126
v 7.049886 161.696915 -3.209265
v 5.602342 160.775528 -4.612092
v 5.820906 162.121399 -4.305762
v 6.870813 160.288956 -3.535046
v 7.449653 161.298004 -1.578094
v 5.354594 159.766327 -4.816526
v 7.340702 159.881241 -1.907614
v 6.622225 159.184921 -3.741367
v 5.109504 158.989365 -4.983172
v 7.115877 158.755325 -2.099353
v 6.357380 158.307999 -3.905377
v 4.831013 158.099716 -5.226003
v 6.813227 157.824402 -2.226287
v 6.090292 157.348297 -4.164047
v 4.528714 157.069183 -5.569027
v 6.493529 156.783051 -2.453802
v 5.842637 156.326920 -4.537061
v 6.208366 155.614517 -2.849955
v 4.433918 155.874786 -6.176622
v 6.283254 154.408432 -3.588261
v 5.847783 155.274796 -5.168717
v 4.568827 154.460220 -7.018948
v 6.707831 153.241608 -4.617187
v 6.062739 154.118805 -6.079573
v 4.189100 159.144394 -5.121735
v 2.149223 158.107635 -5.319659
v 2.360050 159.574203 -5.036806
v 4.074501 157.710831 -5.316638
v 5.750515 158.732742 -4.300158
v 2.141608 157.032394 -5.787584
v 5.570312 157.287781 -4.365585
v 4.116117 156.654327 -5.535449
v 2.279738 156.302948 -6.294495
v 5.442738 156.190384 -4.364489
v 4.209788 155.883408 -5.756713
v 2.359353 155.631470 -6.680809
v 5.292030 155.326752 -4.371583
v 4.255922 155.143234 -6.036180
v 2.327793 155.117844 -6.906318
v 5.210686 154.466782 -4.603357
v 4.233576 154.441818 -6.382931
v 2.100619 154.655228 -7.216743
v 5.181815 153.473145 -5.120065
v 4.003366 153.785797 -6.974154
v 4.959168 152.484329 -6.067966
v 3.466082 153.161743 -7.839431
v 1.562863 154.036331 -7.828848
v 4.453007 151.717239 -7.278482
v -6.660388 154.396713 -4.396905
v -6.487022 154.419373 -3.219281
v -7.420661 156.016327 -3.209585
v -7.307542 156.021378 -4.343502
v -6.261984 154.626526 -5.466635
v -6.700517 156.320374 -5.231363
v -8.212280 157.388123 -3.381114
v -7.262228 157.699814 -5.196317
v -7.956968 157.382813 -4.428211
v -8.829853 158.649017 -3.572072
v -7.861760 158.884171 -5.342748
v -8.585869 158.647232 -4.593424
v -9.058596 159.956802 -3.586251
v -8.896358 160.049072 -4.621209
v -8.191428 160.197693 -5.415483
v -8.932018 161.141464 -3.388171
v -8.864959 161.454697 -4.394137
v -8.228497 161.697449 -5.228975
v -8.163993 163.087280 -4.581264
v -8.756828 162.593628 -3.818780
v -8.774354 161.975128 -2.961266
v -8.046916 164.199417 -3.526173
v -8.617111 163.468262 -2.918448
v -8.615471 162.610321 -2.295581
v -7.874065 165.041656 -2.228925
v -8.443833 164.158676 -1.781612
v -8.451977 163.147766 -1.380878
v -7.630425 165.584549 -0.839807
v -8.230099 164.674622 -0.433210
v -8.276777 163.611526 -0.113873
v -7.178691 166.107681 0.521476
v -7.779997 165.248627 1.010193
v -7.831918 164.206436 1.423522
v -6.489748 166.785263 1.861028
v -6.995446 164.993759 2.973458
v -7.022100 165.990555 2.442112
v -7.388228 164.397324 0.934371
v -8.116261 162.723495 0.029976
v -7.481664 163.649597 1.413897
v -8.053085 163.384048 -0.539383
v -6.895814 164.947083 0.389156
v -8.415342 161.965897 -0.787585
v -7.573919 163.865601 -1.132084
v -8.409232 162.498260 -1.481474
v -7.970563 162.889725 -2.141496
v -8.567843 161.677841 -2.019175
v -8.528738 161.281403 -1.233056
v -8.157277 162.005493 -2.724322
v -8.566377 160.516739 -1.593628
v -8.201051 161.099197 -3.145372
v -8.612515 160.811005 -2.427944
v -8.517038 159.708969 -1.838751
v -8.110315 160.143921 -3.422916
v -8.539716 159.897858 -2.705710
v -8.366899 158.900543 -1.938327
v -7.902957 159.173416 -3.542042
v -8.353273 158.976776 -2.823925
v -8.152967 158.165329 -1.940679
v -7.614953 158.132935 -3.535794
v -8.098206 158.078140 -2.831025
v -7.503101 157.040573 -3.308415
v -7.965416 157.261322 -2.612236
v -7.997808 157.585953 -1.765415
v -7.632053 156.030090 -2.767133
v -7.979959 156.540085 -2.140376
v -7.888062 157.045853 -1.384445
v -8.224447 155.750504 -1.329788
v -7.944573 155.077545 -1.822602
v -8.073440 156.329453 -0.649563
v -8.764638 154.791870 -0.091784
v -8.423659 154.048782 -0.400981
v -8.697064 155.454758 0.490463
v 6.220882 158.804794 -2.234548
v 7.406003 158.176620 -1.867544
v 7.041357 159.122955 -2.210676
v 6.629209 157.808533 -1.959657
v 5.566993 158.447784 -2.745446
v 7.703917 157.484482 -1.622481
v 6.071247 157.434616 -2.547689
v 6.975616 157.052719 -1.729724
v 7.930142 157.079865 -1.513186
v 6.474575 156.648788 -2.341960
v 7.273937 156.532074 -1.565735
v 6.811691 156.056900 -2.151925
v 7.544229 156.246887 -1.487857
v 8.074751 156.938354 -1.534217
v 7.131179 155.664261 -1.999055
v 8.181942 156.857239 -1.502478
v 7.482461 155.423798 -1.986302
v 7.800038 156.058472 -1.466521
v 7.844373 155.344513 -2.137932
v 8.300328 156.750854 -1.367837
v 8.061629 155.914825 -1.496474
v 8.468861 156.564911 -1.170183
v 8.341107 155.826965 -1.596285
v 8.175919 155.480515 -2.410623
v 8.732399 156.340561 -1.053295
v 8.651379 155.856827 -1.770008
v 8.432262 155.825195 -2.664689
v 9.076058 156.391312 -1.124790
v 8.999605 156.078415 -1.941232
v 8.690015 156.176682 -2.804163
v 9.054956 156.515320 -2.932384
v 9.380379 156.451111 -2.087126
v 9.597800 156.892807 -3.057811
v 9.406881 156.745499 -1.276570
v 9.800975 156.973633 -2.210324
v 9.651879 157.351395 -1.493643
v 6.958004 159.625229 -1.897956
v 8.015858 159.017029 -1.895720
v 7.667096 159.873215 -2.266843
v 7.247805 158.709259 -1.786021
v 6.144568 159.311630 -2.015785
v 8.252292 158.329819 -1.633953
v 6.511674 158.390930 -2.169094
v 7.482720 157.988235 -1.668200
v 8.435775 157.844009 -1.507811
v 6.843611 157.669540 -2.191335
v 7.688183 157.463242 -1.558381
v 7.087529 157.115051 -2.101066
v 7.871837 157.123260 -1.464358
v 8.573022 157.584457 -1.529910
v 7.267765 156.686920 -1.914616
v 8.058515 156.843613 -1.391424
v 8.677750 157.428238 -1.510771
v 8.785830 157.282822 -1.373875
v 7.516768 156.303772 -1.804721
v 8.266786 156.579834 -1.338920
v 7.844246 155.995422 -1.836483
v 8.898707 157.085678 -1.124446
v 8.509918 156.326431 -1.319453
v 8.250212 155.824371 -1.996843
v 9.053360 156.806595 -0.867301
v 8.837720 156.123657 -1.349166
v 8.715466 155.849625 -2.188936
v 9.379370 156.671051 -0.789460
v 9.284638 156.075623 -1.393354
v 9.182975 155.939514 -2.272342
v 9.826159 156.778885 -0.850601
v 9.822140 156.170425 -1.431616
v 9.722759 156.001450 -2.289899
v 10.422111 156.046143 -2.234582
v 10.441271 156.403839 -1.459725
v 10.316281 157.119308 -1.056541
v 7.673729 161.866913 -2.962840
v 7.021691 162.615356 -2.427683
v 7.086062 161.995331 -1.850676
v 7.461067 161.324982 -2.362074
v 6.736967 161.329941 -1.469736
v 8.207500 161.086487 -3.156665
v 6.893100 160.792587 -2.058640
v 7.736475 160.704788 -2.605334
v 8.599935 160.338394 -3.046919
v 7.014738 160.316223 -2.450342
v 7.930347 160.136719 -2.634146
v 7.144723 159.836548 -2.666338
v 8.080135 159.559067 -2.448916
v 8.848642 159.667664 -2.668931
v 7.298483 159.302292 -2.670572
v 8.175373 158.912979 -2.227400
v 8.973499 158.939621 -2.326088
v 7.398160 158.765579 -2.574795
v 8.192636 158.218536 -2.034925
v 8.983211 158.134735 -2.122181
v 7.406770 158.220688 -2.410009
v 8.129488 157.470383 -1.880080
v 8.876189 157.335541 -2.089874
v 7.332062 157.585007 -2.161958
v 8.725864 156.669464 -2.234736
v 8.049982 156.639664 -1.817198
v 7.241712 156.672409 -1.902404
v 8.732642 155.944397 -2.465350
v 7.372579 155.484360 -1.923716
v 8.141614 155.668259 -1.947831
v 8.958002 154.962601 -2.790869
v 7.725168 154.203903 -2.210780
v 8.438399 154.539505 -2.256451
v 9.448795 153.744904 -3.237449
v 8.963885 153.234421 -2.741980
v 8.286545 152.810303 -2.736282
v 8.025353 162.808243 -3.113710
v 7.364411 163.590576 -2.553174
v 7.393817 162.973206 -1.998073
v 7.779048 162.277359 -2.533702
v 7.024980 162.306702 -1.648638
v 8.581592 161.957001 -3.349667
v 7.197138 161.751923 -2.252614
v 8.089100 161.575912 -2.818050
v 9.008163 161.094681 -3.287318
v 7.363229 161.192535 -2.671453
v 8.337026 160.864655 -2.880424
v 7.553154 160.570648 -2.922424
v 8.545403 160.104843 -2.759693
v 9.313251 160.227249 -2.990865
v 7.759683 159.883499 -2.983039
v 8.646890 159.309067 -2.588570
v 9.445610 159.295563 -2.694698
v 7.865003 159.229752 -2.928784
v 8.609495 158.500671 -2.414670
v 9.384423 158.320435 -2.502256
v 7.829572 158.600739 -2.778585
v 8.425102 157.665802 -2.243516
v 9.128570 157.368011 -2.440939
v 7.656809 157.930420 -2.520880
v 8.759562 156.509308 -2.534708
v 8.133872 156.753403 -2.130275
v 7.373844 157.055603 -2.216199
v 8.441890 155.555496 -2.716047
v 7.093700 155.865814 -2.120858
v 7.849382 155.650391 -2.177073
v 8.193231 154.364899 -2.998519
v 7.608749 154.347839 -2.405284
v 6.854870 154.479858 -2.290731
v 7.414913 152.835709 -2.826747
v 8.012882 152.923965 -3.412152
v 6.659338 152.911179 -2.724142
v 7.200805 161.032181 -2.486966
v 6.675854 159.522598 -2.876387
v 6.479455 161.125580 -2.975723
v 7.024271 159.640366 -2.067654
v 7.540794 161.109589 -1.677010
v 6.873101 159.859573 -1.202056
v 6.843946 158.430115 -2.582121
v 6.509243 158.816025 -0.955304
v 6.925799 158.625168 -1.719352
v 6.966501 157.673599 -2.337885
v 6.961705 157.887589 -1.465112
v 6.485284 158.006180 -0.722615
v 7.105242 156.956436 -2.084245
v 7.100814 157.184631 -1.201717
v 6.647683 157.248459 -0.427187
v 7.214464 156.387634 -1.871652
v 7.327063 156.467545 -0.934509
v 6.994577 156.367126 -0.061813
v 7.605478 155.558578 -1.031872
v 7.372928 155.747406 -1.953722
v 7.393633 155.193085 -0.152222
v 7.977599 154.409729 -1.612469
v 7.715692 154.768509 -2.457412
v 7.808941 153.873764 -0.821574
v 8.009233 162.723419 -0.139271
v 7.363179 164.371033 0.791244
v 7.339394 163.647751 1.269964
v 7.973392 163.379318 -0.698517
v 6.873855 164.870270 0.273630
v 8.324897 161.965851 -0.948971
v 7.515445 163.835983 -1.257387
v 8.323400 162.498184 -1.630980
v 7.882683 162.888702 -2.255310
v 8.477827 161.677765 -2.151911
v 8.454510 161.281311 -1.380372
v 8.049664 162.005432 -2.823647
v 8.504414 160.516663 -1.729461
v 8.071707 161.099121 -3.223986
v 8.513821 160.810913 -2.542763
v 8.464580 159.708878 -1.987645
v 7.961256 160.143860 -3.518656
v 8.432799 159.897797 -2.837054
v 8.322771 158.900482 -2.094824
v 7.730536 159.173340 -3.646690
v 8.237262 158.976700 -2.962513
v 8.104054 158.165253 -2.054264
v 7.416492 158.132858 -3.604346
v 7.959754 158.078064 -2.914629
v 7.333673 157.040497 -3.312229
v 7.839302 157.261276 -2.639059
v 7.959188 157.585876 -1.835049
v 7.510038 156.030029 -2.709837
v 7.889580 156.540009 -2.111805
v 7.883606 157.045807 -1.412393
v 8.195592 155.750427 -1.252767
v 7.871040 155.077499 -1.713919
v 8.135504 156.329407 -0.625297
v 8.808588 154.791794 0.002225
v 8.410334 154.048706 -0.285993
v 8.830332 155.454681 0.544745
v -0.727814 164.131927 -8.514409
v -2.468720 165.859528 -8.155285
v -0.680591 165.816971 -7.977616
v -2.536139 164.149475 -8.551888
v -4.044200 165.696014 -7.359903
v -0.774663 162.794067 -8.824519
v -4.063615 163.983215 -7.633200
v -2.591618 162.838882 -8.777370
v -4.091220 162.790787 -7.782378
v -4.148987 162.001190 -7.796295
v -2.660038 161.788834 -8.802948
v -0.844071 161.637787 -8.874539
v -4.295685 161.207153 -7.658792
v -2.800220 160.733597 -8.596072
v -0.988876 160.479095 -8.631164
v -4.547700 160.113968 -7.317696
v -1.140626 159.595352 -8.256956
v -2.977474 159.732727 -8.241515
v -4.666541 158.757507 -7.162884
v -3.009956 158.823730 -8.090117
v -1.146820 159.008469 -8.076667
v -4.531929 157.370880 -7.396065
v -2.854264 157.898941 -8.176178
v -1.020677 158.459793 -8.037310
v -3.890317 155.739075 -7.749533
v -2.217630 156.547791 -8.383493
v -0.418614 157.389664 -8.118530
v -0.732958 154.648315 -8.594563
v -2.459239 153.717163 -7.988989
v 1.093168 155.626053 -8.280902
v -5.673753 155.660736 -5.191209
v -4.008686 155.111832 -7.224562
v -5.102756 154.181747 -6.084735
v -4.798269 156.480225 -6.555335
v -2.192002 156.017105 -7.505437
v -6.135393 156.898788 -4.578749
v -3.176095 157.425201 -7.088121
v -5.379645 157.577438 -6.057701
v -6.547424 157.906555 -4.246636
v -3.871727 158.497864 -6.809983
v -5.852528 158.500534 -5.776885
v -6.882473 158.859207 -4.004642
v -4.405961 159.343796 -6.658260
v -6.240941 159.440903 -5.539135
v -7.132761 159.847916 -3.758357
v -4.813595 160.175705 -6.490471
v -6.512311 160.395950 -5.301072
v -7.263821 161.149643 -3.416294
v -5.075206 160.977066 -6.296219
v -6.653273 161.632813 -4.977002
v -7.228027 162.803940 -2.891906
v -5.212867 162.054260 -6.009604
v -6.643827 163.246231 -4.497517
v -5.233233 163.567291 -5.587758
v -5.048321 155.271240 -5.930962
v -3.151495 154.502426 -7.689434
v -4.503669 153.676529 -6.635591
v -3.802500 155.961227 -7.138288
v -1.089524 155.200455 -7.901379
v -1.889264 156.657898 -7.474562
v -5.405800 156.610565 -5.460379
v -2.359837 157.717117 -7.268832
v -4.192171 157.086777 -6.809944
v -5.651742 157.689880 -5.294034
v -2.650751 158.528915 -7.258105
v -4.450210 158.005692 -6.701854
v -5.829418 158.697968 -5.203393
v -2.870114 159.379471 -7.242733
v -4.651029 158.964874 -6.615698
v -5.966853 159.713974 -5.146745
v -3.044233 160.265244 -7.220011
v -4.807660 159.973694 -6.554119
v -6.018638 160.985809 -4.991370
v -4.888507 161.264969 -6.403864
v -5.922526 162.591995 -4.618626
v -3.139310 161.445374 -7.089547
v -4.828507 162.888641 -6.055574
v -3.118426 162.999100 -6.767872
v -7.247889 155.545517 -3.055159
v -5.994892 154.644562 -4.795743
v -6.526774 156.182175 -3.517361
v -6.662001 154.005753 -4.200493
v -7.542689 153.622055 -4.080577
v -8.116326 155.103378 -3.155735
v -7.800237 156.603271 -2.595401
v -7.077451 157.251160 -3.023825
v -8.588254 155.991989 -2.774023
v -7.582991 157.939911 -3.106382
v -8.331179 157.367737 -2.634651
v -9.074059 156.668976 -2.753235
v -8.022839 158.602066 -3.325608
v -9.617313 157.491989 -2.967923
v -8.842530 158.150146 -2.869850
v -8.386976 159.296219 -3.538024
v -10.125462 158.390350 -3.431930
v -9.304029 158.949493 -3.206668
v -10.340196 159.298279 -4.135501
v -8.680747 160.044983 -3.488635
v -9.649396 159.745361 -3.567773
v -9.048057 160.795471 -3.358375
v -9.827087 160.549347 -3.961532
v -10.108647 160.222214 -4.869987
v -9.805397 161.332031 -4.189514
v -9.212633 161.394913 -3.365989
v -9.837293 161.169327 -5.197933
v -9.104293 161.845978 -3.379610
v -9.633612 162.068893 -4.209903
v -9.617700 162.130600 -5.235785
v -8.949470 162.238129 -3.287199
v -9.233265 163.039993 -5.058742
v -9.355196 162.743271 -4.068814
v -8.757970 162.626343 -3.073355
v -8.713882 163.843887 -4.668954
v -9.004716 163.338211 -3.777261
v -8.602015 162.978912 -2.725147
v -8.301863 164.572906 -4.007889
v -8.732529 163.850113 -3.300763
v -8.473630 163.318756 -2.189474
v -8.068674 165.188461 -3.130736
v -8.555485 164.308014 -2.609641
v -8.318753 163.595245 -1.569104
v -7.942276 165.645844 -2.215237
v -8.415613 164.659409 -1.835583
v -7.888648 165.919388 -1.387441
v -8.295418 164.875702 -1.052727
v -8.116773 163.809830 -0.826183
v -7.827915 166.206635 -0.626913
v -7.890972 164.175613 0.140277
v -8.163320 165.177994 -0.204790
v -7.717997 166.617783 0.178424
v -7.591245 164.766708 1.245262
v -7.966593 165.689392 0.764567
v -7.216607 167.333466 1.088239
v -6.882144 165.684631 2.310898
v -6.172592 167.805389 2.776392
v -6.142003 168.468948 2.061879
v -7.340247 166.555099 1.798429
v -5.710519 166.959686 3.228023
v -5.947742 158.365906 2.458386
v -6.285237 159.772522 2.846443
v -6.808418 158.311661 2.190315
v -7.646693 159.685501 1.670263
v -7.424952 158.405182 1.464492
v -7.114781 159.663269 2.473632
v -6.585367 160.871750 3.096519
v -7.775888 160.631302 1.700959
v -7.360091 160.692017 2.589350
v -6.856871 161.612762 3.206262
v -7.563181 161.476685 2.566674
v -7.847906 161.437485 1.622175
v -6.948924 162.233246 3.322383
v -7.585611 162.266251 2.608856
v -7.766391 162.334518 1.654254
v -6.877323 162.833298 3.461874
v -7.414033 163.068054 2.742082
v -7.491669 163.281784 1.828073
v -6.554538 163.606705 3.804044
v -7.019550 164.395813 2.341360
v -7.012455 164.019577 3.167158
v -5.950820 164.655624 4.406549
v -6.444767 165.671722 3.147607
v -6.412280 165.166412 3.890482
v 7.703775 159.685455 1.566754
v 7.030006 158.311615 2.097099
v 7.624224 158.405121 1.350805
v 6.300030 159.772461 2.777113
v 6.156168 158.365845 2.376623
v 7.158524 159.663208 2.395177
v 7.683435 160.631226 1.585167
v 6.337113 160.871704 3.028136
v 7.181059 160.691940 2.498308
v 6.453118 161.612686 3.135447
v 7.234272 161.476624 2.465382
v 7.638166 161.437408 1.490080
v 6.496439 162.233170 3.249494
v 7.186878 162.266174 2.501378
v 7.482416 162.334473 1.514924
v 6.466329 162.833221 3.388783
v 7.062842 163.067978 2.637517
v 7.254029 163.281723 1.693880
v 6.317377 163.606628 3.741636
v 6.969878 164.389694 2.229372
v 6.861428 164.019501 3.077188
v 6.072452 164.655579 4.378454
v 6.593369 165.649841 3.098796
v 6.588442 165.165771 3.848740
v -9.496657 158.943741 -1.076281
v -8.740807 158.902863 -1.334467
v -8.685959 160.229156 -1.333703
v -9.458836 160.329666 -1.188821
v -10.258309 158.902496 -1.313492
v -8.577416 160.972229 -0.929639
v -10.159662 160.464661 -1.551506
v -9.302067 161.269623 -0.941824
v -8.467695 161.381790 -0.302705
v -9.822571 161.710281 -1.385467
v -9.051248 161.908875 -0.400407
v -8.267048 161.797836 0.391825
v -9.308900 162.578232 -0.825270
v -8.748117 162.436020 0.287134
v -7.945135 162.200638 1.198514
v -8.851314 163.189270 -0.093435
v -8.401904 162.861282 1.084045
v -7.614929 162.688583 2.115685
v -8.466183 163.630539 0.712605
v -8.029713 163.356857 1.874617
v -7.308393 163.293121 3.052274
v -8.028379 164.086517 1.398917
v -7.617371 163.960266 2.626902
v -7.489560 164.587799 2.002949
v -6.668219 164.184921 3.944331
v -6.848696 165.327225 2.696861
v -6.967739 164.801956 3.421528
v -5.657987 165.354034 4.710005
v -6.162564 166.457626 3.520915
v -6.100672 165.938736 4.255570
v -10.057427 161.581558 -0.061719
v -8.809694 162.560165 0.075296
v -9.651861 161.776962 -0.852178
v -9.120612 162.171951 0.843039
v -10.210160 160.982483 0.601539
v -9.114286 161.479553 1.402634
v -8.150030 163.149689 0.745462
v -8.322682 162.124680 2.136696
v -8.418448 162.760345 1.528630
v -7.594739 163.666855 1.198053
v -7.832319 162.895111 2.755751
v -7.919606 163.388336 2.003490
v -6.981437 164.550568 1.761261
v -7.306966 163.938751 3.361408
v -7.365459 164.325623 2.544159
v -6.375189 165.863770 2.392016
v -6.718354 165.292679 3.977938
v -6.775391 165.638290 3.149366
v 9.524238 158.943665 -1.193953
v 8.648016 160.229095 -1.478016
v 8.751702 158.902786 -1.488564
v 9.439485 160.329605 -1.329336
v 10.266080 158.902405 -1.394007
v 8.518890 160.972153 -1.074921
v 10.135765 160.464569 -1.684167
v 9.259246 161.269547 -1.089881
v 8.392452 161.381729 -0.460743
v 9.784819 161.710190 -1.521401
v 8.986117 161.908813 -0.566535
v 8.158666 161.797760 0.227918
v 9.256608 162.578140 -0.993576
v 8.656117 162.435959 0.113570
v 7.732535 162.200577 1.045197
v 8.783371 163.189209 -0.268815
v 8.248926 162.861206 0.917938
v 7.281069 162.688507 1.990461
v 8.393881 163.630447 0.542332
v 7.825985 163.356796 1.729909
v 6.980377 163.293045 2.955973
v 7.970227 164.082687 1.246189
v 7.466786 163.960190 2.509389
v 7.477924 164.577393 1.876806
v 6.591290 164.184845 3.885804
v 6.939665 165.306183 2.617491
v 7.024046 164.801910 3.349471
v 5.942662 165.353973 4.705027
v 6.299052 166.427170 3.511768
v 6.373070 165.935898 4.247609
v 8.723324 162.560104 -0.099281
v 10.036986 161.581482 -0.205761
v 9.614003 161.776871 -1.007454
v 9.033871 162.171875 0.678654
v 10.212084 160.982391 0.485932
v 9.035754 161.479477 1.261896
v 8.026752 163.149612 0.578130
v 8.044958 162.124603 2.003813
v 8.218954 162.760284 1.371881
v 7.473598 163.664001 1.048193
v 7.480871 162.895020 2.642875
v 7.702830 163.388290 1.864269
v 6.962381 164.529633 1.640127
v 7.131027 163.938675 3.273120
v 7.299073 164.323746 2.431128
v 6.434604 165.805206 2.325798
v 6.913919 165.292648 3.937084
v 6.920669 165.621307 3.093964
vt 0.103821 0.273438
vt 0.103821 0.304688
vt 0.135132 0.304688
vt 0.135132 0.273438
vt 0.226563 0.916016
vt 0.191406 0.916016
vt 0.191406 0.973740
vt 0.226563 0.973740
vt 0.064514 0.807983
vt 0.064514 0.731934
vt 0.015350 0.731934
vt 0.015350 0.807983
vt 0.064514 0.656006
vt 0.015350 0.656006
vt 0.226563 0.863281
vt 0.226563 0.814697
vt 0.191406 0.814697
vt 0.191406 0.863281
vt 0.156250 0.814697
vt 0.156250 0.863281
vt 0.103821 0.425781
vt 0.135132 0.425781
vt 0.135132 0.395508
vt 0.103821 0.395508
vt 0.226563 0.769775
vt 0.226563 0.728027
vt 0.191406 0.728027
vt 0.191406 0.769775
vt 0.226563 0.688965
vt 0.191406 0.688965
vt 0.103821 0.486816
vt 0.103821 0.518311
vt 0.135132 0.518311
vt 0.135132 0.486816
vt 0.191406 0.652100
vt 0.156250 0.652100
vt 0.156250 0.688965
vt 0.226563 0.652100
vt 0.226563 0.616943
vt 0.191406 0.616943
vt 0.226563 0.583008
vt 0.191406 0.583008
vt 0.388672 0.526855
vt 0.388672 0.458496
vt 0.446045 0.458496
vt 0.446045 0.526855
vt 0.064514 0.656006
vt 0.015350 0.656006
vt 0.015350 0.731934
vt 0.064514 0.731934
vt 0.072510 0.916565
vt 0.072510 0.969101
vt 0.103821 0.969101
vt 0.103821 0.916565
vt 0.226563 0.516846
vt 0.191406 0.516846
vt 0.191406 0.549805
vt 0.226563 0.549805
vt 0.072510 0.577637
vt 0.103821 0.577637
vt 0.103821 0.539307
vt 0.072510 0.539307
vt 0.226563 0.261230
vt 0.191406 0.261230
vt 0.191406 0.303223
vt 0.226563 0.303223
vt 0.191406 0.450684
vt 0.191406 0.416504
vt 0.156250 0.416504
vt 0.156250 0.450684
vt 0.072510 0.775635
vt 0.072510 0.820068
vt 0.103821 0.820068
vt 0.103821 0.775635
vt 0.191406 0.923279
vt 0.156250 0.923279
vt 0.156250 0.973740
vt 0.191406 0.973740
vt 0.226563 0.754883
vt 0.191406 0.754883
vt 0.191406 0.792725
vt 0.226563 0.792725
vt 0.015350 0.807983
vt 0.064514 0.807983
vt 0.064514 0.883972
vt 0.015350 0.883972
vt 0.191406 0.343262
vt 0.156250 0.303223
vt 0.156250 0.343262
vt 0.156250 0.261230
vt 0.226563 0.215820
vt 0.191406 0.215820
vt 0.156250 0.215820
vt 0.226563 0.167480
vt 0.191406 0.167480
vt 0.226563 0.343262
vt 0.226563 0.380371
vt 0.191406 0.380371
vt 0.191406 0.343262
vt 0.015350 0.199707
vt 0.064514 0.199707
vt 0.064514 0.275879
vt 0.015350 0.275879
vt 0.226563 0.167480
vt 0.226563 0.215820
vt 0.191406 0.215820
vt 0.191406 0.167480
vt 0.191406 0.622803
vt 0.156250 0.622803
vt 0.156250 0.653564
vt 0.191406 0.653564
vt 0.191406 0.261230
vt 0.191406 0.303223
vt 0.156250 0.303223
vt 0.156250 0.261230
vt 0.226563 0.303223
vt 0.226563 0.261230
vt 0.156250 0.343262
vt 0.446045 0.767090
vt 0.446045 0.679199
vt 0.388672 0.679199
vt 0.388672 0.767090
vt 0.226563 0.416504
vt 0.191406 0.416504
vt 0.191406 0.450684
vt 0.156250 0.450684
vt 0.156250 0.416504
vt 0.191406 0.483887
vt 0.156250 0.483887
vt 0.761230 0.130371
vt 0.696289 0.130371
vt 0.696777 0.185547
vt 0.761230 0.185059
vt 0.446045 0.526855
vt 0.446045 0.458496
vt 0.388672 0.458496
vt 0.388672 0.526855
vt 0.191406 0.549805
vt 0.156250 0.549805
vt 0.156250 0.516846
vt 0.191406 0.516846
vt 0.226563 0.516846
vt 0.226563 0.549805
vt 0.191406 0.535400
vt 0.191406 0.506836
vt 0.156250 0.506836
vt 0.156250 0.535400
vt 0.072510 0.659424
vt 0.072510 0.617432
vt 0.103821 0.617432
vt 0.103821 0.659424
vt 0.191406 0.583008
vt 0.191406 0.616943
vt 0.156250 0.616943
vt 0.156250 0.583008
vt 0.103821 0.969101
vt 0.135132 0.969101
vt 0.135132 0.908936
vt 0.103821 0.908936
vt 0.696289 0.078613
vt 0.696289 0.130371
vt 0.761230 0.130371
vt 0.761230 0.078613
vt 0.191406 0.863281
vt 0.191406 0.916016
vt 0.156250 0.916016
vt 0.156250 0.863281
vt 0.103821 0.611572
vt 0.103821 0.671631
vt 0.135132 0.671631
vt 0.135132 0.611572
vt 0.627441 0.185059
vt 0.696777 0.185547
vt 0.627441 0.130371
vt 0.191406 0.688965
vt 0.191406 0.728027
vt 0.156250 0.728027
vt 0.156250 0.688965
vt 0.627441 0.232910
vt 0.696289 0.232910
vt 0.103821 0.502441
vt 0.072510 0.502441
vt 0.226563 0.396973
vt 0.191406 0.396973
vt 0.191406 0.459961
vt 0.226563 0.459961
vt 0.191406 0.757568
vt 0.191406 0.821411
vt 0.226563 0.821411
vt 0.226563 0.757568
vt 0.191406 0.973740
vt 0.156250 0.973740
vt 0.823242 0.697998
vt 0.914551 0.697998
vt 0.914551 0.589355
vt 0.823242 0.589355
vt 0.226563 0.685791
vt 0.191406 0.685791
vt 0.191406 0.719482
vt 0.226563 0.719482
vt 0.015350 0.199707
vt 0.064514 0.199707
vt 0.064514 0.123535
vt 0.015350 0.123535
vt 0.015350 0.807983
vt 0.064514 0.807983
vt 0.064514 0.731934
vt 0.015350 0.731934
vt 0.135132 0.456055
vt 0.103821 0.456055
vt 0.064514 0.579834
vt 0.015350 0.579834
vt 0.015350 0.656006
vt 0.064514 0.656006
vt 0.103821 0.799805
vt 0.135132 0.799805
vt 0.135132 0.852539
vt 0.103821 0.852539
vt 0.064514 0.427734
vt 0.015350 0.427734
vt 0.015350 0.503662
vt 0.064514 0.503662
vt 0.103821 0.292480
vt 0.103821 0.256348
vt 0.135132 0.256348
vt 0.135132 0.292480
vt 0.135132 0.584473
vt 0.103821 0.584473
vt 0.103821 0.550781
vt 0.135132 0.550781
vt 0.064514 0.123535
vt 0.015350 0.123535
vt 0.015350 0.199707
vt 0.064514 0.199707
vt 0.015350 0.351563
vt 0.064514 0.351563
vt 0.064514 0.427734
vt 0.015350 0.427734
vt 0.015350 0.275879
vt 0.064514 0.275879
vt 0.064514 0.199707
vt 0.015350 0.199707
vt 0.015350 0.123535
vt 0.064514 0.123535
vt 0.015350 0.731934
vt 0.064514 0.731934
vt 0.064514 0.807983
vt 0.015350 0.807983
vt 0.064514 0.275879
vt 0.015350 0.275879
vt 0.103821 0.502441
vt 0.135132 0.502441
vt 0.135132 0.539307
vt 0.103821 0.539307
vt 0.064514 0.427734
vt 0.015350 0.427734
vt 0.015350 0.351563
vt 0.064514 0.351563
vt 0.064514 0.503662
vt 0.015350 0.503662
vt 0.064514 0.656006
vt 0.015350 0.656006
vt 0.015350 0.579834
vt 0.064514 0.579834
vt 0.156250 0.549805
vt 0.191406 0.549805
vt 0.191406 0.502686
vt 0.156250 0.502686
vt 0.103821 0.396973
vt 0.103821 0.362305
vt 0.135132 0.362305
vt 0.135132 0.396973
vt 0.156250 0.973740
vt 0.191406 0.973740
vt 0.191406 0.892822
vt 0.156250 0.892822
vt 0.072510 0.327637
vt 0.103821 0.327637
vt 0.072510 0.362305
vt 0.015350 0.199707
vt 0.064514 0.199707
vt 0.064514 0.123535
vt 0.015350 0.123535
vt 0.015350 0.275879
vt 0.015350 0.351563
vt 0.064514 0.351563
vt 0.064514 0.275879
vt 0.156250 0.685791
vt 0.156250 0.653564
vt 0.191406 0.653564
vt 0.191406 0.685791
vt 0.103821 0.396973
vt 0.135132 0.396973
vt 0.135132 0.362305
vt 0.103821 0.362305
vt 0.446045 0.570068
vt 0.446045 0.748779
vt 0.388672 0.748779
vt 0.388672 0.570068
vt 0.015350 0.656006
vt 0.064514 0.656006
vt 0.064514 0.579834
vt 0.015350 0.579834
vt 0.015350 0.656006
vt 0.064514 0.656006
vt 0.064514 0.579834
vt 0.015350 0.579834
vt 0.503418 0.748779
vt 0.503418 0.570068
vt 0.623047 0.593018
vt 0.623047 0.700439
vt 0.533203 0.700439
vt 0.533203 0.593018
vt 0.072510 0.884338
vt 0.103821 0.884338
vt 0.103821 0.807129
vt 0.072510 0.807129
vt 0.072510 0.256348
vt 0.072510 0.292480
vt 0.064514 0.960022
vt 0.064514 0.883972
vt 0.015350 0.883972
vt 0.015350 0.960022
vt 0.226563 0.563965
vt 0.191406 0.563965
vt 0.191406 0.593018
vt 0.226563 0.593018
vt 0.064514 0.731934
vt 0.015350 0.731934
vt 0.015350 0.807983
vt 0.064514 0.807983
vt 0.103821 0.466797
vt 0.072510 0.466797
vt 0.064514 0.503662
vt 0.064514 0.579834
vt 0.015350 0.579834
vt 0.015350 0.503662
vt 0.712891 0.700439
vt 0.712891 0.593018
vt 0.064514 0.427734
vt 0.015350 0.427734
vt 0.015350 0.503662
vt 0.064514 0.503662
vt 0.064514 0.275879
vt 0.015350 0.275879
vt 0.015350 0.351563
vt 0.064514 0.351563
vt 0.064514 0.883972
vt 0.064514 0.960022
vt 0.015350 0.960022
vt 0.015350 0.883972
vt 0.191406 0.597412
vt 0.226563 0.597412
vt 0.226563 0.549805
vt 0.064514 0.123535
vt 0.015350 0.123535
vt 0.015350 0.199707
vt 0.064514 0.199707
vt 0.064514 0.883972
vt 0.015350 0.883972
vt 0.015350 0.960022
vt 0.064514 0.960022
vt 0.064514 0.351563
vt 0.015350 0.351563
vt 0.015350 0.275879
vt 0.064514 0.275879
vt 0.503418 0.975555
vt 0.503418 0.865234
vt 0.446045 0.865234
vt 0.446045 0.975555
vt 0.064514 0.427734
vt 0.064514 0.503662
vt 0.015350 0.503662
vt 0.015350 0.427734
vt 0.064514 0.579834
vt 0.015350 0.579834
vt 0.307617 0.555176
vt 0.252197 0.555176
vt 0.252197 0.447266
vt 0.307617 0.447266
vt 0.064514 0.427734
vt 0.015350 0.427734
vt 0.015350 0.503662
vt 0.064514 0.503662
vt 0.226563 0.593018
vt 0.191406 0.593018
vt 0.191406 0.563965
vt 0.226563 0.563965
vt 0.252197 0.687500
vt 0.307617 0.687500
vt 0.307617 0.775391
vt 0.252197 0.775391
vt 0.064514 0.275879
vt 0.064514 0.199707
vt 0.015350 0.199707
vt 0.015350 0.275879
vt 0.388672 0.392578
vt 0.388672 0.327637
vt 0.446045 0.327637
vt 0.446045 0.392578
vt 0.503418 0.418945
vt 0.446045 0.418945
vt 0.446045 0.274414
vt 0.503418 0.274414
vt 0.446045 0.116211
vt 0.446045 0.207031
vt 0.388672 0.207031
vt 0.388672 0.116211
vt 0.226563 0.709961
vt 0.226563 0.785767
vt 0.191406 0.785767
vt 0.191406 0.709961
vt 0.446045 0.291016
vt 0.503418 0.207031
vt 0.503418 0.291016
vt 0.388672 0.371094
vt 0.388672 0.291016
vt 0.446045 0.371094
vt 0.015350 0.503662
vt 0.015350 0.427734
vt 0.064514 0.427734
vt 0.064514 0.503662
vt 0.446045 0.534668
vt 0.388672 0.534668
vt 0.388672 0.451172
vt 0.446045 0.451172
vt 0.103821 0.736572
vt 0.135132 0.736572
vt 0.135132 0.671631
vt 0.103821 0.671631
vt 0.191406 0.322754
vt 0.156250 0.322754
vt 0.156250 0.356445
vt 0.191406 0.356445
vt 0.156250 0.769775
vt 0.156250 0.728027
vt 0.191406 0.728027
vt 0.191406 0.769775
vt 0.446045 0.727051
vt 0.446045 0.842407
vt 0.388672 0.842407
vt 0.388672 0.727051
vt 0.156250 0.688965
vt 0.191406 0.688965
vt 0.446045 0.975555
vt 0.388672 0.975555
vt 0.362793 0.555176
vt 0.307617 0.555176
vt 0.307617 0.675537
vt 0.362793 0.675537
vt 0.446045 0.116211
vt 0.446045 0.231445
vt 0.388672 0.231445
vt 0.388672 0.116211
vt 0.712891 0.861206
vt 0.623047 0.861206
vt 0.623047 0.789063
vt 0.712891 0.789063
vt 0.503418 0.975555
vt 0.446045 0.975555
vt 0.446045 0.807739
vt 0.503418 0.807739
vt 0.307617 0.344238
vt 0.307617 0.238770
vt 0.252197 0.238770
vt 0.252197 0.344238
vt 0.503418 0.439453
vt 0.446045 0.439453
vt 0.446045 0.336914
vt 0.503418 0.336914
vt 0.252197 0.633545
vt 0.307617 0.633545
vt 0.307617 0.542480
vt 0.252197 0.542480
vt 0.503418 0.336914
vt 0.503418 0.231445
vt 0.446045 0.231445
vt 0.446045 0.336914
vt 0.503418 0.667480
vt 0.446045 0.667480
vt 0.446045 0.547119
vt 0.503418 0.547119
vt 0.307617 0.238770
vt 0.252197 0.238770
vt 0.252197 0.123047
vt 0.307617 0.123047
vt 0.307617 0.447266
vt 0.252197 0.447266
vt 0.252197 0.555176
vt 0.191406 0.478516
vt 0.191406 0.449219
vt 0.156250 0.449219
vt 0.156250 0.478516
vt 0.362793 0.447266
vt 0.307617 0.447266
vt 0.307617 0.344238
vt 0.362793 0.344238
vt 0.191406 0.215820
vt 0.226563 0.215820
vt 0.226563 0.261230
vt 0.191406 0.261230
vt 0.362793 0.238770
vt 0.362793 0.344238
vt 0.252197 0.447266
vt 0.252197 0.344238
vt 0.307617 0.123047
vt 0.362793 0.123047
vt 0.307617 0.555176
vt 0.307617 0.675537
vt 0.252197 0.675537
vt 0.252197 0.555176
vt 0.362793 0.123047
vt 0.362793 0.238770
vt 0.388672 0.371094
vt 0.446045 0.371094
vt 0.446045 0.291016
vt 0.388672 0.291016
vt 0.388672 0.451172
vt 0.446045 0.451172
vt 0.446045 0.534668
vt 0.503418 0.534668
vt 0.503418 0.451172
vt 0.072510 0.343750
vt 0.103821 0.343750
vt 0.103821 0.279297
vt 0.072510 0.279297
vt 0.156250 0.785767
vt 0.191406 0.785767
vt 0.191406 0.709961
vt 0.156250 0.709961
vt 0.388672 0.261230
vt 0.446045 0.261230
vt 0.446045 0.327637
vt 0.388672 0.327637
vt 0.388672 0.727051
vt 0.446045 0.727051
vt 0.446045 0.625488
vt 0.388672 0.625488
vt 0.823242 0.459473
vt 0.823242 0.589355
vt 0.914551 0.589355
vt 0.914551 0.459473
vt 0.103821 0.174805
vt 0.103821 0.208984
vt 0.072510 0.208984
vt 0.072510 0.174805
vt 0.362793 0.816162
vt 0.307617 0.816162
vt 0.362793 0.675537
vt 0.135132 0.425781
vt 0.135132 0.456055
vt 0.103821 0.456055
vt 0.103821 0.425781
vt 0.362793 0.984413
vt 0.307617 0.984413
vt 0.135132 0.395508
vt 0.103821 0.395508
vt 0.761230 0.078613
vt 0.696289 0.078613
vt 0.696289 0.027344
vt 0.761230 0.027344
vt 0.627441 0.078613
vt 0.627441 0.027344
vt 0.103821 0.852539
vt 0.072510 0.852539
vt 0.072510 0.908936
vt 0.103821 0.908936
vt 0.731934 0.697998
vt 0.823242 0.697998
vt 0.731934 0.589355
vt 0.731934 0.787354
vt 0.823242 0.787354
vt 0.914551 0.787354
vt 0.914551 0.697998
vt 0.823242 0.860107
vt 0.914551 0.860107
vt 0.307617 0.480469
vt 0.362793 0.480469
vt 0.362793 0.441895
vt 0.307617 0.441895
vt 0.761230 0.130371
vt 0.696289 0.130371
vt 0.823242 0.969360
vt 0.914551 0.969360
vt 0.914551 0.919434
vt 0.823242 0.919434
vt 0.103821 0.577637
vt 0.072510 0.577637
vt 0.072510 0.617432
vt 0.103821 0.617432
vt 0.696777 0.185547
vt 0.627441 0.185059
vt 0.627441 0.130371
vt 0.823242 0.306152
vt 0.823242 0.459473
vt 0.731934 0.459473
vt 0.731934 0.306152
vt 0.696289 0.232910
vt 0.627441 0.232910
vt 0.823242 0.589355
vt 0.823242 0.697998
vt 0.731934 0.697998
vt 0.731934 0.589355
vt 0.823242 0.589355
vt 0.823242 0.697998
vt 0.731934 0.697998
vt 0.731934 0.589355
vt 0.696777 0.185547
vt 0.696289 0.130371
vt 0.761230 0.130371
vt 0.761230 0.185059
vt 0.823242 0.787354
vt 0.731934 0.787354
vt 0.103821 0.693604
vt 0.072510 0.693604
vt 0.072510 0.655518
vt 0.103821 0.655518
vt 0.135132 0.693604
vt 0.135132 0.733643
vt 0.103821 0.733643
vt 0.135132 0.577637
vt 0.135132 0.539307
vt 0.914551 0.919434
vt 0.823242 0.919434
vt 0.823242 0.860107
vt 0.914551 0.860107
vt 0.103821 0.775635
vt 0.072510 0.775635
vt 0.072510 0.733643
vt 0.823242 0.306152
vt 0.823242 0.459473
vt 0.731934 0.459473
vt 0.731934 0.306152
vt 0.975098 0.447754
vt 0.975098 0.383789
vt 0.934082 0.383789
vt 0.934082 0.447754
vt 0.975098 0.319824
vt 0.934082 0.319824
vt 0.914551 0.589355
vt 0.914551 0.697998
vt 0.823242 0.697998
vt 0.731934 0.697998
vt 0.731934 0.589355
vt 0.823242 0.589355
vt 0.103821 0.273438
vt 0.103821 0.304688
vt 0.072510 0.304688
vt 0.072510 0.273438
vt 0.446045 0.392578
vt 0.446045 0.327637
vt 0.388672 0.327637
vt 0.388672 0.392578
vt 0.103821 0.431641
vt 0.072510 0.431641
vt 0.015350 0.883972
vt 0.015350 0.807983
vt 0.064514 0.807983
vt 0.064514 0.883972
vt 0.388672 0.679199
vt 0.388672 0.599854
vt 0.446045 0.599854
vt 0.446045 0.679199
vt 0.015350 0.731934
vt 0.015350 0.656006
vt 0.064514 0.656006
vt 0.064514 0.731934
vt 0.823242 0.969360
vt 0.823242 0.919434
vt 0.914551 0.919434
vt 0.914551 0.969360
vt 0.731934 0.589355
vt 0.731934 0.459473
vt 0.823242 0.459473
vt 0.823242 0.589355
vt 0.156250 0.685791
vt 0.156250 0.719482
vt 0.731934 0.459473
vt 0.823242 0.459473
vt 0.823242 0.306152
vt 0.731934 0.306152
vt 0.135132 0.969101
vt 0.135132 0.916565
vt 0.015350 0.199707
vt 0.015350 0.123535
vt 0.064514 0.123535
vt 0.064514 0.199707
vt 0.731934 0.697998
vt 0.823242 0.697998
vt 0.388672 0.392578
vt 0.446045 0.392578
vt 0.446045 0.327637
vt 0.388672 0.327637
vt 0.103821 0.908936
vt 0.135132 0.908936
vt 0.731934 0.306152
vt 0.823242 0.306152
vt 0.064514 0.731934
vt 0.064514 0.656006
vt 0.015350 0.656006
vt 0.015350 0.731934
vt 0.823242 0.306152
vt 0.823242 0.459473
vt 0.914551 0.459473
vt 0.914551 0.306152
vt 0.064514 0.503662
vt 0.015350 0.503662
vt 0.015350 0.579834
vt 0.064514 0.579834
vt 0.064514 0.427734
vt 0.015350 0.427734
vt 0.064514 0.351563
vt 0.064514 0.275879
vt 0.015350 0.275879
vt 0.015350 0.351563
vt 0.064514 0.199707
vt 0.015350 0.199707
vt 0.823242 0.697998
vt 0.823242 0.787354
vt 0.914551 0.787354
vt 0.914551 0.697998
vt 0.731934 0.787354
vt 0.731934 0.860107
vt 0.823242 0.860107
vt 0.823242 0.919434
vt 0.914551 0.919434
vt 0.914551 0.860107
vt 0.731934 0.919434
vt 0.388672 0.865234
vt 0.446045 0.865234
vt 0.446045 0.975555
vt 0.388672 0.975555
vt 0.533203 0.700439
vt 0.623047 0.700439
vt 0.623047 0.593018
vt 0.533203 0.593018
vt 0.446045 0.327637
vt 0.388672 0.327637
vt 0.388672 0.392578
vt 0.446045 0.392578
vt 0.388672 0.327637
vt 0.446045 0.327637
vt 0.446045 0.392578
vt 0.388672 0.392578
vt 0.503418 0.191406
vt 0.503418 0.261230
vt 0.446045 0.261230
vt 0.446045 0.191406
vt 0.823242 0.589355
vt 0.823242 0.697998
vt 0.914551 0.697998
vt 0.914551 0.589355
vt 0.623047 0.464355
vt 0.712891 0.464355
vt 0.712891 0.312500
vt 0.623047 0.312500
vt 0.712891 0.593018
vt 0.823242 0.787354
vt 0.914551 0.787354
vt 0.731934 0.787354
vt 0.731934 0.860107
vt 0.823242 0.860107
vt 0.446045 0.807739
vt 0.446045 0.667480
vt 0.503418 0.667480
vt 0.503418 0.807739
vt 0.731934 0.919434
vt 0.823242 0.919434
vt 0.914551 0.919434
vt 0.914551 0.860107
vt 0.503418 0.327637
vt 0.503418 0.392578
vt 0.362793 0.534668
vt 0.307617 0.534668
vt 0.307617 0.607910
vt 0.362793 0.607910
vt 0.103821 0.196777
vt 0.135132 0.196777
vt 0.135132 0.139648
vt 0.103821 0.139648
vt 0.362793 0.873779
vt 0.307617 0.873779
vt 0.307617 0.984413
vt 0.362793 0.984413
vt 0.103821 0.250977
vt 0.135132 0.250977
vt 0.156250 0.814697
vt 0.191406 0.814697
vt 0.191406 0.863281
vt 0.156250 0.863281
vt 0.362793 0.687500
vt 0.307617 0.687500
vt 0.307617 0.775391
vt 0.362793 0.775391
vt 0.503418 0.458496
vt 0.446045 0.458496
vt 0.191406 0.622803
vt 0.191406 0.593018
vt 0.226563 0.593018
vt 0.226563 0.622803
vt 0.191406 0.297363
vt 0.191406 0.354004
vt 0.226563 0.354004
vt 0.226563 0.297363
vt 0.252197 0.534668
vt 0.252197 0.607910
vt 0.252197 0.687500
vt 0.914551 0.459473
vt 0.914551 0.306152
vt 0.823242 0.306152
vt 0.823242 0.459473
vt 0.135132 0.241699
vt 0.103821 0.241699
vt 0.823242 0.589355
vt 0.731934 0.459473
vt 0.731934 0.589355
vt 0.362793 0.466309
vt 0.362793 0.400391
vt 0.307617 0.400391
vt 0.307617 0.466309
vt 0.103821 0.211914
vt 0.072510 0.211914
vt 0.072510 0.139648
vt 0.103821 0.139648
vt 0.446045 0.526855
vt 0.446045 0.599854
vt 0.388672 0.599854
vt 0.388672 0.526855
vt 0.847656 0.079102
vt 0.781738 0.079102
vt 0.781738 0.027344
vt 0.847656 0.027344
vt 0.446045 0.679199
vt 0.388672 0.679199
vt 0.914063 0.181641
vt 0.847656 0.181641
vt 0.847656 0.130371
vt 0.914063 0.130371
vt 0.712891 0.969360
vt 0.623047 0.969360
vt 0.623047 0.919922
vt 0.712891 0.919922
vt 0.103821 0.406250
vt 0.135132 0.406250
vt 0.135132 0.470215
vt 0.103821 0.470215
vt 0.503418 0.865234
vt 0.503418 0.767090
vt 0.446045 0.767090
vt 0.446045 0.865234
vt 0.307617 0.123047
vt 0.307617 0.187012
vt 0.362793 0.187012
vt 0.362793 0.123047
vt 0.252197 0.187012
vt 0.252197 0.123047
vt 0.135132 0.611572
vt 0.103821 0.611572
vt 0.103821 0.327637
vt 0.135132 0.327637
vt 0.135132 0.292480
vt 0.103821 0.292480
vt 0.103821 0.807129
vt 0.135132 0.807129
vt 0.072510 0.807129
vt 0.072510 0.884338
vt 0.103821 0.884338
vt 0.252197 0.359863
vt 0.252197 0.415527
vt 0.307617 0.415527
vt 0.307617 0.359863
vt 0.307617 0.471191
vt 0.362793 0.471191
vt 0.362793 0.415527
vt 0.252197 0.529297
vt 0.307617 0.529297
vt 0.252197 0.471191
vt 0.362793 0.529297
vt 0.156250 0.483887
vt 0.156250 0.450684
vt 0.191406 0.450684
vt 0.191406 0.483887
vt 0.307617 0.378418
vt 0.252197 0.378418
vt 0.252197 0.298340
vt 0.307617 0.298340
vt 0.252197 0.656006
vt 0.307617 0.656006
vt 0.307617 0.590576
vt 0.252197 0.590576
vt 0.156250 0.253418
vt 0.191406 0.253418
vt 0.191406 0.167480
vt 0.156250 0.167480
vt 0.072510 0.584473
vt 0.072510 0.619385
vt 0.103821 0.619385
vt 0.103821 0.584473
vt 0.191406 0.646973
vt 0.191406 0.699951
vt 0.226563 0.699951
vt 0.226563 0.646973
vt 0.135132 0.908936
vt 0.103821 0.969101
vt 0.135132 0.969101
vt 0.252197 0.984413
vt 0.307617 0.984413
vt 0.307617 0.889954
vt 0.252197 0.889954
vt 0.503418 0.327637
vt 0.446045 0.327637
vt 0.446045 0.392578
vt 0.503418 0.392578
vt 0.307617 0.123047
vt 0.307617 0.187012
vt 0.362793 0.187012
vt 0.362793 0.123047
vt 0.533203 0.969360
vt 0.623047 0.969360
vt 0.623047 0.919922
vt 0.533203 0.919922
vt 0.307617 0.247070
vt 0.362793 0.247070
vt 0.015350 0.656006
vt 0.015350 0.579834
vt 0.064514 0.579834
vt 0.064514 0.656006
vt 0.252197 0.529297
vt 0.252197 0.590576
vt 0.307617 0.590576
vt 0.307617 0.529297
vt 0.072510 0.969101
vt 0.072510 0.908936
vt 0.307617 0.415527
vt 0.362793 0.415527
vt 0.362793 0.359863
vt 0.307617 0.359863
vt 0.307617 0.471191
vt 0.362793 0.471191
vt 0.015350 0.199707
vt 0.015350 0.123535
vt 0.064514 0.123535
vt 0.064514 0.199707
vt 0.226563 0.502686
vt 0.191406 0.502686
vt 0.191406 0.455566
vt 0.226563 0.455566
vt 0.191406 0.642334
vt 0.156250 0.642334
vt 0.156250 0.579834
vt 0.191406 0.579834
vt 0.307617 0.656006
vt 0.362793 0.656006
vt 0.362793 0.590576
vt 0.623047 0.464355
vt 0.533203 0.464355
vt 0.533203 0.593018
vt 0.623047 0.593018
vt 0.015350 0.731934
vt 0.015350 0.656006
vt 0.064514 0.656006
vt 0.064514 0.731934
vt 0.103821 0.279297
vt 0.072510 0.279297
vt 0.307617 0.727051
vt 0.307617 0.804443
vt 0.362793 0.804443
vt 0.362793 0.727051
vt 0.015350 0.427734
vt 0.064514 0.427734
vt 0.064514 0.503662
vt 0.015350 0.503662
vt 0.015350 0.351563
vt 0.015350 0.275879
vt 0.064514 0.275879
vt 0.064514 0.351563
vt 0.015350 0.199707
vt 0.064514 0.199707
vt 0.623047 0.538574
vt 0.623047 0.432617
vt 0.712891 0.432617
vt 0.712891 0.538574
vt 0.226563 0.235840
vt 0.191406 0.235840
vt 0.191406 0.167480
vt 0.226563 0.167480
vt 0.191406 0.287109
vt 0.226563 0.287109
vt 0.226563 0.249512
vt 0.191406 0.249512
vt 0.156250 0.209961
vt 0.156250 0.249512
vt 0.191406 0.209961
vt 0.156250 0.287109
vt 0.503418 0.718750
vt 0.446045 0.718750
vt 0.446045 0.796021
vt 0.503418 0.796021
vt 0.191406 0.322754
vt 0.226563 0.322754
vt 0.191406 0.356445
vt 0.226563 0.356445
vt 0.156250 0.388672
vt 0.191406 0.388672
vt 0.156250 0.356445
vt 0.156250 0.502686
vt 0.156250 0.455566
vt 0.446045 0.881287
vt 0.503418 0.881287
vt 0.103821 0.139648
vt 0.103821 0.180176
vt 0.135132 0.180176
vt 0.135132 0.139648
vt 0.156250 0.449219
vt 0.156250 0.478516
vt 0.191406 0.478516
vt 0.191406 0.449219
vt 0.226563 0.354004
vt 0.226563 0.406250
vt 0.191406 0.406250
vt 0.191406 0.354004
vt 0.226563 0.646973
vt 0.191406 0.646973
vt 0.191406 0.597412
vt 0.226563 0.597412
vt 0.446045 0.352539
vt 0.388672 0.352539
vt 0.388672 0.407715
vt 0.446045 0.407715
vt 0.156250 0.506836
vt 0.191406 0.506836
vt 0.503418 0.582520
vt 0.446045 0.582520
vt 0.446045 0.647949
vt 0.503418 0.647949
vt 0.156250 0.535400
vt 0.191406 0.535400
vt 0.503418 0.521484
vt 0.446045 0.521484
vt 0.156250 0.563965
vt 0.156250 0.593018
vt 0.191406 0.593018
vt 0.191406 0.563965
vt 0.226563 0.923279
vt 0.226563 0.973740
vt 0.226563 0.593018
vt 0.226563 0.563965
vt 0.156250 0.622803
vt 0.191406 0.622803
vt 0.191406 0.653564
vt 0.226563 0.653564
vt 0.226563 0.622803
vt 0.156250 0.653564
vt 0.072510 0.611572
vt 0.103821 0.555664
vt 0.072510 0.555664
vt 0.156250 0.685791
vt 0.191406 0.685791
vt 0.847656 0.079102
vt 0.781738 0.079102
vt 0.781738 0.027344
vt 0.847656 0.027344
vt 0.156250 0.719482
vt 0.191406 0.719482
vt 0.103821 0.733643
vt 0.103821 0.693604
vt 0.072510 0.693604
vt 0.072510 0.733643
vt 0.156250 0.754883
vt 0.191406 0.754883
vt 0.156250 0.396973
vt 0.191406 0.396973
vt 0.191406 0.329102
vt 0.156250 0.329102
vt 0.226563 0.396973
vt 0.226563 0.329102
vt 0.226563 0.973740
vt 0.191406 0.973740
vt 0.191406 0.892822
vt 0.226563 0.892822
vt 0.191406 0.833252
vt 0.191406 0.876526
vt 0.226563 0.876526
vt 0.226563 0.833252
vt 0.914063 0.130371
vt 0.847656 0.130371
vt 0.914063 0.079102
vt 0.226563 0.396973
vt 0.191406 0.396973
vt 0.191406 0.329102
vt 0.226563 0.329102
vt 0.696289 0.130371
vt 0.696289 0.078613
vt 0.627441 0.078613
vt 0.627441 0.130371
vt 0.191406 0.923279
vt 0.191406 0.973740
vt 0.226563 0.973740
vt 0.226563 0.923279
vt 0.761230 0.130371
vt 0.761230 0.078613
vt 0.696289 0.027344
vt 0.627441 0.027344
vt 0.103821 0.180176
vt 0.103821 0.139648
vt 0.135132 0.139648
vt 0.135132 0.180176
vt 0.135132 0.218750
vt 0.103821 0.218750
vt 0.696777 0.185547
vt 0.627441 0.185059
vt 0.103821 0.518311
vt 0.072510 0.518311
vt 0.072510 0.486816
vt 0.103821 0.486816
vt 0.446045 0.439453
vt 0.388672 0.336914
vt 0.388672 0.439453
vt 0.103821 0.256348
vt 0.103821 0.292480
vt 0.072510 0.292480
vt 0.072510 0.256348
vt 0.135132 0.327637
vt 0.103821 0.327637
vt 0.135132 0.292480
vt 0.503418 0.547119
vt 0.503418 0.439453
vt 0.446045 0.547119
vt 0.226563 0.287109
vt 0.226563 0.322754
vt 0.191406 0.322754
vt 0.191406 0.287109
vt 0.847656 0.079102
vt 0.847656 0.130371
vt 0.914063 0.130371
vt 0.914063 0.079102
vt 0.103821 0.577637
vt 0.103821 0.617432
vt 0.072510 0.617432
vt 0.072510 0.577637
vt 0.156250 0.519775
vt 0.191406 0.519775
vt 0.135132 0.431641
vt 0.135132 0.466797
vt 0.103821 0.466797
vt 0.103821 0.431641
vt 0.103821 0.502441
vt 0.072510 0.502441
vt 0.072510 0.466797
vt 0.135132 0.502441
vt 0.103821 0.539307
vt 0.072510 0.539307
vt 0.103821 0.606445
vt 0.072510 0.606445
vt 0.072510 0.535889
vt 0.103821 0.535889
vt 0.627441 0.130371
vt 0.696289 0.130371
vt 0.696777 0.185547
vt 0.627441 0.185059
vt 0.072510 0.611572
vt 0.103821 0.555664
vt 0.072510 0.555664
vt 0.135132 0.617432
vt 0.135132 0.659424
vt 0.103821 0.659424
vt 0.072510 0.659424
vt 0.103821 0.703369
vt 0.072510 0.703369
vt 0.135132 0.174805
vt 0.103821 0.139648
vt 0.135132 0.139648
vt 0.103821 0.451660
vt 0.103821 0.502441
vt 0.135132 0.502441
vt 0.135132 0.451660
vt 0.135132 0.884338
vt 0.135132 0.807129
vt 0.503418 0.767090
vt 0.446045 0.767090
vt 0.446045 0.865234
vt 0.503418 0.865234
vt 0.446045 0.458496
vt 0.446045 0.392578
vt 0.388672 0.392578
vt 0.388672 0.458496
vt 0.191406 0.287109
vt 0.156250 0.287109
vt 0.156250 0.249512
vt 0.191406 0.249512
vt 0.103821 0.852539
vt 0.103821 0.908936
vt 0.072510 0.908936
vt 0.072510 0.852539
vt 0.226563 0.287109
vt 0.226563 0.322754
vt 0.191406 0.322754
vt 0.103821 0.969101
vt 0.072510 0.969101
vt 0.072510 0.750122
vt 0.072510 0.703369
vt 0.103821 0.703369
vt 0.103821 0.750122
vt 0.191406 0.343262
vt 0.226563 0.343262
vt 0.226563 0.380371
vt 0.191406 0.380371
vt 0.226563 0.973740
vt 0.226563 0.872559
vt 0.191406 0.872559
vt 0.191406 0.973740
vt 0.191406 0.167480
vt 0.191406 0.209961
vt 0.156250 0.209961
vt 0.156250 0.167480
vt 0.226563 0.249512
vt 0.226563 0.209961
vt 0.696289 0.181641
vt 0.627441 0.181641
vt 0.627441 0.232910
vt 0.696289 0.232910
vt 0.156250 0.459961
vt 0.191406 0.459961
vt 0.156250 0.322754
vt 0.226563 0.449219
vt 0.226563 0.478516
vt 0.191406 0.478516
vt 0.191406 0.449219
vt 0.761230 0.130371
vt 0.696289 0.130371
vt 0.761230 0.181641
vt 0.503418 0.191406
vt 0.446045 0.191406
vt 0.446045 0.261230
vt 0.503418 0.261230
vt 0.226563 0.356445
vt 0.191406 0.356445
vt 0.503418 0.116211
vt 0.446045 0.116211
vt 0.761230 0.078613
vt 0.761230 0.027344
vt 0.696289 0.027344
vt 0.696289 0.078613
vt 0.226563 0.419434
vt 0.191406 0.419434
vt 0.627441 0.130371
vt 0.156250 0.478516
vt 0.156250 0.449219
vt 0.226563 0.642334
vt 0.226563 0.579834
vt 0.252197 0.590576
vt 0.307617 0.590576
vt 0.307617 0.656006
vt 0.252197 0.656006
vt 0.191406 0.506836
vt 0.191406 0.535400
vt 0.156250 0.535400
vt 0.156250 0.506836
vt 0.072510 0.767822
vt 0.072510 0.683105
vt 0.103821 0.683105
vt 0.103821 0.767822
vt 0.307617 0.281738
vt 0.252197 0.281738
vt 0.252197 0.330566
vt 0.307617 0.330566
vt 0.847656 0.130371
vt 0.914063 0.130371
vt 0.914063 0.079102
vt 0.847656 0.079102
vt 0.191406 0.622803
vt 0.156250 0.622803
vt 0.156250 0.593018
vt 0.362793 0.757080
vt 0.307617 0.757080
vt 0.307617 0.826538
vt 0.362793 0.826538
vt 0.135132 0.659424
vt 0.135132 0.617432
vt 0.103821 0.659424
vt 0.252197 0.757080
vt 0.252197 0.826538
vt 0.226563 0.685791
vt 0.191406 0.685791
vt 0.191406 0.653564
vt 0.226563 0.653564
vt 0.712891 0.861206
vt 0.712891 0.919922
vt 0.623047 0.919922
vt 0.623047 0.861206
vt 0.191406 0.785767
vt 0.191406 0.709961
vt 0.156250 0.709961
vt 0.156250 0.785767
vt 0.307617 0.901978
vt 0.362793 0.901978
vt 0.226563 0.792725
vt 0.191406 0.792725
vt 0.191406 0.754883
vt 0.226563 0.754883
vt 0.072510 0.606445
vt 0.072510 0.535889
vt 0.103821 0.535889
vt 0.103821 0.606445
vt 0.226563 0.833252
vt 0.191406 0.833252
vt 0.072510 0.218750
vt 0.103821 0.218750
vt 0.103821 0.180176
vt 0.072510 0.180176
vt 0.226563 0.876526
vt 0.191406 0.876526
vt 0.191406 0.642334
vt 0.226563 0.642334
vt 0.226563 0.579834
vt 0.191406 0.579834
vt 0.362793 0.633545
vt 0.307617 0.633545
vt 0.307617 0.693115
vt 0.362793 0.693115
vt 0.226563 0.923279
vt 0.191406 0.923279
vt 0.103821 0.292480
vt 0.103821 0.327637
vt 0.135132 0.327637
vt 0.135132 0.292480
vt 0.252197 0.378418
vt 0.307617 0.378418
vt 0.307617 0.577881
vt 0.307617 0.525391
vt 0.252197 0.525391
vt 0.252197 0.577881
vt 0.362793 0.330566
vt 0.362793 0.281738
vt 0.307617 0.475098
vt 0.252197 0.475098
vt 0.307617 0.231445
vt 0.307617 0.178711
vt 0.252197 0.178711
vt 0.252197 0.231445
vt 0.072510 0.470215
vt 0.103821 0.470215
vt 0.103821 0.406250
vt 0.072510 0.406250
vt 0.103821 0.139648
vt 0.103821 0.180176
vt 0.135132 0.180176
vt 0.135132 0.139648
vt 0.307617 0.123047
vt 0.252197 0.123047
vt 0.064514 0.503662
vt 0.064514 0.427734
vt 0.015350 0.427734
vt 0.015350 0.503662
vt 0.072510 0.292480
vt 0.103821 0.256348
vt 0.072510 0.256348
vt 0.103821 0.211914
vt 0.072510 0.211914
vt 0.191406 0.792725
vt 0.191406 0.754883
vt 0.226563 0.754883
vt 0.226563 0.792725
vt 0.103821 0.362305
vt 0.135132 0.362305
vt 0.072510 0.327637
vt 0.072510 0.362305
vt 0.103821 0.396973
vt 0.135132 0.396973
vt 0.103821 0.180176
vt 0.103821 0.139648
vt 0.135132 0.139648
vt 0.135132 0.180176
vt 0.103821 0.431641
vt 0.135132 0.431641
vt 0.362793 0.123047
vt 0.362793 0.178711
vt 0.072510 0.396973
vt 0.072510 0.431641
vt 0.072510 0.502441
vt 0.103821 0.502441
vt 0.103821 0.466797
vt 0.072510 0.466797
vt 0.072510 0.539307
vt 0.103821 0.539307
vt 0.103821 0.502441
vt 0.135132 0.502441
vt 0.135132 0.451660
vt 0.103821 0.451660
vt 0.072510 0.577637
vt 0.103821 0.577637
vt 0.191406 0.642334
vt 0.156250 0.642334
vt 0.503418 0.679199
vt 0.446045 0.679199
vt 0.446045 0.599854
vt 0.503418 0.599854
vt 0.072510 0.659424
vt 0.103821 0.659424
vt 0.103821 0.617432
vt 0.072510 0.617432
vt 0.388672 0.458496
vt 0.446045 0.458496
vt 0.446045 0.526855
vt 0.388672 0.526855
vt 0.446045 0.327637
vt 0.446045 0.392578
vt 0.388672 0.392578
vt 0.388672 0.327637
vt 0.072510 0.750122
vt 0.103821 0.750122
vt 0.103821 0.703369
vt 0.072510 0.703369
vt 0.446045 0.807739
vt 0.446045 0.667480
vt 0.388672 0.667480
vt 0.388672 0.807739
vt 0.388672 0.679199
vt 0.388672 0.599854
vt 0.503418 0.458496
vt 0.503418 0.526855
vt 0.446045 0.526855
vt 0.446045 0.458496
vt 0.072510 0.969101
vt 0.103821 0.969101
vt 0.103821 0.908936
vt 0.072510 0.908936
vt 0.503418 0.392578
vt 0.156250 0.261230
vt 0.156250 0.215820
vt 0.103821 0.852539
vt 0.072510 0.852539
vt 0.388672 0.231445
vt 0.446045 0.231445
vt 0.446045 0.116211
vt 0.388672 0.116211
vt 0.503418 0.327637
vt 0.503418 0.392578
vt 0.446045 0.392578
vt 0.446045 0.327637
vt 0.446045 0.439453
vt 0.446045 0.547119
vt 0.503418 0.547119
vt 0.503418 0.439453
vt 0.388672 0.336914
vt 0.446045 0.336914
vt 0.307617 0.219238
vt 0.362793 0.219238
vt 0.362793 0.172363
vt 0.307617 0.172363
vt 0.156250 0.719482
vt 0.191406 0.719482
vt 0.623047 0.312500
vt 0.623047 0.464355
vt 0.533203 0.464355
vt 0.533203 0.312500
vt 0.388672 0.439453
vt 0.388672 0.547119
vt 0.446045 0.667480
vt 0.503418 0.667480
vt 0.388672 0.261230
vt 0.388672 0.191406
vt 0.446045 0.191406
vt 0.446045 0.261230
vt 0.446045 0.116211
vt 0.503418 0.116211
vt 0.503418 0.191406
vt 0.388672 0.679199
vt 0.388672 0.767090
vt 0.446045 0.767090
vt 0.446045 0.679199
vt 0.446045 0.807739
vt 0.503418 0.807739
vt 0.446045 0.975555
vt 0.503418 0.975555
vt 0.388672 0.547119
vt 0.446045 0.547119
vt 0.388672 0.667480
vt 0.362793 0.172363
vt 0.307617 0.172363
vt 0.307617 0.123047
vt 0.362793 0.123047
vt 0.446045 0.191406
vt 0.446045 0.261230
vt 0.388672 0.261230
vt 0.388672 0.191406
vt 0.503418 0.261230
vt 0.503418 0.191406
vt 0.446045 0.392578
vt 0.446045 0.327637
vt 0.388672 0.327637
vt 0.388672 0.392578
vt 0.362793 0.264160
vt 0.362793 0.307617
vt 0.307617 0.307617
vt 0.307617 0.264160
vt 0.362793 0.522461
vt 0.362793 0.568359
vt 0.307617 0.568359
vt 0.307617 0.522461
vt 0.252197 0.307617
vt 0.252197 0.264160
vt 0.307617 0.350098
vt 0.252197 0.350098
vt 0.191406 0.535400
vt 0.191406 0.506836
vt 0.226563 0.506836
vt 0.226563 0.535400
vt 0.712891 0.432617
vt 0.712891 0.312500
vt 0.623047 0.312500
vt 0.623047 0.432617
vt 0.362793 0.350098
vt 0.362793 0.392578
vt 0.307617 0.392578
vt 0.307617 0.435059
vt 0.252197 0.435059
vt 0.252197 0.392578
vt 0.623047 0.538574
vt 0.533203 0.538574
vt 0.533203 0.631104
vt 0.623047 0.631104
vt 0.307617 0.478027
vt 0.252197 0.478027
vt 0.503418 0.767090
vt 0.503418 0.679199
vt 0.252197 0.522461
vt 0.446045 0.327637
vt 0.388672 0.327637
vt 0.388672 0.261230
vt 0.252197 0.568359
vt 0.362793 0.616943
vt 0.307617 0.616943
vt 0.446045 0.975555
vt 0.388672 0.975555
vt 0.388672 0.865234
vt 0.446045 0.865234
vt 0.533203 0.593018
vt 0.533203 0.464355
vt 0.623047 0.464355
vt 0.623047 0.593018
vt 0.072510 0.969101
vt 0.503418 0.261230
vt 0.446045 0.261230
vt 0.446045 0.191406
vt 0.503418 0.191406
vt 0.388672 0.261230
vt 0.388672 0.191406
vt 0.307617 0.722656
vt 0.307617 0.780884
vt 0.252197 0.780884
vt 0.252197 0.722656
vt 0.446045 0.327637
vt 0.388672 0.327637
vt 0.156250 0.167480
vt 0.191406 0.167480
vt 0.191406 0.209961
vt 0.156250 0.209961
vt 0.446045 0.392578
vt 0.388672 0.392578
vt 0.623047 0.593018
vt 0.623047 0.700439
vt 0.533203 0.700439
vt 0.533203 0.593018
vt 0.446045 0.458496
vt 0.388672 0.458496
vt 0.307617 0.735107
vt 0.307617 0.850952
vt 0.252197 0.850952
vt 0.252197 0.735107
vt 0.446045 0.526855
vt 0.388672 0.526855
vt 0.307617 0.984413
vt 0.307617 0.873779
vt 0.362793 0.873779
vt 0.362793 0.984413
vt 0.307617 0.775391
vt 0.362793 0.775391
vt 0.307617 0.633545
vt 0.252197 0.633545
vt 0.252197 0.542480
vt 0.307617 0.542480
vt 0.252197 0.873779
vt 0.252197 0.775391
vt 0.226563 0.167480
vt 0.226563 0.209961
vt 0.156250 0.449219
vt 0.191406 0.449219
vt 0.191406 0.478516
vt 0.156250 0.478516
vt 0.252197 0.687500
vt 0.307617 0.687500
vt 0.307617 0.607910
vt 0.362793 0.607910
vt 0.362793 0.687500
vt 0.252197 0.607910
vt 0.135132 0.750122
vt 0.252197 0.466309
vt 0.307617 0.466309
vt 0.307617 0.534668
vt 0.252197 0.534668
vt 0.252197 0.775391
vt 0.307617 0.775391
vt 0.307617 0.873779
vt 0.252197 0.873779
vt 0.252197 0.334961
vt 0.307617 0.334961
vt 0.307617 0.400391
vt 0.252197 0.400391
vt 0.135132 0.750122
vt 0.135132 0.703369
vt 0.103821 0.703369
vt 0.103821 0.750122
vt 0.307617 0.268066
vt 0.362793 0.268066
vt 0.362793 0.334961
vt 0.252197 0.334961
vt 0.252197 0.268066
vt 0.307617 0.268066
vt 0.307617 0.334961
vt 0.307617 0.198242
vt 0.307617 0.123047
vt 0.362793 0.123047
vt 0.362793 0.198242
vt 0.307617 0.607910
vt 0.307617 0.534668
vt 0.362793 0.534668
vt 0.362793 0.607910
vt 0.252197 0.198242
vt 0.307617 0.198242
vt 0.135132 0.539307
vt 0.103821 0.539307
vt 0.135132 0.577637
vt 0.307617 0.123047
vt 0.362793 0.123047
vt 0.362793 0.198242
vt 0.307617 0.123047
vt 0.362793 0.123047
vt 0.362793 0.873779
vt 0.307617 0.873779
vt 0.307617 0.984413
vt 0.362793 0.984413
vt 0.446045 0.767090
vt 0.388672 0.767090
vt 0.135132 0.211914
vt 0.135132 0.139648
vt 0.307617 0.264160
vt 0.362793 0.264160
vt 0.388672 0.336914
vt 0.446045 0.336914
vt 0.446045 0.439453
vt 0.388672 0.439453
vt 0.623047 0.700439
vt 0.533203 0.700439
vt 0.533203 0.789063
vt 0.623047 0.789063
vt 0.307617 0.687500
vt 0.252197 0.687500
vt 0.252197 0.775391
vt 0.307617 0.775391
vt 0.252197 0.123047
vt 0.252197 0.307617
vt 0.252197 0.350098
vt 0.307617 0.350098
vt 0.307617 0.307617
vt 0.307617 0.435059
vt 0.362793 0.435059
vt 0.362793 0.392578
vt 0.307617 0.392578
vt 0.362793 0.775391
vt 0.307617 0.478027
vt 0.362793 0.478027
vt 0.307617 0.522461
vt 0.362793 0.522461
vt 0.252197 0.478027
vt 0.252197 0.522461
vt 0.446045 0.570068
vt 0.446045 0.748779
vt 0.503418 0.748779
vt 0.503418 0.570068
vt 0.252197 0.568359
vt 0.307617 0.568359
vt 0.503418 0.865234
vt 0.446045 0.865234
vt 0.446045 0.975555
vt 0.503418 0.975555
vt 0.446045 0.975555
vt 0.388672 0.975555
vt 0.388672 0.865234
vt 0.446045 0.865234
vt 0.362793 0.334961
vt 0.362793 0.268066
vt 0.307617 0.268066
vt 0.307617 0.334961
vt 0.307617 0.534668
vt 0.307617 0.466309
vt 0.252197 0.466309
vt 0.252197 0.534668
vt 0.226563 0.622803
vt 0.781738 0.130371
vt 0.015350 0.883972
vt 0.015350 0.807983
vt 0.064514 0.807983
vt 0.064514 0.883972
vt 0.503418 0.458496
vt 0.503418 0.392578
vt 0.446045 0.392578
vt 0.446045 0.458496
vt 0.252197 0.843628
vt 0.307617 0.843628
vt 0.307617 0.780884
vt 0.252197 0.780884
vt 0.446045 0.767090
vt 0.388672 0.767090
vt 0.388672 0.865234
vt 0.503418 0.679199
vt 0.446045 0.679199
vt 0.503418 0.767090
vt 0.533203 0.789063
vt 0.533203 0.700439
vt 0.623047 0.700439
vt 0.623047 0.789063
vt 0.362793 0.123047
vt 0.307617 0.123047
vt 0.307617 0.198242
vt 0.362793 0.198242
vt 0.252197 0.984413
vt 0.307617 0.984413
vt 0.307617 0.911316
vt 0.252197 0.911316
vt 0.847656 0.027344
vt 0.847656 0.079102
vt 0.914063 0.079102
vt 0.914063 0.027344
vt 0.388672 0.392578
vt 0.388672 0.458496
vt 0.781738 0.130371
vt 0.781738 0.181641
vt 0.847656 0.181641
vt 0.847656 0.130371
vt 0.914063 0.181641
vt 0.914063 0.130371
vt 0.503418 0.261230
vt 0.446045 0.261230
vt 0.446045 0.327637
vt 0.503418 0.327637
vt 0.446045 0.599854
vt 0.388672 0.599854
vt 0.388672 0.679199
vt 0.781738 0.232910
vt 0.847656 0.232910
vt 0.446045 0.526855
vt 0.388672 0.526855
vt 0.847656 0.027344
vt 0.847656 0.079102
vt 0.781738 0.079102
vt 0.781738 0.027344
vt 0.503418 0.116211
vt 0.446045 0.116211
vt 0.446045 0.191406
vt 0.503418 0.191406
vt 0.072510 0.852539
vt 0.103821 0.852539
vt 0.103821 0.908936
vt 0.072510 0.908936
vt 0.847656 0.130371
vt 0.781738 0.130371
vt 0.914063 0.181641
vt 0.847656 0.181641
vt 0.914063 0.130371
vt 0.914063 0.232910
vt 0.847656 0.232910
vt 0.781738 0.232910
vt 0.781738 0.181641
vt 0.388672 0.526855
vt 0.446045 0.526855
vt 0.156250 0.792725
vt 0.156250 0.833252
vt 0.191406 0.833252
vt 0.103821 0.969101
vt 0.072510 0.969101
vt 0.362793 0.656006
vt 0.307617 0.656006
vt 0.307617 0.727051
vt 0.362793 0.727051
vt 0.135132 0.969101
vt 0.103821 0.969101
vt 0.103821 0.916565
vt 0.135132 0.916565
vt 0.823242 0.459473
vt 0.823242 0.306152
vt 0.731934 0.306152
vt 0.731934 0.459473
vt 0.362793 0.804443
vt 0.307617 0.804443
vt 0.307617 0.889954
vt 0.362793 0.889954
vt 0.156250 0.455566
vt 0.191406 0.455566
vt 0.191406 0.406250
vt 0.156250 0.406250
vt 0.252197 0.727051
vt 0.252197 0.804443
vt 0.072510 0.703369
vt 0.103821 0.703369
vt 0.103821 0.750122
vt 0.072510 0.750122
vt 0.252197 0.656006
vt 0.914551 0.787354
vt 0.823242 0.787354
vt 0.823242 0.860107
vt 0.914551 0.860107
vt 0.307617 0.590576
vt 0.252197 0.590576
vt 0.226563 0.535400
vt 0.307617 0.247070
vt 0.307617 0.187012
vt 0.252197 0.187012
vt 0.252197 0.247070
vt 0.072510 0.577637
vt 0.103821 0.577637
vt 0.103821 0.617432
vt 0.072510 0.617432
vt 0.103821 0.539307
vt 0.135132 0.539307
vt 0.135132 0.577637
vt 0.072510 0.539307
vt 0.072510 0.502441
vt 0.103821 0.502441
vt 0.823242 0.787354
vt 0.914551 0.787354
vt 0.914551 0.860107
vt 0.823242 0.860107
vt 0.731934 0.860107
vt 0.823242 0.919434
vt 0.731934 0.919434
vt 0.823242 0.860107
vt 0.823242 0.787354
vt 0.914551 0.787354
vt 0.914551 0.860107
vt 0.446045 0.975555
vt 0.446045 0.865234
vt 0.503418 0.865234
vt 0.503418 0.975555
vt 0.072510 0.466797
vt 0.072510 0.431641
vt 0.103821 0.431641
vt 0.103821 0.466797
vt 0.388672 0.975555
vt 0.388672 0.865234
vt 0.072510 0.396973
vt 0.103821 0.396973
vt 0.072510 0.617432
vt 0.103821 0.617432
vt 0.103821 0.362305
vt 0.135132 0.362305
vt 0.135132 0.396973
vt 0.446045 0.261230
vt 0.503418 0.261230
vt 0.362793 0.123047
vt 0.307617 0.123047
vt 0.362793 0.187012
vt 0.072510 0.362305
vt 0.072510 0.327637
vt 0.103821 0.327637
vt 0.307617 0.123047
vt 0.307617 0.238770
vt 0.252197 0.238770
vt 0.252197 0.123047
vt 0.446045 0.767090
vt 0.503418 0.767090
vt 0.388672 0.392578
vt 0.446045 0.392578
vt 0.446045 0.458496
vt 0.388672 0.458496
vt 0.362793 0.209473
vt 0.362793 0.250000
vt 0.307617 0.250000
vt 0.307617 0.209473
vt 0.103821 0.218750
vt 0.103821 0.180176
vt 0.135132 0.180176
vt 0.135132 0.218750
vt 0.226563 0.653564
vt 0.226563 0.685791
vt 0.712891 0.919922
vt 0.623047 0.919922
vt 0.623047 0.969360
vt 0.712891 0.969360
vt 0.388672 0.191406
vt 0.446045 0.191406
vt 0.446045 0.261230
vt 0.388672 0.261230
vt 0.362793 0.123047
vt 0.362793 0.167480
vt 0.307617 0.167480
vt 0.307617 0.123047
vt 0.135132 0.486816
vt 0.252197 0.209473
vt 0.252197 0.167480
vt 0.252197 0.250000
vt 0.623047 0.931519
vt 0.623047 0.888672
vt 0.533203 0.888672
vt 0.533203 0.931519
vt 0.446045 0.191406
vt 0.388672 0.191406
vt 0.388672 0.116211
vt 0.446045 0.116211
vt 0.307617 0.289551
vt 0.252197 0.289551
vt 0.388672 0.458496
vt 0.388672 0.392578
vt 0.446045 0.392578
vt 0.446045 0.458496
vt 0.503418 0.191406
vt 0.503418 0.261230
vt 0.307617 0.328125
vt 0.252197 0.328125
vt 0.446045 0.116211
vt 0.503418 0.116211
vt 0.446045 0.392578
vt 0.388672 0.392578
vt 0.388672 0.327637
vt 0.446045 0.327637
vt 0.503418 0.526855
vt 0.446045 0.526855
vt 0.446045 0.458496
vt 0.503418 0.458496
vt 0.503418 0.261230
vt 0.446045 0.261230
vt 0.503418 0.191406
vt 0.072510 0.304688
vt 0.072510 0.273438
vt 0.307617 0.480469
vt 0.307617 0.520020
vt 0.252197 0.520020
vt 0.252197 0.480469
vt 0.446045 0.679199
vt 0.388672 0.679199
vt 0.388672 0.599854
vt 0.446045 0.599854
vt 0.712891 0.538574
vt 0.712891 0.631104
vt 0.307617 0.561035
vt 0.252197 0.561035
vt 0.307617 0.603760
vt 0.252197 0.603760
vt 0.623047 0.888672
vt 0.623047 0.838745
vt 0.712891 0.838745
vt 0.712891 0.888672
vt 0.307617 0.648926
vt 0.252197 0.648926
vt 0.307617 0.466309
vt 0.252197 0.466309
vt 0.252197 0.400391
vt 0.307617 0.400391
vt 0.226563 0.449219
vt 0.226563 0.478516
vt 0.307617 0.746582
vt 0.252197 0.746582
vt 0.252197 0.696289
vt 0.307617 0.696289
vt 0.362793 0.746582
vt 0.362793 0.696289
vt 0.307617 0.198242
vt 0.252197 0.198242
vt 0.252197 0.123047
vt 0.307617 0.123047
vt 0.362793 0.800293
vt 0.307617 0.800293
vt 0.307617 0.607910
vt 0.307617 0.687500
vt 0.252197 0.687500
vt 0.252197 0.607910
vt 0.362793 0.857544
vt 0.307617 0.857544
vt 0.307617 0.735107
vt 0.252197 0.735107
vt 0.252197 0.850952
vt 0.307617 0.850952
vt 0.362793 0.918762
vt 0.307617 0.918762
vt 0.362793 0.466309
vt 0.362793 0.400391
vt 0.072510 0.703369
vt 0.072510 0.750122
vt 0.103821 0.750122
vt 0.103821 0.703369
vt 0.362793 0.268066
vt 0.307617 0.268066
vt 0.362793 0.198242
vt 0.252197 0.268066
vt 0.252197 0.984413
vt 0.307617 0.984413
vt 0.307617 0.334961
vt 0.252197 0.334961
vt 0.712891 0.464355
vt 0.623047 0.464355
vt 0.623047 0.593018
vt 0.533203 0.593018
vt 0.533203 0.464355
vt 0.307617 0.633545
vt 0.252197 0.633545
vt 0.252197 0.542480
vt 0.307617 0.542480
vt 0.307617 0.458984
vt 0.362793 0.542480
vt 0.362793 0.458984
vt 0.252197 0.219238
vt 0.252197 0.172363
vt 0.072510 0.502441
vt 0.072510 0.451660
vt 0.307617 0.238770
vt 0.307617 0.344238
vt 0.362793 0.344238
vt 0.362793 0.238770
vt 0.156250 0.459961
vt 0.156250 0.519775
vt 0.191406 0.519775
vt 0.103821 0.401855
vt 0.072510 0.401855
vt 0.503418 0.975555
vt 0.503418 0.865234
vt 0.446045 0.865234
vt 0.446045 0.975555
vt 0.362793 0.298340
vt 0.362793 0.214355
vt 0.307617 0.214355
vt 0.307617 0.298340
vt 0.503418 0.767090
vt 0.446045 0.767090
vt 0.307617 0.123047
vt 0.252197 0.123047
vt 0.252197 0.214355
vt 0.072510 0.550781
vt 0.307617 0.123047
vt 0.362793 0.123047
vt 0.446045 0.116211
vt 0.446045 0.180176
vt 0.388672 0.180176
vt 0.388672 0.116211
vt 0.503418 0.458496
vt 0.446045 0.458496
vt 0.446045 0.526855
vt 0.503418 0.526855
vt 0.388672 0.767090
vt 0.388672 0.865234
vt 0.103821 0.550781
vt 0.135132 0.550781
vt 0.533203 0.861206
vt 0.623047 0.861206
vt 0.446045 0.352539
vt 0.388672 0.352539
vt 0.388672 0.297363
vt 0.446045 0.297363
vt 0.533203 0.861206
vt 0.623047 0.861206
vt 0.623047 0.789063
vt 0.533203 0.789063
vt 0.446045 0.407715
vt 0.388672 0.407715
vt 0.103821 0.466797
vt 0.135132 0.466797
vt 0.503418 0.463867
vt 0.503418 0.521484
vt 0.446045 0.521484
vt 0.446045 0.463867
vt 0.388672 0.521484
vt 0.388672 0.463867
vt 0.156250 0.709961
vt 0.446045 0.582520
vt 0.388672 0.582520
vt 0.446045 0.647949
vt 0.388672 0.647949
vt 0.446045 0.392578
vt 0.446045 0.327637
vt 0.388672 0.327637
vt 0.388672 0.392578
vt 0.446045 0.116211
vt 0.388672 0.116211
vt 0.388672 0.191406
vt 0.446045 0.191406
vt 0.446045 0.261230
vt 0.388672 0.261230
vt 0.156250 0.396973
vt 0.446045 0.191406
vt 0.388672 0.191406
vt 0.362793 0.775391
vt 0.362793 0.687500
vt 0.307617 0.687500
vt 0.307617 0.775391
vt 0.446045 0.116211
vt 0.388672 0.116211
vt 0.712891 0.789063
vt 0.712891 0.700439
vt 0.307617 0.247070
vt 0.362793 0.247070
vt 0.362793 0.304199
vt 0.307617 0.304199
vt 0.307617 0.873779
vt 0.252197 0.775391
vt 0.252197 0.873779
vt 0.362793 0.400391
vt 0.307617 0.400391
vt 0.307617 0.466309
vt 0.362793 0.466309
vt 0.362793 0.334961
vt 0.307617 0.334961
vt 0.072510 0.218750
vt 0.103821 0.218750
vt 0.252197 0.727051
vt 0.307617 0.727051
vt 0.307617 0.804443
vt 0.252197 0.804443
vt 0.731934 0.919434
vt 0.823242 0.919434
vt 0.823242 0.860107
vt 0.731934 0.860107
vt 0.362793 0.727051
vt 0.362793 0.804443
vt 0.362793 0.656006
vt 0.533203 0.969360
vt 0.533203 0.919922
vt 0.731934 0.459473
vt 0.823242 0.459473
vt 0.823242 0.589355
vt 0.731934 0.589355
vt 0.252197 0.984413
vt 0.252197 0.850952
vt 0.307617 0.850952
vt 0.307617 0.984413
vt 0.252197 0.334961
vt 0.252197 0.400391
vt 0.712891 0.861206
vt 0.623047 0.861206
vt 0.623047 0.789063
vt 0.712891 0.789063
vt 0.307617 0.268066
vt 0.252197 0.268066
vt 0.252197 0.214355
vt 0.307617 0.214355
vt 0.307617 0.298340
vt 0.252197 0.298340
vt 0.307617 0.198242
vt 0.252197 0.198242
vt 0.072510 0.401855
vt 0.072510 0.451660
vt 0.103821 0.401855
vt 0.252197 0.542480
vt 0.307617 0.542480
vt 0.307617 0.633545
vt 0.252197 0.633545
vt 0.914551 0.589355
vt 0.307617 0.187012
vt 0.362793 0.187012
vt 0.252197 0.187012
vt 0.252197 0.247070
vt 0.252197 0.123047
vt 0.307617 0.123047
vt 0.156250 0.642334
vt 0.446045 0.116211
vt 0.446045 0.180176
vt 0.503418 0.180176
vt 0.503418 0.116211
vt 0.362793 0.633545
vt 0.362793 0.542480
vt 0.388672 0.116211
vt 0.388672 0.180176
vt 0.712891 0.919922
vt 0.623047 0.919922
vt 0.388672 0.240234
vt 0.446045 0.240234
vt 0.446045 0.352539
vt 0.503418 0.352539
vt 0.503418 0.297363
vt 0.446045 0.297363
vt 0.388672 0.297363
vt 0.252197 0.918762
vt 0.307617 0.918762
vt 0.307617 0.857544
vt 0.252197 0.857544
vt 0.446045 0.817993
vt 0.388672 0.817993
vt 0.388672 0.893311
vt 0.446045 0.893311
vt 0.388672 0.352539
vt 0.388672 0.407715
vt 0.446045 0.407715
vt 0.446045 0.191406
vt 0.446045 0.261230
vt 0.503418 0.261230
vt 0.503418 0.191406
vt 0.307617 0.123047
vt 0.362793 0.123047
vt 0.362793 0.214355
vt 0.388672 0.463867
vt 0.446045 0.463867
vt 0.503418 0.975555
vt 0.503418 0.893311
vt 0.446045 0.975555
vt 0.446045 0.570068
vt 0.388672 0.570068
vt 0.388672 0.625488
vt 0.446045 0.625488
vt 0.446045 0.647949
vt 0.503418 0.647949
vt 0.503418 0.582520
vt 0.446045 0.582520
vt 0.103821 0.241699
vt 0.072510 0.241699
vt 0.446045 0.392578
vt 0.503418 0.392578
vt 0.503418 0.458496
vt 0.307617 0.167480
vt 0.362793 0.167480
vt 0.362793 0.123047
vt 0.307617 0.123047
vt 0.252197 0.696289
vt 0.307617 0.696289
vt 0.307617 0.648926
vt 0.252197 0.648926
vt 0.135132 0.884338
vt 0.388672 0.881287
vt 0.446045 0.881287
vt 0.446045 0.796021
vt 0.388672 0.796021
vt 0.072510 0.279297
vt 0.103821 0.279297
vt 0.103821 0.343750
vt 0.072510 0.343750
vt 0.388672 0.975555
vt 0.446045 0.975555
vt 0.103821 0.352539
vt 0.103821 0.401855
vt 0.072510 0.401855
vt 0.072510 0.352539
vt 0.446045 0.274414
vt 0.388672 0.274414
vt 0.388672 0.323242
vt 0.446045 0.323242
vt 0.103821 0.139648
vt 0.103821 0.196777
vt 0.072510 0.196777
vt 0.072510 0.139648
vt 0.446045 0.224609
vt 0.503418 0.274414
vt 0.503418 0.224609
vt 0.135132 0.139648
vt 0.135132 0.196777
vt 0.362793 0.696289
vt 0.362793 0.648926
vt 0.503418 0.171875
vt 0.446045 0.171875
vt 0.103821 0.470215
vt 0.072510 0.470215
vt 0.072510 0.406250
vt 0.103821 0.406250
vt 0.135132 0.250977
vt 0.135132 0.302734
vt 0.103821 0.302734
vt 0.103821 0.250977
vt 0.446045 0.679199
vt 0.503418 0.679199
vt 0.503418 0.767090
vt 0.446045 0.767090
vt 0.135132 0.352539
vt 0.103821 0.451660
vt 0.072510 0.451660
vt 0.388672 0.599854
vt 0.446045 0.599854
vt 0.388672 0.679199
vt 0.135132 0.401855
vt 0.135132 0.451660
vt 0.388672 0.748779
vt 0.446045 0.748779
vt 0.446045 0.817993
vt 0.388672 0.817993
vt 0.712891 0.700439
vt 0.712891 0.789063
vt 0.103821 0.502441
vt 0.103821 0.555664
vt 0.072510 0.555664
vt 0.072510 0.502441
vt 0.446045 0.116211
vt 0.388672 0.116211
vt 0.388672 0.171875
vt 0.135132 0.502441
vt 0.135132 0.555664
vt 0.388672 0.975555
vt 0.388672 0.893311
vt 0.446045 0.893311
vt 0.446045 0.975555
vt 0.103821 0.611572
vt 0.103821 0.671631
vt 0.072510 0.671631
vt 0.072510 0.611572
vt 0.103821 0.736572
vt 0.072510 0.736572
vt 0.388672 0.191406
vt 0.446045 0.191406
vt 0.135132 0.736572
vt 0.135132 0.807129
vt 0.103821 0.807129
vt 0.103821 0.884338
vt 0.072510 0.884338
vt 0.072510 0.807129
vt 0.446045 0.467773
vt 0.446045 0.418945
vt 0.503418 0.418945
vt 0.503418 0.467773
vt 0.191406 0.354004
vt 0.191406 0.406250
vt 0.156250 0.406250
vt 0.156250 0.354004
vt 0.135132 0.884338
vt 0.135132 0.969101
vt 0.103821 0.969101
vt 0.191406 0.455566
vt 0.156250 0.455566
vt 0.388672 0.371094
vt 0.388672 0.323242
vt 0.446045 0.323242
vt 0.446045 0.371094
vt 0.388672 0.865234
vt 0.388672 0.274414
vt 0.446045 0.274414
vt 0.191406 0.235840
vt 0.156250 0.235840
vt 0.156250 0.167480
vt 0.191406 0.167480
vt 0.446045 0.865234
vt 0.446045 0.767090
vt 0.388672 0.767090
vt 0.388672 0.865234
vt 0.191406 0.297363
vt 0.156250 0.297363
vt 0.226563 0.354004
vt 0.226563 0.406250
vt 0.226563 0.297363
vt 0.388672 0.327637
vt 0.388672 0.392578
vt 0.446045 0.392578
vt 0.446045 0.327637
vt 0.503418 0.116211
vt 0.446045 0.116211
vt 0.446045 0.191406
vt 0.503418 0.191406
vt 0.533203 0.432617
vt 0.446045 0.458496
vt 0.503418 0.458496
vt 0.226563 0.455566
vt 0.226563 0.502686
vt 0.191406 0.502686
vt 0.388672 0.116211
vt 0.388672 0.191406
vt 0.446045 0.191406
vt 0.446045 0.116211
vt 0.226563 0.549805
vt 0.191406 0.549805
vt 0.135132 0.555664
vt 0.226563 0.597412
vt 0.191406 0.597412
vt 0.388672 0.191406
vt 0.388672 0.261230
vt 0.446045 0.261230
vt 0.388672 0.116211
vt 0.446045 0.116211
vt 0.446045 0.171875
vt 0.388672 0.171875
vt 0.503418 0.767090
vt 0.503418 0.679199
vt 0.446045 0.679199
vt 0.307617 0.250000
vt 0.362793 0.250000
vt 0.362793 0.209473
vt 0.307617 0.209473
vt 0.446045 0.261230
vt 0.503418 0.261230
vt 0.503418 0.191406
vt 0.731934 0.969360
vt 0.823242 0.969360
vt 0.446045 0.679199
vt 0.503418 0.679199
vt 0.503418 0.599854
vt 0.446045 0.599854
vt 0.156250 0.892822
vt 0.156250 0.821411
vt 0.191406 0.821411
vt 0.191406 0.892822
vt 0.388672 0.767090
vt 0.388672 0.865234
vt 0.446045 0.599854
vt 0.388672 0.599854
vt 0.388672 0.679199
vt 0.446045 0.767090
vt 0.446045 0.865234
vt 0.503418 0.865234
vt 0.503418 0.767090
vt 0.446045 0.679199
vt 0.388672 0.679199
vt 0.446045 0.526855
vt 0.388672 0.526855
vt 0.388672 0.116211
vt 0.388672 0.191406
vt 0.072510 0.535889
vt 0.103821 0.535889
vt 0.072510 0.139648
vt 0.072510 0.211914
vt 0.103821 0.211914
vt 0.103821 0.139648
vt 0.072510 0.279297
vt 0.103821 0.279297
vt 0.823242 0.860107
vt 0.823242 0.919434
vt 0.731934 0.919434
vt 0.731934 0.860107
vt 0.623047 0.780029
vt 0.623047 0.711182
vt 0.712891 0.711182
vt 0.712891 0.780029
vt 0.103821 0.343750
vt 0.103821 0.406250
vt 0.135132 0.406250
vt 0.135132 0.343750
vt 0.072510 0.343750
vt 0.072510 0.406250
vt 0.135132 0.470215
vt 0.135132 0.406250
vt 0.103821 0.470215
vt 0.135132 0.470215
vt 0.103821 0.535889
vt 0.135132 0.535889
vt 0.307617 0.400391
vt 0.307617 0.466309
vt 0.362793 0.466309
vt 0.362793 0.400391
vt 0.446045 0.327637
vt 0.503418 0.327637
vt 0.503418 0.392578
vt 0.307617 0.198242
vt 0.307617 0.268066
vt 0.362793 0.268066
vt 0.362793 0.198242
vt 0.252197 0.268066
vt 0.252197 0.198242
vt 0.072510 0.767822
vt 0.103821 0.767822
vt 0.103821 0.683105
vt 0.072510 0.683105
vt 0.252197 0.334961
vt 0.307617 0.334961
vt 0.156250 0.406250
vt 0.191406 0.406250
vt 0.191406 0.354004
vt 0.156250 0.354004
vt 0.446045 0.261230
vt 0.388672 0.261230
vt 0.072510 0.969101
vt 0.103821 0.969101
vt 0.103821 0.862549
vt 0.072510 0.862549
vt 0.731934 0.459473
vt 0.731934 0.306152
vt 0.823242 0.306152
vt 0.823242 0.459473
vt 0.191406 0.167480
vt 0.191406 0.235840
vt 0.226563 0.235840
vt 0.226563 0.167480
vt 0.226563 0.459961
vt 0.156250 0.167480
vt 0.156250 0.235840
vt 0.446045 0.526855
vt 0.503418 0.526855
vt 0.503418 0.599854
vt 0.446045 0.599854
vt 0.446045 0.191406
vt 0.446045 0.116211
vt 0.388672 0.116211
vt 0.388672 0.191406
vt 0.446045 0.679199
vt 0.503418 0.679199
vt 0.503418 0.767090
vt 0.446045 0.767090
vt 0.072510 0.799805
vt 0.388672 0.458496
vt 0.388672 0.526855
vt 0.446045 0.526855
vt 0.446045 0.458496
vt 0.388672 0.261230
vt 0.446045 0.261230
vt 0.388672 0.327637
vt 0.191406 0.455566
vt 0.226563 0.455566
vt 0.226563 0.406250
vt 0.446045 0.679199
vt 0.503418 0.679199
vt 0.503418 0.767090
vt 0.446045 0.767090
vt 0.156250 0.455566
vt 0.156250 0.502686
vt 0.191406 0.502686
vt 0.103821 0.327637
vt 0.103821 0.292480
vt 0.072510 0.292480
vt 0.072510 0.327637
vt 0.388672 0.767090
vt 0.446045 0.865234
vt 0.388672 0.865234
vt 0.446045 0.458496
vt 0.446045 0.392578
vt 0.503418 0.392578
vt 0.503418 0.458496
vt 0.307617 0.603760
vt 0.252197 0.603760
vt 0.191406 0.646973
vt 0.191406 0.699951
vt 0.226563 0.699951
vt 0.226563 0.646973
vt 0.503418 0.392578
vt 0.503418 0.327637
vt 0.446045 0.327637
vt 0.446045 0.392578
vt 0.446045 0.599854
vt 0.388672 0.599854
vt 0.388672 0.679199
vt 0.446045 0.679199
vt 0.156250 0.757568
vt 0.156250 0.821411
vt 0.191406 0.821411
vt 0.191406 0.757568
vt 0.226563 0.821411
vt 0.226563 0.757568
vt 0.307617 0.268066
vt 0.252197 0.198242
vt 0.252197 0.268066
vt 0.156250 0.892822
vt 0.191406 0.892822
vt 0.226563 0.892822
vt 0.914551 0.919434
vt 0.914551 0.969360
vt 0.823242 0.969360
vt 0.156250 0.973740
vt 0.191406 0.973740
vt 0.388672 0.327637
vt 0.446045 0.327637
vt 0.388672 0.392578
vt 0.446045 0.975555
vt 0.388672 0.975555
vt 0.388672 0.261230
vt 0.446045 0.261230
vt 0.226563 0.167480
vt 0.226563 0.253418
vt 0.191406 0.253418
vt 0.191406 0.167480
vt 0.388672 0.191406
vt 0.446045 0.191406
vt 0.226563 0.329102
vt 0.191406 0.329102
vt 0.388672 0.116211
vt 0.446045 0.116211
vt 0.226563 0.396973
vt 0.191406 0.396973
vt 0.191406 0.459961
vt 0.191406 0.519775
vt 0.156250 0.519775
vt 0.156250 0.459961
vt 0.446045 0.881287
vt 0.446045 0.796021
vt 0.503418 0.796021
vt 0.503418 0.881287
vt 0.252197 0.722656
vt 0.307617 0.722656
vt 0.307617 0.667969
vt 0.252197 0.667969
vt 0.072510 0.502441
vt 0.191406 0.579834
vt 0.191406 0.642334
vt 0.156250 0.642334
vt 0.156250 0.579834
vt 0.103821 0.866943
vt 0.135132 0.866943
vt 0.135132 0.820068
vt 0.191406 0.709961
vt 0.156250 0.709961
vt 0.914551 0.459473
vt 0.823242 0.459473
vt 0.446045 0.647949
vt 0.446045 0.582520
vt 0.503418 0.582520
vt 0.503418 0.647949
vt 0.191406 0.785767
vt 0.156250 0.785767
vt 0.446045 0.521484
vt 0.503418 0.521484
vt 0.103821 0.302734
vt 0.103821 0.352539
vt 0.072510 0.352539
vt 0.072510 0.302734
vt 0.103821 0.401855
vt 0.072510 0.401855
vt 0.533203 0.861206
vt 0.533203 0.789063
vt 0.503418 0.116211
vt 0.503418 0.180176
vt 0.446045 0.180176
vt 0.446045 0.116211
vt 0.103821 0.139648
vt 0.103821 0.196777
vt 0.072510 0.196777
vt 0.072510 0.139648
vt 0.135132 0.401855
vt 0.135132 0.451660
vt 0.103821 0.451660
vt 0.135132 0.139648
vt 0.135132 0.196777
vt 0.191406 0.563965
vt 0.226563 0.563965
vt 0.503418 0.767090
vt 0.446045 0.767090
vt 0.446045 0.865234
vt 0.503418 0.865234
vt 0.503418 0.679199
vt 0.446045 0.679199
vt 0.388672 0.392578
vt 0.446045 0.392578
vt 0.135132 0.343750
vt 0.103821 0.343750
vt 0.135132 0.279297
vt 0.446045 0.599854
vt 0.388672 0.599854
vt 0.388672 0.679199
vt 0.307617 0.555176
vt 0.307617 0.675537
vt 0.362793 0.675537
vt 0.362793 0.555176
vt 0.135132 0.352539
vt 0.103821 0.502441
vt 0.072510 0.502441
vt 0.072510 0.451660
vt 0.307617 0.873779
vt 0.307617 0.775391
vt 0.362793 0.775391
vt 0.362793 0.873779
vt 0.252197 0.466309
vt 0.252197 0.400391
vt 0.307617 0.400391
vt 0.307617 0.466309
vt 0.135132 0.327637
vt 0.103821 0.362305
vt 0.135132 0.362305
vt 0.103821 0.555664
vt 0.103821 0.611572
vt 0.072510 0.611572
vt 0.072510 0.555664
vt 0.446045 0.261230
vt 0.388672 0.261230
vt 0.103821 0.671631
vt 0.072510 0.671631
vt 0.072510 0.425781
vt 0.072510 0.395508
vt 0.103821 0.736572
vt 0.072510 0.736572
vt 0.135132 0.736572
vt 0.135132 0.807129
vt 0.103821 0.807129
vt 0.307617 0.534668
vt 0.252197 0.534668
vt 0.191406 0.329102
vt 0.226563 0.329102
vt 0.226563 0.253418
vt 0.191406 0.253418
vt 0.072510 0.884338
vt 0.072510 0.807129
vt 0.103821 0.884338
vt 0.135132 0.884338
vt 0.135132 0.969101
vt 0.103821 0.969101
vt 0.533203 0.888672
vt 0.623047 0.931519
vt 0.533203 0.931519
vt 0.533203 0.838745
vt 0.103821 0.683105
vt 0.103821 0.767822
vt 0.072510 0.767822
vt 0.072510 0.683105
vt 0.156250 0.253418
vt 0.191406 0.167480
vt 0.156250 0.167480
vt 0.226563 0.167480
vt 0.307617 0.198242
vt 0.307617 0.123047
vt 0.362793 0.123047
vt 0.362793 0.198242
vt 0.156250 0.396973
vt 0.156250 0.459961
vt 0.191406 0.459961
vt 0.191406 0.396973
vt 0.307617 0.889954
vt 0.307617 0.804443
vt 0.362793 0.804443
vt 0.362793 0.889954
vt 0.307617 0.529297
vt 0.307617 0.471191
vt 0.362793 0.471191
vt 0.362793 0.529297
vt 0.191406 0.519775
vt 0.191406 0.579834
vt 0.226563 0.579834
vt 0.226563 0.519775
vt 0.252197 0.727051
vt 0.307617 0.727051
vt 0.252197 0.804443
vt 0.156250 0.519775
vt 0.156250 0.579834
vt 0.252197 0.656006
vt 0.307617 0.656006
vt 0.226563 0.388672
vt 0.226563 0.356445
vt 0.191406 0.388672
vt 0.252197 0.590576
vt 0.307617 0.590576
vt 0.191406 0.785767
vt 0.226563 0.785767
vt 0.226563 0.709961
vt 0.191406 0.709961
vt 0.712891 0.464355
vt 0.712891 0.312500
vt 0.623047 0.312500
vt 0.156250 0.709961
vt 0.156250 0.785767
vt 0.156250 0.872559
vt 0.191406 0.872559
vt 0.156250 0.506836
vt 0.156250 0.535400
vt 0.226563 0.973740
vt 0.226563 0.872559
vt 0.191406 0.973740
vt 0.103821 0.655518
vt 0.135132 0.693604
vt 0.135132 0.655518
vt 0.623047 0.464355
vt 0.712891 0.464355
vt 0.712891 0.312500
vt 0.623047 0.312500
vt 0.103821 0.969101
vt 0.103821 0.862549
vt 0.072510 0.862549
vt 0.072510 0.969101
vt 0.156250 0.396973
vt 0.156250 0.329102
vt 0.135132 0.969101
vt 0.135132 0.862549
vt 0.103821 0.683105
vt 0.072510 0.683105
vt 0.072510 0.767822
vt 0.103821 0.767822
vt 0.135132 0.767822
vt 0.623047 0.700439
vt 0.623047 0.789063
vt 0.712891 0.789063
vt 0.712891 0.700439
vt 0.072510 0.969101
vt 0.103821 0.969101
vt 0.307617 0.187012
vt 0.307617 0.123047
vt 0.362793 0.123047
vt 0.362793 0.187012
vt 0.135132 0.683105
vt 0.135132 0.606445
vt 0.103821 0.606445
vt 0.103821 0.470215
vt 0.072510 0.470215
vt 0.072510 0.535889
vt 0.103821 0.535889
vt 0.446045 0.191406
vt 0.446045 0.261230
vt 0.503418 0.261230
vt 0.503418 0.191406
vt 0.388672 0.261230
vt 0.388672 0.191406
vt 0.135132 0.555664
vt 0.388672 0.327637
vt 0.446045 0.327637
vt 0.252197 0.403809
vt 0.307617 0.403809
vt 0.307617 0.365723
vt 0.252197 0.365723
vt 0.388672 0.392578
vt 0.446045 0.392578
vt 0.388672 0.767090
vt 0.388672 0.865234
vt 0.446045 0.865234
vt 0.446045 0.767090
vt 0.388672 0.458496
vt 0.446045 0.458496
vt 0.446045 0.975555
vt 0.503418 0.975555
vt 0.503418 0.865234
vt 0.388672 0.526855
vt 0.446045 0.526855
vt 0.388672 0.975555
vt 0.103821 0.139648
vt 0.103821 0.211914
vt 0.072510 0.211914
vt 0.072510 0.139648
vt 0.307617 0.289551
vt 0.307617 0.328125
vt 0.362793 0.328125
vt 0.362793 0.289551
vt 0.252197 0.167480
vt 0.252197 0.209473
vt 0.135132 0.139648
vt 0.135132 0.211914
vt 0.362793 0.918762
vt 0.362793 0.857544
vt 0.135132 0.279297
vt 0.103821 0.279297
vt 0.103821 0.343750
vt 0.072510 0.343750
vt 0.072510 0.279297
vt 0.135132 0.343750
vt 0.103821 0.406250
vt 0.072510 0.406250
vt 0.072510 0.396973
vt 0.362793 0.330566
vt 0.362793 0.378418
vt 0.307617 0.378418
vt 0.307617 0.330566
vt 0.307617 0.901978
vt 0.307617 0.826538
vt 0.362793 0.826538
vt 0.362793 0.901978
vt 0.307617 0.577881
vt 0.307617 0.525391
vt 0.362793 0.525391
vt 0.362793 0.577881
vt 0.135132 0.683105
vt 0.103821 0.683105
vt 0.103821 0.606445
vt 0.135132 0.606445
vt 0.072510 0.683105
vt 0.072510 0.606445
vt 0.103821 0.218750
vt 0.135132 0.218750
vt 0.103821 0.767822
vt 0.072510 0.767822
vt 0.914551 0.919434
vt 0.823242 0.919434
vt 0.823242 0.969360
vt 0.914551 0.969360
vt 0.307617 0.693115
vt 0.307617 0.633545
vt 0.362793 0.633545
vt 0.362793 0.693115
vt 0.103821 0.862549
vt 0.072510 0.862549
vt 0.191406 0.459961
vt 0.191406 0.519775
vt 0.156250 0.519775
vt 0.156250 0.459961
vt 0.135132 0.969101
vt 0.103821 0.969101
vt 0.135132 0.862549
vt 0.252197 0.525391
vt 0.252197 0.577881
vt 0.362793 0.281738
vt 0.307617 0.281738
vt 0.252197 0.475098
vt 0.307617 0.475098
vt 0.191406 0.253418
vt 0.156250 0.253418
vt 0.156250 0.167480
vt 0.191406 0.167480
vt 0.252197 0.746582
vt 0.307617 0.746582
vt 0.191406 0.579834
vt 0.191406 0.642334
vt 0.156250 0.642334
vt 0.156250 0.579834
vt 0.191406 0.329102
vt 0.191406 0.396973
vt 0.156250 0.396973
vt 0.156250 0.329102
vt 0.072510 0.180176
vt 0.072510 0.218750
vt 0.103821 0.218750
vt 0.226563 0.396973
vt 0.226563 0.459961
vt 0.135132 0.502441
vt 0.135132 0.466797
vt 0.103821 0.466797
vt 0.103821 0.502441
vt 0.226563 0.419434
vt 0.191406 0.419434
vt 0.362793 0.984413
vt 0.362793 0.873779
vt 0.307617 0.873779
vt 0.307617 0.984413
vt 0.135132 0.703369
vt 0.307617 0.984413
vt 0.362793 0.984413
vt 0.191406 0.519775
vt 0.226563 0.519775
vt 0.226563 0.459961
vt 0.191406 0.459961
vt 0.135132 0.466797
vt 0.135132 0.431641
vt 0.307617 0.178711
vt 0.307617 0.123047
vt 0.362793 0.123047
vt 0.362793 0.178711
vt 0.191406 0.709961
vt 0.156250 0.709961
vt 0.226563 0.872559
vt 0.191406 0.872559
vt 0.191406 0.785767
vt 0.226563 0.785767
vt 0.307617 0.775391
vt 0.252197 0.775391
vt 0.252197 0.873779
vt 0.226563 0.973740
vt 0.191406 0.973740
vt 0.362793 0.555176
vt 0.362793 0.447266
vt 0.307617 0.334961
vt 0.252197 0.334961
vt 0.252197 0.400391
vt 0.307617 0.400391
vt 0.362793 0.675537
vt 0.307617 0.675537
vt 0.307617 0.268066
vt 0.252197 0.268066
vt 0.307617 0.816162
vt 0.252197 0.816162
vt 0.252197 0.675537
vt 0.362793 0.534668
vt 0.307617 0.534668
vt 0.307617 0.607910
vt 0.362793 0.607910
vt 0.191406 0.235840
vt 0.226563 0.235840
vt 0.072510 0.671631
vt 0.362793 0.123047
vt 0.307617 0.123047
vt 0.307617 0.198242
vt 0.362793 0.198242
vt 0.252197 0.555176
vt 0.252197 0.675537
vt 0.731934 0.787354
vt 0.731934 0.860107
vt 0.823242 0.860107
vt 0.823242 0.787354
vt 0.914551 0.860107
vt 0.914551 0.787354
vt 0.388672 0.975555
vt 0.388672 0.865234
vt 0.446045 0.865234
vt 0.446045 0.975555
vt 0.388672 0.261230
vt 0.388672 0.191406
vt 0.135132 0.775635
vt 0.191406 0.833252
vt 0.226563 0.833252
vt 0.388672 0.767090
vt 0.388672 0.679199
vt 0.446045 0.679199
vt 0.446045 0.767090
vt 0.252197 0.123047
vt 0.252197 0.198242
vt 0.307617 0.214355
vt 0.252197 0.214355
vt 0.252197 0.123047
vt 0.307617 0.123047
vt 0.156250 0.343262
vt 0.156250 0.380371
vt 0.503418 0.767090
vt 0.503418 0.865234
vt 0.388672 0.458496
vt 0.446045 0.458496
vt 0.712891 0.700439
vt 0.712891 0.789063
vt 0.623047 0.789063
vt 0.623047 0.700439
vt 0.533203 0.789063
vt 0.533203 0.700439
vt 0.503418 0.116211
vt 0.388672 0.599854
vt 0.446045 0.599854
vt 0.072510 0.584473
vt 0.388672 0.526855
vt 0.446045 0.526855
vt 0.252197 0.984413
vt 0.362793 0.984413
vt 0.307617 0.984413
vt 0.362793 0.850952
vt 0.252197 0.529297
vt 0.307617 0.529297
vt 0.503418 0.116211
vt 0.446045 0.116211
vt 0.823242 0.919434
vt 0.914551 0.919434
vt 0.914551 0.969360
vt 0.823242 0.969360
vt 0.388672 0.116211
vt 0.388672 0.274414
vt 0.446045 0.274414
vt 0.446045 0.116211
vt 0.362793 0.775391
vt 0.362793 0.873779
vt 0.307617 0.873779
vt 0.731934 0.787354
vt 0.823242 0.787354
vt 0.823242 0.860107
vt 0.731934 0.860107
vt 0.072510 0.180176
vt 0.072510 0.218750
vt 0.731934 0.697998
vt 0.823242 0.697998
vt 0.307617 0.607910
vt 0.362793 0.607910
vt 0.362793 0.687500
vt 0.135132 0.659424
vt 0.252197 0.873779
vt 0.307617 0.466309
vt 0.307617 0.400391
vt 0.362793 0.400391
vt 0.362793 0.466309
vt 0.823242 0.306152
vt 0.731934 0.459473
vt 0.731934 0.306152
vt 0.156250 0.303223
vt 0.191406 0.303223
vt 0.307617 0.334961
vt 0.307617 0.268066
vt 0.362793 0.268066
vt 0.362793 0.334961
vt 0.731934 0.919434
vt 0.731934 0.969360
vt 0.823242 0.969360
vt 0.823242 0.919434
vt 0.823242 0.459473
vt 0.914551 0.459473
vt 0.914551 0.306152
vt 0.823242 0.306152
vt 0.823242 0.589355
vt 0.914551 0.589355
vt 0.731934 0.697998
vt 0.823242 0.697998
vt 0.731934 0.589355
vt 0.731934 0.787354
vt 0.823242 0.787354
vt 0.623047 0.969360
vt 0.533203 0.969360
vt 0.533203 0.919922
vt 0.823242 0.860107
vt 0.914551 0.860107
vt 0.914551 0.787354
vt 0.252197 0.334961
vt 0.252197 0.400391
vt 0.731934 0.860107
vt 0.252197 0.268066
vt 0.914551 0.919434
vt 0.914551 0.860107
vt 0.307617 0.198242
vt 0.252197 0.198242
vt 0.623047 0.631104
vt 0.712891 0.631104
vt 0.307617 0.850952
vt 0.307617 0.984413
vt 0.362793 0.984413
vt 0.362793 0.850952
vt 0.388672 0.599854
vt 0.446045 0.599854
vt 0.533203 0.861206
vt 0.533203 0.789063
vt 0.388672 0.274414
vt 0.388672 0.116211
vt 0.446045 0.116211
vt 0.503418 0.599854
vt 0.503418 0.526855
vt 0.388672 0.407715
vt 0.388672 0.463867
vt 0.446045 0.463867
vt 0.446045 0.407715
vt 0.533203 0.789063
vt 0.623047 0.789063
vt 0.623047 0.700439
vt 0.533203 0.700439
vt 0.362793 0.816162
vt 0.503418 0.526855
vt 0.503418 0.458496
vt 0.388672 0.240234
vt 0.388672 0.297363
vt 0.446045 0.297363
vt 0.446045 0.240234
vt 0.503418 0.116211
vt 0.446045 0.116211
vt 0.388672 0.570068
vt 0.446045 0.418945
vt 0.388672 0.418945
vt 0.226563 0.642334
vt 0.226563 0.579834
vt 0.191406 0.579834
vt 0.388672 0.418945
vt 0.226563 0.916016
vt 0.226563 0.863281
vt 0.191406 0.863281
vt 0.191406 0.916016
vt 0.446045 0.116211
vt 0.446045 0.180176
vt 0.503418 0.180176
vt 0.503418 0.116211
vt 0.156250 0.450684
vt 0.191406 0.450684
vt 0.191406 0.483887
vt 0.156250 0.483887
vt 0.388672 0.116211
vt 0.388672 0.180176
vt 0.191406 0.416504
vt 0.226563 0.416504
vt 0.226563 0.450684
vt 0.503418 0.297363
vt 0.503418 0.240234
vt 0.191406 0.380371
vt 0.226563 0.380371
vt 0.072510 0.396973
vt 0.388672 0.352539
vt 0.446045 0.352539
vt 0.446045 0.647949
vt 0.446045 0.718750
vt 0.503418 0.718750
vt 0.503418 0.647949
vt 0.191406 0.516846
vt 0.156250 0.516846
vt 0.388672 0.521484
vt 0.446045 0.521484
vt 0.503418 0.975555
vt 0.446045 0.975555
vt 0.503418 0.521484
vt 0.503418 0.463867
vt 0.623047 0.969360
vt 0.533203 0.969360
vt 0.533203 0.919922
vt 0.623047 0.919922
vt 0.446045 0.582520
vt 0.503418 0.582520
vt 0.388672 0.807739
vt 0.226563 0.973740
vt 0.191406 0.973740
vt 0.103821 0.180176
vt 0.072510 0.180176
vt 0.072510 0.139648
vt 0.103821 0.139648
vt 0.226563 0.652100
vt 0.191406 0.652100
vt 0.191406 0.688965
vt 0.226563 0.688965
vt 0.191406 0.516846
vt 0.156250 0.516846
vt 0.388672 0.458496
vt 0.446045 0.458496
vt 0.307617 0.735107
vt 0.362793 0.735107
vt 0.135132 0.862549
vt 0.103821 0.862549
vt 0.135132 0.767822
vt 0.191406 0.215820
vt 0.191406 0.167480
vt 0.226563 0.167480
vt 0.226563 0.215820
vt 0.446045 0.881287
vt 0.446045 0.975555
vt 0.503418 0.975555
vt 0.503418 0.881287
vt 0.156250 0.916016
vt 0.156250 0.973740
vt 0.135132 0.180176
vt 0.135132 0.139648
vt 0.135132 0.218750
vt 0.135132 0.256348
vt 0.103821 0.256348
vt 0.103821 0.218750
vt 0.072510 0.218750
vt 0.072510 0.256348
vt 0.103821 0.431641
vt 0.103821 0.466797
vt 0.072510 0.466797
vt 0.072510 0.431641
vt 0.103821 0.292480
vt 0.072510 0.292480
vt 0.103821 0.502441
vt 0.072510 0.502441
vt 0.103821 0.327637
vt 0.072510 0.327637
vt 0.103821 0.362305
vt 0.072510 0.362305
vt 0.226563 0.516846
vt 0.191406 0.516846
vt 0.191406 0.549805
vt 0.226563 0.549805
vt 0.226563 0.450684
vt 0.226563 0.483887
vt 0.135132 0.362305
vt 0.135132 0.396973
vt 0.103821 0.396973
vt 0.191406 0.821411
vt 0.226563 0.821411
vt 0.103821 0.139648
vt 0.072510 0.139648
vt 0.446045 0.865234
vt 0.503418 0.865234
vt 0.135132 0.431641
vt 0.135132 0.466797
vt 0.156250 0.821411
vt 0.156250 0.757568
vt 0.191406 0.757568
vt 0.135132 0.502441
vt 0.191406 0.343262
vt 0.156250 0.343262
vt 0.156250 0.380371
vt 0.191406 0.380371
vt 0.135132 0.539307
vt 0.103821 0.539307
vt 0.226563 0.287109
vt 0.191406 0.287109
vt 0.226563 0.322754
vt 0.191406 0.483887
vt 0.156250 0.483887
vt 0.156250 0.516846
vt 0.135132 0.577637
vt 0.103821 0.577637
vt 0.103821 0.659424
vt 0.072510 0.659424
vt 0.072510 0.617432
vt 0.103821 0.617432
vt 0.072510 0.577637
vt 0.103821 0.256348
vt 0.072510 0.256348
vt 0.103821 0.908936
vt 0.103821 0.969101
vt 0.072510 0.969101
vt 0.072510 0.908936
vt 0.103821 0.703369
vt 0.072510 0.703369
vt 0.191406 0.416504
vt 0.226563 0.416504
vt 0.135132 0.750122
vt 0.103821 0.750122
vt 0.135132 0.703369
vt 0.533203 0.312500
vt 0.103821 0.799805
vt 0.072510 0.799805
vt 0.072510 0.750122
vt 0.503418 0.418945
vt 0.503418 0.274414
vt 0.072510 0.852539
vt 0.103821 0.852539
vt 0.072510 0.852539
vt 0.696289 0.181641
vt 0.627441 0.181641
vt 0.627441 0.130371
vt 0.696289 0.130371
vt 0.226563 0.167480
vt 0.191406 0.167480
vt 0.191406 0.215820
vt 0.226563 0.215820
vt 0.446045 0.865234
vt 0.446045 0.767090
vt 0.388672 0.767090
vt 0.388672 0.865234
vt 0.156250 0.249512
vt 0.191406 0.249512
vt 0.761230 0.130371
vt 0.696289 0.078613
vt 0.761230 0.078613
vt 0.191406 0.688965
vt 0.191406 0.652100
vt 0.156250 0.652100
vt 0.156250 0.688965
vt 0.252197 0.561035
vt 0.307617 0.561035
vt 0.307617 0.520020
vt 0.252197 0.520020
vt 0.072510 0.396973
vt 0.072510 0.431641
vt 0.103821 0.431641
vt 0.103821 0.396973
vt 0.191406 0.814697
vt 0.191406 0.769775
vt 0.156250 0.769775
vt 0.156250 0.814697
vt 0.191406 0.728027
vt 0.156250 0.728027
vt 0.103821 0.292480
vt 0.103821 0.327637
vt 0.135132 0.327637
vt 0.135132 0.292480
vt 0.103821 0.362305
vt 0.135132 0.362305
vt 0.103821 0.218750
vt 0.135132 0.218750
vt 0.135132 0.180176
vt 0.103821 0.180176
vt 0.135132 0.396973
vt 0.135132 0.431641
vt 0.191406 0.616943
vt 0.156250 0.616943
vt 0.103821 0.466797
vt 0.135132 0.466797
vt 0.191406 0.583008
vt 0.156250 0.583008
vt 0.712891 0.711182
vt 0.623047 0.711182
vt 0.623047 0.780029
vt 0.712891 0.780029
vt 0.191406 0.549805
vt 0.156250 0.549805
vt 0.226563 0.549805
vt 0.226563 0.516846
vt 0.191406 0.516846
vt 0.156250 0.516846
vt 0.191406 0.483887
vt 0.156250 0.483887
vt 0.226563 0.483887
vt 0.072510 0.617432
vt 0.103821 0.617432
vt 0.103821 0.577637
vt 0.072510 0.577637
vt 0.226563 0.450684
vt 0.191406 0.450684
vt 0.156250 0.416504
vt 0.156250 0.450684
vt 0.191406 0.416504
vt 0.226563 0.416504
vt 0.156250 0.380371
vt 0.191406 0.380371
vt 0.503418 0.392578
vt 0.503418 0.327637
vt 0.156250 0.343262
vt 0.191406 0.343262
vt 0.503418 0.679199
vt 0.503418 0.767090
vt 0.446045 0.767090
vt 0.503418 0.667480
vt 0.503418 0.807739
vt 0.156250 0.303223
vt 0.191406 0.303223
vt 0.914551 0.306152
vt 0.914551 0.459473
vt 0.226563 0.303223
vt 0.226563 0.261230
vt 0.191406 0.261230
vt 0.072510 0.852539
vt 0.072510 0.908936
vt 0.103821 0.908936
vt 0.103821 0.852539
vt 0.226563 0.215820
vt 0.191406 0.215820
vt 0.252197 0.289551
vt 0.252197 0.250000
vt 0.226563 0.167480
vt 0.191406 0.167480
vt 0.226563 0.449219
vt 0.103821 0.139648
vt 0.103821 0.174805
vt 0.135132 0.174805
vt 0.135132 0.139648
vt 0.362793 0.400391
vt 0.362793 0.334961
vt 0.307617 0.334961
vt 0.307617 0.400391
vt 0.388672 0.796021
vt 0.388672 0.718750
vt 0.446045 0.718750
vt 0.135132 0.208984
vt 0.103821 0.208984
vt 0.362793 0.298340
vt 0.362793 0.214355
vt 0.226563 0.459961
vt 0.503418 0.371094
vt 0.226563 0.450684
vt 0.226563 0.416504
vt 0.914063 0.079102
vt 0.975098 0.319824
vt 0.975098 0.255859
vt 0.934082 0.255859
vt 0.934082 0.319824
vt 0.975098 0.127930
vt 0.934082 0.127930
vt 0.934082 0.191895
vt 0.975098 0.191895
vt 0.103821 0.365234
vt 0.135132 0.365234
vt 0.156250 0.876526
vt 0.191406 0.876526
vt 0.156250 0.769775
vt 0.533203 0.919922
vt 0.533203 0.861206
vt 0.623047 0.861206
vt 0.623047 0.919922
vt 0.064514 0.883972
vt 0.015350 0.883972
vt 0.156250 0.916016
vt 0.388672 0.116211
vt 0.446045 0.116211
vt 0.446045 0.191406
vt 0.388672 0.191406
vt 0.156250 0.616943
vt 0.064514 0.503662
vt 0.064514 0.427734
vt 0.015350 0.427734
vt 0.015350 0.503662
vt 0.191406 0.380371
vt 0.156250 0.380371
vt 0.914551 0.306152
vt 0.914551 0.459473
vt 0.064514 0.275879
vt 0.015350 0.275879
vt 0.015350 0.351563
vt 0.064514 0.351563
vt 0.064514 0.199707
vt 0.015350 0.199707
vt 0.503418 0.261230
vt 0.156250 0.459961
vt 0.135132 0.733643
vt 0.191406 0.483887
vt 0.156250 0.483887
vt 0.156250 0.583008
vt 0.064514 0.807983
vt 0.015350 0.807983
vt 0.015350 0.883972
vt 0.064514 0.883972
vt 0.156250 0.549805
vt 0.064514 0.960022
vt 0.015350 0.960022
vt 0.156250 0.516846
vt 0.064514 0.503662
vt 0.015350 0.503662
vt 0.015350 0.579834
vt 0.064514 0.579834
vt 0.156250 0.757568
vt 0.156250 0.699951
vt 0.623047 0.593018
vt 0.623047 0.700439
vt 0.712891 0.700439
vt 0.712891 0.593018
vt 0.135132 0.617432
vt 0.064514 0.275879
vt 0.064514 0.199707
vt 0.015350 0.199707
vt 0.015350 0.275879
vt 0.015350 0.503662
vt 0.015350 0.427734
vt 0.064514 0.427734
vt 0.064514 0.503662
vt 0.226563 0.380371
vt 0.156250 0.167480
vt 0.226563 0.343262
vt 0.015350 0.731934
vt 0.064514 0.731934
vt 0.731934 0.919434
vt 0.731934 0.860107
vt 0.823242 0.919434
vt 0.731934 0.697998
vt 0.823242 0.697998
vt 0.731934 0.787354
vt 0.015350 0.579834
vt 0.064514 0.579834
vt 0.064514 0.656006
vt 0.015350 0.656006
vt 0.388672 0.865234
vt 0.446045 0.865234
vt 0.446045 0.975555
vt 0.388672 0.975555
vt 0.015350 0.351563
vt 0.064514 0.351563
vt 0.156250 0.380371
vt 0.156250 0.215820
vt 0.015350 0.123535
vt 0.064514 0.123535
vt 0.696289 0.232910
vt 0.761230 0.232910
vt 0.226563 0.450684
vt 0.226563 0.483887
vt 0.156250 0.754883
vt 0.156250 0.356445
vt 0.156250 0.322754
vt 0.191406 0.356445
vt 0.072510 0.362305
vt 0.156250 0.563965
vt 0.156250 0.593018
vt 0.226563 0.583008
vt 0.696289 0.027344
vt 0.627441 0.027344
vt 0.627441 0.078613
vt 0.696289 0.078613
vt 0.226563 0.478516
vt 0.226563 0.506836
vt 0.191406 0.652100
vt 0.156250 0.652100
vt 0.135132 0.617432
vt 0.156250 0.388672
vt 0.156250 0.419434
vt 0.761230 0.185059
vt 0.064514 0.656006
vt 0.064514 0.579834
vt 0.015350 0.579834
vt 0.015350 0.656006
vt 0.191406 0.769775
vt 0.156250 0.769775
vt 0.446045 0.599854
vt 0.388672 0.599854
vt 0.226563 0.616943
vt 0.103821 0.659424
vt 0.135132 0.659424
vt 0.226563 0.652100
vt 0.226563 0.688965
vt 0.064514 0.807983
vt 0.064514 0.731934
vt 0.015350 0.731934
vt 0.015350 0.807983
vt 0.226563 0.728027
vt 0.226563 0.209961
vt 0.226563 0.167480
vt 0.191406 0.167480
vt 0.191406 0.209961
vt 0.226563 0.769775
vt 0.064514 0.503662
vt 0.015350 0.503662
vt 0.226563 0.814697
vt 0.191406 0.814697
vt 0.712891 0.931519
vt 0.226563 0.863281
vt 0.064514 0.351563
vt 0.064514 0.275879
vt 0.015350 0.275879
vt 0.015350 0.351563
vt 0.226563 0.916016
vt 0.226563 0.502686
vt 0.226563 0.814697
vt 0.226563 0.863281
vt 0.015350 0.579834
vt 0.064514 0.579834
vt 0.064514 0.503662
vt 0.015350 0.503662
vt 0.064514 0.807983
vt 0.015350 0.807983
vt 0.015350 0.883972
vt 0.064514 0.883972
vt 0.015350 0.883972
vt 0.064514 0.883972
vt 0.015350 0.731934
vt 0.064514 0.731934
vt 0.064514 0.731934
vt 0.015350 0.731934
vt 0.712891 0.969360
vt 0.623047 0.969360
vt 0.064514 0.351563
vt 0.015350 0.351563
vt 0.015350 0.275879
vt 0.064514 0.275879
vt 0.064514 0.503662
vt 0.015350 0.503662
vt 0.015350 0.883972
vt 0.064514 0.883972
vt 0.064514 0.960022
vt 0.015350 0.960022
vt 0.064514 0.883972
vt 0.015350 0.883972
vt 0.015350 0.807983
vt 0.064514 0.807983
vt 0.064514 0.960022
vt 0.015350 0.960022
vt 0.252197 0.238770
vt 0.252197 0.123047
vt 0.388672 0.975555
vt 0.503418 0.261230
vt 0.503418 0.327637
vt 0.015350 0.351563
vt 0.064514 0.351563
vt 0.064514 0.275879
vt 0.015350 0.275879
vt 0.015350 0.427734
vt 0.064514 0.427734
vt 0.103821 0.335449
vt 0.072510 0.335449
vt 0.072510 0.180176
vt 0.015350 0.123535
vt 0.015350 0.199707
vt 0.064514 0.199707
vt 0.064514 0.123535
vt 0.226563 0.249512
vt 0.015350 0.883972
vt 0.064514 0.883972
vt 0.064514 0.807983
vt 0.015350 0.807983
vt 0.015350 0.503662
vt 0.064514 0.503662
vt 0.064514 0.427734
vt 0.015350 0.427734
vt 0.072510 0.302734
vt 0.103821 0.302734
vt 0.072510 0.250977
vt 0.712891 0.464355
vt 0.712891 0.593018
vt 0.503418 0.599854
vt 0.064514 0.427734
vt 0.015350 0.427734
vt 0.064514 0.656006
vt 0.015350 0.656006
vt 0.072510 0.327637
vt 0.064514 0.199707
vt 0.015350 0.199707
vt 0.015350 0.123535
vt 0.064514 0.123535
vt 0.064514 0.275879
vt 0.015350 0.275879
vt 0.072510 0.502441
vt 0.072510 0.466797
vt 0.015350 0.351563
vt 0.064514 0.351563
vt 0.064514 0.883972
vt 0.015350 0.883972
vt 0.015350 0.807983
vt 0.064514 0.807983
vt 0.072510 0.518311
vt 0.072510 0.550781
vt 0.446045 0.526855
vt 0.503418 0.526855
vt 0.064514 0.731934
vt 0.015350 0.731934
vt 0.015350 0.807983
vt 0.064514 0.807983
vt 0.072510 0.365234
vt 0.103821 0.335449
vt 0.072510 0.335449
vt 0.064514 0.807983
vt 0.015350 0.807983
vt 0.015350 0.579834
vt 0.064514 0.579834
vt 0.191406 0.297363
vt 0.226563 0.297363
vt 0.252197 0.298340
vt 0.252197 0.378418
vt 0.307617 0.378418
vt 0.307617 0.298340
vt 0.103821 0.852539
vt 0.135132 0.852539
vt 0.135132 0.799805
vt 0.103821 0.799805
vt 0.135132 0.335449
vt 0.064514 0.656006
vt 0.015350 0.656006
vt 0.135132 0.584473
vt 0.064514 0.731934
vt 0.015350 0.731934
vt 0.503418 0.451172
vt 0.191406 0.973740
vt 0.156250 0.973740
vt 0.156250 0.872559
vt 0.191406 0.872559
vt 0.015350 0.883972
vt 0.015350 0.807983
vt 0.064514 0.807983
vt 0.064514 0.883972
vt 0.446045 0.625488
vt 0.388672 0.625488
vt 0.362793 0.984413
vt 0.362793 0.816162
vt 0.307617 0.816162
vt 0.307617 0.984413
vt 0.015350 0.579834
vt 0.064514 0.579834
vt 0.388672 0.534668
vt 0.446045 0.231445
vt 0.503418 0.231445
vt 0.503418 0.336914
vt 0.135132 0.208984
vt 0.388672 0.392578
vt 0.015350 0.275879
vt 0.064514 0.275879
vt 0.064514 0.351563
vt 0.015350 0.351563
vt 0.362793 0.447266
vt 0.072510 0.431641
vt 0.103821 0.431641
vt 0.015350 0.123535
vt 0.064514 0.123535
vt 0.064514 0.199707
vt 0.015350 0.199707
vt 0.388672 0.439453
vt 0.388672 0.336914
vt 0.503418 0.842407
vt 0.503418 0.727051
vt 0.252197 0.816162
vt 0.252197 0.984413
vt 0.503418 0.975555
vt 0.252197 0.675537
vt 0.503418 0.231445
vt 0.503418 0.116211
vt 0.446045 0.116211
vt 0.446045 0.207031
vt 0.503418 0.207031
vt 0.503418 0.116211
vt 0.388672 0.207031
vt 0.388672 0.116211
vt 0.252197 0.123047
vt 0.135132 0.218750
vt 0.388672 0.842407
vt 0.446045 0.842407
vt 0.388672 0.807739
vt 0.388672 0.667480
vt 0.503418 0.371094
vt 0.503418 0.291016
vt 0.388672 0.975555
vt 0.135132 0.279297
vt 0.135132 0.343750
vt 0.533203 0.711182
vt 0.533203 0.780029
vt 0.072510 0.139648
vt 0.135132 0.241699
vt 0.934082 0.191895
vt 0.934082 0.127930
vt 0.975098 0.127930
vt 0.975098 0.191895
vt 0.135132 0.401855
vt 0.934082 0.063965
vt 0.975098 0.063965
vt 0.823242 0.306152
vt 0.914551 0.306152
vt 0.252197 0.214355
vt 0.307617 0.214355
vt 0.072510 0.456055
vt 0.934082 0.383789
vt 0.975098 0.383789
vt 0.975098 0.447754
vt 0.934082 0.447754
vt 0.934082 0.319824
vt 0.975098 0.319824
vt 0.503418 0.842407
vt 0.503418 0.727051
vt 0.934082 0.255859
vt 0.975098 0.255859
vt 0.446045 0.975555
vt 0.503418 0.975555
vt 0.731934 0.860107
vt 0.731934 0.459473
vt 0.731934 0.306152
vt 0.731934 0.919434
vt 0.761230 0.185059
vt 0.503418 0.261230
vt 0.072510 0.539307
vt 0.627441 0.078613
vt 0.627441 0.027344
vt 0.696289 0.027344
vt 0.696289 0.078613
vt 0.761230 0.232910
vt 0.135132 0.820068
vt 0.103821 0.820068
vt 0.135132 0.775635
vt 0.696289 0.232910
vt 0.761230 0.232910
vt 0.135132 0.866943
vt 0.103821 0.866943
vt 0.627441 0.232910
vt 0.627441 0.185059
vt 0.731934 0.860107
vt 0.914551 0.459473
vt 0.914551 0.306152
vt 0.761230 0.027344
vt 0.761230 0.078613
vt 0.914551 0.589355
vt 0.072510 0.820068
vt 0.914551 0.697998
vt 0.934082 0.447754
vt 0.975098 0.447754
vt 0.975098 0.511475
vt 0.934082 0.511475
vt 0.914551 0.787354
vt 0.914551 0.919434
vt 0.914551 0.860107
vt 0.823242 0.860107
vt 0.823242 0.919434
vt 0.934082 0.255859
vt 0.975098 0.255859
vt 0.975098 0.319824
vt 0.934082 0.319824
vt 0.975098 0.383789
vt 0.934082 0.383789
vt 0.934082 0.191895
vt 0.975098 0.191895
vt 0.503418 0.116211
vt 0.446045 0.261230
vt 0.388672 0.261230
vt 0.388672 0.327637
vt 0.934082 0.127930
vt 0.934082 0.063965
vt 0.975098 0.063965
vt 0.975098 0.127930
vt 0.914551 0.919434
vt 0.823242 0.919434
vt 0.823242 0.860107
vt 0.914551 0.860107
vt 0.914551 0.589355
vt 0.914551 0.459473
vt 0.914551 0.969360
vt 0.823242 0.969360
vt 0.135132 0.218750
vt 0.975098 0.255859
vt 0.975098 0.191895
vt 0.934082 0.191895
vt 0.934082 0.255859
vt 0.135132 0.799805
vt 0.103821 0.799805
vt 0.252197 0.984413
vt 0.252197 0.850952
vt 0.072510 0.703369
vt 0.072510 0.750122
vt 0.823242 0.860107
vt 0.823242 0.787354
vt 0.914551 0.787354
vt 0.914551 0.860107
vt 0.731934 0.969360
vt 0.731934 0.919434
vt 0.914551 0.697998
vt 0.731934 0.919434
vt 0.731934 0.969360
vt 0.015350 0.579834
vt 0.064514 0.579834
vt 0.731934 0.860107
vt 0.226563 0.356445
vt 0.226563 0.388672
vt 0.191406 0.388672
vt 0.731934 0.787354
vt 0.015350 0.275879
vt 0.064514 0.275879
vt 0.064514 0.351563
vt 0.015350 0.351563
vt 0.072510 0.139648
vt 0.103821 0.139648
vt 0.103821 0.211914
vt 0.072510 0.211914
vt 0.731934 0.459473
vt 0.731934 0.306152
vt 0.823242 0.589355
vt 0.914551 0.589355
vt 0.503418 0.865234
vt 0.064514 0.960022
vt 0.064514 0.883972
vt 0.015350 0.883972
vt 0.015350 0.960022
vt 0.823242 0.459473
vt 0.823242 0.306152
vt 0.914551 0.306152
vt 0.914551 0.459473
vt 0.015350 0.807983
vt 0.064514 0.807983
vt 0.533203 0.780029
vt 0.823242 0.969360
vt 0.914551 0.969360
vt 0.731934 0.589355
vt 0.731934 0.697998
vt 0.731934 0.459473
vt 0.823242 0.459473
vt 0.823242 0.306152
vt 0.731934 0.306152
vt 0.914551 0.459473
vt 0.914551 0.306152
vt 0.388672 0.191406
vt 0.388672 0.116211
vt 0.446045 0.116211
vt 0.823242 0.589355
vt 0.914551 0.589355
vt 0.533203 0.919922
vt 0.623047 0.919922
vt 0.623047 0.861206
vt 0.533203 0.861206
vt 0.252197 0.873779
vt 0.252197 0.984413
vt 0.135132 0.431641
vt 0.103821 0.431641
vt 0.135132 0.750122
vt 0.135132 0.703369
vt 0.731934 0.589355
vt 0.823242 0.969360
vt 0.914551 0.969360
vt 0.533203 0.789063
vt 0.623047 0.789063
vt 0.623047 0.861206
vt 0.623047 0.919922
vt 0.712891 0.919922
vt 0.712891 0.861206
vt 0.226563 0.653564
vt 0.623047 0.969360
vt 0.712891 0.969360
vt 0.388672 0.231445
vt 0.252197 0.775391
vt 0.388672 0.458496
vt 0.388672 0.526855
vt 0.252197 0.735107
vt 0.731934 0.969360
vt 0.135132 0.352539
vt 0.103821 0.352539
vt 0.781738 0.181641
vt 0.252197 0.400391
vt 0.252197 0.466309
vt 0.446045 0.191406
vt 0.446045 0.261230
vt 0.388672 0.261230
vt 0.388672 0.191406
vt 0.503418 0.458496
vt 0.503418 0.392578
vt 0.446045 0.458496
vt 0.388672 0.458496
vt 0.503418 0.599854
vt 0.503418 0.526855
vt 0.226563 0.519775
vt 0.503418 0.327637
vt 0.503418 0.679199
vt 0.503418 0.865234
vt 0.446045 0.767090
vt 0.503418 0.767090
vt 0.975098 0.511475
vt 0.975098 0.447754
vt 0.934082 0.447754
vt 0.934082 0.511475
vt 0.503418 0.526855
vt 0.503418 0.599854
vt 0.446045 0.599854
vt 0.307617 0.247070
vt 0.362793 0.247070
vt 0.503418 0.191406
vt 0.503418 0.261230
vt 0.072510 0.406250
vt 0.252197 0.247070
vt 0.252197 0.304199
vt 0.307617 0.304199
vt 0.072510 0.862549
vt 0.307617 0.198242
vt 0.307617 0.123047
vt 0.252197 0.123047
vt 0.252197 0.198242
vt 0.015350 0.656006
vt 0.015350 0.579834
vt 0.064514 0.579834
vt 0.064514 0.656006
vt 0.307617 0.804443
vt 0.252197 0.804443
vt 0.015350 0.503662
vt 0.064514 0.503662
vt 0.015350 0.351563
vt 0.064514 0.351563
vt 0.064514 0.427734
vt 0.015350 0.427734
vt 0.156250 0.167480
vt 0.156250 0.235840
vt 0.191406 0.167480
vt 0.226563 0.892822
vt 0.015350 0.199707
vt 0.015350 0.123535
vt 0.064514 0.123535
vt 0.064514 0.199707
vt 0.015350 0.503662
vt 0.015350 0.427734
vt 0.064514 0.427734
vt 0.064514 0.503662
vt 0.156250 0.297363
vt 0.156250 0.354004
vt 0.307617 0.727051
vt 0.252197 0.727051
vt 0.015350 0.275879
vt 0.015350 0.199707
vt 0.064514 0.199707
vt 0.064514 0.275879
vt 0.015350 0.883972
vt 0.015350 0.807983
vt 0.064514 0.807983
vt 0.064514 0.883972
vt 0.015350 0.731934
vt 0.064514 0.731934
vt 0.362793 0.590576
vt 0.072510 0.683105
vt 0.072510 0.767822
vt 0.103821 0.767822
vt 0.103821 0.683105
vt 0.362793 0.656006
vt 0.015350 0.579834
vt 0.064514 0.579834
vt 0.362793 0.727051
vt 0.015350 0.351563
vt 0.064514 0.351563
vt 0.362793 0.804443
vt 0.156250 0.388672
vt 0.362793 0.889954
vt 0.362793 0.984413
vt 0.156250 0.821411
vt 0.252197 0.187012
vt 0.252197 0.123047
vt 0.503418 0.458496
vt 0.015350 0.883972
vt 0.015350 0.807983
vt 0.064514 0.807983
vt 0.064514 0.883972
vt 0.015350 0.731934
vt 0.064514 0.731934
vt 0.015350 0.503662
vt 0.064514 0.503662
vt 0.015350 0.427734
vt 0.064514 0.427734
vt 0.226563 0.769775
vt 0.015350 0.351563
vt 0.015350 0.275879
vt 0.064514 0.275879
vt 0.064514 0.351563
vt 0.823242 0.589355
vt 0.731934 0.589355
vt 0.731934 0.697998
vt 0.823242 0.697998
vt 0.252197 0.458984
vt 0.307617 0.458984
vt 0.307617 0.889954
vt 0.362793 0.889954
vt 0.072510 0.343750
vt 0.307617 0.984413
vt 0.362793 0.984413
vt 0.226563 0.253418
vt 0.226563 0.167480
vt 0.191406 0.167480
vt 0.191406 0.253418
vt 0.252197 0.656006
vt 0.072510 0.655518
vt 0.252197 0.727051
vt 0.226563 0.209961
vt 0.252197 0.804443
vt 0.388672 0.881287
vt 0.388672 0.975555
vt 0.446045 0.975555
vt 0.252197 0.889954
vt 0.156250 0.322754
vt 0.252197 0.984413
vt 0.388672 0.718750
vt 0.388672 0.796021
vt 0.191406 0.167480
vt 0.156250 0.167480
vt 0.503418 0.975555
vt 0.015350 0.123535
vt 0.064514 0.123535
vt 0.156250 0.235840
vt 0.156250 0.167480
vt 0.156250 0.297363
vt 0.156250 0.354004
vt 0.388672 0.647949
vt 0.156250 0.406250
vt 0.226563 0.388672
vt 0.388672 0.582520
vt 0.191406 0.419434
vt 0.226563 0.419434
vt 0.388672 0.521484
vt 0.446045 0.463867
vt 0.388672 0.463867
vt 0.446045 0.180176
vt 0.388672 0.180176
vt 0.388672 0.240234
vt 0.446045 0.240234
vt 0.135132 0.292480
vt 0.135132 0.256348
vt 0.226563 0.506836
vt 0.226563 0.478516
vt 0.252197 0.816162
vt 0.307617 0.816162
vt 0.226563 0.535400
vt 0.446045 0.297363
vt 0.388672 0.297363
vt 0.226563 0.754883
vt 0.226563 0.719482
vt 0.226563 0.757568
vt 0.156250 0.892822
vt 0.446045 0.116211
vt 0.388672 0.116211
vt 0.156250 0.973740
vt 0.914063 0.027344
vt 0.761230 0.185059
vt 0.696289 0.232910
vt 0.761230 0.232910
vt 0.226563 0.167480
vt 0.226563 0.253418
vt 0.226563 0.167480
vt 0.914063 0.181641
vt 0.847656 0.181641
vt 0.191406 0.792725
vt 0.156250 0.792725
vt 0.135132 0.362305
vt 0.103821 0.362305
vt 0.156250 0.833252
vt 0.156250 0.876526
vt 0.781738 0.027344
vt 0.781738 0.079102
vt 0.847656 0.027344
vt 0.156250 0.923279
vt 0.135132 0.256348
vt 0.156250 0.973740
vt 0.446045 0.865234
vt 0.503418 0.865234
vt 0.226563 0.785767
vt 0.226563 0.709961
vt 0.135132 0.396973
vt 0.103821 0.396973
vt 0.072510 0.218750
vt 0.072510 0.180176
vt 0.072510 0.431641
vt 0.072510 0.196777
vt 0.103821 0.196777
vt 0.103821 0.139648
vt 0.072510 0.139648
vt 0.781738 0.130371
vt 0.847656 0.181641
vt 0.847656 0.232910
vt 0.914063 0.232910
vt 0.914063 0.181641
vt 0.781738 0.181641
vt 0.781738 0.232910
vt 0.103821 0.250977
vt 0.135132 0.250977
vt 0.135132 0.196777
vt 0.226563 0.303223
vt 0.103821 0.302734
vt 0.135132 0.302734
vt 0.761230 0.185059
vt 0.761230 0.232910
vt 0.696289 0.232910
vt 0.191406 0.872559
vt 0.191406 0.973740
vt 0.226563 0.973740
vt 0.226563 0.872559
vt 0.761230 0.130371
vt 0.503418 0.865234
vt 0.627441 0.027344
vt 0.696289 0.027344
vt 0.696289 0.078613
vt 0.627441 0.078613
vt 0.135132 0.401855
vt 0.135132 0.539307
vt 0.103821 0.750122
vt 0.072510 0.750122
vt 0.135132 0.577637
vt 0.072510 0.969101
vt 0.103821 0.969101
vt 0.072510 0.256348
vt 0.103821 0.256348
vt 0.388672 0.392578
vt 0.533203 0.700439
vt 0.135132 0.703369
vt 0.503418 0.599854
vt 0.446045 0.599854
vt 0.446045 0.679199
vt 0.503418 0.679199
vt 0.135132 0.750122
vt 0.446045 0.526855
vt 0.388672 0.526855
vt 0.388672 0.599854
vt 0.135132 0.799805
vt 0.103821 0.799805
vt 0.362793 0.603760
vt 0.362793 0.561035
vt 0.135132 0.852539
vt 0.135132 0.683105
vt 0.135132 0.606445
vt 0.135132 0.908936
vt 0.503418 0.392578
vt 0.503418 0.327637
vt 0.446045 0.327637
vt 0.135132 0.969101
vt 0.226563 0.167480
vt 0.226563 0.253418
vt 0.191406 0.253418
vt 0.191406 0.167480
vt 0.156250 0.872559
vt 0.015350 0.656006
vt 0.064514 0.656006
vt 0.103821 0.250977
vt 0.072510 0.250977
vt 0.226563 0.519775
vt 0.191406 0.388672
vt 0.156250 0.419434
vt 0.156250 0.388672
vt 0.156250 0.579834
vt 0.156250 0.519775
vt 0.761230 0.232910
vt 0.015350 0.960022
vt 0.064514 0.960022
vt 0.627441 0.078613
vt 0.781738 0.130371
vt 0.781738 0.181641
vt 0.847656 0.181641
vt 0.226563 0.388672
vt 0.627441 0.027344
vt 0.156250 0.563965
vt 0.731934 0.697998
vt 0.731934 0.589355
vt 0.823242 0.697998
vt 0.847656 0.027344
vt 0.914063 0.027344
vt 0.362793 0.529297
vt 0.362793 0.590576
vt 0.226563 0.622803
vt 0.226563 0.506836
vt 0.781738 0.079102
vt 0.226563 0.535400
vt 0.103821 0.862549
vt 0.135132 0.862549
vt 0.135132 0.969101
vt 0.103821 0.969101
vt 0.135132 0.767822
vt 0.307617 0.984413
vt 0.362793 0.984413
vt 0.156250 0.754883
vt 0.156250 0.719482
vt 0.191406 0.719482
vt 0.135132 0.606445
vt 0.135132 0.683105
vt 0.252197 0.328125
vt 0.135132 0.767822
vt 0.135132 0.683105
vt 0.252197 0.693115
vt 0.072510 0.470215
vt 0.252197 0.633545
vt 0.135132 0.256348
vt 0.503418 0.392578
vt 0.623047 0.789063
vt 0.533203 0.861206
vt 0.533203 0.789063
vt 0.156250 0.792725
vt 0.103821 0.606445
vt 0.135132 0.606445
vt 0.156250 0.833252
vt 0.362793 0.475098
vt 0.362793 0.525391
vt 0.156250 0.876526
vt 0.307617 0.426270
vt 0.252197 0.426270
vt 0.156250 0.923279
vt 0.362793 0.426270
vt 0.362793 0.378418
vt 0.191406 0.973740
vt 0.156250 0.973740
vt 0.226563 0.709961
vt 0.712891 0.312500
vt 0.712891 0.464355
vt 0.623047 0.312500
vt 0.135132 0.218750
vt 0.135132 0.180176
vt 0.135132 0.406250
vt 0.135132 0.343750
vt 0.072510 0.606445
vt 0.135132 0.535889
vt 0.135132 0.470215
vt 0.135132 0.502441
vt 0.135132 0.466797
vt 0.064514 0.960022
vt 0.064514 0.883972
vt 0.015350 0.883972
vt 0.015350 0.960022
vt 0.064514 0.807983
vt 0.015350 0.807983
vt 0.064514 0.731934
vt 0.015350 0.731934
vt 0.503418 0.767090
vt 0.623047 0.969360
vt 0.712891 0.969360
vt 0.712891 0.919922
vt 0.064514 0.579834
vt 0.015350 0.579834
vt 0.072510 0.969101
vt 0.103821 0.969101
vt 0.103821 0.862549
vt 0.072510 0.862549
vt 0.156250 0.579834
vt 0.446045 0.975555
vt 0.388672 0.975555
vt 0.388672 0.865234
vt 0.446045 0.865234
vt 0.503418 0.392578
vt 0.135132 0.539307
vt 0.064514 0.275879
vt 0.064514 0.199707
vt 0.015350 0.199707
vt 0.015350 0.275879
vt 0.135132 0.577637
vt 0.226563 0.785767
vt 0.135132 0.617432
vt 0.226563 0.516846
vt 0.388672 0.458496
vt 0.388672 0.526855
vt 0.135132 0.703369
vt 0.135132 0.659424
vt 0.135132 0.750122
vt 0.503418 0.327637
vt 0.103821 0.799805
vt 0.135132 0.799805
vt 0.135132 0.852539
vt 0.712891 0.861206
vt 0.072510 0.736572
vt 0.135132 0.969101
vt 0.135132 0.908936
vt 0.503418 0.116211
vt 0.446045 0.116211
vt 0.503418 0.231445
vt 0.503418 0.116211
vt 0.503418 0.336914
vt 0.503418 0.599854
vt 0.503418 0.526855
vt 0.446045 0.526855
vt 0.362793 0.403809
vt 0.388672 0.116211
vt 0.252197 0.172363
vt 0.252197 0.123047
vt 0.362793 0.219238
vt 0.307617 0.219238
vt 0.156250 0.833252
vt 0.156250 0.792725
vt 0.388672 0.807739
vt 0.388672 0.667480
vt 0.731934 0.306152
vt 0.388672 0.975555
vt 0.388672 0.392578
vt 0.388672 0.327637
vt 0.503418 0.526855
vt 0.446045 0.526855
vt 0.446045 0.458496
vt 0.503418 0.458496
vt 0.307617 0.911316
vt 0.307617 0.984413
vt 0.252197 0.984413
vt 0.252197 0.911316
vt 0.252197 0.219238
vt 0.156250 0.622803
vt 0.156250 0.287109
vt 0.135132 0.736572
vt 0.103821 0.736572
vt 0.362793 0.478027
vt 0.156250 0.593018
vt 0.156250 0.563965
vt 0.503418 0.865234
vt 0.446045 0.767090
vt 0.503418 0.767090
vt 0.503418 0.975555
vt 0.252197 0.268066
vt 0.252197 0.198242
vt 0.135132 0.535889
vt 0.226563 0.872559
vt 0.623047 0.700439
vt 0.533203 0.700439
vt 0.191406 0.419434
vt 0.226563 0.419434
vt 0.156250 0.209961
vt 0.156250 0.249512
vt 0.191406 0.249512
vt 0.307617 0.843628
vt 0.252197 0.843628
vt 0.503418 0.327637
vt 0.252197 0.616943
vt 0.307617 0.667969
vt 0.252197 0.667969
vt 0.503418 0.458496
vt 0.503418 0.392578
vt 0.362793 0.780884
vt 0.362793 0.722656
vt 0.156250 0.419434
vt 0.362793 0.843628
vt 0.503418 0.599854
vt 0.503418 0.679199
vt 0.446045 0.679199
vt 0.446045 0.599854
vt 0.362793 0.911316
vt 0.503418 0.767090
vt 0.446045 0.767090
vt 0.362793 0.984413
vt 0.503418 0.865234
vt 0.446045 0.865234
vt 0.252197 0.984413
vt 0.307617 0.984413
vt 0.252197 0.984413
vt 0.446045 0.975555
vt 0.388672 0.975555
vt 0.388672 0.865234
vt 0.307617 0.400391
vt 0.362793 0.400391
vt 0.362793 0.466309
vt 0.307617 0.466309
vt 0.072510 0.799805
vt 0.362793 0.775391
vt 0.362793 0.873779
vt 0.252197 0.687500
vt 0.307617 0.687500
vt 0.362793 0.687500
vt 0.252197 0.607910
vt 0.252197 0.534668
vt 0.712891 0.312500
vt 0.103821 0.396973
vt 0.135132 0.396973
vt 0.503418 0.191406
vt 0.252197 0.466309
vt 0.252197 0.400391
vt 0.072510 0.466797
vt 0.072510 0.502441
vt 0.252197 0.123047
vt 0.072510 0.431641
vt 0.362793 0.350098
vt 0.712891 0.700439
vt 0.712891 0.593018
vt 0.362793 0.466309
vt 0.503418 0.116211
vt 0.072510 0.396973
vt 0.252197 0.873779
vt 0.362793 0.607910
vt 0.307617 0.607910
vt 0.362793 0.687500
vt 0.712891 0.838745
vt 0.623047 0.838745
vt 0.712891 0.888672
vt 0.362793 0.534668
vt 0.156250 0.973740
vt 0.362793 0.198242
vt 0.252197 0.400391
vt 0.072510 0.241699
vt 0.712891 0.969360
vt 0.712891 0.919922
vt 0.388672 0.767090
vt 0.712891 0.931519
vt 0.252197 0.616943
vt 0.307617 0.616943
vt 0.503418 0.975555
vt 0.226563 0.719482
vt 0.503418 0.191406
vt 0.503418 0.116211
vt 0.446045 0.116211
vt 0.446045 0.191406
vt 0.712891 0.861206
vt 0.362793 0.780884
vt 0.362793 0.722656
vt 0.533203 0.538574
vt 0.533203 0.432617
vt 0.362793 0.843628
vt 0.712891 0.969360
vt 0.362793 0.911316
vt 0.914063 0.232910
vt 0.362793 0.984413
vt 0.533203 0.919922
vt 0.533203 0.969360
vt 0.781738 0.079102
vt 0.781738 0.027344
vt 0.388672 0.116211
vt 0.388672 0.191406
vt 0.503418 0.679199
vt 0.503418 0.191406
vt 0.503418 0.116211
vt 0.446045 0.116211
vt 0.446045 0.191406
vt 0.103821 0.799805
vt 0.072510 0.799805
vt 0.388672 0.261230
vt 0.388672 0.327637
vt 0.914063 0.079102
vt 0.914063 0.027344
vt 0.072510 0.916565
vt 0.072510 0.866943
vt 0.731934 0.860107
vt 0.731934 0.919434
vt 0.307617 0.984413
vt 0.362793 0.984413
vt 0.156250 0.646973
vt 0.731934 0.787354
vt 0.914551 0.589355
vt 0.914551 0.697998
vt 0.072510 0.659424
vt 0.103821 0.659424
vt 0.135132 0.852539
vt 0.135132 0.908936
vt 0.362793 0.590576
vt 0.135132 0.799805
vt 0.362793 0.529297
vt 0.307617 0.529297
vt 0.135132 0.750122
vt 0.731934 0.969360
vt 0.135132 0.703369
vt 0.307617 0.415527
vt 0.252197 0.415527
vt 0.252197 0.471191
vt 0.307617 0.471191
vt 0.135132 0.659424
vt 0.307617 0.359863
vt 0.252197 0.359863
vt 0.135132 0.617432
vt 0.307617 0.304199
vt 0.252197 0.304199
vt 0.362793 0.304199
vt 0.362793 0.247070
vt 0.823242 0.589355
vt 0.914551 0.589355
vt 0.914551 0.697998
vt 0.135132 0.327637
vt 0.103821 0.292480
vt 0.135132 0.292480
vt 0.446045 0.526855
vt 0.388672 0.526855
vt 0.103821 0.256348
vt 0.135132 0.256348
vt 0.623047 0.312500
vt 0.623047 0.464355
vt 0.533203 0.464355
vt 0.533203 0.312500
vt 0.712891 0.312500
vt 0.712891 0.464355
vt 0.446045 0.679199
vt 0.503418 0.679199
vt 0.446045 0.327637
vt 0.388672 0.327637
vt 0.712891 0.593018
vt 0.712891 0.700439
vt 0.072510 0.292480
vt 0.712891 0.969360
vt 0.623047 0.969360
vt 0.072510 0.256348
vt 0.503418 0.458496
vt 0.503418 0.526855
vt 0.072510 0.218750
vt 0.503418 0.392578
vt 0.072510 0.180176
vt 0.503418 0.327637
vt 0.072510 0.139648
vt 0.103821 0.139648
vt 0.226563 0.455566
vt 0.226563 0.406250
vt 0.712891 0.861206
vt 0.712891 0.789063
vt 0.533203 0.838745
vt 0.623047 0.312500
vt 0.712891 0.312500
vt 0.307617 0.441895
vt 0.252197 0.441895
vt 0.362793 0.289551
vt 0.362793 0.441895
vt 0.362793 0.480469
vt 0.362793 0.328125
vt 0.446045 0.767090
vt 0.388672 0.767090
vt 0.362793 0.365723
vt 0.307617 0.365723
vt 0.446045 0.865234
vt 0.388672 0.865234
vt 0.503418 0.392578
vt 0.388672 0.458496
vt 0.503418 0.599854
vt 0.388672 0.526855
vt 0.362793 0.520020
vt 0.156250 0.754883
vt 0.362793 0.561035
vt 0.072510 0.736572
vt 0.072510 0.671631
vt 0.362793 0.603760
vt 0.362793 0.735107
vt 0.362793 0.633545
vt 0.362793 0.648926
vt 0.914551 0.787354
vt 0.823242 0.787354
vt 0.914551 0.860107
vt 0.914551 0.919434
vt 0.362793 0.123047
vt 0.252197 0.800293
vt 0.252197 0.857544
vt 0.362793 0.334961
vt 0.252197 0.918762
vt 0.362793 0.534668
vt 0.307617 0.534668
vt 0.388672 0.767090
vt 0.252197 0.534668
vt 0.072510 0.486816
vt 0.914551 0.697998
vt 0.823242 0.697998
vt 0.307617 0.775391
vt 0.252197 0.775391
vt 0.362793 0.687500
vt 0.362793 0.775391
vt 0.712891 0.789063
vt 0.362793 0.873779
vt 0.307617 0.873779
vt 0.191406 0.923279
vt 0.191406 0.876526
vt 0.226563 0.876526
vt 0.226563 0.923279
vt 0.362793 0.984413
vt 0.307617 0.984413
vt 0.388672 0.458496
vt 0.388672 0.526855
vt 0.623047 0.464355
vt 0.712891 0.464355
vt 0.712891 0.312500
vt 0.623047 0.312500
vt 0.388672 0.975555
vt 0.623047 0.969360
vt 0.712891 0.919922
vt 0.712891 0.969360
vt 0.503418 0.297363
vt 0.503418 0.352539
vt 0.362793 0.123047
vt 0.388672 0.191406
vt 0.503418 0.679199
vt 0.503418 0.599854
vt 0.446045 0.599854
vt 0.446045 0.679199
vt 0.446045 0.240234
vt 0.388672 0.240234
vt 0.503418 0.582520
vt 0.503418 0.679199
vt 0.503418 0.599854
vt 0.731934 0.787354
vt 0.533203 0.969360
vt 0.712891 0.861206
vt 0.503418 0.261230
vt 0.503418 0.327637
vt 0.446045 0.718750
vt 0.446045 0.796021
vt 0.388672 0.796021
vt 0.388672 0.718750
vt 0.503418 0.191406
vt 0.446045 0.881287
vt 0.388672 0.881287
vt 0.503418 0.116211
vt 0.446045 0.975555
vt 0.388672 0.975555
vt 0.307617 0.534668
vt 0.362793 0.534668
vt 0.307617 0.984413
vt 0.252197 0.984413
vt 0.503418 0.718750
vt 0.503418 0.647949
vt 0.533203 0.312500
vt 0.503418 0.796021
vt 0.823242 0.969360
vt 0.914551 0.919434
vt 0.914551 0.969360
vt 0.503418 0.881287
vt 0.731934 0.969360
vt 0.503418 0.975555
vt 0.362793 0.607910
vt 0.307617 0.607910
vt 0.307617 0.889954
vt 0.252197 0.889954
vt 0.503418 0.261230
vt 0.503418 0.191406
vt 0.156250 0.685791
vt 0.156250 0.653564
vt 0.731934 0.306152
vt 0.731934 0.459473
vt 0.307617 0.123047
vt 0.362793 0.198242
vt 0.362793 0.123047
vt 0.307617 0.359863
vt 0.362793 0.359863
vt 0.914551 0.969360
vt 0.823242 0.969360
vt 0.252197 0.304199
vt 0.362793 0.850952
vt 0.362793 0.984413
vt 0.362793 0.298340
vt 0.362793 0.378418
vt 0.307617 0.378418
vt 0.252197 0.735107
vt 0.307617 0.735107
vt 0.362793 0.735107
vt 0.252197 0.359863
vt 0.307617 0.415527
vt 0.252197 0.415527
vt 0.362793 0.542480
vt 0.362793 0.633545
vt 0.307617 0.458984
vt 0.362793 0.458984
vt 0.072510 0.425781
vt 0.072510 0.395508
vt 0.252197 0.458984
vt 0.252197 0.378418
vt 0.388672 0.116211
vt 0.503418 0.463867
vt 0.503418 0.407715
vt 0.503418 0.240234
vt 0.072510 0.659424
vt 0.226563 0.329102
vt 0.191406 0.329102
vt 0.503418 0.521484
vt 0.446045 0.521484
vt 0.503418 0.323242
vt 0.503418 0.817993
vt 0.252197 0.123047
vt 0.135132 0.279297
vt 0.503418 0.748779
vt 0.503418 0.684814
vt 0.446045 0.684814
vt 0.446045 0.748779
vt 0.072510 0.139648
vt 0.503418 0.625488
vt 0.446045 0.371094
vt 0.503418 0.371094
vt 0.503418 0.570068
vt 0.446045 0.517578
vt 0.388672 0.517578
vt 0.446045 0.718750
vt 0.503418 0.718750
vt 0.446045 0.467773
vt 0.388672 0.467773
vt 0.503418 0.796021
vt 0.503418 0.881287
vt 0.135132 0.862549
vt 0.503418 0.975555
vt 0.388672 0.865234
vt 0.388672 0.767090
vt 0.503418 0.817993
vt 0.503418 0.893311
vt 0.072510 0.250977
vt 0.503418 0.116211
vt 0.072510 0.196777
vt 0.072510 0.139648
vt 0.503418 0.975555
vt 0.446045 0.570068
vt 0.503418 0.570068
vt 0.503418 0.625488
vt 0.446045 0.625488
vt 0.533203 0.789063
vt 0.533203 0.700439
vt 0.503418 0.274414
vt 0.503418 0.323242
vt 0.503418 0.191406
vt 0.503418 0.261230
vt 0.503418 0.748779
vt 0.388672 0.116211
vt 0.446045 0.116211
vt 0.446045 0.684814
vt 0.503418 0.684814
vt 0.388672 0.684814
vt 0.388672 0.625488
vt 0.135132 0.671631
vt 0.135132 0.611572
vt 0.446045 0.517578
vt 0.503418 0.517578
vt 0.503418 0.767090
vt 0.503418 0.679199
vt 0.446045 0.599854
vt 0.388672 0.599854
vt 0.388672 0.467773
vt 0.388672 0.418945
vt 0.135132 0.211914
vt 0.503418 0.371094
vt 0.156250 0.502686
vt 0.226563 0.235840
vt 0.388672 0.327637
vt 0.446045 0.224609
vt 0.503418 0.171875
vt 0.503418 0.224609
vt 0.503418 0.116211
vt 0.388672 0.224609
vt 0.191406 0.646973
vt 0.191406 0.699951
vt 0.156250 0.699951
vt 0.156250 0.646973
vt 0.388672 0.116211
vt 0.191406 0.757568
vt 0.156250 0.757568
vt 0.446045 0.975555
vt 0.388672 0.975555
vt 0.226563 0.821411
vt 0.226563 0.757568
vt 0.503418 0.975555
vt 0.503418 0.865234
vt 0.503418 0.327637
vt 0.226563 0.646973
vt 0.503418 0.392578
vt 0.226563 0.699951
vt 0.503418 0.458496
vt 0.446045 0.458496
vt 0.503418 0.526855
vt 0.446045 0.526855
vt 0.388672 0.526855
vt 0.388672 0.599854
vt 0.388672 0.458496
vt 0.446045 0.458496
vt 0.135132 0.279297
vt 0.388672 0.679199
vt 0.388672 0.767090
vt 0.388672 0.261230
vt 0.252197 0.400391
vt 0.135132 0.211914
vt 0.388672 0.865234
vt 0.388672 0.975555
vt 0.446045 0.975555
vt 0.307617 0.123047
vt 0.362793 0.123047
vt 0.135132 0.683105
vt 0.135132 0.606445
vt 0.103821 0.606445
vt 0.252197 0.123047
vt 0.252197 0.458984
vt 0.307617 0.458984
vt 0.252197 0.687500
vt 0.307617 0.687500
vt 0.307617 0.607910
vt 0.252197 0.607910
vt 0.072510 0.470215
vt 0.072510 0.535889
vt 0.362793 0.334961
vt 0.252197 0.466309
vt 0.503418 0.865234
vt 0.503418 0.767090
vt 0.307617 0.534668
vt 0.362793 0.534668
vt 0.252197 0.534668
vt 0.135132 0.767822
vt 0.135132 0.862549
vt 0.362793 0.687500
vt 0.362793 0.607910
vt 0.135132 0.969101
vt 0.307617 0.775391
vt 0.362793 0.775391
vt 0.226563 0.502686
vt 0.191406 0.297363
vt 0.226563 0.297363
vt 0.503418 0.116211
vt 0.731934 0.787354
vt 0.503418 0.865234
vt 0.503418 0.975555
vt 0.446045 0.975555
vt 0.226563 0.973740
vt 0.446045 0.975555
vt 0.388672 0.975555
vt 0.388672 0.679199
vt 0.388672 0.526855
vt 0.388672 0.599854
vt 0.156250 0.597412
vt 0.191406 0.597412
vt 0.191406 0.549805
vt 0.156250 0.549805
vt 0.156250 0.646973
vt 0.388672 0.458496
vt 0.156250 0.699951
vt 0.388672 0.392578
vt 0.503418 0.261230
vt 0.503418 0.327637
vt 0.503418 0.191406
vt 0.226563 0.916016
vt 0.191406 0.916016
vt 0.503418 0.116211
vt 0.156250 0.253418
vt 0.156250 0.167480
vt 0.446045 0.975555
vt 0.503418 0.975555
vt 0.388672 0.975555
vt 0.388672 0.881287
vt 0.156250 0.329102
vt 0.156250 0.253418
vt 0.362793 0.268066
vt 0.388672 0.599854
vt 0.388672 0.547119
vt 0.503418 0.240234
vt 0.503418 0.297363
vt 0.446045 0.297363
vt 0.446045 0.240234
vt 0.388672 0.521484
vt 0.388672 0.463867
vt 0.446045 0.463867
vt 0.226563 0.579834
vt 0.191406 0.872559
vt 0.191406 0.973740
vt 0.156250 0.973740
vt 0.156250 0.872559
vt 0.226563 0.642334
vt 0.388672 0.407715
vt 0.446045 0.407715
vt 0.226563 0.709961
vt 0.388672 0.352539
vt 0.446045 0.352539
vt 0.226563 0.785767
vt 0.388672 0.297363
vt 0.226563 0.872559
vt 0.388672 0.240234
vt 0.226563 0.973740
vt 0.388672 0.180176
vt 0.156250 0.167480
vt 0.307617 0.984413
vt 0.362793 0.984413
vt 0.388672 0.865234
vt 0.388672 0.975555
vt 0.446045 0.975555
vt 0.503418 0.392578
vt 0.503418 0.458496
vt 0.252197 0.873779
vt 0.252197 0.775391
vt 0.072510 0.292480
vt 0.252197 0.687500
vt 0.252197 0.607910
vt 0.307617 0.607910
vt 0.307617 0.687500
vt 0.362793 0.534668
vt 0.362793 0.607910
vt 0.135132 0.502441
vt 0.731934 0.919434
vt 0.731934 0.969360
vt 0.135132 0.555664
vt 0.307617 0.984413
vt 0.362793 0.984413
vt 0.135132 0.611572
vt 0.252197 0.334961
vt 0.307617 0.334961
vt 0.135132 0.671631
vt 0.252197 0.268066
vt 0.307617 0.268066
vt 0.362793 0.268066
vt 0.252197 0.123047
vt 0.252197 0.198242
vt 0.712891 0.593018
vt 0.623047 0.969360
vt 0.533203 0.969360
vt 0.533203 0.919922
vt 0.226563 0.459961
vt 0.226563 0.396973
vt 0.362793 0.727051
vt 0.156250 0.329102
vt 0.712891 0.969360
vt 0.712891 0.919922
vt 0.503418 0.458496
vt 0.503418 0.526855
vt 0.362793 0.656006
vt 0.362793 0.590576
vt 0.252197 0.529297
vt 0.156250 0.973740
vt 0.362793 0.359863
vt 0.362793 0.415527
vt 0.307617 0.415527
vt 0.307617 0.359863
vt 0.252197 0.415527
vt 0.252197 0.359863
vt 0.362793 0.304199
vt 0.307617 0.304199
vt 0.252197 0.304199
vt 0.623047 0.593018
vt 0.712891 0.593018
vt 0.252197 0.247070
vt 0.307617 0.247070
vt 0.914551 0.969360
vt 0.533203 0.464355
vt 0.533203 0.312500
vt 0.446045 0.116211
vt 0.503418 0.116211
vt 0.388672 0.116211
vt 0.103821 0.406250
vt 0.103821 0.343750
vt 0.072510 0.343750
vt 0.072510 0.406250
vt 0.103821 0.470215
vt 0.103821 0.535889
vt 0.072510 0.535889
vt 0.072510 0.470215
vt 0.503418 0.327637
vt 0.503418 0.392578
vt 0.503418 0.458496
vt 0.503418 0.526855
vt 0.503418 0.975555
vt 0.388672 0.599854
vt 0.446045 0.599854
vt 0.388672 0.679199
vt 0.446045 0.679199
vt 0.503418 0.679199
vt 0.503418 0.599854
vt 0.503418 0.767090
vt 0.252197 0.480469
vt 0.252197 0.441895
vt 0.135132 0.139648
vt 0.103821 0.139648
vt 0.103821 0.211914
vt 0.135132 0.211914
vt 0.252197 0.426270
vt 0.252197 0.378418
vt 0.307617 0.426270
vt 0.307617 0.984413
vt 0.362793 0.984413
vt 0.252197 0.984413
vt 0.252197 0.901978
vt 0.252197 0.826538
vt 0.307617 0.757080
vt 0.362793 0.757080
vt 0.252197 0.757080
vt 0.072510 0.139648
vt 0.135132 0.470215
vt 0.135132 0.406250
vt 0.252197 0.633545
vt 0.252197 0.693115
vt 0.135132 0.535889
vt 0.226563 0.253418
vt 0.226563 0.167480
vt 0.307617 0.800293
vt 0.362793 0.800293
vt 0.362793 0.746582
vt 0.362793 0.475098
vt 0.226563 0.329102
vt 0.156250 0.785767
vt 0.362793 0.426270
vt 0.072510 0.969101
vt 0.252197 0.330566
vt 0.307617 0.344238
vt 0.362793 0.344238
vt 0.252197 0.178711
vt 0.307617 0.231445
vt 0.252197 0.231445
vt 0.307617 0.687500
vt 0.252197 0.607910
vt 0.252197 0.687500
vt 0.252197 0.123047
vt 0.362793 0.231445
vt 0.226563 0.709961
vt 0.307617 0.466309
vt 0.252197 0.466309
vt 0.252197 0.534668
vt 0.226563 0.519775
vt 0.156250 0.872559
vt 0.226563 0.579834
vt 0.226563 0.642334
vt 0.731934 0.459473
vt 0.823242 0.459473
vt 0.823242 0.306152
vt 0.731934 0.306152
vt 0.914551 0.459473
vt 0.914551 0.306152
vt 0.307617 0.447266
vt 0.362793 0.447266
vt 0.362793 0.687500
vt 0.362793 0.466309
vt 0.823242 0.697998
vt 0.731934 0.697998
vt 0.446045 0.975555
vt 0.503418 0.975555
vt 0.823242 0.919434
vt 0.914551 0.919434
vt 0.731934 0.589355
vt 0.823242 0.589355
vt 0.914551 0.589355
vt 0.362793 0.268066
vt 0.914551 0.697998
vt 0.712891 0.464355
vt 0.623047 0.464355
vt 0.623047 0.312500
vt 0.712891 0.312500
vt 0.731934 0.697998
vt 0.623047 0.593018
vt 0.533203 0.593018
vt 0.533203 0.464355
vt 0.503418 0.975555
vt 0.307617 0.984413
vt 0.362793 0.984413
vt 0.362793 0.816162
vt 0.135132 0.256348
vt 0.388672 0.767090
vt 0.623047 0.861206
vt 0.712891 0.861206
vt 0.712891 0.593018
vt 0.362793 0.378418
vt 0.362793 0.458984
vt 0.388672 0.975555
vt 0.388672 0.865234
vt 0.731934 0.919434
vt 0.731934 0.969360
vt 0.503418 0.327637
vt 0.503418 0.392578
vt 0.307617 0.471191
vt 0.362793 0.471191
vt 0.307617 0.123047
vt 0.362793 0.214355
vt 0.362793 0.123047
vt 0.388672 0.261230
vt 0.446045 0.261230
vt 0.503418 0.191406
vt 0.503418 0.261230
vt 0.446045 0.191406
vt 0.226563 0.973740
vt 0.191406 0.973740
vt 0.503418 0.116211
vt 0.446045 0.116211
vt 0.362793 0.198242
vt 0.307617 0.984413
vt 0.252197 0.984413
vt 0.914551 0.860107
vt 0.362793 0.984413
vt 0.914551 0.787354
vt 0.731934 0.459473
vt 0.731934 0.306152
vt 0.914551 0.697998
vt 0.252197 0.607910
vt 0.252197 0.534668
vt 0.307617 0.534668
vt 0.914551 0.589355
vt 0.362793 0.534668
vt 0.914551 0.459473
vt 0.252197 0.466309
vt 0.914551 0.697998
vt 0.362793 0.378418
vt 0.362793 0.298340
vt 0.362793 0.458984
vt 0.191406 0.769775
vt 0.226563 0.769775
vt 0.226563 0.814697
vt 0.191406 0.814697
vt 0.156250 0.769775
vt 0.156250 0.728027
vt 0.191406 0.728027
vt 0.307617 0.123047
vt 0.252197 0.123047
vt 0.156250 0.973740
vt 0.156250 0.916016
vt 0.191406 0.916016
vt 0.191406 0.973740
vt 0.623047 0.919922
vt 0.623047 0.969360
vt 0.712891 0.969360
vt 0.712891 0.919922
vt 0.191406 0.863281
vt 0.226563 0.863281
vt 0.226563 0.916016
vt 0.156250 0.863281
vt 0.156250 0.814697
vt 0.103821 0.969101
vt 0.135132 0.969101
vt 0.533203 0.593018
vt 0.623047 0.593018
vt 0.623047 0.464355
vt 0.533203 0.464355
vt 0.712891 0.593018
vt 0.712891 0.464355
vt 0.191406 0.688965
vt 0.226563 0.688965
vt 0.226563 0.728027
vt 0.712891 0.700439
vt 0.156250 0.688965
vt 0.156250 0.652100
vt 0.191406 0.652100
vt 0.712891 0.789063
vt 0.156250 0.616943
vt 0.191406 0.616943
vt 0.623047 0.861206
vt 0.712891 0.861206
vt 0.156250 0.583008
vt 0.191406 0.583008
vt 0.156250 0.549805
vt 0.191406 0.549805
vt 0.503418 0.352539
vt 0.226563 0.483887
vt 0.226563 0.516846
vt 0.446045 0.796021
vt 0.503418 0.796021
vt 0.388672 0.582520
vt 0.156250 0.380371
vt 0.156250 0.416504
vt 0.191406 0.728027
vt 0.226563 0.728027
vt 0.191406 0.343262
vt 0.226563 0.343262
vt 0.156250 0.343262
vt 0.156250 0.303223
vt 0.191406 0.303223
vt 0.226563 0.303223
vt 0.388672 0.975555
vt 0.226563 0.261230
vt 0.191406 0.261230
vt 0.156250 0.261230
vt 0.156250 0.215820
vt 0.156250 0.167480
vt 0.156250 0.728027
vt 0.156250 0.769775
vt 0.191406 0.769775
vt 0.226563 0.769775
vt 0.388672 0.718750
vt 0.388672 0.647949
vt 0.362793 0.123047
vt 0.388672 0.796021
vt 0.156250 0.863281
vt 0.388672 0.881287
vt 0.191406 0.814697
vt 0.156250 0.814697
vt 0.388672 0.975555
vt 0.135132 0.327637
vt 0.103821 0.577637
vt 0.135132 0.577637
vt 0.156250 0.652100
vt 0.156250 0.688965
vt 0.503418 0.458496
vt 0.226563 0.583008
vt 0.191406 0.583008
vt 0.191406 0.616943
vt 0.226563 0.616943
vt 0.156250 0.583008
vt 0.156250 0.616943
vt 0.503418 0.327637
vt 0.072510 0.539307
vt 0.156250 0.549805
vt 0.226563 0.483887
vt 0.135132 0.617432
vt 0.191406 0.450684
vt 0.156250 0.450684
vt 0.191406 0.416504
vt 0.156250 0.416504
vt 0.503418 0.547119
vt 0.156250 0.785767
vt 0.226563 0.416504
vt 0.226563 0.380371
vt 0.226563 0.343262
vt 0.191406 0.303223
vt 0.156250 0.303223
vt 0.226563 0.303223
vt 0.191406 0.261230
vt 0.156250 0.261230
vt 0.226563 0.261230
vt 0.135132 0.852539
vt 0.135132 0.908936
vt 0.156250 0.215820
vt 0.156250 0.167480
vt 0.226563 0.549805
vt 0.191406 0.549805
vt 0.191406 0.973740
vt 0.191406 0.916016
vt 0.156250 0.916016
vt 0.156250 0.973740
vt 0.914551 0.459473
vt 0.914551 0.306152
vt 0.627441 0.078613
vt 0.627441 0.027344
vt 0.696289 0.027344
vt 0.761230 0.181641
vt 0.226563 0.863281
vt 0.226563 0.814697
vt 0.191406 0.863281
vt 0.761230 0.232910
vt 0.696289 0.232910
vt 0.627441 0.232910
vt 0.103821 0.139648
vt 0.135132 0.139648
vt 0.156250 0.863281
vt 0.072510 0.139648
vt 0.072510 0.180176
vt 0.072510 0.218750
vt 0.103821 0.256348
vt 0.135132 0.256348
vt 0.072510 0.256348
vt 0.072510 0.292480
vt 0.072510 0.466797
vt 0.072510 0.502441
vt 0.103821 0.502441
vt 0.226563 0.688965
vt 0.226563 0.728027
vt 0.072510 0.327637
vt 0.226563 0.652100
vt 0.226563 0.616943
vt 0.156250 0.215820
vt 0.156250 0.261230
vt 0.226563 0.583008
vt 0.156250 0.167480
vt 0.103821 0.539307
vt 0.135132 0.539307
vt 0.135132 0.502441
vt 0.072510 0.539307
vt 0.226563 0.380371
vt 0.226563 0.343262
vt 0.503418 0.439453
vt 0.135132 0.577637
vt 0.135132 0.617432
vt 0.072510 0.659424
vt 0.103821 0.659424
vt 0.135132 0.659424
vt 0.072510 0.703369
vt 0.103821 0.703369
vt 0.135132 0.703369
vt 0.072510 0.750122
vt 0.103821 0.750122
vt 0.135132 0.750122
vt 0.072510 0.799805
vt 0.103821 0.799805
vt 0.135132 0.799805
vt 0.135132 0.852539
vt 0.072510 0.208984
vt 0.135132 0.908936
vt 0.072510 0.969101
vt 0.103821 0.969101
vt 0.135132 0.502441
vt 0.914063 0.027344
vt 0.072510 0.174805
vt 0.503418 0.718750
vt 0.156250 0.728027
vt 0.252197 0.334961
vt 0.914063 0.232910
vt 0.847656 0.232910
vt 0.072510 0.456055
vt 0.388672 0.679199
vt 0.064514 0.656006
vt 0.015350 0.656006
vt 0.103821 0.365234
vt 0.072510 0.365234
vt 0.135132 0.292480
vt 0.623047 0.312500
vt 0.712891 0.312500
vt 0.191406 0.583008
vt 0.191406 0.549805
vt 0.226563 0.549805
vt 0.226563 0.583008
vt 0.388672 0.748779
vt 0.362793 0.403809
vt 0.307617 0.403809
vt 0.015350 0.275879
vt 0.064514 0.275879
vt 0.064514 0.123535
vt 0.015350 0.123535
vt 0.307617 0.378418
vt 0.252197 0.298340
vt 0.252197 0.378418
vt 0.503418 0.240234
vt 0.135132 0.302734
vt 0.191406 0.616943
vt 0.226563 0.616943
vt 0.388672 0.191406
vt 0.252197 0.247070
vt 0.015350 0.807983
vt 0.064514 0.807983
vt 0.064514 0.883972
vt 0.015350 0.883972
vt 0.072510 0.606445
vt 0.226563 0.483887
vt 0.781738 0.130371
vt 0.135132 0.139648
vt 0.362793 0.123047
vt 0.823242 0.969360
vt 0.914551 0.969360
vt 0.446045 0.116211
vt 0.503418 0.116211
vt 0.503418 0.352539
vt 0.503418 0.407715
vt 0.226563 0.792725
vt 0.226563 0.876526
vt 0.761230 0.078613
vt 0.156250 0.416504
vt 0.252197 0.334961
vt 0.503418 0.599854
vt 0.627441 0.185059
vt 0.627441 0.232910
vt 0.446045 0.599854
vt 0.503418 0.599854
vt 0.503418 0.116211
vt 0.823242 0.787354
vt 0.731934 0.787354
vt 0.135132 0.969101
vt 0.533203 0.861206
vt 0.533203 0.919922
vt 0.696289 0.027344
vt 0.761230 0.027344
vt 0.362793 0.667969
vt 0.362793 0.616943
vt 0.135132 0.431641
vt 0.761230 0.027344
vt 0.388672 0.767090
vt 0.388672 0.679199
vt 0.015350 0.351563
vt 0.064514 0.351563
vt 0.064514 0.960022
vt 0.064514 0.883972
vt 0.015350 0.883972
vt 0.015350 0.960022
vt 0.156250 0.396973
vt 0.226563 0.973740
vt 0.135132 0.518311
vt 0.135132 0.535889
vt 0.135132 0.470215
vt 0.388672 0.570068
vt 0.156250 0.597412
vt 0.135132 0.799805
vt 0.015350 0.427734
vt 0.064514 0.427734
vt 0.388672 0.526855
vt 0.135132 0.535889
vt 0.015350 0.960022
vt 0.064514 0.960022
vt 0.226563 0.549805
vt 0.226563 0.583008
vt 0.388672 0.517578
vt 0.731934 0.589355
vt 0.362793 0.534668
vt 0.156250 0.297363
vt 0.388672 0.191406
vt 0.388672 0.261230
vt 0.446045 0.975555
vt 0.503418 0.975555
vt 0.064514 0.656006
vt 0.015350 0.656006
vt 0.503418 0.865234
vt 0.072510 0.396973
vt 0.362793 0.435059
vt 0.015350 0.579834
vt 0.064514 0.579834
vt 0.064514 0.656006
vt 0.015350 0.656006
vt 0.362793 0.607910
vt 0.072510 0.352539
vt 0.156250 0.646973
vt 0.156250 0.597412
vt 0.015350 0.123535
vt 0.064514 0.123535
vt 0.064514 0.199707
vt 0.015350 0.199707
vt 0.503418 0.261230
vt 0.015350 0.960022
vt 0.064514 0.960022
vt 0.252197 0.687500
vt 0.064514 0.503662
vt 0.015350 0.503662
vt 0.064514 0.656006
vt 0.015350 0.656006
vt 0.226563 0.449219
vt 0.252197 0.800293
vt 0.731934 0.860107
vt 0.362793 0.238770
vt 0.362793 0.123047
vt 0.388672 0.327637
vt 0.914551 0.306152
vt 0.015350 0.960022
vt 0.064514 0.960022
vt 0.362793 0.687500
vt 0.064514 0.579834
vt 0.015350 0.579834
vt 0.627441 0.130371
vt 0.252197 0.344238
vt 0.156250 0.872559
vt 0.015350 0.960022
vt 0.064514 0.960022
vt 0.362793 0.775391
vt 0.503418 0.975555
vt 0.226563 0.519775
vt 0.064514 0.579834
vt 0.015350 0.579834
vt 0.064514 0.427734
vt 0.015350 0.427734
vt 0.731934 0.919434
vt 0.388672 0.767090
vt 0.252197 0.344238
vt 0.252197 0.447266
vt 0.064514 0.351563
vt 0.015350 0.351563
vt 0.533203 0.969360
vt 0.307617 0.984413
vt 0.252197 0.984413
vt 0.226563 0.973740
vt 0.064514 0.123535
vt 0.015350 0.123535
vt 0.135132 0.431641
vt 0.823242 0.787354
vt 0.914551 0.787354
vt 0.362793 0.304199
vt 0.307617 0.304199
vt 0.156250 0.814697
vt 0.446045 0.975555
vt 0.388672 0.975555
vt 0.156250 0.916016
vt 0.503418 0.534668
vt 0.388672 0.116211
vt 0.446045 0.116211
vt 0.064514 0.199707
vt 0.064514 0.123535
vt 0.015350 0.123535
vt 0.015350 0.199707
vt 0.226563 0.685791
vt 0.503418 0.625488
vt 0.072510 0.969101
vt 0.226563 0.688965
vt 0.226563 0.728027
vt 0.191406 0.652100
vt 0.226563 0.652100
vt 0.072510 0.606445
vt 0.823242 0.969360
vt 0.731934 0.969360
vt 0.731934 0.969360
vt 0.503418 0.463867
vt 0.072510 0.852539
vt 0.072510 0.799805
vt 0.156250 0.167480
vt 0.362793 0.735107
vt 0.362793 0.633545
vt 0.191406 0.167480
vt 0.226563 0.167480
vt 0.072510 0.362305
vt 0.914551 0.787354
vt 0.533203 0.593018
vt 0.252197 0.123047
vt 0.503418 0.975555
vt 0.627441 0.232910
vt 0.503418 0.463867
vt 0.362793 0.555176
vt 0.191406 0.699951
vt 0.156250 0.699951
vt 0.388672 0.718750
vt 0.388672 0.647949
vt 0.975098 0.127930
vt 0.934082 0.127930
vt 0.135132 0.335449
vt 0.135132 0.304688
vt 0.135132 0.365234
vt 0.135132 0.211914
vt 0.135132 0.139648
vt 0.388672 0.521484
vt 0.388672 0.582520
vt 0.135132 0.619385
vt 0.103821 0.619385
vt 0.627441 0.130371
vt 0.135132 0.852539
vt 0.252197 0.123047
vt 0.072510 0.908936
vt 0.156250 0.973740
vt 0.362793 0.400391
vt 0.533203 0.861206
vt 0.823242 0.787354
vt 0.731934 0.787354
vt 0.064514 0.960022
vt 0.015350 0.960022
vt 0.503418 0.327637
vt 0.914551 0.697998
vt 0.072510 0.396973
vt 0.072510 0.362305
vt 0.103821 0.969101
vt 0.072510 0.969101
vt 0.156250 0.973740
vt 0.135132 0.969101
vt 0.362793 0.359863
vt 0.388672 0.679199
vt 0.388672 0.599854
vt 0.103821 0.139648
vt 0.072510 0.139648
vt 0.503418 0.526855
vt 0.503418 0.599854
vt 0.712891 0.969360
vt 0.533203 0.312500
vt 0.252197 0.889954
vt 0.156250 0.597412
vt 0.191406 0.642334
vt 0.226563 0.642334
vt 0.388672 0.261230
vt 0.191406 0.973740
vt 0.226563 0.973740
vt 0.533203 0.464355
vt 0.533203 0.312500
vt 0.914551 0.589355
vt 0.914551 0.306152
vt 0.914551 0.459473
vt 0.503418 0.599854
vt 0.135132 0.969101
vt 0.156250 0.549805
vt 0.226563 0.354004
vt 0.252197 0.268066
vt 0.362793 0.359863
vt 0.362793 0.304199
vt 0.975098 0.383789
vt 0.934082 0.383789
vt 0.362793 0.529297
vt 0.135132 0.250977
vt 0.135132 0.302734
vt 0.064514 0.351563
vt 0.015350 0.351563
vt 0.388672 0.599854
vt 0.712891 0.789063
vt 0.362793 0.577881
vt 0.712891 0.700439
vt 0.503418 0.327637
vt 0.388672 0.458496
vt 0.226563 0.450684
vt 0.226563 0.916016
vt 0.307617 0.984413
vt 0.252197 0.984413
vt 0.362793 0.307617
vt 0.156250 0.549805
vt 0.064514 0.123535
vt 0.015350 0.123535
vt 0.503418 0.261230
vt 0.503418 0.191406
vt 0.761230 0.027344
vt 0.761230 0.078613
vt 0.252197 0.123047
vt 0.252197 0.984413
vt 0.252197 0.816162
vt 0.388672 0.116211
vt 0.064514 0.123535
vt 0.015350 0.123535
vt 0.731934 0.697998
vt 0.731934 0.787354
vt 0.627441 0.232910
vt 0.252197 0.403809
vt 0.252197 0.365723
vt 0.064514 0.275879
vt 0.015350 0.275879
vt 0.072510 0.302734
vt 0.103821 0.279297
vt 0.072510 0.279297
vt 0.781738 0.027344
vt 0.156250 0.167480
vt 0.156250 0.253418
vt 0.362793 0.471191
vt 0.533203 0.969360
vt 0.503418 0.392578
vt 0.252197 0.984413
vt 0.252197 0.304199
vt 0.064514 0.351563
vt 0.015350 0.351563
vt 0.252197 0.359863
vt 0.064514 0.579834
vt 0.015350 0.579834
vt 0.823242 0.969360
vt 0.731934 0.969360
vt 0.226563 0.597412
vt 0.252197 0.264160
vt 0.388672 0.116211
vt 0.135132 0.619385
vt 0.226563 0.549805
vt 0.015350 0.656006
vt 0.064514 0.656006
vt 0.503418 0.458496
vt 0.252197 0.889954
vt 0.156250 0.167480
vt 0.015350 0.960022
vt 0.064514 0.960022
vt 0.135132 0.969101
vt 0.156250 0.419434
vt 0.064514 0.199707
vt 0.015350 0.199707
vt 0.015350 0.123535
vt 0.064514 0.123535
vt 0.226563 0.699951
vt 0.252197 0.471191
vt 0.503418 0.625488
vt 0.503418 0.407715
vt 0.503418 0.352539
vt 0.226563 0.973740
vt 0.503418 0.297363
vt 0.503418 0.240234
vt 0.914551 0.969360
vt 0.503418 0.180176
vt 0.135132 0.659424
vt 0.503418 0.116211
vt 0.781738 0.232910
vt 0.781738 0.181641
vt 0.847656 0.232910
vt 0.252197 0.415527
vt 0.914063 0.232910
vt 0.761230 0.027344
vt 0.914063 0.027344
vt 0.135132 0.139648
vt 0.914551 0.787354
vt 0.503418 0.517578
vt 0.503418 0.467773
vt 0.072510 0.327637
vt 0.103821 0.352539
vt 0.135132 0.352539
vt 0.252197 0.471191
vt 0.446045 0.975555
vt 0.503418 0.975555
vt 0.388672 0.767090
vt 0.388672 0.865234
vt 0.388672 0.599854
vt 0.072510 0.799805
vt 0.388672 0.261230
vt 0.627441 0.078613
vt 0.503418 0.679199
vt 0.503418 0.767090
vt 0.503418 0.526855
vt 0.503418 0.679199
vt 0.446045 0.679199
vt 0.446045 0.599854
vt 0.503418 0.599854
vt 0.064514 0.656006
vt 0.064514 0.731934
vt 0.015350 0.731934
vt 0.015350 0.656006
vt 0.388672 0.116211
vt 0.156250 0.356445
vt 0.156250 0.549805
vt 0.307617 0.984413
vt 0.362793 0.984413
vt 0.362793 0.873779
vt 0.307617 0.873779
vt 0.072510 0.139648
vt 0.503418 0.599854
vt 0.914063 0.181641
vt 0.252197 0.607910
vt 0.781738 0.232910
vt 0.847656 0.232910
vt 0.362793 0.415527
vt 0.362793 0.365723
vt 0.914063 0.232910
vt 0.072510 0.862549
vt 0.503418 0.526855
vt 0.446045 0.526855
vt 0.156250 0.329102
vt 0.362793 0.231445
vt 0.362793 0.667969
vt 0.252197 0.392578
vt 0.252197 0.435059
vt 0.503418 0.526855
vt 0.015350 0.731934
vt 0.064514 0.731934
vt 0.226563 0.167480
vt 0.015350 0.731934
vt 0.064514 0.731934
vt 0.135132 0.273438
vt 0.156250 0.652100
vt 0.252197 0.901978
vt 0.388672 0.975555
vt 0.446045 0.975555
vt 0.252197 0.984413
vt 0.252197 0.873779
vt 0.226563 0.167480
vt 0.135132 0.327637
vt 0.226563 0.719482
vt 0.072510 0.799805
vt 0.064514 0.427734
vt 0.015350 0.427734
vt 0.362793 0.378418
vt 0.362793 0.542480
vt 0.503418 0.116211
vt 0.362793 0.873779
vt 0.072510 0.659424
vt 0.388672 0.975555
vt 0.533203 0.631104
vt 0.135132 0.279297
vt 0.503418 0.599854
vt 0.388672 0.526855
vt 0.307617 0.984413
vt 0.252197 0.984413
vt 0.072510 0.577637
vt 0.072510 0.539307
vt 0.503418 0.679199
vt 0.135132 0.466797
vt 0.135132 0.502441
vt 0.533203 0.312500
vt 0.388672 0.599854
vt 0.388672 0.679199
vt 0.533203 0.593018
vt 0.388672 0.767090
vt 0.135132 0.655518
vt 0.446045 0.975555
vt 0.388672 0.975555
vt 0.072510 0.619385
vt 0.252197 0.607910
vt 0.064514 0.427734
vt 0.015350 0.427734
vt 0.226563 0.167480
vt 0.362793 0.400391
vt 0.362793 0.466309
vt 0.362793 0.984413
vt 0.015350 0.123535
vt 0.064514 0.123535
vt 0.731934 0.969360
vt 0.015350 0.503662
vt 0.064514 0.503662
vt 0.388672 0.231445
vt 0.388672 0.526855
vt 0.388672 0.975555
vt 0.252197 0.123047
vt 0.503418 0.116211
vt 0.362793 0.334961
vt 0.252197 0.984413
vt 0.362793 0.268066
vt 0.533203 0.464355
vt 0.252197 0.984413
vt 0.362793 0.334961
vt 0.362793 0.400391
vt 0.156250 0.973740
vt 0.156250 0.923279
vt 0.226563 0.249512
vt 0.388672 0.679199
vt 0.135132 0.767822
vt 0.446045 0.418945
vt 0.503418 0.418945
vt 0.388672 0.975555
vt 0.015350 0.960022
vt 0.064514 0.960022
vt 0.064514 0.883972
vt 0.015350 0.883972
vt 0.914551 0.697998
vt 0.446045 0.975555
vt 0.388672 0.975555
vt 0.503418 0.526855
vt 0.388672 0.116211
vt 0.135132 0.139648
vt 0.156250 0.583008
vt 0.362793 0.889954
vt 0.503418 0.116211
vt 0.252197 0.187012
vt 0.362793 0.415527
vt 0.072510 0.211914
vt 0.015350 0.960022
vt 0.064514 0.960022
vt 0.252197 0.529297
vt 0.252197 0.123047
vt 0.627441 0.027344
vt 0.252197 0.123047
vt 0.226563 0.973740
vt 0.252197 0.775391
vt 0.072510 0.969101
vt 0.388672 0.975555
vt 0.072510 0.866943
vt 0.388672 0.582520
vt 0.388672 0.647949
vt 0.226563 0.814697
vt 0.362793 0.568359
vt 0.503418 0.975555
vt 0.914551 0.969360
vt 0.446045 0.116211
vt 0.503418 0.116211
vt 0.503418 0.865234
vt 0.761230 0.027344
vt 0.823242 0.306152
vt 0.914551 0.306152
vt 0.975098 0.063965
vt 0.934082 0.063965
vt 0.156250 0.616943
vt 0.388672 0.975555
vt 0.362793 0.984413
vt 0.156250 0.973740
vt 0.156250 0.973740
vt 0.362793 0.984413
vt 0.362793 0.850952
vt 0.015350 0.731934
vt 0.064514 0.731934
vt 0.503418 0.526855
vt 0.533203 0.312500
vt 0.252197 0.458984
vt 0.072510 0.352539
vt 0.914551 0.919434
vt 0.362793 0.247070
vt 0.503418 0.116211
vt 0.503418 0.180176
vt 0.135132 0.969101
vt 0.362793 0.520020
vt 0.503418 0.407715
vt 0.252197 0.123047
vt 0.362793 0.984413
vt 0.064514 0.960022
vt 0.015350 0.960022
vt 0.362793 0.984413
vt 0.072510 0.302734
vt 0.731934 0.969360
vt 0.252197 0.534668
vt 0.226563 0.973740
vt 0.252197 0.466309
vt 0.362793 0.984413
vt 0.731934 0.860107
vt 0.362793 0.466309
vt 0.914551 0.306152
vt 0.362793 0.123047
vt 0.975098 0.511475
vt 0.934082 0.511475
vt 0.503418 0.975555
vt 0.533203 0.312500
vt 0.388672 0.748779
vt 0.388672 0.458496
vt 0.731934 0.919434
vt 0.072510 0.362305
vt 0.388672 0.679199
vt 0.226563 0.973740
vt 0.533203 0.861206
vt 0.503418 0.975555
vt 0.388672 0.684814
vt 0.388672 0.116211
vt 0.135132 0.969101
vt 0.072510 0.139648
vt 0.503418 0.458496
vt 0.503418 0.526855
vt 0.388672 0.371094
vt 0.388672 0.418945
vt 0.388672 0.224609
vt 0.015350 0.960022
vt 0.064514 0.960022
vt 0.064514 0.731934
vt 0.015350 0.731934
vt 0.226563 0.833252
vt 0.503418 0.116211
vt 0.388672 0.767090
vt 0.156250 0.287109
vt 0.503418 0.458496
vt 0.226563 0.892822
vt 0.191406 0.973740
vt 0.156250 0.973740
vt 0.226563 0.973740
vt 0.533203 0.919922
vt 0.503418 0.327637
vt 0.503418 0.116211
vt 0.503418 0.975555
vt 0.503418 0.975555
vt 0.015350 0.960022
vt 0.064514 0.960022
vt 0.761230 0.232910
vt 0.252197 0.471191
vt 0.252197 0.873779
vt 0.252197 0.984413
vt 0.388672 0.458496
vt 0.226563 0.769775
vt 0.252197 0.123047
vt 0.135132 0.139648
vt 0.156250 0.167480
vt 0.503418 0.975555
vt 0.252197 0.984413
vt 0.388672 0.116211
vt 0.388672 0.975555
vt 0.503418 0.116211
vt 0.252197 0.984413
vt 0.064514 0.960022
vt 0.015350 0.960022
vt 0.975098 0.063965
vt 0.934082 0.063965
vt 0.072510 0.969101
vt 0.015350 0.807983
vt 0.064514 0.807983
vt 0.252197 0.984413
vt 0.503418 0.975555
vt 0.156250 0.642334
vt 0.064514 0.123535
vt 0.015350 0.123535
vt 0.072510 0.139648
vt 0.226563 0.616943
vt 0.135132 0.969101
vt 0.388672 0.116211
vt 0.731934 0.697998
vt 0.533203 0.312500
vt 0.731934 0.589355
vt 0.533203 0.711182
vt 0.388672 0.116211
vt 0.503418 0.975555
vt 0.362793 0.268066
vt 0.226563 0.652100
vt 0.533203 0.969360
vt 0.135132 0.406250
vt 0.072510 0.969101
vt 0.135132 0.343750
vt 0.072510 0.139648
vt 0.533203 0.969360
vt 0.135132 0.139648
vt 0.156250 0.876526
vt 0.731934 0.969360
vt 0.781738 0.232910
vt 0.252197 0.281738
vt 0.388672 0.116211
vt 0.362793 0.334961
vt 0.252197 0.984413
vt 0.503418 0.599854
vt 0.072510 0.250977
vt 0.503418 0.975555
vt 0.252197 0.984413
vt 0.731934 0.306152
vt 0.533203 0.969360
vt 0.623047 0.312500
vt 0.533203 0.312500
vt 0.975098 0.511475
vt 0.934082 0.511475
vt 0.914551 0.969360
vt 0.362793 0.123047
vt 0.712891 0.312500
vt 0.388672 0.547119
vt 0.072510 0.969101
vt 0.503418 0.407715
vn -0.838396 -0.343998 -0.422798
vn -0.805168 -0.387685 -0.448782
vn -0.624390 -0.389993 -0.676789
vn -0.672177 -0.303389 -0.675377
vn 0.252296 0.615591 -0.746589
vn -0.039501 0.692518 -0.720319
vn 0.002900 0.715009 -0.699109
vn 0.288509 0.627119 -0.723522
vn 0.794482 0.475789 0.377391
vn 0.872488 0.388095 0.296896
vn 0.880603 0.366301 0.300601
vn 0.821433 0.403516 0.403016
vn 0.872488 0.388095 0.296896
vn 0.932707 0.241202 0.268102
vn 0.924426 0.277108 0.262007
vn 0.880603 0.366301 0.300601
vn 0.205390 0.566773 -0.797862
vn 0.164696 0.474190 -0.864881
vn -0.127799 0.516996 -0.846394
vn -0.083500 0.631701 -0.770702
vn -0.127799 0.516996 -0.846394
vn -0.398723 0.516130 -0.758044
vn -0.352289 0.641680 -0.681278
vn -0.083500 0.631701 -0.770702
vn -0.868731 -0.085103 -0.487917
vn -0.710317 -0.038701 -0.702817
vn -0.669297 -0.226599 -0.707597
vn -0.836421 -0.238006 -0.493713
vn 0.141101 0.350403 -0.925909
vn 0.131297 0.258393 -0.957076
vn -0.159202 0.285004 -0.945213
vn -0.149899 0.381597 -0.912093
vn 0.131297 0.258393 -0.957076
vn 0.127306 0.174208 -0.976445
vn -0.164399 0.198599 -0.966194
vn -0.159202 0.285004 -0.945213
vn -0.900341 0.150807 -0.408219
vn -0.901594 0.274298 -0.334498
vn -0.746320 0.355310 -0.562815
vn -0.741286 0.230996 -0.630188
vn -0.163191 0.121794 -0.979048
vn -0.438501 0.135200 -0.888503
vn -0.437592 0.205896 -0.875283
vn -0.164399 0.198599 -0.966194
vn 0.126406 0.097804 -0.987145
vn 0.122896 0.022499 -0.992165
vn -0.162099 0.046200 -0.985693
vn -0.163191 0.121794 -0.979048
vn 0.115405 -0.059402 -0.991541
vn -0.173801 -0.036400 -0.984108
vn -0.162099 0.046200 -0.985693
vn 0.122896 0.022499 -0.992165
vn -0.163903 0.226104 0.960215
vn -0.203299 0.052700 0.977697
vn 0.087397 0.151596 0.984571
vn 0.075999 0.192298 0.978389
vn -0.947069 0.256091 0.193594
vn -0.954670 0.222893 0.197294
vn -0.884163 0.393584 0.251690
vn -0.892323 0.372809 0.254506
vn -0.889491 0.448996 0.084899
vn -0.865330 0.496417 0.069102
vn -0.760584 0.635387 -0.133397
vn -0.790595 0.604496 -0.097699
vn 0.104300 -0.217801 -0.970404
vn -0.201104 -0.214404 -0.955818
vn -0.195804 -0.123603 -0.972822
vn 0.104997 -0.142795 -0.984167
vn 0.299899 -0.054800 -0.952396
vn 0.557021 -0.024701 -0.830131
vn 0.525492 -0.050699 -0.849287
vn 0.263404 -0.109802 -0.958416
vn 0.365411 0.005600 -0.930829
vn 0.100802 0.095402 -0.990322
vn 0.049202 -0.127305 -0.990642
vn 0.307408 -0.163504 -0.937425
vn -0.109900 -0.366001 -0.924102
vn -0.022401 -0.362418 -0.931746
vn -0.347610 -0.382611 -0.856024
vn -0.390306 -0.384806 -0.836413
vn -0.971918 0.208604 -0.108902
vn -0.963359 0.262089 -0.056998
vn -0.865310 0.474506 -0.161502
vn -0.867301 0.458000 -0.195000
vn 0.779894 0.619595 -0.088699
vn 0.602328 0.740934 -0.297014
vn 0.571492 0.748489 -0.336395
vn 0.749723 0.650220 -0.123004
vn 0.975206 0.220301 -0.021000
vn 0.878831 0.458016 -0.133705
vn 0.871367 0.461483 -0.166594
vn 0.971497 0.233099 -0.043100
vn -0.921796 0.143099 0.360298
vn -0.922379 0.179796 0.341892
vn -0.864397 0.182299 0.468598
vn -0.850586 0.079499 0.519792
vn 0.025800 -0.275699 -0.960898
vn 0.049202 -0.127305 -0.990642
vn -0.254896 -0.071999 -0.964284
vn -0.292998 -0.253499 -0.921895
vn 0.100802 0.095402 -0.990322
vn -0.177597 0.177397 -0.967982
vn -0.254896 -0.071999 -0.964284
vn 0.049202 -0.127305 -0.990642
vn 0.365411 0.005600 -0.930829
vn 0.433298 0.104299 -0.895195
vn 0.173606 0.228108 -0.958033
vn 0.100802 0.095402 -0.990322
vn 0.173606 0.228108 -0.958033
vn -0.093399 0.331297 -0.938892
vn -0.177597 0.177397 -0.967982
vn 0.100802 0.095402 -0.990322
vn 0.433298 0.104299 -0.895195
vn 0.475518 0.118905 -0.871633
vn 0.229001 0.262001 -0.937504
vn 0.173606 0.228108 -0.958033
vn -0.043901 0.069302 -0.996629
vn -0.105902 0.068501 -0.992014
vn 0.158393 -0.145094 -0.976657
vn 0.185694 -0.157695 -0.969871
vn -0.415291 -0.278894 0.865882
vn -0.357395 -0.373795 0.855889
vn -0.467981 -0.214291 0.857364
vn -0.510792 -0.123498 0.850788
vn 0.252098 0.014600 -0.967592
vn 0.227608 0.070002 -0.971233
vn 0.292897 -0.246997 -0.923690
vn 0.290492 -0.302291 -0.907874
vn 0.877626 0.476814 -0.049201
vn 0.716324 0.667523 -0.203207
vn 0.732010 0.658909 -0.173202
vn 0.890064 0.453281 -0.048198
vn 0.264794 -0.206296 -0.941980
vn 0.223806 -0.183905 -0.957126
vn 0.357994 -0.387794 -0.849386
vn 0.346093 -0.438191 -0.829583
vn 0.036100 0.087699 -0.995493
vn 0.223806 -0.183905 -0.957126
vn 0.264794 -0.206296 -0.941980
vn 0.140494 0.099596 -0.985059
vn 0.223806 -0.183905 -0.957126
vn 0.185694 -0.157695 -0.969871
vn 0.359916 -0.334815 -0.870839
vn 0.357994 -0.387794 -0.849386
vn 0.036100 0.087699 -0.995493
vn -0.043901 0.069302 -0.996629
vn 0.185694 -0.157695 -0.969871
vn 0.223806 -0.183905 -0.957126
vn -0.485009 -0.059001 0.872517
vn -0.424017 -0.142106 0.894436
vn -0.134694 0.008100 0.990854
vn -0.234202 0.091101 0.967910
vn -0.105902 0.068501 -0.992014
vn -0.181291 0.051998 -0.982054
vn 0.117294 -0.129994 -0.984553
vn 0.158393 -0.145094 -0.976657
vn 0.059701 -0.133002 -0.989316
vn 0.279507 -0.214305 -0.935922
vn 0.313610 -0.248608 -0.916429
vn 0.117294 -0.129994 -0.984553
vn 0.007100 -0.158505 -0.987333
vn 0.253292 -0.190894 -0.948369
vn 0.279507 -0.214305 -0.935922
vn 0.059701 -0.133002 -0.989316
vn -0.810410 0.181602 0.557007
vn -0.807633 0.060002 0.586624
vn -0.690919 0.267507 0.671618
vn -0.635825 0.411916 0.652726
vn 0.950284 -0.106798 -0.292495
vn 0.910715 -0.232904 -0.341106
vn 0.797490 -0.193698 -0.571393
vn 0.847832 -0.052902 -0.527620
vn -0.030301 -0.178706 -0.983436
vn 0.240009 -0.119905 -0.963337
vn 0.242291 -0.175693 -0.954163
vn -0.021600 -0.193897 -0.980784
vn -0.330799 -0.196599 -0.922996
vn -0.321813 -0.228010 -0.918938
vn -0.030301 -0.178706 -0.983436
vn -0.021600 -0.193897 -0.980784
vn 0.830978 0.388690 -0.397990
vn 0.793244 0.326718 -0.513828
vn 0.612309 0.433907 -0.660910
vn 0.646568 0.514575 -0.563172
vn 0.877126 -0.444313 0.182305
vn 0.851402 -0.494601 0.174600
vn 0.967570 -0.206494 0.145495
vn 0.976112 -0.167402 0.138502
vn -0.038998 -0.067497 -0.996957
vn -0.080103 0.077903 -0.993738
vn 0.173392 0.177891 -0.968654
vn 0.216909 0.017201 -0.976040
vn 0.586213 0.739317 -0.331308
vn 0.798315 0.559510 -0.222804
vn 0.798903 0.545102 -0.254201
vn 0.585775 0.720169 -0.371784
vn -0.936791 0.230998 0.262798
vn -0.882288 0.357595 0.306096
vn -0.896702 0.419001 0.142700
vn -0.905913 0.396006 0.150002
vn -0.105906 0.634733 -0.765440
vn -0.087898 0.718181 -0.690282
vn 0.200995 0.720781 -0.663382
vn 0.164496 0.646485 -0.744982
vn 0.030300 0.384304 -0.922709
vn 0.027200 0.535499 -0.844098
vn 0.322497 0.501996 -0.802493
vn 0.304696 0.398694 -0.864988
vn -0.599482 0.560484 0.571383
vn -0.664118 0.574016 0.479013
vn -0.882288 0.357595 0.306096
vn -0.849504 0.393702 0.351202
vn -0.160507 0.265912 -0.950541
vn -0.171795 0.323590 -0.930471
vn 0.121400 0.403701 -0.906801
vn 0.116707 0.375722 -0.919354
vn -0.489099 0.592499 0.640099
vn -0.499497 0.696695 0.514897
vn -0.664118 0.574016 0.479013
vn -0.599482 0.560484 0.571383
vn 0.263404 -0.109802 -0.958416
vn 0.525492 -0.050699 -0.849287
vn 0.490003 -0.097901 -0.866206
vn 0.218193 -0.178894 -0.959369
vn 0.719707 0.211102 0.661406
vn 0.688328 0.537422 0.487220
vn 0.830075 0.233993 0.506185
vn 0.743801 0.000400 0.668401
vn -0.008100 0.681900 -0.731400
vn 0.054601 0.734408 -0.676508
vn 0.360412 0.676122 -0.642621
vn 0.274600 0.652700 -0.706100
vn -0.060000 0.750799 -0.657800
vn 0.236702 0.757506 -0.608405
vn 0.200995 0.720781 -0.663382
vn -0.087898 0.718181 -0.690282
vn -0.684599 -0.248100 -0.685399
vn -0.473889 -0.169696 -0.864079
vn -0.417909 -0.177804 -0.890920
vn -0.643598 -0.241399 -0.726298
vn 0.979519 0.196004 0.046101
vn 0.891516 0.448808 -0.061401
vn 0.887002 0.452201 -0.093500
vn 0.978264 0.207192 0.008400
vn -0.383307 0.923417 -0.019400
vn -0.398811 0.917025 -0.004000
vn -0.432611 0.901322 -0.021601
vn -0.426114 0.904230 -0.028201
vn 0.663307 0.705707 -0.249002
vn 0.673932 0.705833 -0.218210
vn 0.633031 0.749936 -0.192009
vn 0.629577 0.756673 -0.176294
vn -0.900341 0.150807 -0.408219
vn -0.741286 0.230996 -0.630188
vn -0.731421 0.119804 -0.671320
vn -0.887797 0.047300 -0.457798
vn -0.782736 0.368917 0.501223
vn -0.772188 0.387194 0.503792
vn -0.829387 0.306195 0.467292
vn -0.822079 0.328592 0.464988
vn 0.947111 0.001100 0.320904
vn 0.962360 0.241690 0.124295
vn 0.886291 0.387396 0.253797
vn 0.862020 0.179804 0.473911
vn -0.628695 0.582596 0.515096
vn -0.544300 0.620000 0.565100
vn -0.674691 0.513093 0.530593
vn -0.729096 0.440398 0.523897
vn 0.961735 -0.273710 0.012200
vn 0.926787 -0.373495 0.039599
vn 0.872462 -0.429781 -0.232590
vn 0.916391 -0.321697 -0.238198
vn 0.739125 0.571919 -0.355812
vn 0.878505 0.442403 -0.180301
vn 0.885122 0.398210 -0.240806
vn 0.741999 0.490499 -0.456999
vn -0.277994 0.772384 0.571088
vn -0.267391 0.774574 0.573181
vn -0.293903 0.774607 0.560005
vn -0.318590 0.768075 0.555482
vn -0.964841 0.211009 0.156707
vn -0.964590 0.261297 0.035900
vn -0.934997 0.341999 0.093900
vn -0.944286 0.238796 0.226497
vn -0.980902 0.170500 0.093600
vn -0.983280 0.179496 0.030699
vn -0.964590 0.261297 0.035900
vn -0.964841 0.211009 0.156707
vn 0.724689 0.656490 -0.209397
vn 0.712710 0.675010 -0.190803
vn 0.708945 0.673643 -0.208813
vn 0.714129 0.665527 -0.217009
vn -0.880630 0.366312 0.300510
vn -0.872488 0.388095 0.296896
vn -0.794474 0.475884 0.377287
vn -0.821466 0.403483 0.402983
vn 0.752376 0.633180 -0.181694
vn 0.723891 0.675992 -0.137898
vn 0.712710 0.675010 -0.190803
vn 0.724689 0.656490 -0.209397
vn 0.941386 -0.206297 0.266896
vn 0.988156 0.045698 0.146493
vn 0.988577 0.030499 0.147597
vn 0.941608 -0.242402 0.233702
vn 0.824530 0.563020 -0.056202
vn 0.770024 0.637119 0.033801
vn 0.742291 0.667792 -0.055299
vn 0.791368 0.597076 -0.131295
vn -0.944286 0.238796 0.226497
vn -0.934997 0.341999 0.093900
vn -0.920434 0.334413 0.202408
vn -0.931087 0.250496 0.265196
vn 0.845804 0.529902 0.061800
vn 0.854667 0.518480 0.026899
vn 0.849695 0.524097 0.057800
vn 0.854663 0.516978 0.047798
vn -0.508112 -0.121203 -0.852720
vn -0.245701 0.025800 -0.969002
vn -0.336685 -0.066597 -0.939259
vn -0.570587 -0.208295 -0.794382
vn 0.981993 -0.058300 0.179699
vn 0.992695 -0.073600 0.095600
vn 0.985779 -0.090498 -0.141597
vn 0.997768 -0.013500 -0.065398
vn 0.021700 0.781913 -0.623010
vn 0.339606 0.738714 -0.582211
vn 0.178496 0.742883 -0.645185
vn -0.107804 0.738729 -0.665326
vn 0.924308 -0.116901 0.363303
vn 0.984541 -0.172407 0.030901
vn 0.992695 -0.073600 0.095600
vn 0.907582 -0.032799 0.418592
vn 0.820934 0.307713 -0.481020
vn 0.823093 0.332497 -0.460396
vn 0.823229 0.297010 -0.483817
vn 0.822056 0.284785 -0.493074
vn 0.821194 -0.278998 -0.497796
vn 0.712552 -0.307679 -0.630558
vn 0.764957 -0.428376 -0.480973
vn 0.841914 -0.379306 -0.383806
vn -0.731795 0.661795 -0.162799
vn -0.732010 0.658909 -0.173202
vn -0.890059 0.453279 -0.048298
vn -0.891511 0.448805 -0.061501
vn 0.353504 -0.347204 -0.868610
vn 0.617200 -0.248900 -0.746400
vn 0.571894 -0.285097 -0.769192
vn 0.298698 -0.373098 -0.878395
vn 0.903898 0.418599 0.088000
vn 0.936909 0.344403 -0.059901
vn 0.955124 0.201505 0.217105
vn 0.917223 0.199005 0.345108
vn 0.579806 -0.332304 -0.743908
vn 0.633498 -0.243899 -0.734298
vn 0.561092 -0.382094 -0.734289
vn 0.552212 -0.394209 -0.734616
vn 0.545101 0.826102 0.142900
vn 0.551727 0.824740 0.124106
vn 0.655919 0.752622 0.057702
vn 0.660838 0.749043 0.047203
vn 0.846023 0.445412 -0.293008
vn 0.936909 0.344403 -0.059901
vn 0.903898 0.418599 0.088000
vn 0.812798 0.574698 -0.095300
vn -0.093803 0.240007 -0.966229
vn -0.094199 -0.111499 -0.989290
vn 0.326282 -0.240187 -0.914249
vn 0.429108 0.117202 -0.895617
vn -0.222900 0.842801 -0.489900
vn 0.047899 0.870075 -0.490586
vn 0.015500 0.812106 -0.583304
vn -0.264698 0.782493 -0.563595
vn 0.903374 -0.282692 0.322491
vn 0.926787 -0.373495 0.039599
vn 0.961735 -0.273710 0.012200
vn 0.927364 -0.189393 0.322687
vn -0.082897 0.853968 -0.513681
vn 0.103199 0.853188 -0.511293
vn -0.035198 0.880051 -0.473573
vn -0.213499 0.854695 -0.473197
vn 0.968467 0.245192 -0.044198
vn 0.854842 0.448770 -0.260482
vn 0.863827 0.489115 -0.120704
vn 0.961776 0.260893 0.083198
vn 0.441189 0.741781 -0.505087
vn 0.496526 0.815443 -0.297516
vn 0.248008 0.864030 -0.438115
vn 0.297309 0.793023 -0.531716
vn 0.218193 -0.178894 -0.959369
vn 0.490003 -0.097901 -0.866206
vn 0.452518 -0.175907 -0.874234
vn 0.167402 -0.262103 -0.950410
vn -0.551790 -0.472692 -0.687088
vn -0.561092 -0.382094 -0.734289
vn -0.552102 -0.394202 -0.734703
vn -0.588010 -0.393807 -0.706513
vn -0.360987 0.003100 -0.932566
vn -0.094199 -0.111499 -0.989290
vn -0.093803 0.240007 -0.966229
vn -0.336799 0.258499 -0.905397
vn 0.744577 0.411287 -0.525784
vn 0.729943 0.335620 -0.595435
vn 0.787807 0.416004 -0.454204
vn 0.792409 0.401405 -0.459305
vn 0.580915 0.440112 -0.684718
vn 0.514005 0.463304 -0.721906
vn 0.631625 0.399816 -0.664227
vn 0.677913 0.428408 -0.597411
vn -0.917194 0.205599 -0.341298
vn -0.959408 0.253002 -0.124601
vn -0.950264 0.216392 -0.223992
vn -0.888029 0.157105 -0.432114
vn -0.157402 0.207402 -0.965510
vn 0.124504 0.335910 -0.933629
vn 0.060302 0.182607 -0.981335
vn -0.245701 0.025800 -0.969002
vn 0.472393 0.492592 -0.730889
vn 0.459294 0.500893 -0.733590
vn 0.473076 0.491975 -0.730863
vn 0.502200 0.477900 -0.720699
vn 0.805794 0.589495 0.056500
vn 0.803367 0.594976 -0.024599
vn 0.832249 0.550833 0.062804
vn 0.828915 0.537210 0.155903
vn -0.311496 0.784790 0.535793
vn -0.485708 0.766713 0.419807
vn -0.184800 0.809002 0.558001
vn -0.081503 0.815127 0.573519
vn -0.663128 -0.092804 0.742731
vn -0.680697 -0.148299 0.717397
vn -0.483903 0.005400 0.875105
vn -0.449716 0.072403 0.890232
vn -0.530727 0.682935 0.501925
vn -0.728987 0.547790 0.410493
vn -0.804212 0.506108 0.311605
vn -0.673202 0.656502 0.340301
vn -0.728987 0.547790 0.410493
vn -0.872441 0.385718 0.300114
vn -0.885815 0.375306 0.272905
vn -0.804212 0.506108 0.311605
vn -0.895892 -0.057799 0.440496
vn -0.984732 0.039201 0.169606
vn -0.955449 -0.095195 0.279385
vn -0.806243 -0.182810 0.562630
vn 0.221002 0.964509 0.144501
vn 0.297812 0.940639 0.162807
vn 0.426187 0.884373 0.190394
vn 0.360602 0.901605 0.238901
vn 0.057801 0.833220 -0.549913
vn 0.274099 0.852396 -0.445298
vn 0.261386 0.686263 -0.678764
vn -0.019700 0.662290 -0.748989
vn -0.099601 0.250401 -0.963005
vn -0.379195 0.214597 -0.900088
vn -0.372918 0.325115 -0.869041
vn -0.093004 0.371815 -0.923636
vn 0.071602 0.993428 -0.089302
vn 0.050602 0.988942 -0.139406
vn 0.064702 0.990626 -0.120303
vn 0.101602 0.994220 -0.034701
vn -0.462714 -0.268008 -0.845025
vn -0.405706 -0.475608 -0.780512
vn -0.645794 -0.464196 -0.606195
vn -0.699629 -0.242410 -0.672128
vn 0.718524 0.686523 0.111404
vn 0.809922 0.491614 0.319909
vn 0.681003 0.616803 0.394702
vn 0.640508 0.763710 0.080601
vn -0.790985 0.287295 -0.540190
vn -0.825190 0.416195 -0.381895
vn -0.881997 0.071500 -0.465799
vn -0.833076 -0.060998 -0.549784
vn 0.225994 0.898977 -0.375190
vn -0.052499 0.921591 -0.384596
vn 0.322006 0.869816 -0.373807
vn 0.530791 0.777187 -0.337995
vn -0.918575 0.393789 -0.033899
vn -0.825190 0.416195 -0.381895
vn -0.717088 0.617990 -0.322295
vn -0.795780 0.604485 0.036499
vn -0.997456 0.035698 0.061697
vn -0.984831 0.092503 -0.146805
vn -0.918575 0.393789 -0.033899
vn -0.941994 0.229398 0.244998
vn 0.904176 0.372990 0.208194
vn 0.827433 0.514821 0.224309
vn 0.888106 0.427203 0.169601
vn 0.932894 0.291798 0.211099
vn -0.991962 0.044398 0.118495
vn -0.982626 0.044001 -0.180305
vn -0.998678 0.034299 -0.038299
vn -0.966400 0.109400 0.232600
vn 0.662476 0.725574 -0.186193
vn 0.884179 0.459789 -0.082598
vn 0.968792 0.228698 0.095599
vn 0.801511 0.593208 -0.075401
vn 0.731297 -0.379699 -0.566598
vn 0.549601 -0.403901 -0.731302
vn 0.507026 -0.357619 -0.784241
vn 0.700210 -0.357105 -0.618209
vn 0.860040 0.392818 -0.325615
vn 0.859293 0.351997 -0.371097
vn 0.647771 0.521277 -0.555575
vn 0.669308 0.589907 -0.451705
vn -0.991738 0.124605 -0.030501
vn -0.965514 0.259604 0.019700
vn -0.899114 0.387006 -0.204503
vn -0.942485 0.227696 -0.244696
vn 0.853187 0.309995 -0.419494
vn 0.643991 0.423094 -0.637391
vn 0.647771 0.521277 -0.555575
vn 0.859293 0.351997 -0.371097
vn -0.965514 0.259604 0.019700
vn -0.949264 0.312988 0.030599
vn -0.874122 0.443111 -0.198905
vn -0.899114 0.387006 -0.204503
vn -0.997706 -0.026500 -0.062300
vn -0.963501 -0.126000 0.236200
vn -0.990428 -0.016800 0.137004
vn -0.994042 0.089504 -0.062203
vn 0.816003 -0.250601 -0.520902
vn 0.795792 -0.232898 -0.558994
vn 0.755000 0.087200 -0.649900
vn 0.768175 0.061498 -0.637279
vn -0.848382 -0.384392 -0.363992
vn -0.665216 -0.028201 -0.746118
vn -0.813458 0.063297 -0.578170
vn -0.959814 -0.190903 -0.205703
vn 0.476917 -0.264109 -0.838330
vn 0.642299 -0.310600 -0.700699
vn 0.750870 -0.280389 -0.597976
vn 0.600589 -0.212196 -0.770886
vn -0.965527 -0.141004 0.218806
vn -0.942301 -0.234000 0.239400
vn -0.836039 -0.104505 0.538625
vn -0.826107 -0.154201 0.542005
vn 0.659680 -0.256892 -0.706278
vn 0.793539 -0.067803 -0.604730
vn 0.764498 -0.165200 -0.623098
vn 0.676879 -0.395088 -0.621081
vn 0.898827 0.229507 0.373411
vn 0.871174 -0.127296 0.474186
vn 0.825893 -0.218198 0.519895
vn 0.899229 0.083103 0.429514
vn 0.816194 0.382997 0.432597
vn 0.893317 0.262905 0.364507
vn 0.930187 0.332195 0.156198
vn 0.900830 0.365712 0.234008
vn 0.670201 -0.163700 -0.723901
vn 0.824615 -0.182903 -0.535310
vn 0.833790 -0.071799 -0.547393
vn 0.678093 -0.165098 -0.716193
vn 0.942279 -0.233995 0.239495
vn 0.835424 -0.103803 0.539715
vn 0.847472 -0.112496 0.518783
vn 0.933158 -0.260988 0.247189
vn -0.963501 -0.126000 0.236200
vn -0.955341 -0.107105 0.275412
vn -0.837727 -0.186606 0.513217
vn -0.848884 -0.209496 0.485291
vn 0.753819 0.181505 -0.631516
vn 0.707088 -0.030000 -0.706488
vn 0.504783 0.036599 -0.862470
vn 0.560903 0.273201 -0.781504
vn 0.999797 -0.018200 -0.008700
vn 0.955315 -0.107102 0.275504
vn 0.965506 -0.141001 0.218901
vn 0.992143 -0.125105 -0.000900
vn 0.684208 -0.351104 -0.639207
vn 0.476102 -0.323301 -0.817804
vn 0.391912 -0.428113 -0.814325
vn 0.613191 -0.454493 -0.646090
vn -0.952908 -0.303102 0.009800
vn -0.942301 -0.234000 0.239400
vn -0.965527 -0.141004 0.218806
vn -0.992143 -0.125105 -0.000900
vn 0.955315 -0.107102 0.275504
vn 0.837727 -0.186606 0.513217
vn 0.827114 -0.154403 0.540409
vn 0.965506 -0.141001 0.218901
vn -0.933181 -0.260995 0.247095
vn -0.942301 -0.234000 0.239400
vn -0.952908 -0.303102 0.009800
vn -0.931780 -0.362992 0.004700
vn 0.963490 -0.125899 0.236298
vn 0.990414 -0.016800 0.137102
vn 0.872421 -0.194905 0.448211
vn 0.848884 -0.209496 0.485291
vn 0.931746 -0.363079 0.004800
vn 0.952878 -0.303193 0.009900
vn 0.942279 -0.233995 0.239495
vn 0.933158 -0.260988 0.247189
vn 0.997450 0.035698 0.061797
vn 0.941971 0.229393 0.245092
vn 0.918578 0.393791 -0.033799
vn 0.984848 0.092495 -0.146692
vn 0.997450 0.035698 0.061797
vn 0.998681 0.034299 -0.038199
vn 0.966378 0.109397 0.232695
vn 0.941971 0.229393 0.245092
vn 0.966378 0.109397 0.232695
vn 0.991950 0.044398 0.118594
vn 0.889215 0.008600 0.457408
vn 0.803295 0.133199 0.580496
vn 0.629596 0.775595 -0.045400
vn 0.786215 0.578711 0.216704
vn 0.741184 0.664286 -0.096798
vn 0.515292 0.801287 -0.303995
vn 0.737999 0.640999 0.210900
vn 0.819720 0.443611 0.362309
vn 0.913521 0.229005 0.336208
vn 0.839178 0.471188 0.271593
vn -0.848570 -0.138695 -0.510582
vn -0.953927 -0.014100 -0.299708
vn -0.917798 -0.196700 -0.344899
vn -0.789568 -0.226891 -0.570177
vn 0.942530 0.227607 -0.244608
vn 0.991741 0.124605 -0.030401
vn 0.999575 0.028799 -0.004600
vn 0.963880 0.098398 -0.247495
vn -0.678186 -0.253495 -0.689786
vn -0.779590 -0.146598 -0.608892
vn -0.532310 -0.119202 -0.838115
vn -0.361102 -0.186901 -0.913605
vn 0.942915 0.079501 -0.323405
vn 0.931767 -0.071797 -0.355887
vn 0.993915 -0.090901 -0.062201
vn 0.997619 0.058701 -0.036201
vn 0.968192 0.250198 0.002400
vn 0.978977 0.092298 0.181896
vn 0.990414 -0.016800 0.137102
vn 0.994051 0.089405 -0.062203
vn 0.710367 -0.038698 -0.702767
vn 0.731499 0.120000 -0.671199
vn 0.887838 0.047302 -0.457719
vn 0.868756 -0.085096 -0.487875
vn 0.949447 0.312283 0.032098
vn 0.968613 0.118702 0.218403
vn 0.978977 0.092298 0.181896
vn 0.968192 0.250198 0.002400
vn 0.669400 -0.226600 -0.707500
vn 0.710367 -0.038698 -0.702767
vn 0.868756 -0.085096 -0.487875
vn 0.836493 -0.237998 -0.493596
vn 0.905936 0.395916 0.150106
vn 0.936813 0.230903 0.262804
vn 0.942272 0.244493 0.228793
vn 0.890495 0.392698 0.229799
vn 0.936813 0.230903 0.262804
vn 0.947549 0.098305 0.304116
vn 0.943174 0.056898 0.327391
vn 0.942272 0.244493 0.228793
vn -0.862087 0.179797 0.473793
vn -0.767602 -0.028300 0.640302
vn -0.660873 0.138694 0.737570
vn -0.756407 0.337003 0.560605
vn -0.952427 -0.020001 -0.304109
vn -0.829515 -0.025300 -0.557910
vn -0.779590 -0.146598 -0.608892
vn -0.907610 -0.136501 -0.397004
vn -0.971433 0.001400 -0.237308
vn -0.857602 0.035300 -0.513101
vn -0.829515 -0.025300 -0.557910
vn -0.952427 -0.020001 -0.304109
vn -0.857602 0.035300 -0.513101
vn -0.685806 0.061201 -0.725206
vn -0.641880 -0.028499 -0.766276
vn -0.829515 -0.025300 -0.557910
vn -0.877896 0.090100 -0.470298
vn -0.715316 0.131503 -0.686316
vn -0.685806 0.061201 -0.725206
vn -0.857602 0.035300 -0.513101
vn -0.931103 0.261101 0.254701
vn -0.957779 0.286594 0.022899
vn -0.972368 0.233092 0.013000
vn -0.925929 0.180806 0.331610
vn 0.896740 0.418919 0.142706
vn 0.882261 0.357584 0.306186
vn 0.936813 0.230903 0.262804
vn 0.905936 0.395916 0.150106
vn -0.904969 0.115196 -0.409586
vn -0.752584 0.157897 -0.639286
vn -0.737478 0.161895 -0.655680
vn -0.893926 0.112703 -0.433813
vn -0.953930 -0.232607 0.189506
vn -0.827171 -0.511782 0.232092
vn -0.851416 -0.494610 0.174503
vn -0.967584 -0.206497 0.145398
vn 0.882261 0.357584 0.306186
vn 0.664048 0.574055 0.479063
vn 0.599418 0.560517 0.571418
vn 0.849537 0.393617 0.351215
vn -0.511274 0.033698 -0.858757
vn -0.541473 -0.042198 -0.839658
vn -0.192902 0.082901 -0.977710
vn -0.134504 0.139604 -0.981030
vn 0.664048 0.574055 0.479063
vn 0.499497 0.696695 0.514897
vn 0.488992 0.592490 0.640189
vn 0.599418 0.560517 0.571418
vn 0.643703 -0.241401 -0.726204
vn 0.684599 -0.248100 -0.685399
vn 0.832006 -0.310102 -0.460003
vn 0.808370 -0.285189 -0.514981
vn -0.560692 -0.142398 -0.815688
vn -0.573305 -0.159301 -0.803707
vn -0.264810 -0.158206 -0.951234
vn -0.211206 -0.100803 -0.972230
vn 0.690872 0.267489 0.671673
vn 0.807591 0.059899 0.586693
vn 0.810410 0.181602 0.557007
vn 0.635810 0.411806 0.652810
vn -0.573305 -0.159301 -0.803707
vn -0.599617 -0.096703 -0.794423
vn -0.332411 -0.086803 -0.939132
vn -0.264810 -0.158206 -0.951234
vn 0.887195 0.420998 -0.188799
vn 0.981341 0.155707 -0.112805
vn 0.985973 0.148596 -0.075998
vn 0.890462 0.420482 -0.173992
vn 0.718506 0.649305 -0.249302
vn 0.696107 0.669707 -0.258703
vn 0.876682 0.440791 -0.192696
vn 0.887195 0.420998 -0.188799
vn 0.557021 -0.024701 -0.830131
vn 0.783893 0.011200 -0.620795
vn 0.759599 0.019500 -0.650099
vn 0.525492 -0.050699 -0.849287
vn -0.831883 0.119698 -0.541889
vn -0.634779 0.165895 -0.754675
vn -0.619092 0.031400 -0.784690
vn -0.818790 0.010700 -0.573993
vn 0.876682 0.440791 -0.192696
vn 0.867318 0.458009 -0.194904
vn 0.971929 0.208606 -0.108803
vn 0.977759 0.177892 -0.111095
vn -0.547420 0.230708 -0.804429
vn -0.843990 0.059099 -0.533094
vn -0.452805 0.224402 -0.862909
vn 0.022300 0.262003 -0.964810
vn 0.947847 0.103994 0.301283
vn 0.940784 0.064599 0.332794
vn 0.937425 0.107403 0.331209
vn 0.945806 0.122101 0.300902
vn 0.940784 0.064599 0.332794
vn 0.921976 0.034699 0.385690
vn 0.922390 0.089299 0.375796
vn 0.937425 0.107403 0.331209
vn 0.417909 -0.177804 -0.890920
vn 0.473930 -0.169711 -0.864054
vn 0.684599 -0.248100 -0.685399
vn 0.643703 -0.241401 -0.726204
vn -0.642742 0.051503 -0.764350
vn -0.349119 0.585132 -0.731940
vn -0.612200 0.363300 -0.702300
vn -0.800406 -0.096101 -0.591705
vn 0.838431 -0.344013 -0.422716
vn 0.805204 -0.387702 -0.448702
vn 0.917522 -0.352608 -0.183904
vn 0.925992 -0.348797 -0.144499
vn 0.891516 -0.271105 -0.362907
vn 0.917798 -0.196700 -0.344899
vn 0.789614 -0.226904 -0.570110
vn 0.769108 -0.253703 -0.586606
vn 0.167402 -0.262103 -0.950410
vn 0.452518 -0.175907 -0.874234
vn 0.405898 -0.267498 -0.873895
vn 0.112300 -0.346501 -0.931303
vn 0.658100 0.405200 0.634600
vn 0.738137 0.426021 0.523126
vn 0.756456 0.346580 0.554668
vn 0.669388 0.289495 0.684188
vn -0.383206 0.407906 0.828713
vn -0.149795 0.464386 0.872873
vn 0.006800 0.316790 0.948471
vn -0.228307 0.184605 0.955927
vn 0.805284 0.363493 0.468391
vn 0.829317 0.306206 0.467409
vn 0.822079 0.328592 0.464988
vn 0.808064 0.346685 0.476279
vn 0.905006 0.115201 -0.409503
vn 0.893926 0.112703 -0.433813
vn 0.737478 0.161895 -0.655680
vn 0.752632 0.157907 -0.639227
vn 0.907633 -0.136605 -0.396915
vn 0.821797 -0.236899 -0.518198
vn 0.678287 -0.253495 -0.689686
vn 0.779626 -0.146705 -0.608820
vn 0.891516 0.448808 -0.061401
vn 0.731795 0.661795 -0.162799
vn 0.720406 0.666905 -0.190402
vn 0.887002 0.452201 -0.093500
vn -0.796523 -0.159405 -0.583217
vn -0.612697 -0.126699 -0.780096
vn -0.570695 0.021000 -0.820893
vn -0.772831 -0.019101 -0.634325
vn -0.790595 0.604496 -0.097699
vn -0.760584 0.635387 -0.133397
vn -0.577977 0.737571 -0.349186
vn -0.606082 0.734978 -0.304091
vn 0.293903 0.774607 0.560005
vn 0.267391 0.774574 0.573181
vn 0.277902 0.772406 0.571104
vn 0.318590 0.768075 0.555482
vn 0.952466 -0.019999 -0.303989
vn 0.907633 -0.136605 -0.396915
vn 0.779626 -0.146705 -0.608820
vn 0.829515 -0.025300 -0.557910
vn -0.985161 -0.080097 -0.151794
vn -0.901921 -0.089102 -0.422610
vn -0.802147 -0.371276 -0.467669
vn -0.905128 -0.372611 -0.204706
vn 0.756407 0.337003 0.560605
vn 0.862020 0.179804 0.473911
vn 0.886291 0.387396 0.253797
vn 0.790839 0.524126 0.316016
vn 0.821797 -0.236899 -0.518198
vn 0.764583 -0.197296 -0.613586
vn 0.582684 -0.242493 -0.775678
vn 0.678287 -0.253495 -0.689686
vn 0.934238 0.289712 0.208008
vn 0.943526 0.255907 0.210406
vn 0.931863 0.294288 0.212192
vn 0.930014 0.308405 0.199903
vn 0.511316 0.033801 -0.858728
vn 0.541519 -0.042201 -0.839629
vn 0.703613 -0.096402 -0.704013
vn 0.689708 -0.020100 -0.723808
vn 0.728957 0.547768 0.410576
vn 0.804228 0.506018 0.311711
vn 0.885791 0.375296 0.272997
vn 0.872415 0.385707 0.300205
vn 0.530700 0.682900 0.502000
vn 0.673202 0.656502 0.340301
vn 0.804228 0.506018 0.311711
vn 0.728957 0.547768 0.410576
vn 0.311496 0.784790 0.535793
vn 0.081503 0.815127 0.573519
vn 0.184699 0.809096 0.557897
vn 0.485595 0.766792 0.419796
vn 0.081503 0.815127 0.573519
vn -0.064597 0.784961 0.616169
vn -0.022801 0.788948 0.614037
vn 0.184699 0.809096 0.557897
vn 0.573372 -0.159292 -0.803661
vn 0.599681 -0.096697 -0.794375
vn 0.793606 -0.097901 -0.600504
vn 0.762049 -0.151110 -0.629641
vn 0.332500 -0.086800 -0.939100
vn 0.376004 0.049201 -0.925311
vn 0.619094 0.031300 -0.784693
vn 0.599681 -0.096697 -0.794375
vn 0.619094 0.031300 -0.784693
vn 0.634827 0.165907 -0.754632
vn 0.831928 0.119704 -0.541818
vn 0.818790 0.010700 -0.573993
vn 0.376004 0.049201 -0.925311
vn 0.391802 0.198401 -0.898404
vn 0.634827 0.165907 -0.754632
vn 0.619094 0.031300 -0.784693
vn -0.788477 0.317991 0.526485
vn -0.738619 0.011900 0.674018
vn -0.814191 0.145798 0.561993
vn -0.806293 0.422196 0.414296
vn 0.660289 0.197097 -0.724687
vn 0.861995 0.166199 -0.478897
vn 0.790688 0.337195 -0.510992
vn 0.668510 0.075001 -0.739911
vn -0.093299 -0.812394 0.575596
vn -0.471895 -0.335096 0.815491
vn -0.607121 0.176206 0.774826
vn -0.266813 -0.546326 0.793938
vn 0.471701 -0.335101 0.815602
vn 0.093299 -0.812394 0.575596
vn 0.266792 -0.546283 0.793975
vn 0.607074 0.176192 0.774866
vn -0.169597 -0.234196 0.957282
vn -0.072201 -0.141402 0.987316
vn -0.347117 -0.247612 0.904543
vn -0.418510 -0.282007 0.863320
vn 0.800490 -0.096099 -0.591592
vn 0.642800 0.051500 -0.764301
vn 0.735219 -0.344909 -0.583515
vn 0.846536 -0.323814 -0.422518
vn 0.503089 0.271494 -0.820483
vn -0.127201 0.804908 -0.579606
vn 0.077901 0.572907 -0.815910
vn 0.479989 -0.242194 -0.843180
vn 0.503089 0.271494 -0.820483
vn 0.790688 0.337195 -0.510992
vn 0.706424 0.592020 -0.387913
vn -0.127201 0.804908 -0.579606
vn 0.642800 0.051500 -0.764301
vn 0.419281 0.055497 -0.906159
vn 0.622476 -0.237691 -0.745672
vn 0.735219 -0.344909 -0.583515
vn 0.128801 0.380403 -0.915808
vn 0.008400 0.160305 -0.987032
vn 0.293908 0.031101 -0.955328
vn 0.419281 0.055497 -0.906159
vn -0.963490 -0.266497 0.025800
vn -0.947954 0.016399 0.317985
vn -0.852210 -0.024900 0.522606
vn -0.860478 -0.385090 0.333591
vn 0.008400 0.160305 -0.987032
vn -0.019100 0.025200 -0.999500
vn 0.302785 0.019899 -0.952851
vn 0.293908 0.031101 -0.955328
vn 0.293908 0.031101 -0.955328
vn 0.302785 0.019899 -0.952851
vn 0.543817 0.025201 -0.838826
vn 0.546992 -0.097099 -0.831488
vn -0.138705 -0.960935 0.239509
vn -0.006800 -0.874057 0.485776
vn 0.266792 -0.546283 0.793975
vn 0.093299 -0.812394 0.575596
vn -0.182694 -0.081697 -0.979770
vn -0.453007 -0.116102 -0.883914
vn -0.503015 0.044601 -0.863126
vn -0.244405 0.076902 -0.966619
vn 0.729557 -0.077096 -0.679560
vn 0.888230 0.008800 -0.459315
vn 0.892826 -0.024901 -0.449713
vn 0.733086 -0.107498 -0.671587
vn -0.279113 0.546126 -0.789837
vn -0.539020 0.475518 -0.695226
vn -0.542235 0.520434 -0.659643
vn -0.286695 0.587691 -0.756588
vn 0.714316 0.012300 -0.699715
vn 0.867985 0.106698 -0.484992
vn 0.888230 0.008800 -0.459315
vn 0.729557 -0.077096 -0.679560
vn 0.857115 0.442508 -0.263705
vn 0.674307 0.642107 -0.364704
vn 0.671395 0.675295 -0.305298
vn 0.853213 0.481607 -0.200203
vn -0.269304 0.223703 -0.936714
vn -0.525023 0.170007 -0.833936
vn -0.533388 0.334592 -0.776882
vn -0.276105 0.403307 -0.872416
vn 0.199405 -0.646815 0.736117
vn 0.278509 -0.271608 0.921228
vn 0.266792 -0.546283 0.793975
vn -0.006800 -0.874057 0.485776
vn -0.877524 0.477013 -0.049101
vn -0.863905 0.489003 -0.120601
vn -0.961784 0.260896 0.083099
vn -0.965250 0.232912 0.118506
vn -0.244405 0.076902 -0.966619
vn -0.503015 0.044601 -0.863126
vn -0.525023 0.170007 -0.833936
vn -0.269304 0.223703 -0.936714
vn -0.204407 -0.512619 -0.833930
vn -0.342585 -0.358584 -0.868362
vn -0.111104 -0.179107 -0.977536
vn -0.007400 -0.313007 -0.949722
vn -0.453007 -0.116102 -0.883914
vn -0.688067 -0.138193 -0.712366
vn -0.727963 0.008400 -0.685565
vn -0.503015 0.044601 -0.863126
vn -0.503015 0.044601 -0.863126
vn -0.727963 0.008400 -0.685565
vn -0.751119 0.096902 -0.653016
vn -0.525023 0.170007 -0.833936
vn 0.824979 0.292493 -0.483588
vn 0.808277 0.378189 -0.451287
vn 0.654878 0.476384 -0.586680
vn 0.676784 0.407090 -0.613385
vn -0.838396 -0.343998 -0.422798
vn -0.672177 -0.303389 -0.675377
vn -0.732204 -0.192201 -0.653404
vn -0.888500 -0.241800 -0.390000
vn 0.682194 0.269497 -0.679694
vn 0.676784 0.407090 -0.613385
vn 0.368482 0.556372 -0.744763
vn 0.405291 0.320193 -0.856280
vn -0.097896 -0.271790 -0.957364
vn -0.064700 -0.351100 -0.934100
vn -0.324096 -0.424594 -0.845389
vn -0.378517 -0.326915 -0.865940
vn 0.410299 0.891597 0.191599
vn 0.515197 0.732496 0.444997
vn 0.487713 0.768321 0.414511
vn 0.367102 0.913704 0.174301
vn 0.277598 -0.115799 0.953693
vn 0.338913 -0.071003 0.938135
vn -0.065200 -0.046100 0.996807
vn 0.130701 0.239702 0.962008
vn 0.294614 0.774537 -0.559727
vn 0.399610 0.772820 -0.493013
vn 0.418289 0.713981 -0.561485
vn 0.314602 0.715904 -0.623304
vn 0.338913 -0.071003 0.938135
vn 0.401299 -0.072200 0.913097
vn 0.076000 0.025000 0.996794
vn -0.065200 -0.046100 0.996807
vn -0.018900 0.952486 -0.303996
vn 0.088903 0.958434 -0.271110
vn 0.214400 0.883399 -0.416700
vn 0.097596 0.879766 -0.465282
vn -0.052999 -0.067799 -0.996290
vn 0.261894 0.005900 -0.965079
vn 0.200693 -0.072498 -0.976968
vn -0.119305 -0.145506 -0.982138
vn 0.900322 0.418810 -0.118403
vn 0.701372 0.474981 -0.531479
vn 0.867822 0.415810 -0.272007
vn 0.966472 0.252693 0.045599
vn 0.554064 -0.404574 0.727553
vn 0.249807 -0.373110 0.893524
vn 0.504100 0.042500 0.862599
vn 0.738569 0.011999 0.674071
vn -0.288511 -0.224708 -0.930735
vn -0.246304 -0.306306 -0.919517
vn -0.063000 -0.003600 -0.998007
vn -0.083502 0.105402 -0.990918
vn -0.361415 -0.471620 -0.804334
vn -0.246304 -0.306306 -0.919517
vn -0.288511 -0.224708 -0.930735
vn -0.383091 -0.390991 -0.836880
vn 0.801511 0.593208 -0.075401
vn 0.968792 0.228698 0.095599
vn 0.923546 0.276514 0.265713
vn 0.858633 0.512519 0.008600
vn 0.257798 -0.353797 -0.899093
vn 0.535686 -0.275593 -0.798179
vn 0.514487 -0.249893 -0.820278
vn 0.240414 -0.312318 -0.919053
vn 0.527702 0.786603 -0.320601
vn 0.718605 0.626804 -0.301202
vn 0.884179 0.459789 -0.082598
vn 0.662476 0.725574 -0.186193
vn 0.238402 0.904309 -0.354104
vn -0.020601 0.935128 -0.353711
vn 0.333310 0.877227 -0.345511
vn 0.527702 0.786603 -0.320601
vn -0.445408 -0.462509 -0.766614
vn -0.472007 -0.281004 -0.835612
vn -0.219400 -0.355400 -0.908600
vn -0.182393 -0.495282 -0.849369
vn -0.164394 -0.107096 -0.980564
vn 0.146397 -0.185496 -0.971679
vn 0.082896 -0.417781 -0.904758
vn -0.219400 -0.355400 -0.908600
vn -0.330002 0.123201 -0.935906
vn -0.031801 0.045802 -0.998444
vn -0.164394 -0.107096 -0.980564
vn -0.416189 -0.030199 -0.908776
vn -0.031801 0.045802 -0.998444
vn 0.239106 -0.022901 -0.970724
vn 0.146397 -0.185496 -0.971679
vn -0.164394 -0.107096 -0.980564
vn 0.758096 -0.169999 -0.629596
vn 0.747909 -0.272903 -0.605108
vn 0.521380 -0.345686 -0.780169
vn 0.531125 -0.226211 -0.816538
vn -0.694712 -0.246004 0.675912
vn -0.799506 0.038800 0.599404
vn -0.654674 0.007900 0.755870
vn -0.478193 -0.223697 0.849288
vn -0.182003 0.244504 -0.952414
vn 0.134998 0.191897 -0.972086
vn 0.061700 0.109200 -0.992103
vn -0.259490 0.172793 -0.950162
vn 0.433687 0.806575 -0.401688
vn 0.647332 0.727336 -0.227911
vn 0.621976 0.736871 -0.264890
vn 0.406187 0.805875 -0.430787
vn -0.969723 0.234606 0.067802
vn -0.985820 0.167603 -0.008200
vn -0.888212 0.426506 -0.170802
vn -0.878489 0.442395 -0.180398
vn -0.084700 0.390499 -0.916699
vn -0.045499 0.555786 -0.830079
vn 0.235804 0.547910 -0.802615
vn 0.178801 0.435601 -0.882203
vn -0.790876 0.524084 0.315991
vn -0.756407 0.337003 0.560605
vn -0.709728 0.412716 0.570922
vn -0.746939 0.584830 0.316316
vn -0.193099 0.600196 -0.776195
vn 0.093298 0.612190 -0.785187
vn 0.104197 0.586283 -0.803377
vn -0.178195 0.585184 -0.791079
vn 0.651510 -0.726311 -0.219103
vn 0.449806 -0.866712 0.215603
vn 0.189392 -0.794065 0.577574
vn 0.574296 -0.813894 0.088099
vn -0.064501 0.395704 -0.916110
vn -0.075400 0.270001 -0.959903
vn 0.225314 0.376124 -0.898757
vn 0.251897 0.466694 -0.847788
vn 0.115600 -0.079600 -0.990101
vn 0.415782 -0.042698 -0.908461
vn 0.346586 -0.100096 -0.932662
vn 0.042800 -0.148400 -0.988001
vn -0.075400 0.270001 -0.959903
vn -0.001000 -0.033401 -0.999442
vn 0.296997 0.051499 -0.953489
vn 0.225314 0.376124 -0.898757
vn -0.545101 0.826102 0.142900
vn -0.660791 0.749090 0.047099
vn -0.655980 0.752577 0.057598
vn -0.551796 0.824694 0.124099
vn -0.231288 -0.212689 -0.949352
vn -0.208302 -0.053301 -0.976611
vn 0.078703 -0.033301 -0.996342
vn 0.042000 -0.196501 -0.979604
vn 0.336292 0.849179 -0.407190
vn 0.586213 0.739317 -0.331308
vn 0.585775 0.720169 -0.371784
vn 0.337094 0.825985 -0.451792
vn 0.011100 -0.475912 -0.879423
vn 0.292694 -0.480890 -0.826483
vn 0.325209 -0.483614 -0.812623
vn 0.044601 -0.485813 -0.872924
vn 0.005400 -0.350691 -0.936476
vn 0.305208 -0.333109 -0.892125
vn 0.292694 -0.480890 -0.826483
vn 0.011100 -0.475912 -0.879423
vn -0.820895 0.307698 -0.481097
vn -0.821983 0.284794 -0.493190
vn -0.823189 0.296996 -0.483894
vn -0.823093 0.332497 -0.460396
vn -0.482306 -0.099701 -0.870311
vn -0.179895 0.005500 -0.983671
vn -0.261398 0.008600 -0.965193
vn -0.555537 -0.041503 -0.830455
vn 0.674092 0.714191 -0.188498
vn 0.862152 0.485929 -0.143409
vn 0.880776 0.467588 0.074798
vn 0.753297 0.648297 -0.110700
vn 0.078703 -0.033301 -0.996342
vn 0.090298 0.118998 -0.988780
vn 0.371894 0.116898 -0.920885
vn 0.364307 -0.010700 -0.931218
vn -0.416572 0.452570 -0.788447
vn -0.604786 0.411090 -0.682084
vn -0.612038 0.155210 -0.775448
vn -0.411210 0.182805 -0.893022
vn -0.496511 0.815418 -0.297607
vn -0.681408 0.684808 -0.258303
vn -0.629295 0.614496 -0.475797
vn -0.441189 0.741781 -0.505087
vn 0.530912 0.812818 0.239705
vn 0.585003 0.616303 0.527202
vn 0.515197 0.732496 0.444997
vn 0.410299 0.891597 0.191599
vn 0.091502 0.271706 -0.958021
vn 0.094102 0.444309 -0.890918
vn 0.377113 0.412514 -0.829228
vn 0.377104 0.251003 -0.891510
vn -0.729899 0.335600 -0.595500
vn -0.744493 0.411296 -0.525895
vn -0.792409 0.401405 -0.459305
vn -0.787807 0.416004 -0.454204
vn -0.631583 0.399789 -0.664282
vn -0.514005 0.463304 -0.721906
vn -0.580809 0.440107 -0.684811
vn -0.677872 0.428383 -0.597476
vn -0.514005 0.463304 -0.721906
vn -0.472998 0.491998 -0.730897
vn -0.502298 0.477798 -0.720698
vn -0.580809 0.440107 -0.684811
vn -0.230300 -0.039900 -0.972301
vn -0.165201 -0.047700 -0.985106
vn -0.400197 -0.167499 -0.900992
vn -0.472901 -0.094800 -0.876001
vn -0.548994 0.304997 -0.778192
vn -0.310789 0.196393 -0.929968
vn -0.306290 0.216593 -0.926970
vn -0.536764 0.332978 -0.775248
vn -0.989124 -0.093302 -0.113703
vn -0.900310 -0.006200 -0.435205
vn -0.917840 0.181908 -0.352815
vn -0.996371 0.039699 -0.075298
vn -0.982075 -0.041799 0.183795
vn -0.984973 -0.077998 0.154096
vn -0.996371 0.039699 -0.075298
vn -0.990990 0.132299 -0.020900
vn -0.984973 -0.077998 0.154096
vn -0.980819 -0.148803 0.125902
vn -0.989124 -0.093302 -0.113703
vn -0.996371 0.039699 -0.075298
vn 0.861327 0.314110 -0.399313
vn 0.649305 0.469504 -0.598305
vn 0.742694 0.532896 -0.405497
vn 0.921631 0.321111 -0.217907
vn -0.950602 -0.242001 -0.194400
vn -0.839911 -0.169102 -0.515707
vn -0.900310 -0.006200 -0.435205
vn -0.989124 -0.093302 -0.113703
vn -0.854083 -0.367893 -0.367693
vn -0.754982 -0.217895 -0.618485
vn -0.839911 -0.169102 -0.515707
vn -0.950602 -0.242001 -0.194400
vn -0.774721 -0.596516 -0.209706
vn -0.611207 -0.513706 -0.602107
vn -0.854083 -0.367893 -0.367693
vn -0.899698 -0.436299 -0.013700
vn -0.179895 0.005500 -0.983671
vn 0.109704 0.095804 -0.989337
vn 0.026100 0.049801 -0.998418
vn -0.261398 0.008600 -0.965193
vn 0.921631 0.321111 -0.217907
vn 0.742694 0.532896 -0.405497
vn 0.832187 0.508292 -0.221596
vn 0.962578 0.267194 -0.045299
vn 0.207696 0.323694 -0.923084
vn 0.187309 0.269714 -0.944547
vn 0.460702 0.301701 -0.834704
vn 0.475088 0.350591 -0.807079
vn -0.390895 -0.381195 -0.837790
vn -0.378888 -0.061898 -0.923370
vn -0.157398 0.017100 -0.987387
vn -0.246698 -0.235298 -0.940093
vn -0.587793 0.137798 -0.797190
vn -0.587608 0.023300 -0.808810
vn -0.311190 0.022999 -0.950069
vn -0.319506 0.086602 -0.943619
vn -0.252305 0.269305 -0.929418
vn 0.052500 0.363297 -0.930193
vn 0.015300 0.194304 -0.980822
vn -0.300701 0.066400 -0.951404
vn 0.450510 -0.487811 -0.747717
vn 0.172902 -0.500306 -0.848410
vn 0.192603 -0.342905 -0.919413
vn 0.463287 -0.314891 -0.828377
vn -0.418287 0.231293 -0.878373
vn -0.163508 0.235811 -0.957945
vn -0.157398 0.017100 -0.987387
vn -0.378888 -0.061898 -0.923370
vn 0.797586 0.240496 -0.553190
vn 0.557306 0.275103 -0.783408
vn 0.587599 0.400299 -0.703199
vn 0.819290 0.330996 -0.468194
vn -0.465593 0.459293 -0.756488
vn -0.230999 0.453698 -0.860696
vn -0.163508 0.235811 -0.957945
vn -0.418287 0.231293 -0.878373
vn 0.768399 0.133000 -0.625999
vn 0.524708 0.129902 -0.841313
vn 0.557306 0.275103 -0.783408
vn 0.797586 0.240496 -0.553190
vn -0.523221 0.651526 -0.549322
vn -0.568303 0.778705 -0.265802
vn -0.274006 0.852420 -0.445310
vn -0.261386 0.686263 -0.678764
vn 0.879294 0.464897 0.103499
vn 0.779894 0.619595 -0.088699
vn 0.749723 0.650220 -0.123004
vn 0.856179 0.509888 0.083498
vn -0.274006 0.852420 -0.445310
vn -0.057702 0.833224 -0.549916
vn 0.019700 0.662290 -0.748989
vn -0.261386 0.686263 -0.678764
vn -0.568303 0.778705 -0.265802
vn -0.649173 0.757168 -0.072597
vn -0.371912 0.884330 -0.282209
vn -0.274006 0.852420 -0.445310
vn -0.371912 0.884330 -0.282209
vn -0.554291 0.820887 -0.137498
vn -0.275306 0.914521 -0.296407
vn -0.129495 0.895464 -0.425883
vn -0.649173 0.757168 -0.072597
vn -0.787479 0.613883 0.054999
vn -0.554291 0.820887 -0.137498
vn -0.371912 0.884330 -0.282209
vn 0.750978 0.637182 -0.173295
vn 0.858633 0.512519 0.008600
vn 0.853097 0.518898 -0.054500
vn 0.772395 0.515597 -0.370898
vn -0.787479 0.613883 0.054999
vn -0.921140 0.359415 0.149406
vn -0.768880 0.638784 -0.027899
vn -0.554291 0.820887 -0.137498
vn -0.041098 0.455375 -0.889351
vn 0.083202 0.459410 -0.884319
vn 0.066901 0.377204 -0.923711
vn -0.053899 0.375192 -0.925379
vn -0.921140 0.359415 0.149406
vn -0.967899 0.066800 0.242300
vn -0.928134 0.359813 0.095403
vn -0.768880 0.638784 -0.027899
vn -0.876665 0.440783 -0.192792
vn -0.887179 0.420990 -0.188895
vn -0.981330 0.155705 -0.112903
vn -0.977743 0.177908 -0.111205
vn -0.967899 0.066800 0.242300
vn -0.942416 -0.065301 0.328006
vn -0.956192 0.194598 0.218698
vn -0.928134 0.359813 0.095403
vn 0.671673 0.683673 -0.285389
vn 0.870703 0.486302 -0.073400
vn 0.732176 0.665978 -0.142795
vn 0.524717 0.783226 -0.333511
vn 0.870703 0.486302 -0.073400
vn 0.962813 0.153102 0.222603
vn 0.892569 0.431585 0.130595
vn 0.732176 0.665978 -0.142795
vn 0.078601 0.769813 -0.633411
vn 0.389222 0.732342 -0.558732
vn 0.234199 0.733298 -0.638298
vn -0.043100 0.723001 -0.689501
vn -0.869810 0.397405 0.292403
vn -0.834707 0.481304 0.267602
vn -0.743276 0.663879 0.082497
vn -0.768356 0.609844 0.194214
vn -0.167999 0.618897 -0.767296
vn -0.048301 0.599908 -0.798610
vn -0.041098 0.455375 -0.889351
vn -0.146402 0.466706 -0.872211
vn 0.397296 0.614593 -0.681492
vn 0.334207 0.768016 -0.546312
vn 0.124394 0.776061 -0.618269
vn 0.123602 0.619112 -0.775515
vn -0.811607 0.578105 -0.084201
vn -0.851934 0.521921 -0.042502
vn -0.921784 0.387393 -0.015500
vn -0.858585 0.511991 -0.026400
vn -0.829841 0.464023 0.309915
vn -0.835560 0.386981 0.389981
vn -0.788354 0.605164 0.110793
vn -0.767417 0.640114 0.036401
vn -0.718715 0.679414 -0.147803
vn -0.742796 0.656296 -0.132399
vn -0.851934 0.521921 -0.042502
vn -0.811607 0.578105 -0.084201
vn -0.851934 0.521921 -0.042502
vn -0.847792 0.528695 -0.041600
vn -0.917085 0.395994 0.046299
vn -0.921784 0.387393 -0.015500
vn -0.899500 0.255400 -0.354500
vn -0.886663 0.339286 -0.314187
vn -0.867325 0.497714 -0.005300
vn -0.898903 0.434102 -0.059400
vn -0.957161 0.284188 -0.055498
vn -0.921099 0.130800 -0.366699
vn -0.899500 0.255400 -0.354500
vn -0.898903 0.434102 -0.059400
vn -0.620671 0.782264 0.053198
vn -0.811607 0.578105 -0.084201
vn -0.858585 0.511991 -0.026400
vn -0.682910 0.718311 0.132902
vn 0.901624 0.274307 -0.334409
vn 0.984787 0.163298 -0.059399
vn 0.989046 0.052102 -0.138106
vn 0.900374 0.150696 -0.408188
vn 0.903298 0.314399 0.291899
vn 0.900830 0.365712 0.234008
vn 0.942978 0.315493 -0.106098
vn 0.981117 0.190203 0.035101
vn -0.935788 0.006900 -0.352495
vn -0.935997 -0.074200 -0.344099
vn -0.814351 -0.085995 -0.573966
vn -0.824663 -0.057697 -0.562674
vn -0.992678 -0.115697 -0.034699
vn -0.934419 -0.092302 -0.344007
vn -0.935997 -0.074200 -0.344099
vn -0.997831 -0.056602 -0.033601
vn -0.867301 0.458000 -0.195000
vn -0.876665 0.440783 -0.192792
vn -0.977743 0.177908 -0.111205
vn -0.971918 0.208604 -0.108902
vn 0.780619 0.197405 0.593014
vn 0.767582 0.386791 0.511088
vn 0.903298 0.314399 0.291899
vn 0.925347 0.169509 0.339117
vn -0.938522 -0.211805 -0.272607
vn -0.908933 -0.304411 -0.284910
vn -0.731256 -0.379677 -0.566666
vn -0.756302 -0.341201 -0.558202
vn -0.294591 0.774577 -0.559684
vn -0.214400 0.883399 -0.416700
vn -0.097596 0.879766 -0.465282
vn -0.193199 0.780696 -0.594297
vn -0.993836 0.003500 0.110804
vn -0.998516 -0.017100 0.051701
vn -0.965945 0.255285 -0.042198
vn -0.960468 0.278391 -0.000200
vn 0.753297 0.648297 -0.110700
vn 0.880776 0.467588 0.074798
vn 0.800828 0.567620 0.191007
vn 0.750809 0.642507 -0.153202
vn -0.990542 -0.065803 0.120405
vn -0.964434 -0.045902 0.260309
vn -0.977586 0.209497 0.020900
vn -0.975162 0.124495 -0.183193
vn -0.977586 0.209497 0.020900
vn -0.972086 0.167298 0.164498
vn -0.914783 0.403793 -0.011100
vn -0.903530 0.394813 -0.166605
vn -0.964434 -0.045902 0.260309
vn -0.937054 -0.084996 0.338683
vn -0.972086 0.167298 0.164498
vn -0.977586 0.209497 0.020900
vn -0.972086 0.167298 0.164498
vn -0.983382 0.060999 0.170997
vn -0.940278 0.339092 0.029899
vn -0.914783 0.403793 -0.011100
vn 0.892989 0.012900 0.449894
vn 0.786374 -0.229892 0.573381
vn 0.775563 -0.175892 0.606271
vn 0.880719 0.011100 0.473510
vn 0.858585 0.511991 -0.026400
vn 0.811607 0.578105 -0.084201
vn 0.620668 0.782260 0.053297
vn 0.682910 0.718311 0.132902
vn -0.265604 0.337405 -0.903113
vn 0.030300 0.384304 -0.922709
vn 0.000100 0.232499 -0.972597
vn -0.312611 0.140505 -0.939432
vn -0.948645 -0.283583 0.140192
vn -0.956254 -0.268687 0.115694
vn -0.999683 -0.011100 0.022600
vn -0.998516 -0.017100 0.051701
vn -0.998516 -0.017100 0.051701
vn -0.999683 -0.011100 0.022600
vn -0.960720 0.266506 -0.077402
vn -0.965945 0.255285 -0.042198
vn -0.999683 -0.011100 0.022600
vn -0.998993 0.019700 0.040300
vn -0.954313 0.283404 -0.094701
vn -0.960720 0.266506 -0.077402
vn 0.811256 0.093495 -0.577168
vn 0.942915 0.079501 -0.323405
vn 0.940186 0.140598 -0.310295
vn 0.810801 0.145300 -0.567001
vn -0.174294 0.075897 -0.981764
vn -0.069597 0.111195 -0.991359
vn 0.153694 0.208992 -0.965764
vn 0.078300 0.163100 -0.983498
vn 0.047899 0.870075 -0.490586
vn 0.350606 0.821814 -0.449108
vn 0.310092 0.773480 -0.552786
vn 0.015500 0.812106 -0.583304
vn 0.695101 0.717401 -0.046600
vn 0.493678 0.838763 -0.229690
vn 0.501199 0.850599 -0.159000
vn 0.701661 0.712461 -0.008400
vn 0.656234 -0.265414 -0.706337
vn 0.688807 -0.455705 -0.563806
vn 0.540381 -0.337488 -0.770773
vn 0.487412 -0.066702 -0.870621
vn 0.989124 -0.093302 -0.113703
vn 0.980792 -0.148899 0.125999
vn 0.984957 -0.077997 0.154193
vn 0.996374 0.039599 -0.075298
vn -0.911114 0.271604 0.310005
vn -0.831381 0.393491 0.392391
vn -0.802916 0.572511 0.166003
vn -0.877505 0.470503 0.092801
vn 0.900310 -0.006200 -0.435205
vn 0.839955 -0.168991 -0.515672
vn 0.950621 -0.242005 -0.194304
vn 0.989124 -0.093302 -0.113703
vn -0.831381 0.393491 0.392391
vn -0.795231 0.450918 0.405316
vn -0.770522 0.613317 0.173605
vn -0.802916 0.572511 0.166003
vn 0.892003 -0.324101 0.315101
vn 0.891045 -0.384976 0.240485
vn 0.978968 -0.125696 0.160695
vn 0.975911 -0.092901 0.197402
vn 0.509274 -0.599169 -0.617768
vn 0.259588 -0.589573 -0.764865
vn 0.253898 -0.539796 -0.802594
vn 0.517663 -0.530262 -0.671452
vn 0.731432 0.120805 0.671129
vn 0.721214 0.031101 0.692014
vn 0.826912 0.223503 0.516007
vn 0.834334 0.297612 0.464019
vn 0.987826 0.154904 0.014300
vn 0.990992 0.132299 -0.020800
vn 0.982053 -0.041898 0.183891
vn 0.979986 -0.029300 0.196897
vn 0.917888 0.181898 -0.352696
vn 0.996374 0.039599 -0.075298
vn 0.990992 0.132299 -0.020800
vn 0.911973 0.322090 -0.254092
vn 0.996374 0.039599 -0.075298
vn 0.984957 -0.077997 0.154193
vn 0.982053 -0.041898 0.183891
vn 0.990992 0.132299 -0.020800
vn -0.378414 0.879032 -0.290011
vn -0.454595 0.860491 -0.229998
vn -0.435884 0.868267 -0.236891
vn -0.376913 0.885131 -0.272910
vn 0.750809 0.642507 -0.153202
vn 0.800828 0.567620 0.191007
vn 0.639109 0.753211 0.155602
vn 0.660401 0.654501 -0.368101
vn 0.989124 -0.093302 -0.113703
vn 0.950621 -0.242005 -0.194304
vn 0.956924 -0.275907 0.090402
vn 0.980792 -0.148899 0.125999
vn -0.084504 -0.027201 -0.996052
vn -0.170107 0.119605 -0.978140
vn 0.157495 0.017100 -0.987372
vn 0.246792 -0.235292 -0.940070
vn -0.313596 0.890889 -0.328596
vn -0.471306 0.834310 -0.286003
vn -0.378414 0.879032 -0.290011
vn -0.276895 0.895284 -0.348994
vn 0.982030 -0.188206 -0.014000
vn 0.948305 -0.110501 -0.297502
vn 0.885926 -0.338210 -0.317409
vn 0.916880 -0.394491 -0.060899
vn 0.839955 -0.168991 -0.515672
vn 0.755029 -0.217908 -0.618424
vn 0.854114 -0.367906 -0.367606
vn 0.950621 -0.242005 -0.194304
vn 0.991479 -0.101298 -0.081898
vn 0.921637 0.041602 -0.385816
vn 0.948305 -0.110501 -0.297502
vn 0.982030 -0.188206 -0.014000
vn -0.401606 0.851314 -0.337605
vn -0.447591 0.836584 -0.315894
vn -0.570668 0.761158 -0.308183
vn -0.573987 0.775483 -0.262994
vn 0.159099 -0.325697 -0.931992
vn -0.084504 -0.027201 -0.996052
vn 0.246792 -0.235292 -0.940070
vn 0.374914 -0.457816 -0.806129
vn -0.471306 0.834310 -0.286003
vn -0.553828 0.791939 -0.257113
vn -0.454595 0.860491 -0.229998
vn -0.378414 0.879032 -0.290011
vn 0.157495 0.017100 -0.987372
vn 0.379008 -0.061901 -0.923321
vn 0.391013 -0.381212 -0.837727
vn 0.246792 -0.235292 -0.940070
vn 0.459019 0.856835 -0.234810
vn 0.674092 0.714191 -0.188498
vn 0.753297 0.648297 -0.110700
vn 0.584804 0.762305 -0.277302
vn -0.076902 -0.151705 -0.985430
vn -0.380288 -0.161995 -0.910571
vn -0.317312 -0.038601 -0.947535
vn -0.007300 0.003800 -0.999966
vn 0.225994 0.898977 -0.375190
vn 0.530791 0.777187 -0.337995
vn 0.674092 0.714191 -0.188498
vn 0.459019 0.856835 -0.234810
vn 0.163702 0.235803 -0.957914
vn 0.231094 0.453687 -0.860676
vn 0.465706 0.459306 -0.756410
vn 0.418287 0.231293 -0.878373
vn 0.950874 0.293892 0.097297
vn 0.987424 0.082102 0.135103
vn 0.911429 0.411413 0.006100
vn 0.840856 0.538972 -0.049697
vn 0.594707 -0.488106 -0.638808
vn 0.408783 -0.390083 -0.825065
vn 0.328806 -0.438708 -0.836315
vn 0.553686 -0.497088 -0.668083
vn 0.048301 0.599908 -0.798610
vn 0.167999 0.618897 -0.767296
vn 0.146500 0.466699 -0.872198
vn 0.041201 0.455413 -0.889326
vn 0.371912 0.884330 -0.282209
vn 0.649227 0.757131 -0.072503
vn 0.568303 0.778705 -0.265802
vn 0.274099 0.852396 -0.445298
vn 0.957814 0.217103 -0.188303
vn 0.842126 0.459114 -0.282909
vn 0.813124 0.518215 -0.265108
vn 0.935420 0.313407 -0.163603
vn -0.989517 0.112702 0.090302
vn -0.991568 0.061998 0.113796
vn -0.967584 -0.206497 0.145398
vn -0.976125 -0.167404 0.138404
vn 0.842126 0.459114 -0.282909
vn 0.658695 0.664995 -0.351997
vn 0.603894 0.711692 -0.358896
vn 0.813124 0.518215 -0.265108
vn 0.524018 0.828728 -0.196507
vn 0.768880 0.638784 -0.027899
vn 0.554291 0.820887 -0.137498
vn 0.275306 0.914521 -0.296407
vn -0.554990 -0.083199 -0.827686
vn -0.631927 -0.035101 -0.774233
vn -0.346410 -0.100103 -0.932727
vn -0.259302 -0.181401 -0.948607
vn 0.822561 0.118594 0.556174
vn 0.843190 0.004900 0.537593
vn 0.868174 0.287091 0.404788
vn 0.851920 0.396909 0.341608
vn 0.935420 0.313407 -0.163603
vn 0.813124 0.518215 -0.265108
vn 0.808107 0.528005 -0.261102
vn 0.929796 0.360498 -0.074300
vn 0.841498 0.496199 0.213700
vn 0.928780 0.225295 0.294294
vn 0.956190 0.194498 0.218798
vn 0.871174 0.486785 0.063998
vn 0.981487 -0.072199 0.177398
vn 0.968780 -0.066299 0.238895
vn 0.978513 0.182102 0.096701
vn 0.961631 0.264509 0.072802
vn 0.768326 0.609821 0.194407
vn 0.869785 0.397393 0.292495
vn 0.928780 0.225295 0.294294
vn 0.841498 0.496199 0.213700
vn 0.831384 0.021300 -0.555290
vn 0.921133 0.130805 -0.366613
vn 0.899532 0.255409 -0.354413
vn 0.833932 0.117005 -0.539321
vn 0.743276 0.663879 0.082497
vn 0.834707 0.481304 0.267602
vn 0.869785 0.397393 0.292495
vn 0.768326 0.609821 0.194407
vn 0.962125 -0.000900 0.272607
vn 0.887123 -0.318408 0.334109
vn 0.890375 -0.364590 0.272592
vn 0.971896 -0.126399 0.198599
vn 0.956754 0.252188 -0.144993
vn 0.808774 0.456185 -0.371188
vn 0.835939 0.413019 -0.361417
vn 0.965496 0.171699 -0.195799
vn 0.767414 0.640112 0.036501
vn 0.829872 0.463984 0.309889
vn 0.834707 0.481304 0.267602
vn 0.743276 0.663879 0.082497
vn 0.936022 -0.074302 -0.344008
vn 0.934464 -0.092296 -0.343887
vn 0.992682 -0.115698 -0.034599
vn 0.997835 -0.056602 -0.033501
vn 0.553686 -0.497088 -0.668083
vn 0.328806 -0.438708 -0.836315
vn 0.353092 -0.345192 -0.869580
vn 0.579667 -0.394377 -0.713059
vn 0.744422 0.506815 -0.434713
vn 0.714832 0.399818 -0.573726
vn 0.538296 0.406397 -0.738295
vn 0.581084 0.538985 -0.609783
vn 0.736422 -0.515415 -0.438213
vn 0.746334 -0.541625 -0.386818
vn 0.594707 -0.488106 -0.638808
vn 0.553686 -0.497088 -0.668083
vn 0.714832 0.399818 -0.573726
vn 0.697111 0.099602 -0.710011
vn 0.477121 0.138606 -0.867839
vn 0.538296 0.406397 -0.738295
vn 0.750706 -0.309402 -0.583705
vn 0.900886 0.028900 -0.433093
vn 0.721810 0.178002 -0.668809
vn 0.586363 -0.153090 -0.795450
vn 0.866913 0.406906 0.287904
vn 0.853442 0.050602 0.518726
vn 0.814320 0.314208 0.488012
vn 0.760432 0.621426 0.188608
vn -0.863307 -0.438804 0.249302
vn -0.873865 -0.457782 0.163693
vn -0.839692 -0.526195 -0.134299
vn -0.843010 -0.535806 -0.047401
vn 0.900886 0.028900 -0.433093
vn 0.916052 0.185811 -0.355420
vn 0.752078 0.309691 -0.581783
vn 0.721810 0.178002 -0.668809
vn -0.843348 0.537231 0.012101
vn -0.824525 0.563017 -0.056302
vn -0.770024 0.637119 0.033801
vn -0.811876 0.579083 0.074298
vn 0.814398 -0.086000 -0.573899
vn 0.936022 -0.074302 -0.344008
vn 0.935821 0.006900 -0.352408
vn 0.824709 -0.057701 -0.562606
vn 0.515292 0.801287 -0.303995
vn 0.741184 0.664286 -0.096798
vn 0.680473 0.650274 -0.337787
vn 0.426107 0.770613 -0.473908
vn -0.871303 0.461601 -0.166601
vn -0.878819 0.458010 -0.133803
vn -0.975204 0.220301 -0.021100
vn -0.971493 0.233098 -0.043200
vn 0.932011 -0.100201 -0.348304
vn 0.985407 -0.166301 -0.036300
vn 0.992682 -0.115698 -0.034599
vn 0.934464 -0.092296 -0.343887
vn 0.812221 -0.065902 -0.579615
vn 0.821117 -0.039201 -0.569412
vn 0.932011 -0.100201 -0.348304
vn 0.934464 -0.092296 -0.343887
vn 0.932011 -0.100201 -0.348304
vn 0.952778 -0.030899 -0.302093
vn 0.987829 -0.155505 -0.003400
vn 0.985407 -0.166301 -0.036300
vn 0.873891 -0.457695 0.163798
vn 0.863248 -0.438874 0.249385
vn 0.842968 -0.535880 -0.047298
vn 0.839692 -0.526195 -0.134299
vn 0.975180 0.124497 -0.183096
vn 0.990530 -0.065802 0.120504
vn 0.987829 -0.155505 -0.003400
vn 0.952778 -0.030899 -0.302093
vn 0.989841 0.060202 -0.128805
vn 0.916052 0.185811 -0.355420
vn 0.900886 0.028900 -0.433093
vn 0.973834 -0.094003 -0.206907
vn 0.854528 0.066602 -0.515117
vn 0.892179 0.249994 -0.376191
vn 0.975180 0.124497 -0.183096
vn 0.952778 -0.030899 -0.302093
vn 0.914784 0.403793 -0.011000
vn 0.972087 0.167198 0.164598
vn 0.977586 0.209497 0.020900
vn 0.903563 0.394784 -0.166493
vn 0.940275 0.339091 0.029999
vn 0.983371 0.060898 0.171095
vn 0.972087 0.167198 0.164598
vn 0.914784 0.403793 -0.011000
vn 0.797598 0.498099 -0.340199
vn 0.757324 0.629320 0.174405
vn 0.726716 0.675115 -0.126903
vn 0.643218 0.491014 -0.587517
vn 0.960468 0.278391 -0.000200
vn 0.993825 0.003500 0.110903
vn 0.983371 0.060898 0.171095
vn 0.940275 0.339091 0.029999
vn 0.849832 -0.084603 0.520220
vn 0.868118 0.205304 0.451909
vn 0.868174 0.287091 0.404788
vn 0.843190 0.004900 0.537593
vn 0.605696 -0.243898 0.757395
vn 0.423903 -0.142001 0.894507
vn 0.281796 -0.259597 0.923688
vn 0.422917 -0.389616 0.818133
vn 0.960720 0.266506 -0.077402
vn 0.999681 -0.011100 0.022700
vn 0.998511 -0.017100 0.051801
vn 0.965973 0.255193 -0.042099
vn -0.797408 -0.193702 -0.571506
vn -0.910715 -0.232904 -0.341106
vn -0.950257 -0.106795 -0.292587
vn -0.847787 -0.052899 -0.527692
vn -0.449816 -0.866731 0.215508
vn -0.189499 -0.794096 0.577497
vn 0.529784 -0.287891 0.797776
vn 0.077201 -0.732008 0.676908
vn 0.950932 0.291110 -0.104804
vn 0.996474 0.043899 0.071498
vn 0.998989 0.019700 0.040400
vn 0.954295 0.283499 -0.094600
vn 0.963488 -0.266497 0.025900
vn 0.947944 0.016401 0.318015
vn 0.996992 0.000800 -0.077499
vn 0.904184 -0.118098 -0.410493
vn 0.281796 -0.259597 0.923688
vn 0.423903 -0.142001 0.894507
vn 0.134596 0.008100 0.990868
vn -0.020801 -0.045901 0.998729
vn -0.279404 -0.798512 0.533208
vn 0.045001 -0.614910 0.787312
vn 0.116802 -0.398007 0.909916
vn 0.045701 -0.577913 0.814818
vn 0.770461 0.613369 0.173691
vn 0.795199 0.450899 0.405399
vn 0.831348 0.393476 0.392476
vn 0.802870 0.572578 0.165994
vn -0.189499 -0.794096 0.577497
vn -0.574301 -0.813901 0.088000
vn -0.279404 -0.798512 0.533208
vn 0.045701 -0.577913 0.814818
vn 0.799693 -0.440396 -0.408096
vn 0.855030 -0.347512 -0.384914
vn 0.684208 -0.351104 -0.639207
vn 0.613191 -0.454493 -0.646090
vn 0.802870 0.572578 0.165994
vn 0.831348 0.393476 0.392476
vn 0.911114 0.271604 0.310005
vn 0.877497 0.470498 0.092900
vn -0.754908 0.087201 -0.650007
vn -0.795792 -0.232898 -0.558994
vn -0.815927 -0.250608 -0.521017
vn -0.768134 0.061503 -0.637328
vn 0.631293 -0.339696 -0.697192
vn 0.756612 -0.085801 -0.648210
vn 0.901978 -0.089098 -0.422490
vn 0.802185 -0.371293 -0.467591
vn -0.793491 -0.067799 -0.604793
vn -0.833714 -0.071801 -0.547509
vn -0.677991 -0.165098 -0.716290
vn -0.659594 -0.256798 -0.706393
vn 0.987424 0.082102 0.135103
vn 0.981487 -0.072199 0.177398
vn 0.961631 0.264509 0.072802
vn 0.911429 0.411413 0.006100
vn -0.805790 0.193798 -0.559593
vn -0.764409 -0.165202 -0.623207
vn -0.795792 -0.232898 -0.558994
vn -0.754908 0.087201 -0.650007
vn 0.949805 -0.025500 0.311802
vn 0.880182 -0.194196 0.433091
vn 0.805319 -0.102502 0.583914
vn 0.817501 0.140600 0.558501
vn -0.720392 0.666893 -0.190498
vn -0.731795 0.661795 -0.162799
vn -0.891511 0.448805 -0.061501
vn -0.886993 0.452197 -0.093599
vn 0.157689 0.672555 -0.723052
vn -0.014700 0.579812 -0.814617
vn 0.428804 0.551005 -0.715906
vn 0.526281 0.607478 -0.594978
vn -0.891834 0.233709 -0.387315
vn -0.962178 0.052599 -0.267294
vn -0.833714 -0.071801 -0.547509
vn -0.793491 -0.067799 -0.604793
vn -0.833714 -0.071801 -0.547509
vn -0.824571 -0.182894 -0.535381
vn -0.670190 -0.163798 -0.723889
vn -0.677991 -0.165098 -0.716290
vn -0.556405 -0.752807 0.351703
vn -0.795626 -0.523517 0.304810
vn -0.695308 -0.718709 0.002100
vn -0.616366 -0.787457 0.002000
vn -0.695308 -0.718709 0.002100
vn -0.805083 -0.581388 0.117598
vn -0.601185 -0.775380 -0.193295
vn -0.521397 -0.806795 -0.277898
vn -0.988088 0.014600 0.153198
vn -0.980103 0.047600 0.192701
vn -0.948167 0.306389 0.084297
vn -0.957171 0.289491 0.004200
vn -0.824571 -0.182894 -0.535381
vn -0.750803 -0.280301 -0.598102
vn -0.600525 -0.212209 -0.770932
vn -0.670190 -0.163798 -0.723889
vn -0.750803 -0.280301 -0.598102
vn -0.642254 -0.310578 -0.700750
vn -0.476877 -0.264087 -0.838359
vn -0.600525 -0.212209 -0.770932
vn -0.990855 0.128394 0.041498
vn -0.925361 0.169493 0.339086
vn -0.947954 0.016399 0.317985
vn -0.996984 0.000900 -0.077599
vn -0.805417 -0.102302 0.583813
vn -0.817592 0.140499 0.558394
vn -0.769298 0.157000 0.619299
vn -0.770621 -0.094703 0.630218
vn 0.807026 -0.440114 -0.393712
vn 0.724413 -0.506709 -0.467409
vn 0.828282 -0.527689 -0.188396
vn 0.850121 -0.520613 -0.079102
vn 0.566562 -0.446670 -0.692454
vn 0.724413 -0.506709 -0.467409
vn 0.807026 -0.440114 -0.393712
vn 0.689673 -0.315088 -0.651975
vn -0.027001 0.002000 0.999633
vn 0.185604 -0.078002 0.979524
vn 0.415909 -0.268006 0.869018
vn 0.234005 -0.215204 0.948119
vn 0.631293 -0.339696 -0.697192
vn 0.802185 -0.371293 -0.467591
vn 0.724413 -0.506709 -0.467409
vn 0.566562 -0.446670 -0.692454
vn -0.878838 -0.368574 0.302979
vn -0.828481 -0.486089 0.278094
vn -0.895877 -0.444289 0.003400
vn -0.956672 -0.287592 0.045499
vn -0.933827 -0.307609 0.182605
vn -0.975455 -0.167792 0.142593
vn -0.990835 0.089803 -0.100904
vn -0.985269 -0.161895 -0.055098
vn -0.895877 -0.444289 0.003400
vn -0.884700 -0.370200 -0.283300
vn -0.947018 -0.207204 -0.245405
vn -0.956672 -0.287592 0.045499
vn -0.851215 -0.524409 0.020700
vn -0.826208 -0.491405 -0.275503
vn -0.884700 -0.370200 -0.283300
vn -0.895877 -0.444289 0.003400
vn -0.830914 0.388707 -0.398107
vn -0.793203 0.326701 -0.513902
vn -0.947087 0.157998 -0.279396
vn -0.963152 0.206511 -0.172309
vn 0.400197 -0.167499 -0.900992
vn 0.372284 -0.182692 -0.909961
vn 0.151804 -0.050401 -0.987125
vn 0.165298 -0.047699 -0.985090
vn -0.799883 -0.520489 0.298794
vn -0.799601 -0.503501 0.327300
vn -0.837114 -0.544609 0.051401
vn -0.851215 -0.524409 0.020700
vn -0.868698 -0.492699 0.051100
vn -0.840485 -0.484291 -0.242996
vn -0.799392 -0.548095 -0.246098
vn -0.837114 -0.544609 0.051401
vn 0.230394 -0.039999 -0.972275
vn -0.107303 0.028101 -0.993829
vn -0.085703 -0.182107 -0.979537
vn 0.280688 -0.108395 -0.953659
vn -0.933043 -0.359378 0.016699
vn -0.911971 -0.288891 -0.291291
vn -0.840485 -0.484291 -0.242996
vn -0.868698 -0.492699 0.051100
vn -0.957171 0.289491 0.004200
vn -0.948167 0.306389 0.084297
vn -0.835160 0.548874 -0.035298
vn -0.856380 0.501188 -0.124197
vn -0.985269 -0.161895 -0.055098
vn -0.941677 -0.027499 -0.335392
vn -0.911971 -0.288891 -0.291291
vn -0.933043 -0.359378 0.016699
vn -0.347117 -0.247612 0.904543
vn -0.224195 -0.083298 0.970978
vn -0.382897 -0.293598 0.875894
vn -0.552702 -0.328501 0.765903
vn -0.990835 0.089803 -0.100904
vn -0.924212 0.246103 -0.292004
vn -0.941677 -0.027499 -0.335392
vn -0.985269 -0.161895 -0.055098
vn -0.982554 0.030299 0.183491
vn -0.963434 0.257809 -0.073003
vn -0.990835 0.089803 -0.100904
vn -0.975455 -0.167792 0.142593
vn 0.914286 0.350995 0.202197
vn 0.931316 0.117302 0.344806
vn 0.950810 0.101701 0.292603
vn 0.927712 0.334404 0.165902
vn 0.612091 0.155298 -0.775389
vn 0.604891 0.411094 -0.681989
vn 0.416624 0.452526 -0.788445
vn 0.411210 0.182805 -0.893022
vn -0.756407 0.337003 0.560605
vn -0.660873 0.138694 0.737570
vn -0.614871 0.220190 0.757265
vn -0.709728 0.412716 0.570922
vn 0.272298 -0.446597 -0.852294
vn 0.622026 -0.454019 -0.637927
vn 0.403678 -0.124793 -0.906350
vn -0.191807 -0.319312 -0.928035
vn 0.403678 -0.124793 -0.906350
vn 0.622026 -0.454019 -0.637927
vn 0.761700 -0.386000 -0.520400
vn 0.673297 0.010600 -0.739296
vn -0.934412 0.343704 0.093501
vn -0.938629 0.306610 0.158005
vn -0.856124 0.511314 -0.074902
vn -0.841672 0.522583 -0.135996
vn 0.622026 -0.454019 -0.637927
vn 0.537989 -0.497090 -0.680786
vn 0.753803 -0.479302 -0.449502
vn 0.761700 -0.386000 -0.520400
vn -0.600714 -0.303007 -0.739817
vn -0.687286 -0.048199 -0.724786
vn -0.710809 -0.088401 -0.697808
vn -0.607521 -0.315111 -0.729125
vn 0.537989 -0.497090 -0.680786
vn 0.525801 -0.472201 -0.707502
vn 0.742944 -0.441126 -0.503430
vn 0.753803 -0.479302 -0.449502
vn -0.790610 0.337204 -0.511106
vn -0.861928 0.166205 -0.479016
vn -0.660197 0.196999 -0.724797
vn -0.668510 0.075001 -0.739911
vn 0.525801 -0.472201 -0.707502
vn 0.564934 -0.347821 -0.748245
vn 0.772899 -0.312400 -0.552299
vn 0.742944 -0.441126 -0.503430
vn -0.894894 0.093399 0.436397
vn -0.877932 0.201507 0.434316
vn -0.914735 0.367514 0.167906
vn -0.872378 0.392190 0.291793
vn 0.564934 -0.347821 -0.748245
vn 0.619312 -0.109902 -0.777415
vn 0.816743 -0.085505 -0.570630
vn 0.772899 -0.312400 -0.552299
vn 0.542200 0.520400 -0.659700
vn 0.539091 0.475492 -0.695189
vn 0.279205 0.546110 -0.789815
vn 0.286787 0.587674 -0.756566
vn 0.539091 0.475492 -0.695189
vn 0.533429 0.334618 -0.776842
vn 0.276197 0.403296 -0.872392
vn 0.279205 0.546110 -0.789815
vn -0.871215 -0.127302 0.474108
vn -0.898880 0.229495 0.373292
vn -0.899286 0.083099 0.429394
vn -0.825893 -0.218198 0.519895
vn 0.762309 0.362004 -0.536506
vn 0.760801 0.232000 -0.606101
vn 0.533429 0.334618 -0.776842
vn 0.539091 0.475492 -0.695189
vn -0.687286 -0.048199 -0.724786
vn -0.724898 0.254299 -0.640199
vn -0.776623 0.213406 -0.592718
vn -0.710809 -0.088401 -0.697808
vn -0.504708 0.036601 -0.862514
vn -0.706989 -0.030000 -0.706589
vn -0.753772 0.181493 -0.631576
vn -0.560859 0.273180 -0.781543
vn 0.760801 0.232000 -0.606101
vn 0.751212 0.096901 -0.652910
vn 0.525104 0.169901 -0.833906
vn 0.533429 0.334618 -0.776842
vn 0.525104 0.169901 -0.833906
vn 0.503208 0.044601 -0.863014
vn 0.244587 0.077196 -0.966550
vn 0.269391 0.223792 -0.936667
vn 0.751212 0.096901 -0.652910
vn 0.728013 0.008400 -0.685512
vn 0.503208 0.044601 -0.863014
vn 0.525104 0.169901 -0.833906
vn 0.975911 -0.092901 0.197402
vn 0.983703 0.174001 0.045300
vn 0.962360 0.241690 0.124295
vn 0.947111 0.001100 0.320904
vn 0.617963 -0.354879 -0.701558
vn 0.378517 -0.326915 -0.865940
vn 0.453087 -0.116097 -0.883874
vn 0.688116 -0.138203 -0.712317
vn 0.890064 0.453281 -0.048198
vn 0.732010 0.658909 -0.173202
vn 0.731795 0.661795 -0.162799
vn 0.891516 0.448808 -0.061401
vn 0.985785 0.163497 -0.038699
vn 0.895216 0.402907 -0.190403
vn 0.888992 0.432796 -0.149599
vn 0.980221 0.197904 0.000500
vn 0.574782 -0.469986 -0.669880
vn 0.346702 -0.412902 -0.842205
vn 0.324213 -0.424616 -0.845333
vn 0.564637 -0.465930 -0.681245
vn -0.983708 0.174001 0.045200
vn -0.985795 0.154099 0.066800
vn -0.978996 -0.125599 0.160599
vn -0.975930 -0.092903 0.197306
vn 0.431200 -0.183500 -0.883399
vn 0.187498 -0.129499 -0.973691
vn 0.109697 -0.329190 -0.937870
vn 0.346702 -0.412902 -0.842205
vn -0.985795 0.154099 0.066800
vn -0.989517 0.112702 0.090302
vn -0.976125 -0.167404 0.138404
vn -0.978996 -0.125599 0.160599
vn 0.840384 -0.434492 -0.323994
vn 0.889787 -0.443193 -0.108898
vn 0.865683 -0.238195 -0.440291
vn 0.690120 -0.385111 -0.612718
vn 0.534784 0.162195 -0.829276
vn 0.610811 0.332206 -0.718713
vn 0.309413 0.294613 -0.904139
vn 0.232011 0.181409 -0.955647
vn 0.877889 0.257097 -0.403995
vn 0.836248 0.040802 -0.546831
vn 0.679864 0.062597 -0.730662
vn 0.743853 0.322179 -0.585563
vn 0.889787 -0.443193 -0.108898
vn 0.803278 -0.574184 0.158296
vn 0.944140 -0.298513 0.139606
vn 0.865683 -0.238195 -0.440291
vn -0.988592 0.030500 0.147499
vn -0.941630 -0.242408 0.233607
vn -0.953930 -0.232607 0.189506
vn -0.989997 0.035300 0.136600
vn 0.944140 -0.298513 0.139606
vn 0.501604 -0.301102 0.811006
vn 0.920976 -0.013400 0.389390
vn 0.926845 0.248785 -0.281183
vn 0.769210 0.157002 0.619408
vn 0.817501 0.140600 0.558501
vn 0.805319 -0.102502 0.583914
vn 0.770573 -0.094697 0.630278
vn 0.956414 0.290004 0.034201
vn 0.845465 0.524278 -0.101596
vn 0.852516 0.521010 -0.042001
vn 0.953386 0.283596 0.103098
vn 0.484890 -0.058999 0.872583
vn 0.234106 0.091202 0.967924
vn 0.134596 0.008100 0.990868
vn 0.423903 -0.142001 0.894507
vn 0.271113 0.960247 -0.066503
vn 0.410299 0.891597 0.191599
vn 0.367102 0.913704 0.174301
vn 0.220097 0.972985 -0.069699
vn 0.949805 -0.025500 0.311802
vn 0.956672 -0.287592 0.045499
vn 0.878816 -0.368607 0.303005
vn 0.880182 -0.194196 0.433091
vn -0.942968 0.315489 -0.106196
vn -0.900870 0.365688 0.233892
vn -0.903325 0.314409 0.291808
vn -0.981117 0.190203 0.035101
vn -0.377295 0.003100 -0.926088
vn -0.602870 -0.032898 -0.797161
vn -0.609003 -0.114201 -0.784904
vn -0.382202 -0.053900 -0.922505
vn 0.874550 0.411724 -0.256215
vn 0.724069 0.557876 -0.405583
vn 0.696833 0.658432 -0.284414
vn 0.864372 0.470485 -0.177494
vn 0.576010 -0.495809 0.649912
vn 0.501604 -0.301102 0.811006
vn 0.944140 -0.298513 0.139606
vn 0.803278 -0.574184 0.158296
vn 0.884725 -0.370210 -0.283208
vn 0.826262 -0.491378 -0.275387
vn 0.851213 -0.524408 0.020800
vn 0.895817 -0.444409 0.003500
vn 0.868737 -0.492621 0.051202
vn 0.823501 -0.460600 0.331200
vn 0.799601 -0.503501 0.327300
vn 0.837114 -0.544609 0.051401
vn 0.972175 0.228794 -0.050299
vn 0.864372 0.470485 -0.177494
vn 0.845465 0.524278 -0.101596
vn 0.956414 0.290004 0.034201
vn 0.933075 -0.359290 0.016800
vn 0.871012 -0.406806 0.275404
vn 0.823501 -0.460600 0.331200
vn 0.868737 -0.492621 0.051202
vn 0.985290 -0.161798 -0.054999
vn 0.933781 -0.307694 0.182696
vn 0.871012 -0.406806 0.275404
vn 0.933075 -0.359290 0.016800
vn 0.911998 -0.288899 -0.291199
vn 0.941709 -0.027500 -0.335303
vn 0.985290 -0.161798 -0.054999
vn 0.933075 -0.359290 0.016800
vn -0.903906 0.418603 0.087901
vn -0.936903 0.344401 -0.060000
vn -0.846101 0.445400 -0.292800
vn -0.812709 0.574807 -0.095401
vn 0.941709 -0.027500 -0.335303
vn 0.924212 0.246103 -0.292004
vn 0.990845 0.089804 -0.100805
vn 0.985290 -0.161798 -0.054999
vn 0.930766 0.365287 -0.015499
vn 0.794318 0.590213 -0.143903
vn 0.795069 0.600277 -0.086797
vn 0.927035 0.372314 0.044602
vn 0.035199 0.178695 0.983275
vn -0.223199 0.442997 0.868295
vn -0.060401 0.282003 0.957510
vn 0.218792 0.003700 0.975765
vn -0.109697 -0.329190 -0.937870
vn -0.187402 -0.129501 -0.973709
vn -0.431200 -0.183500 -0.883399
vn -0.346585 -0.412882 -0.842263
vn 0.804252 0.185589 -0.564566
vn 0.780507 -0.057401 -0.622506
vn 0.595495 -0.051700 -0.801694
vn 0.629677 0.178494 -0.756073
vn 0.961776 0.260893 0.083198
vn 0.863827 0.489115 -0.120704
vn 0.877626 0.476814 -0.049201
vn 0.965227 0.232907 0.118703
vn 0.214400 0.883399 -0.416700
vn 0.316905 0.868214 -0.381806
vn 0.399610 0.772820 -0.493013
vn 0.294614 0.774537 -0.559727
vn -0.803330 0.595022 -0.024701
vn -0.754105 0.655204 -0.045100
vn -0.754918 0.655816 0.001900
vn -0.805798 0.589499 0.056400
vn 0.899952 -0.024899 -0.435277
vn 0.872346 -0.195210 -0.448224
vn 0.699680 -0.242393 -0.672081
vn 0.724807 -0.044600 -0.687507
vn -0.014700 0.579812 -0.814617
vn -0.093803 0.240007 -0.966229
vn 0.429108 0.117202 -0.895617
vn 0.428804 0.551005 -0.715906
vn 0.857191 0.514994 -0.002200
vn 0.919242 0.310914 0.241511
vn 0.938615 0.306605 0.158102
vn 0.856157 0.511274 -0.074796
vn 0.809426 0.523517 -0.266008
vn 0.619151 0.691746 -0.371671
vn 0.592376 0.763069 -0.258489
vn 0.794318 0.590213 -0.143903
vn 0.954165 0.220192 -0.202693
vn 0.801981 0.421790 -0.422990
vn 0.809426 0.523517 -0.266008
vn 0.946262 0.296388 -0.129395
vn 0.610491 -0.114598 -0.783689
vn 0.602984 -0.032799 -0.797079
vn 0.377381 0.003100 -0.926053
vn 0.382288 -0.053898 -0.922470
vn 0.942427 -0.334409 -0.001600
vn 0.932162 -0.276689 -0.233490
vn 0.884101 -0.358700 -0.299500
vn 0.911273 -0.406688 -0.064698
vn 0.827832 0.535820 0.166106
vn 0.851993 0.326597 0.409197
vn 0.875166 0.337687 0.346486
vn 0.840074 0.534683 0.091597
vn -0.188208 0.552723 -0.811834
vn -0.188898 0.612094 -0.767892
vn -0.076899 0.632190 -0.770988
vn -0.105999 0.584293 -0.804591
vn 0.946262 0.296388 -0.129395
vn 0.809426 0.523517 -0.266008
vn 0.794318 0.590213 -0.143903
vn 0.930766 0.365287 -0.015499
vn 0.699680 -0.242393 -0.672081
vn 0.462792 -0.267996 -0.844986
vn 0.511114 -0.061302 -0.857324
vn 0.724807 -0.044600 -0.687507
vn -0.262100 0.703500 -0.660600
vn -0.133598 0.876288 -0.462894
vn -0.052502 0.891930 -0.449115
vn -0.156108 0.742737 -0.651132
vn -0.156108 0.742737 -0.651132
vn -0.052502 0.891930 -0.449115
vn 0.073200 0.897596 -0.434698
vn -0.033901 0.762822 -0.645719
vn 0.797114 -0.499209 -0.339706
vn 0.626773 -0.528177 -0.572875
vn 0.645833 -0.464224 -0.606131
vn 0.822311 -0.416706 -0.387505
vn 0.801981 0.421790 -0.422990
vn 0.780670 0.292289 -0.552379
vn 0.618812 0.336506 -0.709814
vn 0.637923 0.539419 -0.549620
vn -0.133598 0.876288 -0.462894
vn -0.062299 0.959882 -0.273395
vn 0.016300 0.963113 -0.268604
vn -0.052502 0.891930 -0.449115
vn 0.780670 0.292289 -0.552379
vn 0.742909 0.132702 -0.656108
vn 0.568203 0.127801 -0.812904
vn 0.618812 0.336506 -0.709814
vn 0.188304 0.552713 -0.811819
vn 0.188995 0.612082 -0.767878
vn 0.294810 0.606721 -0.738225
vn 0.273510 0.560021 -0.782029
vn 0.742909 0.132702 -0.656108
vn 0.724807 -0.044600 -0.687507
vn 0.511114 -0.061302 -0.857324
vn 0.568203 0.127801 -0.812904
vn 0.170102 -0.946711 0.273503
vn 0.360826 -0.736752 0.571840
vn 0.212404 -0.859718 0.464510
vn 0.084001 -0.979311 0.184102
vn -0.086897 0.662080 -0.744378
vn -0.373894 0.649390 -0.662190
vn -0.323786 0.731569 -0.599975
vn -0.030002 0.739639 -0.672335
vn 0.188995 0.612082 -0.767878
vn 0.156205 0.742725 -0.651122
vn 0.262100 0.703500 -0.660600
vn 0.294810 0.606721 -0.738225
vn -0.073100 0.897603 -0.434701
vn 0.052599 0.891885 -0.449193
vn 0.156205 0.742725 -0.651122
vn 0.033999 0.762771 -0.645775
vn -0.073100 0.897603 -0.434701
vn -0.162302 0.953114 -0.255404
vn -0.016301 0.963139 -0.268511
vn 0.052599 0.891885 -0.449193
vn -0.016301 0.963139 -0.268511
vn 0.062398 0.959876 -0.273393
vn 0.133696 0.876276 -0.462888
vn 0.052599 0.891885 -0.449193
vn -0.149795 0.464386 0.872873
vn -0.114605 0.303413 0.945942
vn 0.128900 0.247799 0.960198
vn 0.006800 0.316790 0.948471
vn 0.871367 0.461483 -0.166594
vn 0.692619 0.664018 -0.281708
vn 0.674903 0.678103 -0.291001
vn 0.863219 0.484211 -0.142803
vn -0.030002 0.739639 -0.672335
vn -0.323786 0.731569 -0.599975
vn -0.282811 0.763629 -0.580422
vn 0.014700 0.770894 -0.636795
vn 0.916374 0.187895 -0.353490
vn 0.726103 0.220701 -0.651203
vn 0.745829 0.364414 -0.557622
vn 0.923821 0.209205 -0.320607
vn 0.577998 0.737597 -0.349099
vn 0.760595 0.635395 -0.133299
vn 0.790595 0.604496 -0.097699
vn 0.606101 0.735001 -0.304000
vn -0.797920 0.295407 -0.525413
vn -0.720233 0.448420 -0.529324
vn -0.915282 0.341393 -0.213796
vn -0.956226 0.216106 -0.197305
vn 0.922101 0.318600 -0.219600
vn 0.762090 0.530293 -0.371495
vn 0.748400 0.637300 -0.183700
vn 0.904378 0.423290 -0.054099
vn -0.614830 -0.245312 -0.749537
vn -0.402219 -0.113005 -0.908543
vn -0.427713 -0.180905 -0.885627
vn -0.620899 -0.305999 -0.721699
vn 0.910715 -0.232904 -0.341106
vn 0.891516 -0.271105 -0.362907
vn 0.769108 -0.253703 -0.586606
vn 0.797490 -0.193698 -0.571393
vn 0.762090 0.530293 -0.371495
vn 0.745829 0.364414 -0.557622
vn 0.563970 0.457076 -0.687764
vn 0.559403 0.676904 -0.478403
vn -0.196600 0.394999 -0.897399
vn -0.478216 0.368212 -0.797326
vn -0.458893 0.430394 -0.777289
vn -0.174899 0.449496 -0.875993
vn 0.745829 0.364414 -0.557622
vn 0.726103 0.220701 -0.651203
vn 0.549008 0.232903 -0.802712
vn 0.563970 0.457076 -0.687764
vn -0.656218 -0.120303 -0.744920
vn -0.829373 -0.198394 -0.522283
vn -0.853539 -0.146107 -0.500123
vn -0.683619 -0.067402 -0.726720
vn 0.726103 0.220701 -0.651203
vn 0.711623 0.099203 -0.695522
vn 0.503000 0.071800 -0.861299
vn 0.549008 0.232903 -0.802712
vn 0.963176 0.206495 -0.172196
vn 0.830978 0.388690 -0.397990
vn 0.854842 0.448770 -0.260482
vn 0.968467 0.245192 -0.044198
vn 0.763425 -0.143205 -0.629821
vn 0.831423 0.135304 -0.538915
vn 0.593101 0.237500 -0.769301
vn 0.535512 -0.062401 -0.842219
vn -0.232000 0.154300 -0.960400
vn -0.504803 0.099301 -0.857504
vn -0.503711 0.234205 -0.831519
vn -0.226801 0.275701 -0.934104
vn -0.487992 -0.062799 -0.870586
vn -0.712987 -0.123098 -0.690287
vn -0.728896 0.037500 -0.683596
vn -0.504803 0.099301 -0.857504
vn -0.224991 0.000900 -0.974360
vn -0.208695 -0.123297 -0.970177
vn -0.469704 -0.200702 -0.859707
vn -0.487992 -0.062799 -0.870586
vn -0.564221 0.118805 -0.817031
vn -0.746953 -0.154990 -0.646559
vn -0.630926 -0.205508 -0.748130
vn -0.408909 0.074602 -0.909521
vn -0.120295 0.343385 -0.931459
vn -0.408909 0.074602 -0.909521
vn -0.275595 0.027400 -0.960883
vn 0.007300 0.183305 -0.983029
vn 0.853609 -0.146102 -0.500005
vn 0.829417 -0.198404 -0.522211
vn 0.656267 -0.120394 -0.744862
vn 0.683672 -0.067397 -0.726670
vn -0.461012 0.862623 -0.208206
vn -0.501191 0.850585 -0.159097
vn -0.701661 0.712460 -0.008500
vn -0.676072 0.732370 -0.080997
vn -0.182099 -0.191799 -0.964393
vn -0.138995 -0.225991 -0.964162
vn -0.411305 -0.323104 -0.852310
vn -0.449878 -0.277886 -0.848758
vn -0.215308 0.923933 -0.316211
vn -0.256887 0.919453 -0.297685
vn -0.501191 0.850585 -0.159097
vn -0.461012 0.862623 -0.208206
vn -0.073400 -0.250601 -0.965304
vn -0.343217 -0.348917 -0.872043
vn -0.411305 -0.323104 -0.852310
vn -0.138995 -0.225991 -0.964162
vn 0.329003 0.006200 -0.944309
vn 0.577583 0.009600 -0.816276
vn 0.557021 -0.024701 -0.830131
vn 0.299899 -0.054800 -0.952396
vn -0.252302 -0.348002 -0.902906
vn -0.556117 -0.386012 -0.736022
vn -0.587814 -0.415210 -0.694317
vn -0.343217 -0.348917 -0.872043
vn 0.084001 -0.979311 0.184102
vn 0.212404 -0.859718 0.464510
vn 0.117005 -0.892738 0.435119
vn 0.163796 -0.974777 0.151596
vn 0.956503 0.156800 -0.246001
vn 0.858016 0.235004 -0.456708
vn 0.831423 0.135304 -0.538915
vn 0.945491 0.045200 -0.322497
vn 0.000600 -0.289494 -0.957180
vn 0.052801 -0.368509 -0.928123
vn -0.180592 -0.369883 -0.911358
vn -0.252302 -0.348002 -0.902906
vn -0.485704 -0.276902 0.829106
vn -0.561513 -0.264906 0.783918
vn -0.763888 -0.204797 0.611991
vn -0.711816 -0.212605 0.669415
vn -0.501191 0.850585 -0.159097
vn -0.493678 0.838763 -0.229690
vn -0.694996 0.717496 -0.046700
vn -0.701661 0.712460 -0.008500
vn -0.540381 -0.337488 -0.770773
vn -0.688769 -0.455679 -0.563874
vn -0.656188 -0.265395 -0.706387
vn -0.487412 -0.066702 -0.870621
vn 0.055400 -0.248299 0.967098
vn 0.180003 -0.009700 0.983618
vn -0.023700 0.186899 0.982093
vn -0.171309 -0.063803 0.983149
vn -0.022701 -0.280009 -0.959729
vn 0.077403 -0.235308 -0.968834
vn -0.152506 0.011200 -0.988239
vn -0.289906 -0.066801 -0.954721
vn -0.891511 0.448805 -0.061501
vn -0.890059 0.453279 -0.048298
vn -0.975730 0.201806 0.085003
vn -0.979538 0.195908 0.046102
vn -0.134903 0.069402 -0.988425
vn -0.412704 0.010100 -0.910809
vn -0.423305 0.029400 -0.905510
vn -0.145306 0.082503 -0.985941
vn -0.829087 -0.046399 -0.557191
vn -0.948277 -0.110497 -0.297593
vn -0.885898 -0.338199 -0.317499
vn -0.756774 -0.229992 -0.611879
vn 0.887195 0.420998 -0.188799
vn 0.876682 0.440791 -0.192696
vn 0.977759 0.177892 -0.111095
vn 0.981341 0.155707 -0.112805
vn -0.113605 -0.481522 0.869040
vn -0.029398 -0.431474 0.901646
vn -0.320085 -0.308486 0.895758
vn -0.406095 -0.348695 0.844689
vn 0.731499 0.120000 -0.671199
vn 0.741395 0.230898 -0.630095
vn 0.900374 0.150696 -0.408188
vn 0.887838 0.047302 -0.457719
vn -0.029398 -0.431474 0.901646
vn 0.055400 -0.248299 0.967098
vn -0.171309 -0.063803 0.983149
vn -0.320085 -0.308486 0.895758
vn -0.171309 -0.063803 0.983149
vn -0.371696 0.114299 0.921291
vn -0.542176 -0.182692 0.820164
vn -0.320085 -0.308486 0.895758
vn -0.171309 -0.063803 0.983149
vn -0.023700 0.186899 0.982093
vn -0.221504 0.373207 0.900917
vn -0.371696 0.114299 0.921291
vn 0.259993 0.178995 -0.948875
vn 0.286904 0.092201 -0.953512
vn 0.007900 0.109100 -0.993999
vn -0.039398 0.222888 -0.974048
vn 0.300801 -0.303801 -0.904004
vn 0.559708 -0.264304 -0.785411
vn 0.549911 -0.221504 -0.805316
vn 0.291210 -0.237408 -0.926733
vn -0.023700 0.186899 0.982093
vn 0.071302 0.306709 0.949129
vn -0.220403 0.425906 0.877512
vn -0.221504 0.373207 0.900917
vn -0.171306 0.080403 0.981932
vn -0.234099 -0.215199 0.948096
vn 0.027001 0.002000 0.999633
vn 0.142202 0.155702 0.977515
vn -0.885898 -0.338199 -0.317499
vn -0.948277 -0.110497 -0.297593
vn -0.982015 -0.188303 -0.013700
vn -0.916874 -0.394489 -0.060998
vn 0.071302 0.306709 0.949129
vn 0.247903 0.298004 0.921812
vn -0.229008 0.275810 0.933533
vn -0.220403 0.425906 0.877512
vn -0.948277 -0.110497 -0.297593
vn -0.921602 0.041600 -0.385901
vn -0.991471 -0.101297 -0.081998
vn -0.982015 -0.188303 -0.013700
vn 0.490281 -0.202692 -0.847668
vn 0.744285 -0.088398 -0.661986
vn 0.680963 -0.248787 -0.688763
vn 0.412409 -0.376808 -0.829418
vn 0.354602 -0.036500 -0.934305
vn 0.606191 0.007100 -0.795288
vn 0.566591 -0.072699 -0.820786
vn 0.291586 -0.140593 -0.946156
vn 0.035799 -0.479582 -0.876767
vn 0.347385 -0.419282 -0.838764
vn 0.300801 -0.303801 -0.904004
vn -0.001200 -0.317697 -0.948192
vn -0.917505 -0.352602 -0.184001
vn -0.805168 -0.387685 -0.448782
vn -0.838396 -0.343998 -0.422798
vn -0.925978 -0.348792 -0.144597
vn 0.931103 0.261101 0.254701
vn 0.897607 0.354703 0.261702
vn 0.819802 0.164200 0.548601
vn 0.800450 0.193712 0.567235
vn 0.591695 0.287397 -0.753193
vn 0.822393 0.217998 -0.525496
vn 0.823553 0.118908 -0.554636
vn 0.607401 0.111000 -0.786602
vn 0.472896 -0.094899 -0.875993
vn 0.230394 -0.039999 -0.972275
vn 0.280688 -0.108395 -0.953659
vn 0.519586 -0.078798 -0.850777
vn 0.908689 0.360696 0.210197
vn 0.878407 0.103801 0.466504
vn 0.819802 0.164200 0.548601
vn 0.897607 0.354703 0.261702
vn 0.400197 -0.167499 -0.900992
vn 0.165298 -0.047699 -0.985090
vn 0.230394 -0.039999 -0.972275
vn 0.472896 -0.094899 -0.875993
vn 0.950299 0.288600 0.116800
vn 0.947198 0.009800 0.320499
vn 0.878407 0.103801 0.466504
vn 0.908689 0.360696 0.210197
vn -0.286812 0.092204 -0.953539
vn -0.297289 -0.058998 -0.952963
vn -0.574506 -0.012200 -0.818409
vn -0.565797 0.062200 -0.822195
vn 0.969518 0.232804 0.076401
vn 0.967146 -0.021501 0.253312
vn 0.947198 0.009800 0.320499
vn 0.950299 0.288600 0.116800
vn 0.436393 -0.226096 -0.870886
vn 0.674476 -0.214092 -0.706574
vn 0.640316 -0.356409 -0.680417
vn 0.403874 -0.354477 -0.843346
vn -0.706989 -0.030000 -0.706589
vn -0.884394 -0.107899 -0.454097
vn -0.918663 0.051398 -0.391684
vn -0.753772 0.181493 -0.631576
vn 0.985513 0.086801 0.145702
vn 0.942875 -0.135396 0.304392
vn 0.963361 -0.081297 0.255590
vn 0.978842 0.183908 0.089704
vn 0.928685 0.365094 -0.065199
vn 0.985513 0.086801 0.145702
vn 0.978842 0.183908 0.089704
vn 0.901661 0.425729 -0.075905
vn 0.481801 -0.229101 -0.845802
vn 0.732764 -0.189491 -0.653568
vn 0.750728 -0.064802 -0.657425
vn 0.530028 -0.120706 -0.839345
vn 0.958296 0.279299 -0.060500
vn 0.987760 -0.007600 0.155794
vn 0.985513 0.086801 0.145702
vn 0.928685 0.365094 -0.065199
vn 0.462501 0.030300 -0.886101
vn 0.465817 0.168806 -0.868631
vn 0.712661 0.118294 -0.691463
vn 0.704203 0.023700 -0.709603
vn 0.955678 0.288193 0.060199
vn 0.955207 0.037900 0.293502
vn 0.987760 -0.007600 0.155794
vn 0.958296 0.279299 -0.060500
vn -0.681022 -0.193906 -0.706123
vn -0.881554 -0.180590 -0.436177
vn -0.895277 -0.073598 -0.439389
vn -0.741897 -0.116600 -0.660298
vn 0.877134 0.409916 0.250210
vn 0.852808 0.206402 0.479705
vn 0.955207 0.037900 0.293502
vn 0.955678 0.288193 0.060199
vn 0.152095 -0.218693 -0.963868
vn 0.436393 -0.226096 -0.870886
vn 0.403874 -0.354477 -0.843346
vn 0.128405 -0.323314 -0.937540
vn 0.357988 0.248792 -0.899971
vn 0.359714 0.405315 -0.840432
vn 0.600299 0.345499 -0.721299
vn 0.599596 0.209499 -0.772395
vn 0.189897 -0.369094 -0.909785
vn 0.410813 -0.406013 -0.816325
vn 0.481801 -0.229101 -0.845802
vn 0.246998 -0.243998 -0.937793
vn 0.481801 -0.229101 -0.845802
vn 0.410813 -0.406013 -0.816325
vn 0.683508 -0.407205 -0.605807
vn 0.732764 -0.189491 -0.653568
vn -0.741897 -0.116600 -0.660298
vn -0.895277 -0.073598 -0.439389
vn -0.939399 -0.092900 -0.330000
vn -0.833086 -0.096898 -0.544591
vn 0.410813 -0.406013 -0.816325
vn 0.387023 -0.449927 -0.804847
vn 0.627907 -0.467005 -0.622607
vn 0.683508 -0.407205 -0.605807
vn -0.362708 0.496512 -0.788618
vn -0.336799 0.258499 -0.905397
vn -0.093803 0.240007 -0.966229
vn -0.014700 0.579812 -0.814617
vn 0.533599 -0.015300 -0.845599
vn 0.543304 -0.152301 -0.825606
vn 0.727528 -0.186207 -0.660326
vn 0.728093 -0.063899 -0.682494
vn -0.730493 -0.183898 -0.657694
vn -0.952066 -0.207893 -0.224392
vn -0.881554 -0.180590 -0.436177
vn -0.681022 -0.193906 -0.706123
vn -0.984696 -0.028700 0.171899
vn -0.952066 -0.207893 -0.224392
vn -0.730493 -0.183898 -0.657694
vn -0.909707 0.160201 -0.383103
vn -0.955475 0.207395 0.209894
vn -0.909707 0.160201 -0.383103
vn -0.692121 0.324310 -0.644819
vn -0.875213 0.393606 -0.281204
vn 0.966161 0.239090 0.096796
vn 0.949805 -0.025500 0.311802
vn 0.817501 0.140600 0.558501
vn 0.735273 0.466183 0.491982
vn -0.393989 -0.008600 -0.919075
vn -0.069597 0.111195 -0.991359
vn -0.174294 0.075897 -0.981764
vn -0.488633 -0.035702 -0.871759
vn 0.561401 -0.264900 0.784001
vn 0.671304 -0.258602 0.694605
vn 0.385611 -0.272108 0.881625
vn 0.273596 -0.283596 0.919086
vn 0.830075 0.233993 0.506185
vn 0.785738 0.584228 0.203210
vn 0.887533 0.353913 0.295011
vn 0.875838 -0.013301 0.482421
vn -0.488633 -0.035702 -0.871759
vn -0.174294 0.075897 -0.981764
vn -0.267509 0.062402 -0.961533
vn -0.557484 0.013600 -0.830076
vn 0.592294 0.379796 -0.710593
vn 0.591035 0.347320 -0.728043
vn 0.333706 0.411508 -0.848116
vn 0.337100 0.445300 -0.829500
vn -0.948492 -0.293398 -0.119499
vn -0.786973 -0.458384 -0.412986
vn -0.876196 -0.472898 -0.093000
vn -0.928818 -0.252905 0.270805
vn 0.591035 0.347320 -0.728043
vn 0.589383 0.251593 -0.767678
vn 0.328811 0.310110 -0.892029
vn 0.333706 0.411508 -0.848116
vn -0.876196 -0.472898 -0.093000
vn -0.847557 -0.411379 -0.335283
vn -0.826235 -0.563324 -0.000900
vn -0.835546 -0.486669 0.254984
vn 0.885122 0.398210 -0.240806
vn 0.965814 0.255404 0.044401
vn 0.984787 0.163298 -0.059399
vn 0.901624 0.274307 -0.334409
vn 0.485587 -0.276893 0.829178
vn 0.561401 -0.264900 0.784001
vn 0.273596 -0.283596 0.919086
vn 0.202201 -0.305102 0.930606
vn 0.256995 0.446691 -0.856983
vn 0.197604 0.351706 -0.915017
vn 0.502711 0.350708 -0.790118
vn 0.537697 0.440698 -0.718796
vn 0.529890 -0.241396 -0.812985
vn 0.251707 -0.268107 -0.929926
vn 0.292712 -0.054602 -0.954640
vn 0.562791 -0.051599 -0.824987
vn 0.333706 0.411508 -0.848116
vn 0.328811 0.310110 -0.892029
vn 0.046999 0.341590 -0.938673
vn 0.049701 0.441212 -0.896025
vn -0.901594 0.274298 -0.334498
vn -0.885101 0.398200 -0.240900
vn -0.741965 0.490477 -0.457078
vn -0.746320 0.355310 -0.562815
vn -0.382202 -0.053900 -0.922505
vn -0.609003 -0.114201 -0.784904
vn -0.623665 -0.108994 -0.774056
vn -0.393219 -0.042902 -0.918444
vn 0.067898 -0.469388 -0.880378
vn 0.317094 -0.541389 -0.778684
vn 0.400991 -0.390291 -0.828782
vn 0.141800 -0.336900 -0.930801
vn -0.062100 -0.261899 -0.963095
vn 0.259395 -0.181397 -0.948583
vn 0.180701 -0.189001 -0.965207
vn -0.182395 -0.308492 -0.933576
vn 0.041202 -0.466921 -0.883339
vn 0.292012 -0.522721 -0.800932
vn 0.317094 -0.541389 -0.778684
vn 0.067898 -0.469388 -0.880378
vn 0.042800 -0.148400 -0.988001
vn 0.346586 -0.100096 -0.932662
vn 0.259395 -0.181397 -0.948583
vn -0.062100 -0.261899 -0.963095
vn 0.950288 -0.142798 0.276697
vn 0.992783 0.062099 0.102598
vn 0.988156 0.045698 0.146493
vn 0.941386 -0.206297 0.266896
vn -0.231901 -0.313601 -0.920802
vn -0.187595 -0.223094 -0.956576
vn 0.106801 -0.196302 -0.974710
vn 0.062600 -0.355197 -0.932693
vn 0.106801 -0.196302 -0.974710
vn 0.382285 -0.160694 -0.909965
vn 0.336512 -0.365313 -0.867932
vn 0.062600 -0.355197 -0.932693
vn 0.530791 0.777187 -0.337995
vn 0.722326 0.605322 -0.334412
vn 0.862152 0.485929 -0.143409
vn 0.674092 0.714191 -0.188498
vn 0.122901 -0.005300 -0.992405
vn 0.381385 0.051798 -0.922964
vn 0.382285 -0.160694 -0.909965
vn 0.106801 -0.196302 -0.974710
vn 0.122901 -0.005300 -0.992405
vn 0.092097 0.152696 -0.983973
vn 0.353085 0.217491 -0.909961
vn 0.381385 0.051798 -0.922964
vn 0.192701 -0.425703 -0.884106
vn 0.193502 -0.486805 -0.851809
vn -0.098499 -0.459896 -0.882493
vn -0.091299 -0.418994 -0.903387
vn 0.432097 -0.308298 0.847493
vn 0.681683 -0.315592 0.660083
vn 0.654889 -0.309395 0.689489
vn 0.418391 -0.281994 0.863382
vn 0.193502 -0.486805 -0.851809
vn 0.269496 -0.384095 -0.883087
vn -0.060900 -0.348301 -0.935402
vn -0.098499 -0.459896 -0.882493
vn 0.688328 0.537422 0.487220
vn 0.547590 0.804086 0.231496
vn 0.785738 0.584228 0.203210
vn 0.830075 0.233993 0.506185
vn 0.269496 -0.384095 -0.883087
vn 0.340389 -0.152895 -0.927771
vn 0.019601 -0.093403 -0.995435
vn -0.060900 -0.348301 -0.935402
vn 0.629266 0.248887 -0.736260
vn 0.628221 0.159905 -0.761425
vn 0.379401 0.214600 -0.900001
vn 0.373004 0.325103 -0.869009
vn 0.340389 -0.152895 -0.927771
vn 0.375794 -0.065499 -0.924386
vn 0.071798 -0.009300 -0.997376
vn 0.019601 -0.093403 -0.995435
vn -0.089000 0.021700 -0.995795
vn -0.059800 0.058300 -0.996506
vn -0.377295 0.003100 -0.926088
vn -0.382202 -0.053900 -0.922505
vn -0.410104 0.221602 -0.884708
vn -0.564179 0.082997 -0.821470
vn -0.517916 -0.129804 -0.845526
vn -0.280205 -0.100002 -0.954717
vn 0.369422 0.396024 -0.840650
vn 0.373004 0.325103 -0.869009
vn 0.093103 0.371811 -0.923628
vn 0.092202 0.437210 -0.894621
vn 0.462972 -0.440873 -0.768953
vn 0.188194 -0.418786 -0.888370
vn 0.218604 -0.294805 -0.930216
vn 0.494296 -0.305098 -0.813994
vn 0.490724 -0.422120 -0.762237
vn 0.230503 -0.401205 -0.886512
vn 0.188194 -0.418786 -0.888370
vn 0.462972 -0.440873 -0.768953
vn 0.867472 -0.346589 0.356888
vn 0.894881 -0.436991 0.090698
vn 0.926787 -0.373495 0.039599
vn 0.903374 -0.282692 0.322491
vn 0.026600 0.159101 -0.986904
vn -0.261506 0.167704 -0.950521
vn -0.261805 0.351806 -0.898716
vn 0.008400 0.307594 -0.951481
vn -0.945028 -0.007200 -0.326910
vn -0.821350 0.063004 -0.566934
vn -0.803247 -0.029102 -0.594935
vn -0.926029 -0.109203 -0.361311
vn -0.007300 0.003800 -0.999966
vn -0.317312 -0.038601 -0.947535
vn -0.261506 0.167704 -0.950521
vn 0.026600 0.159101 -0.986904
vn -0.261506 0.167704 -0.950521
vn -0.532326 0.164308 -0.830441
vn -0.515097 0.371798 -0.772296
vn -0.261805 0.351806 -0.898716
vn -0.317312 -0.038601 -0.947535
vn -0.566997 -0.084300 -0.819395
vn -0.532326 0.164308 -0.830441
vn -0.261506 0.167704 -0.950521
vn 0.261894 0.005900 -0.965079
vn 0.538604 0.077301 -0.839006
vn 0.487703 0.002600 -0.873006
vn 0.200693 -0.072498 -0.976968
vn 0.840074 0.534683 0.091597
vn 0.875166 0.337687 0.346486
vn 0.919242 0.310914 0.241511
vn 0.857191 0.514994 -0.002200
vn 0.646003 -0.268901 -0.714403
vn 0.477605 -0.145102 -0.866510
vn 0.402508 -0.132903 -0.905718
vn 0.526284 -0.284291 -0.801376
vn 0.939430 -0.092903 -0.329910
vn 0.895316 -0.073601 -0.439308
vn 0.741897 -0.116600 -0.660298
vn 0.832831 -0.098904 -0.544620
vn 0.188194 -0.418786 -0.888370
vn 0.230503 -0.401205 -0.886512
vn -0.063701 -0.363003 -0.929608
vn -0.085102 -0.372008 -0.924320
vn 0.338811 0.020501 -0.940631
vn 0.595927 -0.022001 -0.802737
vn 0.571097 -0.145999 -0.807795
vn 0.302003 -0.096501 -0.948410
vn 0.230503 -0.401205 -0.886512
vn 0.280102 -0.196201 -0.939706
vn -0.028500 -0.207101 -0.977904
vn -0.063701 -0.363003 -0.929608
vn 0.835516 -0.486709 0.255005
vn 0.876204 -0.472902 -0.092900
vn 0.928793 -0.252898 0.270898
vn 0.798514 -0.195604 0.569310
vn 0.280102 -0.196201 -0.939706
vn 0.271702 0.117301 -0.955206
vn -0.020400 0.039800 -0.998999
vn -0.028500 -0.207101 -0.977904
vn 0.459225 0.245414 -0.853747
vn 0.631413 0.298206 -0.715815
vn 0.643218 0.491014 -0.587517
vn 0.575695 0.415896 -0.703993
vn 0.984696 -0.028700 0.171899
vn 0.909760 0.160193 -0.382983
vn 0.730493 -0.183898 -0.657694
vn 0.952066 -0.207893 -0.224392
vn 0.837713 0.181103 -0.515208
vn 0.824979 0.292493 -0.483588
vn 0.676784 0.407090 -0.613385
vn 0.682194 0.269497 -0.679694
vn -0.440011 0.371110 -0.817721
vn -0.594499 0.170100 -0.785899
vn -0.564179 0.082997 -0.821470
vn -0.410104 0.221602 -0.884708
vn -0.202399 0.591096 -0.780795
vn -0.440011 0.371110 -0.817721
vn -0.410104 0.221602 -0.884708
vn -0.110203 0.436913 -0.892727
vn -0.202399 0.591096 -0.780795
vn -0.220204 0.625011 -0.748913
vn -0.442392 0.408693 -0.798286
vn -0.440011 0.371110 -0.817721
vn 0.839178 0.471188 0.271593
vn 0.913521 0.229005 0.336208
vn 0.962125 -0.000900 0.272607
vn 0.929792 0.272998 0.246898
vn 0.891045 -0.384976 0.240485
vn 0.877126 -0.444313 0.182305
vn 0.976112 -0.167402 0.138502
vn 0.978968 -0.125696 0.160695
vn 0.236095 0.544889 -0.804584
vn 0.225706 0.498614 -0.836923
vn 0.504209 0.475608 -0.720812
vn 0.503097 0.530697 -0.682096
vn 0.871174 -0.127296 0.474186
vn 0.744990 -0.423994 0.514993
vn 0.678043 -0.480131 0.556536
vn 0.825893 -0.218198 0.519895
vn -0.051601 0.511706 -0.857610
vn -0.064799 0.475392 -0.877385
vn 0.225706 0.498614 -0.836923
vn 0.236095 0.544889 -0.804584
vn 0.338811 0.020501 -0.940631
vn 0.357807 0.133403 -0.924218
vn 0.612288 0.103098 -0.783884
vn 0.595927 -0.022001 -0.802737
vn -0.064799 0.475392 -0.877385
vn -0.092803 0.335309 -0.937526
vn 0.203510 0.323615 -0.924044
vn 0.225706 0.498614 -0.836923
vn 0.124197 -0.199595 -0.971976
vn 0.401417 -0.237610 -0.884537
vn 0.454391 -0.019800 -0.890582
vn 0.166592 0.036498 -0.985350
vn -0.092803 0.335309 -0.937526
vn -0.128002 0.080301 -0.988518
vn 0.166592 0.036498 -0.985350
vn 0.203510 0.323615 -0.924044
vn -0.763488 0.013100 0.645690
vn -0.852808 0.206402 0.479705
vn -0.955235 0.037901 0.293411
vn -0.886139 -0.146306 0.439719
vn -0.991170 0.128296 0.033499
vn -0.982623 -0.101502 0.155404
vn -0.952680 0.054799 0.298994
vn -0.953233 0.274210 0.127104
vn -0.160597 -0.145197 -0.976282
vn -0.173689 -0.239085 -0.955338
vn 0.099902 -0.293507 -0.950723
vn 0.124197 -0.199595 -0.971976
vn -0.807026 -0.440114 -0.393712
vn -0.724380 -0.506686 -0.467487
vn -0.566520 -0.446616 -0.692524
vn -0.689621 -0.315109 -0.652020
vn 0.876204 -0.472902 -0.092900
vn 0.847557 -0.411379 -0.335283
vn 0.795315 -0.309706 -0.521110
vn 0.787006 -0.458403 -0.412903
vn -0.173689 -0.239085 -0.955338
vn -0.170494 -0.247892 -0.953667
vn 0.106200 -0.306899 -0.945798
vn 0.099902 -0.293507 -0.950723
vn -0.827433 0.547222 -0.126105
vn -0.863044 0.502026 -0.055903
vn -0.953233 0.274210 0.127104
vn -0.912011 0.401805 0.082401
vn -0.954369 0.258692 0.149195
vn -0.913183 0.133997 0.384893
vn -0.949802 -0.071800 0.304501
vn -0.978622 0.166304 0.121003
vn 0.201892 -0.086697 -0.975563
vn 0.471999 -0.109300 -0.874798
vn 0.447229 -0.212314 -0.868855
vn 0.175094 -0.186794 -0.966669
vn 0.931767 -0.071797 -0.355887
vn 0.888577 -0.241694 -0.389890
vn 0.959085 -0.265396 -0.098598
vn 0.993915 -0.090901 -0.062201
vn -0.910715 -0.232904 -0.341106
vn -0.891516 -0.271105 -0.362907
vn -0.960973 -0.275192 -0.028299
vn -0.964817 -0.261805 -0.024200
vn 0.319995 -0.308495 0.895787
vn 0.029300 -0.431394 0.901688
vn 0.113605 -0.481522 0.869040
vn 0.406011 -0.348709 0.844723
vn -0.963386 -0.081299 0.255496
vn -0.978851 0.183909 0.089605
vn -0.969525 0.232806 0.076302
vn -0.967175 -0.021599 0.253193
vn 0.333310 0.877227 -0.345511
vn 0.547098 0.758297 -0.354499
vn 0.718605 0.626804 -0.301202
vn 0.527702 0.786603 -0.320601
vn -0.050001 0.448613 -0.892326
vn 0.239290 0.434781 -0.868162
vn 0.235008 0.262309 -0.935930
vn -0.052502 0.286511 -0.956637
vn 0.644892 0.757991 0.097799
vn 0.429817 0.890636 -0.148406
vn 0.693498 0.696698 -0.183500
vn 0.815218 0.549012 0.184404
vn -0.048401 0.500106 -0.864610
vn 0.241886 0.488871 -0.838151
vn 0.239290 0.434781 -0.868162
vn -0.050001 0.448613 -0.892326
vn -0.592494 0.294297 -0.749893
vn -0.575628 0.415920 -0.704034
vn -0.459107 0.245404 -0.853814
vn -0.405695 0.128098 -0.904988
vn -0.876332 -0.433616 -0.209808
vn -0.916455 -0.385981 0.105495
vn -0.901563 -0.428982 0.056198
vn -0.856607 -0.444204 -0.262502
vn -0.733086 -0.107498 -0.671587
vn -0.729511 -0.077101 -0.679610
vn -0.501798 -0.159799 -0.850096
vn -0.505220 -0.183607 -0.843233
vn -0.938112 -0.323104 -0.124702
vn -0.876332 -0.433616 -0.209808
vn -0.761564 -0.436579 -0.478977
vn -0.830726 -0.335910 -0.443914
vn -0.892786 -0.024900 -0.449793
vn -0.888189 0.008800 -0.459394
vn -0.729511 -0.077101 -0.679610
vn -0.733086 -0.107498 -0.671587
vn -0.969525 0.232806 0.076302
vn -0.978851 0.183909 0.089605
vn -0.901616 0.425808 -0.076001
vn -0.892395 0.444197 -0.079500
vn -0.913614 -0.082101 -0.398206
vn -0.988634 -0.143005 -0.046402
vn -0.938112 -0.323104 -0.124702
vn -0.830726 -0.335910 -0.443914
vn 0.882916 0.091602 0.460508
vn 0.776404 -0.006400 0.630203
vn 0.694093 0.210598 0.688393
vn 0.833124 0.349810 0.428412
vn -0.867985 0.106698 -0.484992
vn -0.813334 0.266011 -0.517422
vn -0.665312 0.156803 -0.729913
vn -0.714266 0.012299 -0.699766
vn -0.975060 0.147994 -0.165393
vn -0.992714 0.006800 0.120302
vn -0.977175 0.115497 0.178295
vn -0.950684 0.301595 -0.072399
vn -0.813334 0.266011 -0.517422
vn -0.735762 0.447677 -0.508174
vn -0.592494 0.294297 -0.749893
vn -0.665312 0.156803 -0.729913
vn -0.643180 0.490985 -0.587582
vn -0.631413 0.298206 -0.715815
vn -0.459107 0.245404 -0.853814
vn -0.575628 0.415920 -0.704034
vn -0.880914 0.093702 -0.463908
vn -0.974171 0.017999 -0.225093
vn -0.975060 0.147994 -0.165393
vn -0.886287 0.252896 -0.387994
vn -0.712215 0.590013 -0.380308
vn -0.726707 0.675106 -0.127001
vn -0.643180 0.490985 -0.587582
vn -0.575628 0.415920 -0.704034
vn 0.982641 -0.153006 0.104904
vn 0.992404 0.121301 -0.020500
vn 0.991167 0.128296 0.033599
vn 0.982607 -0.101501 0.155501
vn 0.377381 0.003100 -0.926053
vn 0.059800 0.058300 -0.996506
vn 0.089099 0.021700 -0.995786
vn 0.382288 -0.053898 -0.922470
vn -0.797495 0.498197 -0.340298
vn -0.853053 0.518971 -0.054497
vn -0.772367 0.515578 -0.370984
vn -0.752872 0.320288 -0.574978
vn -0.988634 -0.143005 -0.046402
vn -0.997669 -0.044299 -0.051898
vn -0.973851 -0.111594 0.197890
vn -0.968622 -0.170004 0.181304
vn -0.757324 0.629320 0.174405
vn -0.823221 0.462312 0.329508
vn -0.853053 0.518971 -0.054497
vn -0.797495 0.498197 -0.340298
vn 0.924205 0.196101 0.327702
vn 0.952648 0.054703 0.299115
vn 0.953221 0.274206 0.127203
vn 0.912047 0.401721 0.082404
vn -0.858633 0.512519 0.008600
vn -0.801594 0.593095 -0.075399
vn -0.646717 0.755620 -0.103903
vn -0.750922 0.637218 -0.173405
vn -0.801594 0.593095 -0.075399
vn -0.662464 0.725560 -0.186290
vn -0.479410 0.856218 -0.192504
vn -0.646717 0.755620 -0.103903
vn -0.848570 -0.138695 -0.510582
vn -0.839719 -0.047801 -0.540913
vn -0.910776 0.173695 -0.374590
vn -0.953927 -0.014100 -0.299708
vn -0.884109 0.459905 -0.082701
vn -0.718584 0.626786 -0.301293
vn -0.527702 0.786603 -0.320601
vn -0.662464 0.725560 -0.186290
vn -0.333310 0.877227 -0.345511
vn 0.020700 0.935093 -0.353797
vn -0.238394 0.904277 -0.354191
vn -0.527702 0.786603 -0.320601
vn 0.977450 0.065697 -0.200690
vn 0.947481 -0.153997 -0.280294
vn 0.843089 -0.120098 -0.524193
vn 0.883187 0.102899 -0.457594
vn 0.342615 -0.358616 -0.868338
vn 0.427795 -0.180898 -0.885589
vn 0.620944 -0.306022 -0.721651
vn 0.517099 -0.487399 -0.703599
vn -0.547028 0.758339 -0.354518
vn -0.406805 0.811909 -0.418705
vn -0.166909 0.912647 -0.373119
vn -0.333310 0.877227 -0.345511
vn 0.427795 -0.180898 -0.885589
vn 0.402298 -0.113099 -0.908496
vn 0.614893 -0.245297 -0.749491
vn 0.620944 -0.306022 -0.721651
vn 0.933525 -0.358110 0.017000
vn 0.901563 -0.428982 0.056198
vn 0.856607 -0.444204 -0.262502
vn 0.890699 -0.349499 -0.290700
vn -0.483903 0.005400 0.875105
vn -0.485009 -0.059001 0.872517
vn -0.234202 0.091101 0.967910
vn -0.228411 0.169208 0.958748
vn 0.901563 -0.428982 0.056198
vn 0.916429 -0.386012 0.105603
vn 0.876355 -0.433578 -0.209789
vn 0.856607 -0.444204 -0.262502
vn 0.108198 -0.584588 -0.804083
vn 0.263598 -0.735795 -0.623796
vn 0.227989 -0.759962 -0.608670
vn 0.075202 -0.606112 -0.791816
vn -0.218909 0.003700 0.975738
vn -0.363400 -0.061500 0.929601
vn -0.098601 0.149001 0.983909
vn 0.060301 0.282005 0.957516
vn 0.204503 -0.512608 -0.833913
vn 0.366100 -0.653400 -0.662600
vn 0.263598 -0.735795 -0.623796
vn 0.108198 -0.584588 -0.804083
vn 0.111205 -0.179008 -0.977543
vn 0.169800 -0.018900 -0.985297
vn 0.427795 -0.180898 -0.885589
vn 0.342615 -0.358616 -0.868338
vn 0.342615 -0.358616 -0.868338
vn 0.204503 -0.512608 -0.833913
vn 0.007500 -0.313007 -0.949721
vn 0.111205 -0.179008 -0.977543
vn -0.680863 -0.248786 -0.688862
vn -0.744184 -0.088498 -0.662086
vn -0.490205 -0.202702 -0.847709
vn -0.412326 -0.376824 -0.829452
vn 0.601185 -0.775380 -0.193295
vn 0.805074 -0.581381 0.117696
vn 0.695308 -0.718709 0.002100
vn 0.521411 -0.806817 -0.277806
vn 0.165298 -0.047699 -0.985090
vn -0.115000 0.093000 -0.989003
vn -0.107303 0.028101 -0.993829
vn 0.230394 -0.039999 -0.972275
vn 0.574296 -0.813894 0.088099
vn 0.189392 -0.794065 0.577574
vn -0.045701 -0.577913 0.814818
vn 0.279389 -0.798470 0.533280
vn 0.129397 0.046999 -0.990478
vn 0.044899 0.099997 -0.993974
vn 0.336717 -0.066603 -0.939247
vn 0.402298 -0.113099 -0.908496
vn -0.549797 -0.221499 -0.805395
vn -0.559708 -0.264304 -0.785411
vn -0.300720 -0.303720 -0.904059
vn -0.291085 -0.237488 -0.926752
vn 0.044899 0.099997 -0.993974
vn -0.060203 0.182608 -0.981341
vn 0.245889 0.025799 -0.968955
vn 0.336717 -0.066603 -0.939247
vn 0.000100 0.232499 -0.972597
vn 0.030300 0.384304 -0.922709
vn 0.304696 0.398694 -0.864988
vn 0.245996 0.301195 -0.921286
vn -0.060203 0.182608 -0.981341
vn -0.124398 0.335795 -0.933685
vn 0.157402 0.207402 -0.965510
vn 0.245889 0.025799 -0.968955
vn 0.695308 -0.718709 0.002100
vn 0.795602 -0.523501 0.304901
vn 0.556386 -0.752780 0.351791
vn 0.616366 -0.787457 0.002000
vn 0.973827 -0.111603 0.198005
vn 0.997675 -0.044299 -0.051799
vn 0.988620 -0.143103 -0.046401
vn 0.968697 -0.169899 0.180999
vn -0.573408 -0.246804 0.781211
vn -0.611692 -0.132098 0.779989
vn -0.401416 -0.072303 0.913037
vn -0.363400 -0.061500 0.929601
vn 0.023600 0.186803 0.982114
vn -0.180100 -0.009700 0.983600
vn -0.055400 -0.248299 0.967098
vn 0.171292 -0.063797 0.983153
vn -0.300720 -0.303720 -0.904059
vn -0.347297 -0.419297 -0.838794
vn -0.035699 -0.479584 -0.876770
vn 0.001200 -0.317697 -0.948192
vn -0.949543 0.025301 -0.312614
vn -0.826676 0.089697 -0.555484
vn -0.821350 0.063004 -0.566934
vn -0.945028 -0.007200 -0.326910
vn -0.591585 0.287393 -0.753281
vn -0.372697 0.318197 -0.871692
vn -0.379416 0.096904 -0.920138
vn -0.607291 0.110998 -0.786688
vn 0.107896 0.738671 -0.665374
vn 0.203212 0.724044 -0.659140
vn -0.054601 0.734408 -0.676508
vn -0.178399 0.742896 -0.645197
vn 0.738569 0.011999 0.674071
vn 0.504100 0.042500 0.862599
vn 0.633973 0.322787 0.702771
vn 0.788477 0.317991 0.526485
vn -0.339001 -0.071000 0.938103
vn 0.065101 -0.046101 0.996813
vn -0.076099 0.025100 0.996784
vn -0.401416 -0.072303 0.913037
vn -0.590393 0.526794 -0.611493
vn -0.583223 0.690028 -0.428617
vn -0.342807 0.785716 -0.514911
vn -0.358495 0.598792 -0.716191
vn 0.504100 0.042500 0.862599
vn 0.228190 0.184592 0.955958
vn 0.383121 0.407922 0.828745
vn 0.633973 0.322787 0.702771
vn -0.277598 -0.115799 0.953693
vn -0.130799 0.239699 0.961996
vn 0.065101 -0.046101 0.996813
vn -0.339001 -0.071000 0.938103
vn 0.360826 -0.736752 0.571840
vn 0.510522 -0.396417 0.763033
vn 0.333091 -0.618284 0.711881
vn 0.212404 -0.859718 0.464510
vn 0.897938 0.262711 0.353115
vn 0.844783 -0.036099 0.533890
vn 0.853442 0.050602 0.518726
vn 0.866913 0.406906 0.287904
vn -0.487772 0.768356 0.414376
vn -0.515293 0.732490 0.444894
vn -0.410299 0.891597 0.191599
vn -0.367108 0.913720 0.174204
vn -0.515293 0.732490 0.444894
vn -0.585034 0.616335 0.527130
vn -0.530912 0.812818 0.239705
vn -0.410299 0.891597 0.191599
vn 0.803328 -0.029201 -0.594821
vn 0.821429 0.063002 -0.566820
vn 0.945070 -0.007200 -0.326789
vn 0.926029 -0.109203 -0.361311
vn -0.304911 -0.219108 -0.926834
vn -0.304597 -0.227998 -0.924791
vn -0.551224 -0.130206 -0.824135
vn -0.575487 -0.108498 -0.810582
vn -0.705909 0.639508 0.304504
vn -0.833155 0.349781 0.428377
vn -0.839501 0.543201 -0.013100
vn -0.631405 0.773606 -0.053500
vn -0.663895 0.404797 0.628795
vn -0.694010 0.209503 0.688810
vn -0.833155 0.349781 0.428377
vn -0.705909 0.639508 0.304504
vn 0.925279 0.355392 0.132497
vn 0.882916 0.091602 0.460508
vn 0.833124 0.349810 0.428412
vn 0.839502 0.543201 -0.013000
vn -0.833155 0.349781 0.428377
vn -0.882916 0.091602 0.460508
vn -0.925291 0.355397 0.132399
vn -0.839501 0.543201 -0.013100
vn -0.882916 0.091602 0.460508
vn -0.880784 0.011000 0.473391
vn -0.929293 0.264198 0.258098
vn -0.925291 0.355397 0.132399
vn -0.403805 -0.354404 -0.843410
vn -0.436284 -0.225992 -0.870968
vn -0.151997 -0.218696 -0.963882
vn -0.128393 -0.323283 -0.937552
vn -0.185701 -0.078000 0.979505
vn 0.072899 0.036000 0.996689
vn 0.211994 0.206194 0.955271
vn 0.027001 0.002000 0.999633
vn -0.481713 -0.229206 -0.845823
vn -0.410779 -0.405979 -0.816359
vn -0.189897 -0.369094 -0.909785
vn -0.246998 -0.243998 -0.937793
vn -0.683020 -0.407412 -0.606218
vn -0.410779 -0.405979 -0.816359
vn -0.481713 -0.229206 -0.845823
vn -0.732717 -0.189505 -0.653616
vn -0.802997 0.030600 0.595197
vn -0.860468 0.310988 0.403585
vn -0.884277 0.148296 0.442789
vn -0.804090 -0.137898 0.578293
vn -0.627868 -0.466976 -0.622668
vn -0.387005 -0.450006 -0.804811
vn -0.410779 -0.405979 -0.816359
vn -0.683020 -0.407412 -0.606218
vn 0.036598 0.018799 -0.999153
vn 0.311310 0.023001 -0.950030
vn 0.319596 0.086599 -0.943588
vn 0.061301 0.034701 -0.997516
vn 0.185604 -0.078002 0.979524
vn 0.377907 -0.180303 0.908117
vn 0.609971 -0.169592 0.774063
vn 0.415909 -0.268006 0.869018
vn -0.780097 0.328799 0.532298
vn -0.798867 0.546778 0.250690
vn -0.820895 0.457797 0.341398
vn -0.793971 0.200393 0.573979
vn -0.368416 0.556324 -0.744832
vn -0.275111 0.599723 -0.751429
vn -0.654821 0.476415 -0.586719
vn -0.676798 0.407199 -0.613298
vn 0.306290 0.216593 -0.926970
vn 0.310908 0.196405 -0.929925
vn 0.548727 0.305615 -0.778138
vn 0.536806 0.333004 -0.775208
vn 0.397296 0.614593 -0.681492
vn 0.621991 0.513093 -0.591492
vn 0.660401 0.654501 -0.368101
vn 0.334207 0.768016 -0.546312
vn 0.063501 0.088901 -0.994014
vn 0.064502 0.079702 -0.994730
vn 0.310908 0.196405 -0.929925
vn 0.306290 0.216593 -0.926970
vn -0.292591 -0.054698 -0.954672
vn -0.562676 -0.051598 -0.825065
vn -0.576090 0.068799 -0.814486
vn -0.314586 0.090996 -0.944857
vn 0.470424 -0.180209 0.863844
vn 0.485901 -0.170600 0.857202
vn 0.702254 -0.019699 0.711654
vn 0.687200 -0.058600 0.724101
vn -0.263003 0.116701 0.957711
vn 0.070999 -0.143598 0.987086
vn -0.249687 -0.322483 0.913051
vn -0.513396 0.033600 0.857494
vn 0.859616 -0.210404 0.465609
vn 0.892003 -0.324101 0.315101
vn 0.975911 -0.092901 0.197402
vn 0.947111 0.001100 0.320904
vn -0.998431 0.050502 -0.024201
vn -0.992306 0.069300 0.102601
vn -0.950319 0.220805 -0.219405
vn -0.936106 0.094801 -0.338702
vn -0.610091 -0.169498 0.773989
vn -0.377993 -0.180297 0.908083
vn -0.185701 -0.078000 0.979505
vn -0.415991 -0.267995 0.868982
vn 0.311310 0.023001 -0.950030
vn 0.261491 0.008600 -0.965168
vn 0.555606 -0.041500 -0.830409
vn 0.587673 0.023299 -0.808763
vn -0.321385 0.192591 -0.927157
vn -0.584628 0.148807 -0.797538
vn -0.589207 0.251603 -0.767809
vn -0.328811 0.310110 -0.892029
vn -0.026100 0.049901 -0.998413
vn -0.109595 0.095696 -0.989359
vn 0.179991 0.005500 -0.983653
vn 0.261491 0.008600 -0.965168
vn -0.314586 0.090996 -0.944857
vn -0.576090 0.068799 -0.814486
vn -0.584628 0.148807 -0.797538
vn -0.321385 0.192591 -0.927157
vn -0.984541 -0.172407 0.030901
vn -0.961736 -0.273710 0.012100
vn -0.927394 -0.189399 0.322598
vn -0.924342 -0.116905 0.363216
vn -0.046899 0.341592 -0.938678
vn -0.328811 0.310110 -0.892029
vn -0.333589 0.411487 -0.848173
vn -0.049602 0.441215 -0.896030
vn -0.251707 -0.268107 -0.929926
vn -0.192701 -0.425703 -0.884106
vn -0.480997 -0.395798 -0.782295
vn -0.530090 -0.241295 -0.812885
vn -0.969525 0.232806 0.076302
vn -0.950310 0.288603 0.116701
vn -0.947228 0.009800 0.320410
vn -0.967175 -0.021599 0.253193
vn -0.052400 0.363299 -0.930198
vn -0.060100 0.524801 -0.849101
vn 0.231598 0.464796 -0.854592
vn 0.252408 0.269509 -0.929330
vn -0.146000 0.251801 0.956703
vn -0.005500 0.124697 0.992180
vn 0.224100 -0.083300 0.971000
vn 0.020100 0.020400 0.999590
vn 0.045599 0.218494 0.974772
vn 0.209007 0.350012 0.913131
vn 0.432706 0.315004 0.844712
vn 0.263003 0.116701 0.957711
vn -0.362105 0.636908 -0.680609
vn -0.433007 0.681811 -0.589609
vn -0.113398 0.731186 -0.672687
vn -0.066300 0.648997 -0.757897
vn -0.066300 0.648997 -0.757897
vn -0.113398 0.731186 -0.672687
vn 0.148708 0.708138 -0.690237
vn 0.222500 0.604500 -0.764901
vn 0.785005 -0.488003 -0.381602
vn 0.884101 -0.358700 -0.299500
vn 0.750300 -0.247300 -0.613100
vn 0.623817 -0.435612 -0.648918
vn -0.433007 0.681811 -0.589609
vn -0.545002 0.661702 -0.514902
vn -0.234197 0.733391 -0.638192
vn -0.113398 0.731186 -0.672687
vn 0.043200 0.722900 -0.689600
vn 0.148708 0.708138 -0.690237
vn -0.113398 0.731186 -0.672687
vn -0.234197 0.733391 -0.638192
vn -0.275595 0.027400 -0.960883
vn -0.534388 -0.138097 -0.833882
vn -0.492897 -0.101099 -0.864194
vn -0.224297 0.016100 -0.974388
vn -0.545002 0.661702 -0.514902
vn -0.662767 0.618469 -0.422179
vn -0.389222 0.732342 -0.558732
vn -0.234197 0.733391 -0.638192
vn 0.098598 -0.459892 -0.882484
vn -0.193406 -0.486814 -0.851825
vn -0.192701 -0.425703 -0.884106
vn 0.091398 -0.418990 -0.903379
vn 0.833799 -0.201200 -0.514099
vn 0.963488 -0.266497 0.025900
vn 0.904184 -0.118098 -0.410493
vn 0.615781 -0.031799 -0.787275
vn 0.060900 -0.348301 -0.935402
vn -0.269403 -0.384105 -0.883111
vn -0.193406 -0.486814 -0.851825
vn 0.098598 -0.459892 -0.882484
vn -0.806403 0.589102 -0.051700
vn -0.829175 0.558983 0.002800
vn -0.647300 0.727400 -0.227800
vn -0.621976 0.736871 -0.264890
vn -0.019501 -0.093404 -0.995437
vn -0.340301 -0.152900 -0.927802
vn -0.269403 -0.384105 -0.883111
vn 0.060900 -0.348301 -0.935402
vn -0.829175 0.558983 0.002800
vn -0.892569 0.431585 0.130595
vn -0.732176 0.665978 -0.142795
vn -0.647300 0.727400 -0.227800
vn -0.071798 -0.009300 -0.997376
vn -0.375708 -0.065501 -0.924420
vn -0.340301 -0.152900 -0.927802
vn -0.019501 -0.093404 -0.995437
vn -0.892569 0.431585 0.130595
vn -0.962834 0.153105 0.222508
vn -0.870696 0.486298 -0.073500
vn -0.732176 0.665978 -0.142795
vn -0.985904 0.167301 -0.002100
vn -0.990243 -0.072003 0.119305
vn -0.960088 0.257797 -0.108499
vn -0.845383 0.473990 -0.246295
vn -0.832137 0.508323 -0.221710
vn -0.742664 0.532874 -0.405580
vn -0.921611 0.321104 -0.218003
vn -0.962578 0.267194 -0.045299
vn 0.841684 0.522590 -0.135897
vn 0.934403 0.343701 0.093600
vn 0.942034 0.335512 -0.001900
vn 0.843595 0.496597 -0.204299
vn 0.772395 0.515597 -0.370898
vn 0.853097 0.518898 -0.054500
vn 0.797598 0.498099 -0.340199
vn 0.753006 0.320103 -0.574905
vn -0.971915 -0.126402 0.198503
vn -0.962151 -0.000900 0.272515
vn -0.929815 0.273005 0.246804
vn -0.978748 0.180190 0.097895
vn -0.865310 0.474506 -0.161502
vn -0.837092 0.536195 -0.108499
vn -0.640702 0.716003 -0.277201
vn -0.667824 0.692325 -0.273310
vn -0.962151 -0.000900 0.272515
vn -0.913500 0.229100 0.336200
vn -0.839201 0.471200 0.271500
vn -0.929815 0.273005 0.246804
vn 0.374012 -0.083803 -0.923630
vn 0.417909 -0.177804 -0.890920
vn 0.643703 -0.241401 -0.726204
vn 0.612697 -0.126699 -0.780096
vn -0.587599 0.400299 -0.703199
vn -0.557193 0.275097 -0.783491
vn -0.797386 0.240696 -0.553390
vn -0.819192 0.331097 -0.468295
vn -0.913500 0.229100 0.336200
vn -0.819750 0.443627 0.362222
vn -0.737999 0.640999 0.210900
vn -0.839201 0.471200 0.271500
vn -0.557193 0.275097 -0.783491
vn -0.524591 0.129898 -0.841386
vn -0.768416 0.133303 -0.625913
vn -0.797386 0.240696 -0.553390
vn 0.331680 0.103094 -0.937742
vn 0.314604 0.076801 -0.946111
vn 0.592903 0.072500 -0.802004
vn 0.600307 0.142302 -0.787009
vn 0.314604 0.076801 -0.946111
vn 0.267509 0.062402 -0.961533
vn 0.557599 0.013600 -0.829999
vn 0.592903 0.072500 -0.802004
vn -0.665216 -0.028201 -0.746118
vn -0.406293 0.167897 -0.898185
vn -0.532791 0.245396 -0.809886
vn -0.813458 0.063297 -0.578170
vn -0.830352 -0.415176 -0.371678
vn -0.776317 -0.455510 -0.435710
vn -0.599330 -0.415321 -0.684334
vn -0.692518 -0.345809 -0.633116
vn 0.350997 0.154199 -0.923593
vn 0.349183 0.146993 -0.925454
vn 0.590805 0.233102 -0.772407
vn 0.587596 0.246498 -0.770694
vn -0.022899 0.099497 -0.994774
vn -0.078198 0.162695 -0.983573
vn 0.174408 0.075903 -0.981744
vn 0.267509 0.062402 -0.961533
vn 0.093900 0.052500 -0.994197
vn 0.090499 0.052900 -0.994491
vn 0.349183 0.146993 -0.925454
vn 0.350997 0.154199 -0.923593
vn -0.863905 0.489003 -0.120601
vn -0.854815 0.448808 -0.260505
vn -0.968462 0.245190 -0.044298
vn -0.961784 0.260896 0.083099
vn 0.977158 0.115495 0.178392
vn 0.950690 0.301597 -0.072299
vn 0.912569 0.408286 0.022799
vn 0.952213 0.189803 0.239303
vn 0.977158 0.115495 0.178392
vn 0.992703 0.006700 0.120400
vn 0.975076 0.147996 -0.165296
vn 0.950690 0.301597 -0.072299
vn -0.203299 0.052700 0.977697
vn -0.236202 -0.191201 0.952707
vn -0.020200 0.020500 0.999586
vn 0.087397 0.151596 0.984571
vn 0.631408 0.773610 -0.053401
vn 0.705909 0.639508 0.304504
vn 0.530912 0.812818 0.239705
vn 0.416187 0.907572 -0.055698
vn 0.975076 0.147996 -0.165296
vn 0.974193 0.018000 -0.224998
vn 0.880986 0.093598 -0.463793
vn 0.886321 0.252906 -0.387909
vn 0.895892 -0.057799 0.440496
vn 0.933165 0.070397 0.352487
vn 0.766983 -0.073998 0.637386
vn 0.674387 -0.183996 0.715086
vn 0.034101 0.073103 -0.996741
vn -0.022899 0.099497 -0.994774
vn 0.267509 0.062402 -0.961533
vn 0.314604 0.076801 -0.946111
vn 0.174408 0.075903 -0.981744
vn 0.069597 0.111195 -0.991359
vn 0.394110 -0.008700 -0.919022
vn 0.488709 -0.035701 -0.871716
vn -0.845428 0.524317 -0.101703
vn -0.864357 0.470477 -0.177591
vn -0.972170 0.228793 -0.050398
vn -0.956390 0.290097 0.034100
vn -0.595495 -0.051700 -0.801694
vn -0.583879 -0.269590 -0.765772
vn -0.768211 -0.287504 -0.572008
vn -0.780459 -0.057397 -0.622567
vn -0.956465 -0.203092 -0.209592
vn -0.984541 -0.172407 0.030901
vn -0.992705 -0.073600 0.095500
vn -0.985765 -0.090497 -0.141695
vn -0.000100 0.232499 -0.972597
vn -0.030199 0.384390 -0.922677
vn 0.265508 0.337710 -0.903027
vn 0.312701 0.140500 -0.939403
vn 0.953927 -0.014100 -0.299708
vn 0.848613 -0.138702 -0.510508
vn 0.789614 -0.226904 -0.570110
vn 0.917798 -0.196700 -0.344899
vn -0.030199 0.384390 -0.922677
vn -0.027000 0.535502 -0.844103
vn 0.252095 0.522089 -0.814783
vn 0.265508 0.337710 -0.903027
vn -0.971035 -0.130105 -0.200407
vn -0.868731 -0.085103 -0.487917
vn -0.836421 -0.238006 -0.493713
vn -0.950627 -0.230307 -0.208006
vn -0.027000 0.535502 -0.844103
vn -0.012700 0.698701 -0.715301
vn 0.268809 0.677722 -0.684423
vn 0.252095 0.522089 -0.814783
vn -0.306418 0.661240 -0.684741
vn -0.310008 0.773421 -0.552915
vn -0.015400 0.812107 -0.583305
vn -0.012700 0.698701 -0.715301
vn -0.595495 -0.051700 -0.801694
vn -0.780459 -0.057397 -0.622567
vn -0.804217 0.185604 -0.564612
vn -0.629677 0.178494 -0.756073
vn -0.124898 0.775885 -0.618388
vn -0.123595 0.619173 -0.775467
vn 0.020201 0.539216 -0.841925
vn 0.003400 0.737615 -0.675213
vn 0.222911 0.842842 -0.489824
vn 0.264698 0.782493 -0.563595
vn -0.015400 0.812107 -0.583305
vn -0.047899 0.870075 -0.490586
vn -0.310008 0.773421 -0.552915
vn -0.350606 0.821814 -0.449108
vn -0.047899 0.870075 -0.490586
vn -0.015400 0.812107 -0.583305
vn -0.350606 0.821814 -0.449108
vn -0.408392 0.826384 -0.387693
vn -0.108003 0.884323 -0.454212
vn -0.047899 0.870075 -0.490586
vn -0.007800 0.109001 -0.994011
vn -0.286812 0.092204 -0.953539
vn -0.259802 0.179101 -0.948908
vn 0.039498 0.222887 -0.974044
vn -0.007800 0.109001 -0.994011
vn -0.030600 -0.091702 -0.995316
vn -0.297289 -0.058998 -0.952963
vn -0.286812 0.092204 -0.953539
vn 0.884177 0.148296 0.442989
vn 0.860468 0.310988 0.403585
vn 0.802997 0.030600 0.595197
vn 0.804008 -0.137901 0.578406
vn -0.013900 0.902487 -0.430494
vn 0.003400 0.737615 -0.675213
vn 0.035299 0.713384 -0.699884
vn 0.006100 0.887074 -0.461587
vn 0.003400 0.737615 -0.675213
vn 0.020201 0.539216 -0.841925
vn 0.059600 0.500299 -0.863799
vn 0.035299 0.713384 -0.699884
vn -0.884101 -0.358700 -0.299500
vn -0.932127 -0.276708 -0.233607
vn -0.942426 -0.334409 -0.001700
vn -0.911310 -0.406605 -0.064701
vn -0.114605 0.303413 0.945942
vn -0.171306 0.080403 0.981932
vn 0.142202 0.155702 0.977515
vn 0.128900 0.247799 0.960198
vn -0.350617 0.936144 -0.026501
vn -0.639119 0.753223 0.155505
vn -0.660302 0.654602 -0.368101
vn -0.334118 0.768042 -0.546330
vn -0.748386 0.637288 -0.183797
vn -0.762020 0.530314 -0.371610
vn -0.922080 0.318593 -0.219695
vn -0.904373 0.423287 -0.054198
vn -0.692487 -0.038799 -0.720386
vn -0.680983 -0.252794 -0.687283
vn -0.866969 -0.180094 -0.464684
vn -0.881790 0.018100 -0.471295
vn -0.750797 0.642498 -0.153299
vn -0.753289 0.648290 -0.110798
vn -0.584722 0.762328 -0.277410
vn -0.623704 0.650104 -0.434003
vn -0.563902 0.457102 -0.687803
vn -0.745760 0.364480 -0.557670
vn -0.762020 0.530314 -0.371610
vn -0.559308 0.676909 -0.478507
vn -0.800843 0.567630 0.190910
vn -0.880824 0.467513 0.074702
vn -0.753289 0.648290 -0.110798
vn -0.750797 0.642498 -0.153299
vn -0.548977 0.232790 -0.802766
vn -0.726103 0.220701 -0.651203
vn -0.745760 0.364480 -0.557670
vn -0.563902 0.457102 -0.687803
vn 0.863318 -0.310406 -0.397908
vn 0.882258 -0.318485 -0.346683
vn 0.700210 -0.357105 -0.618209
vn 0.678091 -0.316396 -0.663391
vn -0.503000 0.071800 -0.861299
vn -0.711574 0.099196 -0.695574
vn -0.726103 0.220701 -0.651203
vn -0.548977 0.232790 -0.802766
vn -0.321888 0.869869 -0.373787
vn 0.052501 0.921626 -0.384511
vn -0.225899 0.898997 -0.375199
vn -0.530720 0.777229 -0.338012
vn -0.022800 0.526108 -0.850112
vn 0.059599 0.592595 -0.803293
vn -0.345895 0.589592 -0.729889
vn -0.416572 0.452570 -0.788447
vn -0.722302 0.605301 -0.334501
vn -0.531967 0.743753 -0.404775
vn -0.321888 0.869869 -0.373787
vn -0.530720 0.777229 -0.338012
vn -0.531967 0.743753 -0.404775
vn -0.340695 0.838988 -0.424294
vn -0.109099 0.911094 -0.397498
vn -0.321888 0.869869 -0.373787
vn -0.612180 0.433986 -0.660978
vn -0.793203 0.326701 -0.513902
vn -0.830914 0.388707 -0.398107
vn -0.646507 0.514505 -0.563306
vn 0.390595 0.861888 -0.323396
vn 0.248592 0.894870 -0.370688
vn -0.109099 0.911094 -0.397498
vn 0.053999 0.913478 -0.403290
vn -0.890483 0.420392 -0.174097
vn -0.887179 0.420990 -0.188895
vn -0.718506 0.649305 -0.249302
vn -0.737698 0.627298 -0.249599
vn -0.533483 -0.015300 -0.845673
vn -0.251507 0.046701 -0.966728
vn -0.250497 0.153398 -0.955887
vn -0.505791 0.096998 -0.857185
vn -0.727376 0.646479 -0.230193
vn -0.780579 0.608784 -0.141696
vn -0.906714 0.421706 -0.005800
vn -0.874117 0.479509 -0.077401
vn 0.334207 0.768016 -0.546312
vn 0.350705 0.936114 -0.026400
vn 0.160099 0.940791 -0.298797
vn 0.124394 0.776061 -0.618269
vn -0.521294 0.770290 -0.367295
vn -0.587826 0.761133 -0.274112
vn -0.780579 0.608784 -0.141696
vn -0.727376 0.646479 -0.230193
vn -0.911429 0.411413 0.006000
vn -0.987437 0.082103 0.135005
vn -0.950883 0.293895 0.097198
vn -0.840898 0.538898 -0.049800
vn -0.587826 0.761133 -0.274112
vn -0.685087 0.710987 -0.158597
vn -0.840898 0.538898 -0.049800
vn -0.780579 0.608784 -0.141696
vn -0.541600 -0.207200 -0.814701
vn -0.571029 -0.146007 -0.807841
vn -0.301884 -0.096495 -0.948449
vn -0.256693 -0.156896 -0.953673
vn -0.020601 0.935128 -0.353711
vn -0.177405 0.929027 -0.324709
vn 0.167006 0.912631 -0.373113
vn 0.333310 0.877227 -0.345511
vn -0.831084 0.135497 -0.539389
vn -0.857995 0.235099 -0.456698
vn -0.956464 0.156894 -0.246091
vn -0.945460 0.045198 -0.322586
vn -0.784513 0.618910 -0.038601
vn -0.867821 0.496212 0.025701
vn -0.961639 0.264511 0.072703
vn -0.911429 0.411413 0.006000
vn -0.966472 0.252693 0.045599
vn -0.934709 0.094201 0.342703
vn -0.968803 -0.066300 0.238801
vn -0.978513 0.182102 0.096701
vn -0.403594 -0.124798 -0.906387
vn -0.621958 -0.454069 -0.637957
vn -0.272193 -0.446689 -0.852279
vn 0.191801 -0.319402 -0.928006
vn -0.761700 -0.386000 -0.520400
vn -0.621958 -0.454069 -0.637957
vn -0.403594 -0.124798 -0.906387
vn -0.673242 0.010601 -0.739346
vn 0.858633 0.512519 0.008600
vn 0.923546 0.276514 0.265713
vn 0.823193 0.462296 0.329597
vn 0.853097 0.518898 -0.054500
vn -0.753769 -0.479280 -0.449581
vn -0.537918 -0.497117 -0.680823
vn -0.621958 -0.454069 -0.637957
vn -0.761700 -0.386000 -0.520400
vn -0.520111 -0.017600 0.853918
vn -0.812743 0.219412 0.539729
vn -0.527800 0.134200 0.838700
vn 0.007800 0.024499 0.999669
vn -0.742911 -0.441207 -0.503408
vn -0.525801 -0.472201 -0.707502
vn -0.537918 -0.497117 -0.680823
vn -0.753769 -0.479280 -0.449581
vn -0.866255 0.285085 -0.410279
vn -0.857826 0.424913 -0.289109
vn -0.661724 0.599822 -0.449816
vn -0.670468 0.431479 -0.603571
vn -0.772816 -0.312406 -0.552411
vn -0.564892 -0.347795 -0.748289
vn -0.525801 -0.472201 -0.707502
vn -0.742911 -0.441207 -0.503408
vn -0.661724 0.599822 -0.449816
vn -0.667913 0.641213 -0.377807
vn -0.435993 0.758788 -0.483892
vn -0.432110 0.709316 -0.556913
vn -0.816697 -0.085500 -0.570698
vn -0.619202 -0.109900 -0.777503
vn -0.564892 -0.347795 -0.748289
vn -0.772816 -0.312406 -0.552411
vn -0.857826 0.424913 -0.289109
vn -0.859572 0.456985 -0.228693
vn -0.667913 0.641213 -0.377807
vn -0.661724 0.599822 -0.449816
vn -0.651109 0.627609 -0.426806
vn -0.680494 0.650195 -0.337897
vn -0.426107 0.770613 -0.473908
vn -0.392179 0.751459 -0.530571
vn -0.071302 0.306709 0.949129
vn -0.247903 0.298004 0.921812
vn -0.443806 0.358905 0.821111
vn -0.300609 0.184006 0.935829
vn 0.542105 -0.182702 0.820208
vn 0.371610 0.114303 0.921325
vn 0.171292 -0.063797 0.983153
vn 0.319995 -0.308495 0.895787
vn -0.842092 0.454095 -0.290997
vn -0.865285 0.469892 -0.174597
vn -0.680494 0.650195 -0.337897
vn -0.651109 0.627609 -0.426806
vn -0.955235 0.037901 0.293411
vn -0.852808 0.206402 0.479705
vn -0.877134 0.409916 0.250210
vn -0.955678 0.288193 0.060199
vn -0.865285 0.469892 -0.174597
vn -0.884560 0.450379 0.121294
vn -0.741184 0.664286 -0.096798
vn -0.680494 0.650195 -0.337897
vn -0.741184 0.664286 -0.096798
vn -0.786215 0.578711 0.216704
vn -0.629593 0.775592 -0.045500
vn -0.515292 0.801287 -0.303995
vn -0.884560 0.450379 0.121294
vn -0.838659 0.291986 0.459778
vn -0.786215 0.578711 0.216704
vn -0.741184 0.664286 -0.096798
vn -0.786215 0.578711 0.216704
vn -0.814354 0.314182 0.487972
vn -0.760446 0.621438 0.188511
vn -0.629593 0.775592 -0.045500
vn 0.112300 -0.346501 -0.931303
vn 0.405898 -0.267498 -0.873895
vn 0.353504 -0.347204 -0.868610
vn 0.054398 -0.413288 -0.908974
vn -0.736427 -0.515319 -0.438316
vn -0.772199 -0.414800 -0.481300
vn -0.579600 -0.394400 -0.713100
vn -0.553580 -0.497082 -0.668176
vn -0.808086 0.527991 -0.261195
vn -0.813082 0.518288 -0.265094
vn -0.935405 0.313402 -0.163701
vn -0.929789 0.360496 -0.074399
vn -0.744389 0.506793 -0.434794
vn -0.714762 0.399879 -0.573770
vn -0.899696 0.336299 -0.278299
vn -0.911739 0.397017 -0.105404
vn -0.743987 -0.152797 0.650489
vn -0.851011 0.103701 0.514807
vn -0.849494 -0.027200 0.526896
vn -0.733031 -0.251411 0.632027
vn -0.851011 0.103701 0.514807
vn -0.872175 0.377289 0.311391
vn -0.904591 0.250798 0.344697
vn -0.849494 -0.027200 0.526896
vn -0.873865 -0.457782 0.163693
vn -0.894890 -0.436995 0.090599
vn -0.845296 -0.496098 -0.198399
vn -0.839692 -0.526195 -0.134299
vn -0.830680 0.265094 0.489588
vn -0.822034 0.511521 0.250210
vn -0.872175 0.377289 0.311391
vn -0.851011 0.103701 0.514807
vn -0.707294 -0.006000 -0.706894
vn -0.874920 -0.073802 -0.478611
vn -0.883855 -0.052303 -0.464829
vn -0.717591 0.010100 -0.696391
vn -0.835904 0.413102 -0.361402
vn -0.808709 0.456205 -0.371304
vn -0.956746 0.252212 -0.145007
vn -0.965460 0.171793 -0.195892
vn -0.799180 0.431289 0.418690
vn -0.743686 0.638288 0.198796
vn -0.822034 0.511521 0.250210
vn -0.830680 0.265094 0.489588
vn -0.830117 0.234005 0.506110
vn -0.875862 -0.013299 0.482379
vn -0.887580 0.353892 0.294893
vn -0.785776 0.584182 0.203194
vn -0.748787 0.306495 0.587690
vn -0.800512 0.516608 0.303805
vn -0.799180 0.431289 0.418690
vn -0.752689 0.179297 0.633491
vn -0.538296 0.406397 -0.738295
vn -0.714762 0.399879 -0.573770
vn -0.744389 0.506793 -0.434794
vn -0.581116 0.538915 -0.609816
vn -0.746305 -0.541604 -0.386903
vn -0.736427 -0.515319 -0.438316
vn -0.553580 -0.497082 -0.668176
vn -0.594698 -0.487999 -0.638898
vn -0.477003 0.138601 -0.867905
vn -0.697003 0.099700 -0.710103
vn -0.714762 0.399879 -0.573770
vn -0.538296 0.406397 -0.738295
vn -0.291309 0.764523 0.575017
vn -0.119999 0.903294 0.411897
vn -0.036801 0.904018 0.425908
vn -0.229009 0.776429 0.587122
vn -0.963386 -0.081299 0.255496
vn -0.942904 -0.135401 0.304301
vn -0.985519 0.086902 0.145603
vn -0.978851 0.183909 0.089605
vn -0.857044 -0.101605 0.505126
vn -0.849904 -0.084600 0.520102
vn -0.868182 0.205296 0.451790
vn -0.892414 0.219003 0.394506
vn -0.491077 0.711167 0.503076
vn -0.688380 0.537385 0.487186
vn -0.547590 0.804086 0.231496
vn -0.332096 0.890990 0.309596
vn -0.102104 0.213308 -0.971635
vn -0.089897 0.050598 -0.994665
vn 0.198000 0.103700 -0.974701
vn 0.187309 0.269714 -0.944547
vn -0.719707 0.211102 0.661406
vn -0.743895 0.000400 0.668296
vn -0.830117 0.234005 0.506110
vn -0.688380 0.537385 0.487186
vn -0.988170 0.045699 0.146396
vn -0.992793 0.062100 0.102499
vn -0.950314 -0.142802 0.276604
vn -0.941411 -0.206303 0.266803
vn 0.861910 -0.248303 -0.442105
vn 0.863318 -0.310406 -0.397908
vn 0.678091 -0.316396 -0.663391
vn 0.678205 -0.220202 -0.701105
vn -0.732287 0.628289 -0.262695
vn -0.724037 0.628032 -0.285214
vn -0.888979 0.432790 -0.149696
vn -0.894932 0.430315 -0.118004
vn 0.978968 -0.125696 0.160695
vn 0.985788 0.154098 0.066899
vn 0.983703 0.174001 0.045300
vn 0.975911 -0.092901 0.197402
vn -0.877134 0.409916 0.250210
vn -0.852808 0.206402 0.479705
vn -0.792489 0.264196 0.549692
vn -0.835393 0.450996 0.314198
vn 0.990232 -0.072002 0.119404
vn 0.911000 -0.303800 0.278900
vn 0.958359 -0.161093 0.235790
vn 0.985904 0.167301 -0.002000
vn 0.452518 -0.175907 -0.874234
vn 0.694911 -0.071701 -0.715512
vn 0.659126 -0.164907 -0.733729
vn 0.405898 -0.267498 -0.873895
vn -0.900847 0.028898 -0.433174
vn -0.916019 0.185804 -0.355508
vn -0.989841 0.060202 -0.128805
vn -0.973825 -0.094102 -0.206905
vn -0.849904 -0.084600 0.520102
vn -0.843235 0.004900 0.537522
vn -0.868209 0.287103 0.404704
vn -0.868182 0.205296 0.451790
vn -0.721312 0.031101 0.691912
vn -0.826986 0.223496 0.515891
vn -0.822597 0.118700 0.556098
vn -0.725134 -0.110205 0.679732
vn -0.888979 0.432790 -0.149696
vn -0.895216 0.402907 -0.190403
vn -0.985781 0.163497 -0.038799
vn -0.980221 0.197904 0.000400
vn -0.731469 0.120895 0.671072
vn -0.834378 0.297692 0.463888
vn -0.826986 0.223496 0.515891
vn -0.721312 0.031101 0.691912
vn -0.674435 -0.184010 0.715037
vn -0.895892 -0.057799 0.440496
vn -0.806243 -0.182810 0.562630
vn -0.529599 -0.261300 0.806999
vn -0.690078 -0.385088 -0.612780
vn -0.840357 -0.434478 -0.324083
vn -0.844875 -0.357590 -0.397888
vn -0.679827 -0.367714 -0.634525
vn -0.766983 -0.073998 0.637386
vn -0.933198 0.070400 0.352399
vn -0.895892 -0.057799 0.440496
vn -0.674435 -0.184010 0.715037
vn -0.865620 -0.238205 -0.440410
vn -0.889777 -0.443189 -0.108997
vn -0.840357 -0.434478 -0.324083
vn -0.690078 -0.385088 -0.612780
vn -0.933198 0.070400 0.352399
vn -0.923925 0.087602 0.372410
vn -0.973215 0.195603 0.120802
vn -0.978932 0.163205 0.122704
vn -0.679810 0.062601 -0.730711
vn -0.836202 0.040800 -0.546901
vn -0.877831 0.257109 -0.404114
vn -0.743808 0.322203 -0.585606
vn -0.108099 -0.584594 -0.804092
vn -0.204407 -0.512619 -0.833930
vn -0.007400 -0.313007 -0.949722
vn 0.065202 -0.375010 -0.924725
vn 0.646724 0.755628 -0.103804
vn 0.801511 0.593208 -0.075401
vn 0.858633 0.512519 0.008600
vn 0.750978 0.637182 -0.173295
vn -0.921012 -0.013400 0.389305
vn -0.501679 -0.301087 0.810965
vn -0.944164 -0.298489 0.139495
vn -0.926805 0.248801 -0.281302
vn 0.984715 0.039201 0.169703
vn 0.978920 0.163203 0.122803
vn 0.933165 0.070397 0.352487
vn 0.895892 -0.057799 0.440496
vn -0.148492 0.198689 -0.968748
vn -0.164106 0.034601 -0.985836
vn 0.139693 0.029599 -0.989752
vn 0.162103 0.163003 -0.973218
vn 0.162103 0.163003 -0.973218
vn 0.139693 0.029599 -0.989752
vn 0.406491 0.022400 -0.913380
vn 0.415894 0.118298 -0.901686
vn -0.595378 0.775572 -0.209792
vn -0.592311 0.763114 -0.258505
vn -0.794318 0.590213 -0.143903
vn -0.795032 0.600324 -0.086804
vn -0.828420 -0.527613 -0.188004
vn -0.724380 -0.506686 -0.467487
vn -0.807026 -0.440114 -0.393712
vn -0.850121 -0.520613 -0.079102
vn -0.867301 0.458000 -0.195000
vn -0.865310 0.474506 -0.161502
vn -0.667824 0.692325 -0.273310
vn -0.682179 0.680579 -0.267292
vn -0.863165 0.484280 -0.142894
vn -0.871303 0.461601 -0.166601
vn -0.971493 0.233098 -0.043200
vn -0.959196 0.282699 -0.005000
vn -0.619194 0.691694 -0.371697
vn -0.637923 0.539419 -0.549620
vn -0.801981 0.421790 -0.422990
vn -0.809426 0.523517 -0.266008
vn -0.944164 -0.298489 0.139495
vn -0.501679 -0.301087 0.810965
vn -0.576077 -0.495780 0.649874
vn -0.802436 -0.575026 0.159507
vn -0.195908 -0.027401 0.980239
vn -0.458226 0.077504 0.885450
vn -0.329084 0.105795 0.938355
vn -0.028801 0.039101 0.998820
vn 0.716898 -0.557598 -0.418499
vn 0.509274 -0.599169 -0.617768
vn 0.517663 -0.530262 -0.671452
vn 0.730904 -0.476802 -0.488302
vn -0.794318 0.590213 -0.143903
vn -0.809426 0.523517 -0.266008
vn -0.946262 0.296388 -0.129395
vn -0.930765 0.365286 -0.015599
vn -0.510997 -0.061300 -0.857394
vn -0.462714 -0.268008 -0.845025
vn -0.699629 -0.242410 -0.672128
vn -0.724710 -0.044601 -0.687609
vn -0.176605 0.017500 -0.984126
vn -0.224902 -0.183702 -0.956908
vn 0.079201 -0.231902 -0.969509
vn 0.151405 -0.119404 -0.981234
vn 0.079201 -0.231902 -0.969509
vn 0.358986 -0.263190 -0.895466
vn 0.371992 -0.323393 -0.870080
vn 0.151405 -0.119404 -0.981234
vn -0.825190 0.416195 -0.381895
vn -0.790985 0.287295 -0.540190
vn -0.673398 0.521398 -0.524098
vn -0.717088 0.617990 -0.322295
vn -0.618706 0.336503 -0.709907
vn -0.780631 0.292311 -0.552422
vn -0.801981 0.421790 -0.422990
vn -0.637923 0.539419 -0.549620
vn 0.878505 0.442403 -0.180301
vn 0.969717 0.234604 0.067901
vn 0.965814 0.255404 0.044401
vn 0.885122 0.398210 -0.240806
vn -0.568135 0.127808 -0.812950
vn -0.742850 0.132791 -0.656156
vn -0.780631 0.292311 -0.552422
vn -0.618706 0.336503 -0.709907
vn -0.792489 0.264196 0.549692
vn -0.852808 0.206402 0.479705
vn -0.763488 0.013100 0.645690
vn -0.693591 0.078399 0.716090
vn -0.510997 -0.061300 -0.857394
vn -0.724710 -0.044601 -0.687609
vn -0.742850 0.132791 -0.656156
vn -0.568135 0.127808 -0.812950
vn -0.472007 -0.281004 -0.835612
vn -0.416189 -0.030199 -0.908776
vn -0.164394 -0.107096 -0.980564
vn -0.219400 -0.355400 -0.908600
vn -0.721191 0.007800 0.692692
vn -0.828902 0.144900 0.540301
vn -0.877932 0.201507 0.434316
vn -0.777914 0.042801 0.626911
vn -0.076902 -0.151705 -0.985430
vn -0.072802 -0.266707 -0.961024
vn -0.367694 -0.248296 -0.896186
vn -0.380288 -0.161995 -0.910571
vn 0.893317 0.262905 0.364507
vn 0.919827 0.217206 0.326710
vn 0.937996 0.326698 0.115899
vn 0.930187 0.332195 0.156198
vn 0.141195 -0.109896 -0.983863
vn -0.090598 -0.191597 -0.977283
vn -0.061999 -0.078499 -0.994984
vn 0.223191 -0.014999 -0.974659
vn -0.649789 0.563090 0.510591
vn -0.653217 0.431311 0.622316
vn -0.681003 0.616803 0.394702
vn -0.652865 0.730761 0.199389
vn -0.372918 0.325115 -0.869041
vn -0.629206 0.248902 -0.736307
vn -0.623395 0.320297 -0.713294
vn -0.369290 0.396089 -0.840677
vn 0.391497 -0.164299 -0.905393
vn 0.151600 -0.255301 -0.954903
vn 0.102398 -0.220996 -0.969884
vn 0.405621 -0.038102 -0.913247
vn -0.894890 -0.436995 0.090599
vn -0.873865 -0.457782 0.163693
vn -0.832997 -0.362599 0.417898
vn -0.867503 -0.346601 0.356801
vn 0.432295 -0.254097 -0.865191
vn 0.246606 -0.181205 -0.952024
vn 0.151600 -0.255301 -0.954903
vn 0.391497 -0.164299 -0.905393
vn -0.355001 0.108900 -0.928502
vn -0.597288 0.084298 -0.797584
vn -0.628113 0.159903 -0.761515
vn -0.379195 0.214597 -0.900088
vn 0.976112 -0.167402 0.138502
vn 0.989519 0.112602 0.090402
vn 0.985788 0.154098 0.066899
vn 0.978968 -0.125696 0.160695
vn -0.093004 0.371815 -0.923636
vn -0.372918 0.325115 -0.869041
vn -0.369290 0.396089 -0.840677
vn -0.092099 0.437094 -0.894688
vn -0.218509 -0.294812 -0.930237
vn -0.188097 -0.418794 -0.888387
vn -0.462913 -0.440813 -0.769022
vn -0.494196 -0.304997 -0.814093
vn 0.570810 0.021000 -0.820814
vn 0.612697 -0.126699 -0.780096
vn 0.796559 -0.159392 -0.583170
vn 0.772869 -0.019199 -0.634275
vn 0.739695 -0.541897 -0.398997
vn 0.541125 -0.570826 -0.617528
vn 0.509274 -0.599169 -0.617768
vn 0.716898 -0.557598 -0.418499
vn 0.839502 0.543201 -0.013000
vn 0.833124 0.349810 0.428412
vn 0.705909 0.639508 0.304504
vn 0.631408 0.773610 -0.053401
vn -0.230397 -0.401095 -0.886589
vn -0.280015 -0.196111 -0.939751
vn -0.534179 -0.188592 -0.824067
vn -0.490686 -0.422088 -0.762279
vn -0.301505 -0.267005 -0.915316
vn -0.251392 -0.273392 -0.928471
vn -0.026100 -0.208399 -0.977696
vn -0.067597 -0.231591 -0.970462
vn -0.466376 0.638068 -0.612669
vn -0.128901 0.827807 -0.546004
vn -0.245305 0.866016 -0.435708
vn -0.611576 0.604977 -0.509880
vn -0.266193 0.371690 -0.889375
vn -0.023400 0.541605 -0.840308
vn -0.128901 0.827807 -0.546004
vn -0.466376 0.638068 -0.612669
vn -0.394219 -0.118506 -0.911344
vn -0.123106 0.026201 -0.992048
vn -0.266193 0.371690 -0.889375
vn -0.552699 0.091000 -0.828398
vn -0.394219 -0.118506 -0.911344
vn -0.324005 -0.264204 -0.908414
vn -0.051301 -0.193203 -0.979817
vn -0.123106 0.026201 -0.992048
vn -0.346410 -0.100103 -0.932727
vn -0.415700 -0.042700 -0.908499
vn -0.115402 -0.079701 -0.990116
vn -0.042800 -0.148400 -0.988001
vn -0.051301 -0.193203 -0.979817
vn -0.062701 -0.272106 -0.960222
vn 0.252195 -0.211496 -0.944281
vn 0.232701 -0.091801 -0.968206
vn 0.063800 -0.363001 -0.929602
vn -0.230397 -0.401095 -0.886589
vn -0.188097 -0.418794 -0.888387
vn 0.085102 -0.372008 -0.924320
vn -0.324005 -0.264204 -0.908414
vn -0.324583 -0.302284 -0.896253
vn -0.062701 -0.272106 -0.960222
vn -0.051301 -0.193203 -0.979817
vn 0.028600 -0.207100 -0.977902
vn -0.280015 -0.196111 -0.939751
vn -0.230397 -0.401095 -0.886589
vn 0.063800 -0.363001 -0.929602
vn -0.821350 0.063004 -0.566934
vn -0.619008 0.132602 -0.774110
vn -0.600382 0.061098 -0.797376
vn -0.803247 -0.029102 -0.594935
vn -0.271609 0.117304 -0.955232
vn -0.280015 -0.196111 -0.939751
vn 0.028600 -0.207100 -0.977902
vn 0.020500 0.039800 -0.998997
vn -0.280596 -0.108398 -0.953685
vn -0.230300 -0.039900 -0.972301
vn -0.472901 -0.094800 -0.876001
vn -0.519517 -0.078703 -0.850828
vn 0.877894 0.201499 0.434397
vn 0.828869 0.144795 0.540380
vn 0.721191 0.007800 0.692692
vn 0.777869 0.042698 0.626975
vn -0.992306 0.069300 0.102601
vn -0.988676 0.030199 0.146996
vn -0.959330 0.266908 -0.091903
vn -0.950319 0.220805 -0.219405
vn 0.571097 -0.145999 -0.807795
vn 0.595927 -0.022001 -0.802737
vn 0.795408 -0.060901 -0.603006
vn 0.766073 -0.180194 -0.616978
vn 0.681003 0.616803 0.394702
vn 0.653177 0.431285 0.622378
vn 0.649789 0.563090 0.510591
vn 0.652808 0.730808 0.199402
vn -0.557313 -0.094402 0.824919
vn -0.404085 -0.340788 0.848869
vn -0.277598 -0.115799 0.953693
vn -0.339001 -0.071000 0.938103
vn -0.256304 -0.437507 -0.861914
vn -0.178496 -0.438391 -0.880882
vn 0.135404 -0.394813 -0.908729
vn 0.008600 -0.473009 -0.881016
vn -0.199804 0.277505 -0.939718
vn 0.104403 0.246407 -0.963527
vn 0.142097 0.438190 -0.887580
vn -0.158200 0.498899 -0.852099
vn -0.786149 -0.031402 0.617239
vn -0.923925 0.087602 0.372410
vn -0.933198 0.070400 0.352399
vn -0.766983 -0.073998 0.637386
vn -0.936106 0.094801 -0.338702
vn -0.950319 0.220805 -0.219405
vn -0.842778 0.317992 -0.434289
vn -0.816429 0.125604 -0.563620
vn -0.266994 -0.006400 -0.963677
vn -0.299013 -0.232310 -0.925540
vn -0.046499 -0.303891 -0.951572
vn -0.010100 -0.021101 -0.999726
vn -0.807026 -0.440114 -0.393712
vn -0.689621 -0.315109 -0.652020
vn -0.775222 -0.344910 -0.529215
vn -0.855201 -0.475600 -0.206000
vn -0.917270 0.198994 0.344989
vn -0.903906 0.418603 0.087901
vn -0.809983 0.491590 0.319793
vn -0.815651 0.269517 0.511932
vn 0.754304 -0.352602 0.553803
vn 0.765623 -0.324210 0.555617
vn 0.857001 -0.101600 0.505200
vn 0.849832 -0.084603 0.520220
vn 0.809922 0.491614 0.319909
vn 0.815609 0.269503 0.512006
vn 0.653177 0.431285 0.622378
vn 0.681003 0.616803 0.394702
vn 0.835222 0.152604 0.528314
vn 0.858320 0.138703 0.494012
vn 0.882513 0.344905 0.319705
vn 0.899408 0.283503 0.332703
vn 0.063301 0.404108 -0.912518
vn -0.017100 0.308702 -0.951005
vn 0.326805 0.338705 -0.882314
vn 0.370916 0.428619 -0.823837
vn -0.543174 0.150293 -0.826060
vn -0.748111 0.075101 -0.659310
vn -0.780988 0.306095 -0.544392
vn -0.568697 0.412398 -0.711696
vn -0.229104 0.341006 -0.911716
vn -0.263498 0.258098 -0.929492
vn -0.017100 0.308702 -0.951005
vn 0.063301 0.404108 -0.912518
vn -0.687400 -0.096800 -0.719800
vn -0.854696 -0.170599 -0.490297
vn -0.904674 -0.013600 -0.425888
vn -0.748111 0.075101 -0.659310
vn -0.046499 -0.303891 -0.951572
vn 0.261302 -0.364703 -0.893707
vn 0.309906 -0.032301 -0.950218
vn -0.010100 -0.021101 -0.999726
vn -0.623602 -0.300201 -0.721803
vn -0.797016 -0.382607 -0.467309
vn -0.854696 -0.170599 -0.490297
vn -0.687400 -0.096800 -0.719800
vn 0.874334 -0.079203 0.478819
vn 0.907582 -0.032799 0.418592
vn 0.992695 -0.073600 0.095600
vn 0.981993 -0.058300 0.179699
vn -0.299013 -0.232310 -0.925540
vn -0.306007 -0.378809 -0.873421
vn -0.055401 -0.449604 -0.891508
vn -0.046499 -0.303891 -0.951572
vn 0.152492 0.230489 -0.961052
vn 0.003900 0.357414 -0.933938
vn 0.343196 0.370296 -0.863190
vn 0.449106 0.240103 -0.860612
vn -0.568697 0.412398 -0.711696
vn -0.780988 0.306095 -0.544392
vn -0.720216 0.585513 -0.372108
vn -0.501821 0.716530 -0.484520
vn -0.306007 -0.378809 -0.873421
vn -0.256304 -0.437507 -0.861914
vn 0.008600 -0.473009 -0.881016
vn -0.055401 -0.449604 -0.891508
vn -0.078897 -0.261189 -0.962058
vn 0.253403 -0.198803 -0.946712
vn 0.135404 -0.394813 -0.908729
vn -0.178496 -0.438391 -0.880882
vn 0.845866 0.396684 -0.356586
vn 0.942615 0.316305 -0.106902
vn 0.936909 0.344403 -0.059901
vn 0.846023 0.445412 -0.293008
vn 0.253403 -0.198803 -0.946712
vn 0.516620 -0.131005 -0.846133
vn 0.431204 -0.338603 -0.836308
vn 0.135404 -0.394813 -0.908729
vn -0.520188 -0.063599 -0.851681
vn -0.288014 0.047502 -0.956447
vn -0.319299 0.077300 -0.944496
vn -0.550816 -0.059202 -0.832524
vn 0.257009 0.033301 -0.965835
vn 0.517902 0.073200 -0.852303
vn 0.516620 -0.131005 -0.846133
vn 0.253403 -0.198803 -0.946712
vn -0.947954 0.016399 0.317985
vn -0.963490 -0.266497 0.025800
vn -0.904129 -0.118104 -0.410613
vn -0.996984 0.000900 -0.077599
vn 0.257009 0.033301 -0.965835
vn 0.152492 0.230489 -0.961052
vn 0.449106 0.240103 -0.860612
vn 0.517902 0.073200 -0.852303
vn 0.811308 0.073301 0.580006
vn 0.835222 0.152604 0.528314
vn 0.899408 0.283503 0.332703
vn 0.890692 0.199698 0.408397
vn -0.187195 0.269693 -0.944576
vn 0.102104 0.213308 -0.971635
vn 0.084303 0.267609 -0.959832
vn -0.207601 0.323701 -0.923103
vn 0.830099 0.400199 0.388299
vn 0.684301 0.704601 0.187800
vn 0.845623 0.435312 0.308909
vn 0.884204 0.121201 0.451102
vn 0.758096 -0.169999 -0.629596
vn 0.531125 -0.226211 -0.816538
vn 0.543589 -0.093898 -0.834083
vn 0.774229 -0.056002 -0.630423
vn -0.027001 0.002000 0.999633
vn 0.234005 -0.215204 0.948119
vn 0.171306 0.080403 0.981932
vn -0.142298 0.155798 0.977486
vn 0.894894 0.093399 0.436397
vn 0.877894 0.201499 0.434397
vn 0.777869 0.042698 0.626975
vn 0.814200 -0.196000 0.546500
vn 0.755003 0.633702 0.168501
vn 0.820807 0.457804 0.341603
vn 0.860468 0.310988 0.403585
vn 0.817787 0.516292 0.254296
vn -0.936463 -0.161094 -0.311588
vn -0.958089 -0.094899 -0.270297
vn -0.990664 -0.136295 -0.002900
vn -0.976784 -0.210497 -0.039799
vn -0.227909 0.562123 -0.795032
vn -0.252007 0.589017 -0.767822
vn 0.056400 0.617805 -0.784306
vn 0.099899 0.586596 -0.803695
vn 0.899408 0.283503 0.332703
vn 0.894326 0.446513 0.028401
vn 0.915423 0.387510 0.108803
vn 0.890692 0.199698 0.408397
vn -0.460623 0.301715 -0.834742
vn -0.187195 0.269693 -0.944576
vn -0.207601 0.323701 -0.923103
vn -0.475088 0.350591 -0.807079
vn -0.469175 0.144792 -0.871154
vn -0.494614 -0.093903 -0.864025
vn -0.227711 -0.144507 -0.962946
vn -0.197906 0.103603 -0.974731
vn -0.197906 0.103603 -0.974731
vn 0.089996 0.050598 -0.994656
vn 0.102104 0.213308 -0.971635
vn -0.187195 0.269693 -0.944576
vn -0.227711 -0.144507 -0.962946
vn 0.062200 -0.182700 -0.981199
vn 0.089996 0.050598 -0.994656
vn -0.197906 0.103603 -0.974731
vn -0.406092 -0.267895 -0.873683
vn -0.451802 -0.175901 -0.874605
vn -0.167203 -0.262205 -0.950417
vn -0.112198 -0.346593 -0.931281
vn -0.240392 -0.312289 -0.919069
vn 0.040299 -0.344595 -0.937886
vn 0.062200 -0.182700 -0.981199
vn -0.227711 -0.144507 -0.962946
vn -0.451802 -0.175901 -0.874605
vn -0.489885 -0.097897 -0.866273
vn -0.218002 -0.178902 -0.959411
vn -0.167203 -0.262205 -0.950417
vn -0.257695 -0.353894 -0.899084
vn 0.024400 -0.396998 -0.917495
vn 0.040299 -0.344595 -0.937886
vn -0.240392 -0.312289 -0.919069
vn -0.257695 -0.353894 -0.899084
vn -0.298687 -0.373184 -0.878362
vn -0.003400 -0.425077 -0.905151
vn 0.024400 -0.396998 -0.917495
vn 0.885812 0.403205 -0.229703
vn 0.720264 0.585470 -0.372081
vn 0.589598 0.774198 -0.230199
vn 0.792390 0.597092 -0.124898
vn 0.521380 -0.345686 -0.780169
vn 0.258900 -0.387200 -0.884900
vn 0.269515 -0.261714 -0.926751
vn 0.531125 -0.226211 -0.816538
vn -0.571783 -0.285092 -0.769277
vn -0.617092 -0.248897 -0.746490
vn -0.353386 -0.347186 -0.868666
vn -0.298687 -0.373184 -0.878362
vn -0.043100 0.723001 -0.689501
vn 0.234199 0.733298 -0.638298
vn 0.113398 0.731186 -0.672687
vn -0.148698 0.708089 -0.690289
vn 0.426107 0.770613 -0.473908
vn 0.680473 0.650274 -0.337787
vn 0.651096 0.627696 -0.426698
vn 0.392229 0.751455 -0.530539
vn -0.948167 0.306389 0.084297
vn -0.927728 0.334410 0.165805
vn -0.817097 0.576498 0.001900
vn -0.835160 0.548874 -0.035298
vn -0.659089 -0.164797 -0.733787
vn -0.694704 -0.071800 -0.715704
vn -0.451802 -0.175901 -0.874605
vn -0.406092 -0.267895 -0.873683
vn 0.113398 0.731186 -0.672687
vn 0.433114 0.681821 -0.589519
vn 0.362193 0.636988 -0.680487
vn 0.066300 0.648997 -0.757897
vn -0.694704 -0.071800 -0.715704
vn -0.727793 -0.002100 -0.685794
vn -0.489885 -0.097897 -0.866273
vn -0.451802 -0.175901 -0.874605
vn 0.586877 -0.488681 -0.645575
vn 0.450710 -0.380708 -0.807417
vn 0.429191 -0.204396 -0.879782
vn 0.623602 -0.300201 -0.721803
vn -0.727793 -0.002100 -0.685794
vn -0.759601 0.019400 -0.650101
vn -0.525492 -0.050699 -0.849287
vn -0.489885 -0.097897 -0.866273
vn 0.938522 -0.211805 -0.272607
vn 0.756302 -0.341201 -0.558202
vn 0.731297 -0.379699 -0.566598
vn 0.908933 -0.304411 -0.284910
vn 0.720264 0.585470 -0.372081
vn 0.781031 0.306112 -0.544322
vn 0.568697 0.412398 -0.711696
vn 0.501920 0.716529 -0.484420
vn -0.759601 0.019400 -0.650101
vn -0.783810 0.010800 -0.620907
vn -0.557021 -0.024701 -0.830131
vn -0.525492 -0.050699 -0.849287
vn -0.590990 0.083099 -0.802387
vn -0.348386 0.102196 -0.931763
vn -0.329003 0.006100 -0.944309
vn -0.577516 0.009600 -0.816323
vn -0.557021 -0.024701 -0.830131
vn -0.577516 0.009600 -0.816323
vn -0.329003 0.006100 -0.944309
vn -0.299813 -0.054502 -0.952440
vn -0.961736 -0.273710 0.012100
vn -0.926790 -0.373496 0.039500
vn -0.903403 -0.282701 0.322401
vn -0.927394 -0.189399 0.322598
vn -0.585730 0.720137 -0.371919
vn -0.586128 0.739336 -0.331416
vn -0.336292 0.849179 -0.407190
vn -0.337107 0.825916 -0.451909
vn -0.599532 0.209511 -0.772442
vn -0.357901 0.248801 -0.900003
vn -0.348386 0.102196 -0.931763
vn -0.590990 0.083099 -0.802387
vn 0.524011 -0.444509 -0.726515
vn 0.253813 -0.477024 -0.841443
vn 0.258900 -0.387200 -0.884900
vn 0.521380 -0.345686 -0.780169
vn -0.814286 0.246996 -0.525291
vn -0.600192 0.345495 -0.721390
vn -0.599532 0.209511 -0.772442
vn -0.811500 0.148000 -0.565300
vn 0.151804 -0.050401 -0.987125
vn -0.118903 0.107903 -0.987025
vn -0.115000 0.093000 -0.989003
vn 0.165298 -0.047699 -0.985090
vn -0.594987 0.518189 -0.614387
vn -0.354500 0.597200 -0.719501
vn -0.359218 0.405320 -0.840642
vn -0.600192 0.345495 -0.721390
vn -0.681003 0.616803 0.394702
vn -0.809983 0.491590 0.319793
vn -0.718524 0.686523 0.111404
vn -0.640459 0.763752 0.080595
vn -0.981117 0.190203 0.035101
vn -0.903325 0.314409 0.291808
vn -0.925361 0.169493 0.339086
vn -0.990855 0.128394 0.041498
vn 0.767602 -0.028300 0.640302
vn 0.859616 -0.210404 0.465609
vn 0.947111 0.001100 0.320904
vn 0.862020 0.179804 0.473911
vn -0.587397 0.653496 -0.477397
vn -0.585730 0.720137 -0.371919
vn -0.337107 0.825916 -0.451909
vn -0.344617 0.747537 -0.567828
vn 0.378414 0.879032 -0.290011
vn 0.454606 0.860511 -0.229903
vn 0.553828 0.791939 -0.257113
vn 0.471306 0.834310 -0.286003
vn 0.990664 -0.136295 -0.002800
vn 0.958115 -0.094901 -0.270204
vn 0.936492 -0.161099 -0.311497
vn 0.976786 -0.210297 -0.040799
vn 0.740968 0.022299 0.671171
vn 0.513323 0.033601 0.857538
vn 0.657781 0.294191 0.693380
vn 0.796867 0.315587 0.515178
vn -0.620526 -0.358915 -0.697229
vn -0.607521 -0.315111 -0.729125
vn -0.710809 -0.088401 -0.697808
vn -0.763838 -0.199410 -0.613830
vn 0.313506 0.890916 -0.328606
vn 0.471306 0.834310 -0.286003
vn 0.574069 0.775458 -0.262886
vn 0.401606 0.851314 -0.337605
vn -0.643991 0.423094 -0.637391
vn -0.631397 0.328598 -0.702397
vn -0.841318 0.259806 -0.474010
vn -0.853383 0.309594 -0.419392
vn -0.878448 0.103806 0.466426
vn -0.908708 0.360703 0.210102
vn -0.897607 0.354703 0.261702
vn -0.819880 0.164196 0.548486
vn -0.600062 -0.341378 -0.723454
vn -0.647885 -0.256694 -0.717184
vn -0.411675 -0.256984 -0.874347
vn -0.353998 -0.328398 -0.875694
vn -0.674283 0.642083 -0.364791
vn -0.669183 0.589985 -0.451788
vn -0.859984 0.392793 -0.325794
vn -0.857093 0.442496 -0.263798
vn -0.647713 0.521310 -0.555611
vn -0.859322 0.351809 -0.371209
vn -0.859984 0.392793 -0.325794
vn -0.669183 0.589985 -0.451788
vn -0.080904 -0.534727 -0.841143
vn -0.158999 -0.494698 -0.854396
vn 0.122697 -0.371290 -0.920375
vn 0.182996 -0.380292 -0.906582
vn -0.158999 -0.494698 -0.854396
vn -0.259193 -0.419889 -0.869777
vn 0.043199 -0.336795 -0.940587
vn 0.122697 -0.371290 -0.920375
vn -0.066899 -0.464992 -0.882784
vn 0.145593 -0.234088 -0.961252
vn 0.099202 -0.132403 -0.986219
vn -0.079104 -0.387319 -0.918546
vn -0.259193 -0.419889 -0.869777
vn -0.353998 -0.328398 -0.875694
vn -0.044100 -0.284398 -0.957692
vn 0.043199 -0.336795 -0.940587
vn -0.353998 -0.328398 -0.875694
vn -0.411675 -0.256984 -0.874347
vn -0.109197 -0.235293 -0.965771
vn -0.044100 -0.284398 -0.957692
vn -0.631397 0.328598 -0.702397
vn -0.611590 0.237496 -0.754688
vn -0.826825 0.198906 -0.526116
vn -0.841318 0.259806 -0.474010
vn -0.411675 -0.256984 -0.874347
vn -0.437717 -0.190807 -0.878633
vn -0.146396 -0.181295 -0.972471
vn -0.109197 -0.235293 -0.965771
vn -0.611590 0.237496 -0.754688
vn -0.587882 0.139796 -0.796776
vn -0.810380 0.127397 -0.571886
vn -0.826825 0.198906 -0.526116
vn 0.551593 -0.130198 -0.823889
vn 0.304688 -0.227991 -0.924762
vn 0.305002 -0.219101 -0.926806
vn 0.575534 -0.108506 -0.810548
vn -0.587882 0.139796 -0.796776
vn -0.565570 0.034998 -0.823957
vn -0.792105 0.043900 -0.608804
vn -0.810380 0.127397 -0.571886
vn -0.318803 0.024300 -0.947509
vn -0.286799 -0.119599 -0.950496
vn -0.543473 -0.093895 -0.834159
vn -0.565570 0.034998 -0.823957
vn -0.565570 0.034998 -0.823957
vn -0.543473 -0.093895 -0.834159
vn -0.774224 -0.056102 -0.630420
vn -0.792105 0.043900 -0.608804
vn -0.543473 -0.093895 -0.834159
vn -0.531101 -0.226400 -0.816502
vn -0.758096 -0.169999 -0.629596
vn -0.774224 -0.056102 -0.630420
vn -0.286799 -0.119599 -0.950496
vn -0.269393 -0.261393 -0.926877
vn -0.531101 -0.226400 -0.816502
vn -0.543473 -0.093895 -0.834159
vn -0.656317 0.179105 -0.732919
vn -0.405786 0.244092 -0.880771
vn -0.406512 0.142104 -0.902527
vn -0.661863 0.093595 -0.743759
vn -0.269393 -0.261393 -0.926877
vn -0.258900 -0.387200 -0.884900
vn -0.521307 -0.345704 -0.780210
vn -0.531101 -0.226400 -0.816502
vn -0.741724 -0.376712 -0.554918
vn -0.747864 -0.272887 -0.605171
vn -0.521307 -0.345704 -0.780210
vn -0.523900 -0.444500 -0.726600
vn -0.258900 -0.387200 -0.884900
vn -0.253801 -0.477102 -0.841403
vn -0.523900 -0.444500 -0.726600
vn -0.521307 -0.345704 -0.780210
vn -0.730821 -0.476814 -0.488414
vn -0.741724 -0.376712 -0.554918
vn -0.523900 -0.444500 -0.726600
vn -0.517617 -0.530218 -0.671522
vn -0.211994 0.206194 0.955271
vn -0.072700 0.036000 0.996704
vn 0.185604 -0.078002 0.979524
vn -0.027001 0.002000 0.999633
vn -0.716819 -0.557615 -0.418611
vn -0.730821 -0.476814 -0.488414
vn -0.517617 -0.530218 -0.671522
vn -0.509200 -0.599199 -0.617799
vn -0.228307 0.184605 0.955927
vn 0.105804 -0.133105 0.985438
vn -0.249901 -0.373101 0.893502
vn -0.504174 0.042498 0.862556
vn 0.852210 -0.024900 0.522606
vn 0.947944 0.016401 0.318015
vn 0.963488 -0.266497 0.025900
vn 0.860423 -0.385110 0.333709
vn -0.739666 -0.541875 -0.399082
vn -0.716819 -0.557615 -0.418611
vn -0.509200 -0.599199 -0.617799
vn -0.541091 -0.570791 -0.617590
vn -0.577791 0.439593 -0.687689
vn -0.720233 0.448420 -0.529324
vn -0.797920 0.295407 -0.525413
vn -0.637784 0.280093 -0.717482
vn -0.306291 -0.549285 -0.777478
vn -0.391795 -0.428095 -0.814390
vn -0.613219 -0.454414 -0.646120
vn -0.541091 -0.570791 -0.617590
vn -0.550097 0.587397 -0.593597
vn -0.505181 0.655475 -0.561378
vn -0.245002 0.719805 -0.649504
vn -0.288093 0.643585 -0.709084
vn -0.391795 -0.428095 -0.814390
vn -0.476102 -0.323301 -0.817804
vn -0.684164 -0.351082 -0.639266
vn -0.613219 -0.454414 -0.646120
vn 0.220403 0.425906 0.877512
vn -0.071302 0.306709 0.949129
vn 0.023600 0.186803 0.982114
vn 0.221409 0.373215 0.900937
vn -0.476102 -0.323301 -0.817804
vn -0.543684 -0.269992 -0.794677
vn -0.738481 -0.310392 -0.598584
vn -0.684164 -0.351082 -0.639266
vn -0.887797 0.047300 -0.457798
vn -0.731421 0.119804 -0.671320
vn -0.710317 -0.038701 -0.702817
vn -0.868731 -0.085103 -0.487917
vn 0.884394 -0.107899 -0.454097
vn 0.861910 -0.248303 -0.442105
vn 0.678205 -0.220202 -0.701105
vn 0.707088 -0.030000 -0.706488
vn -0.940157 0.140594 -0.310386
vn -0.942915 0.079501 -0.323405
vn -0.811221 0.093502 -0.577215
vn -0.810721 0.145304 -0.567114
vn 0.914132 -0.280610 -0.292610
vn 0.870007 -0.456404 -0.186502
vn 0.742386 -0.474891 -0.472591
vn 0.768274 -0.287590 -0.571881
vn -0.304597 -0.227998 -0.924791
vn -0.280596 -0.108398 -0.953685
vn -0.519517 -0.078703 -0.850828
vn -0.551224 -0.130206 -0.824135
vn -0.506198 0.676497 -0.534898
vn -0.430385 0.557281 -0.710075
vn -0.649247 0.469534 -0.598344
vn -0.742664 0.532874 -0.405580
vn -0.888500 -0.241800 -0.390000
vn -0.732204 -0.192201 -0.653404
vn -0.790541 -0.045302 -0.610732
vn -0.931767 -0.071797 -0.355887
vn -0.148694 -0.524278 0.838465
vn -0.478193 -0.223697 0.849288
vn -0.195908 -0.027401 0.980239
vn 0.155292 -0.151693 0.976152
vn -0.550816 -0.059202 -0.832524
vn -0.319299 0.077300 -0.944496
vn -0.406293 0.167897 -0.898185
vn -0.665216 -0.028201 -0.746118
vn -0.962834 0.153105 0.222508
vn -0.958382 -0.161097 0.235695
vn -0.985904 0.167301 -0.002100
vn -0.870696 0.486298 -0.073500
vn -0.941994 0.229398 0.244998
vn -0.918575 0.393789 -0.033899
vn -0.795780 0.604485 0.036499
vn -0.809895 0.426597 0.402598
vn 0.201891 -0.310886 -0.928757
vn 0.239193 -0.316990 -0.917771
vn -0.022401 -0.362418 -0.931746
vn -0.109900 -0.366001 -0.924102
vn 0.097596 0.879766 -0.465282
vn 0.214400 0.883399 -0.416700
vn 0.294614 0.774537 -0.559727
vn 0.193199 0.780696 -0.594297
vn 0.868304 0.086100 0.488502
vn 0.829984 0.123298 0.543989
vn 0.833708 0.155001 0.530005
vn 0.864299 0.140700 0.482899
vn 0.808966 -0.057098 0.585076
vn 0.808785 -0.055399 0.585489
vn 0.821129 0.074803 0.565820
vn 0.820816 0.057301 0.568311
vn -0.800972 -0.364987 -0.474583
vn -0.836421 -0.238006 -0.493713
vn -0.669297 -0.226599 -0.707597
vn -0.620588 -0.383092 -0.684186
vn 0.863219 0.484211 -0.142803
vn 0.674903 0.678103 -0.291001
vn 0.643382 0.711280 -0.283092
vn 0.828505 0.551304 -0.098201
vn -0.149899 0.381597 -0.912093
vn -0.423512 0.379811 -0.822424
vn -0.398723 0.516130 -0.758044
vn -0.127799 0.516996 -0.846394
vn 0.645159 -0.047797 -0.762552
vn 0.623713 -0.109002 -0.774016
vn 0.393301 -0.043000 -0.918404
vn 0.412704 0.010100 -0.910809
vn 0.733522 0.450614 0.508815
vn 0.794482 0.475789 0.377391
vn 0.821433 0.403516 0.403016
vn 0.758720 0.350609 0.549015
vn 0.205390 0.566773 -0.797862
vn -0.083500 0.631701 -0.770702
vn -0.039501 0.692518 -0.720319
vn 0.252296 0.615591 -0.746589
vn -0.083500 0.631701 -0.770702
vn -0.352289 0.641680 -0.681278
vn -0.310393 0.706885 -0.635586
vn -0.039501 0.692518 -0.720319
vn 0.127306 0.174208 -0.976445
vn 0.126406 0.097804 -0.987145
vn -0.163191 0.121794 -0.979048
vn -0.164399 0.198599 -0.966194
vn -0.702304 -0.019700 0.711604
vn -0.485978 -0.170592 0.857161
vn -0.470784 -0.180094 0.863671
vn -0.687253 -0.058596 0.724051
vn -0.162099 0.046200 -0.985693
vn -0.441609 0.066801 -0.894718
vn -0.438501 0.135200 -0.888503
vn -0.163191 0.121794 -0.979048
vn 0.920447 0.334317 0.202510
vn 0.934988 0.341996 0.093999
vn 0.944242 0.238885 0.226586
vn 0.931049 0.250513 0.265314
vn -0.022401 -0.362418 -0.931746
vn 0.008800 -0.315285 -0.948956
vn -0.319096 -0.315996 -0.893490
vn -0.347610 -0.382611 -0.856024
vn -0.654821 0.476415 -0.586719
vn -0.808277 0.378189 -0.451287
vn -0.824907 0.292503 -0.483704
vn -0.676798 0.407199 -0.613298
vn 0.983280 0.179496 0.030699
vn 0.980893 0.170499 0.093699
vn 0.964826 0.211006 0.156804
vn 0.964587 0.261296 0.036000
vn 0.983280 0.179496 0.030699
vn 0.990571 0.132296 0.035599
vn 0.989315 0.133102 0.059501
vn 0.980893 0.170499 0.093699
vn 0.602403 -0.730404 -0.321902
vn 0.616366 -0.787457 0.002000
vn 0.449806 -0.866712 0.215603
vn 0.651510 -0.726311 -0.219103
vn 0.845383 0.473990 -0.246295
vn 0.985904 0.167301 -0.002000
vn 0.870703 0.486302 -0.073400
vn 0.671673 0.683673 -0.285389
vn -0.696089 0.669690 -0.258796
vn -0.718506 0.649305 -0.249302
vn -0.887179 0.420990 -0.188895
vn -0.876665 0.440783 -0.192792
vn -0.166894 -0.300189 -0.939166
vn -0.109900 -0.366001 -0.924102
vn -0.390306 -0.384806 -0.836413
vn -0.436501 -0.304800 -0.846501
vn 0.623713 -0.109002 -0.774016
vn 0.610491 -0.114598 -0.783689
vn 0.382288 -0.053898 -0.922470
vn 0.393301 -0.043000 -0.918404
vn -0.162099 0.046200 -0.985693
vn -0.173801 -0.036400 -0.984108
vn -0.448790 -0.010200 -0.893579
vn -0.441609 0.066801 -0.894718
vn -0.799262 0.453479 0.394381
vn -0.747300 0.544200 0.381300
vn -0.651211 0.533009 0.540209
vn -0.719386 0.408092 0.562089
vn -0.173801 -0.036400 -0.984108
vn -0.195804 -0.123603 -0.972822
vn -0.458881 -0.096296 -0.883264
vn -0.448790 -0.010200 -0.893579
vn -0.850586 0.079499 0.519792
vn -0.864397 0.182299 0.468598
vn -0.780299 -0.003100 0.625399
vn -0.734685 -0.124498 0.666887
vn -0.195804 -0.123603 -0.972822
vn -0.201104 -0.214404 -0.955818
vn -0.460303 -0.197101 -0.865605
vn -0.458881 -0.096296 -0.883264
vn -0.932914 0.291804 0.211003
vn -0.904161 0.373584 0.207191
vn -0.941334 0.264410 0.209708
vn -0.945900 0.247500 0.209800
vn -0.201104 -0.214404 -0.955818
vn -0.166894 -0.300189 -0.939166
vn -0.436501 -0.304800 -0.846501
vn -0.460303 -0.197101 -0.865605
vn -0.286615 0.658636 -0.695738
vn -0.008100 0.681900 -0.731400
vn -0.045499 0.555786 -0.830079
vn -0.338295 0.519292 -0.784788
vn 0.093904 0.239911 -0.966243
vn 0.094298 -0.111498 -0.989281
vn 0.361107 0.003100 -0.932519
vn 0.336888 0.258491 -0.905367
vn 0.967570 -0.206494 0.145495
vn 0.991563 0.061898 0.113896
vn 0.989519 0.112602 0.090402
vn 0.976112 -0.167402 0.138502
vn -0.605567 0.776158 0.175690
vn -0.454392 0.865184 0.212096
vn -0.438213 0.867525 0.235307
vn -0.566215 0.791020 0.231706
vn -0.675293 0.070299 0.734192
vn -0.584498 0.155799 0.796297
vn -0.598702 0.073400 0.797602
vn -0.667947 -0.064004 0.741452
vn 0.258404 -0.292105 -0.920816
vn 0.008800 -0.315285 -0.948956
vn -0.022401 -0.362418 -0.931746
vn 0.239193 -0.316990 -0.917771
vn 0.229001 0.262001 -0.937504
vn -0.032200 0.384196 -0.922690
vn -0.093399 0.331297 -0.938892
vn 0.173606 0.228108 -0.958033
vn 0.283011 -0.272011 -0.919736
vn 0.025800 -0.275699 -0.960898
vn 0.008800 -0.315285 -0.948956
vn 0.258404 -0.292105 -0.920816
vn 0.828505 0.551304 -0.098201
vn 0.643382 0.711280 -0.283092
vn 0.602328 0.740934 -0.297014
vn 0.779894 0.619595 -0.088699
vn 0.307408 -0.163504 -0.937425
vn 0.049202 -0.127305 -0.990642
vn 0.025800 -0.275699 -0.960898
vn 0.283011 -0.272011 -0.919736
vn -0.936910 0.117301 0.329303
vn -0.932925 0.028901 0.358910
vn -0.922379 0.179796 0.341892
vn -0.921796 0.143099 0.360298
vn 0.966801 -0.133800 -0.217700
vn 0.946724 -0.211105 -0.243206
vn 0.853609 -0.146102 -0.500005
vn 0.874985 -0.073799 -0.478492
vn -0.379306 0.325805 -0.866013
vn -0.645510 0.167703 -0.745112
vn -0.564221 0.118805 -0.817031
vn -0.281000 0.418401 -0.863701
vn -0.799207 0.053100 0.598705
vn -0.738491 -0.141298 0.659292
vn -0.851134 -0.157006 0.500920
vn -0.897028 0.055202 0.438514
vn -0.675293 0.070299 0.734192
vn -0.667947 -0.064004 0.741452
vn -0.738491 -0.141298 0.659292
vn -0.799207 0.053100 0.598705
vn -0.796933 0.315513 0.515121
vn -0.741017 0.022301 0.671116
vn -0.818093 0.156099 0.553495
vn -0.811810 0.423505 0.402005
vn -0.564079 0.052198 0.824069
vn -0.532716 -0.031001 0.845726
vn -0.598702 0.073400 0.797602
vn -0.584498 0.155799 0.796297
vn 0.117294 -0.129994 -0.984553
vn 0.313610 -0.248608 -0.916429
vn 0.338394 -0.291595 -0.894685
vn 0.158393 -0.145094 -0.976657
vn 0.292897 -0.246997 -0.923690
vn 0.264794 -0.206296 -0.941980
vn 0.346093 -0.438191 -0.829583
vn 0.324985 -0.497377 -0.804363
vn -0.310997 -0.413196 0.855891
vn -0.245099 -0.500199 0.830498
vn -0.357395 -0.373795 0.855889
vn -0.415291 -0.278894 0.865882
vn -0.635825 0.411916 0.652726
vn -0.690919 0.267507 0.671618
vn -0.545703 0.469202 0.694304
vn -0.477695 0.559294 0.677493
vn -0.261896 -0.004200 -0.965087
vn -0.316485 -0.099595 -0.943355
vn 0.007100 -0.158505 -0.987333
vn 0.059701 -0.133002 -0.989316
vn 0.878831 0.458016 -0.133705
vn 0.706584 0.666085 -0.238895
vn 0.692619 0.664018 -0.281708
vn 0.871367 0.461483 -0.166594
vn -0.507026 -0.357619 -0.784241
vn -0.549601 -0.403901 -0.731302
vn -0.731256 -0.379677 -0.566666
vn -0.700116 -0.357108 -0.618314
vn 0.054398 -0.413288 -0.908974
vn 0.353504 -0.347204 -0.868610
vn 0.298698 -0.373098 -0.878395
vn 0.003500 -0.425077 -0.905151
vn 0.854842 0.448770 -0.260482
vn 0.672076 0.598379 -0.436184
vn 0.695097 0.656097 -0.293899
vn 0.863827 0.489115 -0.120704
vn 0.830978 0.388690 -0.397990
vn 0.646568 0.514575 -0.563172
vn 0.672076 0.598379 -0.436184
vn 0.854842 0.448770 -0.260482
vn -0.321813 -0.228010 -0.918938
vn -0.327992 -0.160896 -0.930878
vn -0.038998 -0.067497 -0.996957
vn -0.030301 -0.178706 -0.983436
vn -0.827594 0.005900 0.561296
vn -0.822864 -0.094796 0.560275
vn -0.814620 -0.061602 0.576714
vn -0.832986 0.018300 0.552991
vn 0.918699 0.051400 -0.391600
vn 0.753819 0.181505 -0.631516
vn 0.793244 0.326718 -0.513828
vn 0.947114 0.158002 -0.279304
vn 0.918699 0.051400 -0.391600
vn 0.884394 -0.107899 -0.454097
vn 0.707088 -0.030000 -0.706488
vn 0.753819 0.181505 -0.631516
vn -0.080103 0.077903 -0.993738
vn -0.125293 0.195090 -0.972749
vn 0.133201 0.307403 -0.942210
vn 0.173392 0.177891 -0.968654
vn 0.577583 0.009600 -0.816276
vn 0.796415 0.013000 -0.604611
vn 0.783893 0.011200 -0.620795
vn 0.557021 -0.024701 -0.830131
vn -0.125293 0.195090 -0.972749
vn -0.160507 0.265912 -0.950541
vn 0.116707 0.375722 -0.919354
vn 0.133201 0.307403 -0.942210
vn 0.678091 -0.316396 -0.663391
vn 0.478304 -0.296002 -0.826806
vn 0.471801 -0.179200 -0.863302
vn 0.678205 -0.220202 -0.701105
vn -0.882288 0.357595 0.306096
vn -0.664118 0.574016 0.479013
vn -0.684080 0.647881 0.335090
vn -0.896702 0.419001 0.142700
vn 0.851078 -0.157096 0.500987
vn 0.738491 -0.141298 0.659292
vn 0.799123 0.053102 0.598817
vn 0.896949 0.055197 0.438675
vn -0.171795 0.323590 -0.930471
vn -0.167796 0.397390 -0.902178
vn 0.131203 0.435410 -0.890620
vn 0.121400 0.403701 -0.906801
vn -0.006900 0.316790 0.948471
vn 0.149698 0.464393 0.872886
vn 0.383121 0.407922 0.828745
vn 0.228190 0.184592 0.955958
vn -0.357208 -0.041101 -0.933120
vn -0.080103 0.077903 -0.993738
vn -0.038998 -0.067497 -0.996957
vn -0.327992 -0.160896 -0.930878
vn 0.577583 0.009600 -0.816276
vn 0.591103 0.083100 -0.802304
vn 0.804130 0.054802 -0.591922
vn 0.796415 0.013000 -0.604611
vn -0.385581 0.060997 -0.920655
vn -0.125293 0.195090 -0.972749
vn -0.080103 0.077903 -0.993738
vn -0.357208 -0.041101 -0.933120
vn 0.602984 -0.032799 -0.797079
vn 0.612091 0.155298 -0.775389
vn 0.411210 0.182805 -0.893022
vn 0.377381 0.003100 -0.926053
vn -0.407805 0.142302 -0.901912
vn -0.160507 0.265912 -0.950541
vn -0.125293 0.195090 -0.972749
vn -0.385581 0.060997 -0.920655
vn 0.922333 0.179806 0.342012
vn 0.932891 0.028900 0.358997
vn 0.936879 0.117297 0.329393
vn 0.921809 0.143001 0.360304
vn -0.424003 0.226402 -0.876906
vn -0.171795 0.323590 -0.930471
vn -0.160507 0.265912 -0.950541
vn -0.407805 0.142302 -0.901912
vn 0.776692 0.213498 -0.592594
vn 0.724992 0.254297 -0.640093
vn 0.687340 -0.048103 -0.724742
vn 0.710908 -0.088401 -0.697707
vn -0.431287 0.329290 -0.839976
vn -0.167796 0.397390 -0.902178
vn -0.171795 0.323590 -0.930471
vn -0.424003 0.226402 -0.876906
vn 0.738491 -0.141298 0.659292
vn 0.667897 -0.064000 0.741497
vn 0.675238 0.070304 0.734242
vn 0.799123 0.053102 0.598817
vn -0.424718 0.454220 -0.783134
vn -0.133901 0.514605 -0.846908
vn -0.167796 0.397390 -0.902178
vn -0.431287 0.329290 -0.839976
vn -0.286812 0.092204 -0.953539
vn -0.565797 0.062200 -0.822195
vn -0.541397 0.115499 -0.832796
vn -0.259802 0.179101 -0.948908
vn -0.405084 0.565678 -0.718272
vn -0.105906 0.634733 -0.765440
vn -0.133901 0.514605 -0.846908
vn -0.424718 0.454220 -0.783134
vn 0.532716 -0.031001 0.845726
vn 0.467902 -0.214301 0.857404
vn 0.510719 -0.123504 0.850831
vn 0.564011 0.052201 0.824116
vn -0.370294 0.655290 -0.658390
vn -0.087898 0.718181 -0.690282
vn -0.105906 0.634733 -0.765440
vn -0.405084 0.565678 -0.718272
vn -0.245701 0.025800 -0.969002
vn 0.060302 0.182607 -0.981335
vn -0.044699 0.100097 -0.993973
vn -0.336685 -0.066597 -0.939259
vn 0.674307 0.642107 -0.364704
vn 0.435992 0.787786 -0.435092
vn 0.427186 0.816972 -0.387387
vn 0.671395 0.675295 -0.305298
vn 0.416794 0.906787 0.063399
vn 0.409988 0.909173 0.072898
vn 0.191200 0.966998 0.168400
vn 0.232102 0.965810 0.115501
vn -0.756498 0.346599 0.554599
vn -0.738151 0.426071 0.523065
vn -0.658100 0.405200 0.634600
vn -0.669489 0.289495 0.684089
vn 0.715313 0.644911 -0.269105
vn 0.739686 0.638788 -0.211696
vn 0.673932 0.705833 -0.218210
vn 0.663307 0.705707 -0.249002
vn -0.822079 0.328592 0.464988
vn -0.829387 0.306195 0.467292
vn -0.805322 0.363510 0.468313
vn -0.808103 0.346701 0.476202
vn 0.785201 0.609501 0.109400
vn 0.788633 0.606825 0.099104
vn 0.854667 0.518480 0.026899
vn 0.845804 0.529902 0.061800
vn -0.259802 0.179101 -0.948908
vn -0.541397 0.115499 -0.832796
vn -0.504887 0.157596 -0.848677
vn -0.214205 0.227105 -0.950021
vn -0.628695 0.582596 0.515096
vn -0.538486 0.698782 0.470888
vn -0.461197 0.683996 0.565196
vn -0.544300 0.620000 0.565100
vn 0.791368 0.597076 -0.131295
vn 0.742291 0.667792 -0.055299
vn 0.723891 0.675992 -0.137898
vn 0.752376 0.633180 -0.181694
vn -0.318590 0.768075 0.555482
vn -0.293903 0.774607 0.560005
vn -0.379986 0.748273 0.543781
vn -0.433101 0.752402 0.496301
vn 0.843489 0.536993 0.012800
vn 0.811870 0.579079 0.074397
vn 0.770024 0.637119 0.033801
vn 0.824530 0.563020 -0.056202
vn 0.854663 0.516978 0.047798
vn 0.849695 0.524097 0.057800
vn 0.811870 0.579079 0.074397
vn 0.843489 0.536993 0.012800
vn -0.758778 0.350690 0.548884
vn -0.733568 0.450580 0.508778
vn -0.719992 0.312596 0.619593
vn -0.730090 0.201097 0.653091
vn -0.821466 0.403483 0.402983
vn -0.794474 0.475884 0.377287
vn -0.733568 0.450580 0.508778
vn -0.758778 0.350690 0.548884
vn 0.674973 0.674373 0.299388
vn 0.658595 0.657995 0.365097
vn 0.701699 0.671899 0.237000
vn 0.710914 0.674713 0.198404
vn 0.653087 0.641088 0.403092
vn 0.630307 0.612907 0.476506
vn 0.658595 0.657995 0.365097
vn 0.674973 0.674373 0.299388
vn 0.763888 -0.204797 0.611991
vn 0.561401 -0.264900 0.784001
vn 0.485587 -0.276893 0.829178
vn 0.711769 -0.212591 0.669470
vn -0.449716 0.072403 0.890232
vn -0.483903 0.005400 0.875105
vn -0.228411 0.169208 0.958748
vn -0.188394 0.236192 0.953269
vn 0.986592 0.163199 0.001200
vn 0.953927 -0.014100 -0.299708
vn 0.917798 -0.196700 -0.344899
vn 0.989143 -0.142506 0.035902
vn 0.841408 0.389204 -0.374904
vn 0.839298 0.450399 -0.304499
vn 0.827316 0.397008 -0.397408
vn 0.825575 0.350189 -0.442486
vn 0.840392 0.476795 -0.257697
vn 0.828423 0.530015 -0.181105
vn 0.839298 0.450399 -0.304499
vn 0.841408 0.389204 -0.374904
vn 0.805204 -0.387702 -0.448702
vn 0.791378 -0.409189 -0.454187
vn 0.915245 -0.349517 -0.200410
vn 0.917522 -0.352608 -0.183904
vn 0.832962 -0.362583 0.417981
vn 0.873891 -0.457695 0.163798
vn 0.894881 -0.436991 0.090698
vn 0.867472 -0.346589 0.356888
vn 0.915524 -0.336509 -0.220406
vn 0.893638 -0.287012 -0.345015
vn 0.895791 -0.367096 -0.250597
vn 0.905816 -0.400807 -0.137302
vn -0.756302 -0.341201 -0.558202
vn -0.763838 -0.199410 -0.613830
vn -0.898134 0.047802 -0.437116
vn -0.938522 -0.211805 -0.272607
vn 0.722428 0.686226 -0.084803
vn 0.738101 0.674201 -0.025700
vn 0.651086 0.758984 0.005500
vn 0.645905 0.763005 -0.025100
vn 0.588010 -0.393807 -0.706513
vn 0.551790 -0.472692 -0.687088
vn 0.648886 -0.461190 -0.605187
vn 0.632319 -0.332510 -0.699721
vn 0.447803 0.024200 -0.893805
vn 0.665378 0.156695 -0.729876
vn 0.714316 0.012300 -0.699715
vn 0.487699 -0.090600 -0.868298
vn 0.416624 0.452526 -0.788445
vn 0.022900 0.526106 -0.850110
vn 0.045000 0.242502 -0.969107
vn 0.411210 0.182805 -0.893022
vn 0.006800 0.316790 0.948471
vn 0.351722 0.048303 0.934858
vn 0.105804 -0.133105 0.985438
vn -0.228307 0.184605 0.955927
vn -0.648886 -0.461190 -0.605187
vn -0.551790 -0.472692 -0.687088
vn -0.588010 -0.393807 -0.706513
vn -0.632215 -0.332508 -0.699816
vn 0.629334 0.614433 -0.475826
vn 0.681479 0.684779 -0.258192
vn 0.496526 0.815443 -0.297516
vn 0.441189 0.741781 -0.505087
vn 0.003500 -0.425077 -0.905151
vn 0.298698 -0.373098 -0.878395
vn 0.257798 -0.353797 -0.899093
vn -0.024300 -0.396999 -0.917497
vn 0.298698 -0.373098 -0.878395
vn 0.571894 -0.285097 -0.769192
vn 0.535686 -0.275593 -0.798179
vn 0.257798 -0.353797 -0.899093
vn -0.895768 -0.367087 -0.250691
vn -0.893607 -0.287002 -0.345103
vn -0.915524 -0.336509 -0.220406
vn -0.905791 -0.400796 -0.137499
vn -0.841882 -0.379292 -0.383892
vn -0.821153 -0.278984 -0.497871
vn -0.893607 -0.287002 -0.345103
vn -0.895768 -0.367087 -0.250691
vn 0.810937 -0.454021 0.369117
vn 0.817396 -0.359798 0.449898
vn 0.950288 -0.142798 0.276697
vn 0.941386 -0.206297 0.266896
vn -0.648886 -0.461190 -0.605187
vn -0.632215 -0.332508 -0.699816
vn -0.712503 -0.307701 -0.630603
vn -0.764990 -0.428294 -0.480994
vn -0.881462 0.351685 0.315186
vn -0.897730 0.292410 0.329511
vn -0.910791 0.327197 0.251797
vn -0.897819 0.360008 0.253605
vn -0.984765 0.163394 -0.059498
vn -0.965790 0.255497 0.044400
vn -0.885101 0.398200 -0.240900
vn -0.901594 0.274298 -0.334498
vn 0.279389 -0.798470 0.533280
vn -0.045701 -0.577913 0.814818
vn -0.116901 -0.398002 0.909906
vn -0.045101 -0.614907 0.787309
vn 0.725511 0.688110 -0.011800
vn 0.723103 0.690703 -0.007200
vn 0.754108 0.655207 -0.045000
vn 0.754961 0.655766 0.002000
vn -0.927677 -0.312992 -0.203595
vn -0.800972 -0.364987 -0.474583
vn -0.791340 -0.409221 -0.454223
vn -0.915227 -0.349510 -0.200506
vn -0.830070 0.144995 -0.538480
vn -0.917194 0.205599 -0.341298
vn -0.888029 0.157105 -0.432114
vn -0.784293 0.070299 -0.616395
vn 0.360602 0.901605 0.238901
vn 0.426187 0.884373 0.190394
vn 0.572695 0.801693 0.171199
vn 0.566912 0.803917 0.179804
vn -0.587793 0.137798 -0.797190
vn -0.319506 0.086602 -0.943619
vn -0.320011 0.146405 -0.936033
vn -0.574097 0.232799 -0.784995
vn 0.654617 0.007900 0.755919
vn 0.799506 0.038800 0.599404
vn 0.694613 -0.246005 0.676013
vn 0.478193 -0.223697 0.849288
vn -0.311496 0.784790 0.535793
vn -0.530727 0.682935 0.501925
vn -0.673202 0.656502 0.340301
vn -0.485708 0.766713 0.419807
vn 0.587490 0.653489 -0.477292
vn 0.803680 0.492288 -0.334292
vn 0.811294 0.383597 -0.441197
vn 0.595088 0.518190 -0.614288
vn -0.791340 -0.409221 -0.454223
vn -0.800972 -0.364987 -0.474583
vn -0.620588 -0.383092 -0.684186
vn -0.598607 -0.435205 -0.672508
vn -0.943557 0.255888 0.210290
vn -0.931883 0.294295 0.212096
vn -0.885815 0.375306 0.272905
vn -0.872441 0.385718 0.300114
vn -0.885101 0.398200 -0.240900
vn -0.878489 0.442395 -0.180398
vn -0.739125 0.571919 -0.355812
vn -0.741965 0.490477 -0.457078
vn -0.934285 0.289995 0.207397
vn -0.897819 0.360008 0.253605
vn -0.910791 0.327197 0.251797
vn -0.930075 0.308292 0.199795
vn -0.809895 0.426597 0.402598
vn -0.803331 0.133305 0.580422
vn -0.966400 0.109400 0.232600
vn -0.941994 0.229398 0.244998
vn -0.966400 0.109400 0.232600
vn -0.998678 0.034299 -0.038299
vn -0.997456 0.035698 0.061697
vn -0.941994 0.229398 0.244998
vn -0.053999 0.913478 -0.403290
vn 0.195597 0.862086 -0.467493
vn 0.340695 0.838988 -0.424294
vn 0.109099 0.911094 -0.397498
vn 0.651176 0.532980 0.540280
vn 0.747271 0.544179 0.381385
vn 0.799195 0.453497 0.394497
vn 0.719298 0.408099 0.562198
vn -0.999574 0.028799 -0.004700
vn -0.963870 0.098497 -0.247492
vn -0.982626 0.044001 -0.180305
vn -0.991962 0.044398 0.118495
vn -0.825190 0.416195 -0.381895
vn -0.918575 0.393789 -0.033899
vn -0.984831 0.092503 -0.146805
vn -0.881997 0.071500 -0.465799
vn -0.949440 0.312313 0.032001
vn -0.968168 0.250292 0.002300
vn -0.978985 0.092399 0.181797
vn -0.968601 0.118800 0.218400
vn 0.941315 0.264404 0.209803
vn 0.904176 0.372990 0.208194
vn 0.932894 0.291798 0.211099
vn 0.945891 0.247198 0.210198
vn 0.982630 0.043901 -0.180306
vn 0.963880 0.098398 -0.247495
vn 0.999575 0.028799 -0.004600
vn 0.991950 0.044398 0.118594
vn -0.930202 0.332201 0.156100
vn -0.893317 0.262905 0.364507
vn -0.816194 0.382997 0.432597
vn -0.900870 0.365688 0.233892
vn 0.790578 -0.045299 -0.610683
vn 0.931767 -0.071797 -0.355887
vn 0.942915 0.079501 -0.323405
vn 0.811256 0.093495 -0.577168
vn -0.917798 -0.196700 -0.344899
vn -0.891516 -0.271105 -0.362907
vn -0.769063 -0.253688 -0.586672
vn -0.789568 -0.226891 -0.570177
vn 0.566202 0.791002 0.231801
vn 0.605493 0.776191 0.175798
vn 0.784072 0.605878 0.134695
vn 0.720735 0.653232 0.232011
vn -0.999794 -0.018300 -0.008800
vn -0.955341 -0.107105 0.275412
vn -0.963501 -0.126000 0.236200
vn -0.997706 -0.026500 -0.062300
vn 0.836879 -0.209795 0.505588
vn 0.874334 -0.079203 0.478819
vn 0.981993 -0.058300 0.179699
vn 0.963097 -0.080300 0.256899
vn 0.386203 0.891207 0.237902
vn 0.392898 0.890997 0.227499
vn 0.454392 0.865184 0.212096
vn 0.438213 0.867525 0.235307
vn 0.793539 -0.067803 -0.604730
vn 0.891889 0.233697 -0.387195
vn 0.805835 0.193809 -0.559525
vn 0.764498 -0.165200 -0.623098
vn -0.955189 0.086099 0.283197
vn -0.965514 0.259604 0.019700
vn -0.991738 0.124605 -0.030501
vn -0.965589 -0.037200 0.257397
vn -0.978985 0.092399 0.181797
vn -0.896566 -0.143895 0.418884
vn -0.902290 -0.117199 0.414895
vn -0.968601 0.118800 0.218400
vn -0.948451 0.140893 0.283885
vn -0.949264 0.312988 0.030599
vn -0.965514 0.259604 0.019700
vn -0.955189 0.086099 0.283197
vn -0.990428 -0.016800 0.137004
vn -0.872445 -0.194888 0.448172
vn -0.896566 -0.143895 0.418884
vn -0.978985 0.092399 0.181797
vn 0.752705 -0.460603 -0.470403
vn 0.795792 -0.232898 -0.558994
vn 0.816003 -0.250601 -0.520902
vn 0.789727 -0.463116 -0.402314
vn 0.600589 -0.212196 -0.770886
vn 0.750870 -0.280389 -0.597976
vn 0.824615 -0.182903 -0.535310
vn 0.670201 -0.163700 -0.723901
vn 0.676879 -0.395088 -0.621081
vn 0.764498 -0.165200 -0.623098
vn 0.795792 -0.232898 -0.558994
vn 0.752705 -0.460603 -0.470403
vn -0.955341 -0.107105 0.275412
vn -0.965527 -0.141004 0.218806
vn -0.826107 -0.154201 0.542005
vn -0.837727 -0.186606 0.513217
vn 0.791028 0.287310 -0.540119
vn 0.825221 0.416211 -0.381810
vn 0.717111 0.618009 -0.322205
vn 0.673398 0.521398 -0.524098
vn 0.519586 -0.078798 -0.850777
vn 0.280688 -0.108395 -0.953659
vn 0.304688 -0.227991 -0.924762
vn 0.551593 -0.130198 -0.823889
vn 0.882039 0.071503 -0.465720
vn 0.825221 0.416211 -0.381810
vn 0.791028 0.287310 -0.540119
vn 0.833122 -0.061002 -0.549715
vn -0.942301 -0.234000 0.239400
vn -0.933181 -0.260995 0.247095
vn -0.847516 -0.112502 0.518710
vn -0.836039 -0.104505 0.538625
vn 0.894881 -0.436991 0.090698
vn 0.873891 -0.457695 0.163798
vn 0.839692 -0.526195 -0.134299
vn 0.845313 -0.496107 -0.198303
vn 0.899132 0.387014 -0.204407
vn 0.965514 0.259604 0.019700
vn 0.991741 0.124605 -0.030401
vn 0.942530 0.227607 -0.244608
vn 0.824615 -0.182903 -0.535310
vn 0.750870 -0.280389 -0.597976
vn 0.906308 -0.320303 -0.275702
vn 0.956592 -0.194198 -0.217298
vn 0.941971 0.229393 0.245092
vn 0.809795 0.426598 0.402798
vn 0.795780 0.604485 0.036499
vn 0.918578 0.393791 -0.033799
vn 0.750870 -0.280389 -0.597976
vn 0.642299 -0.310600 -0.700699
vn 0.851447 -0.331818 -0.406122
vn 0.906308 -0.320303 -0.275702
vn 0.429817 0.890636 -0.148406
vn 0.160210 0.914456 -0.371623
vn 0.427904 0.734206 -0.527105
vn 0.693498 0.696698 -0.183500
vn 0.760432 0.621426 0.188608
vn 0.814320 0.314208 0.488012
vn 0.786215 0.578711 0.216704
vn 0.629596 0.775595 -0.045400
vn 0.305002 -0.219101 -0.926806
vn 0.304688 -0.227991 -0.924762
vn 0.000900 -0.340900 -0.940099
vn 0.043201 -0.304509 -0.951529
vn 0.984848 0.092495 -0.146692
vn 0.918578 0.393791 -0.033799
vn 0.825221 0.416211 -0.381810
vn 0.882039 0.071503 -0.465720
vn 0.942915 0.079501 -0.323405
vn 0.997619 0.058701 -0.036201
vn 0.991925 0.124003 -0.026601
vn 0.940186 0.140598 -0.310295
vn 0.790578 -0.045299 -0.610683
vn 0.732298 -0.192200 -0.653298
vn 0.888577 -0.241694 -0.389890
vn 0.931767 -0.071797 -0.355887
vn -0.570587 -0.208295 -0.794382
vn -0.336685 -0.066597 -0.939259
vn -0.402219 -0.113005 -0.908543
vn -0.614830 -0.245312 -0.749537
vn -0.891793 0.011500 0.452297
vn -0.881399 -0.058800 0.468699
vn -0.881597 -0.059800 0.468199
vn -0.890207 -0.006900 0.455504
vn 0.643218 0.491014 -0.587517
vn 0.726716 0.675115 -0.126903
vn 0.712265 0.589971 -0.380281
vn 0.575695 0.415896 -0.703993
vn -0.881399 -0.058800 0.468699
vn -0.880198 -0.097900 0.464399
vn -0.878872 -0.094097 0.467685
vn -0.881597 -0.059800 0.468199
vn -0.582618 -0.242507 -0.775723
vn -0.678186 -0.253495 -0.689786
vn -0.361102 -0.186901 -0.913605
vn -0.214011 -0.200910 -0.955947
vn 0.458185 0.077498 0.885472
vn 0.654617 0.007900 0.755919
vn 0.478193 -0.223697 0.849288
vn 0.195793 -0.027399 0.980263
vn 0.900374 0.150696 -0.408188
vn 0.989046 0.052102 -0.138106
vn 0.983075 -0.038099 -0.179196
vn 0.887838 0.047302 -0.457719
vn -0.937468 0.107396 0.331089
vn -0.940816 0.064601 0.332705
vn -0.947875 0.103997 0.301192
vn -0.945835 0.122104 0.300811
vn -0.922425 0.089302 0.375710
vn -0.921976 0.034699 0.385690
vn -0.940816 0.064601 0.332705
vn -0.937468 0.107396 0.331089
vn 0.991741 0.124605 -0.030401
vn 0.965514 0.259604 0.019700
vn 0.955162 0.086097 0.283289
vn 0.965565 -0.037199 0.257491
vn -0.905912 0.070801 0.417506
vn -0.900996 0.035200 0.432398
vn -0.921976 0.034699 0.385690
vn -0.922425 0.089302 0.375710
vn 0.965514 0.259604 0.019700
vn 0.949251 0.313017 0.030702
vn 0.948440 0.140906 0.283912
vn 0.955162 0.086097 0.283289
vn -0.971433 0.001400 -0.237308
vn -0.982663 0.030999 -0.182793
vn -0.877896 0.090100 -0.470298
vn -0.857602 0.035300 -0.513101
vn -0.821722 -0.236906 -0.518314
vn -0.678186 -0.253495 -0.689786
vn -0.582618 -0.242507 -0.775723
vn -0.764494 -0.197298 -0.613695
vn -0.982663 0.030999 -0.182793
vn -0.987739 0.044602 -0.149606
vn -0.893926 0.112703 -0.433813
vn -0.877896 0.090100 -0.470298
vn -0.907610 -0.136501 -0.397004
vn -0.779590 -0.146598 -0.608892
vn -0.678186 -0.253495 -0.689786
vn -0.821722 -0.236906 -0.518314
vn 0.405898 -0.267498 -0.873895
vn 0.659126 -0.164907 -0.733729
vn 0.617200 -0.248900 -0.746400
vn 0.353504 -0.347204 -0.868610
vn 0.684080 0.647881 0.335090
vn 0.664048 0.574055 0.479063
vn 0.882261 0.357584 0.306186
vn 0.896740 0.418919 0.142706
vn 0.065101 -0.205402 0.976510
vn 0.377907 -0.180303 0.908117
vn 0.185604 -0.078002 0.979524
vn -0.072700 0.036000 0.996704
vn -0.941630 -0.242408 0.233607
vn -0.813324 -0.498315 0.300309
vn -0.827171 -0.511782 0.232092
vn -0.953930 -0.232607 0.189506
vn 0.814573 -0.061598 0.576781
vn 0.822786 -0.094798 0.560390
vn 0.827516 0.005900 0.561411
vn 0.832910 0.018300 0.553106
vn 0.499497 0.696695 0.514897
vn 0.664048 0.574055 0.479063
vn 0.684080 0.647881 0.335090
vn 0.471824 0.778440 0.414021
vn 0.667897 0.692297 -0.273199
vn 0.865324 0.474513 -0.161405
vn 0.867318 0.458009 -0.194904
vn 0.682179 0.680579 -0.267292
vn 0.545607 0.469306 0.694309
vn 0.690872 0.267489 0.671673
vn 0.635810 0.411806 0.652810
vn 0.477618 0.559321 0.677526
vn 0.640702 0.716003 -0.277201
vn 0.837101 0.536201 -0.108400
vn 0.865324 0.474513 -0.161405
vn 0.667897 0.692297 -0.273199
vn 0.678486 0.241495 0.693785
vn 0.753645 0.050503 0.655339
vn 0.690872 0.267489 0.671673
vn 0.545607 0.469306 0.694309
vn -0.619092 0.031400 -0.784690
vn -0.375884 0.049198 -0.925360
vn -0.332411 -0.086803 -0.939132
vn -0.599617 -0.096703 -0.794423
vn -0.703564 -0.096395 -0.704064
vn -0.541473 -0.042198 -0.839658
vn -0.511274 0.033698 -0.858757
vn -0.689606 -0.020100 -0.723906
vn 0.827516 0.005900 0.561411
vn 0.794608 0.082401 0.601506
vn 0.834981 0.100698 0.540987
vn 0.832910 0.018300 0.553106
vn -0.730096 -0.154299 -0.665696
vn -0.560692 -0.142398 -0.815688
vn -0.541473 -0.042198 -0.839658
vn -0.703564 -0.096395 -0.704064
vn 0.865324 0.474513 -0.161405
vn 0.963365 0.262090 -0.056898
vn 0.971929 0.208606 -0.108803
vn 0.867318 0.458009 -0.194904
vn -0.762001 -0.151100 -0.629701
vn -0.573305 -0.159301 -0.803707
vn -0.560692 -0.142398 -0.815688
vn -0.730096 -0.154299 -0.665696
vn -0.915493 0.138899 0.377597
vn -0.919045 0.121006 0.375118
vn -0.921693 0.137599 0.362697
vn -0.919949 0.146892 0.363480
vn -0.793606 -0.097901 -0.600504
vn -0.599617 -0.096703 -0.794423
vn -0.573305 -0.159301 -0.803707
vn -0.762001 -0.151100 -0.629701
vn 0.534504 -0.138101 -0.833807
vn 0.630986 -0.205495 -0.748083
vn 0.408993 0.074599 -0.909483
vn 0.275688 0.027399 -0.960857
vn -0.833783 0.154997 0.529889
vn -0.830029 0.123304 0.543919
vn -0.868371 0.086097 0.488384
vn -0.864340 0.140707 0.482823
vn -0.864340 0.140707 0.482823
vn -0.868371 0.086097 0.488384
vn -0.904452 0.090895 0.416778
vn -0.896923 0.133003 0.421711
vn -0.821208 0.074801 0.565705
vn -0.820853 0.057197 0.568268
vn -0.830029 0.123304 0.543919
vn -0.833783 0.154997 0.529889
vn 0.640508 0.763710 0.080601
vn 0.681003 0.616803 0.394702
vn 0.652808 0.730808 0.199402
vn 0.581263 0.803949 -0.125692
vn 0.224100 -0.083300 0.971000
vn 0.347077 -0.247683 0.904539
vn 0.552572 -0.328583 0.765961
vn 0.382812 -0.293609 0.875927
vn -0.808832 -0.055402 0.585424
vn -0.803925 -0.119904 0.582518
vn -0.802273 -0.116496 0.585480
vn -0.809014 -0.057101 0.585010
vn -0.543771 0.025199 -0.838855
vn -0.302694 0.019800 -0.952882
vn -0.292790 0.031199 -0.955668
vn -0.546876 -0.097096 -0.831564
vn -0.846500 -0.323800 -0.422600
vn -0.800406 -0.096101 -0.591705
vn -0.843990 0.059099 -0.533094
vn -0.957531 -0.096203 -0.271809
vn -0.583908 0.013300 -0.811711
vn -0.378196 0.008100 -0.925690
vn -0.302694 0.019800 -0.952882
vn -0.543771 0.025199 -0.838855
vn 0.187309 0.269714 -0.944547
vn 0.198000 0.103700 -0.974701
vn 0.469216 0.144805 -0.871130
vn 0.460702 0.301701 -0.834704
vn -0.813458 0.063297 -0.578170
vn -0.532791 0.245396 -0.809886
vn -0.660197 0.196999 -0.724797
vn -0.861928 0.166205 -0.479016
vn 0.900957 0.035198 0.432479
vn 0.890207 -0.006900 0.455504
vn 0.891793 0.011500 0.452297
vn 0.905874 0.070798 0.417588
vn -0.962372 0.241693 0.124196
vn -0.983708 0.174001 0.045200
vn -0.975930 -0.092903 0.197306
vn -0.947111 0.001200 0.320904
vn -0.988592 0.030500 0.147499
vn -0.988170 0.045699 0.146396
vn -0.941411 -0.206303 0.266803
vn -0.941630 -0.242408 0.233607
vn 0.900242 0.346516 0.263612
vn 0.828869 0.144795 0.540380
vn 0.877894 0.201499 0.434397
vn 0.914686 0.367595 0.167997
vn -0.978996 -0.125599 0.160599
vn -0.891066 -0.384985 0.240391
vn -0.892031 -0.324111 0.315011
vn -0.975930 -0.092903 0.197306
vn 0.877888 0.090199 -0.470294
vn 0.857675 0.035199 -0.512985
vn 0.685909 0.061201 -0.725109
vn 0.715414 0.131503 -0.686214
vn 0.023600 0.186803 0.982114
vn -0.071302 0.306709 0.949129
vn -0.300609 0.184006 0.935829
vn -0.180100 -0.009700 0.983600
vn -0.302694 0.019800 -0.952882
vn -0.378196 0.008100 -0.925690
vn -0.032699 0.027899 -0.999076
vn 0.019200 0.025200 -0.999498
vn 0.857675 0.035199 -0.512985
vn 0.829515 -0.025300 -0.557910
vn 0.641929 -0.028501 -0.766234
vn 0.685909 0.061201 -0.725109
vn 0.987754 0.044602 -0.149508
vn 0.893926 0.112703 -0.433813
vn 0.905006 0.115201 -0.409503
vn 0.990883 0.054299 -0.123298
vn 0.829317 0.306206 0.467409
vn 0.772148 0.387224 0.503831
vn 0.782697 0.368899 0.501298
vn 0.822079 0.328592 0.464988
vn 0.982681 0.030999 -0.182696
vn 0.877888 0.090199 -0.470294
vn 0.893926 0.112703 -0.433813
vn 0.987754 0.044602 -0.149508
vn -0.882235 -0.318513 -0.346714
vn -0.863318 -0.310406 -0.397908
vn -0.678015 -0.316507 -0.663415
vn -0.700116 -0.357108 -0.618314
vn 0.971462 0.001400 -0.237191
vn 0.857675 0.035199 -0.512985
vn 0.877888 0.090199 -0.470294
vn 0.982681 0.030999 -0.182696
vn 0.379880 0.748261 0.543872
vn 0.433080 0.752365 0.496377
vn 0.538415 0.698820 0.470913
vn 0.461197 0.683996 0.565196
vn 0.425001 0.904802 0.026600
vn 0.152897 0.981481 -0.115398
vn 0.238594 0.961775 -0.134396
vn 0.491394 0.869489 0.050199
vn 0.192902 0.082901 -0.977710
vn 0.541519 -0.042201 -0.839629
vn 0.511316 0.033801 -0.858728
vn 0.134504 0.139604 -0.981030
vn 0.541519 -0.042201 -0.839629
vn 0.560692 -0.142398 -0.815688
vn 0.730191 -0.154298 -0.665592
vn 0.703613 -0.096402 -0.704013
vn -0.513396 0.033600 0.857494
vn -0.249687 -0.322483 0.913051
vn -0.551203 -0.373702 0.746004
vn -0.741017 0.022301 0.671116
vn 0.886524 0.279908 0.368410
vn 0.881412 0.351705 0.315304
vn 0.897700 0.292400 0.329600
vn 0.898193 0.213098 0.384497
vn 0.797998 0.295399 -0.525299
vn 0.720281 0.448388 -0.529286
vn 0.577791 0.439593 -0.687689
vn 0.637784 0.280093 -0.717482
vn 0.934238 0.289712 0.208008
vn 0.930014 0.308405 0.199903
vn 0.910791 0.327197 0.251797
vn 0.897829 0.359911 0.253708
vn -0.030600 -0.091702 -0.995316
vn -0.043201 -0.304509 -0.951529
vn -0.304911 -0.219108 -0.926834
vn -0.297289 -0.058998 -0.952963
vn 0.943526 0.255907 0.210406
vn 0.872415 0.385707 0.300205
vn 0.885791 0.375296 0.272997
vn 0.931863 0.294288 0.212192
vn 0.635265 0.216388 -0.741360
vn 0.835869 0.160694 -0.524881
vn 0.831928 0.119704 -0.541818
vn 0.634827 0.165907 -0.754632
vn 0.211204 -0.100902 -0.972220
vn 0.560692 -0.142398 -0.815688
vn 0.541519 -0.042201 -0.839629
vn 0.192902 0.082901 -0.977710
vn -0.224195 -0.083298 0.970978
vn -0.020200 0.020500 0.999586
vn -0.236202 -0.191201 0.952707
vn -0.382897 -0.293598 0.875894
vn 0.264903 -0.158202 -0.951209
vn 0.573372 -0.159292 -0.803661
vn 0.560692 -0.142398 -0.815688
vn 0.211204 -0.100902 -0.972220
vn 0.452884 0.224392 -0.862870
vn 0.843995 0.059000 -0.533097
vn 0.547477 0.230790 -0.804366
vn -0.022200 0.262096 -0.964786
vn 0.332500 -0.086800 -0.939100
vn 0.599681 -0.096697 -0.794375
vn 0.573372 -0.159292 -0.803661
vn 0.264903 -0.158202 -0.951209
vn 0.843995 0.059000 -0.533097
vn 0.957565 -0.096196 -0.271690
vn 0.910138 0.084404 -0.405617
vn 0.547477 0.230790 -0.804366
vn -0.654992 -0.309396 0.689391
vn -0.681728 -0.315613 0.660027
vn -0.432215 -0.308310 0.847429
vn -0.418510 -0.282007 0.863320
vn 0.831299 -0.011800 -0.555700
vn 0.797998 0.295399 -0.525299
vn 0.637784 0.280093 -0.717482
vn 0.646871 0.018899 -0.762366
vn -0.810288 0.066099 -0.582292
vn -0.612225 0.103104 -0.783932
vn -0.595880 -0.021999 -0.802772
vn -0.795324 -0.060902 -0.603118
vn -0.542235 0.520434 -0.659643
vn -0.539020 0.475518 -0.695226
vn -0.762268 0.361985 -0.536577
vn -0.766437 0.403919 -0.499424
vn -0.992793 0.062100 0.102499
vn -0.998281 0.054199 0.022300
vn -0.963121 -0.080302 0.256806
vn -0.950314 -0.142802 0.276604
vn 0.599596 0.209499 -0.772395
vn 0.600299 0.345499 -0.721299
vn 0.814383 0.246895 -0.525189
vn 0.811512 0.147902 -0.565308
vn 0.612305 0.363303 -0.702206
vn 0.800490 -0.096099 -0.591592
vn 0.843995 0.059000 -0.533097
vn 0.452884 0.224392 -0.862870
vn 0.800490 -0.096099 -0.591592
vn 0.846536 -0.323814 -0.422518
vn 0.957565 -0.096196 -0.271690
vn 0.843995 0.059000 -0.533097
vn 0.302785 0.019899 -0.952851
vn 0.378317 0.008100 -0.925641
vn 0.584021 0.013300 -0.811630
vn 0.543817 0.025201 -0.838826
vn 0.660289 0.197097 -0.724687
vn 0.532791 0.245396 -0.809886
vn 0.813505 0.063300 -0.578103
vn 0.861995 0.166199 -0.478897
vn 0.665270 -0.028299 -0.746066
vn 0.550886 -0.059198 -0.832479
vn 0.769287 -0.262495 -0.582490
vn 0.848382 -0.384392 -0.363992
vn 0.965227 0.232907 0.118703
vn 0.877626 0.476814 -0.049201
vn 0.890064 0.453281 -0.048198
vn 0.975722 0.201804 0.085102
vn 0.550886 -0.059198 -0.832479
vn 0.520302 -0.063700 -0.851603
vn 0.740614 -0.195004 -0.643012
vn 0.769287 -0.262495 -0.582490
vn -0.942968 0.315489 -0.106196
vn -0.891827 0.408712 -0.193906
vn -0.930202 0.332201 0.156100
vn -0.900870 0.365688 0.233892
vn -0.533388 0.334592 -0.776882
vn -0.760755 0.231986 -0.606164
vn -0.762268 0.361985 -0.536577
vn -0.539020 0.475518 -0.695226
vn -0.045701 -0.577913 0.814818
vn -0.540514 0.039201 0.840421
vn -0.305101 0.116200 0.945204
vn -0.116901 -0.398002 0.909906
vn -0.915227 -0.349510 -0.200506
vn -0.791340 -0.409221 -0.454223
vn -0.805168 -0.387685 -0.448782
vn -0.917505 -0.352602 -0.184001
vn 0.914686 0.367595 0.167997
vn 0.877894 0.201499 0.434397
vn 0.894894 0.093399 0.436397
vn 0.872329 0.392213 0.291910
vn 0.032699 0.027899 -0.999076
vn 0.378317 0.008100 -0.925641
vn 0.302785 0.019899 -0.952851
vn -0.019100 0.025200 -0.999500
vn 0.575695 0.415896 -0.703993
vn 0.712265 0.589971 -0.380281
vn 0.735799 0.447699 -0.508099
vn 0.592494 0.294297 -0.749893
vn 0.088903 0.958434 -0.271110
vn 0.178508 0.937340 -0.299213
vn 0.316905 0.868214 -0.381806
vn 0.214400 0.883399 -0.416700
vn -0.378517 -0.326915 -0.865940
vn -0.324096 -0.424594 -0.845389
vn -0.564598 -0.465899 -0.681298
vn -0.617923 -0.354813 -0.701626
vn -0.212386 -0.859744 0.464470
vn -0.117000 -0.892699 0.435200
vn -0.049397 -0.699563 0.712862
vn -0.333204 -0.618307 0.711808
vn -0.199405 -0.646815 0.736117
vn 0.006800 -0.874057 0.485776
vn -0.266813 -0.546326 0.793938
vn -0.278398 -0.271498 0.921294
vn -0.064700 -0.351100 -0.934100
vn -0.109697 -0.329190 -0.937870
vn -0.346585 -0.412882 -0.842263
vn -0.324096 -0.424594 -0.845389
vn 0.277598 -0.115799 0.953693
vn 0.130701 0.239702 0.962008
vn 0.416087 0.360589 0.834774
vn 0.278509 -0.271608 0.921228
vn 0.557267 -0.094394 0.824951
vn 0.338913 -0.071003 0.938135
vn 0.277598 -0.115799 0.953693
vn 0.404085 -0.340788 0.848869
vn 0.829984 0.123298 0.543989
vn 0.820816 0.057301 0.568311
vn 0.821129 0.074803 0.565820
vn 0.833708 0.155001 0.530005
vn -0.958382 -0.161097 0.235695
vn -0.911025 -0.303808 0.278808
vn -0.990243 -0.072003 0.119305
vn -0.985904 0.167301 -0.002100
vn -0.682179 0.680579 -0.267292
vn -0.696089 0.669690 -0.258796
vn -0.876665 0.440783 -0.192792
vn -0.867301 0.458000 -0.195000
vn 0.138705 -0.960935 0.239509
vn -0.093299 -0.812394 0.575596
vn -0.266813 -0.546326 0.793938
vn 0.006800 -0.874057 0.485776
vn 0.611629 -0.132106 0.780037
vn 0.401299 -0.072200 0.913097
vn 0.338913 -0.071003 0.938135
vn 0.557267 -0.094394 0.824951
vn 0.455497 -0.256798 0.852395
vn 0.218792 0.003700 0.975765
vn 0.363400 -0.061500 0.929601
vn 0.573282 -0.246892 0.781276
vn 0.921693 0.137599 0.362697
vn 0.919022 0.120903 0.375209
vn 0.915493 0.138899 0.377597
vn 0.919900 0.146900 0.363600
vn 0.075999 0.192298 0.978389
vn 0.402316 0.112705 0.908537
vn 0.307086 -0.007100 0.951655
vn -0.045599 0.218494 0.974772
vn -0.246304 -0.306306 -0.919517
vn -0.184400 -0.416799 -0.890098
vn 0.097999 -0.235199 -0.966994
vn -0.063000 -0.003600 -0.998007
vn -0.377993 -0.180297 0.908083
vn -0.470784 -0.180094 0.863671
vn -0.209391 -0.287988 0.934461
vn -0.065200 -0.205401 0.976504
vn 0.815218 0.549012 0.184404
vn 0.693498 0.696698 -0.183500
vn 0.900322 0.418810 -0.118403
vn 0.916304 0.272801 0.293201
vn -0.373305 -0.518907 -0.769011
vn -0.395080 -0.521373 -0.756361
vn -0.163505 -0.499016 -0.851028
vn -0.184400 -0.416799 -0.890098
vn 0.860468 0.310988 0.403585
vn 0.820807 0.457804 0.341603
vn 0.793934 0.200409 0.574025
vn 0.802997 0.030600 0.595197
vn -0.534713 0.162204 -0.829320
vn -0.610811 0.332206 -0.718713
vn -0.766826 0.314511 -0.559519
vn -0.759108 0.100201 -0.643207
vn -0.395080 -0.521373 -0.756361
vn -0.445408 -0.462509 -0.766614
vn -0.182393 -0.495282 -0.849369
vn -0.163505 -0.499016 -0.851028
vn -0.675892 0.731692 0.088299
vn -0.572705 0.801707 0.171101
vn -0.566922 0.803931 0.179707
vn -0.687021 0.724522 0.055402
vn -0.178195 0.585184 -0.791079
vn 0.104197 0.586283 -0.803377
vn 0.138399 0.488195 -0.861691
vn -0.139901 0.520204 -0.842506
vn -0.572705 0.801707 0.171101
vn -0.426187 0.884373 0.190394
vn -0.360602 0.901605 0.238901
vn -0.566922 0.803931 0.179707
vn -0.170098 0.982391 0.077299
vn -0.099899 0.994990 -0.004000
vn -0.221002 0.964509 0.144501
vn -0.297812 0.940639 0.162807
vn -0.426187 0.884373 0.190394
vn -0.297812 0.940639 0.162807
vn -0.221002 0.964509 0.144501
vn -0.360602 0.901605 0.238901
vn -0.227697 -0.759791 -0.608993
vn -0.263598 -0.735795 -0.623796
vn -0.108099 -0.584594 -0.804092
vn -0.075102 -0.606117 -0.791822
vn 0.178496 0.742883 -0.645185
vn 0.494013 0.663817 -0.561514
vn 0.360412 0.676122 -0.642621
vn 0.054601 0.734408 -0.676508
vn -0.064503 0.990639 -0.120305
vn -0.062197 0.987150 -0.147193
vn -0.052102 0.987837 -0.146505
vn -0.050502 0.988947 -0.139407
vn -0.232102 0.965810 0.115501
vn -0.071699 0.989385 0.126398
vn 0.003600 0.990592 0.136799
vn -0.191200 0.966998 0.168400
vn -0.366100 -0.653400 -0.662600
vn -0.516989 -0.487390 -0.703685
vn -0.342585 -0.358584 -0.868362
vn -0.204407 -0.512619 -0.833930
vn -0.139901 0.520204 -0.842506
vn 0.138399 0.488195 -0.861691
vn 0.165502 0.323304 -0.931710
vn -0.129701 0.376704 -0.917209
vn 0.292194 0.955879 0.030299
vn 0.383393 0.923384 -0.019300
vn 0.398811 0.917025 -0.003900
vn 0.335998 0.941495 0.026300
vn -0.715293 0.644894 -0.269197
vn -0.663307 0.705707 -0.249002
vn -0.673800 0.705900 -0.218400
vn -0.739686 0.638788 -0.211696
vn -0.663307 0.705707 -0.249002
vn -0.629577 0.756673 -0.176294
vn -0.632983 0.749980 -0.191995
vn -0.673800 0.705900 -0.218400
vn -0.031801 0.045802 -0.998444
vn 0.061700 0.109200 -0.992103
vn 0.308101 0.056000 -0.949704
vn 0.239106 -0.022901 -0.970724
vn 0.872124 0.377310 0.311508
vn 0.822014 0.511509 0.250304
vn 0.830702 0.265001 0.489601
vn 0.851011 0.103701 0.514807
vn 0.061700 0.109200 -0.992103
vn 0.134998 0.191897 -0.972086
vn 0.383605 0.136102 -0.913413
vn 0.308101 0.056000 -0.949704
vn -0.416794 0.906787 0.063399
vn -0.232102 0.965810 0.115501
vn -0.191200 0.966998 0.168400
vn -0.409985 0.909167 0.072997
vn 0.134998 0.191897 -0.972086
vn 0.165502 0.323304 -0.931710
vn 0.429491 0.248595 -0.868181
vn 0.383605 0.136102 -0.913413
vn 0.127798 0.986385 0.103498
vn 0.209194 0.975771 0.064098
vn 0.003600 0.990592 0.136799
vn -0.071699 0.989385 0.126398
vn 0.165502 0.323304 -0.931710
vn 0.138399 0.488195 -0.861691
vn 0.425493 0.415793 -0.803786
vn 0.429491 0.248595 -0.868181
vn -0.478318 -0.295911 -0.826831
vn -0.507026 -0.357619 -0.784241
vn -0.700116 -0.357108 -0.618314
vn -0.678015 -0.316507 -0.663415
vn 0.138399 0.488195 -0.861691
vn 0.104197 0.586283 -0.803377
vn 0.392700 0.537700 -0.746100
vn 0.425493 0.415793 -0.803786
vn -0.837092 0.536195 -0.108499
vn -0.790595 0.604496 -0.097699
vn -0.606082 0.734978 -0.304091
vn -0.640702 0.716003 -0.277201
vn 0.104197 0.586283 -0.803377
vn 0.093298 0.612190 -0.785187
vn 0.378605 0.572307 -0.727409
vn 0.392700 0.537700 -0.746100
vn -0.286615 0.658636 -0.695738
vn -0.203088 0.724058 -0.659162
vn 0.054601 0.734408 -0.676508
vn -0.008100 0.681900 -0.731400
vn -0.319595 0.162098 -0.933586
vn -0.075400 0.270001 -0.959903
vn -0.064501 0.395704 -0.916110
vn -0.310812 0.317612 -0.895834
vn 0.087397 0.151596 0.984571
vn 0.332593 0.242795 0.911281
vn 0.402316 0.112705 0.908537
vn 0.075999 0.192298 0.978389
vn -0.722422 0.686221 -0.084903
vn -0.645795 0.763095 -0.025200
vn -0.651087 0.758984 0.005400
vn -0.738004 0.674303 -0.025800
vn 0.163796 -0.974777 0.151596
vn 0.117005 -0.892738 0.435119
vn -0.093299 -0.812394 0.575596
vn 0.138705 -0.960935 0.239509
vn -0.563210 0.821615 0.088002
vn -0.545101 0.826102 0.142900
vn -0.551796 0.824694 0.124099
vn -0.567413 0.819519 0.080202
vn -0.660791 0.749090 0.047099
vn -0.780806 0.615905 -0.104901
vn -0.764961 0.641867 -0.053297
vn -0.655980 0.752577 0.057598
vn -0.780806 0.615905 -0.104901
vn -0.840392 0.476795 -0.257697
vn -0.828408 0.530005 -0.181202
vn -0.764961 0.641867 -0.053297
vn 0.669308 0.589907 -0.451705
vn 0.441091 0.723085 -0.531589
vn 0.435992 0.787786 -0.435092
vn 0.674307 0.642107 -0.364704
vn 0.090298 0.118998 -0.988780
vn 0.091502 0.271706 -0.958021
vn 0.377104 0.251003 -0.891510
vn 0.371894 0.116898 -0.920885
vn -0.841408 0.389204 -0.374904
vn -0.825506 0.350203 -0.442603
vn -0.827316 0.397008 -0.397408
vn -0.839272 0.450385 -0.304590
vn -0.831300 -0.011700 -0.555700
vn -0.958778 -0.064699 -0.276694
vn -0.922266 -0.239291 -0.303589
vn -0.813206 -0.188201 -0.550704
vn -0.870979 0.058799 0.487788
vn -0.799506 0.038800 0.599404
vn -0.694712 -0.246004 0.675912
vn -0.792092 -0.210398 0.572994
vn 0.094102 0.444309 -0.890918
vn 0.093599 0.566992 -0.818388
vn 0.374398 0.532397 -0.759196
vn 0.377113 0.412514 -0.829228
vn 0.833124 0.349810 0.428412
vn 0.694093 0.210598 0.688393
vn 0.663824 0.404715 0.628923
vn 0.705909 0.639508 0.304504
vn 0.093599 0.566992 -0.818388
vn 0.094093 0.603957 -0.791443
vn 0.374604 0.567906 -0.732908
vn 0.374398 0.532397 -0.759196
vn 0.443683 0.565578 0.695174
vn 0.404611 0.585815 0.702218
vn 0.228914 0.776447 0.587136
vn 0.291286 0.764564 0.574973
vn -0.200209 0.111005 -0.973444
vn 0.090298 0.118998 -0.988780
vn 0.078703 -0.033301 -0.996342
vn -0.208302 -0.053301 -0.976611
vn -0.985820 0.167603 -0.008200
vn -0.985973 0.148596 -0.075998
vn -0.890483 0.420392 -0.174097
vn -0.888212 0.426506 -0.170802
vn -0.195007 0.268509 -0.943332
vn 0.091502 0.271706 -0.958021
vn 0.090298 0.118998 -0.988780
vn -0.200209 0.111005 -0.973444
vn -0.990990 0.132299 -0.020900
vn -0.996371 0.039699 -0.075298
vn -0.917840 0.181908 -0.352815
vn -0.911933 0.322112 -0.254209
vn -0.195091 0.439580 -0.876760
vn 0.094102 0.444309 -0.890918
vn 0.091502 0.271706 -0.958021
vn -0.195007 0.268509 -0.943332
vn 0.832187 0.508292 -0.221596
vn 0.618201 0.692901 -0.371101
vn 0.733929 0.634725 -0.241810
vn 0.906776 0.414689 -0.076098
vn -0.197602 0.554607 -0.808310
vn 0.093599 0.566992 -0.818388
vn 0.094102 0.444309 -0.890918
vn -0.195091 0.439580 -0.876760
vn -0.956932 -0.275909 0.090303
vn -0.950602 -0.242001 -0.194400
vn -0.989124 -0.093302 -0.113703
vn -0.980819 -0.148803 0.125902
vn -0.197193 0.589178 -0.783571
vn 0.094093 0.603957 -0.791443
vn 0.093599 0.566992 -0.818388
vn -0.197602 0.554607 -0.808310
vn 0.649305 0.469504 -0.598305
vn 0.430497 0.557296 -0.709995
vn 0.506299 0.676499 -0.534799
vn 0.742694 0.532896 -0.405497
vn -0.982075 -0.041799 0.183795
vn -0.990990 0.132299 -0.020900
vn -0.987827 0.154904 0.014200
vn -0.980003 -0.029400 0.196801
vn 0.962578 0.267194 -0.045299
vn 0.832187 0.508292 -0.221596
vn 0.906776 0.414689 -0.076098
vn 0.983121 0.155003 0.097202
vn -0.472998 0.491998 -0.730897
vn -0.459317 0.500818 -0.733627
vn -0.472292 0.492691 -0.730887
vn -0.502298 0.477798 -0.720698
vn -0.310789 0.196393 -0.929968
vn -0.064502 0.079702 -0.994730
vn -0.063401 0.088902 -0.994021
vn -0.306290 0.216593 -0.926970
vn -0.611692 -0.132098 0.779989
vn -0.557313 -0.094402 0.824919
vn -0.339001 -0.071000 0.938103
vn -0.401416 -0.072303 0.913037
vn -0.320011 0.146405 -0.936033
vn -0.064901 0.056101 -0.996314
vn -0.064502 0.079702 -0.994730
vn -0.310789 0.196393 -0.929968
vn 0.742694 0.532896 -0.405497
vn 0.506299 0.676499 -0.534799
vn 0.618201 0.692901 -0.371101
vn 0.832187 0.508292 -0.221596
vn -0.319506 0.086602 -0.943619
vn -0.061301 0.034701 -0.997516
vn -0.064901 0.056101 -0.996314
vn -0.320011 0.146405 -0.936033
vn 0.649305 0.469504 -0.598305
vn 0.587599 0.400299 -0.703199
vn 0.380998 0.430198 -0.818395
vn 0.430497 0.557296 -0.709995
vn -0.261398 0.008600 -0.965193
vn 0.026100 0.049801 -0.998418
vn -0.036498 0.018899 -0.999155
vn -0.311190 0.022999 -0.950069
vn -0.854083 -0.367893 -0.367693
vn -0.611207 -0.513706 -0.602107
vn -0.549897 -0.344898 -0.760696
vn -0.754982 -0.217895 -0.618485
vn 0.587599 0.400299 -0.703199
vn 0.557306 0.275103 -0.783408
vn 0.333604 0.278904 -0.900512
vn 0.380998 0.430198 -0.818395
vn -0.611207 -0.513706 -0.602107
vn -0.374914 -0.457816 -0.806129
vn -0.159001 -0.325702 -0.932007
vn -0.549897 -0.344898 -0.760696
vn 0.557306 0.275103 -0.783408
vn 0.524708 0.129902 -0.841313
vn 0.278103 0.116901 -0.953411
vn 0.333604 0.278904 -0.900512
vn 0.496995 -0.084899 -0.863591
vn 0.224797 -0.109899 -0.968188
vn 0.278103 0.116901 -0.953411
vn 0.524708 0.129902 -0.841313
vn 0.599394 -0.415296 -0.684293
vn 0.395777 -0.338081 -0.853851
vn 0.245304 -0.520109 -0.818115
vn 0.481386 -0.572883 -0.663380
vn -0.371912 0.884330 -0.282209
vn -0.129495 0.895464 -0.425883
vn -0.057702 0.833224 -0.549916
vn -0.274006 0.852420 -0.445310
vn -0.926790 -0.373496 0.039500
vn -0.961736 -0.273710 0.012100
vn -0.916369 -0.321689 -0.238292
vn -0.872462 -0.429781 -0.232590
vn -0.157398 0.017100 -0.987387
vn -0.163508 0.235811 -0.957945
vn 0.152596 0.220495 -0.963378
vn 0.170206 0.119504 -0.978135
vn 0.973191 0.195598 0.120999
vn 0.923890 0.087599 0.372496
vn 0.933165 0.070397 0.352487
vn 0.978920 0.163203 0.122803
vn -0.163508 0.235811 -0.957945
vn -0.230999 0.453698 -0.860696
vn 0.093401 0.411504 -0.906609
vn 0.152596 0.220495 -0.963378
vn 0.439178 -0.596871 -0.671467
vn 0.173796 -0.576387 -0.798482
vn 0.172902 -0.500306 -0.848410
vn 0.450510 -0.487811 -0.747717
vn -0.230999 0.453698 -0.860696
vn -0.261386 0.686263 -0.678764
vn 0.019700 0.662290 -0.748989
vn 0.093401 0.411504 -0.906609
vn 0.481386 -0.572883 -0.663380
vn 0.245304 -0.520109 -0.818115
vn 0.173796 -0.576387 -0.798482
vn 0.439178 -0.596871 -0.671467
vn -0.928134 0.359813 0.095403
vn -0.956192 0.194598 0.218698
vn -0.871180 0.486789 0.063899
vn -0.768681 0.634785 -0.078598
vn -0.148698 0.708089 -0.690289
vn 0.113398 0.731186 -0.672687
vn 0.066300 0.648997 -0.757897
vn -0.222500 0.604500 -0.764901
vn 0.234199 0.733298 -0.638298
vn 0.545072 0.661666 -0.514874
vn 0.433114 0.681821 -0.589519
vn 0.113398 0.731186 -0.672687
vn 0.692570 -0.345785 -0.633072
vn 0.514379 -0.236990 -0.824166
vn 0.395777 -0.338081 -0.853851
vn 0.599394 -0.415296 -0.684293
vn 0.660401 0.654501 -0.368101
vn 0.639109 0.753211 0.155602
vn 0.350705 0.936114 -0.026400
vn 0.334207 0.768016 -0.546312
vn 0.389222 0.732342 -0.558732
vn 0.662767 0.618469 -0.422179
vn 0.545072 0.661666 -0.514874
vn 0.234199 0.733298 -0.638298
vn -0.146402 0.466706 -0.872211
vn -0.041098 0.455375 -0.889351
vn -0.053899 0.375192 -0.925379
vn -0.122799 0.413698 -0.902095
vn -0.579795 0.807493 -0.108599
vn -0.620671 0.782264 0.053198
vn -0.477474 0.872753 0.101594
vn -0.419213 0.907028 -0.039501
vn -0.075102 -0.606117 -0.791822
vn -0.108099 -0.584594 -0.804092
vn 0.065202 -0.375010 -0.924725
vn 0.090597 -0.393687 -0.914769
vn 0.647332 0.727336 -0.227911
vn 0.829175 0.558983 0.002800
vn 0.806355 0.589167 -0.051697
vn 0.621976 0.736871 -0.264890
vn -0.206493 0.819371 -0.534781
vn -0.117996 0.829774 -0.545483
vn -0.048301 0.599908 -0.798610
vn -0.167999 0.618897 -0.767296
vn 0.732176 0.665978 -0.142795
vn 0.892569 0.431585 0.130595
vn 0.829175 0.558983 0.002800
vn 0.647332 0.727336 -0.227911
vn -0.928780 0.225295 0.294294
vn -0.956192 0.194598 0.218698
vn -0.942416 -0.065301 0.328006
vn -0.926654 -0.060097 0.371081
vn -0.992678 -0.115697 -0.034699
vn -0.985423 -0.166204 -0.036301
vn -0.931946 -0.100194 -0.348480
vn -0.934419 -0.092302 -0.344007
vn -0.869810 0.397405 0.292403
vn -0.928780 0.225295 0.294294
vn -0.926654 -0.060097 0.371081
vn -0.901178 0.086698 0.424690
vn 0.985904 0.167301 -0.002000
vn 0.958359 -0.161093 0.235790
vn 0.962813 0.153102 0.222603
vn 0.870703 0.486302 -0.073400
vn -0.861473 0.237793 0.448686
vn -0.834707 0.481304 0.267602
vn -0.869810 0.397405 0.292403
vn -0.901178 0.086698 0.424690
vn -0.418206 0.714011 -0.561509
vn -0.399389 0.773078 -0.492786
vn -0.294591 0.774577 -0.559684
vn -0.314602 0.715904 -0.623304
vn -0.809806 0.296602 0.506204
vn -0.829841 0.464023 0.309915
vn -0.834707 0.481304 0.267602
vn -0.861473 0.237793 0.448686
vn -0.994463 0.097296 -0.039699
vn -0.997831 -0.056602 -0.033601
vn -0.935997 -0.074200 -0.344099
vn -0.935788 0.006900 -0.352495
vn -0.801365 0.230990 0.551776
vn -0.835560 0.386981 0.389981
vn -0.829841 0.464023 0.309915
vn -0.809806 0.296602 0.506204
vn -0.912571 0.408287 0.022699
vn -0.950684 0.301595 -0.072399
vn -0.977175 0.115497 0.178295
vn -0.952236 0.189807 0.239209
vn 0.819720 0.443611 0.362309
vn 0.818694 0.167699 0.549196
vn 0.884461 -0.098596 0.456080
vn 0.913521 0.229005 0.336208
vn -0.987829 -0.155505 -0.003500
vn -0.952778 -0.030899 -0.302093
vn -0.931946 -0.100194 -0.348480
vn -0.985423 -0.166204 -0.036301
vn -0.899500 0.255400 -0.354500
vn -0.921099 0.130800 -0.366699
vn -0.831353 0.021301 -0.555336
vn -0.833887 0.116998 -0.539392
vn -0.987829 -0.155505 -0.003500
vn -0.990542 -0.065803 0.120405
vn -0.975162 0.124495 -0.183193
vn -0.952778 -0.030899 -0.302093
vn -0.921099 0.130800 -0.366699
vn -0.935788 0.006900 -0.352495
vn -0.824663 -0.057697 -0.562674
vn -0.831353 0.021301 -0.555336
vn -0.975162 0.124495 -0.183193
vn -0.977586 0.209497 0.020900
vn -0.903530 0.394813 -0.166605
vn -0.892159 0.250016 -0.376225
vn -0.590695 0.233098 -0.772493
vn -0.349095 0.146998 -0.925486
vn -0.350910 0.154204 -0.923625
vn -0.587485 0.246494 -0.770780
vn -0.399389 0.773078 -0.492786
vn -0.316905 0.868214 -0.381806
vn -0.214400 0.883399 -0.416700
vn -0.294591 0.774577 -0.559684
vn -0.088903 0.958434 -0.271110
vn -0.025199 0.972272 -0.232493
vn 0.092998 0.971081 -0.219896
vn 0.019000 0.952484 -0.303995
vn -0.316905 0.868214 -0.381806
vn -0.178508 0.937340 -0.299213
vn -0.088903 0.958434 -0.271110
vn -0.214400 0.883399 -0.416700
vn -0.178508 0.937340 -0.299213
vn -0.100498 0.942886 -0.317595
vn -0.025199 0.972272 -0.232493
vn -0.088903 0.958434 -0.271110
vn -0.343506 0.128502 -0.930317
vn -0.080298 0.054599 -0.995274
vn -0.090400 0.052900 -0.994500
vn -0.349095 0.146998 -0.925486
vn 0.613191 -0.454493 -0.646090
vn 0.391912 -0.428113 -0.814325
vn 0.306701 -0.549303 -0.777304
vn 0.541125 -0.570826 -0.617528
vn -0.331591 0.103097 -0.937773
vn -0.063301 0.059501 -0.996219
vn -0.080298 0.054599 -0.995274
vn -0.343506 0.128502 -0.930317
vn 0.620668 0.782260 0.053297
vn 0.579801 0.807501 -0.108500
vn 0.419213 0.907028 -0.039501
vn 0.477511 0.872720 0.101702
vn 0.737176 0.590480 0.328489
vn 0.702085 0.659086 0.269594
vn 0.698228 0.477319 0.533521
vn 0.740175 0.372088 0.560081
vn 0.811607 0.578105 -0.084201
vn 0.718736 0.679434 -0.147607
vn 0.579801 0.807501 -0.108500
vn 0.620668 0.782260 0.053297
vn -0.504174 0.042498 0.862556
vn -0.249901 -0.373101 0.893502
vn -0.554127 -0.404520 0.727535
vn -0.738619 0.011900 0.674018
vn 0.917085 0.395994 0.046299
vn 0.847840 0.528625 -0.041502
vn 0.851965 0.521879 -0.042398
vn 0.921786 0.387394 -0.015400
vn -0.174294 0.075897 -0.981764
vn 0.078300 0.163100 -0.983498
vn 0.022900 0.099398 -0.994784
vn -0.267509 0.062402 -0.961533
vn -0.983382 0.060999 0.170997
vn -0.972086 0.167298 0.164498
vn -0.937054 -0.084996 0.338683
vn -0.942493 -0.179399 0.281998
vn -0.998993 0.019700 0.040300
vn -0.996481 0.043899 0.071399
vn -0.950922 0.291107 -0.104902
vn -0.954313 0.283404 -0.094701
vn -0.993836 0.003500 0.110804
vn -0.983382 0.060999 0.170997
vn -0.942493 -0.179399 0.281998
vn -0.943826 -0.257407 0.207206
vn -0.161299 0.862092 -0.480396
vn 0.107899 0.884292 -0.454296
vn 0.047899 0.870075 -0.490586
vn -0.222900 0.842801 -0.489900
vn -0.998516 -0.017100 0.051701
vn -0.993836 0.003500 0.110804
vn -0.943826 -0.257407 0.207206
vn -0.948645 -0.283583 0.140192
vn -0.089897 0.050598 -0.994665
vn -0.062100 -0.182701 -0.981205
vn 0.227904 -0.144402 -0.962916
vn 0.198000 0.103700 -0.974701
vn 0.189392 -0.794065 0.577574
vn -0.529914 -0.287807 0.797721
vn -0.540514 0.039201 0.840421
vn -0.045701 -0.577913 0.814818
vn -0.182395 -0.308492 -0.933576
vn 0.180701 -0.189001 -0.965207
vn 0.094298 -0.111498 -0.989281
vn -0.326006 -0.240304 -0.914316
vn -0.998993 0.019700 0.040300
vn -0.999683 -0.011100 0.022600
vn -0.956254 -0.268687 0.115694
vn -0.959443 -0.229210 0.164107
vn 0.799221 0.397510 -0.450812
vn 0.570098 0.626497 -0.531498
vn 0.499104 0.772907 -0.391803
vn 0.707670 0.649172 -0.278888
vn -0.958086 -0.181197 0.221897
vn -0.996481 0.043899 0.071399
vn -0.998993 0.019700 0.040300
vn -0.959443 -0.229210 0.164107
vn 0.665527 0.240310 -0.706629
vn 0.525573 0.476975 -0.704463
vn 0.378893 0.766285 -0.518890
vn 0.570098 0.626497 -0.531498
vn -0.934479 -0.083898 0.345992
vn -0.976073 0.128796 0.175195
vn -0.996481 0.043899 0.071399
vn -0.958086 -0.181197 0.221897
vn -0.908708 0.360703 0.210102
vn -0.950310 0.288603 0.116701
vn -0.885288 0.463594 -0.036699
vn -0.868726 0.494415 0.029501
vn -0.867554 0.059004 0.493831
vn -0.911114 0.271604 0.310005
vn -0.976073 0.128796 0.175195
vn -0.934479 -0.083898 0.345992
vn 0.861423 0.412711 0.296008
vn 0.884177 0.148296 0.442989
vn 0.892989 0.012900 0.449894
vn 0.921273 0.277792 0.272192
vn -0.789019 0.181604 0.586914
vn -0.831381 0.393491 0.392391
vn -0.911114 0.271604 0.310005
vn -0.867554 0.059004 0.493831
vn 0.802418 -0.542512 -0.248606
vn 0.850486 -0.508192 -0.135698
vn 0.789758 -0.425577 -0.441776
vn 0.688807 -0.455705 -0.563806
vn -0.752474 0.243192 0.612079
vn -0.795231 0.450918 0.405316
vn -0.831381 0.393491 0.392391
vn -0.789019 0.181604 0.586914
vn -0.059500 0.500302 -0.863804
vn -0.020201 0.539216 -0.841925
vn -0.003400 0.737615 -0.675213
vn -0.035299 0.713384 -0.699884
vn 0.826912 0.223503 0.516007
vn 0.822561 0.118594 0.556174
vn 0.851920 0.396909 0.341608
vn 0.865481 0.435590 0.247395
vn 0.954670 0.222893 0.197294
vn 0.941315 0.264404 0.209803
vn 0.945891 0.247198 0.210198
vn 0.947002 0.255801 0.194300
vn 0.343595 0.128498 -0.930285
vn 0.331680 0.103094 -0.937742
vn 0.600307 0.142302 -0.787009
vn 0.596913 0.197104 -0.777717
vn 0.623765 0.650064 -0.433976
vn 0.750809 0.642507 -0.153202
vn 0.660401 0.654501 -0.368101
vn 0.621991 0.513093 -0.591492
vn 0.611207 -0.513706 -0.602107
vn 0.374914 -0.457816 -0.806129
vn 0.590083 -0.552284 -0.588883
vn 0.774737 -0.596528 -0.209610
vn 0.978734 0.180206 0.098003
vn 0.971896 -0.126399 0.198599
vn 0.990232 -0.072002 0.119404
vn 0.960098 0.257800 -0.108400
vn -0.276895 0.895284 -0.348994
vn -0.378414 0.879032 -0.290011
vn -0.376913 0.885131 -0.272910
vn -0.247102 0.900708 -0.357303
vn 0.663313 0.397708 0.633912
vn 0.651176 0.532980 0.540280
vn 0.719298 0.408099 0.562198
vn 0.717700 0.262700 0.644900
vn -0.573987 0.775483 -0.262994
vn -0.686107 0.694007 -0.218202
vn -0.553828 0.791939 -0.257113
vn -0.471306 0.834310 -0.286003
vn -0.053401 0.561707 -0.825611
vn 0.034400 0.820505 -0.570603
vn 0.118105 0.829733 -0.545522
vn 0.048301 0.599908 -0.798610
vn 0.549967 -0.344879 -0.760654
vn 0.611207 -0.513706 -0.602107
vn 0.854114 -0.367906 -0.367606
vn 0.755029 -0.217908 -0.618424
vn -0.573987 0.775483 -0.262994
vn -0.570668 0.761158 -0.308183
vn -0.735179 0.646482 -0.203894
vn -0.686107 0.694007 -0.218202
vn 0.159099 -0.325697 -0.931992
vn 0.374914 -0.457816 -0.806129
vn 0.611207 -0.513706 -0.602107
vn 0.549967 -0.344879 -0.760654
vn 0.274099 0.852396 -0.445298
vn 0.568303 0.778705 -0.265802
vn 0.523293 0.651492 -0.549293
vn 0.261386 0.686263 -0.678764
vn 0.922294 -0.239298 -0.303498
vn 0.958804 -0.064700 -0.276601
vn 0.831299 -0.011800 -0.555700
vn 0.813222 -0.188105 -0.550715
vn 0.053899 0.375192 -0.925379
vn 0.041201 0.455413 -0.889326
vn 0.146500 0.466699 -0.872198
vn 0.122799 0.413698 -0.902095
vn -0.380288 -0.161995 -0.910571
vn -0.367694 -0.248296 -0.896186
vn -0.624890 -0.207297 -0.752688
vn -0.612177 -0.161894 -0.773970
vn 0.275306 0.914521 -0.296407
vn 0.554291 0.820887 -0.137498
vn 0.371912 0.884330 -0.282209
vn 0.129500 0.895502 -0.425801
vn -0.152499 0.220498 -0.963392
vn 0.163702 0.235803 -0.957914
vn 0.157495 0.017100 -0.987372
vn -0.170107 0.119605 -0.978140
vn -0.083000 0.459298 -0.884396
vn -0.053401 0.561707 -0.825611
vn 0.048301 0.599908 -0.798610
vn 0.041201 0.455413 -0.889326
vn -0.093599 0.411497 -0.906592
vn 0.231094 0.453687 -0.860676
vn 0.163702 0.235803 -0.957914
vn -0.152499 0.220498 -0.963392
vn 0.780591 0.608793 -0.141598
vn 0.587826 0.761133 -0.274112
vn 0.521313 0.770319 -0.367209
vn 0.727393 0.646494 -0.230098
vn -0.019700 0.662290 -0.748989
vn 0.261386 0.686263 -0.678764
vn 0.231094 0.453687 -0.860676
vn -0.093599 0.411497 -0.906592
vn 0.840856 0.538972 -0.049697
vn 0.685098 0.710998 -0.158500
vn 0.587826 0.761133 -0.274112
vn 0.780591 0.608793 -0.141598
vn 0.929796 0.360498 -0.074300
vn 0.808107 0.528005 -0.261102
vn 0.851171 0.497983 -0.165894
vn 0.940722 0.334608 0.055501
vn 0.956190 0.194498 0.218798
vn 0.942416 -0.065301 0.328006
vn 0.967876 0.066798 0.242394
vn 0.928092 0.359897 0.095499
vn 0.961631 0.264509 0.072802
vn 0.867819 0.496211 0.025801
vn 0.784603 0.618802 -0.038500
vn 0.911429 0.411413 0.006100
vn 0.007800 0.024499 0.999669
vn -0.527800 0.134200 0.838700
vn -0.247903 0.298004 0.921812
vn 0.228892 0.275790 0.933567
vn 0.851011 0.103701 0.514807
vn 0.830702 0.265001 0.489601
vn 0.750291 0.012400 0.660992
vn 0.743906 -0.152701 0.650605
vn 0.957814 0.217103 -0.188303
vn 0.965496 0.171699 -0.195799
vn 0.835939 0.413019 -0.361417
vn 0.842126 0.459114 -0.282909
vn 0.842126 0.459114 -0.282909
vn 0.835939 0.413019 -0.361417
vn 0.662766 0.582170 -0.470976
vn 0.658695 0.664995 -0.351997
vn 0.916304 0.272801 0.293201
vn 0.900322 0.418810 -0.118403
vn 0.966472 0.252693 0.045599
vn 0.934677 0.094198 0.342791
vn 0.835939 0.413019 -0.361417
vn 0.808774 0.456185 -0.371188
vn 0.625482 0.578383 -0.523685
vn 0.662766 0.582170 -0.470976
vn 0.936022 -0.074302 -0.344008
vn 0.997835 -0.056602 -0.033501
vn 0.994477 0.097198 -0.039599
vn 0.935821 0.006900 -0.352408
vn -0.936106 0.094801 -0.338702
vn -0.816429 0.125604 -0.563620
vn -0.756563 -0.085796 -0.648268
vn -0.901921 -0.089102 -0.422610
vn -0.180605 -0.189005 -0.965225
vn -0.259302 -0.181401 -0.948607
vn 0.062100 -0.261899 -0.963095
vn 0.182509 -0.308515 -0.933546
vn 0.956190 0.194498 0.218798
vn 0.928780 0.225295 0.294294
vn 0.926605 -0.060100 0.371202
vn 0.942416 -0.065301 0.328006
vn 0.849422 -0.027201 0.527013
vn 0.851011 0.103701 0.514807
vn 0.743906 -0.152701 0.650605
vn 0.732966 -0.251489 0.632071
vn 0.869785 0.397393 0.292495
vn 0.901121 0.086702 0.424810
vn 0.926605 -0.060100 0.371202
vn 0.928780 0.225295 0.294294
vn 0.881201 0.042800 -0.470801
vn 0.697111 0.099602 -0.710011
vn 0.714832 0.399818 -0.573726
vn 0.899721 0.336308 -0.278207
vn 0.834707 0.481304 0.267602
vn 0.861409 0.237802 0.448804
vn 0.901121 0.086702 0.424810
vn 0.869785 0.397393 0.292495
vn 0.697111 0.099602 -0.710011
vn 0.644713 -0.171603 -0.744915
vn 0.418801 -0.120100 -0.900101
vn 0.477121 0.138606 -0.867839
vn 0.829872 0.463984 0.309889
vn 0.809806 0.296602 0.506204
vn 0.861409 0.237802 0.448804
vn 0.834707 0.481304 0.267602
vn 0.831441 -0.213811 -0.512826
vn 0.772237 -0.414820 -0.481223
vn 0.579667 -0.394377 -0.713059
vn 0.644713 -0.171603 -0.744915
vn 0.835497 0.386999 0.390099
vn 0.801330 0.231009 0.551820
vn 0.809806 0.296602 0.506204
vn 0.829872 0.463984 0.309889
vn 0.772237 -0.414820 -0.481223
vn 0.736422 -0.515415 -0.438213
vn 0.553686 -0.497088 -0.668083
vn 0.579667 -0.394377 -0.713059
vn 0.744321 -0.258607 0.615718
vn 0.754304 -0.352602 0.553803
vn 0.849832 -0.084603 0.520220
vn 0.843190 0.004900 0.537593
vn 0.250590 0.153394 -0.955863
vn 0.251601 0.046700 -0.966704
vn 0.533599 -0.015300 -0.845599
vn 0.505909 0.097002 -0.857115
vn 0.899532 0.255409 -0.354413
vn 0.921133 0.130805 -0.366613
vn 0.957166 0.284190 -0.055398
vn 0.898909 0.434104 -0.059301
vn 0.814320 0.314208 0.488012
vn 0.742723 0.083903 0.664321
vn 0.838591 0.291997 0.459895
vn 0.786215 0.578711 0.216704
vn 0.921133 0.130805 -0.366613
vn 0.935821 0.006900 -0.352408
vn 0.994477 0.097198 -0.039599
vn 0.957166 0.284190 -0.055398
vn 0.903563 0.394784 -0.166493
vn 0.977586 0.209497 0.020900
vn 0.975180 0.124497 -0.183096
vn 0.892179 0.249994 -0.376191
vn 0.904560 0.250789 0.344785
vn 0.849422 -0.027201 0.527013
vn 0.844783 -0.036099 0.533890
vn 0.897938 0.262711 0.353115
vn 0.844783 -0.036099 0.533890
vn 0.745199 -0.228700 0.626399
vn 0.773570 -0.096796 0.626275
vn 0.853442 0.050602 0.518726
vn 0.972087 0.167198 0.164598
vn 0.937010 -0.085001 0.338804
vn 0.964383 -0.045899 0.260496
vn 0.977586 0.209497 0.020900
vn -0.653114 0.641114 0.403008
vn -0.674993 0.674393 0.299297
vn -0.658675 0.657975 0.364986
vn -0.630329 0.613028 0.476322
vn -0.674993 0.674393 0.299297
vn -0.710928 0.674726 0.198308
vn -0.701716 0.671915 0.236905
vn -0.658675 0.657975 0.364986
vn -0.710928 0.674726 0.198308
vn -0.785201 0.609501 0.109400
vn -0.788593 0.606894 0.098999
vn -0.701716 0.671915 0.236905
vn -0.890059 0.453279 -0.048298
vn -0.877524 0.477013 -0.049101
vn -0.965250 0.232912 0.118506
vn -0.975730 0.201806 0.085003
vn 0.423903 -0.142001 0.894507
vn 0.605696 -0.243898 0.757395
vn 0.670756 -0.190287 0.716853
vn 0.484890 -0.058999 0.872583
vn -0.618738 0.145809 -0.771948
vn -0.364514 0.170607 -0.915436
vn -0.357807 0.133403 -0.924218
vn -0.612225 0.103104 -0.783932
vn -0.854663 0.516978 0.047798
vn -0.843348 0.537231 0.012101
vn -0.811876 0.579083 0.074298
vn -0.849700 0.524100 0.057700
vn 0.766321 0.633518 0.106803
vn 0.800488 0.516592 0.303895
vn 0.799109 0.431405 0.418705
vn 0.743733 0.638229 0.198809
vn 0.857001 -0.101600 0.505200
vn 0.892414 0.219003 0.394506
vn 0.868118 0.205304 0.451909
vn 0.849832 -0.084603 0.520220
vn 0.449596 0.072399 0.890293
vn 0.188297 0.236197 0.953287
vn 0.228389 0.169192 0.958756
vn 0.483784 0.005300 0.875171
vn -0.020200 0.020500 0.999586
vn 0.145903 0.251804 0.956717
vn 0.332593 0.242795 0.911281
vn 0.087397 0.151596 0.984571
vn 0.972087 0.167198 0.164598
vn 0.983371 0.060898 0.171095
vn 0.942450 -0.179490 0.282085
vn 0.937010 -0.085001 0.338804
vn -0.752363 0.633169 -0.181791
vn -0.724674 0.656476 -0.209492
vn -0.712710 0.675010 -0.190803
vn -0.723795 0.676095 -0.137899
vn 0.983371 0.060898 0.171095
vn 0.993825 0.003500 0.110903
vn 0.943806 -0.257402 0.207301
vn 0.942450 -0.179490 0.282085
vn 0.721214 0.031101 0.692014
vn 0.725085 -0.110198 0.679786
vn 0.822561 0.118594 0.556174
vn 0.826912 0.223503 0.516007
vn 0.993825 0.003500 0.110903
vn 0.998511 -0.017100 0.051801
vn 0.948621 -0.283606 0.140303
vn 0.943806 -0.257402 0.207301
vn 0.725085 -0.110198 0.679786
vn 0.744321 -0.258607 0.615718
vn 0.843190 0.004900 0.537593
vn 0.822561 0.118594 0.556174
vn 0.531125 -0.226211 -0.816538
vn 0.269515 -0.261714 -0.926751
vn 0.286911 -0.119805 -0.950436
vn 0.543589 -0.093898 -0.834083
vn 0.540512 0.039301 0.840418
vn 0.045701 -0.577913 0.814818
vn 0.116802 -0.398007 0.909916
vn 0.305011 0.116204 0.945233
vn 0.998989 0.019700 0.040400
vn 0.959428 -0.229207 0.164205
vn 0.956235 -0.268710 0.115804
vn 0.999681 -0.011100 0.022700
vn 0.529784 -0.287891 0.797776
vn -0.189499 -0.794096 0.577497
vn 0.045701 -0.577913 0.814818
vn 0.540512 0.039301 0.840418
vn 0.996474 0.043899 0.071498
vn 0.958036 -0.181207 0.222108
vn 0.959428 -0.229207 0.164205
vn 0.998989 0.019700 0.040400
vn -0.449816 -0.866731 0.215508
vn -0.651510 -0.726311 -0.219103
vn -0.574301 -0.813901 0.088000
vn -0.189499 -0.794096 0.577497
vn 0.976051 0.128807 0.175309
vn 0.934446 -0.083895 0.346080
vn 0.958036 -0.181207 0.222108
vn 0.996474 0.043899 0.071498
vn 0.045001 -0.614910 0.787312
vn 0.422917 -0.389616 0.818133
vn 0.281796 -0.259597 0.923688
vn 0.116802 -0.398007 0.909916
vn 0.976051 0.128807 0.175309
vn 0.911114 0.271604 0.310005
vn 0.867468 0.058998 0.493982
vn 0.934446 -0.083895 0.346080
vn 0.875838 -0.013301 0.482421
vn 0.887533 0.353913 0.295011
vn 0.892414 0.219003 0.394506
vn 0.857001 -0.101600 0.505200
vn -0.612225 0.103104 -0.783932
vn -0.357807 0.133403 -0.924218
vn -0.338691 0.020499 -0.940674
vn -0.595880 -0.021999 -0.802772
vn 0.238402 0.904309 -0.354104
vn 0.527702 0.786603 -0.320601
vn 0.662476 0.725574 -0.186193
vn 0.479419 0.856234 -0.192408
vn 0.831348 0.393476 0.392476
vn 0.795199 0.450899 0.405399
vn 0.752431 0.243210 0.612125
vn 0.788935 0.181608 0.587026
vn 0.775222 -0.344910 -0.529215
vn 0.689673 -0.315088 -0.651975
vn 0.807026 -0.440114 -0.393712
vn 0.855236 -0.475620 -0.205809
vn -0.815927 -0.250608 -0.521017
vn -0.795792 -0.232898 -0.558994
vn -0.752705 -0.460603 -0.470403
vn -0.789695 -0.463097 -0.402397
vn -0.556405 -0.752807 0.351703
vn -0.616366 -0.787457 0.002000
vn -0.449816 -0.866731 0.215508
vn 0.077201 -0.732008 0.676908
vn -0.795792 -0.232898 -0.558994
vn -0.764409 -0.165202 -0.623207
vn -0.676879 -0.395088 -0.621081
vn -0.752705 -0.460603 -0.470403
vn -0.351809 0.048301 0.934825
vn -0.440801 0.138200 0.886902
vn -0.128998 0.247796 0.960186
vn -0.006900 0.316790 0.948471
vn -0.925929 0.180806 0.331610
vn -0.972368 0.233092 0.013000
vn -0.948672 0.282792 0.141596
vn -0.812743 0.219412 0.539729
vn -0.795626 -0.523517 0.304810
vn -0.876052 -0.284185 0.389579
vn -0.805083 -0.581388 0.117598
vn -0.695308 -0.718709 0.002100
vn -0.769298 0.157000 0.619299
vn -0.817592 0.140499 0.558394
vn -0.735310 0.466206 0.491906
vn -0.692417 0.468712 0.548514
vn -0.809983 0.491590 0.319793
vn -0.903906 0.418603 0.087901
vn -0.812709 0.574807 -0.095401
vn -0.718524 0.686523 0.111404
vn -0.880220 -0.194204 0.433010
vn -0.949835 -0.025501 0.311711
vn -0.817592 0.140499 0.558394
vn -0.805417 -0.102302 0.583813
vn -0.674884 0.678083 -0.291093
vn -0.692599 0.663999 -0.281800
vn -0.871303 0.461601 -0.166601
vn -0.863165 0.484280 -0.142894
vn -0.906283 -0.320294 -0.275795
vn -0.750803 -0.280301 -0.598102
vn -0.824571 -0.182894 -0.535381
vn -0.956571 -0.194194 -0.217393
vn 0.654878 0.476384 -0.586680
vn 0.275187 0.599771 -0.751364
vn 0.368482 0.556372 -0.744763
vn 0.676784 0.407090 -0.613385
vn -0.851447 -0.331818 -0.406122
vn -0.642254 -0.310578 -0.700750
vn -0.750803 -0.280301 -0.598102
vn -0.906283 -0.320294 -0.275795
vn 0.802185 -0.371293 -0.467591
vn 0.901978 -0.089098 -0.422490
vn 0.985176 -0.080098 -0.151696
vn 0.905146 -0.372619 -0.204610
vn 0.842815 0.318005 -0.434207
vn 0.950371 0.220693 -0.219293
vn 0.936146 0.094705 -0.338617
vn 0.816462 0.125594 -0.563574
vn -0.875166 0.337687 0.346486
vn -0.852000 0.326700 0.409100
vn -0.827845 0.535829 0.166009
vn -0.840081 0.534688 0.091498
vn -0.817592 0.140499 0.558394
vn -0.949835 -0.025501 0.311711
vn -0.966170 0.239093 0.096697
vn -0.735310 0.466206 0.491906
vn -0.732010 0.658909 -0.173202
vn -0.716310 0.667509 -0.203303
vn -0.877524 0.477013 -0.049101
vn -0.890059 0.453279 -0.048298
vn -0.598092 -0.405295 -0.691391
vn -0.620526 -0.358915 -0.697229
vn -0.763838 -0.199410 -0.613830
vn -0.756302 -0.341201 -0.558202
vn 0.015500 0.812106 -0.583304
vn 0.310092 0.773480 -0.552786
vn 0.306489 0.661276 -0.684675
vn 0.012800 0.698700 -0.715300
vn -0.871012 -0.406806 0.275404
vn -0.933827 -0.307609 0.182605
vn -0.985269 -0.161895 -0.055098
vn -0.933043 -0.359378 0.016699
vn -0.695025 0.656124 -0.294011
vn -0.671992 0.598393 -0.436295
vn -0.854815 0.448808 -0.260505
vn -0.863905 0.489003 -0.120601
vn 0.817096 0.576497 0.002000
vn 0.927712 0.334404 0.165902
vn 0.948159 0.306387 0.084396
vn 0.835209 0.548806 -0.035200
vn -0.671992 0.598393 -0.436295
vn -0.646507 0.514505 -0.563306
vn -0.830914 0.388707 -0.398107
vn -0.854815 0.448808 -0.260505
vn 0.813671 0.580779 0.025199
vn 0.914286 0.350995 0.202197
vn 0.927712 0.334404 0.165902
vn 0.817096 0.576497 0.002000
vn 0.693901 -0.242800 -0.677901
vn 0.759199 0.100200 -0.643099
vn 0.534784 0.162195 -0.829276
vn 0.431200 -0.183500 -0.883399
vn -0.560859 0.273180 -0.781543
vn -0.753772 0.181493 -0.631576
vn -0.793203 0.326701 -0.513902
vn -0.612180 0.433986 -0.660978
vn 0.978513 0.182102 0.096701
vn 0.905461 0.420282 -0.059197
vn 0.867819 0.496211 0.025801
vn 0.961631 0.264509 0.072802
vn -0.052499 0.921591 -0.384596
vn -0.248592 0.894870 -0.370688
vn 0.109099 0.911094 -0.397498
vn 0.322006 0.869816 -0.373807
vn 0.543304 -0.152301 -0.825606
vn 0.541671 -0.207189 -0.814656
vn 0.736288 -0.232996 -0.635290
vn 0.727528 -0.186207 -0.660326
vn -0.678158 -0.220186 -0.701156
vn -0.861872 -0.248292 -0.442186
vn -0.884394 -0.107899 -0.454097
vn -0.706989 -0.030000 -0.706589
vn 0.710908 -0.088401 -0.697707
vn 0.607565 -0.315182 -0.729058
vn 0.620587 -0.358893 -0.697186
vn 0.763864 -0.199491 -0.613771
vn -0.938629 0.306610 0.158005
vn -0.919279 0.310893 0.241395
vn -0.857191 0.514994 -0.002300
vn -0.856124 0.511314 -0.074902
vn 0.315501 -0.467802 -0.825603
vn 0.537989 -0.497090 -0.680786
vn 0.622026 -0.454019 -0.637927
vn 0.272298 -0.446597 -0.852294
vn -0.990835 0.089803 -0.100904
vn -0.963434 0.257809 -0.073003
vn -0.879676 0.405489 -0.248493
vn -0.924212 0.246103 -0.292004
vn 0.947114 0.158002 -0.279304
vn 0.793244 0.326718 -0.513828
vn 0.830978 0.388690 -0.397990
vn 0.963176 0.206495 -0.172196
vn -0.963434 0.257809 -0.073003
vn -0.942034 0.335512 -0.002000
vn -0.843578 0.496587 -0.204395
vn -0.879676 0.405489 -0.248493
vn 0.303893 -0.354791 -0.884179
vn 0.564934 -0.347821 -0.748245
vn 0.525801 -0.472201 -0.707502
vn 0.278303 -0.463406 -0.841310
vn 0.171292 -0.063797 0.983153
vn -0.055400 -0.248299 0.967098
vn 0.029300 -0.431394 0.901688
vn 0.319995 -0.308495 0.895787
vn -0.998431 0.050502 -0.024201
vn -0.936106 0.094801 -0.338702
vn -0.901921 -0.089102 -0.422610
vn -0.985161 -0.080097 -0.151794
vn -0.932455 0.117094 0.341784
vn -0.938629 0.306610 0.158005
vn -0.934412 0.343704 0.093501
vn -0.939312 0.146302 0.310304
vn -0.471683 -0.179193 -0.863368
vn -0.678158 -0.220186 -0.701156
vn -0.706989 -0.030000 -0.706589
vn -0.504708 0.036601 -0.862514
vn -0.897666 0.124295 0.422784
vn -0.919279 0.310893 0.241395
vn -0.938629 0.306610 0.158005
vn -0.932455 0.117094 0.341784
vn 0.431686 0.083297 -0.898170
vn 0.448217 0.278811 -0.849333
vn 0.666210 0.221503 -0.712110
vn 0.652579 0.078197 -0.753675
vn -0.834172 0.155995 0.528982
vn -0.875166 0.337687 0.346486
vn -0.919279 0.310893 0.241395
vn -0.897666 0.124295 0.422784
vn 0.448217 0.278811 -0.849333
vn 0.443712 0.526614 -0.725119
vn 0.670508 0.431505 -0.603508
vn 0.666210 0.221503 -0.712110
vn -0.805585 0.134597 0.576989
vn -0.852000 0.326700 0.409100
vn -0.875166 0.337687 0.346486
vn -0.834172 0.155995 0.528982
vn 0.443712 0.526614 -0.725119
vn 0.432198 0.709196 -0.556997
vn 0.661810 0.599809 -0.449707
vn 0.670508 0.431505 -0.603508
vn 0.762309 0.362004 -0.536506
vn 0.539091 0.475492 -0.695189
vn 0.542200 0.520400 -0.659700
vn 0.766478 0.403888 -0.499386
vn 0.980221 0.197904 0.000500
vn 0.888992 0.432796 -0.149599
vn 0.894963 0.430282 -0.117895
vn 0.980136 0.194807 0.037201
vn 0.667994 0.641194 -0.377696
vn 0.859592 0.456996 -0.228598
vn 0.857877 0.424889 -0.288992
vn 0.661810 0.599809 -0.449707
vn 0.679880 -0.367689 -0.634482
vn 0.454193 -0.346195 -0.820888
vn 0.547013 -0.213205 -0.809519
vn 0.751191 -0.225997 -0.620192
vn -0.975930 -0.092903 0.197306
vn -0.892031 -0.324111 0.315011
vn -0.859616 -0.210404 0.465609
vn -0.947111 0.001200 0.320904
vn 0.895216 0.402907 -0.190403
vn 0.740766 0.592273 -0.316985
vn 0.724084 0.627986 -0.285194
vn 0.888992 0.432796 -0.149599
vn 0.990188 0.132498 -0.044399
vn 0.899313 0.349605 -0.262704
vn 0.895216 0.402907 -0.190403
vn 0.985785 0.163497 -0.038699
vn 0.899313 0.349605 -0.262704
vn 0.756601 0.500901 -0.420301
vn 0.740766 0.592273 -0.316985
vn 0.895216 0.402907 -0.190403
vn 0.987617 0.137902 -0.074801
vn 0.877889 0.257097 -0.403995
vn 0.899313 0.349605 -0.262704
vn 0.990188 0.132498 -0.044399
vn 0.877889 0.257097 -0.403995
vn 0.743853 0.322179 -0.585563
vn 0.756601 0.500901 -0.420301
vn 0.899313 0.349605 -0.262704
vn 0.968414 -0.004800 -0.249303
vn 0.836248 0.040802 -0.546831
vn 0.877889 0.257097 -0.403995
vn 0.987617 0.137902 -0.074801
vn -0.254791 0.612877 -0.747973
vn -0.362708 0.496512 -0.788618
vn -0.014700 0.579812 -0.814617
vn 0.157689 0.672555 -0.723052
vn -0.985765 -0.090497 -0.141695
vn -0.992705 -0.073600 0.095500
vn -0.981993 -0.058300 0.179699
vn -0.997768 -0.013500 -0.065398
vn 0.836248 0.040802 -0.546831
vn 0.751191 -0.225997 -0.620192
vn 0.547013 -0.213205 -0.809519
vn 0.679864 0.062597 -0.730662
vn 0.209296 -0.287994 0.934481
vn 0.470424 -0.180209 0.863844
vn 0.377907 -0.180303 0.908117
vn 0.065101 -0.205402 0.976510
vn 0.900615 -0.219004 -0.375406
vn 0.844875 -0.357590 -0.397888
vn 0.679880 -0.367689 -0.634482
vn 0.751191 -0.225997 -0.620192
vn -0.418510 -0.282007 0.863320
vn -0.347117 -0.247612 0.904543
vn -0.552702 -0.328501 0.765903
vn -0.654992 -0.309396 0.689391
vn 0.844875 -0.357590 -0.397888
vn 0.840384 -0.434492 -0.323994
vn 0.690120 -0.385111 -0.612718
vn 0.679880 -0.367689 -0.634482
vn -0.950314 -0.142802 0.276604
vn -0.817396 -0.359798 0.449898
vn -0.810971 -0.453984 0.369087
vn -0.941411 -0.206303 0.266803
vn -0.916369 -0.321689 -0.238292
vn -0.961736 -0.273710 0.012100
vn -0.984541 -0.172407 0.030901
vn -0.956465 -0.203092 -0.209592
vn 0.766891 0.314396 -0.559493
vn 0.610811 0.332206 -0.718713
vn 0.534784 0.162195 -0.829276
vn 0.759199 0.100200 -0.643099
vn -0.963121 -0.080302 0.256806
vn -0.836922 -0.209805 0.505513
vn -0.817396 -0.359798 0.449898
vn -0.950314 -0.142802 0.276604
vn 0.837114 -0.544609 0.051401
vn 0.799601 -0.503501 0.327300
vn 0.799823 -0.520515 0.298909
vn 0.851213 -0.524408 0.020800
vn 0.517663 -0.530262 -0.671452
vn 0.253898 -0.539796 -0.802594
vn 0.253813 -0.477024 -0.841443
vn 0.524011 -0.444509 -0.726515
vn 0.256811 -0.156907 -0.953640
vn 0.541671 -0.207189 -0.814656
vn 0.543304 -0.152301 -0.825606
vn 0.240693 -0.081498 -0.967174
vn 0.938670 -0.061498 -0.339289
vn 0.914132 -0.280610 -0.292610
vn 0.768274 -0.287590 -0.571881
vn 0.780507 -0.057401 -0.622506
vn -0.181492 -0.277388 0.943460
vn -0.169597 -0.234196 0.957282
vn -0.418510 -0.282007 0.863320
vn -0.432215 -0.308310 0.847429
vn -0.981993 -0.058300 0.179699
vn -0.874357 -0.079196 0.478777
vn -0.836922 -0.209805 0.505513
vn -0.963121 -0.080302 0.256806
vn 0.864372 0.470485 -0.177494
vn 0.696833 0.658432 -0.284414
vn 0.663290 0.712690 -0.228297
vn 0.845465 0.524278 -0.101596
vn -0.156108 0.742737 -0.651132
vn -0.033901 0.762822 -0.645719
vn -0.076899 0.632190 -0.770988
vn -0.188898 0.612094 -0.767892
vn 0.966055 0.254315 -0.045403
vn 0.851865 0.360785 -0.379684
vn 0.874550 0.411724 -0.256215
vn 0.980602 0.190700 -0.045300
vn 0.574573 -0.012199 -0.818362
vn 0.297317 -0.059003 -0.952954
vn 0.286904 0.092201 -0.953512
vn 0.565911 0.062201 -0.822116
vn 0.957945 0.179708 -0.223711
vn 0.804252 0.185589 -0.564566
vn 0.851865 0.360785 -0.379684
vn 0.966055 0.254315 -0.045403
vn -0.039501 0.692518 -0.720319
vn -0.310393 0.706885 -0.635586
vn -0.275497 0.739091 -0.614692
vn 0.002900 0.715009 -0.699109
vn 0.938670 -0.061498 -0.339289
vn 0.780507 -0.057401 -0.622506
vn 0.804252 0.185589 -0.564566
vn 0.957945 0.179708 -0.223711
vn -0.231989 0.181392 -0.955656
vn -0.534713 0.162204 -0.829320
vn -0.431200 -0.183500 -0.883399
vn -0.187402 -0.129501 -0.973709
vn 0.768274 -0.287590 -0.571881
vn 0.583923 -0.269611 -0.765731
vn 0.595495 -0.051700 -0.801694
vn 0.780507 -0.057401 -0.622506
vn 0.600299 0.345499 -0.721299
vn 0.595088 0.518190 -0.614288
vn 0.811294 0.383597 -0.441197
vn 0.814383 0.246895 -0.525189
vn -0.925978 -0.348792 -0.144597
vn -0.838396 -0.343998 -0.422798
vn -0.888500 -0.241800 -0.390000
vn -0.959050 -0.265486 -0.098695
vn -0.740566 -0.194991 -0.643071
vn -0.520188 -0.063599 -0.851681
vn -0.550816 -0.059202 -0.832524
vn -0.769221 -0.262407 -0.582616
vn 0.218792 0.003700 0.975765
vn -0.060401 0.282003 0.957510
vn 0.098502 0.149003 0.983919
vn 0.363400 -0.061500 0.929601
vn 0.541507 0.115601 -0.832710
vn 0.565911 0.062201 -0.822116
vn 0.286904 0.092201 -0.953512
vn 0.259993 0.178995 -0.948875
vn 0.879712 0.405405 -0.248503
vn 0.963473 0.257693 -0.072898
vn 0.990845 0.089804 -0.100805
vn 0.924212 0.246103 -0.292004
vn 0.313307 -0.129203 0.940822
vn 0.035199 0.178695 0.983275
vn 0.218792 0.003700 0.975765
vn 0.455497 -0.256798 0.852395
vn 0.843595 0.496597 -0.204299
vn 0.942034 0.335512 -0.001900
vn 0.963473 0.257693 -0.072898
vn 0.879712 0.405405 -0.248503
vn -0.886993 0.452197 -0.093599
vn -0.891511 0.448805 -0.061501
vn -0.979538 0.195908 0.046102
vn -0.978265 0.207193 0.008300
vn 0.859562 -0.418982 -0.292587
vn 0.900233 -0.393914 -0.185507
vn 0.814885 -0.321494 -0.482291
vn 0.716187 -0.397293 -0.573790
vn -0.113298 0.030899 -0.993081
vn -0.089000 0.021700 -0.995795
vn -0.382202 -0.053900 -0.922505
vn -0.393219 -0.042902 -0.918444
vn 0.938615 0.306605 0.158102
vn 0.932421 0.117003 0.341908
vn 0.939312 0.146302 0.310304
vn 0.934403 0.343701 0.093600
vn 0.107402 0.028101 -0.993819
vn 0.115099 0.092999 -0.988991
vn -0.165201 -0.047700 -0.985106
vn -0.230300 -0.039900 -0.972301
vn 0.919242 0.310914 0.241511
vn 0.897620 0.124203 0.422909
vn 0.932421 0.117003 0.341908
vn 0.938615 0.306605 0.158102
vn -0.631927 -0.035101 -0.774233
vn -0.684287 0.006200 -0.729186
vn -0.415700 -0.042700 -0.908499
vn -0.346410 -0.100103 -0.932727
vn 0.875166 0.337687 0.346486
vn 0.834142 0.156008 0.529027
vn 0.897620 0.124203 0.422909
vn 0.919242 0.310914 0.241511
vn 0.016300 0.963113 -0.268604
vn 0.162205 0.953130 -0.255408
vn 0.073200 0.897596 -0.434698
vn -0.052502 0.891930 -0.449115
vn 0.875166 0.337687 0.346486
vn 0.851993 0.326597 0.409197
vn 0.805503 0.134601 0.577102
vn 0.834142 0.156008 0.529027
vn -0.412704 0.010100 -0.910809
vn -0.645104 -0.047700 -0.762605
vn -0.655079 -0.024099 -0.755176
vn -0.423305 0.029400 -0.905510
vn -0.294693 0.606586 -0.738383
vn -0.188898 0.612094 -0.767892
vn -0.188208 0.552723 -0.811834
vn -0.273495 0.560089 -0.781985
vn 0.814885 -0.321494 -0.482291
vn 0.687008 -0.197102 -0.699408
vn 0.542601 -0.339101 -0.768502
vn 0.716187 -0.397293 -0.573790
vn -0.262100 0.703500 -0.660600
vn -0.156108 0.742737 -0.651132
vn -0.188898 0.612094 -0.767892
vn -0.294693 0.606586 -0.738383
vn 0.052599 0.891885 -0.449193
vn 0.133696 0.876276 -0.462888
vn 0.262100 0.703500 -0.660600
vn 0.156205 0.742725 -0.651122
vn 0.249807 -0.373110 0.893524
vn -0.105903 -0.133104 0.985428
vn 0.228190 0.184592 0.955958
vn 0.504100 0.042500 0.862599
vn 0.908154 0.382481 -0.170191
vn 0.852938 0.395918 -0.340215
vn 0.873527 0.145204 -0.464614
vn 0.910810 0.173702 -0.374504
vn -0.174899 0.449496 -0.875993
vn -0.458893 0.430394 -0.777289
vn -0.421508 0.535109 -0.732113
vn -0.138806 0.549423 -0.823934
vn 0.626773 -0.528177 -0.572875
vn 0.403698 -0.513498 -0.757197
vn 0.405790 -0.475588 -0.780481
vn 0.645833 -0.464224 -0.606131
vn 0.076998 0.632185 -0.770982
vn 0.188995 0.612082 -0.767878
vn 0.188304 0.552713 -0.811819
vn 0.105999 0.584293 -0.804591
vn 0.790595 0.604496 -0.097699
vn 0.889484 0.448992 0.084998
vn 0.934920 0.353108 0.035201
vn 0.837101 0.536201 -0.108400
vn 0.033999 0.762771 -0.645775
vn 0.156205 0.742725 -0.651122
vn 0.188995 0.612082 -0.767878
vn 0.076998 0.632185 -0.770982
vn 0.411210 0.182805 -0.893022
vn 0.045000 0.242502 -0.969107
vn 0.059800 0.058300 -0.996506
vn 0.377381 0.003100 -0.926053
vn -0.853539 -0.146107 -0.500123
vn -0.946701 -0.211100 -0.243300
vn -0.966780 -0.133797 -0.217795
vn -0.874920 -0.073802 -0.478611
vn 0.904378 0.423290 -0.054099
vn 0.748400 0.637300 -0.183700
vn 0.743716 0.660214 -0.104902
vn 0.896714 0.442007 0.023100
vn -0.338295 0.519292 -0.784788
vn -0.045499 0.555786 -0.830079
vn -0.084700 0.390499 -0.916699
vn -0.387385 0.315188 -0.866366
vn -0.829373 -0.198394 -0.522283
vn -0.927000 -0.259600 -0.270700
vn -0.946701 -0.211100 -0.243300
vn -0.853539 -0.146107 -0.500123
vn -0.646813 0.018900 -0.762415
vn -0.831300 -0.011700 -0.555700
vn -0.813206 -0.188201 -0.550704
vn -0.634179 -0.118996 -0.763975
vn -0.213411 0.348617 -0.912646
vn -0.492610 0.314806 -0.811316
vn -0.478216 0.368212 -0.797326
vn -0.196600 0.394999 -0.897399
vn -0.373894 0.649390 -0.662190
vn -0.615131 0.583229 -0.530526
vn -0.569107 0.663408 -0.485806
vn -0.323786 0.731569 -0.599975
vn 0.897118 0.122703 -0.424409
vn 0.711623 0.099203 -0.695522
vn 0.726103 0.220701 -0.651203
vn 0.916374 0.187895 -0.353490
vn -0.421508 0.535109 -0.732113
vn -0.656805 0.476404 -0.584505
vn -0.615131 0.583229 -0.530526
vn -0.373894 0.649390 -0.662190
vn 0.881792 0.018000 -0.471296
vn 0.692586 -0.038899 -0.720286
vn 0.711623 0.099203 -0.695522
vn 0.897118 0.122703 -0.424409
vn -0.421508 0.535109 -0.732113
vn -0.458893 0.430394 -0.777289
vn -0.685807 0.376704 -0.622706
vn -0.656805 0.476404 -0.584505
vn 0.007300 0.183305 -0.983029
vn -0.275595 0.027400 -0.960883
vn -0.224297 0.016100 -0.974388
vn 0.054797 0.127294 -0.990350
vn -0.458893 0.430394 -0.777289
vn -0.478216 0.368212 -0.797326
vn -0.703289 0.312595 -0.638490
vn -0.685807 0.376704 -0.622706
vn 0.639197 -0.486998 -0.595197
vn 0.394297 -0.541096 -0.742795
vn 0.443202 -0.301201 -0.844304
vn 0.681083 -0.252794 -0.687183
vn -0.478216 0.368212 -0.797326
vn -0.492610 0.314806 -0.811316
vn -0.716082 0.256994 -0.648984
vn -0.703289 0.312595 -0.638490
vn 0.622583 -0.549285 -0.557384
vn 0.369505 -0.596607 -0.712409
vn 0.394297 -0.541096 -0.742795
vn 0.639197 -0.486998 -0.595197
vn -0.492610 0.314806 -0.811316
vn -0.503711 0.234205 -0.831519
vn -0.727205 0.175501 -0.663605
vn -0.716082 0.256994 -0.648984
vn 0.666497 -0.435198 -0.605297
vn 0.435121 -0.434421 -0.788637
vn 0.369505 -0.596607 -0.712409
vn 0.622583 -0.549285 -0.557384
vn 0.763425 -0.143205 -0.629821
vn 0.535512 -0.062401 -0.842219
vn 0.435121 -0.434421 -0.788637
vn 0.666497 -0.435198 -0.605297
vn 0.835497 -0.394899 -0.382099
vn 0.904921 -0.191004 -0.380309
vn 0.763425 -0.143205 -0.629821
vn 0.666497 -0.435198 -0.605297
vn 0.000600 -0.289494 -0.957180
vn -0.252302 -0.348002 -0.902906
vn -0.343217 -0.348917 -0.872043
vn -0.073400 -0.250601 -0.965304
vn -0.682094 0.269497 -0.679794
vn -0.837670 0.181093 -0.515281
vn -0.823441 0.025501 -0.566828
vn -0.645510 0.167703 -0.745112
vn -0.252302 -0.348002 -0.902906
vn -0.180592 -0.369883 -0.911358
vn -0.522797 -0.320298 -0.789995
vn -0.556117 -0.386012 -0.736022
vn -0.676798 0.407199 -0.613298
vn -0.824907 0.292503 -0.483704
vn -0.837670 0.181093 -0.515281
vn -0.682094 0.269497 -0.679794
vn -0.180592 -0.369883 -0.911358
vn -0.155100 -0.391999 -0.906797
vn -0.476182 -0.289089 -0.830469
vn -0.522797 -0.320298 -0.789995
vn -0.487412 -0.066702 -0.870621
vn -0.656188 -0.265395 -0.706387
vn -0.665480 0.240293 -0.706679
vn -0.525500 0.477000 -0.704500
vn -0.155100 -0.391999 -0.906797
vn -0.110099 -0.359596 -0.926590
vn -0.410310 -0.200105 -0.889721
vn -0.476182 -0.289089 -0.830469
vn -0.479912 -0.242206 -0.843221
vn -0.503015 0.271508 -0.820524
vn -0.573783 -0.251993 -0.779277
vn -0.488717 -0.599521 -0.633822
vn -0.110099 -0.359596 -0.926590
vn -0.022701 -0.280009 -0.959729
vn -0.289906 -0.066801 -0.954721
vn -0.410310 -0.200105 -0.889721
vn -0.077802 0.572911 -0.815916
vn 0.127201 0.804908 -0.579606
vn -0.503015 0.271508 -0.820524
vn -0.479912 -0.242206 -0.843221
vn -0.493678 0.838763 -0.229690
vn -0.499010 0.772915 -0.391908
vn -0.707600 0.649200 -0.279000
vn -0.694996 0.717496 -0.046700
vn -0.756774 -0.229992 -0.611879
vn -0.885898 -0.338199 -0.317499
vn -0.789685 -0.425592 -0.441892
vn -0.672917 -0.296907 -0.677517
vn 0.978264 0.207192 0.008400
vn 0.887002 0.452201 -0.093500
vn 0.878831 0.458016 -0.133705
vn 0.975206 0.220301 -0.021000
vn -0.706397 0.591997 -0.387998
vn -0.981112 0.082001 -0.175202
vn -0.861928 0.166205 -0.479016
vn -0.790610 0.337204 -0.511106
vn 0.080502 -0.435613 -0.896527
vn -0.155100 -0.391999 -0.906797
vn -0.180592 -0.369883 -0.911358
vn 0.052801 -0.368509 -0.928123
vn 0.505004 0.157601 -0.848606
vn 0.541507 0.115601 -0.832710
vn 0.259993 0.178995 -0.948875
vn 0.214300 0.227100 -0.950001
vn 0.112000 -0.446798 -0.887596
vn -0.110099 -0.359596 -0.926590
vn -0.155100 -0.391999 -0.906797
vn 0.080502 -0.435613 -0.896527
vn -0.656188 -0.265395 -0.706387
vn -0.771785 -0.487991 -0.407692
vn -0.826627 -0.137404 -0.545718
vn -0.665480 0.240293 -0.706679
vn 0.169305 -0.413712 -0.894527
vn -0.022701 -0.280009 -0.959729
vn -0.110099 -0.359596 -0.926590
vn 0.112000 -0.446798 -0.887596
vn -0.688769 -0.455679 -0.563874
vn -0.802398 -0.542499 -0.248700
vn -0.771785 -0.487991 -0.407692
vn -0.656188 -0.265395 -0.706387
vn 0.238603 -0.402205 -0.883911
vn 0.077403 -0.235308 -0.968834
vn -0.022701 -0.280009 -0.959729
vn 0.169305 -0.413712 -0.894527
vn -0.789685 -0.425592 -0.441892
vn -0.850475 -0.508185 -0.135796
vn -0.802398 -0.542499 -0.248700
vn -0.688769 -0.455679 -0.563874
vn 0.297004 -0.411806 -0.861513
vn 0.138502 -0.241704 -0.960415
vn 0.077403 -0.235308 -0.968834
vn 0.238603 -0.402205 -0.883911
vn -0.402219 -0.113005 -0.908543
vn -0.129397 0.046999 -0.990478
vn -0.169799 -0.019000 -0.985296
vn -0.427713 -0.180905 -0.885627
vn 0.259395 -0.181397 -0.948583
vn 0.555221 -0.083203 -0.827531
vn 0.474813 -0.081302 -0.876324
vn 0.180701 -0.189001 -0.965207
vn 0.297317 -0.059003 -0.952954
vn 0.030700 -0.091701 -0.995313
vn 0.007900 0.109100 -0.993999
vn 0.286904 0.092201 -0.953512
vn -0.281000 0.418401 -0.863701
vn -0.564221 0.118805 -0.817031
vn -0.408909 0.074602 -0.909521
vn -0.120295 0.343385 -0.931459
vn 0.345983 0.589571 -0.729864
vn -0.059599 0.592595 -0.803293
vn 0.022900 0.526106 -0.850110
vn 0.416624 0.452526 -0.788445
vn 0.887002 0.452201 -0.093500
vn 0.720406 0.666905 -0.190402
vn 0.706584 0.666085 -0.238895
vn 0.878831 0.458016 -0.133705
vn 0.925912 0.180902 0.331604
vn 0.931103 0.261101 0.254701
vn 0.800450 0.193712 0.567235
vn 0.805448 -0.061804 0.589435
vn 0.300490 0.183994 0.935870
vn 0.071302 0.306709 0.949129
vn -0.023700 0.186899 0.982093
vn 0.180003 -0.009700 0.983618
vn 0.972367 0.233092 0.013100
vn 0.957804 0.286501 0.023000
vn 0.931103 0.261101 0.254701
vn 0.925912 0.180902 0.331604
vn 0.443806 0.358905 0.821111
vn 0.247903 0.298004 0.921812
vn 0.071302 0.306709 0.949129
vn 0.300490 0.183994 0.935870
vn 0.591695 0.287397 -0.753193
vn 0.590393 0.526794 -0.611493
vn 0.814121 0.392010 -0.428411
vn 0.822393 0.217998 -0.525496
vn 0.751112 0.306505 0.584709
vn 0.527676 0.134294 0.838763
vn 0.247903 0.298004 0.921812
vn 0.443806 0.358905 0.821111
vn 0.583314 0.690017 -0.428510
vn 0.802490 0.520894 -0.290996
vn 0.814121 0.392010 -0.428411
vn 0.590393 0.526794 -0.611493
vn -0.203088 0.724058 -0.659162
vn -0.107804 0.738729 -0.665326
vn 0.178496 0.742883 -0.645185
vn 0.054601 0.734408 -0.676508
vn 0.291586 -0.140593 -0.946156
vn 0.566591 -0.072699 -0.820786
vn 0.490281 -0.202692 -0.847668
vn 0.208809 -0.283912 -0.935838
vn 0.566591 -0.072699 -0.820786
vn 0.790076 0.005800 -0.612981
vn 0.744285 -0.088398 -0.661986
vn 0.490281 -0.202692 -0.847668
vn 0.354602 -0.036500 -0.934305
vn 0.379412 0.097003 -0.920129
vn 0.607401 0.111000 -0.786602
vn 0.606191 0.007100 -0.795288
vn 0.606191 0.007100 -0.795288
vn 0.815100 0.051800 -0.577000
vn 0.790076 0.005800 -0.612981
vn 0.566591 -0.072699 -0.820786
vn 0.607401 0.111000 -0.786602
vn 0.823553 0.118908 -0.554636
vn 0.815100 0.051800 -0.577000
vn 0.606191 0.007100 -0.795288
vn 0.893800 0.446100 0.046000
vn 0.897607 0.354703 0.261702
vn 0.931103 0.261101 0.254701
vn 0.957804 0.286501 0.023000
vn -0.692599 0.663999 -0.281800
vn -0.706597 0.665997 -0.239099
vn -0.878819 0.458010 -0.133803
vn -0.871303 0.461601 -0.166601
vn 0.868723 0.494413 0.029601
vn 0.908689 0.360696 0.210197
vn 0.897607 0.354703 0.261702
vn 0.893800 0.446100 0.046000
vn -0.268698 0.677694 -0.684494
vn 0.012800 0.698700 -0.715300
vn 0.027200 0.535499 -0.844098
vn -0.252001 0.522102 -0.814804
vn 0.885291 0.463595 -0.036600
vn 0.950299 0.288600 0.116800
vn 0.908689 0.360696 0.210197
vn 0.868723 0.494413 0.029601
vn -0.482688 -0.181496 -0.856780
vn -0.621494 -0.066499 -0.780592
vn -0.730493 -0.183898 -0.657694
vn -0.681022 -0.193906 -0.706123
vn 0.892362 0.444281 -0.079397
vn 0.969518 0.232804 0.076401
vn 0.950299 0.288600 0.116800
vn 0.885291 0.463595 -0.036600
vn 0.473930 -0.169711 -0.864054
vn 0.550703 -0.063200 -0.832305
vn 0.752285 -0.153997 -0.640587
vn 0.684599 -0.248100 -0.685399
vn 0.901661 0.425729 -0.075905
vn 0.978842 0.183908 0.089704
vn 0.969518 0.232804 0.076401
vn 0.892362 0.444281 -0.079397
vn 0.550703 -0.063200 -0.832305
vn 0.600430 0.061103 -0.797340
vn 0.803328 -0.029201 -0.594821
vn 0.752285 -0.153997 -0.640587
vn 0.600430 0.061103 -0.797340
vn 0.619117 0.132604 -0.774022
vn 0.821429 0.063002 -0.566820
vn 0.803328 -0.029201 -0.594821
vn 0.246998 -0.243998 -0.937793
vn 0.481801 -0.229101 -0.845802
vn 0.530028 -0.120706 -0.839345
vn 0.285793 -0.165596 -0.943875
vn 0.985513 0.086801 0.145702
vn 0.987760 -0.007600 0.155794
vn 0.936849 -0.192310 0.292115
vn 0.942875 -0.135396 0.304392
vn 0.591103 0.083100 -0.802304
vn 0.599596 0.209499 -0.772395
vn 0.811512 0.147902 -0.565308
vn 0.804130 0.054802 -0.591922
vn 0.955207 0.037900 0.293502
vn 0.886100 -0.146300 0.439800
vn 0.936849 -0.192310 0.292115
vn 0.987760 -0.007600 0.155794
vn 0.136197 -0.398091 -0.907179
vn 0.387023 -0.449927 -0.804847
vn 0.410813 -0.406013 -0.816325
vn 0.189897 -0.369094 -0.909785
vn 0.955207 0.037900 0.293502
vn 0.852808 0.206402 0.479705
vn 0.763446 0.013101 0.645739
vn 0.886100 -0.146300 0.439800
vn 0.128405 -0.323314 -0.937540
vn 0.403874 -0.354477 -0.843346
vn 0.387023 -0.449927 -0.804847
vn 0.136197 -0.398091 -0.907179
vn -0.621494 -0.066499 -0.780592
vn -0.692121 0.324310 -0.644819
vn -0.909707 0.160201 -0.383103
vn -0.730493 -0.183898 -0.657694
vn 0.182298 -0.093499 -0.978788
vn 0.455908 -0.089502 -0.885515
vn 0.436393 -0.226096 -0.870886
vn 0.152095 -0.218693 -0.963868
vn -0.634018 0.322809 0.702720
vn -0.504174 0.042498 0.862556
vn -0.738619 0.011900 0.674018
vn -0.788477 0.317991 0.526485
vn 0.455908 -0.089502 -0.885515
vn 0.462501 0.030300 -0.886101
vn 0.704203 0.023700 -0.709603
vn 0.693622 -0.076902 -0.716223
vn -0.989046 0.052102 -0.138106
vn -0.984765 0.163394 -0.059498
vn -0.901594 0.274298 -0.334498
vn -0.900341 0.150807 -0.408219
vn 0.823473 0.025499 -0.566782
vn 0.837713 0.181103 -0.515208
vn 0.682194 0.269497 -0.679694
vn 0.645510 0.167703 -0.745112
vn 0.465817 0.168806 -0.868631
vn 0.478915 0.381512 -0.790625
vn 0.717228 0.299012 -0.629425
vn 0.712661 0.118294 -0.691463
vn 0.209893 0.197993 -0.957467
vn 0.212910 0.428821 -0.877942
vn 0.478915 0.381512 -0.790625
vn 0.465817 0.168806 -0.868631
vn -0.360987 0.003100 -0.932566
vn -0.474775 -0.081196 -0.876354
vn -0.180605 -0.189005 -0.965225
vn -0.094199 -0.111499 -0.989290
vn 0.212910 0.428821 -0.877942
vn 0.207193 0.622280 -0.754876
vn 0.473983 0.572080 -0.669376
vn 0.478915 0.381512 -0.790625
vn -0.779894 0.619595 -0.088699
vn -0.828497 0.551298 -0.098300
vn -0.925054 0.373881 0.066997
vn -0.879304 0.464902 0.103400
vn 0.207193 0.622280 -0.754876
vn 0.205806 0.680120 -0.703620
vn 0.471704 0.630605 -0.616305
vn 0.473983 0.572080 -0.669376
vn 0.251707 -0.268107 -0.929926
vn -0.044599 -0.270496 -0.961687
vn 0.010200 -0.049601 -0.998717
vn 0.292712 -0.054602 -0.954640
vn 0.014700 0.579812 -0.814617
vn 0.362795 0.496494 -0.788590
vn 0.254791 0.612877 -0.747973
vn -0.157603 0.672511 -0.723112
vn -0.094199 -0.111499 -0.989290
vn -0.180605 -0.189005 -0.965225
vn 0.182509 -0.308515 -0.933546
vn 0.326282 -0.240187 -0.914249
vn 0.337100 0.445300 -0.829500
vn 0.333706 0.411508 -0.848116
vn 0.049701 0.441212 -0.896025
vn 0.052102 0.473718 -0.879134
vn 0.423387 0.029399 -0.905472
vn 0.412704 0.010100 -0.910809
vn 0.135002 0.069401 -0.988412
vn 0.145404 0.082502 -0.985927
vn -0.134608 -0.252615 -0.958158
vn -0.213106 -0.353010 -0.911027
vn 0.067898 -0.469388 -0.880378
vn 0.141800 -0.336900 -0.930801
vn -0.795274 -0.309690 -0.521183
vn -0.847557 -0.411379 -0.335283
vn -0.876196 -0.472898 -0.093000
vn -0.786973 -0.458384 -0.412986
vn 0.910810 0.173702 -0.374504
vn 0.839719 -0.047801 -0.540913
vn 0.848613 -0.138702 -0.510508
vn 0.953927 -0.014100 -0.299708
vn 0.584723 0.149006 -0.797431
vn 0.576094 0.068699 -0.814491
vn 0.314613 0.091104 -0.944838
vn 0.321505 0.192603 -0.927113
vn 0.197604 0.351706 -0.915017
vn 0.173797 0.001400 -0.984781
vn 0.486777 -0.028599 -0.873058
vn 0.502711 0.350708 -0.790118
vn 0.576094 0.068699 -0.814491
vn 0.562791 -0.051599 -0.824987
vn 0.292712 -0.054602 -0.954640
vn 0.314613 0.091104 -0.944838
vn -0.187595 -0.223094 -0.956576
vn -0.174107 -0.071303 -0.982142
vn 0.122901 -0.005300 -0.992405
vn 0.106801 -0.196302 -0.974710
vn -0.071098 -0.143597 0.987079
vn -0.307115 -0.007100 0.951646
vn 0.045599 0.218494 0.974772
vn 0.263003 0.116701 0.957711
vn 0.837101 0.536201 -0.108400
vn 0.934920 0.353108 0.035201
vn 0.963365 0.262090 -0.056898
vn 0.865324 0.474513 -0.161405
vn 0.946724 -0.211105 -0.243206
vn 0.927025 -0.259607 -0.270607
vn 0.829417 -0.198404 -0.522211
vn 0.853609 -0.146102 -0.500005
vn 0.655129 -0.024101 -0.755133
vn 0.645159 -0.047797 -0.762552
vn 0.412704 0.010100 -0.910809
vn 0.423387 0.029399 -0.905472
vn 0.382288 -0.053898 -0.922470
vn 0.089099 0.021700 -0.995786
vn 0.113298 0.030899 -0.993081
vn 0.393301 -0.043000 -0.918404
vn 0.495887 -0.384390 -0.778679
vn 0.269496 -0.384095 -0.883087
vn 0.193502 -0.486805 -0.851809
vn 0.461792 -0.473092 -0.750288
vn 0.039899 0.298493 -0.953577
vn -0.024001 0.453912 -0.890723
vn 0.276483 0.494969 -0.823749
vn 0.317009 0.359310 -0.877725
vn 0.557508 -0.191803 -0.807711
vn 0.340389 -0.152895 -0.927771
vn 0.269496 -0.384095 -0.883087
vn 0.495887 -0.384390 -0.778679
vn -0.024001 0.453912 -0.890723
vn -0.044399 0.569382 -0.820873
vn 0.258000 0.577300 -0.774700
vn 0.276483 0.494969 -0.823749
vn 0.598599 -0.109000 -0.793598
vn 0.375794 -0.065499 -0.924386
vn 0.340389 -0.152895 -0.927771
vn 0.557508 -0.191803 -0.807711
vn -0.044399 0.569382 -0.820873
vn -0.036800 0.605497 -0.794996
vn 0.256698 0.598995 -0.758493
vn 0.258000 0.577300 -0.774700
vn 0.494296 -0.305098 -0.813994
vn 0.218604 -0.294805 -0.930216
vn 0.287983 -0.056897 -0.955944
vn 0.551309 -0.049801 -0.832814
vn 0.382110 0.408511 -0.828922
vn 0.369422 0.396024 -0.840650
vn 0.092202 0.437210 -0.894621
vn 0.105296 0.448883 -0.887365
vn -0.828497 0.551298 -0.098300
vn -0.863165 0.484280 -0.142894
vn -0.959196 0.282699 -0.005000
vn -0.925054 0.373881 0.066997
vn -0.234508 0.213707 -0.948333
vn 0.039899 0.298493 -0.953577
vn 0.092097 0.152696 -0.983973
vn -0.195103 0.069501 -0.978317
vn 0.604891 0.411094 -0.681989
vn 0.563508 0.577208 -0.591008
vn 0.345983 0.589571 -0.729864
vn 0.416624 0.452526 -0.788445
vn -0.284504 0.383305 -0.878712
vn -0.024001 0.453912 -0.890723
vn 0.039899 0.298493 -0.953577
vn -0.234508 0.213707 -0.948333
vn 0.883876 -0.052299 -0.464788
vn 0.874985 -0.073799 -0.478492
vn 0.707294 -0.006000 -0.706894
vn 0.717690 0.010100 -0.696290
vn -0.312903 0.516905 -0.796807
vn -0.044399 0.569382 -0.820873
vn -0.024001 0.453912 -0.890723
vn -0.284504 0.383305 -0.878712
vn 0.972961 -0.108696 -0.203792
vn 0.966801 -0.133800 -0.217700
vn 0.874985 -0.073799 -0.478492
vn 0.883876 -0.052299 -0.464788
vn -0.316790 0.561582 -0.764376
vn -0.036800 0.605497 -0.794996
vn -0.044399 0.569382 -0.820873
vn -0.312903 0.516905 -0.796807
vn 0.597400 0.084300 -0.797500
vn 0.551309 -0.049801 -0.832814
vn 0.287983 -0.056897 -0.955944
vn 0.355088 0.108896 -0.928469
vn -0.259302 -0.181401 -0.948607
vn -0.346410 -0.100103 -0.932727
vn -0.042800 -0.148400 -0.988001
vn 0.062100 -0.261899 -0.963095
vn 0.008400 0.307594 -0.951481
vn -0.261805 0.351806 -0.898716
vn -0.299017 0.421424 -0.856149
vn -0.030999 0.384587 -0.922568
vn -0.312611 0.140505 -0.939432
vn 0.000100 0.232499 -0.972597
vn -0.069597 0.111195 -0.991359
vn -0.393989 -0.008600 -0.919075
vn 0.072102 -0.141403 0.987323
vn 0.169403 -0.234204 0.957315
vn 0.418391 -0.281994 0.863382
vn 0.347077 -0.247683 0.904539
vn 0.768880 0.638784 -0.027899
vn 0.921126 0.359410 0.149504
vn 0.787388 0.613991 0.055099
vn 0.554291 0.820887 -0.137498
vn -0.965790 0.255497 0.044400
vn -0.969723 0.234606 0.067802
vn -0.878489 0.442395 -0.180398
vn -0.885101 0.398200 -0.240900
vn 0.915302 0.341401 -0.213700
vn 0.720281 0.448388 -0.529286
vn 0.797998 0.295399 -0.525299
vn 0.956245 0.216110 -0.197209
vn 0.304700 0.209600 -0.929100
vn 0.271702 0.117301 -0.955206
vn 0.533800 0.173600 -0.827600
vn 0.564802 0.267401 -0.780702
vn -0.317312 -0.038601 -0.947535
vn -0.380288 -0.161995 -0.910571
vn -0.612177 -0.161894 -0.773970
vn -0.566997 -0.084300 -0.819395
vn -0.251802 -0.360803 -0.898007
vn -0.280205 -0.100002 -0.954717
vn -0.517916 -0.129804 -0.845526
vn -0.505112 -0.316008 -0.803119
vn 0.492977 -0.100995 -0.864160
vn 0.534504 -0.138101 -0.833807
vn 0.275688 0.027399 -0.960857
vn 0.224392 0.016099 -0.974366
vn 0.046901 -0.065802 -0.996730
vn -0.110203 0.436913 -0.892727
vn -0.410104 0.221602 -0.884708
vn -0.280205 -0.100002 -0.954717
vn 0.741897 -0.116600 -0.660298
vn 0.494581 -0.135095 -0.858568
vn 0.599976 -0.079397 -0.796068
vn 0.832831 -0.098904 -0.544620
vn 0.928793 -0.252898 0.270898
vn 0.948465 -0.293489 -0.119496
vn 0.993552 0.090796 0.067897
vn 0.899724 0.048001 0.433812
vn 0.895316 -0.073601 -0.439308
vn 0.881592 -0.180598 -0.436096
vn 0.681076 -0.193893 -0.706075
vn 0.741897 -0.116600 -0.660298
vn 0.681076 -0.193893 -0.706075
vn 0.482730 -0.181511 -0.856753
vn 0.494581 -0.135095 -0.858568
vn 0.741897 -0.116600 -0.660298
vn 0.059499 -0.406792 -0.911581
vn -0.251802 -0.360803 -0.898007
vn -0.244405 -0.408308 -0.879517
vn 0.045000 -0.434599 -0.899499
vn 0.881592 -0.180598 -0.436096
vn 0.952066 -0.207893 -0.224392
vn 0.730493 -0.183898 -0.657694
vn 0.681076 -0.193893 -0.706075
vn 0.046901 -0.065802 -0.996730
vn -0.280205 -0.100002 -0.954717
vn -0.251802 -0.360803 -0.898007
vn 0.059499 -0.406792 -0.911581
vn 0.909760 0.160193 -0.382983
vn 0.692195 0.324398 -0.644695
vn 0.621494 -0.066499 -0.780592
vn 0.730493 -0.183898 -0.657694
vn 0.955455 0.207390 0.209990
vn 0.875238 0.393617 -0.281112
vn 0.692195 0.324398 -0.644695
vn 0.909760 0.160193 -0.382983
vn 0.836493 -0.237998 -0.493596
vn 0.868756 -0.085096 -0.487875
vn 0.971048 -0.130193 -0.200289
vn 0.950657 -0.230290 -0.207891
vn 0.955455 0.207390 0.209990
vn 0.899724 0.048001 0.433812
vn 0.993552 0.090796 0.067897
vn 0.875238 0.393617 -0.281112
vn 0.826185 0.048699 0.561290
vn 0.725541 0.013901 0.688039
vn 0.899724 0.048001 0.433812
vn 0.955455 0.207390 0.209990
vn 0.798514 -0.195604 0.569310
vn 0.928793 -0.252898 0.270898
vn 0.899724 0.048001 0.433812
vn 0.725541 0.013901 0.688039
vn -0.850121 -0.520613 -0.079102
vn -0.807026 -0.440114 -0.393712
vn -0.855201 -0.475600 -0.206000
vn -0.835096 -0.540697 0.101299
vn 0.106200 -0.306899 -0.945798
vn 0.391794 -0.343095 -0.853688
vn 0.386899 -0.326199 -0.862498
vn 0.099902 -0.293507 -0.950723
vn 0.225706 0.498614 -0.836923
vn 0.203510 0.323615 -0.924044
vn 0.502986 0.270793 -0.820778
vn 0.504209 0.475608 -0.720812
vn -0.851416 -0.494610 0.174503
vn -0.877165 -0.444282 0.182193
vn -0.976125 -0.167404 0.138404
vn -0.967584 -0.206497 0.145398
vn 0.600284 0.457688 0.655882
vn 0.443683 0.565578 0.695174
vn 0.291286 0.764564 0.574973
vn 0.491001 0.711201 0.503101
vn 0.175094 -0.186794 -0.966669
vn 0.447229 -0.212314 -0.868855
vn 0.415894 -0.301196 -0.858087
vn 0.140895 -0.266191 -0.953568
vn -0.899286 0.083099 0.429394
vn -0.870979 0.058799 0.487788
vn -0.792092 -0.210398 0.572994
vn -0.825893 -0.218198 0.519895
vn -0.876332 -0.433616 -0.209808
vn -0.856607 -0.444204 -0.262502
vn -0.744916 -0.421909 -0.516811
vn -0.761564 -0.436579 -0.478977
vn -0.863044 0.502026 -0.055903
vn -0.909892 0.399996 -0.109999
vn -0.991170 0.128296 0.033499
vn -0.953233 0.274210 0.127104
vn 0.913521 0.229005 0.336208
vn 0.884461 -0.098596 0.456080
vn 0.887123 -0.318408 0.334109
vn 0.962125 -0.000900 0.272607
vn 0.319995 -0.308495 0.895787
vn 0.406011 -0.348709 0.844723
vn 0.611413 -0.218605 0.760517
vn 0.542105 -0.182702 0.820208
vn 0.786215 0.578711 0.216704
vn 0.838591 0.291997 0.459895
vn 0.884549 0.450374 0.121393
vn 0.741184 0.664286 -0.096798
vn -0.921937 0.364115 -0.132105
vn -0.931129 0.354011 -0.087603
vn -0.990915 0.130502 0.032500
vn -0.992402 0.121300 -0.020600
vn -0.873865 -0.457782 0.163693
vn -0.863307 -0.438804 0.249302
vn -0.812811 -0.322204 0.485307
vn -0.832997 -0.362599 0.417898
vn -0.931129 0.354011 -0.087603
vn -0.927890 0.367796 -0.061199
vn -0.978622 0.166304 0.121003
vn -0.990915 0.130502 0.032500
vn -0.744916 -0.421909 -0.516811
vn -0.856607 -0.444204 -0.262502
vn -0.890673 -0.349489 -0.290791
vn -0.779608 -0.315303 -0.541106
vn -0.927890 0.367796 -0.061199
vn -0.905100 0.405600 -0.127600
vn -0.954369 0.258692 0.149195
vn -0.978622 0.166304 0.121003
vn -0.959868 0.280291 -0.009500
vn -0.914165 0.248690 0.320088
vn -0.913183 0.133997 0.384893
vn -0.954369 0.258692 0.149195
vn 0.700210 -0.357105 -0.618209
vn 0.507026 -0.357619 -0.784241
vn 0.478304 -0.296002 -0.826806
vn 0.678091 -0.316396 -0.663391
vn 0.201892 -0.086697 -0.975563
vn 0.221800 0.053900 -0.973601
vn 0.490486 0.017400 -0.871275
vn 0.471999 -0.109300 -0.874798
vn -0.959868 0.280291 -0.009500
vn -0.977476 0.065598 -0.200595
vn -0.992597 0.015200 0.120500
vn -0.914165 0.248690 0.320088
vn 0.221800 0.053900 -0.973601
vn 0.235008 0.262309 -0.935930
vn 0.505297 0.216699 -0.835295
vn 0.490486 0.017400 -0.871275
vn -0.888189 0.008800 -0.459394
vn -0.867985 0.106698 -0.484992
vn -0.714266 0.012299 -0.699766
vn -0.729511 -0.077101 -0.679610
vn 0.235008 0.262309 -0.935930
vn 0.239290 0.434781 -0.868162
vn 0.507710 0.385607 -0.770414
vn 0.505297 0.216699 -0.835295
vn 0.830702 0.265001 0.489601
vn 0.799109 0.431405 0.418705
vn 0.752599 0.179300 0.633599
vn 0.750291 0.012400 0.660992
vn 0.239290 0.434781 -0.868162
vn 0.241886 0.488871 -0.838151
vn 0.508890 0.436791 -0.741785
vn 0.507710 0.385607 -0.770414
vn -0.805337 0.568126 -0.169308
vn -0.854109 0.437905 -0.280603
vn -0.950684 0.301595 -0.072399
vn -0.912571 0.408287 0.022699
vn 0.991167 0.128296 0.033599
vn 0.909902 0.400001 -0.109900
vn 0.863006 0.502103 -0.055800
vn 0.953221 0.274206 0.127203
vn -0.729511 -0.077101 -0.679610
vn -0.714266 0.012299 -0.699766
vn -0.487580 -0.090596 -0.868365
vn -0.501798 -0.159799 -0.850096
vn -0.797495 0.498197 -0.340298
vn -0.752872 0.320288 -0.574978
vn -0.631413 0.298206 -0.715815
vn -0.643180 0.490985 -0.587582
vn -0.854109 0.437905 -0.280603
vn -0.886287 0.252896 -0.387994
vn -0.975060 0.147994 -0.165393
vn -0.950684 0.301595 -0.072399
vn -0.932757 0.043398 -0.357884
vn -0.997669 -0.044299 -0.051898
vn -0.988634 -0.143005 -0.046402
vn -0.913614 -0.082101 -0.398206
vn 0.501915 -0.159805 -0.850026
vn 0.729557 -0.077096 -0.679560
vn 0.733086 -0.107498 -0.671587
vn 0.505294 -0.183598 -0.843190
vn -0.769063 -0.253688 -0.586672
vn -0.891516 -0.271105 -0.362907
vn -0.910715 -0.232904 -0.341106
vn -0.797408 -0.193702 -0.571506
vn 0.953221 0.274206 0.127203
vn 0.863006 0.502103 -0.055800
vn 0.827433 0.547222 -0.126105
vn 0.912047 0.401721 0.082404
vn 0.954369 0.258692 0.149195
vn 0.905149 0.405522 -0.127507
vn 0.927930 0.367712 -0.061102
vn 0.978627 0.166205 0.121103
vn -0.766018 -0.180304 -0.617014
vn -0.571029 -0.146007 -0.807841
vn -0.541600 -0.207200 -0.814701
vn -0.736225 -0.233108 -0.635322
vn 0.856607 -0.444204 -0.262502
vn 0.876355 -0.433578 -0.209789
vn 0.761600 -0.436600 -0.478900
vn 0.744960 -0.421877 -0.516772
vn -0.319506 0.086602 -0.943619
vn -0.311190 0.022999 -0.950069
vn -0.036498 0.018899 -0.999155
vn -0.061301 0.034701 -0.997516
vn -0.910776 0.173695 -0.374590
vn -0.908082 0.382693 -0.170097
vn -0.986593 0.163199 0.001100
vn -0.953927 -0.014100 -0.299708
vn 0.992404 0.121301 -0.020500
vn 0.921937 0.364115 -0.132105
vn 0.909902 0.400001 -0.109900
vn 0.991167 0.128296 0.033599
vn -0.839719 -0.047801 -0.540913
vn -0.805770 -0.134395 -0.576778
vn -0.873527 0.145204 -0.464614
vn -0.910776 0.173695 -0.374590
vn 0.990925 0.130403 0.032601
vn 0.931138 0.354014 -0.087504
vn 0.921937 0.364115 -0.132105
vn 0.992404 0.121301 -0.020500
vn 0.971422 -0.156904 0.178104
vn 0.949773 -0.071798 0.304591
vn 0.978627 0.166205 0.121103
vn 0.990925 0.130403 0.032601
vn 0.978627 0.166205 0.121103
vn 0.927930 0.367712 -0.061102
vn 0.931138 0.354014 -0.087504
vn 0.990925 0.130403 0.032601
vn -0.968801 0.228700 0.095500
vn -0.801594 0.593095 -0.075399
vn -0.858633 0.512519 0.008600
vn -0.923559 0.276588 0.265588
vn 0.882258 -0.318485 -0.346683
vn 0.908933 -0.304411 -0.284910
vn 0.731297 -0.379699 -0.566598
vn 0.700210 -0.357105 -0.618209
vn -0.884109 0.459905 -0.082701
vn -0.662464 0.725560 -0.186290
vn -0.801594 0.593095 -0.075399
vn -0.968801 0.228700 0.095500
vn 0.959869 0.280291 -0.009400
vn 0.892003 0.335801 -0.302601
vn 0.905149 0.405522 -0.127507
vn 0.954369 0.258692 0.149195
vn -0.670804 -0.190301 0.716804
vn -0.605820 -0.243808 0.757325
vn -0.424017 -0.142106 0.894436
vn -0.485009 -0.059001 0.872517
vn -0.281915 -0.259613 0.923648
vn 0.020701 -0.045802 0.998736
vn -0.134694 0.008100 0.990854
vn -0.424017 -0.142106 0.894436
vn 0.992585 0.015200 0.120598
vn 0.983791 -0.178198 0.020000
vn 0.947481 -0.153997 -0.280294
vn 0.977450 0.065697 -0.200690
vn 0.238594 0.961775 -0.134396
vn -0.007700 0.957207 -0.289302
vn 0.160210 0.914456 -0.371623
vn 0.429817 0.890636 -0.148406
vn 0.947481 -0.153997 -0.280294
vn 0.890699 -0.349499 -0.290700
vn 0.779608 -0.315303 -0.541106
vn 0.843089 -0.120098 -0.524193
vn 0.983791 -0.178198 0.020000
vn 0.933525 -0.358110 0.017000
vn 0.890699 -0.349499 -0.290700
vn 0.947481 -0.153997 -0.280294
vn 0.402298 -0.113099 -0.908496
vn 0.336717 -0.066603 -0.939247
vn 0.570587 -0.208295 -0.794382
vn 0.614893 -0.245297 -0.749491
vn 0.204503 -0.512608 -0.833913
vn 0.108198 -0.584588 -0.804083
vn -0.065102 -0.375013 -0.924731
vn 0.007500 -0.313007 -0.949721
vn 0.189392 -0.794065 0.577574
vn 0.449806 -0.866712 0.215603
vn -0.077200 -0.732104 0.676804
vn -0.529914 -0.287807 0.797721
vn 0.616366 -0.787457 0.002000
vn 0.556386 -0.752780 0.351791
vn -0.077200 -0.732104 0.676804
vn 0.449806 -0.866712 0.215603
vn 0.938123 -0.323108 -0.124603
vn 0.988620 -0.143103 -0.046401
vn 0.913651 -0.082105 -0.398122
vn 0.830757 -0.335882 -0.443877
vn 0.521411 -0.806817 -0.277806
vn 0.695308 -0.718709 0.002100
vn 0.616366 -0.787457 0.002000
vn 0.602403 -0.730404 -0.321902
vn 0.988620 -0.143103 -0.046401
vn 0.997675 -0.044299 -0.051799
vn 0.932791 0.043400 -0.357796
vn 0.913651 -0.082105 -0.398122
vn 0.946199 -0.286300 0.150800
vn 0.968697 -0.169899 0.180999
vn 0.988620 -0.143103 -0.046401
vn 0.938123 -0.323108 -0.124603
vn 0.084799 0.390496 -0.916691
vn 0.045599 0.555784 -0.830076
vn 0.338410 0.519315 -0.784723
vn 0.387503 0.315203 -0.866307
vn 0.805074 -0.581381 0.117696
vn 0.876020 -0.284106 0.389709
vn 0.795602 -0.523501 0.304901
vn 0.695308 -0.718709 0.002100
vn 0.045599 0.555784 -0.830076
vn 0.008100 0.681900 -0.731400
vn 0.286707 0.658617 -0.695718
vn 0.338410 0.519315 -0.784723
vn -0.035300 0.178598 0.983289
vn -0.218909 0.003700 0.975738
vn 0.060301 0.282005 0.957516
vn 0.223104 0.443007 0.868314
vn -0.360302 0.676103 -0.642703
vn -0.054601 0.734408 -0.676508
vn 0.008100 0.681900 -0.731400
vn -0.274508 0.652718 -0.706120
vn -0.313307 -0.129203 0.940822
vn -0.455576 -0.256787 0.852356
vn -0.218909 0.003700 0.975738
vn -0.035300 0.178598 0.983289
vn -0.347297 -0.419297 -0.838794
vn -0.412326 -0.376824 -0.829452
vn -0.117608 -0.461030 -0.879557
vn -0.035699 -0.479584 -0.876770
vn -0.455576 -0.256787 0.852356
vn -0.573408 -0.246804 0.781211
vn -0.363400 -0.061500 0.929601
vn -0.218909 0.003700 0.975738
vn -0.178801 0.435601 -0.882203
vn 0.084799 0.390496 -0.916691
vn 0.157402 0.207402 -0.965510
vn -0.124398 0.335795 -0.933685
vn -0.412326 -0.376824 -0.829452
vn -0.490205 -0.202702 -0.847709
vn -0.208693 -0.283891 -0.935870
vn -0.117608 -0.461030 -0.879557
vn -0.235804 0.547910 -0.802615
vn 0.045599 0.555784 -0.830076
vn 0.084799 0.390496 -0.916691
vn -0.178801 0.435601 -0.882203
vn -0.332682 0.242787 0.911250
vn -0.146000 0.251801 0.956703
vn 0.020100 0.020400 0.999590
vn -0.087497 0.151594 0.984563
vn -0.274508 0.652718 -0.706120
vn 0.008100 0.681900 -0.731400
vn 0.045599 0.555784 -0.830076
vn -0.235804 0.547910 -0.802615
vn -0.607291 0.110998 -0.786688
vn -0.379416 0.096904 -0.920138
vn -0.354603 -0.036400 -0.934308
vn -0.606128 0.007000 -0.795336
vn -0.815096 0.051900 -0.576997
vn -0.823508 0.118901 -0.554705
vn -0.607291 0.110998 -0.786688
vn -0.606128 0.007000 -0.795336
vn -0.790076 0.005800 -0.612981
vn -0.815096 0.051900 -0.576997
vn -0.606128 0.007000 -0.795336
vn -0.566523 -0.072703 -0.820833
vn -0.530912 0.812818 0.239705
vn -0.705909 0.639508 0.304504
vn -0.631405 0.773606 -0.053500
vn -0.416187 0.907572 -0.055698
vn -0.823508 0.118901 -0.554705
vn -0.822318 0.218005 -0.525611
vn -0.591585 0.287393 -0.753281
vn -0.607291 0.110998 -0.786688
vn -0.814089 0.392095 -0.428394
vn -0.590393 0.526794 -0.611493
vn -0.591585 0.287393 -0.753281
vn -0.822318 0.218005 -0.525611
vn 0.117005 -0.892738 0.435119
vn 0.049401 -0.699612 0.712813
vn -0.471895 -0.335096 0.815491
vn -0.093299 -0.812394 0.575596
vn -0.627868 -0.466976 -0.622668
vn -0.640273 -0.356385 -0.680471
vn -0.403805 -0.354404 -0.843410
vn -0.387005 -0.450006 -0.804811
vn -0.410299 0.891597 0.191599
vn -0.530912 0.812818 0.239705
vn -0.416187 0.907572 -0.055698
vn -0.271113 0.960247 -0.066503
vn -0.802467 0.520879 -0.291088
vn -0.800214 0.549509 -0.240204
vn -0.583872 0.728265 -0.358783
vn -0.583223 0.690028 -0.428617
vn -0.529906 -0.120801 -0.839409
vn -0.481713 -0.229206 -0.845823
vn -0.246998 -0.243998 -0.937793
vn -0.285701 -0.165600 -0.943902
vn -0.884277 0.148296 0.442789
vn -0.861413 0.412806 0.295904
vn -0.921298 0.277799 0.272099
vn -0.893028 0.013000 0.449814
vn -0.750684 -0.064699 -0.657486
vn -0.732717 -0.189505 -0.653616
vn -0.481713 -0.229206 -0.845823
vn -0.529906 -0.120801 -0.839409
vn 0.870950 0.058903 0.487828
vn 0.792047 -0.210386 0.573062
vn 0.694613 -0.246005 0.676013
vn 0.799506 0.038800 0.599404
vn -0.712612 0.118302 -0.691512
vn -0.465776 0.168791 -0.868655
vn -0.462501 0.030300 -0.886101
vn -0.704103 0.023700 -0.709703
vn -0.882916 0.091602 0.460508
vn -0.833155 0.349781 0.428377
vn -0.694010 0.209503 0.688810
vn -0.776493 -0.006300 0.630094
vn -0.793971 0.200393 0.573979
vn -0.820895 0.457797 0.341398
vn -0.860468 0.310988 0.403585
vn -0.802997 0.030600 0.595197
vn -0.880784 0.011000 0.473391
vn -0.882916 0.091602 0.460508
vn -0.776493 -0.006300 0.630094
vn -0.775610 -0.175902 0.606208
vn -0.387005 -0.450006 -0.804811
vn -0.403805 -0.354404 -0.843410
vn -0.128393 -0.323283 -0.937552
vn -0.136093 -0.398180 -0.907155
vn -0.640273 -0.356385 -0.680471
vn -0.674421 -0.214107 -0.706622
vn -0.436284 -0.225992 -0.870968
vn -0.403805 -0.354404 -0.843410
vn 0.551133 -0.373723 0.746045
vn 0.249695 -0.322393 0.913080
vn 0.513323 0.033601 0.857538
vn 0.740968 0.022299 0.671171
vn -0.436284 -0.225992 -0.870968
vn -0.455829 -0.089506 -0.885556
vn -0.182298 -0.093499 -0.978788
vn -0.151997 -0.218696 -0.963882
vn -0.674421 -0.214107 -0.706622
vn -0.693572 -0.076897 -0.716271
vn -0.455829 -0.089506 -0.885556
vn -0.436284 -0.225992 -0.870968
vn -0.884277 0.148296 0.442789
vn -0.860468 0.310988 0.403585
vn -0.817808 0.516305 0.254203
vn -0.861413 0.412806 0.295904
vn -0.704103 0.023700 -0.709703
vn -0.462501 0.030300 -0.886101
vn -0.455829 -0.089506 -0.885556
vn -0.693572 -0.076897 -0.716271
vn -0.860468 0.310988 0.403585
vn -0.820895 0.457797 0.341398
vn -0.755003 0.633702 0.168501
vn -0.817808 0.516305 0.254203
vn -0.465776 0.168791 -0.868655
vn -0.209797 0.197997 -0.957487
vn -0.202094 0.034099 -0.978772
vn -0.462501 0.030300 -0.886101
vn -0.820895 0.457797 0.341398
vn -0.798867 0.546778 0.250690
vn -0.743299 0.666299 0.059600
vn -0.755003 0.633702 0.168501
vn -0.478800 0.381500 -0.790701
vn -0.212796 0.428792 -0.877984
vn -0.209797 0.197997 -0.957487
vn -0.465776 0.168791 -0.868655
vn 0.261491 0.008600 -0.965168
vn 0.179991 0.005500 -0.983653
vn 0.482311 -0.099602 -0.870319
vn 0.555606 -0.041500 -0.830409
vn 0.310908 0.196405 -0.929925
vn 0.320101 0.146401 -0.936003
vn 0.574083 0.232893 -0.784977
vn 0.548727 0.305615 -0.778138
vn 0.209296 -0.287994 0.934481
vn 0.251608 -0.294209 0.922028
vn 0.485901 -0.170600 0.857202
vn 0.470424 -0.180209 0.863844
vn 0.684599 -0.248100 -0.685399
vn 0.752285 -0.153997 -0.640587
vn 0.883172 -0.231593 -0.407887
vn 0.832006 -0.310102 -0.460003
vn 0.874985 -0.073799 -0.478492
vn 0.853609 -0.146102 -0.500005
vn 0.683672 -0.067397 -0.726670
vn 0.707294 -0.006000 -0.706894
vn -0.333589 0.411487 -0.848173
vn -0.590927 0.347316 -0.728133
vn -0.592317 0.379711 -0.710620
vn -0.336895 0.445293 -0.829588
vn 0.339606 0.738714 -0.582211
vn 0.620591 0.620291 -0.479693
vn 0.494013 0.663817 -0.561514
vn 0.178496 0.742883 -0.645185
vn 0.818093 0.156099 0.553495
vn 0.740968 0.022299 0.671171
vn 0.796867 0.315587 0.515178
vn 0.811777 0.423488 0.402089
vn -0.042802 0.218309 -0.974941
vn -0.321385 0.192591 -0.927157
vn -0.328811 0.310110 -0.892029
vn -0.046899 0.341592 -0.938678
vn -0.328811 0.310110 -0.892029
vn -0.589207 0.251603 -0.767809
vn -0.590927 0.347316 -0.728133
vn -0.333589 0.411487 -0.848173
vn -0.478193 -0.223697 0.849288
vn -0.654674 0.007900 0.755870
vn -0.458226 0.077504 0.885450
vn -0.195908 -0.027401 0.980239
vn 0.249695 -0.322393 0.913080
vn -0.071098 -0.143597 0.987079
vn 0.263003 0.116701 0.957711
vn 0.513323 0.033601 0.857538
vn -0.010000 -0.049701 -0.998714
vn -0.292591 -0.054698 -0.954672
vn -0.314586 0.090996 -0.944857
vn -0.035300 0.106400 -0.993697
vn 0.221409 0.373215 0.900937
vn 0.023600 0.186803 0.982114
vn 0.171292 -0.063797 0.983153
vn 0.371610 0.114303 0.921325
vn -0.240306 0.293307 -0.925324
vn -0.015200 0.194305 -0.980823
vn 0.073204 0.076904 -0.994348
vn -0.174594 0.204993 -0.963065
vn 0.880719 0.011100 0.473510
vn 0.775563 -0.175892 0.606271
vn 0.776404 -0.006400 0.630203
vn 0.882916 0.091602 0.460508
vn -0.300980 0.422672 -0.854844
vn -0.052400 0.363299 -0.930198
vn -0.015200 0.194305 -0.980823
vn -0.240306 0.293307 -0.925324
vn 0.044599 -0.270496 -0.961687
vn 0.091398 -0.418990 -0.903379
vn -0.192701 -0.425703 -0.884106
vn -0.251707 -0.268107 -0.929926
vn -0.332112 0.541919 -0.772027
vn -0.060100 0.524801 -0.849101
vn -0.052400 0.363299 -0.930198
vn -0.300980 0.422672 -0.854844
vn 0.020100 0.020400 0.999590
vn 0.224100 -0.083300 0.971000
vn 0.382812 -0.293609 0.875927
vn 0.236107 -0.191206 0.952730
vn -0.362105 0.636908 -0.680609
vn -0.066300 0.648997 -0.757897
vn -0.060100 0.524801 -0.849101
vn -0.332112 0.541919 -0.772027
vn -0.193406 -0.486814 -0.851825
vn -0.269403 -0.384105 -0.883111
vn -0.495811 -0.384409 -0.778718
vn -0.461714 -0.473114 -0.750322
vn -0.269403 -0.384105 -0.883111
vn -0.340301 -0.152900 -0.927802
vn -0.557463 -0.191787 -0.807746
vn -0.495811 -0.384409 -0.778718
vn 0.671395 0.675295 -0.305298
vn 0.427186 0.816972 -0.387387
vn 0.425102 0.830604 -0.359702
vn 0.668700 0.694400 -0.265800
vn 0.707088 -0.030000 -0.706488
vn 0.678205 -0.220202 -0.701105
vn 0.471801 -0.179200 -0.863302
vn 0.504783 0.036599 -0.862470
vn -0.340301 -0.152900 -0.927802
vn -0.375708 -0.065501 -0.924420
vn -0.598599 -0.109000 -0.793598
vn -0.557463 -0.191787 -0.807746
vn -0.035299 0.713384 -0.699884
vn -0.003400 0.737615 -0.675213
vn 0.014000 0.902485 -0.430493
vn -0.006100 0.887074 -0.461587
vn -0.906769 0.414686 -0.076197
vn -0.832137 0.508323 -0.221710
vn -0.962578 0.267194 -0.045299
vn -0.983130 0.155005 0.097103
vn -0.733883 0.634785 -0.241794
vn -0.618073 0.692970 -0.371184
vn -0.832137 0.508323 -0.221710
vn -0.906769 0.414686 -0.076197
vn -0.647300 0.727400 -0.227800
vn -0.732176 0.665978 -0.142795
vn -0.524700 0.783200 -0.333600
vn -0.433687 0.806575 -0.401688
vn -0.618073 0.692970 -0.371184
vn -0.506198 0.676497 -0.534898
vn -0.742664 0.532874 -0.405580
vn -0.832137 0.508323 -0.221710
vn 0.870007 -0.456404 -0.186502
vn 0.865587 -0.488393 -0.110598
vn 0.785005 -0.488003 -0.381602
vn 0.742386 -0.474891 -0.472591
vn -0.209000 0.350100 0.913099
vn -0.163903 0.226104 0.960215
vn 0.075999 0.192298 0.978389
vn -0.045599 0.218494 0.974772
vn 0.925347 0.169509 0.339117
vn 0.903298 0.314399 0.291899
vn 0.981117 0.190203 0.035101
vn 0.990855 0.128394 0.041498
vn 0.865587 -0.488393 -0.110598
vn 0.911273 -0.406688 -0.064698
vn 0.884101 -0.358700 -0.299500
vn 0.785005 -0.488003 -0.381602
vn -0.684060 -0.573467 -0.450774
vn -0.659639 -0.567534 -0.492729
vn -0.439098 -0.596897 -0.671497
vn -0.481309 -0.572910 -0.663412
vn 0.767582 0.386791 0.511088
vn 0.816194 0.382997 0.432597
vn 0.900830 0.365712 0.234008
vn 0.903298 0.314399 0.291899
vn -0.278007 0.116203 -0.953525
vn -0.224301 -0.109900 -0.968303
vn -0.496919 -0.084903 -0.863633
vn -0.524591 0.129898 -0.841386
vn -0.971915 -0.126402 0.198503
vn -0.990243 -0.072003 0.119305
vn -0.911025 -0.303808 0.278808
vn -0.890399 -0.364600 0.272500
vn -0.737176 0.590480 0.328489
vn -0.702085 0.659086 0.269594
vn -0.648098 0.760798 0.034000
vn -0.666629 0.736433 0.115205
vn -0.962151 -0.000900 0.272515
vn -0.971915 -0.126402 0.198503
vn -0.890399 -0.364600 0.272500
vn -0.887174 -0.318391 0.333990
vn -0.224301 -0.109900 -0.968303
vn -0.192603 -0.342905 -0.919413
vn -0.463209 -0.314906 -0.828415
vn -0.496919 -0.084903 -0.863633
vn -0.913500 0.229100 0.336200
vn -0.962151 -0.000900 0.272515
vn -0.887174 -0.318391 0.333990
vn -0.884501 -0.098600 0.456000
vn -0.192603 -0.342905 -0.919413
vn -0.172805 -0.500314 -0.848424
vn -0.450477 -0.487775 -0.747761
vn -0.463209 -0.314906 -0.828415
vn -0.818739 0.167708 0.549126
vn -0.819750 0.443627 0.362222
vn -0.913500 0.229100 0.336200
vn -0.884501 -0.098600 0.456000
vn -0.172805 -0.500314 -0.848424
vn -0.174202 -0.576506 -0.798308
vn -0.439098 -0.596897 -0.671497
vn -0.450477 -0.487775 -0.747761
vn -0.740217 0.372108 0.560013
vn -0.737176 0.590480 0.328489
vn -0.819750 0.443627 0.362222
vn -0.818739 0.167708 0.549126
vn -0.174202 -0.576506 -0.798308
vn -0.245190 -0.520080 -0.818168
vn -0.481309 -0.572910 -0.663412
vn -0.439098 -0.596897 -0.671497
vn -0.698279 0.477286 0.533484
vn -0.702085 0.659086 0.269594
vn -0.737176 0.590480 0.328489
vn -0.740217 0.372108 0.560013
vn -0.245190 -0.520080 -0.818168
vn -0.395693 -0.338094 -0.853885
vn -0.599330 -0.415321 -0.684334
vn -0.481309 -0.572910 -0.663412
vn 0.710908 -0.088401 -0.697707
vn 0.687340 -0.048103 -0.724742
vn 0.600714 -0.303007 -0.739817
vn 0.607565 -0.315182 -0.729058
vn 0.349183 0.146993 -0.925454
vn 0.343595 0.128498 -0.930285
vn 0.596913 0.197104 -0.777717
vn 0.590805 0.233102 -0.772407
vn -0.852469 0.521081 -0.042098
vn -0.845428 0.524317 -0.101703
vn -0.956390 0.290097 0.034100
vn -0.953395 0.283599 0.103000
vn 0.912569 0.408286 0.022799
vn 0.805372 0.568080 -0.169294
vn 0.787909 0.603807 -0.120901
vn 0.899406 0.431903 0.067300
vn 0.960949 -0.275285 -0.028199
vn 0.891516 -0.271105 -0.362907
vn 0.910715 -0.232904 -0.341106
vn 0.964820 -0.261805 -0.024100
vn -0.663275 0.712673 -0.228391
vn -0.696814 0.658413 -0.284506
vn -0.864357 0.470477 -0.177591
vn -0.845428 0.524317 -0.101703
vn -0.040200 -0.344596 -0.937890
vn -0.024300 -0.396999 -0.917497
vn 0.257798 -0.353797 -0.899093
vn 0.240414 -0.312318 -0.919053
vn 0.347077 -0.247683 0.904539
vn 0.418391 -0.281994 0.863382
vn 0.654889 -0.309395 0.689489
vn 0.552572 -0.328583 0.765961
vn 0.860040 0.392818 -0.325615
vn 0.669308 0.589907 -0.451705
vn 0.674307 0.642107 -0.364704
vn 0.857115 0.442508 -0.263705
vn -0.724069 0.557876 -0.405583
vn -0.688358 0.419075 -0.592064
vn -0.851805 0.360802 -0.379802
vn -0.874500 0.411900 -0.256100
vn -0.851805 0.360802 -0.379802
vn -0.804217 0.185604 -0.564612
vn -0.957924 0.179704 -0.223806
vn -0.966051 0.254313 -0.045502
vn -0.688358 0.419075 -0.592064
vn -0.629677 0.178494 -0.756073
vn -0.804217 0.185604 -0.564612
vn -0.851805 0.360802 -0.379802
vn -0.153694 0.208992 -0.965764
vn 0.069597 0.111195 -0.991359
vn 0.174408 0.075903 -0.981744
vn -0.078198 0.162695 -0.983573
vn 0.224392 0.016099 -0.974366
vn 0.275688 0.027399 -0.960857
vn -0.007300 0.183209 -0.983047
vn -0.054698 0.127294 -0.990356
vn -0.245902 0.301203 -0.921308
vn -0.000100 0.232499 -0.972597
vn 0.069597 0.111195 -0.991359
vn -0.153694 0.208992 -0.965764
vn -0.743708 0.660207 -0.105001
vn -0.748386 0.637288 -0.183797
vn -0.904373 0.423287 -0.054198
vn -0.896775 0.441888 0.022999
vn -0.304605 0.398706 -0.865014
vn -0.030199 0.384390 -0.922677
vn -0.000100 0.232499 -0.972597
vn -0.245902 0.301203 -0.921308
vn -0.583879 -0.269590 -0.765772
vn -0.575032 -0.450025 -0.683239
vn -0.742306 -0.474904 -0.472704
vn -0.768211 -0.287504 -0.572008
vn -0.322398 0.501897 -0.802595
vn -0.027000 0.535502 -0.844103
vn -0.030199 0.384390 -0.922677
vn -0.304605 0.398706 -0.865014
vn -0.575032 -0.450025 -0.683239
vn -0.623777 -0.435584 -0.648976
vn -0.785005 -0.488003 -0.381602
vn -0.742306 -0.474904 -0.472704
vn -0.306418 0.661240 -0.684741
vn -0.012700 0.698701 -0.715301
vn -0.027000 0.535502 -0.844103
vn -0.322398 0.501897 -0.802595
vn -0.911310 -0.406605 -0.064701
vn -0.865587 -0.488393 -0.110598
vn -0.785005 -0.488003 -0.381602
vn -0.884101 -0.358700 -0.299500
vn -0.297289 -0.058998 -0.952963
vn -0.304911 -0.219108 -0.926834
vn -0.575487 -0.108498 -0.810582
vn -0.574506 -0.012200 -0.818409
vn -0.823107 -0.173901 -0.540605
vn -0.932127 -0.276708 -0.233607
vn -0.884101 -0.358700 -0.299500
vn -0.750211 -0.247304 -0.613209
vn -0.044902 0.242409 -0.969135
vn -0.022800 0.526108 -0.850112
vn -0.416572 0.452570 -0.788447
vn -0.411210 0.182805 -0.893022
vn 0.612288 0.103098 -0.783884
vn 0.618830 0.146007 -0.771837
vn 0.814321 0.109903 -0.569915
vn 0.810288 0.066099 -0.582292
vn -0.660302 0.654602 -0.368101
vn -0.621893 0.513094 -0.591594
vn -0.397184 0.614576 -0.681573
vn -0.334118 0.768042 -0.546330
vn -0.660302 0.654602 -0.368101
vn -0.750797 0.642498 -0.153299
vn -0.623704 0.650104 -0.434003
vn -0.621893 0.513094 -0.591594
vn -0.762020 0.530314 -0.371610
vn -0.745760 0.364480 -0.557670
vn -0.923791 0.209198 -0.320697
vn -0.922080 0.318593 -0.219695
vn -0.160099 0.940791 -0.298797
vn -0.124898 0.775885 -0.618388
vn 0.003400 0.737615 -0.675213
vn -0.013900 0.902487 -0.430494
vn 0.415782 -0.042698 -0.908461
vn 0.684337 0.006200 -0.729139
vn 0.631987 -0.035099 -0.774184
vn 0.346586 -0.100096 -0.932662
vn 0.142202 0.155702 0.977515
vn 0.380119 0.227811 0.896444
vn 0.440801 0.138200 0.886902
vn 0.128900 0.247799 0.960198
vn -0.745760 0.364480 -0.557670
vn -0.726103 0.220701 -0.651203
vn -0.916325 0.187905 -0.353610
vn -0.923791 0.209198 -0.320697
vn -0.726103 0.220701 -0.651203
vn -0.711574 0.099196 -0.695574
vn -0.897118 0.122703 -0.424409
vn -0.916325 0.187905 -0.353610
vn -0.503000 0.071800 -0.861299
vn -0.464781 -0.082597 -0.881565
vn -0.692487 -0.038799 -0.720386
vn -0.711574 0.099196 -0.695574
vn -0.711574 0.099196 -0.695574
vn -0.692487 -0.038799 -0.720386
vn -0.881790 0.018100 -0.471295
vn -0.897118 0.122703 -0.424409
vn -0.109099 0.911094 -0.397498
vn 0.248592 0.894870 -0.370688
vn 0.052501 0.921626 -0.384511
vn -0.321888 0.869869 -0.373787
vn 0.212404 -0.859718 0.464510
vn 0.333091 -0.618284 0.711881
vn 0.049401 -0.699612 0.712813
vn 0.117005 -0.892738 0.435119
vn -0.340695 0.838988 -0.424294
vn -0.195597 0.862086 -0.467493
vn 0.053999 0.913478 -0.403290
vn -0.109099 0.911094 -0.397498
vn -0.105903 -0.133104 0.985428
vn -0.351809 0.048301 0.934825
vn -0.006900 0.316790 0.948471
vn 0.228190 0.184592 0.955958
vn -0.808000 -0.461000 -0.366900
vn -0.829385 -0.394093 -0.395993
vn -0.639100 -0.487000 -0.595300
vn -0.622487 -0.549288 -0.557488
vn -0.394297 -0.541096 -0.742795
vn -0.369500 -0.596500 -0.712500
vn -0.622487 -0.549288 -0.557488
vn -0.639100 -0.487000 -0.595300
vn -0.835465 -0.394884 -0.382184
vn -0.808000 -0.461000 -0.366900
vn -0.622487 -0.549288 -0.557488
vn -0.666401 -0.435201 -0.605401
vn -0.369500 -0.596500 -0.712500
vn -0.435086 -0.434386 -0.788675
vn -0.666401 -0.435201 -0.605401
vn -0.622487 -0.549288 -0.557488
vn -0.543197 -0.152199 -0.825695
vn -0.541600 -0.207200 -0.814701
vn -0.256693 -0.156896 -0.953673
vn -0.240599 -0.081500 -0.967197
vn -0.435086 -0.434386 -0.788675
vn -0.535396 -0.062399 -0.842293
vn -0.763436 -0.143107 -0.629830
vn -0.666401 -0.435201 -0.605401
vn -0.685087 0.710987 -0.158597
vn -0.784513 0.618910 -0.038601
vn -0.911429 0.411413 0.006000
vn -0.840898 0.538898 -0.049800
vn -0.826676 0.089697 -0.555484
vn -0.625821 0.149905 -0.765426
vn -0.619008 0.132602 -0.774110
vn -0.821350 0.063004 -0.566934
vn 0.346586 -0.100096 -0.932662
vn 0.631987 -0.035099 -0.774184
vn 0.555221 -0.083203 -0.827531
vn 0.259395 -0.181397 -0.948583
vn -0.728093 -0.063899 -0.682494
vn -0.533483 -0.015300 -0.845673
vn -0.505791 0.096998 -0.857185
vn -0.714949 0.027202 -0.698648
vn 0.476005 -0.051901 -0.877910
vn -0.403594 -0.124798 -0.906387
vn 0.191801 -0.319402 -0.928006
vn 0.806322 -0.166305 -0.567616
vn -0.780579 0.608784 -0.141696
vn -0.840898 0.538898 -0.049800
vn -0.950883 0.293895 0.097198
vn -0.906714 0.421706 -0.005800
vn -0.102901 0.160801 -0.981608
vn -0.673242 0.010601 -0.739346
vn -0.403594 -0.124798 -0.906387
vn 0.476005 -0.051901 -0.877910
vn -0.900311 0.418805 -0.118501
vn -0.693498 0.696698 -0.183500
vn -0.815173 0.549082 0.184394
vn -0.916372 0.272692 0.293091
vn -0.853469 0.050598 0.518681
vn -0.844783 -0.036099 0.533890
vn -0.897989 0.262697 0.352996
vn -0.866928 0.407013 0.287709
vn -0.621958 -0.454069 -0.637957
vn -0.537918 -0.497117 -0.680823
vn -0.315411 -0.467817 -0.825629
vn -0.272193 -0.446689 -0.852279
vn -0.571029 -0.146007 -0.807841
vn -0.595880 -0.021999 -0.802772
vn -0.338691 0.020499 -0.940674
vn -0.301884 -0.096495 -0.948449
vn -0.537918 -0.497117 -0.680823
vn -0.525801 -0.472201 -0.707502
vn -0.278396 -0.463393 -0.841287
vn -0.315411 -0.467817 -0.825629
vn 0.027001 0.002000 0.999633
vn 0.211994 0.206194 0.955271
vn 0.380119 0.227811 0.896444
vn 0.142202 0.155702 0.977515
vn -0.525801 -0.472201 -0.707502
vn -0.564892 -0.347795 -0.748289
vn -0.303802 -0.354802 -0.884206
vn -0.278396 -0.463393 -0.841287
vn -0.404085 -0.340788 0.848869
vn -0.199405 -0.646815 0.736117
vn -0.278398 -0.271498 0.921294
vn -0.277598 -0.115799 0.953693
vn -0.564892 -0.347795 -0.748289
vn -0.619202 -0.109900 -0.777503
vn -0.374411 -0.120303 -0.919426
vn -0.303802 -0.354802 -0.884206
vn 0.952213 0.189803 0.239303
vn 0.912569 0.408286 0.022799
vn 0.899406 0.431903 0.067300
vn 0.941400 0.204800 0.268000
vn -0.847183 0.069099 -0.526789
vn -0.652521 0.078203 -0.753724
vn -0.619202 -0.109900 -0.777503
vn -0.816697 -0.085500 -0.570698
vn -0.864577 0.130397 -0.485287
vn -0.666107 0.221502 -0.712207
vn -0.652521 0.078203 -0.753724
vn -0.847183 0.069099 -0.526789
vn -0.666107 0.221502 -0.712207
vn -0.448192 0.278695 -0.849384
vn -0.431604 0.083301 -0.898209
vn -0.652521 0.078203 -0.753724
vn -0.866255 0.285085 -0.410279
vn -0.670468 0.431479 -0.603571
vn -0.666107 0.221502 -0.712207
vn -0.864577 0.130397 -0.485287
vn -0.670468 0.431479 -0.603571
vn -0.443680 0.526576 -0.725167
vn -0.448192 0.278695 -0.849384
vn -0.666107 0.221502 -0.712207
vn -0.800470 0.193793 0.567179
vn -0.931103 0.261101 0.254701
vn -0.925929 0.180806 0.331610
vn -0.805483 -0.061799 0.589388
vn -0.661724 0.599822 -0.449816
vn -0.432110 0.709316 -0.556913
vn -0.443680 0.526576 -0.725167
vn -0.670468 0.431479 -0.603571
vn 0.086095 0.969944 -0.227587
vn -0.152895 0.981470 -0.115496
vn -0.238594 0.961775 -0.134396
vn 0.007700 0.957207 -0.289302
vn -0.418718 -0.120105 -0.900139
vn -0.353004 -0.345204 -0.869610
vn -0.579600 -0.394400 -0.713100
vn -0.644606 -0.171602 -0.745007
vn -0.851129 0.498017 -0.166006
vn -0.808086 0.527991 -0.261195
vn -0.929789 0.360496 -0.074399
vn -0.940695 0.334698 0.055400
vn -0.680494 0.650195 -0.337897
vn -0.741184 0.664286 -0.096798
vn -0.515292 0.801287 -0.303995
vn -0.426107 0.770613 -0.473908
vn -0.658732 0.633931 -0.405220
vn -0.588516 0.669918 -0.452612
vn -0.808086 0.527991 -0.261195
vn -0.851129 0.498017 -0.166006
vn -0.588516 0.669918 -0.452612
vn -0.603872 0.711667 -0.358983
vn -0.813082 0.518288 -0.265094
vn -0.808086 0.527991 -0.261195
vn -0.813082 0.518288 -0.265094
vn -0.842102 0.459101 -0.283001
vn -0.957776 0.217194 -0.188395
vn -0.935405 0.313402 -0.163701
vn -0.603872 0.711667 -0.358983
vn -0.658695 0.664995 -0.351997
vn -0.842102 0.459101 -0.283001
vn -0.813082 0.518288 -0.265094
vn -0.084195 0.267586 -0.959849
vn -0.102104 0.213308 -0.971635
vn 0.187309 0.269714 -0.944547
vn 0.207696 0.323694 -0.923084
vn -0.819880 0.164196 0.548486
vn -0.897607 0.354703 0.261702
vn -0.931103 0.261101 0.254701
vn -0.800470 0.193793 0.567179
vn -0.773658 -0.096795 0.626166
vn -0.853469 0.050598 0.518681
vn -0.814354 0.314182 0.487972
vn -0.742818 0.083902 0.664216
vn -0.625421 0.578419 -0.523717
vn -0.808709 0.456205 -0.371304
vn -0.835904 0.413102 -0.361402
vn -0.662679 0.582182 -0.471085
vn -0.844783 -0.036099 0.533890
vn -0.853469 0.050598 0.518681
vn -0.773658 -0.096795 0.626166
vn -0.745290 -0.228697 0.626291
vn -0.808709 0.456205 -0.371304
vn -0.744389 0.506793 -0.434794
vn -0.911739 0.397017 -0.105404
vn -0.956746 0.252212 -0.145007
vn -0.443683 0.565578 0.695174
vn -0.291309 0.764523 0.575017
vn -0.229009 0.776429 0.587122
vn -0.404611 0.585815 0.702218
vn -0.987776 -0.007500 0.155696
vn -0.955235 0.037901 0.293411
vn -0.955678 0.288193 0.060199
vn -0.958291 0.279297 -0.060599
vn -0.985519 0.086902 0.145603
vn -0.987776 -0.007500 0.155696
vn -0.958291 0.279297 -0.060599
vn -0.928679 0.365092 -0.065299
vn -0.714762 0.399879 -0.573770
vn -0.697003 0.099700 -0.710103
vn -0.881201 0.042800 -0.470801
vn -0.899696 0.336299 -0.278299
vn -0.600415 0.457611 0.655816
vn -0.719707 0.211102 0.661406
vn -0.688380 0.537385 0.487186
vn -0.491077 0.711167 0.503076
vn -0.418718 -0.120105 -0.900139
vn -0.644606 -0.171602 -0.745007
vn -0.697003 0.099700 -0.710103
vn -0.477003 0.138601 -0.867905
vn -0.822597 0.118700 0.556098
vn -0.851976 0.396889 0.341490
vn -0.868209 0.287103 0.404704
vn -0.843235 0.004900 0.537522
vn -0.579600 -0.394400 -0.713100
vn -0.772199 -0.414800 -0.481300
vn -0.831417 -0.213704 -0.512910
vn -0.644606 -0.171602 -0.745007
vn -0.799180 0.431289 0.418690
vn -0.800512 0.516608 0.303805
vn -0.766321 0.633518 0.106803
vn -0.743686 0.638288 0.198796
vn -0.353004 -0.345204 -0.869610
vn -0.328791 -0.438789 -0.836278
vn -0.553580 -0.497082 -0.668176
vn -0.579600 -0.394400 -0.713100
vn -0.529599 -0.261300 0.806999
vn -0.806243 -0.182810 0.562630
vn -0.671304 -0.258602 0.694605
vn -0.385706 -0.272004 0.881615
vn -0.600415 0.457611 0.655816
vn -0.491077 0.711167 0.503076
vn -0.291309 0.764523 0.575017
vn -0.443683 0.565578 0.695174
vn -0.721714 0.178003 -0.668913
vn -0.900847 0.028898 -0.433174
vn -0.750685 -0.309294 -0.583789
vn -0.586298 -0.153099 -0.795497
vn -0.899344 0.349817 -0.262313
vn -0.877831 0.257109 -0.404114
vn -0.987617 0.137902 -0.074801
vn -0.990184 0.132498 -0.044499
vn -0.752078 0.309691 -0.581783
vn -0.916019 0.185804 -0.355508
vn -0.900847 0.028898 -0.433174
vn -0.721714 0.178003 -0.668913
vn -0.900847 0.028898 -0.433174
vn -0.973825 -0.094102 -0.206905
vn -0.850435 -0.415317 -0.322913
vn -0.750685 -0.309294 -0.583789
vn -0.822597 0.118700 0.556098
vn -0.843235 0.004900 0.537522
vn -0.744385 -0.258495 0.615688
vn -0.725134 -0.110205 0.679732
vn -0.751100 -0.226000 -0.620300
vn -0.900581 -0.218995 -0.375492
vn -0.968389 -0.004800 -0.249397
vn -0.836202 0.040800 -0.546901
vn -0.789879 -0.179895 0.586284
vn -0.875862 -0.013299 0.482379
vn -0.830117 0.234005 0.506110
vn -0.743895 0.000400 0.668296
vn -0.826986 0.223496 0.515891
vn -0.865502 0.435601 0.247301
vn -0.851976 0.396889 0.341490
vn -0.822597 0.118700 0.556098
vn -0.765664 -0.324185 0.555574
vn -0.857044 -0.101605 0.505126
vn -0.875862 -0.013299 0.482379
vn -0.789879 -0.179895 0.586284
vn 0.606101 0.735001 -0.304000
vn 0.790595 0.604496 -0.097699
vn 0.837101 0.536201 -0.108400
vn 0.640702 0.716003 -0.277201
vn -0.849904 -0.084600 0.520102
vn -0.857044 -0.101605 0.505126
vn -0.765664 -0.324185 0.555574
vn -0.754389 -0.352595 0.553692
vn 0.095902 0.769413 -0.631511
vn 0.366298 0.600496 -0.710796
vn 0.362716 0.641527 -0.675929
vn 0.105801 0.795306 -0.596904
vn -0.843235 0.004900 0.537522
vn -0.849904 -0.084600 0.520102
vn -0.754389 -0.352595 0.553692
vn -0.744385 -0.258495 0.615688
vn 0.366298 0.600496 -0.710796
vn 0.553186 0.420089 -0.719382
vn 0.566904 0.444603 -0.693505
vn 0.362716 0.641527 -0.675929
vn 0.806198 -0.182799 0.562698
vn 0.895892 -0.057799 0.440496
vn 0.674387 -0.183996 0.715086
vn 0.529613 -0.261206 0.807020
vn -0.756601 0.500901 -0.420301
vn -0.743808 0.322203 -0.585606
vn -0.877831 0.257109 -0.404114
vn -0.899344 0.349817 -0.262313
vn 0.180701 -0.189001 -0.965207
vn 0.474813 -0.081302 -0.876324
vn 0.361107 0.003100 -0.932519
vn 0.094298 -0.111498 -0.989281
vn -0.546968 -0.213188 -0.809553
vn -0.751100 -0.226000 -0.620300
vn -0.836202 0.040800 -0.546901
vn -0.679810 0.062601 -0.730711
vn -0.148492 0.198689 -0.968748
vn 0.162103 0.163003 -0.973218
vn 0.211092 0.327788 -0.920866
vn -0.094500 0.426798 -0.899396
vn -0.927728 0.334410 0.165805
vn -0.914305 0.351002 0.202101
vn -0.813673 0.580781 0.025099
vn -0.817097 0.576498 0.001900
vn 0.139693 0.029599 -0.989752
vn 0.128503 -0.039501 -0.990922
vn 0.403306 -0.034501 -0.914414
vn 0.406491 0.022400 -0.913380
vn 0.015001 0.655629 -0.754934
vn 0.295915 0.493526 -0.817843
vn 0.366298 0.600496 -0.710796
vn 0.095902 0.769413 -0.631511
vn 0.295915 0.493526 -0.817843
vn 0.495610 0.340507 -0.799016
vn 0.553186 0.420089 -0.719382
vn 0.366298 0.600496 -0.710796
vn -0.926805 0.248801 -0.281302
vn -0.944164 -0.298489 0.139495
vn -0.865620 -0.238205 -0.440410
vn -0.721378 0.027899 -0.691979
vn 0.211092 0.327788 -0.920866
vn 0.443196 0.228198 -0.866893
vn 0.495610 0.340507 -0.799016
vn 0.295915 0.493526 -0.817843
vn -0.413491 -0.462690 -0.784183
vn -0.255804 0.136002 -0.957114
vn -0.612603 -0.443402 -0.654303
vn -0.542522 -0.784832 -0.299512
vn 0.211092 0.327788 -0.920866
vn 0.162103 0.163003 -0.973218
vn 0.415894 0.118298 -0.901686
vn 0.443196 0.228198 -0.866893
vn 0.645510 0.167703 -0.745112
vn 0.682194 0.269497 -0.679694
vn 0.405291 0.320193 -0.856280
vn 0.379391 0.325792 -0.865980
vn 0.166206 0.086003 -0.982334
vn 0.422908 0.283705 -0.860616
vn 0.093299 0.662093 -0.743592
vn -0.255804 0.136002 -0.957114
vn -0.795032 0.600324 -0.086804
vn -0.794318 0.590213 -0.143903
vn -0.930765 0.365286 -0.015599
vn -0.927053 0.372281 0.044498
vn 0.923890 0.087599 0.372496
vn 0.895622 0.053301 0.441611
vn 0.766003 -0.080300 0.637802
vn 0.786101 -0.031400 0.617301
vn 0.240414 -0.312318 -0.919053
vn 0.514487 -0.249893 -0.820278
vn 0.494690 -0.093898 -0.863982
vn 0.227904 -0.144402 -0.962916
vn -0.592311 0.763114 -0.258505
vn -0.619194 0.691694 -0.371697
vn -0.809426 0.523517 -0.266008
vn -0.794318 0.590213 -0.143903
vn 0.950690 0.301597 -0.072299
vn 0.854160 0.437879 -0.280487
vn 0.805372 0.568080 -0.169294
vn 0.912569 0.408286 0.022799
vn -0.119305 -0.145506 -0.982138
vn 0.200693 -0.072498 -0.976968
vn 0.125202 -0.195304 -0.972718
vn -0.198395 -0.251993 -0.947174
vn -0.165897 -0.102698 -0.980781
vn 0.166206 0.086003 -0.982334
vn -0.255804 0.136002 -0.957114
vn -0.413491 -0.462690 -0.784183
vn -0.467514 -0.594718 0.654020
vn -0.694712 -0.246004 0.675912
vn -0.478193 -0.223697 0.849288
vn -0.148694 -0.524278 0.838465
vn -0.619102 -0.500202 0.605402
vn -0.792092 -0.210398 0.572994
vn -0.694712 -0.246004 0.675912
vn -0.467514 -0.594718 0.654020
vn -0.931348 0.117306 0.344718
vn -0.914305 0.351002 0.202101
vn -0.927728 0.334410 0.165805
vn -0.950838 0.101704 0.292512
vn 0.477210 0.039101 -0.877919
vn 0.141195 -0.109896 -0.983863
vn 0.223191 -0.014999 -0.974659
vn 0.539702 0.082500 -0.837804
vn -0.822280 -0.416690 -0.387590
vn -0.872307 -0.195202 -0.448304
vn -0.699629 -0.242410 -0.672128
vn -0.645794 -0.464196 -0.606195
vn -0.367694 -0.248296 -0.896186
vn -0.297006 -0.335707 -0.893918
vn -0.579386 -0.272694 -0.768082
vn -0.624890 -0.207297 -0.752688
vn 0.028701 0.039101 0.998823
vn 0.195793 -0.027399 0.980263
vn -0.155405 -0.151705 0.976133
vn -0.290211 -0.039801 0.956135
vn -0.405706 -0.475608 -0.780512
vn -0.403689 -0.513386 -0.757279
vn -0.626712 -0.528210 -0.572911
vn -0.645794 -0.464196 -0.606195
vn -0.859511 -0.419005 -0.292704
vn -0.797087 -0.499192 -0.339794
vn -0.626712 -0.528210 -0.572911
vn -0.716187 -0.397293 -0.573790
vn 0.668700 0.694400 -0.265800
vn 0.425102 0.830604 -0.359702
vn 0.431275 0.833951 -0.344280
vn 0.672818 0.697919 -0.245407
vn -0.900251 -0.393822 -0.185611
vn -0.859511 -0.419005 -0.292704
vn -0.716187 -0.397293 -0.573790
vn -0.814812 -0.321505 -0.482407
vn -0.280015 -0.196111 -0.939751
vn -0.271609 0.117304 -0.955232
vn -0.533578 0.173493 -0.827765
vn -0.534179 -0.188592 -0.824067
vn -0.092099 0.437094 -0.894688
vn -0.369290 0.396089 -0.840677
vn -0.382312 0.408513 -0.828827
vn -0.105197 0.448887 -0.887375
vn 0.405621 -0.038102 -0.913247
vn 0.102398 -0.220996 -0.969884
vn 0.141195 -0.109896 -0.983863
vn 0.477210 0.039101 -0.877919
vn 0.141195 -0.109896 -0.983863
vn 0.102398 -0.220996 -0.969884
vn -0.102303 -0.334508 -0.936824
vn -0.090598 -0.191597 -0.977283
vn -0.369290 0.396089 -0.840677
vn -0.623395 0.320297 -0.713294
vn -0.630372 0.333785 -0.700869
vn -0.382312 0.408513 -0.828827
vn 0.102398 -0.220996 -0.969884
vn 0.151600 -0.255301 -0.954903
vn -0.154298 -0.334196 -0.929788
vn -0.102303 -0.334508 -0.936824
vn -0.735873 0.320288 -0.596578
vn -0.466376 0.638068 -0.612669
vn -0.611576 0.604977 -0.509880
vn -0.816540 0.303415 -0.491124
vn 0.151600 -0.255301 -0.954903
vn 0.246606 -0.181205 -0.952024
vn -0.202703 -0.007400 -0.979212
vn -0.154298 -0.334196 -0.929788
vn -0.062898 0.130395 -0.989465
vn 0.011100 -0.049600 -0.998708
vn -0.287893 -0.056799 -0.955977
vn -0.355001 0.108900 -0.928502
vn 0.246606 -0.181205 -0.952024
vn 0.402508 -0.132903 -0.905718
vn -0.033199 0.178593 -0.983363
vn -0.202703 -0.007400 -0.979212
vn -0.287893 -0.056799 -0.955977
vn -0.551193 -0.049799 -0.832890
vn -0.597288 0.084298 -0.797584
vn -0.355001 0.108900 -0.928502
vn 0.402508 -0.132903 -0.905718
vn 0.477605 -0.145102 -0.866510
vn 0.161597 0.039099 -0.986082
vn -0.033199 0.178593 -0.983363
vn 0.011100 -0.049600 -0.998708
vn 0.067101 -0.263506 -0.962321
vn -0.218509 -0.294812 -0.930237
vn -0.287893 -0.056799 -0.955977
vn -0.051301 -0.193203 -0.979817
vn 0.232701 -0.091801 -0.968206
vn 0.114297 0.167795 -0.979174
vn -0.123106 0.026201 -0.992048
vn -0.188097 -0.418794 -0.888387
vn -0.230397 -0.401095 -0.886589
vn -0.490686 -0.422088 -0.762279
vn -0.462913 -0.440813 -0.769022
vn 0.541125 -0.570826 -0.617528
vn 0.306701 -0.549303 -0.777304
vn 0.259588 -0.589573 -0.764865
vn 0.509274 -0.599169 -0.617768
vn -0.552699 0.091000 -0.828398
vn -0.266193 0.371690 -0.889375
vn -0.466376 0.638068 -0.612669
vn -0.735873 0.320288 -0.596578
vn 0.478193 -0.223697 0.849288
vn 0.694613 -0.246005 0.676013
vn 0.467405 -0.594707 0.654107
vn 0.148596 -0.524286 0.838477
vn 0.792047 -0.210386 0.573062
vn 0.619102 -0.500202 0.605402
vn 0.467405 -0.594707 0.654107
vn 0.694613 -0.246005 0.676013
vn -0.266193 0.371690 -0.889375
vn -0.123106 0.026201 -0.992048
vn 0.114297 0.167795 -0.979174
vn -0.023400 0.541605 -0.840308
vn -0.881226 0.238507 0.408112
vn -0.884920 -0.035201 0.464411
vn -0.871184 0.051099 0.488291
vn -0.866382 0.328193 0.376392
vn -0.787828 0.521219 0.328112
vn -0.797733 0.562223 0.218009
vn -0.888717 0.251205 0.383507
vn -0.881226 0.238507 0.408112
vn -0.304609 0.209606 -0.929128
vn -0.271609 0.117304 -0.955232
vn 0.020500 0.039800 -0.998997
vn -0.012800 0.130201 -0.991405
vn -0.915432 0.387514 0.108704
vn -0.894329 0.446514 0.028301
vn -0.899383 0.283595 0.332694
vn -0.890692 0.199698 0.408397
vn 0.074300 0.016700 -0.997096
vn 0.069697 -0.003600 -0.997562
vn 0.350813 -0.004400 -0.936435
vn 0.354695 0.013400 -0.934886
vn 0.894894 0.093399 0.436397
vn 0.814200 -0.196000 0.546500
vn 0.744990 -0.423994 0.514993
vn 0.871174 -0.127296 0.474186
vn -0.882564 0.344886 0.319587
vn -0.858389 0.138698 0.493894
vn -0.835297 0.152599 0.528198
vn -0.899383 0.283595 0.332694
vn -0.834412 0.543908 0.089001
vn -0.783606 0.568604 0.250302
vn -0.866382 0.328193 0.376392
vn -0.882564 0.344886 0.319587
vn -0.866382 0.328193 0.376392
vn -0.871184 0.051099 0.488291
vn -0.858389 0.138698 0.493894
vn -0.882564 0.344886 0.319587
vn 0.709687 0.412693 0.570990
vn 0.756407 0.337003 0.560605
vn 0.790839 0.524126 0.316016
vn 0.746939 0.584830 0.316316
vn -0.086903 0.713424 -0.695323
vn 0.211208 0.622323 -0.753728
vn 0.264797 0.736891 -0.621992
vn -0.032099 0.831975 -0.553883
vn 0.211208 0.622323 -0.753728
vn 0.445588 0.498687 -0.743480
vn 0.493887 0.596585 -0.632584
vn 0.264797 0.736891 -0.621992
vn -0.888717 0.251205 0.383507
vn -0.845623 0.435312 0.308909
vn -0.884266 0.121195 0.450983
vn -0.880628 -0.009400 0.473715
vn 0.142097 0.438190 -0.887580
vn 0.397285 0.353286 -0.846967
vn 0.445588 0.498687 -0.743480
vn 0.211208 0.622323 -0.753728
vn -0.678901 0.727901 0.096200
vn -0.449299 0.892997 -0.026200
vn -0.684301 0.704601 0.187800
vn -0.845623 0.435312 0.308909
vn 0.142097 0.438190 -0.887580
vn 0.104403 0.246407 -0.963527
vn 0.368704 0.203002 -0.907110
vn 0.397285 0.353286 -0.846967
vn -0.449299 0.892997 -0.026200
vn -0.286405 0.947617 -0.141403
vn -0.532009 0.846214 0.029801
vn -0.684301 0.704601 0.187800
vn 0.104403 0.246407 -0.963527
vn 0.083501 0.092401 -0.992215
vn 0.357301 0.078300 -0.930702
vn 0.368704 0.203002 -0.907110
vn -0.286405 0.947617 -0.141403
vn -0.259493 0.938374 -0.228294
vn -0.498899 0.858699 -0.117200
vn -0.532009 0.846214 0.029801
vn 0.083501 0.092401 -0.992215
vn 0.074300 0.016700 -0.997096
vn 0.354695 0.013400 -0.934886
vn 0.357301 0.078300 -0.930702
vn -0.259493 0.938374 -0.228294
vn -0.363284 0.878562 -0.310087
vn -0.589598 0.774198 -0.230199
vn -0.498899 0.858699 -0.117200
vn -0.055401 -0.449604 -0.891508
vn 0.257199 -0.496099 -0.829298
vn 0.261302 -0.364703 -0.893707
vn -0.046499 -0.303891 -0.951572
vn -0.720216 0.585513 -0.372108
vn -0.780988 0.306095 -0.544392
vn -0.926283 0.174497 -0.333994
vn -0.885812 0.403205 -0.229703
vn -0.748111 0.075101 -0.659310
vn -0.904674 -0.013600 -0.425888
vn -0.926283 0.174497 -0.333994
vn -0.780988 0.306095 -0.544392
vn -0.017100 0.308702 -0.951005
vn -0.010100 -0.021101 -0.999726
vn 0.309906 -0.032301 -0.950218
vn 0.326805 0.338705 -0.882314
vn -0.266994 -0.006400 -0.963677
vn -0.010100 -0.021101 -0.999726
vn -0.017100 0.308702 -0.951005
vn -0.263498 0.258098 -0.929492
vn -0.146700 0.477499 -0.866299
vn -0.227909 0.562123 -0.795032
vn 0.099899 0.586596 -0.803695
vn 0.208498 0.496895 -0.842392
vn -0.054202 -0.013501 -0.998439
vn 0.257009 0.033301 -0.965835
vn 0.253403 -0.198803 -0.946712
vn -0.078897 -0.261189 -0.962058
vn -0.429191 -0.204396 -0.879782
vn -0.623602 -0.300201 -0.721803
vn -0.687400 -0.096800 -0.719800
vn -0.470400 -0.016500 -0.882299
vn 0.884204 0.121201 0.451102
vn 0.845623 0.435312 0.308909
vn 0.888683 0.251195 0.383593
vn 0.880628 -0.009400 0.473715
vn -0.586811 -0.488710 -0.645613
vn -0.744804 -0.574403 -0.339602
vn -0.797016 -0.382607 -0.467309
vn -0.623602 -0.300201 -0.721803
vn -0.450710 -0.380708 -0.807417
vn -0.573686 -0.397090 -0.716382
vn -0.689104 -0.497503 -0.526903
vn -0.586811 -0.488710 -0.645613
vn -0.806501 -0.556701 -0.199100
vn -0.744804 -0.574403 -0.339602
vn -0.586811 -0.488710 -0.645613
vn -0.689104 -0.497503 -0.526903
vn 0.936909 0.344403 -0.059901
vn 0.942615 0.316305 -0.106902
vn 0.964097 0.202999 0.171199
vn 0.955124 0.201505 0.217105
vn -0.924284 -0.365393 -0.110398
vn -0.806501 -0.556701 -0.199100
vn -0.689104 -0.497503 -0.526903
vn -0.857797 -0.305699 -0.413198
vn -0.936463 -0.161094 -0.311588
vn -0.857797 -0.305699 -0.413198
vn -0.724490 -0.213797 -0.655291
vn -0.802602 -0.089900 -0.589702
vn -0.976784 -0.210497 -0.039799
vn -0.924284 -0.365393 -0.110398
vn -0.857797 -0.305699 -0.413198
vn -0.936463 -0.161094 -0.311588
vn -0.958089 -0.094899 -0.270297
vn -0.936463 -0.161094 -0.311588
vn -0.802602 -0.089900 -0.589702
vn -0.836054 -0.040703 -0.547135
vn -0.950627 -0.230307 -0.208006
vn -0.836421 -0.238006 -0.493713
vn -0.800972 -0.364987 -0.474583
vn -0.927677 -0.312992 -0.203595
vn 0.888683 0.251195 0.383593
vn 0.797733 0.562223 0.218009
vn 0.787803 0.521202 0.328201
vn 0.881190 0.238497 0.408195
vn 0.880628 -0.009400 0.473715
vn 0.888683 0.251195 0.383593
vn 0.881190 0.238497 0.408195
vn 0.884879 -0.035199 0.464489
vn -0.245489 0.338285 -0.908459
vn 0.003900 0.357414 -0.933938
vn 0.152492 0.230489 -0.961052
vn -0.139200 0.215200 -0.966598
vn 0.155292 -0.151693 0.976152
vn -0.195908 -0.027401 0.980239
vn -0.028801 0.039101 0.998820
vn 0.290211 -0.039801 0.956135
vn -0.376119 0.443123 -0.813742
vn -0.146700 0.477499 -0.866299
vn 0.003900 0.357414 -0.933938
vn -0.245489 0.338285 -0.908459
vn 0.882513 0.344905 0.319705
vn 0.834404 0.543903 0.089100
vn 0.894326 0.446513 0.028401
vn 0.899408 0.283503 0.332703
vn -0.466489 0.504588 -0.726483
vn -0.227909 0.562123 -0.795032
vn -0.146700 0.477499 -0.866299
vn -0.376119 0.443123 -0.813742
vn 0.866325 0.328209 0.376511
vn 0.783561 0.568672 0.250288
vn 0.834404 0.543903 0.089100
vn 0.882513 0.344905 0.319705
vn -0.502305 0.517806 -0.692508
vn -0.252007 0.589017 -0.767822
vn -0.227909 0.562123 -0.795032
vn -0.466489 0.504588 -0.726483
vn 0.881190 0.238497 0.408195
vn 0.787803 0.521202 0.328201
vn 0.783561 0.568672 0.250288
vn 0.866325 0.328209 0.376511
vn -0.535614 -0.275607 -0.798222
vn -0.571783 -0.285092 -0.769277
vn -0.298687 -0.373184 -0.878362
vn -0.257695 -0.353894 -0.899084
vn -0.469175 0.144792 -0.871154
vn -0.197906 0.103603 -0.974731
vn -0.187195 0.269693 -0.944576
vn -0.460623 0.301715 -0.834742
vn -0.988676 0.030199 0.146996
vn -0.988088 0.014600 0.153198
vn -0.957171 0.289491 0.004200
vn -0.959330 0.266908 -0.091903
vn 0.953911 -0.232603 0.189602
vn 0.941608 -0.242402 0.233702
vn 0.988577 0.030499 0.147597
vn 0.989984 0.035299 0.136698
vn 0.684301 0.704601 0.187800
vn 0.449299 0.892997 -0.026200
vn 0.678901 0.727901 0.096200
vn 0.845623 0.435312 0.308909
vn -0.380204 0.227803 0.896410
vn -0.211994 0.206194 0.955271
vn -0.027001 0.002000 0.999633
vn -0.142298 0.155798 0.977486
vn 0.723935 0.689633 0.018001
vn 0.498899 0.858699 -0.117200
vn 0.532009 0.846214 0.029801
vn 0.745014 0.628312 0.224004
vn 0.498899 0.858699 -0.117200
vn 0.259493 0.938374 -0.228294
vn 0.286405 0.947617 -0.141403
vn 0.532009 0.846214 0.029801
vn 0.792390 0.597092 -0.124898
vn 0.589598 0.774198 -0.230199
vn 0.498899 0.858699 -0.117200
vn 0.723935 0.689633 0.018001
vn 0.005400 0.124698 0.992180
vn 0.145903 0.251804 0.956717
vn -0.020200 0.020500 0.999586
vn -0.224195 -0.083298 0.970978
vn -0.489885 -0.097897 -0.866273
vn -0.525492 -0.050699 -0.849287
vn -0.263196 -0.109698 -0.958485
vn -0.218002 -0.178902 -0.959411
vn 0.720264 0.585470 -0.372081
vn 0.501920 0.716529 -0.484420
vn 0.363316 0.878539 -0.310114
vn 0.589598 0.774198 -0.230199
vn 0.926313 0.174503 -0.333905
vn 0.781031 0.306112 -0.544322
vn 0.720264 0.585470 -0.372081
vn 0.885812 0.403205 -0.229703
vn -0.594987 0.518189 -0.614387
vn -0.587397 0.653496 -0.477397
vn -0.344617 0.747537 -0.567828
vn -0.354500 0.597200 -0.719501
vn -0.783810 0.010800 -0.620907
vn -0.796330 0.013000 -0.604723
vn -0.577516 0.009600 -0.816323
vn -0.557021 -0.024701 -0.830131
vn 0.781031 0.306112 -0.544322
vn 0.748205 0.075100 -0.659204
vn 0.543297 0.150199 -0.825996
vn 0.568697 0.412398 -0.711696
vn 0.748205 0.075100 -0.659204
vn 0.687495 -0.096899 -0.719695
vn 0.470519 -0.016501 -0.882236
vn 0.543297 0.150199 -0.825996
vn -0.780704 0.197401 0.592903
vn -0.852210 -0.024900 0.522606
vn -0.947954 0.016399 0.317985
vn -0.925361 0.169493 0.339086
vn 0.109099 0.911094 -0.397498
vn 0.340695 0.838988 -0.424294
vn 0.531988 0.743783 -0.404691
vn 0.322006 0.869816 -0.373807
vn 0.854764 -0.170593 -0.490180
vn 0.797053 -0.382625 -0.467231
vn 0.623602 -0.300201 -0.721803
vn 0.687495 -0.096899 -0.719695
vn 0.513323 0.033601 0.857538
vn 0.263003 0.116701 0.957711
vn 0.432706 0.315004 0.844712
vn 0.657781 0.294191 0.693380
vn 0.797053 -0.382625 -0.467231
vn 0.744873 -0.574379 -0.339488
vn 0.586877 -0.488681 -0.645575
vn 0.623602 -0.300201 -0.721803
vn 0.689104 -0.497503 -0.526903
vn 0.573794 -0.397096 -0.716293
vn 0.450710 -0.380708 -0.807417
vn 0.586877 -0.488681 -0.645575
vn 0.744873 -0.574379 -0.339488
vn 0.806517 -0.556712 -0.199004
vn 0.689104 -0.497503 -0.526903
vn 0.586877 -0.488681 -0.645575
vn 0.857806 -0.305802 -0.413103
vn 0.724522 -0.213906 -0.655220
vn 0.573794 -0.397096 -0.716293
vn 0.689104 -0.497503 -0.526903
vn 0.806517 -0.556712 -0.199004
vn 0.924294 -0.365397 -0.110299
vn 0.857806 -0.305802 -0.413103
vn 0.689104 -0.497503 -0.526903
vn -0.803618 0.492311 -0.334407
vn -0.798926 0.545018 -0.254308
vn -0.585730 0.720137 -0.371919
vn -0.587397 0.653496 -0.477397
vn 0.857806 -0.305802 -0.413103
vn 0.936492 -0.161099 -0.311497
vn 0.802685 -0.089898 -0.589589
vn 0.724522 -0.213906 -0.655220
vn 0.936492 -0.161099 -0.311497
vn 0.958115 -0.094901 -0.270204
vn 0.836084 -0.040699 -0.547090
vn 0.802685 -0.089898 -0.589589
vn -0.383500 -0.078500 -0.920199
vn -0.073097 0.076897 -0.994356
vn -0.179895 0.005500 -0.983671
vn -0.482306 -0.099701 -0.870311
vn -0.647713 0.521310 -0.555611
vn -0.643991 0.423094 -0.637391
vn -0.853383 0.309594 -0.419392
vn -0.859322 0.351809 -0.371209
vn -0.672802 0.697902 -0.245501
vn -0.668682 0.694381 -0.265893
vn -0.851091 0.502595 -0.151798
vn -0.853594 0.505096 -0.127499
vn -0.612697 -0.126699 -0.780096
vn -0.373888 -0.083897 -0.923671
vn -0.330983 0.043098 -0.942652
vn -0.570695 0.021000 -0.820893
vn -0.645510 0.167703 -0.745112
vn -0.823441 0.025501 -0.566828
vn -0.746953 -0.154990 -0.646559
vn -0.564221 0.118805 -0.817031
vn -0.926790 -0.373496 0.039500
vn -0.894890 -0.436995 0.090599
vn -0.867503 -0.346601 0.356801
vn -0.903403 -0.282701 0.322401
vn 0.574069 0.775458 -0.262886
vn 0.686122 0.694022 -0.218107
vn 0.735209 0.646508 -0.203703
vn 0.570712 0.761116 -0.308206
vn 0.276997 0.895290 -0.348896
vn 0.378414 0.879032 -0.290011
vn 0.471306 0.834310 -0.286003
vn 0.313506 0.890916 -0.328606
vn -0.426889 0.817079 -0.387490
vn -0.435973 0.787751 -0.435173
vn -0.674283 0.642083 -0.364791
vn -0.671374 0.675274 -0.305388
vn 0.247196 0.900686 -0.357294
vn 0.376913 0.885131 -0.272910
vn 0.378414 0.879032 -0.290011
vn 0.276997 0.895290 -0.348896
vn 0.376913 0.885131 -0.272910
vn 0.435921 0.868243 -0.236912
vn 0.454606 0.860511 -0.229903
vn 0.378414 0.879032 -0.290011
vn -0.056002 -0.327109 -0.943326
vn -0.079104 -0.387319 -0.918546
vn 0.099202 -0.132403 -0.986219
vn 0.107797 -0.064598 -0.992072
vn -0.668682 0.694381 -0.265893
vn -0.671374 0.675274 -0.305388
vn -0.853213 0.481607 -0.200203
vn -0.851091 0.502595 -0.151798
vn -0.203506 -0.543415 -0.814423
vn -0.231805 -0.581912 -0.779516
vn -0.079104 -0.387319 -0.918546
vn -0.056002 -0.327109 -0.943326
vn -0.231805 -0.581912 -0.779516
vn -0.243697 -0.624192 -0.742291
vn -0.066899 -0.464992 -0.882784
vn -0.079104 -0.387319 -0.918546
vn -0.066899 -0.464992 -0.882784
vn -0.058502 -0.525914 -0.848523
vn 0.189791 -0.332085 -0.923958
vn 0.145593 -0.234088 -0.961252
vn -0.243697 -0.624192 -0.742291
vn -0.263904 -0.647610 -0.714811
vn -0.058502 -0.525914 -0.848523
vn -0.066899 -0.464992 -0.882784
vn -0.058502 -0.525914 -0.848523
vn -0.080904 -0.534727 -0.841143
vn 0.182996 -0.380292 -0.906582
vn 0.189791 -0.332085 -0.923958
vn -0.263904 -0.647610 -0.714811
vn -0.315504 -0.631808 -0.708009
vn -0.080904 -0.534727 -0.841143
vn -0.058502 -0.525914 -0.848523
vn 0.693498 0.696698 -0.183500
vn 0.427904 0.734206 -0.527105
vn 0.701372 0.474981 -0.531479
vn 0.900322 0.418810 -0.118403
vn -0.668208 -0.184602 -0.720708
vn -0.669574 -0.105796 -0.735172
vn -0.432400 -0.107100 -0.895299
vn -0.437717 -0.190807 -0.878633
vn -0.425997 0.483497 -0.764695
vn -0.643991 0.423094 -0.637391
vn -0.647713 0.521310 -0.555611
vn -0.435710 0.615214 -0.657015
vn -0.315504 -0.631808 -0.708009
vn -0.405212 -0.566917 -0.717222
vn -0.158999 -0.494698 -0.854396
vn -0.080904 -0.534727 -0.841143
vn -0.406601 0.360201 -0.839602
vn -0.631397 0.328598 -0.702397
vn -0.643991 0.423094 -0.637391
vn -0.425997 0.483497 -0.764695
vn -0.747864 -0.272887 -0.605171
vn -0.758096 -0.169999 -0.629596
vn -0.531101 -0.226400 -0.816502
vn -0.521307 -0.345704 -0.780210
vn -0.381903 0.250502 -0.889606
vn -0.611590 0.237496 -0.754688
vn -0.631397 0.328598 -0.702397
vn -0.406601 0.360201 -0.839602
vn -0.854997 -0.347499 -0.384999
vn -0.799589 -0.440494 -0.408194
vn -0.613219 -0.454414 -0.646120
vn -0.684164 -0.351082 -0.639266
vn -0.354408 0.138203 -0.924821
vn -0.587882 0.139796 -0.796776
vn -0.611590 0.237496 -0.754688
vn -0.381903 0.250502 -0.889606
vn -0.886416 -0.321206 -0.333306
vn -0.854997 -0.347499 -0.384999
vn -0.684164 -0.351082 -0.639266
vn -0.738481 -0.310392 -0.598584
vn -0.318803 0.024300 -0.947509
vn -0.565570 0.034998 -0.823957
vn -0.587882 0.139796 -0.796776
vn -0.354408 0.138203 -0.924821
vn -0.411791 0.013400 -0.911180
vn -0.142696 0.034299 -0.989172
vn -0.151807 -0.099905 -0.983348
vn -0.432400 -0.107100 -0.895299
vn -0.669574 -0.105796 -0.735172
vn -0.665501 -0.011900 -0.746302
vn -0.411791 0.013400 -0.911180
vn -0.432400 -0.107100 -0.895299
vn -0.253898 -0.539796 -0.802594
vn -0.259495 -0.589588 -0.764885
vn -0.509200 -0.599199 -0.617799
vn -0.517617 -0.530218 -0.671522
vn -0.900870 0.365688 0.233892
vn -0.816194 0.382997 0.432597
vn -0.767621 0.386811 0.511014
vn -0.903325 0.314409 0.291808
vn -0.406512 0.142104 -0.902527
vn -0.135399 0.175099 -0.975196
vn -0.142696 0.034299 -0.989172
vn -0.411791 0.013400 -0.911180
vn -0.799589 -0.440494 -0.408194
vn -0.739666 -0.541875 -0.399082
vn -0.541091 -0.570791 -0.617590
vn -0.613219 -0.454414 -0.646120
vn -0.405786 0.244092 -0.880771
vn -0.128602 0.286805 -0.949318
vn -0.135399 0.175099 -0.975196
vn -0.406512 0.142104 -0.902527
vn -0.649581 0.247793 -0.718779
vn -0.406683 0.312487 -0.858464
vn -0.405786 0.244092 -0.880771
vn -0.656317 0.179105 -0.732919
vn -0.406683 0.312487 -0.858464
vn -0.118200 0.352801 -0.928203
vn -0.128602 0.286805 -0.949318
vn -0.405786 0.244092 -0.880771
vn -0.639122 0.314811 -0.701724
vn -0.396114 0.368913 -0.840831
vn -0.406683 0.312487 -0.858464
vn -0.649581 0.247793 -0.718779
vn -0.396114 0.368913 -0.840831
vn -0.103001 0.393803 -0.913406
vn -0.118200 0.352801 -0.928203
vn -0.406683 0.312487 -0.858464
vn -0.621919 0.389712 -0.679221
vn -0.374282 0.433479 -0.819761
vn -0.396114 0.368913 -0.840831
vn -0.639122 0.314811 -0.701724
vn -0.374282 0.433479 -0.819761
vn -0.082301 0.440007 -0.894215
vn -0.103001 0.393803 -0.913406
vn -0.396114 0.368913 -0.840831
vn -0.594281 0.484185 -0.642180
vn -0.328510 0.533316 -0.779523
vn -0.374282 0.433479 -0.819761
vn -0.621919 0.389712 -0.679221
vn -0.328510 0.533316 -0.779523
vn -0.046701 0.534114 -0.844122
vn -0.082301 0.440007 -0.894215
vn -0.374282 0.433479 -0.819761
vn -0.550097 0.587397 -0.593597
vn -0.288093 0.643585 -0.709084
vn -0.328510 0.533316 -0.779523
vn -0.594281 0.484185 -0.642180
vn -0.288093 0.643585 -0.709084
vn 0.001500 0.645098 -0.764098
vn -0.046701 0.534114 -0.844122
vn -0.328510 0.533316 -0.779523
vn -0.959050 -0.265486 -0.098695
vn -0.888500 -0.241800 -0.390000
vn -0.931767 -0.071797 -0.355887
vn -0.993909 -0.090901 -0.062301
vn -0.245002 0.719805 -0.649504
vn 0.051798 0.723879 -0.687980
vn 0.001500 0.645098 -0.764098
vn -0.288093 0.643585 -0.709084
vn -0.505181 0.655475 -0.561378
vn -0.472411 0.680516 -0.560113
vn -0.206293 0.750474 -0.627879
vn -0.245002 0.719805 -0.649504
vn 0.490003 -0.097901 -0.866206
vn 0.727890 -0.002000 -0.685691
vn 0.694911 -0.071701 -0.715512
vn 0.452518 -0.175907 -0.874234
vn 0.193199 0.780696 -0.594297
vn 0.294614 0.774537 -0.559727
vn 0.314602 0.715904 -0.623304
vn 0.237096 0.743588 -0.625190
vn -0.942915 0.079501 -0.323405
vn -0.931767 -0.071797 -0.355887
vn -0.790541 -0.045302 -0.610732
vn -0.811221 0.093502 -0.577215
vn -0.993909 -0.090901 -0.062301
vn -0.931767 -0.071797 -0.355887
vn -0.942915 0.079501 -0.323405
vn -0.997610 0.058801 -0.036300
vn -0.742664 0.532874 -0.405580
vn -0.649247 0.469534 -0.598344
vn -0.861266 0.314187 -0.399384
vn -0.921611 0.321104 -0.218003
vn -0.164399 0.198599 -0.966194
vn -0.437592 0.205896 -0.875283
vn -0.433405 0.287203 -0.854210
vn -0.159202 0.285004 -0.945213
vn 0.785005 -0.488003 -0.381602
vn 0.623817 -0.435612 -0.648918
vn 0.575099 -0.450000 -0.683199
vn 0.742386 -0.474891 -0.472591
vn -0.093000 0.971102 -0.219800
vn 0.025199 0.972272 -0.232493
vn 0.088903 0.958434 -0.271110
vn -0.018900 0.952486 -0.303996
vn -0.971035 -0.130105 -0.200407
vn -0.983058 -0.038098 -0.179292
vn -0.887797 0.047300 -0.457798
vn -0.868731 -0.085103 -0.487917
vn 0.978842 0.183908 0.089704
vn 0.963361 -0.081297 0.255590
vn 0.967146 -0.021501 0.253312
vn 0.969518 0.232804 0.076401
vn -0.159202 0.285004 -0.945213
vn -0.433405 0.287203 -0.854210
vn -0.423512 0.379811 -0.822424
vn -0.149899 0.381597 -0.912093
vn 0.404085 -0.340788 0.848869
vn 0.277598 -0.115799 0.953693
vn 0.278509 -0.271608 0.921228
vn 0.199405 -0.646815 0.736117
vn 0.328811 0.310110 -0.892029
vn 0.321505 0.192603 -0.927113
vn 0.042902 0.218308 -0.974936
vn 0.046999 0.341590 -0.938673
vn 0.687074 0.724473 0.055398
vn 0.675936 0.731639 0.088405
vn 0.723103 0.690703 -0.007200
vn 0.725511 0.688110 -0.011800
vn 0.801010 -0.365004 -0.474506
vn 0.836493 -0.237998 -0.493596
vn 0.950657 -0.230290 -0.207891
vn 0.927677 -0.312992 -0.203595
vn -0.514400 -0.250000 -0.820300
vn -0.535614 -0.275607 -0.798222
vn -0.257695 -0.353894 -0.899084
vn -0.240392 -0.312289 -0.919069
vn 0.525492 -0.050699 -0.849287
vn 0.759599 0.019500 -0.650099
vn 0.727890 -0.002000 -0.685691
vn 0.490003 -0.097901 -0.866206
vn -0.151803 -0.050501 -0.987120
vn -0.372198 -0.182699 -0.909994
vn -0.400197 -0.167499 -0.900992
vn -0.165201 -0.047700 -0.985106
vn 0.164696 0.474190 -0.864881
vn 0.141101 0.350403 -0.925909
vn -0.149899 0.381597 -0.912093
vn -0.127799 0.516996 -0.846394
vn 0.587882 0.139796 -0.796776
vn 0.565617 0.035001 -0.823925
vn 0.318895 0.024100 -0.947484
vn 0.354496 0.138198 -0.924789
vn -0.955125 0.201605 0.217006
vn -0.936903 0.344401 -0.060000
vn -0.903906 0.418603 0.087901
vn -0.917270 0.198994 0.344989
vn 0.751112 0.306505 0.584709
vn 0.948659 0.282788 0.141694
vn 0.812699 0.219400 0.539800
vn 0.527676 0.134294 0.838763
vn -0.292102 0.955907 0.030300
vn -0.335999 0.941498 0.026200
vn -0.398811 0.917025 -0.004000
vn -0.383307 0.923417 -0.019400
vn 0.990571 0.132296 0.035599
vn 0.992346 0.117105 0.039202
vn 0.991712 0.118601 0.049401
vn 0.989315 0.133102 0.059501
vn -0.899782 0.047999 0.433691
vn -0.928818 -0.252905 0.270805
vn -0.798596 -0.195599 0.569197
vn -0.725588 0.013900 0.687989
vn -0.134608 -0.252615 -0.958158
vn 0.141800 -0.336900 -0.930801
vn 0.173797 0.001400 -0.984781
vn -0.080102 0.018000 -0.996624
vn 0.665378 0.156695 -0.729876
vn 0.813238 0.265912 -0.517624
vn 0.867985 0.106698 -0.484992
vn 0.714316 0.012300 -0.699715
vn 0.611590 0.237496 -0.754688
vn 0.587882 0.139796 -0.796776
vn 0.354496 0.138198 -0.924789
vn 0.382193 0.250495 -0.889483
vn -0.403689 -0.513386 -0.757279
vn -0.542489 -0.339093 -0.768584
vn -0.716187 -0.397293 -0.573790
vn -0.626712 -0.528210 -0.572911
vn 0.744422 0.506815 -0.434713
vn 0.581084 0.538985 -0.609783
vn 0.625482 0.578383 -0.523685
vn 0.808774 0.456185 -0.371188
vn -0.319595 0.162098 -0.933586
vn -0.270497 -0.112799 -0.956090
vn -0.001000 -0.033401 -0.999442
vn -0.075400 0.270001 -0.959903
vn -0.639119 0.753223 0.155505
vn -0.800843 0.567630 0.190910
vn -0.750797 0.642498 -0.153299
vn -0.660302 0.654602 -0.368101
vn -0.248008 0.864030 -0.438115
vn -0.297293 0.792981 -0.531787
vn -0.103100 0.853197 -0.511298
vn 0.035198 0.880051 -0.473573
vn -0.978513 0.182102 0.096701
vn -0.968803 -0.066300 0.238801
vn -0.981505 -0.072200 0.177301
vn -0.961639 0.264511 0.072703
vn 0.138904 -0.268807 -0.953126
vn -0.166894 -0.300189 -0.939166
vn -0.201104 -0.214404 -0.955818
vn 0.104300 -0.217801 -0.970404
vn -0.048301 0.599908 -0.798610
vn 0.053500 0.561704 -0.825606
vn 0.083202 0.459410 -0.884319
vn -0.041098 0.455375 -0.889351
vn 0.138904 -0.268807 -0.953126
vn 0.201891 -0.310886 -0.928757
vn -0.109900 -0.366001 -0.924102
vn -0.166894 -0.300189 -0.939166
vn -0.349095 0.146998 -0.925486
vn -0.090400 0.052900 -0.994500
vn -0.093900 0.052500 -0.994197
vn -0.350910 0.154204 -0.923625
vn -0.610811 0.332206 -0.718713
vn -0.534713 0.162204 -0.829320
vn -0.231989 0.181392 -0.955656
vn -0.309413 0.294613 -0.904139
vn 0.128206 -0.061403 -0.989845
vn 0.400398 -0.054900 -0.914695
vn 0.403306 -0.034501 -0.914414
vn 0.128503 -0.039501 -0.990922
vn -0.938017 0.326706 0.115702
vn -0.919873 0.217194 0.326590
vn -0.893317 0.262905 0.364507
vn -0.930202 0.332201 0.156100
vn -0.681103 -0.437102 -0.587402
vn -0.701303 -0.258601 -0.664303
vn -0.463209 -0.314906 -0.828415
vn -0.450477 -0.487775 -0.747761
vn 0.975076 0.147996 -0.165296
vn 0.886321 0.252906 -0.387909
vn 0.854160 0.437879 -0.280487
vn 0.950690 0.301597 -0.072299
vn -0.248008 0.864030 -0.438115
vn -0.496511 0.815418 -0.297607
vn -0.441189 0.741781 -0.505087
vn -0.297293 0.792981 -0.531787
vn -0.884101 -0.358700 -0.299500
vn -0.785005 -0.488003 -0.381602
vn -0.623777 -0.435584 -0.648976
vn -0.750211 -0.247304 -0.613209
vn 0.971462 0.001400 -0.237191
vn 0.952466 -0.019999 -0.303989
vn 0.829515 -0.025300 -0.557910
vn 0.857675 0.035199 -0.512985
vn -0.945900 0.247500 0.209800
vn -0.941334 0.264410 0.209708
vn -0.954670 0.222893 0.197294
vn -0.947069 0.256091 0.193594
vn -0.956192 0.194598 0.218698
vn -0.928780 0.225295 0.294294
vn -0.841516 0.496210 0.213604
vn -0.871180 0.486789 0.063899
vn 0.925033 0.373913 0.067102
vn 0.828505 0.551304 -0.098201
vn 0.779894 0.619595 -0.088699
vn 0.879294 0.464897 0.103499
vn -0.835026 0.100703 0.540917
vn -0.832986 0.018300 0.552991
vn -0.807633 0.060002 0.586624
vn -0.810410 0.181602 0.557007
vn 0.747909 -0.272903 -0.605108
vn 0.741769 -0.376684 -0.554877
vn 0.524011 -0.444509 -0.726515
vn 0.521380 -0.345686 -0.780169
vn -0.324096 -0.424594 -0.845389
vn -0.346585 -0.412882 -0.842263
vn -0.574782 -0.469986 -0.669880
vn -0.564598 -0.465899 -0.681298
vn 0.612697 -0.126699 -0.780096
vn 0.643703 -0.241401 -0.726204
vn 0.808370 -0.285189 -0.514981
vn 0.796559 -0.159392 -0.583170
vn 0.948124 0.198505 -0.248306
vn 0.780670 0.292289 -0.552379
vn 0.801981 0.421790 -0.422990
vn 0.954165 0.220192 -0.202693
vn -0.813206 -0.188201 -0.550704
vn -0.922266 -0.239291 -0.303589
vn -0.927000 -0.259600 -0.270700
vn -0.829373 -0.198394 -0.522283
vn -0.510792 -0.123498 0.850788
vn -0.467981 -0.214291 0.857364
vn -0.532716 -0.031001 0.845726
vn -0.564079 0.052198 0.824069
vn -0.690919 0.267507 0.671618
vn -0.753688 0.050499 0.655290
vn -0.678586 0.241495 0.693686
vn -0.545703 0.469202 0.694304
vn -0.499010 0.772915 -0.391908
vn -0.570098 0.626497 -0.531498
vn -0.799185 0.397493 -0.450891
vn -0.707600 0.649200 -0.279000
vn -0.001200 -0.317697 -0.948192
vn 0.300801 -0.303801 -0.904004
vn 0.291210 -0.237408 -0.926733
vn -0.000700 -0.233607 -0.972331
vn -0.113298 0.030899 -0.993081
vn -0.393219 -0.042902 -0.918444
vn -0.412704 0.010100 -0.910809
vn -0.134903 0.069402 -0.988425
vn -0.926029 -0.109203 -0.361311
vn -0.803247 -0.029102 -0.594935
vn -0.752193 -0.153999 -0.640694
vn -0.883134 -0.231509 -0.408016
vn -0.798926 0.545018 -0.254308
vn -0.798270 0.559579 -0.222792
vn -0.586128 0.739336 -0.331416
vn -0.585730 0.720137 -0.371919
vn 0.564637 -0.465930 -0.681245
vn 0.324213 -0.424616 -0.845333
vn 0.378517 -0.326915 -0.865940
vn 0.617963 -0.354879 -0.701558
vn 0.406293 0.167897 -0.898185
vn 0.319389 0.077297 -0.944466
vn 0.550886 -0.059198 -0.832479
vn 0.665270 -0.028299 -0.746066
vn -0.942317 0.244404 0.228704
vn -0.936791 0.230998 0.262798
vn -0.905913 0.396006 0.150002
vn -0.890515 0.392707 0.229704
vn 0.942034 0.335512 -0.001900
vn 0.965801 0.119700 0.230000
vn 0.982533 0.030301 0.183606
vn 0.963473 0.257693 -0.072898
vn -0.408909 0.074602 -0.909521
vn -0.630926 -0.205508 -0.748130
vn -0.534388 -0.138097 -0.833882
vn -0.275595 0.027400 -0.960883
vn -0.764990 -0.428294 -0.480994
vn -0.712503 -0.307701 -0.630603
vn -0.821153 -0.278984 -0.497871
vn -0.841882 -0.379292 -0.383892
vn -0.252001 0.522102 -0.814804
vn 0.027200 0.535499 -0.844098
vn 0.030300 0.384304 -0.922709
vn -0.265604 0.337405 -0.903113
vn -0.343217 -0.348917 -0.872043
vn -0.587814 -0.415210 -0.694317
vn -0.628779 -0.385887 -0.675077
vn -0.411305 -0.323104 -0.852310
vn -0.835026 0.100703 0.540917
vn -0.794692 0.082399 0.601394
vn -0.827594 0.005900 0.561296
vn -0.832986 0.018300 0.552991
vn 0.666210 0.221503 -0.712110
vn 0.670508 0.431505 -0.603508
vn 0.866315 0.285005 -0.410207
vn 0.864619 0.130403 -0.485211
vn -0.038998 -0.067497 -0.996957
vn 0.216909 0.017201 -0.976040
vn 0.240009 -0.119905 -0.963337
vn -0.030301 -0.178706 -0.983436
vn 0.793244 0.326718 -0.513828
vn 0.753819 0.181505 -0.631516
vn 0.560903 0.273201 -0.781504
vn 0.612309 0.433907 -0.660910
vn -0.292102 0.955907 0.030300
vn -0.127896 0.986373 0.103497
vn -0.209195 0.975778 0.063999
vn -0.335999 0.941498 0.026200
vn 0.966378 0.109397 0.232695
vn 0.803295 0.133199 0.580496
vn 0.809795 0.426598 0.402798
vn 0.941971 0.229393 0.245092
vn 0.780211 -0.003100 0.625509
vn 0.864397 0.182299 0.468598
vn 0.850558 0.079505 0.519836
vn 0.734784 -0.124997 0.666685
vn -0.732176 0.665978 -0.142795
vn -0.870696 0.486298 -0.073500
vn -0.671618 0.683719 -0.285408
vn -0.524700 0.783200 -0.333600
vn -0.990243 -0.072003 0.119305
vn -0.971915 -0.126402 0.198503
vn -0.978748 0.180190 0.097895
vn -0.960088 0.257797 -0.108499
vn -0.332600 0.680801 -0.652601
vn -0.060000 0.750799 -0.657800
vn -0.087898 0.718181 -0.690282
vn -0.370294 0.655290 -0.658390
vn 0.741999 0.490499 -0.456999
vn 0.885122 0.398210 -0.240806
vn 0.901624 0.274307 -0.334409
vn 0.746365 0.355283 -0.562773
vn -0.680697 -0.148299 0.717397
vn -0.670804 -0.190301 0.716804
vn -0.485009 -0.059001 0.872517
vn -0.483903 0.005400 0.875105
vn -0.905455 0.420279 -0.059297
vn -0.867798 0.415799 -0.272099
vn -0.966472 0.252693 0.045599
vn -0.978513 0.182102 0.096701
vn -0.999574 0.028799 -0.004700
vn -0.991738 0.124605 -0.030501
vn -0.942485 0.227696 -0.244696
vn -0.963870 0.098497 -0.247492
vn 0.949773 -0.071798 0.304591
vn 0.913131 0.134005 0.385013
vn 0.954369 0.258692 0.149195
vn 0.978627 0.166205 0.121103
vn 0.157402 0.207402 -0.965510
vn 0.084799 0.390496 -0.916691
vn 0.387503 0.315203 -0.866307
vn 0.444984 0.074097 -0.892468
vn -0.811255 0.383526 -0.441330
vn -0.594987 0.518189 -0.614387
vn -0.600192 0.345495 -0.721390
vn -0.814286 0.246996 -0.525291
vn -0.127896 0.986373 0.103497
vn 0.071798 0.989378 0.126397
vn -0.003600 0.990592 0.136799
vn -0.209195 0.975778 0.063999
vn -0.142298 0.155798 0.977486
vn 0.171306 0.080403 0.981932
vn 0.114605 0.303413 0.945942
vn -0.128998 0.247796 0.960186
vn 0.929317 0.264105 0.258105
vn 0.880719 0.011100 0.473510
vn 0.882916 0.091602 0.460508
vn 0.925279 0.355392 0.132497
vn -0.471683 -0.179193 -0.863368
vn -0.478318 -0.295911 -0.826831
vn -0.678015 -0.316507 -0.663415
vn -0.678158 -0.220186 -0.701156
vn 0.267509 0.062402 -0.961533
vn 0.174408 0.075903 -0.981744
vn 0.488709 -0.035701 -0.871716
vn 0.557599 0.013600 -0.829999
vn -0.669489 0.289495 0.684089
vn -0.658100 0.405200 0.634600
vn -0.613798 0.277199 0.739197
vn -0.608488 0.145097 0.780185
vn -0.498899 0.858699 -0.117200
vn -0.589598 0.774198 -0.230199
vn -0.792380 0.597085 -0.124997
vn -0.723936 0.689635 0.017901
vn 0.913131 0.134005 0.385013
vn 0.914142 0.248611 0.320215
vn 0.959869 0.280291 -0.009400
vn 0.954369 0.258692 0.149195
vn 0.881412 0.351705 0.315304
vn 0.897829 0.359911 0.253708
vn 0.910791 0.327197 0.251797
vn 0.897700 0.292400 0.329600
vn -0.185701 -0.078000 0.979505
vn -0.377993 -0.180297 0.908083
vn -0.065200 -0.205401 0.976504
vn 0.072899 0.036000 0.996689
vn 0.232102 0.965810 0.115501
vn 0.191200 0.966998 0.168400
vn -0.003600 0.990592 0.136799
vn 0.071798 0.989378 0.126397
vn -0.368416 0.556324 -0.744832
vn -0.676798 0.407199 -0.613298
vn -0.682094 0.269497 -0.679794
vn -0.405194 0.320295 -0.856288
vn 0.503208 0.044601 -0.863014
vn 0.453087 -0.116097 -0.883874
vn 0.182792 -0.081597 -0.979760
vn 0.244587 0.077196 -0.966550
vn 0.064799 0.056699 -0.996286
vn 0.061301 0.034701 -0.997516
vn 0.319596 0.086599 -0.943588
vn 0.320101 0.146401 -0.936003
vn -0.875862 -0.013299 0.482379
vn -0.857044 -0.101605 0.505126
vn -0.892414 0.219003 0.394506
vn -0.887580 0.353892 0.294893
vn 0.885926 -0.338210 -0.317409
vn 0.948305 -0.110501 -0.297502
vn 0.829133 -0.046402 -0.557122
vn 0.756863 -0.229989 -0.611770
vn -0.936903 0.344401 -0.060000
vn -0.942605 0.316302 -0.107001
vn -0.845837 0.396717 -0.356616
vn -0.846101 0.445400 -0.292800
vn -0.894894 0.093399 0.436397
vn -0.872378 0.392190 0.291793
vn -0.898880 0.229495 0.373292
vn -0.871215 -0.127302 0.474108
vn -0.897028 0.055202 0.438514
vn -0.851134 -0.157006 0.500920
vn -0.932925 0.028901 0.358910
vn -0.936910 0.117301 0.329303
vn 0.629577 0.756673 -0.176294
vn 0.633031 0.749936 -0.192009
vn 0.566482 0.820374 -0.077998
vn 0.559614 0.827321 -0.048701
vn 0.680687 -0.148397 0.717386
vn 0.483784 0.005300 0.875171
vn 0.484890 -0.058999 0.872583
vn 0.670756 -0.190287 0.716853
vn 0.890699 -0.349499 -0.290700
vn 0.856607 -0.444204 -0.262502
vn 0.744960 -0.421877 -0.516772
vn 0.779608 -0.315303 -0.541106
vn -0.353386 -0.347186 -0.868666
vn -0.406092 -0.267895 -0.873683
vn -0.112198 -0.346593 -0.931281
vn -0.054299 -0.413290 -0.908979
vn -0.799601 -0.503501 0.327300
vn -0.823598 -0.460499 0.331099
vn -0.868698 -0.492699 0.051100
vn -0.837114 -0.544609 0.051401
vn -0.929039 0.249811 0.272912
vn -0.929438 0.255910 0.265811
vn -0.932732 0.241208 0.268009
vn -0.924466 0.276990 0.261990
vn 0.202307 0.034001 -0.978732
vn 0.209893 0.197993 -0.957467
vn 0.465817 0.168806 -0.868631
vn 0.462501 0.030300 -0.886101
vn 0.062600 -0.355197 -0.932693
vn 0.336512 -0.365313 -0.867932
vn 0.292012 -0.522721 -0.800932
vn 0.041202 -0.466921 -0.883339
vn 0.502200 0.477900 -0.720699
vn 0.473076 0.491975 -0.730863
vn 0.514005 0.463304 -0.721906
vn 0.580915 0.440112 -0.684718
vn 0.459225 0.245414 -0.853747
vn 0.575695 0.415896 -0.703993
vn 0.592494 0.294297 -0.749893
vn 0.405783 0.127995 -0.904963
vn 0.231094 0.453687 -0.860676
vn 0.261386 0.686263 -0.678764
vn 0.523293 0.651492 -0.549293
vn 0.465706 0.459306 -0.756410
vn 0.015300 0.194304 -0.980822
vn 0.052500 0.363297 -0.930193
vn 0.301097 0.422696 -0.854792
vn 0.240400 0.293300 -0.925301
vn -0.999794 -0.018300 -0.008800
vn -0.992143 -0.125105 -0.000900
vn -0.965527 -0.141004 0.218806
vn -0.955341 -0.107105 0.275412
vn -0.991701 0.118700 0.049400
vn -0.992351 0.117094 0.039098
vn -0.990574 0.132297 0.035499
vn -0.989326 0.133104 0.059302
vn -0.429191 -0.204396 -0.879782
vn -0.450710 -0.380708 -0.807417
vn -0.586811 -0.488710 -0.645613
vn -0.623602 -0.300201 -0.721803
vn -0.616366 -0.787457 0.002000
vn -0.602320 -0.730424 -0.322011
vn -0.651510 -0.726311 -0.219103
vn -0.449816 -0.866731 0.215508
vn 0.986592 0.163199 0.001200
vn 0.908154 0.382481 -0.170191
vn 0.910810 0.173702 -0.374504
vn 0.953927 -0.014100 -0.299708
vn 0.927364 -0.189393 0.322687
vn 0.961735 -0.273710 0.012200
vn 0.984541 -0.172407 0.030901
vn 0.924308 -0.116901 0.363303
vn 0.455908 -0.089502 -0.885515
vn 0.693622 -0.076902 -0.716223
vn 0.674476 -0.214092 -0.706574
vn 0.436393 -0.226096 -0.870886
vn 0.559614 0.827321 -0.048701
vn 0.566482 0.820374 -0.077998
vn 0.409988 0.909173 0.072898
vn 0.416794 0.906787 0.063399
vn 0.775599 0.629599 -0.045300
vn 0.792754 0.608965 0.026498
vn 0.738101 0.674201 -0.025700
vn 0.722428 0.686226 -0.084803
vn 0.373004 0.325103 -0.869009
vn 0.379401 0.214600 -0.900001
vn 0.099702 0.250305 -0.963020
vn 0.093103 0.371811 -0.923628
vn -0.797087 -0.499192 -0.339794
vn -0.822280 -0.416690 -0.387590
vn -0.645794 -0.464196 -0.606195
vn -0.626712 -0.528210 -0.572911
vn 0.918578 0.393791 -0.033799
vn 0.795780 0.604485 0.036499
vn 0.717111 0.618009 -0.322205
vn 0.825221 0.416211 -0.381810
vn 0.660838 0.749043 0.047203
vn 0.655919 0.752622 0.057702
vn 0.765010 0.641809 -0.053301
vn 0.780814 0.615911 -0.104802
vn -0.980103 0.047600 0.192701
vn -0.950838 0.101704 0.292512
vn -0.927728 0.334410 0.165805
vn -0.948167 0.306389 0.084297
vn -0.785201 0.609501 0.109400
vn -0.845809 0.529906 0.061701
vn -0.854669 0.518481 0.026799
vn -0.788593 0.606894 0.098999
vn -0.246698 -0.235298 -0.940093
vn 0.084604 -0.027201 -0.996043
vn -0.159001 -0.325702 -0.932007
vn -0.374914 -0.457816 -0.806129
vn -0.886139 -0.146306 0.439719
vn -0.955235 0.037901 0.293411
vn -0.987776 -0.007500 0.155696
vn -0.936888 -0.192298 0.291996
vn -0.302694 0.019800 -0.952882
vn 0.019200 0.025200 -0.999498
vn -0.008400 0.160208 -0.987048
vn -0.292790 0.031199 -0.955668
vn -0.273596 -0.283596 0.919086
vn -0.561513 -0.264906 0.783918
vn -0.485704 -0.276902 0.829106
vn -0.202297 -0.305096 0.930587
vn 0.677913 0.428408 -0.597411
vn 0.631625 0.399816 -0.664227
vn 0.729943 0.335620 -0.595435
vn 0.744577 0.411287 -0.525784
vn 0.789758 -0.425577 -0.441776
vn 0.673017 -0.296908 -0.677417
vn 0.540381 -0.337488 -0.770773
vn 0.688807 -0.455705 -0.563806
vn 0.331102 0.043200 -0.942606
vn 0.374012 -0.083803 -0.923630
vn 0.612697 -0.126699 -0.780096
vn 0.570810 0.021000 -0.820814
vn -0.062898 0.130395 -0.989465
vn -0.355001 0.108900 -0.928502
vn -0.379195 0.214597 -0.900088
vn -0.099601 0.250401 -0.963005
vn -0.775599 0.629599 -0.045300
vn -0.722422 0.686221 -0.084903
vn -0.738004 0.674303 -0.025800
vn -0.792756 0.608967 0.026399
vn -0.864357 0.470477 -0.177591
vn -0.874500 0.411900 -0.256100
vn -0.980602 0.190700 -0.045300
vn -0.972170 0.228793 -0.050398
vn 0.757122 0.496715 -0.424312
vn 0.773978 0.568584 -0.278692
vn 0.681479 0.684779 -0.258192
vn 0.629334 0.614433 -0.475826
vn 0.754961 0.655766 0.002000
vn 0.754108 0.655207 -0.045000
vn 0.803367 0.594976 -0.024599
vn 0.805794 0.589495 0.056500
vn -0.807633 0.060002 0.586624
vn -0.790708 -0.026800 0.611606
vn -0.753688 0.050499 0.655290
vn -0.690919 0.267507 0.671618
vn -0.806243 -0.182810 0.562630
vn -0.955449 -0.095195 0.279385
vn -0.859092 -0.210798 0.466396
vn -0.671304 -0.258602 0.694605
vn 0.666573 0.736470 0.115295
vn 0.737176 0.590480 0.328489
vn 0.819720 0.443611 0.362309
vn 0.737999 0.640999 0.210900
vn 0.746365 0.355283 -0.562773
vn 0.901624 0.274307 -0.334409
vn 0.900374 0.150696 -0.408188
vn 0.741395 0.230898 -0.630095
vn 0.613690 0.277196 0.739288
vn 0.658100 0.405200 0.634600
vn 0.669388 0.289495 0.684188
vn 0.608425 0.145106 0.780233
vn -0.740697 0.592298 -0.317099
vn -0.756601 0.500901 -0.420301
vn -0.899344 0.349817 -0.262313
vn -0.895216 0.402907 -0.190403
vn 0.072102 -0.141403 0.987323
vn 0.347077 -0.247683 0.904539
vn 0.224100 -0.083300 0.971000
vn -0.005500 0.124697 0.992180
vn -0.741017 0.022301 0.671116
vn -0.551203 -0.373702 0.746004
vn -0.703787 -0.252595 0.663988
vn -0.818093 0.156099 0.553495
vn 0.789795 -0.179899 0.586396
vn 0.875838 -0.013301 0.482421
vn 0.857001 -0.101600 0.505200
vn 0.765623 -0.324210 0.555617
vn 0.929413 0.255904 0.265904
vn 0.920447 0.334317 0.202510
vn 0.931049 0.250513 0.265314
vn 0.929014 0.249804 0.273004
vn -0.888143 0.427172 0.169489
vn -0.827499 0.514500 0.224800
vn -0.904161 0.373584 0.207191
vn -0.932914 0.291804 0.211003
vn -0.634779 0.165895 -0.754675
vn -0.391689 0.198295 -0.898476
vn -0.375884 0.049198 -0.925360
vn -0.619092 0.031400 -0.784690
vn -0.256887 0.919453 -0.297685
vn -0.234408 0.885529 -0.401113
vn -0.493678 0.838763 -0.229690
vn -0.501191 0.850585 -0.159097
vn 0.864397 0.182299 0.468598
vn 0.922333 0.179806 0.342012
vn 0.921809 0.143001 0.360304
vn 0.850558 0.079505 0.519836
vn -0.808103 0.346701 0.476202
vn -0.805322 0.363510 0.468313
vn -0.738151 0.426071 0.523065
vn -0.756498 0.346599 0.554599
vn 0.566912 0.803917 0.179804
vn 0.572695 0.801693 0.171199
vn 0.675936 0.731639 0.088405
vn 0.687074 0.724473 0.055398
vn 0.859026 -0.210806 0.466514
vn 0.955440 -0.095204 0.279412
vn 0.806198 -0.182799 0.562698
vn 0.671304 -0.258602 0.694605
vn 0.099899 0.994990 -0.004000
vn 0.170097 0.982383 0.077399
vn 0.297812 0.940639 0.162807
vn 0.221002 0.964509 0.144501
vn 0.319389 0.077297 -0.944466
vn 0.288106 0.047501 -0.956420
vn 0.520302 -0.063700 -0.851603
vn 0.550886 -0.059198 -0.832479
vn 0.852808 0.206402 0.479705
vn 0.792408 0.264203 0.549806
vn 0.693596 0.078300 0.716096
vn 0.763446 0.013101 0.645739
vn -0.248592 0.894870 -0.370688
vn -0.390582 0.861860 -0.323485
vn -0.053999 0.913478 -0.403290
vn 0.109099 0.911094 -0.397498
vn 0.052098 0.987854 -0.146393
vn 0.062202 0.987133 -0.147305
vn 0.064702 0.990626 -0.120303
vn 0.050602 0.988942 -0.139406
vn 0.964587 0.261296 0.036000
vn 0.964826 0.211006 0.156804
vn 0.944242 0.238885 0.226586
vn 0.934988 0.341996 0.093999
vn 0.963097 -0.080300 0.256899
vn 0.998279 0.054199 0.022400
vn 0.992783 0.062099 0.102598
vn 0.950288 -0.142798 0.276697
vn -0.546876 -0.097096 -0.831564
vn -0.292790 0.031199 -0.955668
vn -0.419198 0.055500 -0.906197
vn -0.622400 -0.237800 -0.745700
vn -0.287893 -0.056799 -0.955977
vn -0.218509 -0.294812 -0.930237
vn -0.494196 -0.304997 -0.814093
vn -0.551193 -0.049799 -0.832890
vn 0.044601 -0.485813 -0.872924
vn 0.325209 -0.483614 -0.812623
vn 0.348984 -0.306586 -0.885559
vn 0.062196 -0.344980 -0.936547
vn -0.133901 0.514605 -0.846908
vn -0.105906 0.634733 -0.765440
vn 0.164496 0.646485 -0.744982
vn 0.144199 0.529296 -0.836094
vn 0.814111 0.145802 0.562108
vn 0.738569 0.011999 0.674071
vn 0.788477 0.317991 0.526485
vn 0.806293 0.422196 0.414296
vn 0.853213 0.481607 -0.200203
vn 0.671395 0.675295 -0.305298
vn 0.668700 0.694400 -0.265800
vn 0.851104 0.502602 -0.151701
vn -0.889256 0.008601 0.457329
vn -0.991962 0.044398 0.118495
vn -0.966400 0.109400 0.232600
vn -0.803331 0.133305 0.580422
vn -0.587599 0.400299 -0.703199
vn -0.819192 0.331097 -0.468295
vn -0.861266 0.314187 -0.399384
vn -0.649247 0.469534 -0.598344
vn -0.333204 -0.618307 0.711808
vn -0.510596 -0.396397 0.762995
vn -0.360886 -0.736771 0.571778
vn -0.212386 -0.859744 0.464470
vn 0.357322 -0.373722 0.855951
vn 0.244993 -0.500286 0.830477
vn 0.310907 -0.413209 0.855918
vn 0.415209 -0.278906 0.865918
vn -0.874500 0.411900 -0.256100
vn -0.851805 0.360802 -0.379802
vn -0.966051 0.254313 -0.045502
vn -0.980602 0.190700 -0.045300
vn -0.768880 0.638784 -0.027899
vn -0.928134 0.359813 0.095403
vn -0.768681 0.634785 -0.078598
vn -0.524007 0.828712 -0.196603
vn -0.949679 -0.131697 0.284194
vn -0.965589 -0.037200 0.257397
vn -0.991738 0.124605 -0.030501
vn -0.999574 0.028799 -0.004700
vn 0.177394 0.929071 -0.324590
vn 0.020700 0.935093 -0.353797
vn -0.333310 0.877227 -0.345511
vn -0.166909 0.912647 -0.373119
vn 0.647771 0.521277 -0.555575
vn 0.643991 0.423094 -0.637391
vn 0.425997 0.483497 -0.764695
vn 0.435791 0.615187 -0.656986
vn 0.543589 -0.093898 -0.834083
vn 0.286911 -0.119805 -0.950436
vn 0.318895 0.024100 -0.947484
vn 0.565617 0.035001 -0.823925
vn 0.643991 0.423094 -0.637391
vn 0.631501 0.328601 -0.702302
vn 0.406920 0.360217 -0.839440
vn 0.425997 0.483497 -0.764695
vn -0.893028 0.013000 0.449814
vn -0.880784 0.011000 0.473391
vn -0.775610 -0.175902 0.606208
vn -0.786374 -0.229892 0.573381
vn -0.635206 0.216402 -0.741407
vn -0.395794 0.251296 -0.883288
vn -0.391689 0.198295 -0.898476
vn -0.634779 0.165895 -0.754675
vn 0.391802 0.198401 -0.898404
vn 0.395914 0.251309 -0.883231
vn 0.635265 0.216388 -0.741360
vn 0.634827 0.165907 -0.754632
vn -0.524591 0.129898 -0.841386
vn -0.496919 -0.084903 -0.863633
vn -0.732773 -0.050798 -0.678575
vn -0.768416 0.133303 -0.625913
vn 0.764498 -0.165200 -0.623098
vn 0.805835 0.193809 -0.559525
vn 0.755000 0.087200 -0.649900
vn 0.795792 -0.232898 -0.558994
vn -0.538486 0.698782 0.470888
vn -0.433101 0.752402 0.496301
vn -0.379986 0.748273 0.543781
vn -0.461197 0.683996 0.565196
vn 0.344591 0.747581 -0.567785
vn 0.587490 0.653489 -0.477292
vn 0.595088 0.518190 -0.614288
vn 0.354588 0.597179 -0.719475
vn -0.968168 0.250292 0.002300
vn -0.994042 0.089504 -0.062203
vn -0.990428 -0.016800 0.137004
vn -0.978985 0.092399 0.181797
vn 0.678093 -0.165098 -0.716193
vn 0.833790 -0.071799 -0.547393
vn 0.793539 -0.067803 -0.604730
vn 0.659680 -0.256892 -0.706278
vn 0.003900 0.357414 -0.933938
vn -0.146700 0.477499 -0.866299
vn 0.208498 0.496895 -0.842392
vn 0.343196 0.370296 -0.863190
vn 0.281796 -0.259597 0.923688
vn -0.020801 -0.045901 0.998729
vn 0.305011 0.116204 0.945233
vn 0.116802 -0.398007 0.909916
vn -0.045499 0.555786 -0.830079
vn -0.008100 0.681900 -0.731400
vn 0.274600 0.652700 -0.706100
vn 0.235804 0.547910 -0.802615
vn -0.525492 -0.050699 -0.849287
vn -0.557021 -0.024701 -0.830131
vn -0.299813 -0.054502 -0.952440
vn -0.263196 -0.109698 -0.958485
vn 0.290492 -0.302291 -0.907874
vn 0.292897 -0.246997 -0.923690
vn 0.324985 -0.497377 -0.804363
vn 0.299796 -0.551292 -0.778588
vn -0.814245 -0.196011 0.546430
vn -0.894894 0.093399 0.436397
vn -0.871215 -0.127302 0.474108
vn -0.744990 -0.423994 0.514993
vn 0.738525 -0.310410 -0.598520
vn 0.543783 -0.270092 -0.794576
vn 0.476102 -0.323301 -0.817804
vn 0.684208 -0.351104 -0.639207
vn -0.992705 -0.073600 0.095500
vn -0.907623 -0.032701 0.418511
vn -0.874357 -0.079196 0.478777
vn -0.981993 -0.058300 0.179699
vn -0.752193 -0.153999 -0.640694
vn -0.550588 -0.063199 -0.832382
vn -0.473889 -0.169696 -0.864079
vn -0.684599 -0.248100 -0.685399
vn -0.326006 -0.240304 -0.914316
vn 0.094298 -0.111498 -0.989281
vn 0.093904 0.239911 -0.966243
vn -0.429108 0.117202 -0.895617
vn 0.328995 0.105798 0.938386
vn 0.458185 0.077498 0.885472
vn 0.195793 -0.027399 0.980263
vn 0.028701 0.039101 0.998823
vn -0.894329 0.446514 0.028301
vn -0.834412 0.543908 0.089001
vn -0.882564 0.344886 0.319587
vn -0.899383 0.283595 0.332694
vn 0.663078 -0.092797 0.742776
vn 0.449596 0.072399 0.890293
vn 0.483784 0.005300 0.875171
vn 0.680687 -0.148397 0.717386
vn 0.682910 0.718311 0.132902
vn 0.620668 0.782260 0.053297
vn 0.477511 0.872720 0.101702
vn 0.635898 0.770797 0.038800
vn 0.911429 0.411413 0.006100
vn 0.784603 0.618802 -0.038500
vn 0.685098 0.710998 -0.158500
vn 0.840856 0.538972 -0.049697
vn 0.965506 -0.141001 0.218901
vn 0.827114 -0.154403 0.540409
vn 0.835424 -0.103803 0.539715
vn 0.942279 -0.233995 0.239495
vn 0.732822 -0.050802 -0.678521
vn 0.496995 -0.084899 -0.863591
vn 0.524708 0.129902 -0.841313
vn 0.768399 0.133000 -0.625999
vn 0.998681 0.034299 -0.038199
vn 0.982630 0.043901 -0.180306
vn 0.991950 0.044398 0.118594
vn 0.966378 0.109397 0.232695
vn -0.264698 0.782493 -0.563595
vn 0.015500 0.812106 -0.583304
vn 0.012800 0.698700 -0.715300
vn -0.268698 0.677694 -0.684494
vn 0.997712 -0.026500 -0.062201
vn 0.994051 0.089405 -0.062203
vn 0.990414 -0.016800 0.137102
vn 0.963490 -0.125899 0.236298
vn 0.720735 0.653232 0.232011
vn 0.784072 0.605878 0.134695
vn 0.888106 0.427203 0.169601
vn 0.827433 0.514821 0.224309
vn 0.052500 0.363297 -0.930193
vn 0.060100 0.524801 -0.849101
vn 0.332201 0.541901 -0.772001
vn 0.301097 0.422696 -0.854792
vn -0.067099 0.084199 -0.994187
vn 0.221800 0.053900 -0.973601
vn 0.201892 -0.086697 -0.975563
vn -0.087896 -0.057698 -0.994457
vn -0.891793 0.011500 0.452297
vn -0.890207 -0.006900 0.455504
vn -0.900996 0.035200 0.432398
vn -0.905912 0.070801 0.417506
vn 0.195793 -0.027399 0.980263
vn 0.478193 -0.223697 0.849288
vn 0.148596 -0.524286 0.838477
vn -0.155405 -0.151705 0.976133
vn 0.887838 0.047302 -0.457719
vn 0.983075 -0.038099 -0.179196
vn 0.971048 -0.130193 -0.200289
vn 0.868756 -0.085096 -0.487875
vn -0.793203 0.326701 -0.513902
vn -0.753772 0.181493 -0.631576
vn -0.918663 0.051398 -0.391684
vn -0.947087 0.157998 -0.279396
vn 0.881534 -0.059802 0.468318
vn 0.881399 -0.058800 0.468699
vn 0.891793 0.011500 0.452297
vn 0.890207 -0.006900 0.455504
vn 0.598607 -0.435205 -0.672508
vn 0.791378 -0.409189 -0.454187
vn 0.805204 -0.387702 -0.448702
vn 0.624493 -0.389995 -0.676692
vn 0.780814 0.615911 -0.104802
vn 0.765010 0.641809 -0.053301
vn 0.828423 0.530015 -0.181105
vn 0.840392 0.476795 -0.257697
vn 0.620630 -0.383119 -0.684133
vn 0.801010 -0.365004 -0.474506
vn 0.791378 -0.409189 -0.454187
vn 0.598607 -0.435205 -0.672508
vn 0.665527 0.240310 -0.706629
vn 0.656234 -0.265414 -0.706337
vn 0.487412 -0.066702 -0.870621
vn 0.525573 0.476975 -0.704463
vn 0.669400 -0.226600 -0.707500
vn 0.836493 -0.237998 -0.493596
vn 0.801010 -0.365004 -0.474506
vn 0.620630 -0.383119 -0.684133
vn 0.680473 0.650274 -0.337787
vn 0.865300 0.469900 -0.174500
vn 0.842092 0.454095 -0.290997
vn 0.651096 0.627696 -0.426698
vn -0.145007 -0.208810 -0.967146
vn -0.112101 -0.146701 -0.982808
vn 0.175094 -0.186794 -0.966669
vn 0.140895 -0.266191 -0.953568
vn -0.541473 -0.042198 -0.839658
vn -0.560692 -0.142398 -0.815688
vn -0.211206 -0.100803 -0.972230
vn -0.192902 0.082901 -0.977710
vn 0.741849 0.603740 -0.291819
vn 0.888242 0.426520 -0.170608
vn 0.878505 0.442403 -0.180301
vn 0.739125 0.571919 -0.355812
vn 0.790708 -0.026800 0.611606
vn 0.814573 -0.061598 0.576781
vn 0.832910 0.018300 0.553106
vn 0.807591 0.059899 0.586693
vn -0.886313 0.387406 0.253704
vn -0.862087 0.179797 0.473793
vn -0.756407 0.337003 0.560605
vn -0.790876 0.524084 0.315991
vn -0.611476 -0.218591 0.760470
vn -0.406095 -0.348695 0.844689
vn -0.320085 -0.308486 0.895758
vn -0.542176 -0.182692 0.820164
vn 0.660817 0.138704 0.737619
vn 0.767602 -0.028300 0.640302
vn 0.862020 0.179804 0.473911
vn 0.756407 0.337003 0.560605
vn 0.648098 0.760798 0.034000
vn 0.702085 0.659086 0.269594
vn 0.737176 0.590480 0.328489
vn 0.666573 0.736470 0.115295
vn -0.546968 -0.213188 -0.809553
vn -0.454114 -0.346211 -0.820925
vn -0.679827 -0.367714 -0.634525
vn -0.751100 -0.226000 -0.620300
vn 0.589383 0.251593 -0.767678
vn 0.584723 0.149006 -0.797431
vn 0.321505 0.192603 -0.927113
vn 0.328811 0.310110 -0.892029
vn -0.931087 0.250496 0.265196
vn -0.920434 0.334413 0.202408
vn -0.929438 0.255910 0.265811
vn -0.929039 0.249811 0.272912
vn 0.125202 -0.195304 -0.972718
vn 0.419127 -0.127308 -0.898958
vn 0.358986 -0.263190 -0.895466
vn 0.079201 -0.231902 -0.969509
vn 0.564283 0.118896 -0.816975
vn 0.645510 0.167703 -0.745112
vn 0.379391 0.325792 -0.865980
vn 0.281092 0.418389 -0.863677
vn -0.763838 -0.199410 -0.613830
vn -0.710809 -0.088401 -0.697808
vn -0.776623 0.213406 -0.592718
vn -0.898134 0.047802 -0.437116
vn 0.752285 -0.153997 -0.640587
vn 0.803328 -0.029201 -0.594821
vn 0.926029 -0.109203 -0.361311
vn 0.883172 -0.231593 -0.407887
vn 0.035198 0.880051 -0.473573
vn -0.103100 0.853197 -0.511298
vn 0.082904 0.853940 -0.513724
vn 0.213507 0.854627 -0.473315
vn -0.961639 0.264511 0.072703
vn -0.981505 -0.072200 0.177301
vn -0.987437 0.082103 0.135005
vn -0.911429 0.411413 0.006000
vn -0.818790 0.010700 -0.573993
vn -0.619092 0.031400 -0.784690
vn -0.599617 -0.096703 -0.794423
vn -0.793606 -0.097901 -0.600504
vn 0.117701 -0.461103 -0.879506
vn 0.412409 -0.376808 -0.829418
vn 0.347385 -0.419282 -0.838764
vn 0.035799 -0.479582 -0.876767
vn -0.735177 -0.344889 -0.583581
vn -0.642742 0.051503 -0.764350
vn -0.800406 -0.096101 -0.591705
vn -0.846500 -0.323800 -0.422600
vn 0.853097 0.518898 -0.054500
vn 0.823193 0.462296 0.329597
vn 0.757324 0.629320 0.174405
vn 0.797598 0.498099 -0.340199
vn -0.952778 -0.030899 -0.302093
vn -0.854484 0.066599 -0.515191
vn -0.821070 -0.039199 -0.569480
vn -0.931946 -0.100194 -0.348480
vn 0.820807 0.457804 0.341603
vn 0.798891 0.546694 0.250797
vn 0.780097 0.328799 0.532298
vn 0.793934 0.200409 0.574025
vn 0.337094 0.825985 -0.451792
vn 0.585775 0.720169 -0.371784
vn 0.587490 0.653489 -0.477292
vn 0.344591 0.747581 -0.567785
vn -0.800406 -0.096101 -0.591705
vn -0.612200 0.363300 -0.702300
vn -0.452805 0.224402 -0.862909
vn -0.843990 0.059099 -0.533094
vn 0.157495 0.017100 -0.987372
vn 0.163702 0.235803 -0.957914
vn 0.418287 0.231293 -0.878373
vn 0.379008 -0.061901 -0.923321
vn -0.834378 0.297692 0.463888
vn -0.861809 0.475905 0.175502
vn -0.865502 0.435601 0.247301
vn -0.826986 0.223496 0.515891
vn -0.323786 0.731569 -0.599975
vn -0.569107 0.663408 -0.485806
vn -0.535394 0.692592 -0.483394
vn -0.282811 0.763629 -0.580422
vn 0.835497 -0.394899 -0.382099
vn 0.666497 -0.435198 -0.605297
vn 0.622583 -0.549285 -0.557384
vn 0.808029 -0.461017 -0.366813
vn -0.222510 0.844339 -0.487423
vn -0.378893 0.766285 -0.518890
vn -0.570098 0.626497 -0.531498
vn -0.499010 0.772915 -0.391908
vn 0.631501 0.328601 -0.702302
vn 0.611590 0.237496 -0.754688
vn 0.382193 0.250495 -0.889483
vn 0.406920 0.360217 -0.839440
vn 0.833932 0.117005 -0.539321
vn 0.899532 0.255409 -0.354413
vn 0.886663 0.339286 -0.314187
vn 0.831317 0.207004 -0.515811
vn -0.974171 0.017999 -0.225093
vn -0.950257 -0.106795 -0.292587
vn -0.986347 -0.163308 0.021201
vn -0.994527 -0.071802 0.075902
vn 0.357807 0.133403 -0.924218
vn 0.364601 0.170600 -0.915403
vn 0.618830 0.146007 -0.771837
vn 0.612288 0.103098 -0.783884
vn 0.115099 0.092999 -0.988991
vn 0.119002 0.107901 -0.987014
vn -0.151803 -0.050501 -0.987120
vn -0.165201 -0.047700 -0.985106
vn -0.474775 -0.081196 -0.876354
vn -0.554990 -0.083199 -0.827686
vn -0.259302 -0.181401 -0.948607
vn -0.180605 -0.189005 -0.965225
vn 0.738137 0.426021 0.523126
vn 0.805284 0.363493 0.468391
vn 0.808064 0.346685 0.476279
vn 0.756456 0.346580 0.554668
vn -0.847787 -0.052899 -0.527692
vn -0.950257 -0.106795 -0.292587
vn -0.974171 0.017999 -0.225093
vn -0.880914 0.093702 -0.463908
vn 0.762090 0.530293 -0.371495
vn 0.559403 0.676904 -0.478403
vn 0.533699 0.792999 -0.293800
vn 0.748400 0.637300 -0.183700
vn -0.387385 0.315188 -0.866366
vn -0.084700 0.390499 -0.916699
vn -0.157402 0.207402 -0.965510
vn -0.444904 0.074101 -0.892508
vn -0.160099 0.940791 -0.298797
vn -0.350617 0.936144 -0.026501
vn -0.334118 0.768042 -0.546330
vn -0.124898 0.775885 -0.618388
vn -0.674079 0.714178 -0.188594
vn -0.530720 0.777229 -0.338012
vn -0.225899 0.898997 -0.375199
vn -0.458997 0.856795 -0.234999
vn 0.347385 -0.419282 -0.838764
vn 0.609093 -0.321997 -0.724792
vn 0.559708 -0.264304 -0.785411
vn 0.300801 -0.303801 -0.904004
vn -0.749665 0.650270 -0.123094
vn -0.779894 0.619595 -0.088699
vn -0.879304 0.464902 0.103400
vn -0.856186 0.509892 0.083399
vn 0.379880 0.748261 0.543872
vn 0.293903 0.774607 0.560005
vn 0.318590 0.768075 0.555482
vn 0.433080 0.752365 0.496377
vn -0.804090 -0.137898 0.578293
vn -0.884277 0.148296 0.442789
vn -0.893028 0.013000 0.449814
vn -0.786374 -0.229892 0.573381
vn -0.428691 0.550989 -0.715985
vn 0.014700 0.579812 -0.814617
vn -0.157603 0.672511 -0.723112
vn -0.526209 0.607510 -0.595010
vn 0.829515 -0.025300 -0.557910
vn 0.779626 -0.146705 -0.608820
vn 0.532375 -0.119294 -0.838061
vn 0.641929 -0.028501 -0.766234
vn -0.867821 0.496212 0.025701
vn -0.905455 0.420279 -0.059297
vn -0.978513 0.182102 0.096701
vn -0.961639 0.264511 0.072703
vn -0.361415 -0.471620 -0.804334
vn -0.373305 -0.518907 -0.769011
vn -0.184400 -0.416799 -0.890098
vn -0.246304 -0.306306 -0.919517
vn 0.932707 0.241202 0.268102
vn 0.929413 0.255904 0.265904
vn 0.929014 0.249804 0.273004
vn 0.924426 0.277108 0.262007
vn 0.582684 -0.242493 -0.775678
vn 0.214106 -0.200906 -0.955927
vn 0.361222 -0.186911 -0.913555
vn 0.678287 -0.253495 -0.689686
vn -0.605820 -0.243808 0.757325
vn -0.422999 -0.389599 0.818098
vn -0.281915 -0.259613 0.923648
vn -0.424017 -0.142106 0.894436
vn -0.206293 0.750474 -0.627879
vn 0.091897 0.756178 -0.647881
vn 0.051798 0.723879 -0.687980
vn -0.245002 0.719805 -0.649504
vn 0.336717 -0.066603 -0.939247
vn 0.245889 0.025799 -0.968955
vn 0.508186 -0.121197 -0.852677
vn 0.570587 -0.208295 -0.794382
vn 0.311496 0.784790 0.535793
vn 0.485595 0.766792 0.419796
vn 0.673202 0.656502 0.340301
vn 0.530700 0.682900 0.502000
vn -0.893028 0.013000 0.449814
vn -0.921298 0.277799 0.272099
vn -0.929293 0.264198 0.258098
vn -0.880784 0.011000 0.473391
vn 0.311310 0.023001 -0.950030
vn 0.587673 0.023299 -0.808763
vn 0.587913 0.137703 -0.797117
vn 0.319596 0.086599 -0.943588
vn 0.560692 -0.142398 -0.815688
vn 0.573372 -0.159292 -0.803661
vn 0.762049 -0.151110 -0.629641
vn 0.730191 -0.154298 -0.665592
vn -0.534713 0.162204 -0.829320
vn -0.759108 0.100201 -0.643207
vn -0.693854 -0.242784 -0.677955
vn -0.431200 -0.183500 -0.883399
vn -0.163505 -0.499016 -0.851028
vn -0.182393 -0.495282 -0.849369
vn 0.130496 -0.488284 -0.862873
vn 0.171797 -0.433992 -0.884385
vn 0.919022 0.120903 0.375209
vn 0.904434 0.090903 0.416816
vn 0.896885 0.132998 0.421793
vn 0.915493 0.138899 0.377597
vn -0.892323 0.372809 0.254506
vn -0.884163 0.393584 0.251690
vn -0.747300 0.544200 0.381300
vn -0.799262 0.453479 0.394381
vn 0.042000 -0.196501 -0.979604
vn 0.343312 -0.164906 -0.924631
vn 0.305208 -0.333109 -0.892125
vn 0.005400 -0.350691 -0.936476
vn 0.080397 0.054598 -0.995267
vn 0.063301 0.059501 -0.996219
vn 0.331680 0.103094 -0.937742
vn 0.343595 0.128498 -0.930285
vn -0.791368 0.597076 -0.131295
vn -0.752363 0.633169 -0.181791
vn -0.723795 0.676095 -0.137899
vn -0.742246 0.667841 -0.055303
vn 0.419281 0.055497 -0.906159
vn 0.293908 0.031101 -0.955328
vn 0.546992 -0.097099 -0.831488
vn 0.622476 -0.237691 -0.745672
vn 0.589598 0.774198 -0.230199
vn 0.363316 0.878539 -0.310114
vn 0.259493 0.938374 -0.228294
vn 0.498899 0.858699 -0.117200
vn 0.652579 0.078197 -0.753675
vn 0.666210 0.221503 -0.712110
vn 0.864619 0.130403 -0.485211
vn 0.847233 0.069003 -0.526721
vn 0.575534 -0.108506 -0.810548
vn 0.305002 -0.219101 -0.926806
vn 0.297317 -0.059003 -0.952954
vn 0.574573 -0.012199 -0.818362
vn -0.941411 -0.206303 0.266803
vn -0.810971 -0.453984 0.369087
vn -0.813324 -0.498315 0.300309
vn -0.941630 -0.242408 0.233607
vn 0.813505 0.063300 -0.578103
vn 0.665270 -0.028299 -0.746066
vn 0.848382 -0.384392 -0.363992
vn 0.959852 -0.190810 -0.205611
vn -0.182694 -0.081697 -0.979770
vn -0.097896 -0.271790 -0.957364
vn -0.378517 -0.326915 -0.865940
vn -0.453007 -0.116102 -0.883914
vn -0.363400 -0.061500 0.929601
vn -0.401416 -0.072303 0.913037
vn -0.076099 0.025100 0.996784
vn -0.098601 0.149001 0.983909
vn 0.911739 0.397017 -0.105404
vn 0.744422 0.506815 -0.434713
vn 0.808774 0.456185 -0.371188
vn 0.956754 0.252188 -0.144993
vn 0.861995 0.166199 -0.478897
vn 0.981129 0.082002 -0.175105
vn 0.706424 0.592020 -0.387913
vn 0.790688 0.337195 -0.510992
vn -0.901921 -0.089102 -0.422610
vn -0.756563 -0.085796 -0.648268
vn -0.631188 -0.339694 -0.697287
vn -0.802147 -0.371276 -0.467669
vn 0.607074 0.176192 0.774866
vn 0.266792 -0.546283 0.793975
vn 0.278509 -0.271608 0.921228
vn 0.416087 0.360589 0.834774
vn 0.901978 -0.089098 -0.422490
vn 0.936146 0.094705 -0.338617
vn 0.998433 0.050502 -0.024101
vn 0.985176 -0.080098 -0.151696
vn 0.904712 -0.013600 -0.425806
vn 0.854764 -0.170593 -0.490180
vn 0.687495 -0.096899 -0.719695
vn 0.748205 0.075100 -0.659204
vn -0.425316 0.830532 -0.359614
vn -0.426889 0.817079 -0.387490
vn -0.671374 0.675274 -0.305388
vn -0.668682 0.694381 -0.265893
vn -0.923925 0.087602 0.372410
vn -0.895622 0.053301 0.441611
vn -0.962632 0.205307 0.176606
vn -0.973215 0.195603 0.120802
vn 0.895817 -0.444409 0.003500
vn 0.828458 -0.486076 0.278186
vn 0.878816 -0.368607 0.303005
vn 0.956672 -0.287592 0.045499
vn -0.259495 -0.589588 -0.764885
vn -0.306291 -0.549285 -0.777478
vn -0.541091 -0.570791 -0.617590
vn -0.509200 -0.599199 -0.617799
vn -0.276105 0.403307 -0.872416
vn -0.533388 0.334592 -0.776882
vn -0.539020 0.475518 -0.695226
vn -0.279113 0.546126 -0.789837
vn 0.774229 -0.056002 -0.630423
vn 0.543589 -0.093898 -0.834083
vn 0.565617 0.035001 -0.823925
vn 0.792198 0.043700 -0.608698
vn -0.555537 -0.041503 -0.830455
vn -0.261398 0.008600 -0.965193
vn -0.311190 0.022999 -0.950069
vn -0.587608 0.023300 -0.808810
vn -0.454392 0.865184 0.212096
vn -0.392992 0.890982 0.227395
vn -0.386304 0.891110 0.238103
vn -0.438213 0.867525 0.235307
vn -0.853053 0.518971 -0.054497
vn -0.858633 0.512519 0.008600
vn -0.750922 0.637218 -0.173405
vn -0.772367 0.515578 -0.370984
vn -0.163796 -0.974777 0.151596
vn -0.138705 -0.960935 0.239509
vn 0.093299 -0.812394 0.575596
vn -0.117000 -0.892699 0.435200
vn -0.397184 0.614576 -0.681573
vn -0.123595 0.619173 -0.775467
vn -0.124898 0.775885 -0.618388
vn -0.334118 0.768042 -0.546330
vn -0.083902 -0.979319 0.184104
vn -0.163796 -0.974777 0.151596
vn -0.117000 -0.892699 0.435200
vn -0.212386 -0.859744 0.464470
vn 0.227904 -0.144402 -0.962916
vn 0.494690 -0.093898 -0.863982
vn 0.469216 0.144805 -0.871130
vn 0.198000 0.103700 -0.974701
vn 0.071602 0.993428 -0.089302
vn 0.101602 0.994220 -0.034701
vn 0.170097 0.982383 0.077399
vn 0.099899 0.994990 -0.004000
vn 0.847840 0.528625 -0.041502
vn 0.751717 0.656815 -0.059301
vn 0.742796 0.656296 -0.132399
vn 0.851965 0.521879 -0.042398
vn 0.541671 -0.207189 -0.814656
vn 0.571097 -0.145999 -0.807795
vn 0.766073 -0.180194 -0.616978
vn 0.736288 -0.232996 -0.635290
vn -0.963501 -0.126000 0.236200
vn -0.848884 -0.209496 0.485291
vn -0.872445 -0.194888 0.448172
vn -0.990428 -0.016800 0.137004
vn -0.045599 0.218494 0.974772
vn 0.307086 -0.007100 0.951655
vn 0.070999 -0.143598 0.987086
vn -0.263003 0.116701 0.957711
vn 0.826235 -0.563324 -0.000900
vn 0.847557 -0.411379 -0.335283
vn 0.876204 -0.472902 -0.092900
vn 0.835516 -0.486709 0.255005
vn 0.978977 0.092298 0.181896
vn 0.968613 0.118702 0.218403
vn 0.902279 -0.117297 0.414890
vn 0.896509 -0.143901 0.419004
vn 0.855236 -0.475620 -0.205809
vn 0.807026 -0.440114 -0.393712
vn 0.850121 -0.520613 -0.079102
vn 0.835087 -0.540692 0.101398
vn -0.724674 0.656476 -0.209492
vn -0.714114 0.665513 -0.217104
vn -0.708930 0.673629 -0.208909
vn -0.712710 0.675010 -0.190803
vn -0.883134 -0.231509 -0.408016
vn -0.752193 -0.153999 -0.640694
vn -0.684599 -0.248100 -0.685399
vn -0.832006 -0.310102 -0.460003
vn -0.419198 0.055500 -0.906197
vn -0.128703 0.380408 -0.915820
vn -0.349119 0.585132 -0.731940
vn -0.642742 0.051503 -0.764350
vn -0.620671 0.782264 0.053198
vn -0.682910 0.718311 0.132902
vn -0.635898 0.770797 0.038800
vn -0.477474 0.872753 0.101594
vn -0.625421 0.578419 -0.523717
vn -0.581116 0.538915 -0.609816
vn -0.744389 0.506793 -0.434794
vn -0.808709 0.456205 -0.371304
vn 0.200693 -0.072498 -0.976968
vn 0.487703 0.002600 -0.873006
vn 0.419127 -0.127308 -0.898958
vn 0.125202 -0.195304 -0.972718
vn -0.163505 -0.499016 -0.851028
vn 0.171797 -0.433992 -0.884385
vn 0.097999 -0.235199 -0.966994
vn -0.184400 -0.416799 -0.890098
vn -0.405194 0.320295 -0.856288
vn -0.682094 0.269497 -0.679794
vn -0.645510 0.167703 -0.745112
vn -0.379306 0.325805 -0.866013
vn 0.438213 0.867525 0.235307
vn 0.454392 0.865184 0.212096
vn 0.605493 0.776191 0.175798
vn 0.566202 0.791002 0.231801
vn 0.527676 0.134294 0.838763
vn 0.812699 0.219400 0.539800
vn 0.520111 -0.017600 0.853918
vn -0.008000 0.024499 0.999668
vn -0.064503 0.990639 -0.120305
vn -0.050502 0.988947 -0.139407
vn -0.071602 0.993428 -0.089302
vn -0.101602 0.994223 -0.034601
vn 0.584804 0.762305 -0.277302
vn 0.753297 0.648297 -0.110700
vn 0.750809 0.642507 -0.153202
vn 0.623765 0.650064 -0.433976
vn -0.714266 0.012299 -0.699766
vn -0.665312 0.156803 -0.729913
vn -0.447683 0.024199 -0.893865
vn -0.487580 -0.090596 -0.868365
vn -0.693498 0.696698 -0.183500
vn -0.429817 0.890636 -0.148406
vn -0.644898 0.757998 0.097700
vn -0.815173 0.549082 0.184394
vn -0.899698 -0.436299 -0.013700
vn -0.854083 -0.367893 -0.367693
vn -0.950602 -0.242001 -0.194400
vn -0.956932 -0.275909 0.090303
vn -0.834707 0.481304 0.267602
vn -0.829841 0.464023 0.309915
vn -0.767417 0.640114 0.036401
vn -0.743276 0.663879 0.082497
vn -0.101602 0.994223 -0.034601
vn -0.071602 0.993428 -0.089302
vn -0.099899 0.994990 -0.004000
vn -0.170098 0.982391 0.077299
vn -0.944164 -0.298489 0.139495
vn -0.802436 -0.575026 0.159507
vn -0.889777 -0.443189 -0.108997
vn -0.865620 -0.238205 -0.440410
vn -0.066801 0.377207 -0.923717
vn -0.083000 0.459298 -0.884396
vn 0.041201 0.455413 -0.889326
vn 0.053899 0.375192 -0.925379
vn 0.904434 0.090903 0.416816
vn 0.868304 0.086100 0.488502
vn 0.864299 0.140700 0.482899
vn 0.896885 0.132998 0.421793
vn 0.128900 0.247799 0.960198
vn 0.440801 0.138200 0.886902
vn 0.351722 0.048303 0.934858
vn 0.006800 0.316790 0.948471
vn 0.291286 0.764564 0.574973
vn 0.228914 0.776447 0.587136
vn 0.036802 0.904056 0.425826
vn 0.119994 0.903257 0.411980
vn -0.634179 -0.118996 -0.763975
vn -0.813206 -0.188201 -0.550704
vn -0.829373 -0.198394 -0.522283
vn -0.656218 -0.120303 -0.744920
vn 0.867010 -0.180102 -0.464605
vn 0.681083 -0.252794 -0.687183
vn 0.692586 -0.038899 -0.720286
vn 0.881792 0.018000 -0.471296
vn 0.214300 0.227100 -0.950001
vn 0.259993 0.178995 -0.948875
vn -0.039398 0.222888 -0.974048
vn -0.087096 0.273387 -0.957953
vn 0.990414 -0.016800 0.137102
vn 0.978977 0.092298 0.181896
vn 0.896509 -0.143901 0.419004
vn 0.872421 -0.194905 0.448211
vn 0.948659 0.282788 0.141694
vn 0.972367 0.233092 0.013100
vn 0.925912 0.180902 0.331604
vn 0.812699 0.219400 0.539800
vn -0.989326 0.133104 0.059302
vn -0.990574 0.132297 0.035499
vn -0.983280 0.179496 0.030699
vn -0.980902 0.170500 0.093600
vn 0.710914 0.674713 0.198404
vn 0.701699 0.671899 0.237000
vn 0.788633 0.606825 0.099104
vn 0.785201 0.609501 0.109400
vn 0.461792 -0.473092 -0.750288
vn 0.193502 -0.486805 -0.851809
vn 0.192701 -0.425703 -0.884106
vn 0.481112 -0.395810 -0.782219
vn -0.934285 0.289995 0.207397
vn -0.930075 0.308292 0.199795
vn -0.931883 0.294295 0.212096
vn -0.943557 0.255888 0.210290
vn -0.157402 0.207402 -0.965510
vn -0.084700 0.390499 -0.916699
vn 0.178801 0.435601 -0.882203
vn 0.124504 0.335910 -0.933629
vn 0.062196 -0.344980 -0.936547
vn 0.348984 -0.306586 -0.885559
vn 0.296997 0.051499 -0.953489
vn -0.001000 -0.033401 -0.999442
vn 0.748400 0.637300 -0.183700
vn 0.533699 0.792999 -0.293800
vn 0.530579 0.818267 -0.221191
vn 0.743716 0.660214 -0.104902
vn -0.270497 -0.112799 -0.956090
vn -0.224891 -0.358685 -0.905963
vn 0.062196 -0.344980 -0.936547
vn -0.001000 -0.033401 -0.999442
vn -0.888143 0.427172 0.169489
vn -0.784072 0.605878 0.134695
vn -0.720800 0.653200 0.231900
vn -0.827499 0.514500 0.224800
vn -0.224891 -0.358685 -0.905963
vn -0.249899 -0.455398 -0.854496
vn 0.044601 -0.485813 -0.872924
vn 0.062196 -0.344980 -0.936547
vn 0.467902 -0.214301 0.857404
vn 0.357322 -0.373722 0.855951
vn 0.415209 -0.278906 0.865918
vn 0.510719 -0.123504 0.850831
vn -0.840392 0.476795 -0.257697
vn -0.841408 0.389204 -0.374904
vn -0.839272 0.450385 -0.304590
vn -0.828408 0.530005 -0.181202
vn -0.787807 0.416004 -0.454204
vn -0.792409 0.401405 -0.459305
vn -0.757122 0.496715 -0.424312
vn -0.773938 0.568628 -0.278714
vn 0.403874 -0.354477 -0.843346
vn 0.640316 -0.356409 -0.680417
vn 0.627907 -0.467005 -0.622607
vn 0.387023 -0.449927 -0.804847
vn 0.821429 0.063002 -0.566820
vn 0.826721 0.089702 -0.555414
vn 0.949553 0.025299 -0.312585
vn 0.945070 -0.007200 -0.326789
vn -0.015200 0.194305 -0.980823
vn -0.052400 0.363299 -0.930198
vn 0.252408 0.269509 -0.929330
vn 0.300703 0.066301 -0.951410
vn 0.947052 -0.207189 -0.245287
vn 0.956672 -0.287592 0.045499
vn 0.949805 -0.025500 0.311802
vn 0.966161 0.239090 0.096796
vn 0.416187 0.907572 -0.055698
vn 0.530912 0.812818 0.239705
vn 0.410299 0.891597 0.191599
vn 0.271113 0.960247 -0.066503
vn -0.395693 -0.338094 -0.853885
vn -0.514318 -0.236908 -0.824228
vn -0.692518 -0.345809 -0.633116
vn -0.599330 -0.415321 -0.684334
vn -0.059800 0.058300 -0.996506
vn -0.044902 0.242409 -0.969135
vn -0.411210 0.182805 -0.893022
vn -0.377295 0.003100 -0.926088
vn -0.888212 0.426506 -0.170802
vn -0.890483 0.420392 -0.174097
vn -0.737698 0.627298 -0.249599
vn -0.741827 0.603722 -0.291911
vn -0.637784 0.280093 -0.717482
vn -0.797920 0.295407 -0.525413
vn -0.831300 -0.011700 -0.555700
vn -0.646813 0.018900 -0.762415
vn -0.324583 -0.302284 -0.896253
vn -0.301505 -0.267005 -0.915316
vn -0.067597 -0.231591 -0.970462
vn -0.062701 -0.272106 -0.960222
vn -0.549601 -0.403901 -0.731302
vn -0.598092 -0.405295 -0.691391
vn -0.756302 -0.341201 -0.558202
vn -0.731256 -0.379677 -0.566666
vn -0.410779 -0.405979 -0.816359
vn -0.387005 -0.450006 -0.804811
vn -0.136093 -0.398180 -0.907155
vn -0.189897 -0.369094 -0.909785
vn 0.647771 0.521277 -0.555575
vn 0.435791 0.615187 -0.656986
vn 0.441091 0.723085 -0.531589
vn 0.669308 0.589907 -0.451705
vn 0.073204 0.076904 -0.994348
vn -0.015200 0.194305 -0.980823
vn 0.300703 0.066301 -0.951410
vn 0.383585 -0.078497 -0.920164
vn -0.292591 -0.054698 -0.954672
vn -0.251707 -0.268107 -0.929926
vn -0.530090 -0.241295 -0.812885
vn -0.562676 -0.051598 -0.825065
vn -0.947228 0.009800 0.320410
vn -0.950310 0.288603 0.116701
vn -0.908708 0.360703 0.210102
vn -0.878448 0.103806 0.466426
vn -0.908933 -0.304411 -0.284910
vn -0.882235 -0.318513 -0.346714
vn -0.700116 -0.357108 -0.618314
vn -0.731256 -0.379677 -0.566666
vn -0.559614 0.827321 -0.048701
vn -0.416794 0.906787 0.063399
vn -0.409985 0.909167 0.072997
vn -0.566414 0.820421 -0.078002
vn 0.771823 -0.487914 -0.407712
vn 0.802418 -0.542512 -0.248606
vn 0.688807 -0.455705 -0.563806
vn 0.656234 -0.265414 -0.706337
vn -0.533612 0.793018 -0.293907
vn -0.559308 0.676909 -0.478507
vn -0.762020 0.530314 -0.371610
vn -0.748386 0.637288 -0.183797
vn 0.855030 -0.347512 -0.384914
vn 0.886446 -0.321217 -0.333217
vn 0.738525 -0.310410 -0.598520
vn 0.684208 -0.351104 -0.639207
vn -0.832285 0.550790 0.062699
vn -0.803330 0.595022 -0.024701
vn -0.805798 0.589499 0.056400
vn -0.828915 0.537210 0.155903
vn -0.494614 -0.093903 -0.864025
vn -0.514400 -0.250000 -0.820300
vn -0.240392 -0.312289 -0.919069
vn -0.227711 -0.144507 -0.962946
vn 0.743295 0.666295 0.059700
vn 0.798891 0.546694 0.250797
vn 0.820807 0.457804 0.341603
vn 0.755003 0.633702 0.168501
vn -0.292790 0.031199 -0.955668
vn -0.008400 0.160208 -0.987048
vn -0.128703 0.380408 -0.915820
vn -0.419198 0.055500 -0.906197
vn 0.524717 0.783226 -0.333511
vn 0.732176 0.665978 -0.142795
vn 0.647332 0.727336 -0.227911
vn 0.433687 0.806575 -0.401688
vn -0.574097 0.232799 -0.784995
vn -0.320011 0.146405 -0.936033
vn -0.310789 0.196393 -0.929968
vn -0.548994 0.304997 -0.778192
vn -0.590018 -0.552317 -0.588918
vn -0.390895 -0.381195 -0.837790
vn -0.246698 -0.235298 -0.940093
vn -0.374914 -0.457816 -0.806129
vn -0.300701 0.066400 -0.951404
vn 0.015300 0.194304 -0.980822
vn -0.073097 0.076897 -0.994356
vn -0.383500 -0.078500 -0.920199
vn 0.064597 0.784961 0.616169
vn 0.022700 0.788987 0.613990
vn 0.100105 0.768038 0.632532
vn 0.118302 0.765215 0.632812
vn 0.861327 0.314110 -0.399313
vn 0.819290 0.330996 -0.468194
vn 0.587599 0.400299 -0.703199
vn 0.649305 0.469504 -0.598305
vn 0.952648 0.054703 0.299115
vn 0.982607 -0.101501 0.155501
vn 0.991167 0.128296 0.033599
vn 0.953221 0.274206 0.127203
vn -0.157398 0.017100 -0.987387
vn 0.170206 0.119504 -0.978135
vn 0.084604 -0.027201 -0.996043
vn -0.246698 -0.235298 -0.940093
vn -0.231503 0.464806 -0.854612
vn 0.060100 0.524801 -0.849101
vn 0.052500 0.363297 -0.930193
vn -0.252305 0.269305 -0.929418
vn -0.554291 0.820887 -0.137498
vn -0.768880 0.638784 -0.027899
vn -0.524007 0.828712 -0.196603
vn -0.275306 0.914521 -0.296407
vn -0.269894 -0.339693 -0.900981
vn -0.231288 -0.212689 -0.949352
vn 0.042000 -0.196501 -0.979604
vn 0.005400 -0.350691 -0.936476
vn -0.523221 0.651526 -0.549322
vn -0.261386 0.686263 -0.678764
vn -0.230999 0.453698 -0.860696
vn -0.465593 0.459293 -0.756488
vn 0.975722 0.201804 0.085102
vn 0.890064 0.453281 -0.048198
vn 0.891516 0.448808 -0.061401
vn 0.979519 0.196004 0.046101
vn 0.991741 0.124605 -0.030401
vn 0.965565 -0.037199 0.257491
vn 0.949642 -0.131706 0.284313
vn 0.999575 0.028799 -0.004600
vn 0.732822 -0.050802 -0.678521
vn 0.701401 -0.258600 -0.664201
vn 0.463287 -0.314891 -0.828377
vn 0.496995 -0.084899 -0.863591
vn -0.870696 0.486298 -0.073500
vn -0.985904 0.167301 -0.002100
vn -0.845383 0.473990 -0.246295
vn -0.671618 0.683719 -0.285408
vn 0.701401 -0.258600 -0.664201
vn 0.681143 -0.437127 -0.587337
vn 0.450510 -0.487811 -0.747717
vn 0.463287 -0.314891 -0.828377
vn -0.899383 0.283595 0.332694
vn -0.835297 0.152599 0.528198
vn -0.811389 0.073299 0.579892
vn -0.890692 0.199698 0.408397
vn 0.659658 -0.567564 -0.492669
vn 0.439178 -0.596871 -0.671467
vn 0.450510 -0.487811 -0.747717
vn 0.681143 -0.437127 -0.587337
vn 0.882261 0.357584 0.306186
vn 0.849537 0.393617 0.351215
vn 0.947549 0.098305 0.304116
vn 0.936813 0.230903 0.262804
vn 0.684091 -0.573493 -0.450694
vn 0.481386 -0.572883 -0.663380
vn 0.439178 -0.596871 -0.671467
vn 0.659658 -0.567564 -0.492669
vn -0.831883 0.119698 -0.541889
vn -0.835809 0.160602 -0.525006
vn -0.635206 0.216402 -0.741407
vn -0.634779 0.165895 -0.754675
vn 0.684091 -0.573493 -0.450694
vn 0.776390 -0.455494 -0.435595
vn 0.599394 -0.415296 -0.684293
vn 0.481386 -0.572883 -0.663380
vn -0.811500 0.148000 -0.565300
vn -0.599532 0.209511 -0.772442
vn -0.590990 0.083099 -0.802387
vn -0.804082 0.054799 -0.591987
vn 0.926313 0.174503 -0.333905
vn 0.904712 -0.013600 -0.425806
vn 0.748205 0.075100 -0.659204
vn 0.781031 0.306112 -0.544322
vn 0.776390 -0.455494 -0.435595
vn 0.830383 -0.415191 -0.371592
vn 0.692570 -0.345785 -0.633072
vn 0.599394 -0.415296 -0.684293
vn -0.062098 0.944466 -0.322688
vn -0.034300 0.820508 -0.570605
vn -0.117996 0.829774 -0.545483
vn -0.138606 0.935044 -0.326315
vn 0.696107 0.669707 -0.258703
vn 0.682179 0.680579 -0.267292
vn 0.867318 0.458009 -0.194904
vn 0.876682 0.440791 -0.192696
vn -0.281002 -0.435503 -0.855205
vn -0.269894 -0.339693 -0.900981
vn 0.005400 -0.350691 -0.936476
vn 0.011100 -0.475912 -0.879423
vn -0.718715 0.679414 -0.147803
vn -0.811607 0.578105 -0.084201
vn -0.620671 0.782264 0.053198
vn -0.579795 0.807493 -0.108599
vn 0.305002 -0.219101 -0.926806
vn 0.043201 -0.304509 -0.951529
vn 0.030700 -0.091701 -0.995313
vn 0.297317 -0.059003 -0.952954
vn -0.138606 0.935044 -0.326315
vn -0.117996 0.829774 -0.545483
vn -0.206493 0.819371 -0.534781
vn -0.170499 0.905195 -0.389298
vn -0.117996 0.829774 -0.545483
vn -0.034300 0.820508 -0.570605
vn 0.053500 0.561704 -0.825606
vn -0.048301 0.599908 -0.798610
vn -0.742796 0.656296 -0.132399
vn -0.751712 0.656811 -0.059401
vn -0.847792 0.528695 -0.041600
vn -0.851934 0.521921 -0.042502
vn -0.985973 0.148596 -0.075998
vn -0.981330 0.155705 -0.112903
vn -0.887179 0.420990 -0.188895
vn -0.890483 0.420392 -0.174097
vn -0.314602 0.715904 -0.623304
vn -0.294591 0.774577 -0.559684
vn -0.193199 0.780696 -0.594297
vn -0.237002 0.743606 -0.625205
vn -0.877831 0.257109 -0.404114
vn -0.836202 0.040800 -0.546901
vn -0.968389 -0.004800 -0.249397
vn -0.987617 0.137902 -0.074801
vn -0.895216 0.402907 -0.190403
vn -0.899344 0.349817 -0.262313
vn -0.990184 0.132498 -0.044499
vn -0.985781 0.163497 -0.038799
vn 0.990232 -0.072002 0.119404
vn 0.971896 -0.126399 0.198599
vn 0.890375 -0.364590 0.272592
vn 0.911000 -0.303800 0.278900
vn -0.263598 -0.735795 -0.623796
vn -0.366100 -0.653400 -0.662600
vn -0.204407 -0.512619 -0.833930
vn -0.108099 -0.584594 -0.804092
vn 0.933165 0.070397 0.352487
vn 0.923890 0.087599 0.372496
vn 0.786101 -0.031400 0.617301
vn 0.766983 -0.073998 0.637386
vn 0.238594 0.961775 -0.134396
vn 0.152897 0.981481 -0.115398
vn -0.086403 0.969935 -0.227508
vn -0.007700 0.957207 -0.289302
vn 0.630986 -0.205495 -0.748083
vn 0.747001 -0.155000 -0.646501
vn 0.564283 0.118896 -0.816975
vn 0.408993 0.074599 -0.909483
vn -0.892003 0.335801 -0.302601
vn -0.883125 0.102903 -0.457713
vn -0.977476 0.065598 -0.200595
vn -0.959868 0.280291 -0.009500
vn 0.999575 0.028799 -0.004600
vn 0.949642 -0.131706 0.284313
vn 0.889215 0.008600 0.457408
vn 0.991950 0.044398 0.118594
vn -0.931946 -0.100194 -0.348480
vn -0.821070 -0.039199 -0.569480
vn -0.812174 -0.065898 -0.579682
vn -0.934419 -0.092302 -0.344007
vn -0.814354 0.314182 0.487972
vn -0.853469 0.050598 0.518681
vn -0.866928 0.407013 0.287709
vn -0.760446 0.621438 0.188511
vn 0.849422 -0.027201 0.527013
vn 0.732966 -0.251489 0.632071
vn 0.745199 -0.228700 0.626399
vn 0.844783 -0.036099 0.533890
vn -0.975162 0.124495 -0.183193
vn -0.892159 0.250016 -0.376225
vn -0.854484 0.066599 -0.515191
vn -0.952778 -0.030899 -0.302093
vn -0.314514 0.076803 -0.946141
vn -0.033699 0.072898 -0.996770
vn -0.063301 0.059501 -0.996219
vn -0.331591 0.103097 -0.937773
vn 0.851965 0.521879 -0.042398
vn 0.742796 0.656296 -0.132399
vn 0.718736 0.679434 -0.147607
vn 0.811607 0.578105 -0.084201
vn 0.405783 0.127995 -0.904963
vn 0.592494 0.294297 -0.749893
vn 0.665378 0.156695 -0.729876
vn 0.447803 0.024200 -0.893805
vn 0.000700 -0.364414 -0.931237
vn 0.045000 -0.434599 -0.899499
vn -0.244405 -0.408308 -0.879517
vn -0.297006 -0.335707 -0.893918
vn 0.701661 0.712461 -0.008400
vn 0.501199 0.850599 -0.159000
vn 0.461091 0.862583 -0.208196
vn 0.676072 0.732370 -0.080997
vn -0.112101 -0.146701 -0.982808
vn -0.087896 -0.057698 -0.994457
vn 0.201892 -0.086697 -0.975563
vn 0.175094 -0.186794 -0.966669
vn 0.852210 -0.024900 0.522606
vn 0.780619 0.197405 0.593014
vn 0.925347 0.169509 0.339117
vn 0.947944 0.016401 0.318015
vn 0.863827 0.489115 -0.120704
vn 0.695097 0.656097 -0.293899
vn 0.716324 0.667523 -0.203207
vn 0.877626 0.476814 -0.049201
vn 0.493678 0.838763 -0.229690
vn 0.234408 0.885529 -0.401113
vn 0.256793 0.919476 -0.297692
vn 0.501199 0.850599 -0.159000
vn 0.302003 -0.096501 -0.948410
vn 0.571097 -0.145999 -0.807795
vn 0.541671 -0.207189 -0.814656
vn 0.256811 -0.156907 -0.953640
vn -0.950257 -0.106795 -0.292587
vn -0.910715 -0.232904 -0.341106
vn -0.964817 -0.261805 -0.024200
vn -0.986347 -0.163308 0.021201
vn 0.093904 0.239911 -0.966243
vn 0.336888 0.258491 -0.905367
vn 0.362795 0.496494 -0.788590
vn 0.014700 0.579812 -0.814617
vn -0.894890 -0.436995 0.090599
vn -0.926790 -0.373496 0.039500
vn -0.872462 -0.429781 -0.232590
vn -0.845296 -0.496098 -0.198399
vn 0.314613 0.091104 -0.944838
vn 0.292712 -0.054602 -0.954640
vn 0.010200 -0.049601 -0.998717
vn 0.035400 0.106399 -0.993693
vn -0.020201 0.539216 -0.841925
vn 0.123602 0.619112 -0.775515
vn 0.124394 0.776061 -0.618269
vn -0.003400 0.737615 -0.675213
vn -0.069597 0.111195 -0.991359
vn 0.000100 0.232499 -0.972597
vn 0.245996 0.301195 -0.921286
vn 0.153694 0.208992 -0.965764
vn 0.817396 -0.359798 0.449898
vn 0.836879 -0.209795 0.505588
vn 0.963097 -0.080300 0.256899
vn 0.950288 -0.142798 0.276697
vn -0.976073 0.128796 0.175195
vn -0.911114 0.271604 0.310005
vn -0.877505 0.470503 0.092801
vn -0.935625 0.351709 -0.030101
vn -0.559708 -0.264304 -0.785411
vn -0.608986 -0.321993 -0.724884
vn -0.347297 -0.419297 -0.838794
vn -0.300720 -0.303720 -0.904059
vn -0.947559 0.098296 0.304087
vn -0.849504 0.393702 0.351202
vn -0.882288 0.357595 0.306096
vn -0.936791 0.230998 0.262798
vn 0.932891 0.028900 0.358997
vn 0.851078 -0.157096 0.500987
vn 0.896949 0.055197 0.438675
vn 0.936879 0.117297 0.329393
vn 0.027200 0.535499 -0.844098
vn 0.012800 0.698700 -0.715300
vn 0.306489 0.661276 -0.684675
vn 0.322497 0.501996 -0.802493
vn 0.372815 0.318213 -0.871636
vn 0.358500 0.598899 -0.716099
vn 0.590393 0.526794 -0.611493
vn 0.591695 0.287397 -0.753193
vn 0.799221 0.397510 -0.450812
vn 0.826704 -0.137401 -0.545602
vn 0.665527 0.240310 -0.706629
vn 0.570098 0.626497 -0.531498
vn 0.856390 0.501194 -0.124099
vn 0.957199 0.289400 0.004300
vn 0.959347 0.266885 -0.091795
vn 0.859722 0.433311 -0.270407
vn -0.633407 -0.243803 -0.734408
vn -0.737808 -0.016600 -0.674807
vn -0.677517 -0.121403 -0.725418
vn -0.579697 -0.332298 -0.743996
vn 0.948305 -0.110501 -0.297502
vn 0.921637 0.041602 -0.385816
vn 0.806382 0.127497 -0.577487
vn 0.829133 -0.046402 -0.557122
vn 0.917888 0.181898 -0.352696
vn 0.900310 -0.006200 -0.435205
vn 0.989124 -0.093302 -0.113703
vn 0.996374 0.039599 -0.075298
vn 0.950621 -0.242005 -0.194304
vn 0.854114 -0.367906 -0.367606
vn 0.899738 -0.436218 -0.013601
vn 0.956924 -0.275907 0.090402
vn -0.073097 0.076897 -0.994356
vn 0.015300 0.194304 -0.980822
vn 0.240400 0.293300 -0.925301
vn 0.174708 0.205009 -0.963041
vn 0.850486 -0.508192 -0.135698
vn 0.916880 -0.394491 -0.060899
vn 0.885926 -0.338210 -0.317409
vn 0.789758 -0.425577 -0.441776
vn -0.471704 0.630605 -0.616305
vn -0.205696 0.680086 -0.703685
vn -0.207098 0.622293 -0.754892
vn -0.473906 0.572107 -0.669408
vn -0.401606 0.851314 -0.337605
vn -0.573987 0.775483 -0.262994
vn -0.471306 0.834310 -0.286003
vn -0.313596 0.890889 -0.328596
vn -0.966472 0.252693 0.045599
vn -0.900311 0.418805 -0.118501
vn -0.916372 0.272692 0.293091
vn -0.934709 0.094201 0.342703
vn 0.412704 0.010100 -0.910809
vn 0.393301 -0.043000 -0.918404
vn 0.113298 0.030899 -0.993081
vn 0.135002 0.069401 -0.988412
vn -0.886663 0.339286 -0.314187
vn -0.899500 0.255400 -0.354500
vn -0.833887 0.116998 -0.539392
vn -0.831274 0.206994 -0.515884
vn -0.003400 0.737615 -0.675213
vn 0.124394 0.776061 -0.618269
vn 0.160099 0.940791 -0.298797
vn 0.014000 0.902485 -0.430493
vn 0.246792 -0.235292 -0.940070
vn 0.391013 -0.381212 -0.837727
vn 0.590083 -0.552284 -0.588883
vn 0.374914 -0.457816 -0.806129
vn 0.994519 -0.071801 0.076001
vn 0.974193 0.018000 -0.224998
vn 0.975076 0.147996 -0.165296
vn 0.992703 0.006700 0.120400
vn -0.219400 -0.355400 -0.908600
vn 0.082896 -0.417781 -0.904758
vn 0.130496 -0.488284 -0.862873
vn -0.182393 -0.495282 -0.849369
vn 0.921786 0.387394 -0.015400
vn 0.851965 0.521879 -0.042398
vn 0.811607 0.578105 -0.084201
vn 0.858585 0.511991 -0.026400
vn 0.118105 0.829733 -0.545522
vn 0.206600 0.819398 -0.534699
vn 0.167999 0.618897 -0.767296
vn 0.048301 0.599908 -0.798610
vn 0.078703 -0.033301 -0.996342
vn 0.364307 -0.010700 -0.931218
vn 0.343312 -0.164906 -0.924631
vn 0.042000 -0.196501 -0.979604
vn 0.741184 0.664286 -0.096798
vn 0.884549 0.450374 0.121393
vn 0.865300 0.469900 -0.174500
vn 0.680473 0.650274 -0.337787
vn 0.379401 0.214600 -0.900001
vn 0.355088 0.108896 -0.928469
vn 0.062997 0.130395 -0.989459
vn 0.099702 0.250305 -0.963020
vn 0.118105 0.829733 -0.545522
vn 0.034400 0.820505 -0.570603
vn 0.062197 0.944460 -0.322686
vn 0.138594 0.935056 -0.326285
vn -0.824525 0.563017 -0.056302
vn -0.791368 0.597076 -0.131295
vn -0.742246 0.667841 -0.055303
vn -0.770024 0.637119 0.033801
vn -0.942034 0.335512 -0.002000
vn -0.934412 0.343704 0.093501
vn -0.841672 0.522583 -0.135996
vn -0.843578 0.496587 -0.204395
vn 0.687495 -0.096899 -0.719695
vn 0.623602 -0.300201 -0.721803
vn 0.429191 -0.204396 -0.879782
vn 0.470519 -0.016501 -0.882236
vn -0.244405 -0.408308 -0.879517
vn -0.251802 -0.360803 -0.898007
vn -0.505112 -0.316008 -0.803119
vn -0.526569 -0.347080 -0.776055
vn -0.247903 0.298004 0.921812
vn -0.527800 0.134200 0.838700
vn -0.751200 0.306500 0.584600
vn -0.443806 0.358905 0.821111
vn 0.206600 0.819398 -0.534699
vn 0.118105 0.829733 -0.545522
vn 0.138594 0.935056 -0.326285
vn 0.170709 0.905146 -0.389320
vn 0.950874 0.293892 0.097297
vn 0.840856 0.538972 -0.049697
vn 0.780591 0.608793 -0.141598
vn 0.906752 0.421624 -0.005800
vn 0.872124 0.377310 0.311508
vn 0.851011 0.103701 0.514807
vn 0.849422 -0.027201 0.527013
vn 0.904560 0.250789 0.344785
vn -0.402400 0.112700 0.908500
vn -0.332682 0.242787 0.911250
vn -0.087497 0.151594 0.984563
vn -0.076099 0.192296 0.978382
vn 0.928092 0.359897 0.095499
vn 0.967876 0.066798 0.242394
vn 0.921126 0.359410 0.149504
vn 0.768880 0.638784 -0.027899
vn -0.962178 0.052599 -0.267294
vn -0.956571 -0.194194 -0.217393
vn -0.824571 -0.182894 -0.535381
vn -0.833714 -0.071801 -0.547509
vn 0.491001 0.711201 0.503101
vn 0.332086 0.890962 0.309687
vn 0.547590 0.804086 0.231496
vn 0.688328 0.537422 0.487220
vn 0.280688 -0.108395 -0.953659
vn -0.085703 -0.182107 -0.979537
vn 0.000900 -0.340900 -0.940099
vn 0.304688 -0.227991 -0.924762
vn 0.746334 -0.541625 -0.386818
vn 0.850462 -0.415282 -0.322886
vn 0.750706 -0.309402 -0.583705
vn 0.594707 -0.488106 -0.638808
vn -0.965823 0.119703 0.229906
vn -0.939312 0.146302 0.310304
vn -0.934412 0.343704 0.093501
vn -0.942034 0.335512 -0.002000
vn 0.799412 -0.548108 -0.246004
vn 0.840485 -0.484291 -0.242996
vn 0.868737 -0.492621 0.051202
vn 0.837114 -0.544609 0.051401
vn -0.905128 -0.372611 -0.204706
vn -0.802147 -0.371276 -0.467669
vn -0.724380 -0.506686 -0.467487
vn -0.828420 -0.527613 -0.188004
vn 0.964820 -0.261805 -0.024100
vn 0.910715 -0.232904 -0.341106
vn 0.950284 -0.106798 -0.292495
vn 0.986347 -0.163308 0.021201
vn -0.754105 0.655204 -0.045100
vn -0.723102 0.690702 -0.007300
vn -0.725461 0.688163 -0.011799
vn -0.754918 0.655816 0.001900
vn -0.259490 0.172793 -0.950162
vn 0.061700 0.109200 -0.992103
vn -0.031801 0.045802 -0.998444
vn -0.330002 0.123201 -0.935906
vn -0.647885 -0.256694 -0.717184
vn -0.668208 -0.184602 -0.720708
vn -0.437717 -0.190807 -0.878633
vn -0.411675 -0.256984 -0.874347
vn -0.665312 0.156803 -0.729913
vn -0.592494 0.294297 -0.749893
vn -0.405695 0.128098 -0.904988
vn -0.447683 0.024199 -0.893865
vn 0.952878 -0.303193 0.009900
vn 0.992143 -0.125105 -0.000900
vn 0.965506 -0.141001 0.218901
vn 0.942279 -0.233995 0.239495
vn 0.108198 -0.584588 -0.804083
vn 0.075202 -0.606112 -0.791816
vn -0.090699 -0.393394 -0.914885
vn -0.065102 -0.375013 -0.924731
vn -0.116901 -0.398002 0.909906
vn -0.305101 0.116200 0.945204
vn 0.020701 -0.045802 0.998736
vn -0.281915 -0.259613 0.923648
vn -0.383206 0.407906 0.828713
vn -0.228307 0.184605 0.955927
vn -0.504174 0.042498 0.862556
vn -0.634018 0.322809 0.702720
vn 0.881201 0.042800 -0.470801
vn 0.831441 -0.213811 -0.512826
vn 0.644713 -0.171603 -0.744915
vn 0.697111 0.099602 -0.710011
vn -0.617092 -0.248897 -0.746490
vn -0.659089 -0.164797 -0.733787
vn -0.406092 -0.267895 -0.873683
vn -0.353386 -0.347186 -0.868666
vn -0.889256 0.008601 0.457329
vn -0.949679 -0.131697 0.284194
vn -0.999574 0.028799 -0.004700
vn -0.991962 0.044398 0.118495
vn 0.814398 -0.086000 -0.573899
vn 0.812221 -0.065902 -0.579615
vn 0.934464 -0.092296 -0.343887
vn 0.936022 -0.074302 -0.344008
vn 0.747271 0.544179 0.381385
vn 0.884084 0.393693 0.251796
vn 0.892300 0.372800 0.254600
vn 0.799195 0.453497 0.394497
vn 0.732298 -0.192200 -0.653298
vn 0.672222 -0.303410 -0.675322
vn 0.838431 -0.344013 -0.422716
vn 0.888577 -0.241694 -0.389890
vn -0.052502 0.286511 -0.956637
vn 0.235008 0.262309 -0.935930
vn 0.221800 0.053900 -0.973601
vn -0.067099 0.084199 -0.994187
vn 0.999797 -0.018200 -0.008700
vn 0.997712 -0.026500 -0.062201
vn 0.963490 -0.125899 0.236298
vn 0.955315 -0.107102 0.275504
vn 0.850462 -0.415282 -0.322886
vn 0.973834 -0.094003 -0.206907
vn 0.900886 0.028900 -0.433093
vn 0.750706 -0.309402 -0.583705
vn 0.822014 0.511509 0.250304
vn 0.743733 0.638229 0.198809
vn 0.799109 0.431405 0.418705
vn 0.830702 0.265001 0.489601
vn 0.916429 -0.386012 0.105603
vn 0.946199 -0.286300 0.150800
vn 0.938123 -0.323108 -0.124603
vn 0.876355 -0.433578 -0.209789
vn 0.841387 0.259796 -0.473893
vn 0.631501 0.328601 -0.702302
vn 0.643991 0.423094 -0.637391
vn 0.853187 0.309995 -0.419494
vn 0.977586 0.209497 0.020900
vn 0.964383 -0.045899 0.260496
vn 0.990530 -0.065802 0.120504
vn 0.975180 0.124497 -0.183096
vn 0.926787 -0.373495 0.039599
vn 0.894881 -0.436991 0.090698
vn 0.845313 -0.496107 -0.198303
vn 0.872462 -0.429781 -0.232590
vn 0.322006 0.869816 -0.373807
vn 0.531988 0.743783 -0.404691
vn 0.722326 0.605322 -0.334412
vn 0.530791 0.777187 -0.337995
vn 0.899721 0.336308 -0.278207
vn 0.714832 0.399818 -0.573726
vn 0.744422 0.506815 -0.434713
vn 0.911739 0.397017 -0.105404
vn 0.824709 -0.057701 -0.562606
vn 0.935821 0.006900 -0.352408
vn 0.921133 0.130805 -0.366613
vn 0.831384 0.021300 -0.555290
vn 0.813124 0.518215 -0.265108
vn 0.603894 0.711692 -0.358896
vn 0.588608 0.669909 -0.452506
vn 0.808107 0.528005 -0.261102
vn -0.629577 0.756673 -0.176294
vn -0.559614 0.827321 -0.048701
vn -0.566414 0.820421 -0.078002
vn -0.632983 0.749980 -0.191995
vn -0.787899 0.603800 -0.121000
vn -0.805337 0.568126 -0.169308
vn -0.912571 0.408287 0.022699
vn -0.899412 0.431906 0.067201
vn 0.965973 0.255193 -0.042099
vn 0.998511 -0.017100 0.051801
vn 0.993825 0.003500 0.110903
vn 0.960468 0.278391 -0.000200
vn 0.724413 -0.506709 -0.467409
vn 0.802185 -0.371293 -0.467591
vn 0.905146 -0.372619 -0.204610
vn 0.828282 -0.527689 -0.188396
vn 0.999681 -0.011100 0.022700
vn 0.956235 -0.268710 0.115804
vn 0.948621 -0.283606 0.140303
vn 0.998511 -0.017100 0.051801
vn 0.471704 0.630605 -0.616305
vn 0.707687 0.525291 -0.472492
vn 0.710716 0.471911 -0.521712
vn 0.473983 0.572080 -0.669376
vn 0.911973 0.322090 -0.254092
vn 0.990992 0.132299 -0.020800
vn 0.987826 0.154904 0.014300
vn 0.905116 0.368307 -0.212404
vn 0.854114 -0.367906 -0.367606
vn 0.611207 -0.513706 -0.602107
vn 0.774737 -0.596528 -0.209610
vn 0.899738 -0.436218 -0.013601
vn 0.992695 -0.073600 0.095600
vn 0.984541 -0.172407 0.030901
vn 0.956485 -0.203197 -0.209397
vn 0.985779 -0.090498 -0.141597
vn 0.871174 0.486785 0.063998
vn 0.956190 0.194498 0.218798
vn 0.928092 0.359897 0.095499
vn 0.768687 0.634790 -0.078499
vn 0.953911 -0.232603 0.189602
vn 0.989984 0.035299 0.136698
vn 0.991563 0.061898 0.113896
vn 0.967570 -0.206494 0.145495
vn 0.877497 0.470498 0.092900
vn 0.911114 0.271604 0.310005
vn 0.976051 0.128807 0.175309
vn 0.935628 0.351711 -0.030001
vn -0.903325 0.314409 0.291808
vn -0.767621 0.386811 0.511014
vn -0.780704 0.197401 0.592903
vn -0.925361 0.169493 0.339086
vn 0.739695 -0.541897 -0.398997
vn 0.799693 -0.440396 -0.408096
vn 0.613191 -0.454493 -0.646090
vn 0.541125 -0.570826 -0.617528
vn -0.589598 0.774198 -0.230199
vn -0.720216 0.585513 -0.372108
vn -0.885812 0.403205 -0.229703
vn -0.792380 0.597085 -0.124997
vn -0.805790 0.193798 -0.559593
vn -0.891834 0.233709 -0.387315
vn -0.793491 -0.067799 -0.604793
vn -0.764409 -0.165202 -0.623207
vn 0.598590 0.073399 0.797686
vn 0.584489 0.155897 0.796284
vn 0.675238 0.070304 0.734242
vn 0.667897 -0.064000 0.741497
vn -0.993559 0.090796 0.067797
vn -0.899782 0.047999 0.433691
vn -0.955475 0.207395 0.209894
vn -0.875213 0.393606 -0.281204
vn -0.825893 -0.218198 0.519895
vn -0.792092 -0.210398 0.572994
vn -0.619102 -0.500202 0.605402
vn -0.678097 -0.480098 0.556498
vn -0.873527 0.145204 -0.464614
vn -0.852904 0.396002 -0.340202
vn -0.908082 0.382693 -0.170097
vn -0.910776 0.173695 -0.374590
vn 0.623500 0.320300 -0.713201
vn 0.629266 0.248887 -0.736260
vn 0.373004 0.325103 -0.869009
vn 0.369422 0.396024 -0.840650
vn 0.329003 0.006200 -0.944309
vn 0.348510 0.102103 -0.931727
vn 0.591103 0.083100 -0.802304
vn 0.577583 0.009600 -0.816276
vn -0.764409 -0.165202 -0.623207
vn -0.793491 -0.067799 -0.604793
vn -0.659594 -0.256798 -0.706393
vn -0.676879 -0.395088 -0.621081
vn 0.872329 0.392213 0.291910
vn 0.894894 0.093399 0.436397
vn 0.871174 -0.127296 0.474186
vn 0.898827 0.229507 0.373411
vn -0.953233 0.274210 0.127104
vn -0.952680 0.054799 0.298994
vn -0.924236 0.196108 0.327613
vn -0.912011 0.401805 0.082401
vn 0.929792 0.272998 0.246898
vn 0.962125 -0.000900 0.272607
vn 0.971896 -0.126399 0.198599
vn 0.978734 0.180206 0.098003
vn 0.085703 -0.182107 -0.979537
vn 0.107402 0.028101 -0.993819
vn -0.230300 -0.039900 -0.972301
vn -0.280596 -0.108398 -0.953685
vn -0.160204 0.914422 -0.371709
vn 0.007700 0.957207 -0.289302
vn -0.238594 0.961775 -0.134396
vn -0.429817 0.890636 -0.148406
vn -0.959330 0.266908 -0.091903
vn -0.957171 0.289491 0.004200
vn -0.856380 0.501188 -0.124197
vn -0.859699 0.433299 -0.270500
vn 0.321505 0.192603 -0.927113
vn 0.314613 0.091104 -0.944838
vn 0.035400 0.106399 -0.993693
vn 0.042902 0.218308 -0.974936
vn 0.950371 0.220693 -0.219293
vn 0.992285 0.069299 0.102798
vn 0.998433 0.050502 -0.024101
vn 0.936146 0.094705 -0.338617
vn -0.030999 0.384587 -0.922568
vn -0.299017 0.421424 -0.856149
vn -0.340684 0.420380 -0.840961
vn -0.070302 0.394212 -0.916327
vn 0.827078 -0.511887 0.232194
vn 0.813300 -0.498300 0.300400
vn 0.941608 -0.242402 0.233702
vn 0.953911 -0.232603 0.189602
vn -0.809426 0.523517 -0.266008
vn -0.801981 0.421790 -0.422990
vn -0.954137 0.220209 -0.202808
vn -0.946262 0.296388 -0.129395
vn -0.520111 -0.017600 0.853918
vn -0.805483 -0.061799 0.589388
vn -0.925929 0.180806 0.331610
vn -0.812743 0.219412 0.539729
vn -0.956672 -0.287592 0.045499
vn -0.947018 -0.207204 -0.245405
vn -0.966170 0.239093 0.096697
vn -0.949835 -0.025501 0.311711
vn 0.379412 0.097003 -0.920129
vn 0.372815 0.318213 -0.871636
vn 0.591695 0.287397 -0.753193
vn 0.607401 0.111000 -0.786602
vn 0.835209 0.548806 -0.035200
vn 0.948159 0.306387 0.084396
vn 0.957199 0.289400 0.004300
vn 0.856390 0.501194 -0.124099
vn -0.469704 -0.200702 -0.859707
vn -0.449878 -0.277886 -0.848758
vn -0.660522 -0.335611 -0.671622
vn -0.685225 -0.260310 -0.680225
vn -0.345895 0.589592 -0.729889
vn -0.563474 0.577174 -0.591073
vn -0.604786 0.411090 -0.682084
vn -0.416572 0.452570 -0.788447
vn 0.756612 -0.085801 -0.648210
vn 0.816462 0.125594 -0.563574
vn 0.936146 0.094705 -0.338617
vn 0.901978 -0.089098 -0.422490
vn 0.984541 -0.172407 0.030901
vn 0.961735 -0.273710 0.012200
vn 0.916391 -0.321697 -0.238198
vn 0.956485 -0.203197 -0.209397
vn 0.712552 -0.307679 -0.630558
vn 0.632319 -0.332510 -0.699721
vn 0.648886 -0.461190 -0.605187
vn 0.764957 -0.428376 -0.480973
vn 0.935628 0.351711 -0.030001
vn 0.976051 0.128807 0.175309
vn 0.996474 0.043899 0.071498
vn 0.950932 0.291110 -0.104804
vn 0.959347 0.266885 -0.091795
vn 0.988661 0.030199 0.147094
vn 0.992285 0.069299 0.102798
vn 0.950371 0.220693 -0.219293
vn -0.117000 -0.892699 0.435200
vn 0.093299 -0.812394 0.575596
vn 0.471701 -0.335101 0.815602
vn -0.049397 -0.699563 0.712862
vn 0.957199 0.289400 0.004300
vn 0.988073 0.014600 0.153296
vn 0.988661 0.030199 0.147094
vn 0.959347 0.266885 -0.091795
vn -0.736225 -0.233108 -0.635322
vn -0.541600 -0.207200 -0.814701
vn -0.543197 -0.152199 -0.825695
vn -0.727480 -0.186195 -0.660382
vn 0.948159 0.306387 0.084396
vn 0.980084 0.047599 0.192797
vn 0.988073 0.014600 0.153296
vn 0.957199 0.289400 0.004300
vn 0.923821 0.209205 -0.320607
vn 0.745829 0.364414 -0.557622
vn 0.762090 0.530293 -0.371495
vn 0.922101 0.318600 -0.219600
vn 0.927712 0.334404 0.165902
vn 0.950810 0.101701 0.292603
vn 0.980084 0.047599 0.192797
vn 0.948159 0.306387 0.084396
vn -0.919279 0.310893 0.241395
vn -0.875166 0.337687 0.346486
vn -0.840081 0.534688 0.091498
vn -0.857191 0.514994 -0.002300
vn 0.718506 0.649305 -0.249302
vn 0.887195 0.420998 -0.188799
vn 0.890462 0.420482 -0.173992
vn 0.737762 0.627267 -0.249487
vn 0.624493 -0.389995 -0.676692
vn 0.805204 -0.387702 -0.448702
vn 0.838431 -0.344013 -0.422716
vn 0.672222 -0.303410 -0.675322
vn -0.965823 0.119703 0.229906
vn -0.942034 0.335512 -0.002000
vn -0.963434 0.257809 -0.073003
vn -0.982554 0.030299 0.183491
vn 0.968780 -0.066299 0.238895
vn 0.934677 0.094198 0.342791
vn 0.966472 0.252693 0.045599
vn 0.978513 0.182102 0.096701
vn 0.583892 0.728291 -0.358695
vn 0.800269 0.549478 -0.240091
vn 0.802490 0.520894 -0.290996
vn 0.583314 0.690017 -0.428510
vn 0.968414 -0.004800 -0.249303
vn 0.900615 -0.219004 -0.375406
vn 0.751191 -0.225997 -0.620192
vn 0.836248 0.040802 -0.546831
vn 0.619312 -0.109902 -0.777415
vn 0.652579 0.078197 -0.753675
vn 0.847233 0.069003 -0.526721
vn 0.816743 -0.085505 -0.570630
vn 0.888242 0.426520 -0.170608
vn 0.985838 0.167506 -0.008100
vn 0.969717 0.234604 0.067901
vn 0.878505 0.442403 -0.180301
vn 0.804252 0.185589 -0.564566
vn 0.629677 0.178494 -0.756073
vn 0.688399 0.419099 -0.591999
vn 0.851865 0.360785 -0.379684
vn 0.292194 0.955879 0.030299
vn 0.335998 0.941495 0.026300
vn 0.209194 0.975771 0.064098
vn 0.127798 0.986385 0.103498
vn 0.461197 0.683996 0.565196
vn 0.538415 0.698820 0.470913
vn 0.628603 0.582602 0.515202
vn 0.544300 0.620000 0.565100
vn -0.316485 -0.099595 -0.943355
vn -0.330799 -0.196599 -0.922996
vn -0.021600 -0.193897 -0.980784
vn 0.007100 -0.158505 -0.987333
vn -0.987827 0.154904 0.014200
vn -0.990990 0.132299 -0.020900
vn -0.911933 0.322112 -0.254209
vn -0.905097 0.368299 -0.212499
vn -0.677872 0.428383 -0.597476
vn -0.744493 0.411296 -0.525895
vn -0.729899 0.335600 -0.595500
vn -0.631583 0.399789 -0.664282
vn -0.983382 0.060999 0.170997
vn -0.993836 0.003500 0.110804
vn -0.960468 0.278391 -0.000200
vn -0.940278 0.339092 0.029899
vn 0.893638 -0.287012 -0.345015
vn 0.821194 -0.278998 -0.497796
vn 0.841914 -0.379306 -0.383806
vn 0.895791 -0.367096 -0.250597
vn -0.716310 0.667509 -0.203303
vn -0.695025 0.656124 -0.294011
vn -0.863905 0.489003 -0.120601
vn -0.877524 0.477013 -0.049101
vn 0.324213 -0.424616 -0.845333
vn 0.064700 -0.351100 -0.934100
vn 0.098005 -0.271813 -0.957347
vn 0.378517 -0.326915 -0.865940
vn -0.661863 0.093595 -0.743759
vn -0.406512 0.142104 -0.902527
vn -0.411791 0.013400 -0.911180
vn -0.665501 -0.011900 -0.746302
vn -0.871215 -0.127302 0.474108
vn -0.825893 -0.218198 0.519895
vn -0.678097 -0.480098 0.556498
vn -0.744990 -0.423994 0.514993
vn 0.888992 0.432796 -0.149599
vn 0.724084 0.627986 -0.285194
vn 0.732306 0.628305 -0.262602
vn 0.894963 0.430282 -0.117895
vn 0.383393 0.923384 -0.019300
vn 0.426114 0.904230 -0.028201
vn 0.432815 0.901231 -0.021301
vn 0.398811 0.917025 -0.003900
vn 0.728013 0.008400 -0.685512
vn 0.688116 -0.138203 -0.712317
vn 0.453087 -0.116097 -0.883874
vn 0.503208 0.044601 -0.863014
vn -0.987739 0.044602 -0.149606
vn -0.990883 0.054299 -0.123298
vn -0.904969 0.115196 -0.409586
vn -0.893926 0.112703 -0.433813
vn -0.829515 -0.025300 -0.557910
vn -0.641880 -0.028499 -0.766276
vn -0.532310 -0.119202 -0.838115
vn -0.779590 -0.146598 -0.608892
vn -0.998281 0.054199 0.022300
vn -0.997768 -0.013500 -0.065398
vn -0.981993 -0.058300 0.179699
vn -0.963121 -0.080302 0.256806
vn -0.608986 -0.321993 -0.724884
vn -0.680863 -0.248786 -0.688862
vn -0.412326 -0.376824 -0.829452
vn -0.347297 -0.419297 -0.838794
vn 0.772148 0.387224 0.503831
vn 0.674691 0.513093 0.530593
vn 0.729096 0.440398 0.523897
vn 0.782697 0.368899 0.501298
vn 0.346702 -0.412902 -0.842205
vn 0.109697 -0.329190 -0.937870
vn 0.064700 -0.351100 -0.934100
vn 0.324213 -0.424616 -0.845333
vn 0.693901 -0.242800 -0.677901
vn 0.431200 -0.183500 -0.883399
vn 0.346702 -0.412902 -0.842205
vn 0.574782 -0.469986 -0.669880
vn 0.599681 -0.096697 -0.794375
vn 0.619094 0.031300 -0.784693
vn 0.818790 0.010700 -0.573993
vn 0.793606 -0.097901 -0.600504
vn 0.431200 -0.183500 -0.883399
vn 0.534784 0.162195 -0.829276
vn 0.232011 0.181409 -0.955647
vn 0.187498 -0.129499 -0.973691
vn -0.346585 -0.412882 -0.842263
vn -0.431200 -0.183500 -0.883399
vn -0.693854 -0.242784 -0.677955
vn -0.574782 -0.469986 -0.669880
vn 0.554291 0.820887 -0.137498
vn 0.787388 0.613991 0.055099
vn 0.649227 0.757131 -0.072503
vn 0.371912 0.884330 -0.282209
vn 0.930187 0.332195 0.156198
vn 0.891844 0.408720 -0.193810
vn 0.942978 0.315493 -0.106098
vn 0.900830 0.365712 0.234008
vn -0.076099 0.192296 0.978382
vn 0.163805 0.226107 0.960231
vn 0.209007 0.350012 0.913131
vn 0.045599 0.218494 0.974772
vn -0.964113 0.203003 0.171102
vn -0.942605 0.316302 -0.107001
vn -0.936903 0.344401 -0.060000
vn -0.955125 0.201605 0.217006
vn 0.735273 0.466183 0.491982
vn 0.817501 0.140600 0.558501
vn 0.769210 0.157002 0.619408
vn 0.692412 0.468608 0.548609
vn 0.060100 0.524801 -0.849101
vn 0.066300 0.648997 -0.757897
vn 0.362193 0.636988 -0.680487
vn 0.332201 0.541901 -0.772001
vn -0.485978 -0.170592 0.857161
vn -0.251701 -0.294201 0.922004
vn -0.209391 -0.287988 0.934461
vn -0.470784 -0.180094 0.863671
vn 0.690120 -0.385111 -0.612718
vn 0.527912 -0.304807 -0.792718
vn 0.454193 -0.346195 -0.820888
vn 0.679880 -0.367689 -0.634482
vn -0.894932 0.430315 -0.118004
vn -0.888979 0.432790 -0.149696
vn -0.980221 0.197904 0.000400
vn -0.980139 0.194808 0.037101
vn 0.865683 -0.238195 -0.440291
vn 0.721428 0.027901 -0.691927
vn 0.527912 -0.304807 -0.792718
vn 0.690120 -0.385111 -0.612718
vn 0.668510 0.075001 -0.739911
vn 0.790688 0.337195 -0.510992
vn 0.503089 0.271494 -0.820483
vn 0.573895 -0.251998 -0.779193
vn 0.947052 -0.207189 -0.245287
vn 0.884725 -0.370210 -0.283208
vn 0.895817 -0.444409 0.003500
vn 0.956672 -0.287592 0.045499
vn 0.851213 -0.524408 0.020800
vn 0.799823 -0.520515 0.298909
vn 0.828458 -0.486076 0.278186
vn 0.895817 -0.444409 0.003500
vn 0.845465 0.524278 -0.101596
vn 0.663290 0.712690 -0.228297
vn 0.675661 0.713858 -0.184089
vn 0.852516 0.521010 -0.042001
vn 0.851865 0.360785 -0.379684
vn 0.688399 0.419099 -0.591999
vn 0.724069 0.557876 -0.405583
vn 0.874550 0.411724 -0.256215
vn 0.826262 -0.491378 -0.275387
vn 0.799412 -0.548108 -0.246004
vn 0.837114 -0.544609 0.051401
vn 0.851213 -0.524408 0.020800
vn -0.869991 -0.456395 -0.186598
vn -0.914131 -0.280510 -0.292710
vn -0.768211 -0.287504 -0.572008
vn -0.742306 -0.474904 -0.472704
vn -0.571534 0.748445 -0.336420
vn -0.602328 0.740934 -0.297014
vn -0.779894 0.619595 -0.088699
vn -0.749665 0.650270 -0.123094
vn 0.840485 -0.484291 -0.242996
vn 0.911998 -0.288899 -0.291199
vn 0.933075 -0.359290 0.016800
vn 0.868737 -0.492621 0.051202
vn 0.776692 0.213498 -0.592594
vn 0.710908 -0.088401 -0.697707
vn 0.763864 -0.199491 -0.613771
vn 0.898192 0.047800 -0.436996
vn 0.463287 -0.314891 -0.828377
vn 0.192603 -0.342905 -0.919413
vn 0.224797 -0.109899 -0.968188
vn 0.496995 -0.084899 -0.863591
vn 0.924294 -0.365397 -0.110299
vn 0.976786 -0.210297 -0.040799
vn 0.936492 -0.161099 -0.311497
vn 0.857806 -0.305802 -0.413103
vn 0.570098 0.626497 -0.531498
vn 0.378893 0.766285 -0.518890
vn 0.222196 0.844383 -0.487490
vn 0.499104 0.772907 -0.391803
vn 0.966472 0.252693 0.045599
vn 0.867822 0.415810 -0.272007
vn 0.905461 0.420282 -0.059197
vn 0.978513 0.182102 0.096701
vn -0.750384 0.012400 0.660886
vn -0.830680 0.265094 0.489588
vn -0.851011 0.103701 0.514807
vn -0.743987 -0.152797 0.650489
vn -0.379195 0.214597 -0.900088
vn -0.628113 0.159903 -0.761515
vn -0.629206 0.248902 -0.736307
vn -0.372918 0.325115 -0.869041
vn 0.821117 -0.039201 -0.569412
vn 0.854528 0.066602 -0.515117
vn 0.952778 -0.030899 -0.302093
vn 0.932011 -0.100201 -0.348304
vn -0.779608 -0.315303 -0.541106
vn -0.890673 -0.349489 -0.290791
vn -0.947454 -0.153993 -0.280387
vn -0.843089 -0.120098 -0.524193
vn 0.631413 0.298206 -0.715815
vn 0.753006 0.320103 -0.574905
vn 0.797598 0.498099 -0.340199
vn 0.643218 0.491014 -0.587517
vn 0.865683 -0.238195 -0.440291
vn 0.944140 -0.298513 0.139606
vn 0.926845 0.248785 -0.281183
vn 0.721428 0.027901 -0.691927
vn 0.794318 0.590213 -0.143903
vn 0.592376 0.763069 -0.258489
vn 0.595391 0.775588 -0.209697
vn 0.795069 0.600277 -0.086797
vn -0.928818 -0.252905 0.270805
vn -0.876196 -0.472898 -0.093000
vn -0.835546 -0.486669 0.254984
vn -0.798596 -0.195599 0.569197
vn 0.950306 0.216301 -0.223901
vn 0.959420 0.253005 -0.124503
vn 0.917194 0.205599 -0.341298
vn 0.888088 0.157098 -0.431994
vn 0.757122 0.496715 -0.424312
vn 0.792409 0.401405 -0.459305
vn 0.787807 0.416004 -0.454204
vn 0.773978 0.568584 -0.278692
vn 0.813222 -0.188105 -0.550715
vn 0.831299 -0.011800 -0.555700
vn 0.646871 0.018899 -0.762366
vn 0.634227 -0.119005 -0.763933
vn 0.092097 0.152696 -0.983973
vn 0.039899 0.298493 -0.953577
vn 0.317009 0.359310 -0.877725
vn 0.353085 0.217491 -0.909961
vn -0.963490 -0.266497 0.025800
vn -0.833709 -0.201302 -0.514205
vn -0.615670 -0.031798 -0.787362
vn -0.904129 -0.118104 -0.410613
vn 0.927906 0.120501 -0.352802
vn 0.742909 0.132702 -0.656108
vn 0.780670 0.292289 -0.552379
vn 0.948124 0.198505 -0.248306
vn -0.307115 -0.007100 0.951646
vn -0.402400 0.112700 0.908500
vn -0.076099 0.192296 0.978382
vn 0.045599 0.218494 0.974772
vn 0.768687 0.634790 -0.078499
vn 0.928092 0.359897 0.095499
vn 0.768880 0.638784 -0.027899
vn 0.524018 0.828728 -0.196507
vn 0.899229 0.083103 0.429514
vn 0.825893 -0.218198 0.519895
vn 0.792047 -0.210386 0.573062
vn 0.870950 0.058903 0.487828
vn 0.873527 0.145204 -0.464614
vn 0.805816 -0.134403 -0.576712
vn 0.839719 -0.047801 -0.540913
vn 0.910810 0.173702 -0.374504
vn 0.077403 -0.235308 -0.968834
vn 0.138502 -0.241704 -0.960415
vn -0.082598 -0.001400 -0.996582
vn -0.152506 0.011200 -0.988239
vn -0.854815 0.448808 -0.260505
vn -0.830914 0.388707 -0.398107
vn -0.963152 0.206511 -0.172309
vn -0.968462 0.245190 -0.044298
vn 0.792198 0.043700 -0.608698
vn 0.565617 0.035001 -0.823925
vn 0.587882 0.139796 -0.796776
vn 0.810370 0.127495 -0.571879
vn -0.261805 0.351806 -0.898716
vn -0.515097 0.371798 -0.772296
vn -0.546676 0.425682 -0.721069
vn -0.299017 0.421424 -0.856149
vn 0.716187 -0.397293 -0.573790
vn 0.542601 -0.339101 -0.768502
vn 0.403698 -0.513498 -0.757197
vn 0.626773 -0.528177 -0.572875
vn -0.444904 0.074101 -0.892508
vn -0.157402 0.207402 -0.965510
vn -0.245701 0.025800 -0.969002
vn -0.508112 -0.121203 -0.852720
vn 0.169403 -0.234204 0.957315
vn 0.181396 -0.277393 0.943477
vn 0.432097 -0.308298 0.847493
vn 0.418391 -0.281994 0.863382
vn 0.980602 0.190700 -0.045300
vn 0.874550 0.411724 -0.256215
vn 0.864372 0.470485 -0.177494
vn 0.972175 0.228794 -0.050299
vn -0.681408 0.684808 -0.258303
vn -0.773938 0.568628 -0.278714
vn -0.757122 0.496715 -0.424312
vn -0.629295 0.614496 -0.475797
vn 0.872346 -0.195210 -0.448224
vn 0.822311 -0.416706 -0.387505
vn 0.645833 -0.464224 -0.606131
vn 0.699680 -0.242393 -0.672081
vn 0.487699 -0.090600 -0.868298
vn 0.714316 0.012300 -0.699715
vn 0.729557 -0.077096 -0.679560
vn 0.501915 -0.159805 -0.850026
vn 0.921273 0.277792 0.272192
vn 0.892989 0.012900 0.449894
vn 0.880719 0.011100 0.473510
vn 0.929317 0.264105 0.258105
vn -0.593036 0.237515 -0.769347
vn -0.831084 0.135497 -0.539389
vn -0.763436 -0.143107 -0.629830
vn -0.535396 -0.062399 -0.842293
vn 0.797114 -0.499209 -0.339706
vn 0.859562 -0.418982 -0.292587
vn 0.716187 -0.397293 -0.573790
vn 0.626773 -0.528177 -0.572875
vn -0.644606 -0.171602 -0.745007
vn -0.831417 -0.213704 -0.512910
vn -0.881201 0.042800 -0.470801
vn -0.697003 0.099700 -0.710103
vn -0.683619 -0.067402 -0.726720
vn -0.853539 -0.146107 -0.500123
vn -0.874920 -0.073802 -0.478611
vn -0.707294 -0.006000 -0.706894
vn -0.503015 0.271508 -0.820524
vn -0.790610 0.337204 -0.511106
vn -0.668510 0.075001 -0.739911
vn -0.573783 -0.251993 -0.779277
vn -0.224991 0.000900 -0.974360
vn -0.487992 -0.062799 -0.870586
vn -0.504803 0.099301 -0.857504
vn -0.232000 0.154300 -0.960400
vn -0.449878 -0.277886 -0.848758
vn -0.411305 -0.323104 -0.852310
vn -0.628779 -0.385887 -0.675077
vn -0.660522 -0.335611 -0.671622
vn 0.867010 -0.180102 -0.464605
vn 0.829385 -0.394093 -0.395993
vn 0.639197 -0.486998 -0.595197
vn 0.681083 -0.252794 -0.687183
vn -0.129701 0.376704 -0.917209
vn 0.165502 0.323304 -0.931710
vn 0.134998 0.191897 -0.972086
vn -0.182003 0.244504 -0.952414
vn -0.620899 -0.305999 -0.721699
vn -0.427713 -0.180905 -0.885627
vn -0.342585 -0.358584 -0.868362
vn -0.516989 -0.487390 -0.703685
vn 0.808029 -0.461017 -0.366813
vn 0.622583 -0.549285 -0.557384
vn 0.639197 -0.486998 -0.595197
vn 0.829385 -0.394093 -0.395993
vn -0.825506 0.350203 -0.442603
vn -0.820895 0.307698 -0.481097
vn -0.823093 0.332497 -0.460396
vn -0.827316 0.397008 -0.397408
vn -0.831300 -0.011700 -0.555700
vn -0.797920 0.295407 -0.525413
vn -0.956226 0.216106 -0.197305
vn -0.958778 -0.064699 -0.276694
vn -0.429817 0.890636 -0.148406
vn -0.238594 0.961775 -0.134396
vn -0.491397 0.869494 0.050100
vn -0.644898 0.757998 0.097700
vn -0.719386 0.408092 0.562089
vn -0.651211 0.533009 0.540209
vn -0.663313 0.397708 0.633912
vn -0.717700 0.262700 0.644900
vn 0.692586 -0.038899 -0.720286
vn 0.464822 -0.082604 -0.881542
vn 0.503000 0.071800 -0.861299
vn 0.711623 0.099203 -0.695522
vn 0.681083 -0.252794 -0.687183
vn 0.443202 -0.301201 -0.844304
vn 0.464822 -0.082604 -0.881542
vn 0.692586 -0.038899 -0.720286
vn 0.884101 -0.358700 -0.299500
vn 0.932162 -0.276689 -0.233490
vn 0.823093 -0.173998 -0.540595
vn 0.750300 -0.247300 -0.613100
vn -0.706597 0.665997 -0.239099
vn -0.720392 0.666893 -0.190498
vn -0.886993 0.452197 -0.093599
vn -0.878819 0.458010 -0.133803
vn -0.943205 0.056900 0.327302
vn -0.947559 0.098296 0.304087
vn -0.936791 0.230998 0.262798
vn -0.942317 0.244404 0.228704
vn -0.983058 -0.038098 -0.179292
vn -0.989046 0.052102 -0.138106
vn -0.900341 0.150807 -0.408219
vn -0.887797 0.047300 -0.457798
vn 0.831423 0.135304 -0.538915
vn 0.858016 0.235004 -0.456708
vn 0.642605 0.310403 -0.700506
vn 0.593101 0.237500 -0.769301
vn -0.181291 0.051998 -0.982054
vn -0.261896 -0.004200 -0.965087
vn 0.059701 -0.133002 -0.989316
vn 0.117294 -0.129994 -0.984553
vn -0.431214 0.833928 -0.344411
vn -0.425316 0.830532 -0.359614
vn -0.668682 0.694381 -0.265893
vn -0.672802 0.697902 -0.245501
vn -0.717183 0.298993 -0.629485
vn -0.478800 0.381500 -0.790701
vn -0.465776 0.168791 -0.868655
vn -0.712612 0.118302 -0.691512
vn 0.904921 -0.191004 -0.380309
vn 0.945491 0.045200 -0.322497
vn 0.831423 0.135304 -0.538915
vn 0.763425 -0.143205 -0.629821
vn 0.471306 0.834310 -0.286003
vn 0.553828 0.791939 -0.257113
vn 0.686122 0.694022 -0.218107
vn 0.574069 0.775458 -0.262886
vn 0.760595 0.635395 -0.133299
vn 0.865330 0.496417 0.069102
vn 0.889484 0.448992 0.084998
vn 0.790595 0.604496 -0.097699
vn -0.473906 0.572107 -0.669408
vn -0.207098 0.622293 -0.754892
vn -0.212796 0.428792 -0.877984
vn -0.478800 0.381500 -0.790701
vn 0.104997 -0.142795 -0.984167
vn -0.195804 -0.123603 -0.972822
vn -0.173801 -0.036400 -0.984108
vn 0.115405 -0.059402 -0.991541
vn -0.769221 -0.262407 -0.582616
vn -0.550816 -0.059202 -0.832524
vn -0.665216 -0.028201 -0.746118
vn -0.848382 -0.384392 -0.363992
vn -0.706397 0.591997 -0.387998
vn -0.790610 0.337204 -0.511106
vn -0.503015 0.271508 -0.820524
vn 0.127201 0.804908 -0.579606
vn -0.504803 0.099301 -0.857504
vn -0.728896 0.037500 -0.683596
vn -0.727205 0.175501 -0.663605
vn -0.503711 0.234205 -0.831519
vn 0.661810 0.599809 -0.449707
vn 0.857877 0.424889 -0.288992
vn 0.866315 0.285005 -0.410207
vn 0.670508 0.431505 -0.603508
vn -0.540381 -0.337488 -0.770773
vn -0.672917 -0.296907 -0.677517
vn -0.789685 -0.425592 -0.441892
vn -0.688769 -0.455679 -0.563874
vn -0.665480 0.240293 -0.706679
vn -0.826627 -0.137404 -0.545718
vn -0.799185 0.397493 -0.450891
vn -0.570098 0.626497 -0.531498
vn -0.415991 -0.267995 0.868982
vn -0.185701 -0.078000 0.979505
vn 0.027001 0.002000 0.999633
vn -0.234099 -0.215199 0.948096
vn 0.678287 -0.253495 -0.689686
vn 0.361222 -0.186911 -0.913555
vn 0.532375 -0.119294 -0.838061
vn 0.779626 -0.146705 -0.608820
vn 0.874202 0.443001 -0.198800
vn 0.949251 0.313017 0.030702
vn 0.965514 0.259604 0.019700
vn 0.899132 0.387014 -0.204407
vn -0.963359 0.262089 -0.056998
vn -0.934924 0.353109 0.035101
vn -0.837092 0.536195 -0.108499
vn -0.865310 0.474506 -0.161502
vn 0.911114 0.271604 0.310005
vn 0.831348 0.393476 0.392476
vn 0.788935 0.181608 0.587026
vn 0.867468 0.058998 0.493982
vn -0.333495 0.278796 -0.900586
vn -0.557193 0.275097 -0.783491
vn -0.587599 0.400299 -0.703199
vn -0.380998 0.430198 -0.818395
vn -0.723102 0.690702 -0.007300
vn -0.675892 0.731692 0.088299
vn -0.687021 0.724522 0.055402
vn -0.725461 0.688163 -0.011799
vn 0.871117 0.051101 0.488410
vn 0.884879 -0.035199 0.464489
vn 0.881190 0.238497 0.408195
vn 0.866325 0.328209 0.376511
vn -0.885898 -0.338199 -0.317499
vn -0.916874 -0.394489 -0.060998
vn -0.850475 -0.508185 -0.135796
vn -0.789685 -0.425592 -0.441892
vn 0.412409 -0.376808 -0.829418
vn 0.680963 -0.248787 -0.688763
vn 0.609093 -0.321997 -0.724792
vn 0.347385 -0.419282 -0.838764
vn -0.336685 -0.066597 -0.939259
vn -0.044699 0.100097 -0.993973
vn -0.129397 0.046999 -0.990478
vn -0.402219 -0.113005 -0.908543
vn -0.795324 -0.060902 -0.603118
vn -0.595880 -0.021999 -0.802772
vn -0.571029 -0.146007 -0.807841
vn -0.766018 -0.180304 -0.617014
vn 0.990845 0.089804 -0.100805
vn 0.963473 0.257693 -0.072898
vn 0.982533 0.030301 0.183606
vn 0.975437 -0.167806 0.142705
vn 0.247903 0.298004 0.921812
vn 0.527676 0.134294 0.838763
vn -0.008000 0.024499 0.999668
vn -0.229008 0.275810 0.933533
vn 0.861995 0.166199 -0.478897
vn 0.813505 0.063300 -0.578103
vn 0.959852 -0.190810 -0.205611
vn 0.981129 0.082002 -0.175105
vn -0.222500 0.604500 -0.764901
vn 0.066300 0.648997 -0.757897
vn 0.060100 0.524801 -0.849101
vn -0.231503 0.464806 -0.854612
vn -0.437717 -0.190807 -0.878633
vn -0.432400 -0.107100 -0.895299
vn -0.151807 -0.099905 -0.983348
vn -0.146396 -0.181295 -0.972471
vn 0.963490 -0.125899 0.236298
vn 0.848884 -0.209496 0.485291
vn 0.837727 -0.186606 0.513217
vn 0.955315 -0.107102 0.275504
vn 0.730904 -0.476802 -0.488302
vn 0.517663 -0.530262 -0.671452
vn 0.524011 -0.444509 -0.726515
vn 0.741769 -0.376684 -0.554877
vn -0.738619 0.011900 0.674018
vn -0.554127 -0.404520 0.727535
vn -0.700615 -0.268206 0.661214
vn -0.814191 0.145798 0.561993
vn 0.619117 0.132604 -0.774022
vn 0.625883 0.150396 -0.765279
vn 0.826721 0.089702 -0.555414
vn 0.821429 0.063002 -0.566820
vn -0.191807 -0.319312 -0.928035
vn 0.403678 -0.124793 -0.906350
vn -0.475886 -0.051898 -0.877974
vn -0.806276 -0.166295 -0.567683
vn 0.342895 0.785689 -0.514893
vn 0.583314 0.690017 -0.428510
vn 0.590393 0.526794 -0.611493
vn 0.358500 0.598899 -0.716099
vn 0.169800 -0.018900 -0.985297
vn 0.129397 0.046999 -0.990478
vn 0.402298 -0.113099 -0.908496
vn 0.427795 -0.180898 -0.885589
vn -0.837114 -0.544609 0.051401
vn -0.799392 -0.548095 -0.246098
vn -0.826208 -0.491405 -0.275503
vn -0.851215 -0.524409 0.020700
vn 0.401606 0.851314 -0.337605
vn 0.574069 0.775458 -0.262886
vn 0.570712 0.761116 -0.308206
vn 0.447686 0.836573 -0.315790
vn 0.477605 -0.145102 -0.866510
vn 0.502007 -0.204203 -0.840411
vn 0.229710 -0.044502 -0.972241
vn 0.161597 0.039099 -0.986082
vn 0.884084 0.393693 0.251796
vn 0.954670 0.222893 0.197294
vn 0.947002 0.255801 0.194300
vn 0.892300 0.372800 0.254600
vn 0.802190 -0.116499 0.585593
vn 0.803843 -0.119906 0.582631
vn 0.808785 -0.055399 0.585489
vn 0.808966 -0.057098 0.585076
vn 0.986347 -0.163308 0.021201
vn 0.950284 -0.106798 -0.292495
vn 0.974193 0.018000 -0.224998
vn 0.994519 -0.071801 0.076001
vn 0.826975 0.198894 -0.525884
vn 0.611590 0.237496 -0.754688
vn 0.631501 0.328601 -0.702302
vn 0.841387 0.259796 -0.473893
vn 0.921976 0.034699 0.385690
vn 0.900957 0.035198 0.432479
vn 0.905874 0.070798 0.417588
vn 0.922390 0.089299 0.375796
vn -0.049602 0.441215 -0.896030
vn -0.333589 0.411487 -0.848173
vn -0.336895 0.445293 -0.829588
vn -0.052002 0.473721 -0.879139
vn 0.792408 0.264203 0.549806
vn 0.852808 0.206402 0.479705
vn 0.877134 0.409916 0.250210
vn 0.835337 0.451020 0.314314
vn -0.896923 0.133003 0.421711
vn -0.904452 0.090895 0.416778
vn -0.919045 0.121006 0.375118
vn -0.915493 0.138899 0.377597
vn 0.834334 0.297612 0.464019
vn 0.826912 0.223503 0.516007
vn 0.865481 0.435590 0.247395
vn 0.861793 0.475896 0.175599
vn 0.851104 0.502602 -0.151701
vn 0.668700 0.694400 -0.265800
vn 0.672818 0.697919 -0.245407
vn 0.854586 0.503692 -0.126398
vn -0.599912 -0.079402 -0.796116
vn -0.494506 -0.135102 -0.858610
vn -0.741897 -0.116600 -0.660298
vn -0.833086 -0.096898 -0.544591
vn 0.677509 -0.121502 -0.725410
vn 0.737853 -0.016599 -0.674757
vn 0.633498 -0.243899 -0.734298
vn 0.579806 -0.332304 -0.743908
vn -0.494506 -0.135102 -0.858610
vn -0.482688 -0.181496 -0.856780
vn -0.681022 -0.193906 -0.706123
vn -0.741897 -0.116600 -0.660298
vn 0.374497 -0.120299 -0.919391
vn 0.431686 0.083297 -0.898170
vn 0.652579 0.078197 -0.753675
vn 0.619312 -0.109902 -0.777415
vn 0.750706 -0.309402 -0.583705
vn 0.586363 -0.153090 -0.795450
vn 0.408783 -0.390083 -0.825065
vn 0.594707 -0.488106 -0.638808
vn 0.240693 -0.081498 -0.967174
vn 0.543304 -0.152301 -0.825606
vn 0.533599 -0.015300 -0.845599
vn 0.251601 0.046700 -0.966704
vn 0.473983 0.572080 -0.669376
vn 0.710716 0.471911 -0.521712
vn 0.717228 0.299012 -0.629425
vn 0.478915 0.381512 -0.790625
vn 0.505909 0.097002 -0.857115
vn 0.533599 -0.015300 -0.845599
vn 0.728093 -0.063899 -0.682494
vn 0.714998 0.027200 -0.698598
vn -0.826232 0.048702 0.561221
vn -0.984696 -0.028700 0.171899
vn -0.909707 0.160201 -0.383103
vn -0.955475 0.207395 0.209894
vn -0.557484 0.013600 -0.830076
vn -0.267509 0.062402 -0.961533
vn -0.314514 0.076803 -0.946141
vn -0.592790 0.072499 -0.802087
vn -0.924466 0.276990 0.261990
vn -0.932732 0.241208 0.268009
vn -0.872488 0.388095 0.296896
vn -0.880630 0.366312 0.300510
vn -0.363284 0.878562 -0.310087
vn -0.501821 0.716530 -0.484520
vn -0.720216 0.585513 -0.372108
vn -0.589598 0.774198 -0.230199
vn -0.072802 -0.266707 -0.961024
vn 0.000700 -0.364414 -0.931237
vn -0.297006 -0.335707 -0.893918
vn -0.367694 -0.248296 -0.896186
vn -0.067597 -0.231591 -0.970462
vn 0.272313 -0.166208 -0.947745
vn 0.252195 -0.211496 -0.944281
vn -0.062701 -0.272106 -0.960222
vn -0.724380 -0.506686 -0.467487
vn -0.802147 -0.371276 -0.467669
vn -0.631188 -0.339694 -0.697287
vn -0.566520 -0.446616 -0.692524
vn -0.904921 -0.191004 -0.380309
vn -0.835465 -0.394884 -0.382184
vn -0.666401 -0.435201 -0.605401
vn -0.763436 -0.143107 -0.629830
vn -0.267509 0.062402 -0.961533
vn 0.022900 0.099398 -0.994784
vn -0.033699 0.072898 -0.996770
vn -0.314514 0.076803 -0.946141
vn 0.036598 0.018799 -0.999153
vn -0.026100 0.049901 -0.998413
vn 0.261491 0.008600 -0.965168
vn 0.311310 0.023001 -0.950030
vn -0.429108 0.117202 -0.895617
vn 0.093904 0.239911 -0.966243
vn 0.014700 0.579812 -0.814617
vn -0.428691 0.550989 -0.715985
vn -0.041001 0.408514 -0.911831
vn -0.082497 0.315390 -0.945369
vn 0.197604 0.351706 -0.915017
vn 0.256995 0.446691 -0.856983
vn -0.082497 0.315390 -0.945369
vn -0.080102 0.018000 -0.996624
vn 0.173797 0.001400 -0.984781
vn 0.197604 0.351706 -0.915017
vn 0.107899 0.884292 -0.454296
vn 0.408408 0.826416 -0.387608
vn 0.350606 0.821814 -0.449108
vn 0.047899 0.870075 -0.490586
vn -0.784072 0.605878 0.134695
vn -0.605567 0.776158 0.175690
vn -0.566215 0.791020 0.231706
vn -0.720800 0.653200 0.231900
vn 0.707670 0.649172 -0.278888
vn 0.499104 0.772907 -0.391803
vn 0.493678 0.838763 -0.229690
vn 0.695101 0.717401 -0.046600
vn -0.897607 0.354703 0.261702
vn -0.908708 0.360703 0.210102
vn -0.868726 0.494415 0.029501
vn -0.893804 0.446102 0.045900
vn -0.213106 -0.353010 -0.911027
vn -0.252003 -0.360404 -0.898111
vn 0.041202 -0.466921 -0.883339
vn 0.067898 -0.469388 -0.880378
vn 0.208809 -0.283912 -0.935838
vn 0.490281 -0.202692 -0.847668
vn 0.412409 -0.376808 -0.829418
vn 0.117701 -0.461103 -0.879506
vn -0.252003 -0.360404 -0.898111
vn -0.231901 -0.313601 -0.920802
vn 0.062600 -0.355197 -0.932693
vn 0.041202 -0.466921 -0.883339
vn -0.857995 0.235099 -0.456698
vn -0.831084 0.135497 -0.539389
vn -0.593036 0.237515 -0.769347
vn -0.642502 0.310401 -0.700602
vn -0.645795 0.763095 -0.025200
vn -0.563210 0.821615 0.088002
vn -0.567413 0.819519 0.080202
vn -0.651087 0.758984 0.005400
vn -0.753289 0.648290 -0.110798
vn -0.674079 0.714178 -0.188594
vn -0.458997 0.856795 -0.234999
vn -0.584722 0.762328 -0.277410
vn 0.192701 -0.425703 -0.884106
vn -0.091299 -0.418994 -0.903387
vn -0.044599 -0.270496 -0.961687
vn 0.251707 -0.268107 -0.929926
vn 0.630417 0.333809 -0.700818
vn 0.623500 0.320300 -0.713201
vn 0.369422 0.396024 -0.840650
vn 0.382110 0.408511 -0.828922
vn -0.994463 0.097296 -0.039699
vn -0.935788 0.006900 -0.352495
vn -0.921099 0.130800 -0.366699
vn -0.957161 0.284188 -0.055498
vn 0.719899 0.312600 0.619699
vn 0.733522 0.450614 0.508815
vn 0.758720 0.350609 0.549015
vn 0.729996 0.201099 0.653196
vn -0.299017 0.421424 -0.856149
vn -0.546676 0.425682 -0.721069
vn -0.582096 0.413897 -0.699895
vn -0.340684 0.420380 -0.840961
vn -0.592790 0.072499 -0.802087
vn -0.314514 0.076803 -0.946141
vn -0.331591 0.103097 -0.937773
vn -0.600195 0.142299 -0.787094
vn -0.726707 0.675106 -0.127001
vn -0.757324 0.629320 0.174405
vn -0.797495 0.498197 -0.340298
vn -0.643180 0.490985 -0.587582
vn 0.801981 0.421790 -0.422990
vn 0.637923 0.539419 -0.549620
vn 0.619151 0.691746 -0.371671
vn 0.809426 0.523517 -0.266008
vn -0.874920 -0.073802 -0.478611
vn -0.966780 -0.133797 -0.217795
vn -0.972936 -0.108704 -0.203908
vn -0.883855 -0.052303 -0.464829
vn 0.898192 0.047800 -0.436996
vn 0.763864 -0.199491 -0.613771
vn 0.756302 -0.341201 -0.558202
vn 0.938522 -0.211805 -0.272607
vn 0.600284 0.457688 0.655882
vn 0.491001 0.711201 0.503101
vn 0.688328 0.537422 0.487220
vn 0.719707 0.211102 0.661406
vn 0.278303 -0.463406 -0.841310
vn 0.525801 -0.472201 -0.707502
vn 0.537989 -0.497090 -0.680786
vn 0.315501 -0.467802 -0.825603
vn -0.385706 -0.272004 0.881615
vn -0.671304 -0.258602 0.694605
vn -0.561513 -0.264906 0.783918
vn -0.273596 -0.283596 0.919086
vn 0.747001 -0.155000 -0.646501
vn 0.823473 0.025499 -0.566782
vn 0.645510 0.167703 -0.745112
vn 0.564283 0.118896 -0.816975
vn -0.393219 -0.042902 -0.918444
vn -0.623665 -0.108994 -0.774056
vn -0.645104 -0.047700 -0.762605
vn -0.412704 0.010100 -0.910809
vn 0.287983 -0.056897 -0.955944
vn -0.011100 -0.049600 -0.998708
vn 0.062997 0.130395 -0.989459
vn 0.355088 0.108896 -0.928469
vn -0.234197 0.733391 -0.638192
vn -0.389222 0.732342 -0.558732
vn -0.078601 0.769813 -0.633411
vn 0.043200 0.722900 -0.689600
vn 0.140494 0.099596 -0.985059
vn 0.264794 -0.206296 -0.941980
vn 0.292897 -0.246997 -0.923690
vn 0.227608 0.070002 -0.971233
vn -0.208695 -0.123297 -0.970177
vn -0.182099 -0.191799 -0.964393
vn -0.449878 -0.277886 -0.848758
vn -0.469704 -0.200702 -0.859707
vn 0.218604 -0.294805 -0.930216
vn -0.067101 -0.263506 -0.962321
vn -0.011100 -0.049600 -0.998708
vn 0.287983 -0.056897 -0.955944
vn -0.766003 -0.080300 0.637802
vn -0.895622 0.053301 0.441611
vn -0.923925 0.087602 0.372410
vn -0.786149 -0.031402 0.617239
vn 0.188194 -0.418786 -0.888370
vn -0.085102 -0.372008 -0.924320
vn -0.067101 -0.263506 -0.962321
vn 0.218604 -0.294805 -0.930216
vn 0.141800 -0.336900 -0.930801
vn 0.400991 -0.390291 -0.828782
vn 0.486777 -0.028599 -0.873058
vn 0.173797 0.001400 -0.984781
vn 0.408993 0.074599 -0.909483
vn 0.564283 0.118896 -0.816975
vn 0.281092 0.418389 -0.863677
vn 0.120295 0.343385 -0.931459
vn 0.956245 0.216110 -0.197209
vn 0.797998 0.295399 -0.525299
vn 0.831299 -0.011800 -0.555700
vn 0.958804 -0.064700 -0.276601
vn 0.532791 0.245396 -0.809886
vn 0.406293 0.167897 -0.898185
vn 0.665270 -0.028299 -0.746066
vn 0.813505 0.063300 -0.578103
vn -0.224195 -0.083298 0.970978
vn -0.347117 -0.247612 0.904543
vn -0.072201 -0.141402 0.987316
vn 0.005400 0.124698 0.992180
vn 0.730493 -0.183898 -0.657694
vn 0.621494 -0.066499 -0.780592
vn 0.482730 -0.181511 -0.856753
vn 0.681076 -0.193893 -0.706075
vn -0.804217 0.185604 -0.564612
vn -0.780459 -0.057397 -0.622567
vn -0.938632 -0.061402 -0.339411
vn -0.957924 0.179704 -0.223806
vn 0.275688 0.027399 -0.960857
vn 0.408993 0.074599 -0.909483
vn 0.120295 0.343385 -0.931459
vn -0.007300 0.183209 -0.983047
vn 0.203510 0.323615 -0.924044
vn 0.166592 0.036498 -0.985350
vn 0.454391 -0.019800 -0.890582
vn 0.502986 0.270793 -0.820778
vn -0.910101 0.084400 -0.405701
vn -0.957531 -0.096203 -0.271809
vn -0.843990 0.059099 -0.533094
vn -0.547420 0.230708 -0.804429
vn -0.442392 0.408693 -0.798286
vn -0.598003 0.191401 -0.778304
vn -0.594499 0.170100 -0.785899
vn -0.440011 0.371110 -0.817721
vn 0.099902 -0.293507 -0.950723
vn 0.386899 -0.326199 -0.862498
vn 0.401417 -0.237610 -0.884537
vn 0.124197 -0.199595 -0.971976
vn 0.948639 0.122905 0.291512
vn 0.947847 0.103994 0.301283
vn 0.945806 0.122101 0.300902
vn 0.947528 0.132304 0.291009
vn -0.899412 0.431906 0.067201
vn -0.912571 0.408287 0.022699
vn -0.952236 0.189807 0.239209
vn -0.941425 0.204805 0.267907
vn -0.255804 0.136002 -0.957114
vn 0.093299 0.662093 -0.743592
vn -0.429808 0.443108 -0.786715
vn -0.612603 -0.443402 -0.654303
vn 0.813300 -0.498300 0.300400
vn 0.810937 -0.454021 0.369117
vn 0.941386 -0.206297 0.266896
vn 0.941608 -0.242402 0.233702
vn -0.380998 0.430198 -0.818395
vn -0.587599 0.400299 -0.703199
vn -0.649247 0.469534 -0.598344
vn -0.430385 0.557281 -0.710075
vn 0.984696 -0.028700 0.171899
vn 0.826185 0.048699 0.561290
vn 0.955455 0.207390 0.209990
vn 0.909760 0.160193 -0.382983
vn -0.440801 0.138200 0.886902
vn -0.380204 0.227803 0.896410
vn -0.142298 0.155798 0.977486
vn -0.128998 0.247796 0.960186
vn 0.573282 -0.246892 0.781276
vn 0.363400 -0.061500 0.929601
vn 0.401299 -0.072200 0.913097
vn 0.611629 -0.132106 0.780037
vn -0.991170 0.128296 0.033499
vn -0.992402 0.121300 -0.020600
vn -0.982641 -0.153006 0.104904
vn -0.982623 -0.101502 0.155404
vn -0.278398 -0.271498 0.921294
vn -0.416185 0.360487 0.834769
vn -0.130799 0.239699 0.961996
vn -0.277598 -0.115799 0.953693
vn -0.164106 0.034601 -0.985836
vn -0.167503 -0.041001 -0.985019
vn 0.128503 -0.039501 -0.990922
vn 0.139693 0.029599 -0.989752
vn -0.950319 0.220805 -0.219405
vn -0.959330 0.266908 -0.091903
vn -0.859699 0.433299 -0.270500
vn -0.842778 0.317992 -0.434289
vn -0.510588 -0.460389 -0.726183
vn -0.600062 -0.341378 -0.723454
vn -0.353998 -0.328398 -0.875694
vn -0.259193 -0.419889 -0.869777
vn 0.140895 -0.266191 -0.953568
vn 0.415894 -0.301196 -0.858087
vn 0.391794 -0.343095 -0.853688
vn 0.106200 -0.306899 -0.945798
vn -0.432787 0.314991 0.844675
vn -0.209000 0.350100 0.913099
vn -0.045599 0.218494 0.974772
vn -0.263003 0.116701 0.957711
vn -0.054202 -0.013501 -0.998439
vn -0.139200 0.215200 -0.966598
vn 0.152492 0.230489 -0.961052
vn 0.257009 0.033301 -0.965835
vn 0.378517 -0.326915 -0.865940
vn 0.098005 -0.271813 -0.957347
vn 0.182792 -0.081597 -0.979760
vn 0.453087 -0.116097 -0.883874
vn 0.788316 0.605212 0.110802
vn 0.835497 0.386999 0.390099
vn 0.829872 0.463984 0.309889
vn 0.767414 0.640112 0.036501
vn -0.215004 0.102502 -0.971219
vn 0.083501 0.092401 -0.992215
vn 0.104403 0.246407 -0.963527
vn -0.199804 0.277505 -0.939718
vn 0.703736 -0.252613 0.664034
vn 0.551133 -0.373723 0.746045
vn 0.740968 0.022299 0.671171
vn 0.818093 0.156099 0.553495
vn -0.990915 0.130502 0.032500
vn -0.971460 -0.156794 0.177993
vn -0.982641 -0.153006 0.104904
vn -0.992402 0.121300 -0.020600
vn -0.880628 -0.009400 0.473715
vn -0.884920 -0.035201 0.464411
vn -0.881226 0.238507 0.408112
vn -0.888717 0.251205 0.383507
vn -0.828481 -0.486089 0.278094
vn -0.799883 -0.520489 0.298794
vn -0.851215 -0.524409 0.020700
vn -0.895877 -0.444289 0.003400
vn -0.298687 -0.373184 -0.878362
vn -0.353386 -0.347186 -0.868666
vn -0.054299 -0.413290 -0.908979
vn -0.003400 -0.425077 -0.905151
vn 0.403678 -0.124793 -0.906350
vn 0.673297 0.010600 -0.739296
vn 0.102901 0.160801 -0.981608
vn -0.475886 -0.051898 -0.877974
vn 0.799109 0.431405 0.418705
vn 0.800488 0.516592 0.303895
vn 0.748787 0.306495 0.587690
vn 0.752599 0.179300 0.633599
vn -0.804082 0.054799 -0.591987
vn -0.590990 0.083099 -0.802387
vn -0.577516 0.009600 -0.816323
vn -0.796330 0.013000 -0.604723
vn 0.812772 -0.322189 0.485383
vn 0.863248 -0.438874 0.249385
vn 0.873891 -0.457695 0.163798
vn 0.832962 -0.362583 0.417981
vn -0.165897 -0.102698 -0.980781
vn -0.176605 0.017500 -0.984126
vn 0.151405 -0.119404 -0.981234
vn 0.166206 0.086003 -0.982334
vn -0.742850 0.132791 -0.656156
vn -0.724710 -0.044601 -0.687609
vn -0.899894 -0.024900 -0.435397
vn -0.927848 0.120606 -0.352918
vn 0.927025 -0.259607 -0.270607
vn 0.922294 -0.239298 -0.303498
vn 0.813222 -0.188105 -0.550715
vn 0.829417 -0.198404 -0.522211
vn -0.890673 -0.349489 -0.290791
vn -0.933573 -0.357990 0.016900
vn -0.983793 -0.178199 0.019900
vn -0.947454 -0.153993 -0.280387
vn -0.934419 -0.092302 -0.344007
vn -0.812174 -0.065898 -0.579682
vn -0.814351 -0.085995 -0.573966
vn -0.935997 -0.074200 -0.344099
vn -0.856607 -0.444204 -0.262502
vn -0.901563 -0.428982 0.056198
vn -0.933573 -0.357990 0.016900
vn -0.890673 -0.349489 -0.290791
vn 0.888577 -0.241694 -0.389890
vn 0.838431 -0.344013 -0.422716
vn 0.925992 -0.348797 -0.144499
vn 0.959085 -0.265396 -0.098598
vn -0.718584 0.626786 -0.301293
vn -0.547028 0.758339 -0.354518
vn -0.333310 0.877227 -0.345511
vn -0.527702 0.786603 -0.320601
vn 0.737762 0.627267 -0.249487
vn 0.890462 0.420482 -0.173992
vn 0.888242 0.426520 -0.170608
vn 0.741849 0.603740 -0.291819
vn -0.735762 0.447677 -0.508174
vn -0.712215 0.590013 -0.380308
vn -0.575628 0.415920 -0.704034
vn -0.592494 0.294297 -0.749893
vn 0.182298 -0.093499 -0.978788
vn 0.202307 0.034001 -0.978732
vn 0.462501 0.030300 -0.886101
vn 0.455908 -0.089502 -0.885515
vn 0.103199 0.853188 -0.511293
vn 0.297309 0.793023 -0.531716
vn 0.248008 0.864030 -0.438115
vn -0.035198 0.880051 -0.473573
vn 0.499104 0.772907 -0.391803
vn 0.222196 0.844383 -0.487490
vn 0.234408 0.885529 -0.401113
vn 0.493678 0.838763 -0.229690
vn 0.954295 0.283499 -0.094600
vn 0.998989 0.019700 0.040400
vn 0.999681 -0.011100 0.022700
vn 0.960720 0.266506 -0.077402
vn -0.946240 -0.286212 0.150706
vn -0.916455 -0.385981 0.105495
vn -0.876332 -0.433616 -0.209808
vn -0.938112 -0.323104 -0.124702
vn -0.823221 0.462312 0.329508
vn -0.923559 0.276588 0.265588
vn -0.858633 0.512519 0.008600
vn -0.853053 0.518971 -0.054497
vn 0.491001 0.711201 0.503101
vn 0.291286 0.764564 0.574973
vn 0.119994 0.903257 0.411980
vn 0.332086 0.890962 0.309687
vn 0.851402 -0.494601 0.174600
vn 0.827078 -0.511887 0.232194
vn 0.953911 -0.232603 0.189602
vn 0.967570 -0.206494 0.145495
vn -0.975060 0.147994 -0.165393
vn -0.974171 0.017999 -0.225093
vn -0.994527 -0.071802 0.075902
vn -0.992714 0.006800 0.120302
vn -0.838659 0.291986 0.459778
vn -0.742818 0.083902 0.664216
vn -0.814354 0.314182 0.487972
vn -0.786215 0.578711 0.216704
vn 0.992585 0.015200 0.120598
vn 0.977450 0.065697 -0.200690
vn 0.959869 0.280291 -0.009400
vn 0.914142 0.248611 0.320215
vn -0.662464 0.725560 -0.186290
vn -0.527702 0.786603 -0.320601
vn -0.238394 0.904277 -0.354191
vn -0.479410 0.856218 -0.192504
vn 0.982641 -0.153006 0.104904
vn 0.971422 -0.156904 0.178104
vn 0.990925 0.130403 0.032601
vn 0.992404 0.121301 -0.020500
vn 0.769821 0.600417 -0.216506
vn 0.797293 0.585695 -0.145899
vn 0.739686 0.638788 -0.211696
vn 0.715313 0.644911 -0.269105
vn 0.645905 0.763005 -0.025100
vn 0.651086 0.758984 0.005500
vn 0.567413 0.819519 0.080202
vn 0.563205 0.821607 0.088101
vn 0.359714 0.405315 -0.840432
vn 0.354588 0.597179 -0.719475
vn 0.595088 0.518190 -0.614288
vn 0.600299 0.345499 -0.721299
vn 0.491394 0.869489 0.050199
vn 0.238594 0.961775 -0.134396
vn 0.429817 0.890636 -0.148406
vn 0.644892 0.757991 0.097799
vn -0.905100 0.405600 -0.127600
vn -0.892003 0.335801 -0.302601
vn -0.959868 0.280291 -0.009500
vn -0.954369 0.258692 0.149195
vn -0.832986 0.018300 0.552991
vn -0.814620 -0.061602 0.576714
vn -0.790708 -0.026800 0.611606
vn -0.807633 0.060002 0.586624
vn 0.977450 0.065697 -0.200690
vn 0.883187 0.102899 -0.457594
vn 0.892003 0.335801 -0.302601
vn 0.959869 0.280291 -0.009400
vn 0.814320 0.314208 0.488012
vn 0.853442 0.050602 0.518726
vn 0.773570 -0.096796 0.626275
vn 0.742723 0.083903 0.664321
vn 0.158393 -0.145094 -0.976657
vn 0.338394 -0.291595 -0.894685
vn 0.359916 -0.334815 -0.870839
vn 0.185694 -0.157695 -0.969871
vn -0.045101 -0.614907 0.787309
vn -0.116901 -0.398002 0.909906
vn -0.281915 -0.259613 0.923648
vn -0.422999 -0.389599 0.818098
vn 0.517099 -0.487399 -0.703599
vn 0.366100 -0.653400 -0.662600
vn 0.204503 -0.512608 -0.833913
vn 0.342615 -0.358616 -0.868338
vn -0.561092 -0.382094 -0.734289
vn -0.633407 -0.243803 -0.734408
vn -0.579697 -0.332298 -0.743996
vn -0.552102 -0.394202 -0.734703
vn 0.959223 0.282607 -0.004900
vn 0.863219 0.484211 -0.142803
vn 0.828505 0.551304 -0.098201
vn 0.925033 0.373913 0.067102
vn 0.789758 -0.425577 -0.441776
vn 0.885926 -0.338210 -0.317409
vn 0.756863 -0.229989 -0.611770
vn 0.673017 -0.296908 -0.677417
vn -0.291085 -0.237488 -0.926752
vn -0.300720 -0.303720 -0.904059
vn 0.001200 -0.317697 -0.948192
vn 0.000800 -0.233607 -0.972331
vn -0.657827 0.294212 0.693328
vn -0.513396 0.033600 0.857494
vn -0.741017 0.022301 0.671116
vn -0.796933 0.315513 0.515121
vn -0.249899 -0.455398 -0.854496
vn -0.281002 -0.435503 -0.855205
vn 0.011100 -0.475912 -0.879423
vn 0.044601 -0.485813 -0.872924
vn 0.245889 0.025799 -0.968955
vn 0.157402 0.207402 -0.965510
vn 0.444984 0.074097 -0.892468
vn 0.508186 -0.121197 -0.852677
vn 0.829417 -0.198404 -0.522211
vn 0.813222 -0.188105 -0.550715
vn 0.634227 -0.119005 -0.763933
vn 0.656267 -0.120394 -0.744862
vn 0.756302 -0.341201 -0.558202
vn 0.598181 -0.405187 -0.691378
vn 0.549601 -0.403901 -0.731302
vn 0.731297 -0.379699 -0.566598
vn -0.947111 0.001200 0.320904
vn -0.859616 -0.210404 0.465609
vn -0.767602 -0.028300 0.640302
vn -0.862087 0.179797 0.473793
vn -0.490205 -0.202702 -0.847709
vn -0.566523 -0.072703 -0.820833
vn -0.291595 -0.140397 -0.946182
vn -0.208693 -0.283891 -0.935870
vn -0.744184 -0.088498 -0.662086
vn -0.790076 0.005800 -0.612981
vn -0.566523 -0.072703 -0.820833
vn -0.490205 -0.202702 -0.847709
vn -0.054601 0.734408 -0.676508
vn 0.203212 0.724044 -0.659140
vn 0.286707 0.658617 -0.695718
vn 0.008100 0.681900 -0.731400
vn -0.360302 0.676103 -0.642703
vn -0.493904 0.663906 -0.561505
vn -0.178399 0.742896 -0.645197
vn -0.054601 0.734408 -0.676508
vn 0.876355 -0.433578 -0.209789
vn 0.938123 -0.323108 -0.124603
vn 0.830757 -0.335882 -0.443877
vn 0.761600 -0.436600 -0.478900
vn -0.178399 0.742896 -0.645197
vn -0.339581 0.738759 -0.582168
vn -0.021699 0.781952 -0.622961
vn 0.107896 0.738671 -0.665374
vn 0.363400 -0.061500 0.929601
vn 0.098502 0.149003 0.983919
vn 0.076000 0.025000 0.996794
vn 0.401299 -0.072200 0.913097
vn -0.493904 0.663906 -0.561505
vn -0.620500 0.620300 -0.479800
vn -0.339581 0.738759 -0.582168
vn -0.178399 0.742896 -0.645197
vn -0.590393 0.526794 -0.611493
vn -0.358495 0.598792 -0.716191
vn -0.372697 0.318197 -0.871692
vn -0.591585 0.287393 -0.753281
vn -0.590018 -0.552317 -0.588918
vn -0.374914 -0.457816 -0.806129
vn -0.611207 -0.513706 -0.602107
vn -0.774721 -0.596516 -0.209706
vn -0.803247 -0.029102 -0.594935
vn -0.600382 0.061098 -0.797376
vn -0.550588 -0.063199 -0.832382
vn -0.752193 -0.153999 -0.640694
vn -0.158200 0.498899 -0.852099
vn 0.142097 0.438190 -0.887580
vn 0.211208 0.622323 -0.753728
vn -0.086903 0.713424 -0.695323
vn -0.219811 0.019501 -0.975348
vn 0.074300 0.016700 -0.997096
vn 0.083501 0.092401 -0.992215
vn -0.215004 0.102502 -0.971219
vn -0.986593 0.163199 0.001100
vn -0.989148 -0.142493 0.035798
vn -0.917798 -0.196700 -0.344899
vn -0.953927 -0.014100 -0.299708
vn 0.179991 0.005500 -0.983653
vn 0.073204 0.076904 -0.994348
vn 0.383585 -0.078497 -0.920164
vn 0.482311 -0.099602 -0.870319
vn -0.212386 -0.859744 0.464470
vn -0.360886 -0.736771 0.571778
vn -0.170102 -0.946711 0.273503
vn -0.083902 -0.979319 0.184104
vn -0.860478 -0.385090 0.333591
vn -0.926474 -0.365390 -0.090198
vn -0.833709 -0.201302 -0.514205
vn -0.963490 -0.266497 0.025800
vn 0.320101 0.146401 -0.936003
vn 0.319596 0.086599 -0.943588
vn 0.587913 0.137703 -0.797117
vn 0.574083 0.232893 -0.784977
vn -0.814089 0.392095 -0.428394
vn -0.802467 0.520879 -0.291088
vn -0.583223 0.690028 -0.428617
vn -0.590393 0.526794 -0.611493
vn 0.890462 0.420482 -0.173992
vn 0.985973 0.148596 -0.075998
vn 0.985838 0.167506 -0.008100
vn 0.888242 0.426520 -0.170608
vn -0.643598 -0.241399 -0.726298
vn -0.417909 -0.177804 -0.890920
vn -0.373888 -0.083897 -0.923671
vn -0.612697 -0.126699 -0.780096
vn -0.234408 0.885529 -0.401113
vn -0.222510 0.844339 -0.487423
vn -0.499010 0.772915 -0.391908
vn -0.493678 0.838763 -0.229690
vn -0.226801 0.275701 -0.934104
vn -0.503711 0.234205 -0.831519
vn -0.492610 0.314806 -0.811316
vn -0.213411 0.348617 -0.912646
vn -0.432787 0.314991 0.844675
vn -0.263003 0.116701 0.957711
vn -0.513396 0.033600 0.857494
vn -0.657827 0.294212 0.693328
vn 0.763864 -0.199491 -0.613771
vn 0.620587 -0.358893 -0.697186
vn 0.598181 -0.405187 -0.691378
vn 0.756302 -0.341201 -0.558202
vn -0.453007 -0.116102 -0.883914
vn -0.378517 -0.326915 -0.865940
vn -0.617923 -0.354813 -0.701626
vn -0.688067 -0.138193 -0.712366
vn 0.700666 -0.268187 0.661168
vn 0.554064 -0.404574 0.727553
vn 0.738569 0.011999 0.674071
vn 0.814111 0.145802 0.562108
vn -0.769759 0.600468 -0.216588
vn -0.715293 0.644894 -0.269197
vn -0.739686 0.638788 -0.211696
vn -0.797269 0.585677 -0.146094
vn 0.479419 0.856234 -0.192408
vn 0.662476 0.725574 -0.186193
vn 0.801511 0.593208 -0.075401
vn 0.646724 0.755628 -0.103804
vn 0.645833 -0.464224 -0.606131
vn 0.405790 -0.475588 -0.780481
vn 0.462792 -0.267996 -0.844986
vn 0.699680 -0.242393 -0.672081
vn -0.499497 0.696695 0.514897
vn -0.471902 0.778403 0.414002
vn -0.684080 0.647881 0.335090
vn -0.664118 0.574016 0.479013
vn -0.443122 -0.301215 -0.844342
vn -0.394297 -0.541096 -0.742795
vn -0.639100 -0.487000 -0.595300
vn -0.680983 -0.252794 -0.687283
vn 0.377907 -0.180303 0.908117
vn 0.470424 -0.180209 0.863844
vn 0.687200 -0.058600 0.724101
vn 0.609971 -0.169592 0.774063
vn -0.992705 -0.073600 0.095500
vn -0.984541 -0.172407 0.030901
vn -0.924342 -0.116905 0.363216
vn -0.907623 -0.032701 0.418511
vn -0.462501 0.030300 -0.886101
vn -0.202094 0.034099 -0.978772
vn -0.182298 -0.093499 -0.978788
vn -0.455829 -0.089506 -0.885556
vn -0.878838 -0.368574 0.302979
vn -0.956672 -0.287592 0.045499
vn -0.949835 -0.025501 0.311711
vn -0.880220 -0.194204 0.433010
vn 0.745014 0.628312 0.224004
vn 0.532009 0.846214 0.029801
vn 0.684301 0.704601 0.187800
vn 0.830099 0.400199 0.388299
vn 0.532009 0.846214 0.029801
vn 0.286405 0.947617 -0.141403
vn 0.449299 0.892997 -0.026200
vn 0.684301 0.704601 0.187800
vn 0.859722 0.433311 -0.270407
vn 0.959347 0.266885 -0.091795
vn 0.950371 0.220693 -0.219293
vn 0.842815 0.318005 -0.434207
vn -0.253801 -0.477102 -0.841403
vn -0.253898 -0.539796 -0.802594
vn -0.517617 -0.530218 -0.671522
vn -0.523900 -0.444500 -0.726600
vn -0.717183 0.298993 -0.629485
vn -0.710712 0.471808 -0.521809
vn -0.473906 0.572107 -0.669408
vn -0.478800 0.381500 -0.790701
vn 0.753645 0.050503 0.655339
vn 0.790708 -0.026800 0.611606
vn 0.807591 0.059899 0.586693
vn 0.690872 0.267489 0.671673
vn -0.710712 0.471808 -0.521809
vn -0.707604 0.525303 -0.472603
vn -0.471704 0.630605 -0.616305
vn -0.473906 0.572107 -0.669408
vn -0.863318 -0.310406 -0.397908
vn -0.861872 -0.248292 -0.442186
vn -0.678158 -0.220186 -0.701156
vn -0.678015 -0.316507 -0.663415
vn -0.109595 0.095696 -0.989359
vn -0.174594 0.204993 -0.963065
vn 0.073204 0.076904 -0.994348
vn 0.179991 0.005500 -0.983653
vn -0.266813 -0.546326 0.793938
vn -0.607121 0.176206 0.774826
vn -0.416185 0.360487 0.834769
vn -0.278398 -0.271498 0.921294
vn -0.087497 0.151594 0.984563
vn 0.203205 0.052601 0.977722
vn 0.163805 0.226107 0.960231
vn -0.076099 0.192296 0.978382
vn 0.020100 0.020400 0.999590
vn 0.236107 -0.191206 0.952730
vn 0.203205 0.052601 0.977722
vn -0.087497 0.151594 0.984563
vn -0.435973 0.787751 -0.435173
vn -0.440987 0.723078 -0.531684
vn -0.669183 0.589985 -0.451788
vn -0.674283 0.642083 -0.364791
vn 0.810370 0.127495 -0.571879
vn 0.587882 0.139796 -0.796776
vn 0.611590 0.237496 -0.754688
vn 0.826975 0.198894 -0.525884
vn -0.600192 0.345495 -0.721390
vn -0.359218 0.405320 -0.840642
vn -0.357901 0.248801 -0.900003
vn -0.599532 0.209511 -0.772442
vn 0.742386 -0.474891 -0.472591
vn 0.575099 -0.450000 -0.683199
vn 0.583923 -0.269611 -0.765731
vn 0.768274 -0.287590 -0.571881
vn -0.060100 0.524801 -0.849101
vn -0.066300 0.648997 -0.757897
vn 0.222500 0.604500 -0.764901
vn 0.231598 0.464796 -0.854592
vn 0.481112 -0.395810 -0.782219
vn 0.192701 -0.425703 -0.884106
vn 0.251707 -0.268107 -0.929926
vn 0.529890 -0.241396 -0.812985
vn -0.073097 0.076897 -0.994356
vn 0.174708 0.205009 -0.963041
vn 0.109704 0.095804 -0.989337
vn -0.179895 0.005500 -0.983671
vn 0.271702 0.117301 -0.955206
vn 0.304700 0.209600 -0.929100
vn 0.012900 0.130102 -0.991417
vn -0.020400 0.039800 -0.998999
vn -0.933198 0.070400 0.352399
vn -0.978932 0.163205 0.122704
vn -0.984732 0.039201 0.169606
vn -0.895892 -0.057799 0.440496
vn -0.878489 0.442395 -0.180398
vn -0.888212 0.426506 -0.170802
vn -0.741827 0.603722 -0.291911
vn -0.739125 0.571919 -0.355812
vn 0.934403 0.343701 0.093600
vn 0.939312 0.146302 0.310304
vn 0.965801 0.119700 0.230000
vn 0.942034 0.335512 -0.001900
vn -0.367108 0.913720 0.174204
vn -0.410299 0.891597 0.191599
vn -0.271113 0.960247 -0.066503
vn -0.220097 0.972985 -0.069699
vn -0.621976 0.736871 -0.264890
vn -0.647300 0.727400 -0.227800
vn -0.433687 0.806575 -0.401688
vn -0.406104 0.805908 -0.430804
vn 0.926474 -0.365390 -0.090198
vn 0.860423 -0.385110 0.333709
vn 0.963488 -0.266497 0.025900
vn 0.833799 -0.201200 -0.514099
vn -0.622400 -0.237800 -0.745700
vn -0.419198 0.055500 -0.906197
vn -0.642742 0.051503 -0.764350
vn -0.735177 -0.344889 -0.583581
vn 0.348510 0.102103 -0.931727
vn 0.357988 0.248792 -0.899971
vn 0.599596 0.209499 -0.772395
vn 0.591103 0.083100 -0.802304
vn -0.696814 0.658413 -0.284506
vn -0.724069 0.557876 -0.405583
vn -0.874500 0.411900 -0.256100
vn -0.864357 0.470477 -0.177591
vn -0.297006 -0.335707 -0.893918
vn -0.244405 -0.408308 -0.879517
vn -0.526569 -0.347080 -0.776055
vn -0.579386 -0.272694 -0.768082
vn -0.174107 -0.071303 -0.982142
vn -0.195103 0.069501 -0.978317
vn 0.092097 0.152696 -0.983973
vn 0.122901 -0.005300 -0.992405
vn 0.628221 0.159905 -0.761425
vn 0.597400 0.084300 -0.797500
vn 0.355088 0.108896 -0.928469
vn 0.379401 0.214600 -0.900001
vn 0.808107 0.528005 -0.261102
vn 0.588608 0.669909 -0.452506
vn 0.658816 0.633915 -0.405110
vn 0.851171 0.497983 -0.165894
vn 0.856157 0.511274 -0.074796
vn 0.938615 0.306605 0.158102
vn 0.934403 0.343701 0.093600
vn 0.841684 0.522590 -0.135897
vn 0.743801 0.000400 0.668401
vn 0.830075 0.233993 0.506185
vn 0.875838 -0.013301 0.482421
vn 0.789795 -0.179899 0.586396
vn 0.937996 0.326698 0.115899
vn 0.868902 0.451801 -0.202200
vn 0.891844 0.408720 -0.193810
vn 0.930187 0.332195 0.156198
vn -0.688380 0.537385 0.487186
vn -0.830117 0.234005 0.506110
vn -0.785776 0.584182 0.203194
vn -0.547590 0.804086 0.231496
vn 0.501199 0.850599 -0.159000
vn 0.256793 0.919476 -0.297692
vn 0.215308 0.923933 -0.316211
vn 0.461091 0.862583 -0.208196
vn -0.659639 -0.567534 -0.492729
vn -0.681103 -0.437102 -0.587402
vn -0.450477 -0.487775 -0.747761
vn -0.439098 -0.596897 -0.671497
vn 0.791378 -0.409189 -0.454187
vn 0.801010 -0.365004 -0.474506
vn 0.927677 -0.312992 -0.203595
vn 0.915245 -0.349517 -0.200410
vn -0.214400 0.883399 -0.416700
vn -0.088903 0.958434 -0.271110
vn 0.019000 0.952484 -0.303995
vn -0.097596 0.879766 -0.465282
vn -0.819750 0.443627 0.362222
vn -0.737176 0.590480 0.328489
vn -0.666629 0.736433 0.115205
vn -0.737999 0.640999 0.210900
vn -0.978622 0.166304 0.121003
vn -0.949802 -0.071800 0.304501
vn -0.971460 -0.156794 0.177993
vn -0.990915 0.130502 0.032500
vn -0.991568 0.061998 0.113796
vn -0.989997 0.035300 0.136600
vn -0.953930 -0.232607 0.189506
vn -0.967584 -0.206497 0.145398
vn -0.701303 -0.258601 -0.664303
vn -0.732773 -0.050798 -0.678575
vn -0.496919 -0.084903 -0.863633
vn -0.463209 -0.314906 -0.828415
vn -0.652865 0.730761 0.199389
vn -0.681003 0.616803 0.394702
vn -0.640459 0.763752 0.080595
vn -0.581263 0.803949 -0.125692
vn -0.652521 0.078203 -0.753724
vn -0.431604 0.083301 -0.898209
vn -0.374411 -0.120303 -0.919426
vn -0.619202 -0.109900 -0.777503
vn -0.675606 0.713907 -0.184102
vn -0.663275 0.712673 -0.228391
vn -0.845428 0.524317 -0.101703
vn -0.852469 0.521081 -0.042098
vn 0.090499 0.052900 -0.994491
vn 0.080397 0.054598 -0.995267
vn 0.343595 0.128498 -0.930285
vn 0.349183 0.146993 -0.925454
vn -0.198395 -0.251993 -0.947174
vn 0.125202 -0.195304 -0.972718
vn 0.079201 -0.231902 -0.969509
vn -0.224902 -0.183702 -0.956908
vn 0.960949 -0.275285 -0.028199
vn 0.989143 -0.142506 0.035902
vn 0.917798 -0.196700 -0.344899
vn 0.891516 -0.271105 -0.362907
vn -0.776317 -0.455510 -0.435710
vn -0.684060 -0.573467 -0.450774
vn -0.481309 -0.572910 -0.663412
vn -0.599330 -0.415321 -0.684334
vn -0.886500 0.280000 0.368400
vn -0.898209 0.213202 0.384404
vn -0.897730 0.292410 0.329511
vn -0.881462 0.351685 0.315186
vn 0.063301 0.059501 -0.996219
vn 0.034101 0.073103 -0.996741
vn 0.314604 0.076801 -0.946111
vn 0.331680 0.103094 -0.937742
vn 0.974193 0.018000 -0.224998
vn 0.950284 -0.106798 -0.292495
vn 0.847832 -0.052902 -0.527620
vn 0.880986 0.093598 -0.463793
vn 0.264698 0.782493 -0.563595
vn 0.268809 0.677722 -0.684423
vn -0.012700 0.698701 -0.715301
vn -0.015400 0.812107 -0.583305
vn 0.579667 -0.394377 -0.713059
vn 0.353092 -0.345192 -0.869580
vn 0.418801 -0.120100 -0.900101
vn 0.644713 -0.171603 -0.744915
vn -0.021600 -0.193897 -0.980784
vn 0.242291 -0.175693 -0.954163
vn 0.253292 -0.190894 -0.948369
vn 0.007100 -0.158505 -0.987333
vn 0.069597 0.111195 -0.991359
vn -0.000100 0.232499 -0.972597
vn 0.312701 0.140500 -0.939403
vn 0.394110 -0.008700 -0.919022
vn -0.469704 -0.200702 -0.859707
vn -0.685225 -0.260310 -0.680225
vn -0.712987 -0.123098 -0.690287
vn -0.487992 -0.062799 -0.870586
vn 0.878872 -0.094097 0.467685
vn 0.880158 -0.097895 0.464478
vn 0.881399 -0.058800 0.468699
vn 0.881534 -0.059802 0.468318
vn 0.161299 0.862092 -0.480396
vn 0.222911 0.842842 -0.489824
vn -0.047899 0.870075 -0.490586
vn -0.108003 0.884323 -0.454212
vn -0.865587 -0.488393 -0.110598
vn -0.869991 -0.456395 -0.186598
vn -0.742306 -0.474904 -0.472704
vn -0.785005 -0.488003 -0.381602
vn 0.825575 0.350189 -0.442486
vn 0.827316 0.397008 -0.397408
vn 0.823093 0.332497 -0.460396
vn 0.820934 0.307713 -0.481020
vn -0.805168 -0.387685 -0.448782
vn -0.791340 -0.409221 -0.454223
vn -0.598607 -0.435205 -0.672508
vn -0.624390 -0.389993 -0.676789
vn 0.784380 0.070298 -0.616284
vn 0.830114 0.145002 -0.538409
vn 0.737853 -0.016599 -0.674757
vn 0.677509 -0.121502 -0.725410
vn -0.138806 0.549423 -0.823934
vn -0.421508 0.535109 -0.732113
vn -0.373894 0.649390 -0.662190
vn -0.086897 0.662080 -0.744378
vn -0.411210 0.182805 -0.893022
vn -0.612038 0.155210 -0.775448
vn -0.602870 -0.032898 -0.797161
vn -0.377295 0.003100 -0.926088
vn 0.971497 0.233099 -0.043100
vn 0.871367 0.461483 -0.166594
vn 0.863219 0.484211 -0.142803
vn 0.959223 0.282607 -0.004900
vn -0.729096 0.440398 0.523897
vn -0.674691 0.513093 0.530593
vn -0.772188 0.387194 0.503792
vn -0.782736 0.368917 0.501223
vn -0.530610 0.818216 -0.221304
vn -0.533612 0.793018 -0.293907
vn -0.748386 0.637288 -0.183797
vn -0.743708 0.660207 -0.105001
vn 0.598590 0.073399 0.797686
vn 0.532716 -0.031001 0.845726
vn 0.564011 0.052201 0.824116
vn 0.584489 0.155897 0.796284
vn 0.339284 0.832660 -0.437679
vn 0.583892 0.728291 -0.358695
vn 0.583314 0.690017 -0.428510
vn 0.342895 0.785689 -0.514893
vn -0.829385 -0.394093 -0.395993
vn -0.866969 -0.180094 -0.464684
vn -0.680983 -0.252794 -0.687283
vn -0.639100 -0.487000 -0.595300
vn -0.880824 0.467513 0.074702
vn -0.862110 0.486006 -0.143402
vn -0.674079 0.714178 -0.188594
vn -0.753289 0.648290 -0.110798
vn -0.064597 0.784961 0.616169
vn -0.118401 0.765206 0.632805
vn -0.100105 0.768038 0.632532
vn -0.022801 0.788948 0.614037
vn -0.585034 0.616335 0.527130
vn -0.663895 0.404797 0.628795
vn -0.705909 0.639508 0.304504
vn -0.530912 0.812818 0.239705
vn -0.862110 0.486006 -0.143402
vn -0.722302 0.605301 -0.334501
vn -0.530720 0.777229 -0.338012
vn -0.674079 0.714178 -0.188594
vn -0.991923 0.124003 -0.026701
vn -0.997610 0.058801 -0.036300
vn -0.942915 0.079501 -0.323405
vn -0.940157 0.140594 -0.310386
vn -0.976125 -0.167404 0.138404
vn -0.877165 -0.444282 0.182193
vn -0.891066 -0.384985 0.240391
vn -0.978996 -0.125599 0.160599
vn -0.532009 0.846214 0.029801
vn -0.498899 0.858699 -0.117200
vn -0.723936 0.689635 0.017901
vn -0.745001 0.628401 0.223800
vn 0.167006 0.912631 -0.373113
vn 0.406888 0.811876 -0.418688
vn 0.547098 0.758297 -0.354499
vn 0.333310 0.877227 -0.345511
vn -0.891827 0.408712 -0.193906
vn -0.868902 0.451801 -0.202200
vn -0.938017 0.326706 0.115702
vn -0.930202 0.332201 0.156100
vn 0.899952 -0.024899 -0.435277
vn 0.724807 -0.044600 -0.687507
vn 0.742909 0.132702 -0.656108
vn 0.927906 0.120501 -0.352802
vn -0.687253 -0.058596 0.724051
vn -0.470784 -0.180094 0.863671
vn -0.377993 -0.180297 0.908083
vn -0.610091 -0.169498 0.773989
vn 0.349187 0.585177 -0.731872
vn 0.128801 0.380403 -0.915808
vn 0.419281 0.055497 -0.906159
vn 0.642800 0.051500 -0.764301
vn 0.573895 -0.251998 -0.779193
vn 0.503089 0.271494 -0.820483
vn 0.479989 -0.242194 -0.843180
vn 0.488688 -0.599585 -0.633784
vn -0.808294 -0.285198 -0.515096
vn -0.643598 -0.241399 -0.726298
vn -0.612697 -0.126699 -0.780096
vn -0.796523 -0.159405 -0.583217
vn -0.405212 -0.566917 -0.717222
vn -0.510588 -0.460389 -0.726183
vn -0.259193 -0.419889 -0.869777
vn -0.158999 -0.494698 -0.854396
vn -0.464781 -0.082597 -0.881565
vn -0.443122 -0.301215 -0.844342
vn -0.680983 -0.252794 -0.687283
vn -0.692487 -0.038799 -0.720386
vn -0.000900 -0.340900 -0.940099
vn -0.304597 -0.227998 -0.924791
vn -0.304911 -0.219108 -0.926834
vn -0.043201 -0.304509 -0.951529
vn 0.592494 0.294297 -0.749893
vn 0.735799 0.447699 -0.508099
vn 0.813238 0.265912 -0.517624
vn 0.665378 0.156695 -0.729876
vn -0.427713 -0.180905 -0.885627
vn -0.169799 -0.019000 -0.985296
vn -0.111104 -0.179107 -0.977536
vn -0.342585 -0.358584 -0.868362
vn -0.542489 -0.339093 -0.768584
vn -0.687021 -0.197006 -0.699422
vn -0.814812 -0.321505 -0.482407
vn -0.716187 -0.397293 -0.573790
vn 0.674691 0.513093 0.530593
vn 0.544300 0.620000 0.565100
vn 0.628603 0.582602 0.515202
vn 0.729096 0.440398 0.523897
vn -0.583223 0.690028 -0.428617
vn -0.583872 0.728265 -0.358783
vn -0.339284 0.832660 -0.437679
vn -0.342807 0.785716 -0.514911
vn 0.534212 -0.188704 -0.824019
vn 0.280102 -0.196201 -0.939706
vn 0.230503 -0.401205 -0.886512
vn 0.490724 -0.422120 -0.762237
vn -0.684301 0.704601 0.187800
vn -0.532009 0.846214 0.029801
vn -0.745001 0.628401 0.223800
vn -0.830099 0.400199 0.388299
vn -0.128998 0.247796 0.960186
vn 0.114605 0.303413 0.945942
vn 0.149698 0.464393 0.872886
vn -0.006900 0.316790 0.948471
vn -0.831084 0.135497 -0.539389
vn -0.945460 0.045198 -0.322586
vn -0.904921 -0.191004 -0.380309
vn -0.763436 -0.143107 -0.629830
vn 0.705909 0.639508 0.304504
vn 0.663824 0.404715 0.628923
vn 0.585003 0.616303 0.527202
vn 0.530912 0.812818 0.239705
vn -0.727480 -0.186195 -0.660382
vn -0.543197 -0.152199 -0.825695
vn -0.533483 -0.015300 -0.845673
vn -0.728093 -0.063899 -0.682494
vn -0.533483 -0.015300 -0.845673
vn -0.543197 -0.152199 -0.825695
vn -0.240599 -0.081500 -0.967197
vn -0.251507 0.046701 -0.966728
vn -0.814266 0.109995 -0.569976
vn -0.618738 0.145809 -0.771948
vn -0.612225 0.103104 -0.783932
vn -0.810288 0.066099 -0.582292
vn -0.768211 -0.287504 -0.572008
vn -0.914131 -0.280510 -0.292710
vn -0.938632 -0.061402 -0.339411
vn -0.780459 -0.057397 -0.622567
vn -0.867798 0.415799 -0.272099
vn -0.701284 0.474989 -0.531588
vn -0.900311 0.418805 -0.118501
vn -0.966472 0.252693 0.045599
vn 0.614809 0.220203 0.757311
vn 0.660817 0.138704 0.737619
vn 0.756407 0.337003 0.560605
vn 0.709687 0.412693 0.570990
vn -0.701284 0.474989 -0.531588
vn -0.427881 0.734168 -0.527177
vn -0.693498 0.696698 -0.183500
vn -0.900311 0.418805 -0.118501
vn 0.008800 -0.315285 -0.948956
vn 0.025800 -0.275699 -0.960898
vn -0.292998 -0.253499 -0.921895
vn -0.319096 -0.315996 -0.893490
vn -0.427881 0.734168 -0.527177
vn -0.160204 0.914422 -0.371709
vn -0.429817 0.890636 -0.148406
vn -0.693498 0.696698 -0.183500
vn 0.349187 0.585177 -0.731872
vn 0.642800 0.051500 -0.764301
vn 0.800490 -0.096099 -0.591592
vn 0.612305 0.363303 -0.702206
vn 0.483784 0.005300 0.875171
vn 0.228389 0.169192 0.958756
vn 0.234106 0.091202 0.967924
vn 0.484890 -0.058999 0.872583
vn -0.238594 0.961775 -0.134396
vn -0.152895 0.981470 -0.115496
vn -0.425001 0.904802 0.026600
vn -0.491397 0.869494 0.050100
vn -0.845809 0.529906 0.061701
vn -0.854663 0.516978 0.047798
vn -0.849700 0.524100 0.057700
vn -0.854669 0.518481 0.026799
vn -0.909892 0.399996 -0.109999
vn -0.921937 0.364115 -0.132105
vn -0.992402 0.121300 -0.020600
vn -0.991170 0.128296 0.033499
vn -0.947454 -0.153993 -0.280387
vn -0.983793 -0.178199 0.019900
vn -0.992597 0.015200 0.120500
vn -0.977476 0.065598 -0.200595
vn 0.374497 -0.120299 -0.919391
vn 0.619312 -0.109902 -0.777415
vn 0.564934 -0.347821 -0.748245
vn 0.303893 -0.354791 -0.884179
vn -0.777914 0.042801 0.626911
vn -0.877932 0.201507 0.434316
vn -0.894894 0.093399 0.436397
vn -0.814245 -0.196011 0.546430
vn -0.010000 -0.049701 -0.998714
vn 0.044599 -0.270496 -0.961687
vn -0.251707 -0.268107 -0.929926
vn -0.292591 -0.054698 -0.954672
vn -0.566523 -0.072703 -0.820833
vn -0.606128 0.007000 -0.795336
vn -0.354603 -0.036400 -0.934308
vn -0.291595 -0.140397 -0.946182
vn 0.039498 0.222887 -0.974044
vn -0.259802 0.179101 -0.948908
vn -0.214205 0.227105 -0.950021
vn 0.087303 0.273408 -0.957928
vn -0.959814 -0.190903 -0.205703
vn -0.813458 0.063297 -0.578170
vn -0.861928 0.166205 -0.479016
vn -0.981112 0.082001 -0.175202
vn -0.750685 -0.309294 -0.583789
vn -0.850435 -0.415317 -0.322913
vn -0.746305 -0.541604 -0.386903
vn -0.594698 -0.487999 -0.638898
vn 0.947944 0.016401 0.318015
vn 0.925347 0.169509 0.339117
vn 0.990855 0.128394 0.041498
vn 0.996992 0.000800 -0.077499
vn 0.129500 0.895502 -0.425801
vn 0.371912 0.884330 -0.282209
vn 0.274099 0.852396 -0.445298
vn 0.057801 0.833220 -0.549913
vn 0.886663 0.339286 -0.314187
vn 0.899532 0.255409 -0.354413
vn 0.898909 0.434104 -0.059301
vn 0.867324 0.497714 -0.005400
vn -0.849494 -0.027200 0.526896
vn -0.844783 -0.036099 0.533890
vn -0.745290 -0.228697 0.626291
vn -0.733031 -0.251411 0.632027
vn -0.849494 -0.027200 0.526896
vn -0.904591 0.250798 0.344697
vn -0.897989 0.262697 0.352996
vn -0.844783 -0.036099 0.533890
vn -0.823598 -0.460499 0.331099
vn -0.871012 -0.406806 0.275404
vn -0.933043 -0.359378 0.016699
vn -0.868698 -0.492699 0.051100
vn -0.602328 0.740934 -0.297014
vn -0.643323 0.711326 -0.283110
vn -0.828497 0.551298 -0.098300
vn -0.779894 0.619595 -0.088699
vn -0.835904 0.413102 -0.361402
vn -0.965460 0.171793 -0.195892
vn -0.957776 0.217194 -0.188395
vn -0.842102 0.459101 -0.283001
vn -0.893926 0.112703 -0.433813
vn -0.737478 0.161895 -0.655680
vn -0.715316 0.131503 -0.686316
vn -0.877896 0.090100 -0.470298
vn -0.752689 0.179297 0.633491
vn -0.799180 0.431289 0.418690
vn -0.830680 0.265094 0.489588
vn -0.750384 0.012400 0.660886
vn -0.167503 -0.041001 -0.985019
vn -0.170299 -0.062700 -0.983396
vn 0.128206 -0.061403 -0.989845
vn 0.128503 -0.039501 -0.990922
vn -0.671374 0.675274 -0.305388
vn -0.674283 0.642083 -0.364791
vn -0.857093 0.442496 -0.263798
vn -0.853213 0.481607 -0.200203
vn -0.094500 0.426798 -0.899396
vn 0.211092 0.327788 -0.920866
vn 0.295915 0.493526 -0.817843
vn 0.015001 0.655629 -0.754934
vn -0.996481 0.043899 0.071399
vn -0.976073 0.128796 0.175195
vn -0.935625 0.351709 -0.030101
vn -0.950922 0.291107 -0.104902
vn 0.826704 -0.137401 -0.545602
vn 0.771823 -0.487914 -0.407712
vn 0.656234 -0.265414 -0.706337
vn 0.665527 0.240310 -0.706629
vn -0.192701 -0.425703 -0.884106
vn -0.193406 -0.486814 -0.851825
vn -0.461714 -0.473114 -0.750322
vn -0.480997 -0.395798 -0.782295
vn -0.987776 -0.007500 0.155696
vn -0.985519 0.086902 0.145603
vn -0.942904 -0.135401 0.304301
vn -0.936888 -0.192298 0.291996
vn -0.843089 -0.120098 -0.524193
vn -0.947454 -0.153993 -0.280387
vn -0.977476 0.065598 -0.200595
vn -0.883125 0.102903 -0.457713
vn -0.968622 -0.170004 0.181304
vn -0.946240 -0.286212 0.150706
vn -0.938112 -0.323104 -0.124702
vn -0.988634 -0.143005 -0.046402
vn 0.025199 0.972272 -0.232493
vn 0.100498 0.942886 -0.317595
vn 0.178508 0.937340 -0.299213
vn 0.088903 0.958434 -0.271110
vn -0.491077 0.711167 0.503076
vn -0.332096 0.890990 0.309596
vn -0.119999 0.903294 0.411897
vn -0.291309 0.764523 0.575017
vn -0.950310 0.288603 0.116701
vn -0.969525 0.232806 0.076302
vn -0.892395 0.444197 -0.079500
vn -0.885288 0.463594 -0.036699
vn 0.228892 0.275790 0.933567
vn -0.247903 0.298004 0.921812
vn -0.071302 0.306709 0.949129
vn 0.220403 0.425906 0.877512
vn -0.328791 -0.438789 -0.836278
vn -0.408699 -0.390099 -0.825099
vn -0.594698 -0.487999 -0.638898
vn -0.553580 -0.497082 -0.668176
vn -0.662679 0.582182 -0.471085
vn -0.835904 0.413102 -0.361402
vn -0.842102 0.459101 -0.283001
vn -0.658695 0.664995 -0.351997
vn -0.408699 -0.390099 -0.825099
vn -0.586298 -0.153099 -0.795497
vn -0.750685 -0.309294 -0.583789
vn -0.594698 -0.487999 -0.638898
vn -0.128002 0.080301 -0.988518
vn -0.160597 -0.145197 -0.976282
vn 0.124197 -0.199595 -0.971976
vn 0.166592 0.036498 -0.985350
vn -0.724037 0.628032 -0.285214
vn -0.740697 0.592298 -0.317099
vn -0.895216 0.402907 -0.190403
vn -0.888979 0.432790 -0.149696
vn -0.062100 -0.182701 -0.981205
vn -0.040200 -0.344596 -0.937890
vn 0.240414 -0.312318 -0.919053
vn 0.227904 -0.144402 -0.962916
vn 0.960098 0.257800 -0.108400
vn 0.990232 -0.072002 0.119404
vn 0.985904 0.167301 -0.002000
vn 0.845383 0.473990 -0.246295
vn -0.806372 0.127596 -0.577480
vn -0.921602 0.041600 -0.385901
vn -0.948277 -0.110497 -0.297593
vn -0.829087 -0.046399 -0.557191
vn -0.561513 -0.264906 0.783918
vn -0.671304 -0.258602 0.694605
vn -0.859092 -0.210798 0.466396
vn -0.763888 -0.204797 0.611991
vn 0.925912 0.180902 0.331604
vn 0.805448 -0.061804 0.589435
vn 0.520111 -0.017600 0.853918
vn 0.812699 0.219400 0.539800
vn -0.679827 -0.367714 -0.634525
vn -0.844875 -0.357590 -0.397888
vn -0.900581 -0.218995 -0.375492
vn -0.751100 -0.226000 -0.620300
vn -0.737808 -0.016600 -0.674807
vn -0.830070 0.144995 -0.538480
vn -0.784293 0.070299 -0.616395
vn -0.677517 -0.121403 -0.725418
vn -0.454114 -0.346211 -0.820925
vn -0.527896 -0.304898 -0.792694
vn -0.690078 -0.385088 -0.612780
vn -0.679827 -0.367714 -0.634525
vn 0.585775 0.720169 -0.371784
vn 0.798903 0.545102 -0.254201
vn 0.803680 0.492288 -0.334292
vn 0.587490 0.653489 -0.477292
vn 0.859026 -0.210806 0.466514
vn 0.671304 -0.258602 0.694605
vn 0.561401 -0.264900 0.784001
vn 0.763888 -0.204797 0.611991
vn -0.000900 -0.340900 -0.940099
vn 0.085703 -0.182107 -0.979537
vn -0.280596 -0.108398 -0.953685
vn -0.304597 -0.227998 -0.924791
vn -0.470400 -0.016500 -0.882299
vn -0.687400 -0.096800 -0.719800
vn -0.748111 0.075101 -0.659310
vn -0.543174 0.150293 -0.826060
vn 0.671304 -0.258602 0.694605
vn 0.806198 -0.182799 0.562698
vn 0.529613 -0.261206 0.807020
vn 0.385611 -0.272108 0.881625
vn 0.962615 0.205303 0.176703
vn 0.895622 0.053301 0.441611
vn 0.923890 0.087599 0.372496
vn 0.973191 0.195598 0.120999
vn -0.616366 -0.787457 0.002000
vn -0.695308 -0.718709 0.002100
vn -0.521397 -0.806795 -0.277898
vn -0.602320 -0.730424 -0.322011
vn 0.563205 0.821607 0.088101
vn 0.567413 0.819519 0.080202
vn 0.551727 0.824740 0.124106
vn 0.545101 0.826102 0.142900
vn 0.819720 0.443611 0.362309
vn 0.737176 0.590480 0.328489
vn 0.740175 0.372088 0.560081
vn 0.818694 0.167699 0.549196
vn -0.527896 -0.304898 -0.792694
vn -0.721378 0.027899 -0.691979
vn -0.865620 -0.238205 -0.440410
vn -0.690078 -0.385088 -0.612780
vn -0.899782 0.047999 0.433691
vn -0.725588 0.013900 0.687989
vn -0.826232 0.048702 0.561221
vn -0.955475 0.207395 0.209894
vn -0.931103 0.261101 0.254701
vn -0.897607 0.354703 0.261702
vn -0.893804 0.446102 0.045900
vn -0.957779 0.286594 0.022899
vn -0.993559 0.090796 0.067797
vn -0.948492 -0.293398 -0.119499
vn -0.928818 -0.252905 0.270805
vn -0.899782 0.047999 0.433691
vn -0.801981 0.421790 -0.422990
vn -0.780631 0.292311 -0.552422
vn -0.948124 0.198505 -0.248306
vn -0.954137 0.220209 -0.202808
vn -0.832006 -0.310102 -0.460003
vn -0.684599 -0.248100 -0.685399
vn -0.643598 -0.241399 -0.726298
vn -0.808294 -0.285198 -0.515096
vn 0.825893 -0.218198 0.519895
vn 0.678043 -0.480131 0.556536
vn 0.619102 -0.500202 0.605402
vn 0.792047 -0.210386 0.573062
vn 0.812798 0.574698 -0.095300
vn 0.903898 0.418599 0.088000
vn 0.809922 0.491614 0.319909
vn 0.718524 0.686523 0.111404
vn -0.378893 0.766285 -0.518890
vn -0.525500 0.477000 -0.704500
vn -0.665480 0.240293 -0.706679
vn -0.570098 0.626497 -0.531498
vn -0.928780 0.225295 0.294294
vn -0.869810 0.397405 0.292403
vn -0.768356 0.609844 0.194214
vn -0.841516 0.496210 0.213604
vn 0.151405 -0.119404 -0.981234
vn 0.371992 -0.323393 -0.870080
vn 0.422908 0.283705 -0.860616
vn 0.166206 0.086003 -0.982334
vn -0.167796 0.397390 -0.902178
vn -0.133901 0.514605 -0.846908
vn 0.144199 0.529296 -0.836094
vn 0.131203 0.435410 -0.890620
vn 0.845623 0.435312 0.308909
vn 0.678901 0.727901 0.096200
vn 0.797733 0.562223 0.218009
vn 0.888683 0.251195 0.383593
vn -0.596913 0.197104 -0.777717
vn -0.343506 0.128502 -0.930317
vn -0.349095 0.146998 -0.925486
vn -0.590695 0.233098 -0.772493
vn 0.955440 -0.095204 0.279412
vn 0.984715 0.039201 0.169703
vn 0.895892 -0.057799 0.440496
vn 0.806198 -0.182799 0.562698
vn -0.035300 0.106400 -0.993697
vn -0.314586 0.090996 -0.944857
vn -0.321385 0.192591 -0.927157
vn -0.042802 0.218309 -0.974941
vn 0.533800 0.173600 -0.827600
vn 0.271702 0.117301 -0.955206
vn 0.280102 -0.196201 -0.939706
vn 0.534212 -0.188704 -0.824019
vn 0.884177 0.148296 0.442989
vn 0.804008 -0.137901 0.578406
vn 0.786374 -0.229892 0.573381
vn 0.892989 0.012900 0.449894
vn -0.872307 -0.195202 -0.448304
vn -0.899894 -0.024900 -0.435397
vn -0.724710 -0.044601 -0.687609
vn -0.699629 -0.242410 -0.672128
vn 0.817787 0.516292 0.254296
vn 0.860468 0.310988 0.403585
vn 0.884177 0.148296 0.442989
vn 0.861423 0.412711 0.296008
vn -0.878819 0.458010 -0.133803
vn -0.886993 0.452197 -0.093599
vn -0.978265 0.207193 0.008300
vn -0.975204 0.220301 -0.021100
vn -0.600195 0.142299 -0.787094
vn -0.331591 0.103097 -0.937773
vn -0.343506 0.128502 -0.930317
vn -0.596913 0.197104 -0.777717
vn 0.533429 0.334618 -0.776842
vn 0.525104 0.169901 -0.833906
vn 0.269391 0.223792 -0.936667
vn 0.276197 0.403296 -0.872392
vn -0.886313 0.387406 0.253704
vn -0.962372 0.241693 0.124196
vn -0.947111 0.001200 0.320904
vn -0.862087 0.179797 0.473793
vn -0.440987 0.723078 -0.531684
vn -0.435710 0.615214 -0.657015
vn -0.647713 0.521310 -0.555611
vn -0.669183 0.589985 -0.451788
vn 0.876204 -0.472902 -0.092900
vn 0.787006 -0.458403 -0.412903
vn 0.948465 -0.293489 -0.119496
vn 0.928793 -0.252898 0.270898
vn -0.812743 0.219412 0.539729
vn -0.948672 0.282792 0.141596
vn -0.751200 0.306500 0.584600
vn -0.527800 0.134200 0.838700
vn 0.435993 0.758788 -0.483892
vn 0.667994 0.641194 -0.377696
vn 0.661810 0.599809 -0.449707
vn 0.432198 0.709196 -0.556997
vn -0.877932 0.201507 0.434316
vn -0.828902 0.144900 0.540301
vn -0.900261 0.346485 0.263588
vn -0.914735 0.367514 0.167906
vn 0.526284 -0.284291 -0.801376
vn 0.402508 -0.132903 -0.905718
vn 0.246606 -0.181205 -0.952024
vn 0.432295 -0.254097 -0.865191
vn 0.502007 -0.204203 -0.840411
vn 0.477605 -0.145102 -0.866510
vn 0.646003 -0.268901 -0.714403
vn 0.690189 -0.315995 -0.650989
vn -0.815651 0.269517 0.511932
vn -0.809983 0.491590 0.319793
vn -0.681003 0.616803 0.394702
vn -0.653217 0.431311 0.622316
vn -0.811255 0.383526 -0.441330
vn -0.803618 0.492311 -0.334407
vn -0.587397 0.653496 -0.477397
vn -0.594987 0.518189 -0.614387
vn 0.981993 -0.058300 0.179699
vn 0.997768 -0.013500 -0.065398
vn 0.998279 0.054199 0.022400
vn 0.963097 -0.080300 0.256899
vn -0.643323 0.711326 -0.283110
vn -0.674884 0.678083 -0.291093
vn -0.863165 0.484280 -0.142894
vn -0.828497 0.551298 -0.098300
vn 0.069697 -0.003600 -0.997562
vn 0.074300 0.016700 -0.997096
vn -0.219811 0.019501 -0.975348
vn -0.223405 -0.002600 -0.974722
vn 0.990845 0.089804 -0.100805
vn 0.975437 -0.167806 0.142705
vn 0.933781 -0.307694 0.182696
vn 0.985290 -0.161798 -0.054999
vn -0.278007 0.116203 -0.953525
vn -0.524591 0.129898 -0.841386
vn -0.557193 0.275097 -0.783491
vn -0.333495 0.278796 -0.900586
vn -0.032099 0.831975 -0.553883
vn 0.264797 0.736891 -0.621992
vn 0.256408 0.773423 -0.579717
vn -0.027500 0.858902 -0.511401
vn 0.807591 0.059899 0.586693
vn 0.832910 0.018300 0.553106
vn 0.834981 0.100698 0.540987
vn 0.810410 0.181602 0.557007
vn 0.067101 -0.263506 -0.962321
vn 0.085102 -0.372008 -0.924320
vn -0.188097 -0.418794 -0.888387
vn -0.218509 -0.294812 -0.930237
vn 0.595927 -0.022001 -0.802737
vn 0.612288 0.103098 -0.783884
vn 0.810288 0.066099 -0.582292
vn 0.795408 -0.060901 -0.603006
vn -0.917798 -0.196700 -0.344899
vn -0.989148 -0.142493 0.035798
vn -0.960973 -0.275192 -0.028299
vn -0.891516 -0.271105 -0.362907
vn -0.945835 0.122104 0.300811
vn -0.947875 0.103997 0.301192
vn -0.948665 0.122995 0.291389
vn -0.947579 0.132197 0.290893
vn -0.026100 -0.208399 -0.977696
vn 0.327199 -0.095700 -0.940097
vn 0.272313 -0.166208 -0.947745
vn -0.067597 -0.231591 -0.970462
vn -0.081503 0.815127 0.573519
vn -0.184800 0.809002 0.558001
vn 0.022700 0.788987 0.613990
vn 0.064597 0.784961 0.616169
vn -0.533578 0.173493 -0.827765
vn -0.271609 0.117304 -0.955232
vn -0.304609 0.209606 -0.929128
vn -0.564689 0.267395 -0.780785
vn 0.064502 0.079702 -0.994730
vn 0.064799 0.056699 -0.996286
vn 0.320101 0.146401 -0.936003
vn 0.310908 0.196405 -0.929925
vn -0.934924 0.353109 0.035101
vn -0.889491 0.448996 0.084899
vn -0.790595 0.604496 -0.097699
vn -0.837092 0.536195 -0.108499
vn 0.264797 0.736891 -0.621992
vn 0.493887 0.596585 -0.632584
vn 0.503437 0.625145 -0.596443
vn 0.256408 0.773423 -0.579717
vn -0.145007 -0.208810 -0.967146
vn 0.140895 -0.266191 -0.953568
vn 0.106200 -0.306899 -0.945798
vn -0.170494 -0.247892 -0.953667
vn 0.833790 -0.071799 -0.547393
vn 0.962204 0.052600 -0.267201
vn 0.891889 0.233697 -0.387195
vn 0.793539 -0.067803 -0.604730
vn -0.845623 0.435312 0.308909
vn -0.684301 0.704601 0.187800
vn -0.830099 0.400199 0.388299
vn -0.884266 0.121195 0.450983
vn 0.824615 -0.182903 -0.535310
vn 0.956592 -0.194198 -0.217298
vn 0.962204 0.052600 -0.267201
vn 0.833790 -0.071799 -0.547393
vn 0.858320 0.138703 0.494012
vn 0.871117 0.051101 0.488410
vn 0.866325 0.328209 0.376511
vn 0.882513 0.344905 0.319705
vn -0.525023 0.170007 -0.833936
vn -0.751119 0.096902 -0.653016
vn -0.760755 0.231986 -0.606164
vn -0.533388 0.334592 -0.776882
vn -0.783606 0.568604 0.250302
vn -0.787828 0.521219 0.328112
vn -0.881226 0.238507 0.408112
vn -0.866382 0.328193 0.376392
vn 0.893926 0.112703 -0.433813
vn 0.877888 0.090199 -0.470294
vn 0.715414 0.131503 -0.686214
vn 0.737478 0.161895 -0.655680
vn -0.821208 0.074801 0.565705
vn -0.808832 -0.055402 0.585424
vn -0.809014 -0.057101 0.585010
vn -0.820853 0.057197 0.568268
vn -0.797733 0.562223 0.218009
vn -0.678901 0.727901 0.096200
vn -0.845623 0.435312 0.308909
vn -0.888717 0.251205 0.383507
vn 0.906752 0.421624 -0.005800
vn 0.780591 0.608793 -0.141598
vn 0.727393 0.646494 -0.230098
vn 0.874117 0.479509 -0.077401
vn 0.008600 -0.473009 -0.881016
vn 0.320202 -0.482103 -0.815505
vn 0.257199 -0.496099 -0.829298
vn -0.055401 -0.449604 -0.891508
vn 0.809922 0.491614 0.319909
vn 0.903898 0.418599 0.088000
vn 0.917223 0.199005 0.345108
vn 0.815609 0.269503 0.512006
vn -0.780631 0.292311 -0.552422
vn -0.742850 0.132791 -0.656156
vn -0.927848 0.120606 -0.352918
vn -0.948124 0.198505 -0.248306
vn 0.888088 0.157098 -0.431994
vn 0.917194 0.205599 -0.341298
vn 0.830114 0.145002 -0.538409
vn 0.784380 0.070298 -0.616284
vn 0.552212 -0.394209 -0.734616
vn 0.561092 -0.382094 -0.734289
vn 0.551790 -0.472692 -0.687088
vn 0.588010 -0.393807 -0.706513
vn 0.135404 -0.394813 -0.908729
vn 0.431204 -0.338603 -0.836308
vn 0.320202 -0.482103 -0.815505
vn 0.008600 -0.473009 -0.881016
vn -0.573686 -0.397090 -0.716382
vn -0.724490 -0.213797 -0.655291
vn -0.857797 -0.305699 -0.413198
vn -0.689104 -0.497503 -0.526903
vn -0.978851 0.183909 0.089605
vn -0.985519 0.086902 0.145603
vn -0.928679 0.365092 -0.065299
vn -0.901616 0.425808 -0.076001
s off
g hair4
usemtl ff7:W_9002_HRSG
f 4098/1/1 4102/2/2 4101/3/3 4099/4/4
f 2060/5/5 2063/6/6 2061/7/7 2062/8/8
f 22/9/9 24/10/10 23/11/11 21/12/12
f 24/10/13 26/13/14 25/14/15 23/11/16
f 2066/15/17 2070/16/18 2069/17/19 2068/18/20
f 2069/17/21 2071/19/22 2067/20/23 2068/18/24
f 4113/21/25 4114/22/26 4110/23/27 4111/24/28
f 2073/25/29 2076/26/30 2075/27/31 2072/28/32
f 2076/26/33 2079/29/34 2078/30/35 2075/27/36
f 4118/31/37 4122/32/38 4121/33/39 4119/34/40
f 2081/35/41 2083/36/42 2080/37/43 2078/30/44
f 2082/38/45 2085/39/46 2084/40/47 2081/35/48
f 2087/41/49 2089/42/50 2084/40/51 2085/39/52
f 4542/43/53 4545/44/54 4544/45/55 4541/46/56
f 49/47/57 50/48/58 48/49/59 47/50/60
f 4154/51/61 4156/52/62 4155/53/63 4152/54/64
f 2093/55/65 2095/56/66 2092/57/67 2090/58/68
f 4328/59/69 4329/60/70 4326/61/71 4325/62/72
f 2114/63/73 2115/64/74 2113/65/75 2112/66/76
f 2100/67/77 2103/68/78 2102/69/79 2099/70/80
f 4142/71/81 4147/72/82 4146/73/83 4143/74/84
f 4160/75/85 4163/76/86 4161/77/87 4158/78/88
f 4171/79/89 4173/80/90 4170/81/91 4168/82/92
f 69/83/93 70/84/94 68/85/95 65/86/96
f 2110/87/97 2113/65/98 2111/88/99 2108/89/100
f 2115/64/101 2116/90/102 2111/88/103 2113/65/104
f 2114/63/105 2118/91/106 2117/92/107 2115/64/108
f 2117/92/109 2119/93/110 2116/90/111 2115/64/112
f 2118/91/113 2121/94/114 2120/95/115 2117/92/116
f 2137/96/117 2140/97/118 2138/98/119 2136/99/120
f 85/100/121 86/101/122 84/102/123 83/103/124
f 2127/104/125 2129/105/126 2126/106/127 2125/107/128
f 4185/108/129 4187/109/130 4184/110/131 4182/111/132
f 2130/112/133 2133/113/134 2131/114/135 2128/115/136
f 2135/116/137 2133/113/138 2130/112/139 2132/117/140
f 2133/113/141 2136/99/142 2134/118/143 2131/114/144
f 2135/116/145 2137/96/146 2136/99/147 2133/113/148
f 5490/119/149 5493/120/150 5491/121/151 5488/122/152
f 2140/97/153 2143/123/154 2141/124/155 2138/98/156
f 2144/125/157 2145/126/158 2142/127/159 2141/124/160
f 2147/128/161 2148/129/162 2145/126/163 2144/125/164
f 94/130/165 96/131/166 92/132/167 89/133/168
f 5668/134/169 5671/135/170 5670/136/171 5667/137/172
f 2153/138/173 2154/139/174 2151/140/175 2150/141/176
f 2152/142/177 2155/143/178 2153/138/179 2150/141/180
f 4194/144/181 4198/145/182 4197/146/183 4195/147/184
f 4249/148/185 4252/149/186 4250/150/187 4247/151/188
f 2156/152/189 2161/153/190 2159/154/191 2157/155/192
f 4353/156/193 4354/157/194 4352/158/195 4350/159/196
f 107/160/197 111/161/198 109/162/199 105/163/200
f 2179/164/201 2182/165/202 2180/166/203 2177/167/204
f 4822/168/205 4825/169/206 4824/170/207 4821/171/208
f 114/172/209 115/173/210 111/161/211 112/174/212
f 2167/175/213 2170/176/214 2168/177/215 2165/178/216
f 117/179/217 118/180/218 115/173/219 114/172/220
f 4325/62/221 4326/61/222 4323/181/223 4322/182/224
f 4970/183/225 4971/184/226 4967/185/227 4968/186/228
f 4666/187/229 4668/188/230 4667/189/231 4665/190/232
f 2183/191/233 2184/192/234 2180/166/235 2182/165/236
f 5727/193/237 5729/194/238 5726/195/239 5724/196/240
f 4177/197/241 4179/198/242 4176/199/243 4174/200/244
f 2186/201/245 2189/202/246 2187/203/247 2188/204/248
f 2204/205/249 2205/206/250 2203/207/251 2202/208/252
f 4118/31/253 4119/34/254 4117/209/255 4115/210/256
f 153/211/257 154/212/258 152/213/259 151/214/260
f 4238/215/261 4239/216/262 4234/217/263 4236/218/264
f 157/219/265 158/220/266 156/221/267 155/222/268
f 4279/223/269 4282/224/270 4280/225/271 4277/226/272
f 4460/227/273 4461/228/274 4458/229/275 4457/230/276
f 165/231/277 166/232/278 164/233/279 163/234/280
f 183/235/281 184/236/282 182/237/283 181/238/284
f 185/239/285 186/240/286 184/236/287 183/235/288
f 2210/241/289 2213/242/290 2211/243/291 2212/244/292
f 173/245/293 174/246/294 172/247/295 171/248/296
f 2214/249/297 2215/250/298 2213/242/299 2210/241/300
f 4259/251/301 4260/252/302 4256/253/303 4257/254/304
f 2218/255/305 2219/256/306 2217/257/307 2216/258/308
f 181/238/309 182/237/310 180/259/311 179/260/312
f 2224/261/313 2225/262/314 2223/263/315 2222/264/316
f 4652/265/317 4653/266/318 4650/267/319 4649/268/320
f 4268/269/321 4272/270/322 4271/271/323 4269/272/324
f 4672/273/325 4674/274/326 4670/275/327 4671/276/328
f 4275/277/329 4276/278/330 4272/270/331 4273/279/332
f 2234/280/333 2237/281/334 2235/282/335 2236/283/336
f 196/284/337 198/285/338 197/286/339 195/287/340
f 5006/288/341 5009/289/342 5007/290/343 5004/291/344
f 4314/292/345 4315/293/346 4312/294/347 4311/295/348
f 5962/296/349 5965/297/350 5964/298/351 5961/299/352
f 205/300/353 206/301/354 204/302/355 203/303/356
f 2248/304/357 2249/305/358 2247/306/359 2246/307/360
f 5963/308/361 5965/297/362 5962/296/363 5960/309/364
f 5124/310/365 5128/311/366 5126/312/367 5122/313/368
f 4833/314/369 4832/315/370 4829/316/371 4830/317/372
f 4281/318/373 4282/224/374 4279/223/375 4278/319/376
f 2260/320/377 2261/321/378 2258/322/379 2259/323/380
f 4189/324/381 4191/325/382 4188/326/383 4186/327/384
f 2264/328/385 2265/329/386 2262/330/387 2263/331/388
f 4322/182/389 4323/181/390 4320/332/391 4319/333/392
f 226/334/393 228/335/394 227/336/395 225/337/396
f 5127/338/397 5128/311/398 5124/310/399 5125/339/400
f 2273/340/401 2272/341/402 2270/342/403 2271/343/404
f 2276/344/405 2277/345/406 2274/346/407 2275/347/408
f 236/348/409 238/349/410 237/350/411 235/351/412
f 4656/352/413 4657/353/414 4654/354/415 4653/266/416
f 2280/355/417 2281/356/418 2279/357/419 2278/358/420
f 2282/359/421 2285/360/422 2283/361/423 2284/362/424
f 245/363/425 246/364/426 244/365/427 243/366/428
f 5487/367/429 5489/368/430 5486/369/431 5483/370/432
f 248/371/433 250/372/434 249/373/435 247/374/436
f 250/372/437 252/375/438 251/376/439 249/373/440
f 5838/377/441 5839/378/442 5836/379/443 5835/380/444
f 2296/381/445 2297/382/446 2295/383/447 2294/384/448
f 2830/385/449 2828/386/450 2827/387/451 2826/388/452
f 1813/389/453 1815/390/454 1812/391/455 1810/392/456
f 2301/393/457 2303/394/458 2302/395/459 2300/396/460
f 1792/397/461 1795/398/462 1793/399/463 1790/400/464
f 5957/401/465 5959/402/466 5954/403/467 5951/404/468
f 2307/405/469 2311/406/470 2309/407/471 2310/408/472
f 4862/409/473 4866/410/474 4865/411/475 4863/412/476
f 2314/413/477 2311/406/478 2306/414/479 2312/415/480
f 2317/416/481 2313/417/482 2314/413/483 2316/418/484
f 276/419/485 278/420/486 277/421/487 275/422/488
f 2322/423/489 2323/424/490 2320/425/491 2318/426/492
f 4621/427/493 4620/428/494 4617/429/495 4618/430/496
f 4214/431/497 4215/432/498 4212/433/499 4211/434/500
f 4366/435/501 4371/436/502 4370/437/503 4368/438/504
f 2328/439/505 2332/440/506 2330/441/507 2327/442/508
f 4373/443/509 4375/444/510 4370/437/511 4371/436/512
f 2332/440/513 2335/445/514 2333/446/515 2330/441/516
f 296/447/517 297/448/518 293/449/519 294/450/520
f 2336/451/521 2341/452/522 2337/453/523 2338/454/524
f 5228/455/525 5229/456/526 5226/457/527 5225/458/528
f 2357/459/529 2359/460/530 2356/461/531 2354/462/532
f 303/463/533 307/464/534 305/465/535 302/466/536
f 2345/467/537 2346/468/538 2344/469/539 2343/470/540
f 5942/471/541 5940/472/542 5937/473/543 5939/474/544
f 5644/475/545 5647/476/546 5645/477/547 5643/478/548
f 2351/479/549 2352/480/550 2349/481/551 2348/482/552
f 311/483/553 315/484/554 312/485/555 313/486/556
f 297/448/557 301/487/558 300/488/559 298/489/560
f 4201/490/561 4203/491/562 4202/492/563 4200/493/564
f 320/494/565 321/495/566 317/496/567 318/497/568
f 4412/498/569 4414/499/570 4411/500/571 4409/501/572
f 306/502/573 307/464/574 303/463/575 304/503/576
f 321/495/577 322/504/578 319/505/579 317/496/580
f 310/506/581 307/464/582 306/502/583 309/507/584
f 323/508/585 327/509/586 326/510/587 324/511/588
f 314/512/589 316/513/590 311/483/591 313/486/592
f 2371/514/593 2370/515/594 2368/516/595 2367/517/596
f 2371/514/597 2374/518/598 2372/519/599 2370/515/600
f 2372/519/601 2376/520/602 2375/521/603 2373/522/604
f 4918/523/605 4920/524/606 4917/525/607 4915/526/608
f 4784/527/609 4786/528/610 4783/529/611 4781/530/612
f 5474/531/613 5475/532/614 5472/533/615 5471/534/616
f 2381/535/617 2382/536/618 2378/537/619 2379/538/620
f 2395/539/621 2398/540/622 2396/541/623 2391/542/624
f 4421/543/625 4426/544/626 4425/545/627 4423/546/628
f 330/547/629 331/548/630 327/509/631 328/549/632
f 4447/550/633 4450/551/634 4448/552/635 4446/553/636
f 333/554/637 334/555/638 331/548/639 330/547/640
f 4443/556/641 4447/550/642 4446/553/643 4444/557/644
f 351/558/645 354/559/646 352/560/647 353/561/648
f 354/559/649 357/562/650 355/563/651 352/560/652
f 5061/564/653 5062/565/654 5060/566/655 5057/567/656
f 2399/568/657 2400/569/658 2398/540/659 2397/570/660
f 2402/571/661 2403/572/662 2400/569/663 2399/568/664
f 2403/572/665 2404/573/666 2401/574/667 2400/569/668
f 2405/575/669 2407/576/670 2404/573/671 2403/572/672
f 5793/577/673 5794/578/674 5791/579/675 5789/580/676
f 356/581/677 358/582/678 354/559/679 351/558/680
f 2411/583/681 2413/584/682 2410/585/683 2408/586/684
f 5078/587/685 5080/588/686 5077/589/687 5075/590/688
f 358/582/689 362/591/690 361/592/691 359/593/692
f 2414/594/693 2419/595/694 2415/596/695 2416/597/696
f 362/591/697 365/598/698 364/599/699 361/592/700
f 5274/600/701 5277/601/702 5275/602/703 5272/603/704
f 2422/604/705 2425/605/706 2423/606/707 2420/607/708
f 369/608/709 373/609/710 371/610/711 367/611/712
f 2425/605/713 2428/612/714 2426/613/715 2423/606/716
f 4470/614/717 4471/615/718 4468/616/719 4467/617/720
f 4469/618/721 4474/619/722 4473/620/723 4470/614/724
f 4329/60/725 4330/621/726 4327/622/727 4326/61/728
f 2432/623/729 2433/624/730 2430/625/731 2429/626/732
f 4473/620/733 4476/627/734 4475/628/735 4472/629/736
f 2438/630/737 2441/631/738 2439/632/739 2440/633/740
f 400/634/741 402/635/742 401/636/743 397/637/744
f 402/635/745 404/638/746 403/639/747 401/636/748
f 5276/640/749 5279/641/750 5277/601/751 5274/600/752
f 2448/642/753 2449/643/754 2446/644/755 2445/645/756
f 4431/646/757 4435/647/758 4433/648/759 4430/649/760
f 5674/650/761 5676/651/762 5675/652/763 5673/653/764
f 4319/333/765 4320/332/766 4317/654/767 4316/655/768
f 416/656/769 418/657/770 417/658/771 413/659/772
f 4498/660/773 4503/661/774 4502/662/775 4500/663/776
f 420/664/777 422/665/778 421/666/779 419/667/780
f 2462/668/781 2467/669/782 2463/670/783 2464/671/784
f 2479/672/785 2482/673/786 2480/674/787 2478/675/788
f 4179/198/789 4181/676/790 4178/677/791 4176/199/792
f 5717/678/793 5720/679/794 5718/680/795 5719/681/796
f 4152/54/797 4155/53/798 4153/682/799 4151/683/800
f 434/684/801 436/685/802 435/686/803 433/687/804
f 2476/688/805 2479/672/806 2478/675/807 2475/689/808
f 5423/690/809 5424/691/810 5422/692/811 5420/693/812
f 4232/694/813 4236/218/814 4234/217/815 4229/695/816
f 2482/673/817 2485/696/818 2483/697/819 2480/674/820
f 443/698/821 446/699/822 445/700/823 444/701/824
f 2488/702/825 2491/703/826 2486/704/827 2487/705/828
f 449/706/829 450/707/830 447/708/831 448/709/832
f 451/710/833 452/711/834 450/707/835 449/706/836
f 453/712/837 456/713/838 455/714/839 454/715/840
f 456/713/841 458/716/842 457/717/843 455/714/844
f 2497/718/845 2500/719/846 2498/720/847 2495/721/848
f 2499/722/849 2503/723/850 2502/724/851 2500/719/852
f 2502/724/853 2505/725/854 2504/726/855 2501/727/856
f 2503/723/857 2506/728/858 2505/725/859 2502/724/860
f 4490/729/861 4493/730/862 4491/731/863 4492/732/864
f 470/733/865 471/734/866 468/735/867 465/736/868
f 5544/737/869 5543/738/870 5540/739/871 5541/740/872
f 489/741/873 490/742/874 488/743/875 485/744/876
f 4558/745/877 4554/746/878 4555/747/879 4557/748/880
f 2517/749/881 2520/750/882 2519/751/883 2516/752/884
f 464/753/885 467/754/886 466/755/887 462/756/888
f 464/753/889 468/735/890 469/757/891 467/754/892
f 2520/750/893 2523/758/894 2522/759/895 2519/751/896
f 2524/760/897 2527/761/898 2526/762/899 2523/758/900
f 4565/763/901 4570/764/902 4569/765/903 4567/766/904
f 2527/761/905 2530/767/906 2529/768/907 2526/762/908
f 2526/762/909 2529/768/910 2528/769/911 2525/770/912
f 493/771/913 491/772/914 488/743/915 490/742/916
f 2548/773/917 2550/774/918 2547/775/919 2545/776/920
f 4589/777/921 4592/778/922 4590/779/923 4587/780/924
f 2534/781/925 2537/782/926 2535/783/927 2536/784/928
f 4593/785/929 4595/786/930 4592/778/931 4589/777/932
f 4363/787/933 4365/788/934 4362/789/935 4360/790/936
f 2542/791/937 2544/792/938 2541/793/939 2538/794/940
f 492/795/941 486/796/942 488/743/943 491/772/944
f 5010/797/945 5013/798/946 5011/799/947 5008/800/948
f 2545/776/949 2547/775/950 2544/792/951 2542/791/952
f 4638/801/953 4641/802/954 4639/803/955 4636/804/956
f 2550/774/957 2551/805/958 2549/806/959 2547/775/960
f 2547/775/961 2549/806/962 2546/807/963 2544/792/964
f 5407/808/965 5410/809/966 5408/810/967 5406/811/968
f 4098/1/969 4099/4/970 4096/812/971 4095/813/972
f 5403/814/973 5406/811/974 5404/815/975 5401/816/976
f 2554/817/977 2557/818/978 2556/819/979 2553/820/980
f 4679/821/981 4682/822/982 4680/823/983 4677/824/984
f 504/825/985 508/826/986 507/827/987 505/828/988
f 2048/829/989 2051/830/990 2049/831/991 2046/832/992
f 508/826/993 511/833/994 510/834/995 507/827/996
f 2053/835/997 2055/836/998 2052/837/999 2050/838/1000
f 3841/839/1001 3843/840/1002 3840/841/1003 3839/842/1004
f 4896/843/1005 4897/844/1006 4894/845/1007 4892/846/1008
f 5561/847/1009 5564/848/1010 5562/849/1011 5558/850/1012
f 2572/851/1013 2573/852/1014 2570/853/1015 2571/854/1016
f 2575/855/1017 2573/852/1018 2572/851/1019 2576/856/1020
f 4618/430/1021 4617/429/1022 4615/857/1023 4614/858/1024
f 4307/859/1025 4309/860/1026 4305/861/1027 4304/862/1028
f 4623/863/1029 4624/864/1030 4620/428/1031 4621/427/1032
f 4622/865/1033 4626/866/1034 4625/867/1035 4623/863/1036
f 2584/868/1037 2587/869/1038 2585/870/1039 2583/871/1040
f 2588/872/1041 2590/873/1042 2586/874/1043 2585/870/1044
f 2591/875/1045 2592/876/1046 2588/872/1047 2589/877/1048
f 2592/876/1049 2593/878/1050 2590/873/1051 2588/872/1052
f 4391/879/1053 4395/880/1054 4394/881/1055 4392/882/1056
f 5883/883/1057 5885/884/1058 5882/885/1059 5880/886/1060
f 2597/887/1061 2599/888/1062 2596/889/1063 2594/890/1064
f 4757/891/1065 4760/892/1066 4758/893/1067 4759/894/1068
f 4129/895/1069 4132/896/1070 4131/897/1071 4128/898/1072
f 4660/899/1073 4663/900/1074 4662/901/1075 4659/902/1076
f 5054/903/1077 5057/567/1078 5055/904/1079 5056/905/1080
f 2609/906/1081 2611/907/1082 2608/908/1083 2606/909/1084
f 5509/910/1085 5508/911/1086 5505/912/1087 5506/913/1088
f 2612/914/1089 2615/915/1090 2613/916/1091 2614/917/1092
f 5335/918/1093 5337/919/1094 5334/920/1095 5333/921/1096
f 2615/915/1097 2619/922/1098 2616/923/1099 2613/916/1100
f 578/924/1101 580/925/1102 579/926/1103 577/927/1104
f 2635/928/1105 2638/929/1106 2636/930/1107 2633/931/1108
f 4351/932/1109 4353/156/1110 4350/159/1111 4349/933/1112
f 2627/934/1113 2628/935/1114 2625/936/1115 2624/937/1116
f 2630/938/1117 2631/939/1118 2628/935/1119 2627/934/1120
f 590/940/1121 592/941/1122 591/942/1123 589/943/1124
f 4730/944/1125 4731/945/1126 4728/946/1127 4727/947/1128
f 4860/948/1129 4861/949/1130 4858/950/1131 4857/951/1132
f 2636/930/1133 2641/952/1134 2639/953/1135 2637/954/1136
f 5159/955/1137 5161/956/1138 5158/957/1139 5156/958/1140
f 600/959/1141 602/960/1142 601/961/1143 599/962/1144
f 4683/963/1145 4685/964/1146 4682/822/1147 4679/821/1148
f 2644/965/1149 2647/966/1150 2645/967/1151 2642/968/1152
f 607/969/1153 608/970/1154 606/971/1155 605/972/1156
f 609/973/1157 612/974/1158 611/975/1159 610/976/1160
f 612/974/1161 614/977/1162 613/978/1163 611/975/1164
f 5709/979/1165 5712/980/1166 5711/981/1167 5708/982/1168
f 4712/983/1169 4715/984/1170 4713/985/1171 4714/986/1172
f 2663/987/1173 2665/988/1174 2658/989/1175 2661/990/1176
f 2659/991/1177 2662/992/1178 2661/990/1179 2657/993/1180
f 2662/992/1181 2664/994/1182 2663/987/1183 2661/990/1184
f 625/995/1185 627/996/1186 624/997/1187 622/998/1188
f 2667/999/1189 2668/1000/1190 2665/988/1191 2663/987/1192
f 2670/1001/1193 2671/1002/1194 2668/1000/1195 2667/999/1196
f 2672/1003/1197 2674/1004/1198 2670/1001/1199 2669/1005/1200
f 4731/945/1201 4732/1006/1202 4729/1007/1203 4728/946/1204
f 622/998/1205 624/997/1206 620/1008/1207 617/1009/1208
f 4292/1010/1209 4295/1011/1210 4293/1012/1211 4294/1013/1212
f 2679/1014/1213 2682/1015/1214 2681/1016/1215 2678/1017/1216
f 4720/1018/1217 4726/1019/1218 4725/1020/1219 4722/1021/1220
f 4739/1022/1221 4741/1023/1222 4738/1024/1223 4736/1025/1224
f 644/1026/1225 646/1027/1226 643/1028/1227 641/1029/1228
f 2684/1030/1229 2686/1031/1230 2681/1016/1231 2682/1015/1232
f 633/1032/1233 634/1033/1234 630/1034/1235 631/1035/1236
f 2687/1036/1237 2689/1037/1238 2686/1031/1239 2684/1030/1240
f 636/1038/1241 637/1039/1242 634/1033/1243 633/1032/1244
f 2690/1040/1245 2694/1041/1246 2693/1042/1247 2692/1043/1248
f 4157/1044/1249 4160/75/1250 4158/78/1251 4159/1045/1252
f 2693/1042/1253 2695/1046/1254 2691/1047/1255 2692/1043/1256
f 2694/1041/1257 2698/1048/1258 2696/1049/1259 2693/1042/1260
f 2696/1049/1261 2700/1050/1262 2699/1051/1263 2697/1052/1264
f 2698/1048/1265 2701/1053/1266 2700/1050/1267 2696/1049/1268
f 4613/1054/1269 4614/858/1270 4611/1055/1271 4610/1056/1272
f 2701/1053/1273 2704/1057/1274 2703/1058/1275 2700/1050/1276
f 662/1059/1277 665/1060/1278 663/1061/1279 661/1062/1280
f 2704/1057/1281 2707/1063/1282 2706/1064/1283 2703/1058/1284
f 4140/1065/1285 4137/1066/1286 4138/1067/1287 4139/1068/1288
f 2707/1063/1289 2710/1069/1290 2709/1070/1291 2706/1064/1292
f 4765/1071/1293 4767/1072/1294 4764/1073/1295 4762/1074/1296
f 4767/1072/1297 4769/1075/1298 4766/1076/1299 4764/1073/1300
f 4753/1077/1301 4755/1078/1302 4751/1079/1303 4752/1080/1304
f 2716/1081/1305 2719/1082/1306 2717/1083/1307 2714/1084/1308
f 664/1085/1309 666/1086/1310 662/1059/1311 660/1087/1312
f 4849/1088/1313 4847/1089/1314 4845/1090/1315 4846/1091/1316
f 681/1092/1317 684/1093/1318 682/1094/1319 679/1095/1320
f 2722/1096/1321 2725/1097/1322 2723/1098/1323 2720/1099/1324
f 683/1100/1325 686/1101/1326 684/1093/1327 681/1092/1328
f 684/1093/1329 687/1102/1330 685/1103/1331 682/1094/1332
f 2731/1104/1333 2728/1105/1334 2726/1106/1335 2727/1107/1336
f 2732/1108/1337 2734/1109/1338 2731/1104/1339 2727/1107/1340
f 677/1110/1341 681/1092/1342 679/1095/1343 676/1111/1344
f 4455/1112/1345 4456/1113/1346 4453/1114/1347 4451/1115/1348
f 5640/1116/1349 5643/478/1350 5642/1117/1351 5639/1118/1352
f 2737/1119/1353 2739/1120/1354 2738/1121/1355 2736/1122/1356
f 2741/1123/1357 2742/1124/1358 2739/1120/1359 2740/1125/1360
f 4143/74/1361 4140/1065/1362 4139/1068/1363 4142/71/1364
f 5638/1126/1365 5641/1127/1366 5640/1116/1367 5637/1128/1368
f 5043/1129/1369 5041/1130/1370 5039/1131/1371 5042/1132/1372
f 692/1133/1373 696/1134/1374 694/1135/1375 690/1136/1376
f 2764/1137/1377 2767/1138/1378 2765/1139/1379 2762/1140/1380
f 4857/951/1381 4858/950/1382 4855/1141/1383 4854/1142/1384
f 2752/1143/1385 2755/1144/1386 2754/1145/1387 2750/1146/1388
f 2754/1145/1389 2757/1147/1390 2756/1148/1391 2753/1149/1392
f 2755/1144/1393 2758/1150/1394 2757/1147/1395 2754/1145/1396
f 2757/1147/1397 2761/1151/1398 2759/1152/1399 2756/1148/1400
f 4698/1153/1401 4697/1154/1402 4695/1155/1403 4696/1156/1404
f 709/1157/1405 711/1158/1406 707/1159/1407 704/1160/1408
f 4820/1161/1409 4822/168/1410 4819/1162/1411 4817/1163/1412
f 2766/1164/1413 2770/1165/1414 2769/1166/1415 2767/1138/1416
f 2767/1138/1417 2769/1166/1418 2768/1167/1419 2765/1139/1420
f 2769/1166/1421 2773/1168/1422 2771/1169/1423 2768/1167/1424
f 4418/1170/1425 4421/543/1426 4419/1171/1427 4420/1172/1428
f 4812/1173/1429 4816/1174/1430 4815/1175/1431 4813/1176/1432
f 4832/315/1433 4834/1177/1434 4831/1178/1435 4829/316/1436
f 724/1179/1437 726/1180/1438 722/1181/1439 719/1182/1440
f 738/1183/1441 741/1184/1442 740/1185/1443 737/1186/1444
f 2798/1187/1445 2799/1188/1446 2797/1189/1447 2796/1190/1448
f 2782/1191/1449 2785/1192/1450 2783/1193/1451 2780/1194/1452
f 2800/1195/1453 2803/1196/1454 2802/1197/1455 2798/1187/1456
f 2785/1192/1457 2788/1198/1458 2786/1199/1459 2783/1193/1460
f 4243/1200/1461 4246/1201/1462 4244/1202/1463 4241/1203/1464
f 4403/1204/1465 4405/1205/1466 4402/1206/1467 4400/1207/1468
f 4950/1208/1469 4952/1209/1470 4949/1210/1471 4946/1211/1472
f 2790/1212/1473 2792/1213/1474 2794/1214/1475 2795/1215/1476
f 2793/1216/1477 2796/1190/1478 2792/1213/1479 2789/1217/1480
f 2796/1190/1481 2797/1189/1482 2794/1214/1483 2792/1213/1484
f 758/1218/1485 755/1219/1486 756/1220/1487 757/1221/1488
f 4854/1142/1489 4855/1141/1490 4852/1222/1491 4850/1223/1492
f 2798/1187/1493 2802/1197/1494 2801/1224/1495 2799/1188/1496
f 2815/1225/1497 2818/1226/1498 2816/1227/1499 2813/1228/1500
f 764/1229/1501 762/1230/1502 758/1218/1503 761/1231/1504
f 750/1232/1505 751/1233/1506 747/1234/1507 748/1235/1508
f 2803/1196/1509 2806/1236/1510 2805/1237/1511 2802/1197/1512
f 753/1238/1513 754/1239/1514 751/1233/1515 750/1232/1516
f 767/1240/1517 769/1241/1518 768/1242/1519 765/1243/1520
f 2811/1244/1521 2815/1225/1522 2813/1228/1523 2812/1245/1524
f 762/1230/1525 760/1246/1526 755/1219/1527 758/1218/1528
f 2816/1227/1529 2817/1247/1530 2814/1248/1531 2813/1228/1532
f 4859/1249/1533 4860/948/1534 4857/951/1535 4856/1250/1536
f 3332/1251/1537 3334/1252/1538 3330/1253/1539 3328/1254/1540
f 4862/409/1541 4863/412/1542 4860/948/1543 4859/1249/1544
f 2821/1255/1545 2824/1256/1546 2822/1257/1547 2819/1258/1548
f 4879/1259/1549 4884/1260/1550 4883/1261/1551 4881/1262/1552
f 821/1263/1553 822/1264/1554 819/1265/1555 818/1266/1556
f 777/1267/1557 775/1268/1558 772/1269/1559 773/1270/1560
f 2831/1271/1561 2833/1272/1562 2829/1273/1563 2828/386/1564
f 793/1274/1565 795/1275/1566 792/1276/1567 790/1277/1568
f 5073/1278/1569 5076/1279/1570 5075/590/1571 5072/1280/1572
f 795/1275/1573 796/1281/1574 794/1282/1575 792/1276/1576
f 2837/1283/1577 2838/1284/1578 2835/1285/1579 2834/1286/1580
f 5134/1287/1581 5138/1288/1582 5136/1289/1583 5133/1290/1584
f 4953/1291/1585 4956/1292/1586 4954/1293/1587 4951/1294/1588
f 790/1277/1589 792/1276/1590 788/1295/1591 785/1296/1592
f 2846/1297/1593 2848/1298/1594 2844/1299/1595 2843/1300/1596
f 4887/1301/1597 4890/1302/1598 4889/1303/1599 4886/1304/1600
f 2849/1305/1601 2851/1306/1602 2848/1298/1603 2846/1297/1604
f 2867/1307/1605 2869/1308/1606 2866/1309/1607 2861/1310/1608
f 2852/1311/1609 2854/1312/1610 2851/1306/1611 2849/1305/1612
f 4780/1313/1613 4779/1314/1614 4776/1315/1615 4777/1316/1616
f 801/1317/1617 802/1318/1618 798/1319/1619 799/1320/1620
f 2855/1321/1621 2857/1322/1622 2854/1312/1623 2852/1311/1624
f 2874/1323/1625 2877/1324/1626 2876/1325/1627 2875/1326/1628
f 818/1266/1629 819/1265/1630 816/1327/1631 815/1328/1632
f 804/1329/1633 808/1330/1634 807/1331/1635 805/1332/1636
f 820/1333/1637 823/1334/1638 821/1263/1639 818/1266/1640
f 808/1330/1641 811/1335/1642 810/1336/1643 807/1331/1644
f 824/1337/1645 828/1338/1646 827/1339/1647 825/1340/1648
f 4925/1341/1649 4927/1342/1650 4923/1343/1651 4921/1344/1652
f 5116/1345/1653 5113/1346/1654 5111/1347/1655 5114/1348/1656
f 828/1338/1657 832/1349/1658 830/1350/1659 827/1339/1660
f 846/1351/1661 848/1352/1662 847/1353/1663 845/1354/1664
f 2873/1355/1665 2874/1323/1666 2872/1356/1667 2870/1357/1668
f 4915/526/1669 4917/525/1670 4913/1358/1671 4910/1359/1672
f 4995/1360/1673 4998/1361/1674 4996/1362/1675 4993/1363/1676
f 2879/1364/1677 2880/1365/1678 2876/1325/1679 2877/1324/1680
f 2878/1366/1681 2881/1367/1682 2879/1364/1683 2877/1324/1684
f 2879/1364/1685 2883/1368/1686 2882/1369/1687 2880/1365/1688
f 4288/1370/1689 4291/1371/1690 4289/1372/1691 4286/1373/1692
f 2885/1374/1693 2887/1375/1694 2882/1369/1695 2883/1368/1696
f 831/1376/1697 832/1349/1698 828/1338/1699 829/1377/1700
f 2884/1378/1701 2886/1379/1702 2885/1374/1703 2883/1368/1704
f 2891/1380/1705 2892/1381/1706 2889/1382/1707 2888/1383/1708
f 2894/1384/1709 2896/1385/1710 2892/1381/1711 2891/1380/1712
f 4607/1386/1713 4609/1387/1714 4606/1388/1715 4604/1389/1716
f 2897/1390/1717 2899/1391/1718 2896/1385/1719 2894/1384/1720
f 4958/1392/1721 4959/1393/1722 4954/1293/1723 4956/1292/1724
f 860/1394/1725 857/1395/1726 873/1396/1727 874/1397/1728
f 2903/1398/1729 2904/1399/1730 2902/1400/1731 2900/1401/1732
f 5466/1402/1733 5467/1403/1734 5464/1404/1735 5463/1405/1736
f 868/1406/1737 866/1407/1738 865/1408/1739 867/1409/1740
f 2909/1410/1741 2911/1411/1742 2908/1412/1743 2906/1413/1744
f 5630/1414/1745 5635/1415/1746 5633/1416/1747 5628/1417/1748
f 873/1396/1749 857/1395/1750 876/1418/1751 875/1419/1752
f 869/1420/1753 871/1421/1754 861/1422/1755 864/1423/1756
f 2921/1424/1757 2923/1425/1758 2920/1426/1759 2918/1427/1760
f 866/1407/1761 870/1428/1762 869/1420/1763 864/1423/1764
f 4410/1429/1765 4413/1430/1766 4412/498/1767 4409/501/1768
f 2918/1427/1769 2920/1426/1770 2917/1431/1771 2915/1432/1772
f 2926/1433/1773 2929/1434/1774 2924/1435/1775 2925/1436/1776
f 903/1437/1777 907/1438/1778 906/1439/1779 904/1440/1780
f 2934/1441/1781 2937/1442/1782 2936/1443/1783 2933/1444/1784
f 4884/1260/1785 4887/1301/1786 4886/1304/1787 4883/1261/1788
f 2930/1445/1789 2932/1446/1790 2929/1434/1791 2926/1433/1792
f 3046/1447/1793 3045/1448/1794 3042/1449/1795 3043/1450/1796
f 5003/1451/1797 5006/288/1798 5004/291/1799 5001/1452/1800
f 5117/1453/1801 5120/1454/1802 5118/1455/1803 5119/1456/1804
f 2935/1457/1805 2938/1458/1806 2937/1442/1807 2934/1441/1808
f 2937/1442/1809 2940/1459/1810 2939/1460/1811 2936/1443/1812
f 884/1461/1813 890/1462/1814 888/1463/1815 885/1464/1816
f 888/1463/1817 891/1465/1818 889/1466/1819 887/1467/1820
f 5437/1468/1821 5440/1469/1822 5439/1470/1823 5436/1471/1824
f 2940/1459/1825 2944/1472/1826 2942/1473/1827 2939/1460/1828
f 2944/1472/1829 2947/1474/1830 2945/1475/1831 2942/1473/1832
f 4571/1476/1833 4572/1477/1834 4570/764/1835 4568/1478/1836
f 2949/1479/1837 2953/1480/1838 2950/1481/1839 2948/1482/1840
f 896/1483/1841 901/1484/1842 899/1485/1843 894/1486/1844
f 900/1487/1845 901/1484/1846 896/1483/1847 898/1488/1848
f 5576/1489/1849 5580/1490/1850 5579/1491/1851 5577/1492/1852
f 903/1437/1853 904/1440/1854 901/1484/1855 900/1487/1856
f 2957/1493/1857 2961/1494/1858 2960/1495/1859 2958/1496/1860
f 2976/1497/1861 2979/1498/1862 2978/1499/1863 2975/1500/1864
f 2960/1495/1865 2962/1501/1866 2959/1502/1867 2958/1496/1868
f 2963/1503/1869 2965/1504/1870 2962/1501/1871 2960/1495/1872
f 5019/1505/1873 5023/1506/1874 5021/1507/1875 5017/1508/1876
f 5261/1509/1877 5265/1510/1878 5264/1511/1879 5262/1512/1880
f 2964/1513/1881 2967/1514/1882 2966/1515/1883 2963/1503/1884
f 2969/1516/1885 2971/1517/1886 2968/1518/1887 2966/1515/1888
f 5259/1519/1889 5260/1520/1890 5257/1521/1891 5256/1522/1892
f 2972/1523/1893 2974/1524/1894 2971/1517/1895 2969/1516/1896
f 5436/1471/1897 5439/1470/1898 5438/1525/1899 5435/1526/1900
f 2975/1500/1901 2977/1527/1902 2974/1524/1903 2972/1523/1904
f 4555/747/1905 4551/1528/1906 4550/1529/1907 4553/1530/1908
f 2978/1499/1909 2980/1531/1910 2977/1527/1911 2975/1500/1912
f 2981/1532/1913 2983/1533/1914 2978/1499/1915 2979/1498/1916
f 928/1534/1917 927/1535/1918 925/1536/1919 924/1537/1920
f 5356/1538/1921 5359/1539/1922 5357/1540/1923 5354/1541/1924
f 5057/567/1925 5060/566/1926 5058/1542/1927 5055/904/1928
f 935/1543/1929 937/1544/1930 932/1545/1931 929/1546/1932
f 932/1545/1933 937/1544/1934 936/1547/1935 934/1548/1936
f 2988/1549/1937 2992/1550/1938 2990/1551/1939 2987/1552/1940
f 937/1544/1941 940/1553/1942 939/1554/1943 936/1547/1944
f 5051/1555/1945 5052/1556/1946 5049/1557/1947 5050/1558/1948
f 940/1553/1949 943/1559/1950 942/1560/1951 939/1554/1952
f 5220/1561/1953 5223/1562/1954 5221/1563/1955 5219/1564/1956
f 943/1559/1957 946/1565/1958 945/1566/1959 942/1560/1960
f 5895/1567/1961 5899/1568/1962 5898/1569/1963 5896/1570/1964
f 946/1565/1965 949/1571/1966 948/1572/1967 945/1566/1968
f 3002/1573/1969 3005/1574/1970 3003/1575/1971 3004/1576/1972
f 3005/1574/1973 3009/1577/1974 3006/1578/1975 3003/1575/1976
f 5892/1579/1977 5894/1580/1978 5891/1581/1979 5889/1582/1980
f 3007/1583/1981 3011/1584/1982 3009/1577/1983 3005/1574/1984
f 5052/1556/1985 5053/1585/1986 5048/1586/1987 5049/1557/1988
f 5027/1587/1989 5028/1588/1990 5026/1589/1991 5025/1590/1992
f 3011/1584/1993 3014/1591/1994 3012/1592/1995 3009/1577/1996
f 3012/1592/1997 3015/1593/1998 3013/1594/1999 3010/1595/2000
f 3014/1591/2001 3017/1596/2002 3015/1593/2003 3012/1592/2004
f 4241/1203/2005 4242/1597/2006 4239/216/2007 4238/215/2008
f 3020/1598/2009 3021/1599/2010 3018/1600/2011 3019/1601/2012
f 4182/111/2013 4184/110/2014 4181/676/2015 4179/198/2016
f 970/1602/2017 972/1603/2018 968/1604/2019 965/1605/2020
f 3026/1606/2021 3027/1607/2022 3024/1608/2023 3023/1609/2024
f 5067/1610/2025 5070/1611/2026 5069/1612/2027 5066/1613/2028
f 3030/1614/2029 3031/1615/2030 3028/1616/2031 3027/1607/2032
f 5070/1611/2033 5073/1278/2034 5072/1280/2035 5069/1612/2036
f 991/1617/2037 994/1618/2038 992/1619/2039 989/1620/2040
f 3033/1621/2041 3037/1622/2042 3035/1623/2043 3032/1624/2044
f 978/1625/2045 982/1626/2046 981/1627/2047 979/1628/2048
f 994/1618/2049 997/1629/2050 996/1630/2051 992/1619/2052
f 5081/1631/2053 5082/1632/2054 5078/587/2055 5079/1633/2056
f 996/1630/2057 1000/1634/2058 998/1635/2059 995/1636/2060
f 3039/1637/2061 3043/1450/2062 3042/1449/2063 3041/1638/2064
f 1001/1639/2065 1004/1640/2066 1002/1641/2067 1003/1642/2068
f 859/1643/2069 877/1644/2070 876/1418/2071 857/1395/2072
f 4676/1645/2073 4679/821/2074 4677/824/2075 4678/1646/2076
f 3046/1447/2077 3048/1647/2078 3047/1648/2079 3045/1448/2080
f 4577/1649/2081 4578/1650/2082 4575/1651/2083 4574/1652/2084
f 5153/1653/2085 5155/1654/2086 5152/1655/2087 5150/1656/2088
f 1011/1657/2089 1013/1658/2090 1010/1659/2091 1008/1660/2092
f 999/1661/2093 1000/1634/2094 996/1630/2095 997/1629/2096
f 3052/1662/2097 3055/1663/2098 3053/1664/2099 3050/1665/2100
f 3059/1666/2101 3060/1667/2102 3057/1668/2103 3056/1669/2104
f 1006/1670/2105 1008/1660/2106 1004/1640/2107 1001/1639/2108
f 3062/1671/2109 3063/1672/2110 3060/1667/2111 3059/1666/2112
f 3065/1673/2113 3066/1674/2114 3063/1672/2115 3062/1671/2116
f 3064/1675/2117 3067/1676/2118 3065/1673/2119 3062/1671/2120
f 5914/1677/2121 5917/1678/2122 5915/1679/2123 5912/1680/2124
f 3067/1676/2125 3070/1681/2126 3068/1682/2127 3065/1673/2128
f 1037/1683/2129 1040/1684/2130 1038/1685/2131 1039/1686/2132
f 519/1687/2133 520/1688/2134 518/1689/2135 516/1690/2136
f 2560/1691/2137 2563/1692/2138 2562/1693/2139 2559/1694/2140
f 1017/1695/2141 1021/1696/2142 1020/1697/2143 1018/1698/2144
f 4186/327/2145 4188/326/2146 4185/108/2147 4183/1699/2148
f 2052/837/2149 2054/1700/2150 2051/830/2151 2048/829/2152
f 524/1701/2153 526/1702/2154 525/1703/2155 522/1704/2156
f 1055/1705/2157 1059/1706/2158 1058/1707/2159 1057/1708/2160
f 5120/1454/2161 5124/310/2162 5122/313/2163 5118/1455/2164
f 3083/1709/2165 3085/1710/2166 3082/1711/2167 3080/1712/2168
f 1044/1713/2169 1046/1714/2170 1043/1715/2171 1040/1684/2172
f 1045/1716/2173 1047/1717/2174 1044/1713/2175 1042/1718/2176
f 5350/1719/2177 5353/1720/2178 5351/1721/2179 5348/1722/2180
f 1035/1723/2181 1036/1724/2182 1032/1725/2183 1033/1726/2184
f 3089/1727/2185 3091/1728/2186 3088/1729/2187 3086/1730/2188
f 3093/1731/2189 3097/1732/2190 3094/1733/2191 3092/1734/2192
f 1042/1718/2193 1044/1713/2194 1040/1684/2195 1037/1683/2196
f 1058/1707/2197 1060/1735/2198 1056/1736/2199 1057/1708/2200
f 3099/1737/2201 3103/1738/2202 3102/1739/2203 3100/1740/2204
f 3100/1740/2205 3102/1739/2206 3101/1741/2207 3098/1742/2208
f 1065/1743/2209 1064/1744/2210 1061/1745/2211 1062/1746/2212
f 1047/1717/2213 1051/1747/2214 1050/1748/2215 1048/1749/2216
f 3103/1738/2217 3106/1750/2218 3104/1751/2219 3102/1739/2220
f 1051/1747/2221 1054/1752/2222 1053/1753/2223 1050/1748/2224
f 3107/1754/2225 3112/1755/2226 3108/1756/2227 3109/1757/2228
f 1054/1752/2229 1057/1708/2230 1056/1736/2231 1053/1753/2232
f 5552/1758/2233 5553/1759/2234 5550/1760/2235 5551/1761/2236
f 3128/1762/2237 3130/1763/2238 3127/1764/2239 3122/1765/2240
f 3112/1755/2241 3115/1766/2242 3113/1767/2243 3108/1756/2244
f 3116/1768/2245 3117/1769/2246 3115/1766/2247 3114/1770/2248
f 3116/1768/2249 3120/1771/2250 3119/1772/2251 3117/1769/2252
f 3119/1772/2253 3121/1773/2254 3118/1774/2255 3117/1769/2256
f 4503/661/2257 4506/1775/2258 4505/1776/2259 4502/662/2260
f 4170/81/2261 4172/1777/2262 4169/1778/2263 4167/1779/2264
f 3122/1765/2265 3127/1764/2266 3123/1780/2267 3124/1781/2268
f 1085/1782/2269 1087/1783/2270 1084/1784/2271 1082/1785/2272
f 4486/1786/2273 4488/1787/2274 4485/1788/2275 4484/1789/2276
f 5185/1790/2277 5188/1791/2278 5187/1792/2279 5184/1793/2280
f 1078/1794/2281 1080/1795/2282 1076/1796/2283 1073/1797/2284
f 4646/1798/2285 4647/1799/2286 4644/1800/2287 4643/1801/2288
f 5671/135/2289 5674/650/2290 5673/653/2291 5670/136/2292
f 1080/1795/2293 1084/1784/2294 1083/1802/2295 1081/1803/2296
f 3137/1804/2297 3139/1805/2298 3136/1806/2299 3134/1807/2300
f 1084/1784/2301 1087/1783/2302 1086/1808/2303 1083/1802/2304
f 5173/1809/2305 5175/1810/2306 5172/1811/2307 5170/1812/2308
f 1087/1783/2309 1090/1813/2310 1089/1814/2311 1086/1808/2312
f 4192/1815/2313 4194/144/2314 4191/325/2315 4189/324/2316
f 1106/1816/2317 1110/1817/2318 1109/1818/2319 1107/1819/2320
f 3146/1820/2321 3147/1821/2322 3145/1822/2323 3143/1823/2324
f 3150/1824/2325 3151/1825/2326 3148/1826/2327 3147/1821/2328
f 3149/1827/2329 3154/1828/2330 3152/1829/2331 3150/1824/2332
f 5199/1830/2333 5201/1831/2334 5198/1832/2335 5196/1833/2336
f 5194/1834/2337 5196/1833/2338 5192/1835/2339 5189/1836/2340
f 5370/1837/2341 5373/1838/2342 5371/1839/2343 5368/1840/2344
f 1115/1841/2345 1118/1842/2346 1116/1843/2347 1117/1844/2348
f 3157/1845/2349 3160/1846/2350 3159/1847/2351 3156/1848/2352
f 1119/1849/2353 1121/1850/2354 1118/1842/2355 1115/1841/2356
f 3163/1851/2357 3162/1852/2358 3159/1847/2359 3160/1846/2360
f 4331/1853/2361 4332/1854/2362 4329/60/2363 4328/59/2364
f 3165/1855/2365 3164/1856/2366 3161/1857/2367 3162/1852/2368
f 5551/1761/2369 5550/1760/2370 5547/1858/2371 5548/1859/2372
f 1113/1860/2373 1114/1861/2374 1110/1817/2375 1111/1862/2376
f 3166/1863/2377 3169/1864/2378 3168/1865/2379 3165/1855/2380
f 5827/1866/2381 5830/1867/2382 5828/1868/2383 5829/1869/2384
f 1118/1842/2385 1122/1870/2386 1120/1871/2387 1116/1843/2388
f 1136/1872/2389 1137/1873/2390 1134/1874/2391 1133/1875/2392
f 3193/1876/2393 3196/1877/2394 3195/1878/2395 3191/1879/2396
f 3178/1880/2397 3181/1881/2398 3179/1882/2399 3176/1883/2400
f 5004/291/2401 5007/290/2402 5005/1884/2403 5002/1885/2404
f 5141/1886/2405 5144/1887/2406 5142/1888/2407 5143/1889/2408
f 1145/1890/2409 1147/1891/2410 1143/1892/2411 1142/1893/2412
f 4470/614/2413 4473/620/2414 4472/629/2415 4471/615/2416
f 3185/1894/2417 3188/1895/2418 3186/1896/2419 3187/1897/2420
f 4450/551/2421 4452/1898/2422 4451/1115/2423 4448/552/2424
f 3188/1895/2425 3193/1876/2426 3191/1879/2427 3186/1896/2428
f 3191/1879/2429 3192/1899/2430 3190/1900/2431 3186/1896/2432
f 3191/1879/2433 3195/1878/2434 3194/1901/2435 3192/1899/2436
f 5240/1902/2437 5244/1903/2438 5242/1904/2439 5238/1905/2440
f 1154/1906/2441 1157/1907/2442 1155/1908/2443 1152/1909/2444
f 3195/1878/2445 3199/1910/2446 3197/1911/2447 3194/1901/2448
f 4509/1912/2449 4512/1913/2450 4511/1914/2451 4508/1915/2452
f 1143/1892/2453 1147/1891/2454 1146/1916/2455 1144/1917/2456
f 3199/1910/2457 3202/1918/2458 3200/1919/2459 3197/1911/2460
f 1147/1891/2461 1150/1920/2462 1149/1921/2463 1146/1916/2464
f 1164/1922/2465 1166/1923/2466 1163/1924/2467 1161/1925/2468
f 1168/1926/2469 1170/1927/2470 1167/1928/2471 1165/1929/2472
f 1156/1930/2473 1158/1931/2474 1154/1906/2475 1151/1932/2476
f 4100/1933/2477 4102/2/2478 4098/1/2479 4097/1934/2480
f 3213/1935/2481 3217/1936/2482 3215/1937/2483 3212/1938/2484
f 1175/1939/2485 1176/1940/2486 1174/1941/2487 1172/1942/2488
f 5258/1943/2489 5259/1519/2490 5256/1522/2491 5255/1944/2492
f 3220/1945/2493 3218/1946/2494 3215/1937/2495 3217/1936/2496
f 5261/1509/2497 5262/1512/2498 5259/1519/2499 5258/1943/2500
f 3223/1947/2501 3221/1948/2502 3218/1946/2503 3220/1945/2504
f 5694/1949/2505 5697/1950/2506 5696/1951/2507 5695/1952/2508
f 3226/1953/2509 3224/1954/2510 3221/1948/2511 3223/1947/2512
f 1203/1955/2513 1204/1956/2514 1201/1957/2515 1200/1958/2516
f 5028/1588/2517 5029/1959/2518 5024/1960/2519 5026/1589/2520
f 3231/1961/2521 3232/1962/2522 3227/1963/2523 3229/1964/2524
f 3230/1965/2525 3231/1961/2526 3229/1964/2527 3228/1966/2528
f 1190/1967/2529 1192/1968/2530 1191/1969/2531 1188/1970/2532
f 3233/1971/2533 3235/1972/2534 3231/1961/2535 3230/1965/2536
f 1209/1973/2537 1212/1974/2538 1211/1975/2539 1208/1976/2540
f 3236/1977/2541 3238/1978/2542 3235/1972/2543 3233/1971/2544
f 3251/1979/2545 3253/1980/2546 3250/1981/2547 3246/1982/2548
f 3239/1983/2549 3243/1984/2550 3238/1978/2551 3236/1977/2552
f 1202/1985/2553 1203/1955/2554 1200/1958/2555 1199/1986/2556
f 4339/1987/2557 4342/1988/2558 4341/1989/2559 4338/1990/2560
f 1193/1991/2561 1195/1992/2562 1190/1967/2563 1187/1993/2564
f 1190/1967/2565 1195/1992/2566 1194/1994/2567 1192/1968/2568
f 3246/1982/2569 3250/1981/2570 3249/1995/2571 3247/1996/2572
f 1195/1992/2573 1198/1997/2574 1197/1998/2575 1194/1994/2576
f 5123/1999/2577 5125/339/2578 5124/310/2579 5120/1454/2580
f 5294/2000/2581 5299/2001/2582 5297/2002/2583 5292/2003/2584
f 3254/2004/2585 3256/2005/2586 3253/1980/2587 3251/1979/2588
f 3259/2006/2589 3256/2005/2590 3254/2004/2591 3257/2007/2592
f 3261/2008/2593 3257/2007/2594 3258/2009/2595 3260/2010/2596
f 3044/2011/2597 3046/1447/2598 3043/1450/2599 3038/2012/2600
f 4814/2013/2601 4816/1174/2602 4812/1173/2603 4810/2014/2604
f 5854/2015/2605 5857/2016/2606 5856/2017/2607 5852/2018/2608
f 4967/185/2609 4969/2019/2610 4965/2020/2611 4964/2021/2612
f 4810/2014/2613 4812/1173/2614 4809/2022/2615 4807/2023/2616
f 1227/2024/2617 1229/2025/2618 1226/2026/2619 1223/2027/2620
f 3268/2028/2621 3271/2029/2622 3270/2030/2623 3267/2031/2624
f 1229/2025/2625 1232/2032/2626 1230/2033/2627 1226/2026/2628
f 3270/2030/2629 3274/2034/2630 3272/2035/2631 3269/2036/2632
f 4458/229/2633 4459/2037/2634 4456/1113/2635 4455/1112/2636
f 5850/2038/2637 5854/2015/2638 5852/2018/2639 5853/2039/2640
f 3275/2040/2641 3278/2041/2642 3276/2042/2643 3277/2043/2644
f 1241/2044/2645 1242/2045/2646 1239/2046/2647 1240/2047/2648
f 1226/2026/2649 1230/2033/2650 1228/2048/2651 1224/2049/2652
f 4122/32/2653 4125/2050/2654 4124/2051/2655 4121/33/2656
f 5150/1656/2657 5152/1655/2658 5149/2052/2659 5148/2053/2660
f 3287/2054/2661 3289/2055/2662 3286/2056/2663 3285/2057/2664
f 5330/2058/2665 5331/2059/2666 5328/2060/2667 5327/2061/2668
f 3290/2062/2669 3292/2063/2670 3289/2055/2671 3287/2054/2672
f 5333/921/2673 5334/920/2674 5331/2059/2675 5330/2058/2676
f 4262/2064/2677 4263/2065/2678 4260/252/2679 4259/251/2680
f 3294/2066/2681 3297/2067/2682 3296/2068/2683 3293/2069/2684
f 3296/2068/2685 3298/2070/2686 3295/2071/2687 3293/2069/2688
f 4863/412/2689 4864/2072/2690 4861/949/2691 4860/948/2692
f 3299/2073/2693 3300/2074/2694 3298/2070/2695 3296/2068/2696
f 3299/2073/2697 3303/2075/2698 3302/2076/2699 3300/2074/2700
f 1245/2077/2701 1249/2078/2702 1248/2079/2703 1246/2080/2704
f 5624/2081/2705 5625/2082/2706 5621/2083/2707 5622/2084/2708
f 1249/2078/2709 1252/2085/2710 1251/2086/2711 1248/2079/2712
f 4971/184/2713 4972/2087/2714 4969/2019/2715 4967/185/2716
f 1252/2085/2717 1255/2088/2718 1254/2089/2719 1251/2086/2720
f 1268/2090/2721 1271/2091/2722 1269/2092/2723 1266/2093/2724
f 1255/2088/2725 1258/2094/2726 1257/2095/2727 1254/2089/2728
f 5151/2096/2729 5154/2097/2730 5153/1653/2731 5150/1656/2732
f 3350/2098/2733 3351/2099/2734 3347/2100/2735 3349/2101/2736
f 1262/2102/2737 1266/2093/2738 1264/2103/2739 1260/2104/2740
f 1280/2105/2741 1281/2106/2742 1278/2107/2743 1277/2108/2744
f 1283/2109/2745 1285/2110/2746 1281/2106/2747 1280/2105/2748
f 4284/2111/2749 4285/2112/2750 4282/224/2751 4281/318/2752
f 3325/2113/2753 3327/2114/2754 3324/2115/2755 3322/2116/2756
f 5734/2117/2757 5736/2118/2758 5733/2119/2759 5731/2120/2760
f 3328/1254/2761 3330/1253/2762 3327/2114/2763 3325/2113/2764
f 3327/2114/2765 3329/2121/2766 3326/2122/2767 3324/2115/2768
f 3330/1253/2769 3331/2123/2770 3329/2121/2771 3327/2114/2772
f 3843/840/2773 3844/2124/2774 3842/2125/2775 3840/841/2776
f 3086/1730/2777 3088/1729/2778 3085/1710/2779 3083/1709/2780
f 3863/2126/2781 3867/2127/2782 3862/2128/2783 3860/2129/2784
f 1295/2130/2785 1299/2131/2786 1296/2132/2787 1297/2133/2788
f 1281/2106/2789 1285/2110/2790 1284/2134/2791 1282/2135/2792
f 5307/2136/2793 5308/2137/2794 5305/2138/2795 5304/2139/2796
f 1285/2110/2797 1288/2140/2798 1287/2141/2799 1284/2134/2800
f 1319/2142/2801 1320/2143/2802 1317/2144/2803 1316/2145/2804
f 1288/2140/2805 1293/2146/2806 1290/2147/2807 1287/2141/2808
f 4600/2148/2809 4605/2149/2810 4604/1389/2811 4602/2150/2812
f 1309/2151/2813 1307/2152/2814 1304/2153/2815 1305/2154/2816
f 5405/2155/2817 5407/808/2818 5406/811/2819 5403/814/2820
f 3353/2156/2821 3354/2157/2822 3351/2099/2823 3350/2098/2824
f 3355/2158/2825 3353/2156/2826 3350/2098/2827 3352/2159/2828
f 3355/2158/2829 3358/2160/2830 3356/2161/2831 3353/2156/2832
f 4781/530/2833 4783/529/2834 4780/1313/2835 4778/2162/2836
f 4246/1201/2837 4249/148/2838 4247/151/2839 4244/1202/2840
f 3359/2163/2841 3362/2164/2842 3360/2165/2843 3361/2166/2844
f 5940/472/2845 5938/2167/2846 5935/2168/2847 5937/473/2848
f 3363/2169/2849 3365/2170/2850 3362/2164/2851 3359/2163/2852
f 5307/2136/2853 5312/2171/2854 5310/2172/2855 5308/2137/2856
f 3365/2170/2857 3368/2173/2858 3366/2174/2859 3362/2164/2860
f 3371/2175/2861 3372/2176/2862 3367/2177/2863 3369/2178/2864
f 3368/2173/2865 3370/2179/2866 3369/2178/2867 3366/2174/2868
f 5820/2180/2869 5823/2181/2870 5818/2182/2871 5817/2183/2872
f 1331/2184/2873 1332/2185/2874 1329/2186/2875 1325/2187/2876
f 3373/2188/2877 3376/2189/2878 3374/2190/2879 3371/2175/2880
f 5414/2191/2881 5419/2192/2882 5418/2193/2883 5416/2194/2884
f 1320/2143/2885 1324/2195/2886 1323/2196/2887 1321/2197/2888
f 3376/2189/2889 3378/2198/2890 3377/2199/2891 3374/2190/2892
f 1328/2200/2893 1330/2201/2894 1325/2187/2895 1327/2202/2896
f 1343/2203/2897 1344/2204/2898 1341/2205/2899 1340/2206/2900
f 3386/2207/2901 3388/2208/2902 3385/2209/2903 3383/2210/2904
f 4426/544/2905 4428/2211/2906 4427/2212/2907 4425/545/2908
f 5467/1403/2909 5470/2213/2910 5468/2214/2911 5465/2215/2912
f 5765/2216/2913 5770/2217/2914 5769/2218/2915 5768/2219/2916
f 5807/2220/2917 5809/2221/2918 5806/2222/2919 5804/2223/2920
f 4625/867/2921 4627/2224/2922 4624/864/2923 4623/863/2924
f 3395/2225/2925 3397/2226/2926 3394/2227/2927 3392/2228/2928
f 4901/2229/2929 4902/2230/2930 4899/2231/2931 4898/2232/2932
f 3398/2233/2933 3400/2234/2934 3397/2226/2935 3395/2225/2936
f 3414/2235/2937 3417/2236/2938 3415/2237/2939 3412/2238/2940
f 1362/2239/2941 1363/2240/2942 1360/2241/2943 1359/2242/2944
f 3401/2243/2945 3404/2244/2946 3402/2245/2947 3403/2246/2948
f 1365/2247/2949 1362/2239/2950 1361/2248/2951 1364/2249/2952
f 3405/2250/2953 3407/2251/2954 3404/2244/2955 3401/2243/2956
f 5806/2222/2957 5809/2221/2958 5808/2252/2959 5805/2253/2960
f 1367/2254/2961 1368/2255/2962 1365/2247/2963 1364/2249/2964
f 4693/2256/2965 4692/2257/2966 4690/2258/2967 4689/2259/2968
f 3410/2260/2969 3413/2261/2970 3411/2262/2971 3408/2263/2972
f 5456/2264/2973 5457/2265/2974 5452/2266/2975 5454/2267/2976
f 3413/2261/2977 3416/2268/2978 3414/2235/2979 3411/2262/2980
f 3419/2269/2981 3420/2270/2982 3415/2237/2983 3417/2236/2984
f 5460/2271/2985 5461/2272/2986 5456/2264/2987 5458/2273/2988
f 3418/2274/2989 3421/2275/2990 3419/2269/2991 3417/2236/2992
f 1382/2276/2993 1383/2277/2994 1379/2278/2995 1380/2279/2996
f 5351/1721/2997 5352/2280/2998 5349/2281/2999 5348/1722/3000
f 3422/2282/3001 3426/2283/3002 3425/2284/3003 3423/2285/3004
f 1368/2255/3005 1372/2286/3006 1371/2287/3007 1369/2288/3008
f 3424/2289/3009 3427/2290/3010 3426/2283/3011 3422/2282/3012
f 1376/2291/3013 1378/2292/3014 1373/2293/3015 1375/2294/3016
f 3429/2295/3017 3433/2296/3018 3431/2297/3019 3428/2298/3020
f 3433/2296/3021 3436/2299/3022 3434/2300/3023 3431/2297/3024
f 5474/531/3025 5478/2301/3026 5477/2302/3027 5475/532/3028
f 3435/2303/3029 3439/2304/3030 3438/2305/3031 3436/2299/3032
f 3440/2306/3033 3441/2307/3034 3437/2308/3035 3438/2305/3036
f 1398/2309/3037 1401/2310/3038 1400/2311/3039 1399/2312/3040
f 3456/2313/3041 3459/2314/3042 3458/2315/3043 3457/2316/3044
f 3442/2317/3045 3445/2318/3046 3443/2319/3047 3440/2306/3048
f 3459/2314/3049 3462/2320/3050 3461/2321/3051 3458/2315/3052
f 1405/2322/3053 1408/2323/3054 1407/2324/3055 1404/2325/3056
f 5486/369/3057 5490/119/3058 5488/122/3059 5484/2326/3060
f 1408/2323/3061 1411/2327/3062 1410/2328/3063 1407/2324/3064
f 3449/2329/3065 3452/2330/3066 3450/2331/3067 3447/2332/3068
f 5522/2333/3069 5526/2334/3070 5524/2335/3071 5520/2336/3072
f 3453/2337/3073 3455/2338/3074 3452/2330/3075 3449/2329/3076
f 3454/2339/3077 3460/2340/3078 3459/2314/3079 3456/2313/3080
f 3456/2313/3081 3453/2337/3082 3451/2341/3083 3454/2339/3084
f 1433/2342/3085 1436/2343/3086 1434/2344/3087 1431/2345/3088
f 5515/2346/3089 5517/2347/3090 5514/2348/3091 5513/2349/3092
f 5262/1512/3093 5263/2350/3094 5260/1520/3095 5259/1519/3096
f 5506/913/3097 5505/912/3098 5503/2351/3099 5501/2352/3100
f 3463/2353/3101 3466/2354/3102 3465/2355/3103 3462/2320/3104
f 1425/2356/3105 1427/2357/3106 1424/2358/3107 1421/2359/3108
f 3466/2354/3109 3469/2360/3110 3468/2361/3111 3465/2355/3112
f 4819/1162/3113 4822/168/3114 4821/171/3115 4818/2362/3116
f 3469/2360/3117 3472/2363/3118 3471/2364/3119 3468/2361/3120
f 5514/2348/3121 5516/2365/3122 5510/2366/3123 5511/2367/3124
f 1419/2368/3125 1420/2369/3126 1416/2370/3127 1417/2371/3128
f 5528/2372/3129 5530/2373/3130 5529/2374/3131 5526/2334/3132
f 5775/2375/3133 5776/2376/3134 5773/2377/3135 5771/2378/3136
f 1424/2358/3137 1428/2379/3138 1426/2380/3139 1422/2381/3140
f 5737/2382/3141 5739/2383/3142 5736/2118/3143 5734/2117/3144
f 1445/2384/3145 1447/2385/3146 1443/2386/3147 1442/2387/3148
f 3486/2388/3149 3484/2389/3150 3483/2390/3151 3485/2391/3152
f 5558/850/3153 5562/849/3154 5560/2392/3155 5555/2393/3156
f 5531/2394/3157 5532/2395/3158 5527/2396/3159 5529/2374/3160
f 1449/2397/3161 1452/2398/3162 1451/2399/3163 1450/2400/3164
f 5562/849/3165 5565/2401/3166 5563/2402/3167 5560/2392/3168
f 5534/2403/3169 5535/2404/3170 5532/2395/3171 5531/2394/3172
f 5553/1759/3173 5554/2405/3174 5549/2406/3175 5550/1760/3176
f 4928/2407/3177 4930/2408/3178 4927/1342/3179 4925/1341/3180
f 3495/2409/3181 3497/2410/3182 3494/2411/3183 3491/2412/3184
f 3497/2410/3185 3500/2413/3186 3498/2414/3187 3494/2411/3188
f 5283/2415/3189 5286/2416/3190 5284/2417/3191 5281/2418/3192
f 5700/2419/3193 5704/2420/3194 5702/2421/3195 5699/2422/3196
f 3501/2423/3197 3504/2424/3198 3502/2425/3199 3499/2426/3200
f 3503/2427/3201 3505/2428/3202 3504/2424/3203 3501/2423/3204
f 4691/2429/3205 4693/2256/3206 4689/2259/3207 4687/2430/3208
f 3504/2424/3209 3508/2431/3210 3506/2432/3211 3502/2425/3212
f 3508/2431/3213 3511/2433/3214 3509/2434/3215 3506/2432/3216
f 1470/2435/3217 1473/2436/3218 1472/2437/3219 1469/2438/3220
f 4515/2439/3221 4516/2440/3222 4513/2441/3223 4511/1914/3224
f 1460/2442/3225 1465/2443/3226 1463/2444/3227 1458/2445/3228
f 1464/2446/3229 1465/2443/3230 1460/2442/3231 1462/2447/3232
f 3518/2448/3233 3520/2449/3234 3516/2450/3235 3515/2451/3236
f 1467/2452/3237 1468/2453/3238 1465/2443/3239 1464/2446/3240
f 3539/2454/3241 3540/2455/3242 3537/2456/3243 3538/2457/3244
f 5580/1490/3245 5584/2458/3246 5582/2459/3247 5579/1491/3248
f 3524/2460/3249 3526/2461/3250 3523/2462/3251 3521/2463/3252
f 5206/2464/3253 5211/2465/3254 5210/2466/3255 5208/2467/3256
f 3527/2468/3257 3530/2469/3258 3528/2470/3259 3529/2471/3260
f 4849/1088/3261 4851/2472/3262 4850/1223/3263 4847/1089/3264
f 3531/2473/3265 3533/2474/3266 3530/2469/3267 3527/2468/3268
f 1509/2475/3269 1510/2476/3270 1508/2477/3271 1506/2478/3272
f 5587/2479/3273 5589/2480/3274 5588/2481/3275 5585/2482/3276
f 4536/2483/3277 4537/2484/3278 4535/2485/3279 4533/2486/3280
f 4240/2487/3281 4243/1200/3282 4241/1203/3283 4238/215/3284
f 5426/2488/3285 5431/2489/3286 5430/2490/3287 5427/2491/3288
f 4517/2492/3289 4519/2493/3290 4515/2439/3291 4514/2494/3292
f 3540/2455/3293 3543/2495/3294 3542/2496/3295 3541/2497/3296
f 1503/2498/3297 1505/2499/3298 1502/2500/3299 1500/2501/3300
f 3544/2502/3301 3547/2503/3302 3546/2504/3303 3543/2495/3304
f 1506/2478/3305 1508/2477/3306 1505/2499/3307 1503/2498/3308
f 5101/2505/3309 5104/2506/3310 5103/2507/3311 5100/2508/3312
f 1498/2509/3313 1500/2501/3314 1496/2510/3315 1493/2511/3316
f 1512/2512/3317 1515/2513/3318 1514/2514/3319 1511/2515/3320
f 5806/2222/3321 5803/2516/3322 5801/2517/3323 5804/2223/3324
f 3556/2518/3325 3559/2519/3326 3557/2520/3327 3554/2521/3328
f 5614/2522/3329 5617/2523/3330 5616/2524/3331 5612/2525/3332
f 5603/2526/3333 5604/2527/3334 5599/2528/3335 5601/2529/3336
f 3561/2530/3337 3565/2531/3338 3564/2532/3339 3562/2533/3340
f 3562/2533/3341 3564/2532/3342 3563/2534/3343 3560/2535/3344
f 1028/2536/3345 1032/1725/3346 1031/2537/3347 1029/2538/3348
f 3565/2531/3349 3569/2539/3350 3566/2540/3351 3564/2532/3352
f 3567/2541/3353 3563/2534/3354 3564/2532/3355 3566/2540/3356
f 5192/1835/3357 5195/2542/3358 5193/2543/3359 5190/2544/3360
f 3569/2539/3361 3571/2545/3362 3570/2546/3363 3566/2540/3364
f 1518/2547/3365 1519/2548/3366 1515/2513/3367 1516/2549/3368
f 5627/2550/3369 5630/1414/3370 5628/1417/3371 5629/2551/3372
f 1521/2552/3373 1522/2553/3374 1519/2548/3375 1518/2547/3376
f 3576/2554/3377 3578/2555/3378 3575/2556/3379 3572/2557/3380
f 1524/2558/3381 1525/2559/3382 1522/2553/3383 1521/2552/3384
f 3578/2555/3385 3581/2560/3386 3579/2561/3387 3575/2556/3388
f 1527/2562/3389 1528/2563/3390 1525/2559/3391 1524/2558/3392
f 3581/2560/3393 3584/2564/3394 3582/2565/3395 3579/2561/3396
f 3585/2566/3397 3588/2567/3398 3586/2568/3399 3583/2569/3400
f 1532/2570/3401 1536/2571/3402 1534/2572/3403 1530/2573/3404
f 3077/2574/3405 3078/2575/3406 3076/2576/3407 3075/2577/3408
f 4610/1056/3409 4611/1055/3410 4607/1386/3411 4608/2578/3412
f 3592/2579/3413 3595/2580/3414 3593/2581/3415 3590/2582/3416
f 4146/73/3417 4149/2583/3418 4148/2584/3419 4145/2585/3420
f 3595/2580/3421 3598/2586/3422 3596/2587/3423 3593/2581/3424
f 5273/2588/3425 5276/640/3426 5274/600/3427 5270/2589/3428
f 1542/2590/3429 1546/2591/3430 1545/2592/3431 1543/2593/3432
f 3598/2586/3433 3601/2594/3434 3599/2595/3435 3596/2587/3436
f 1546/2591/3437 1549/2596/3438 1548/2597/3439 1545/2592/3440
f 3618/2598/3441 3621/2599/3442 3619/2600/3443 3616/2601/3444
f 3621/2599/3445 3624/2602/3446 3622/2603/3447 3619/2600/3448
f 5229/456/3449 5230/2604/3450 5227/2605/3451 5226/457/3452
f 1569/2606/3453 1566/2607/3454 1565/2608/3455 1568/2609/3456
f 3608/2610/3457 3611/2611/3458 3609/2612/3459 3610/2613/3460
f 3626/2614/3461 3628/2615/3462 3627/2616/3463 3624/2602/3464
f 3612/2617/3465 3614/2618/3466 3611/2611/3467 3608/2610/3468
f 5013/798/3469 5016/2619/3470 5014/2620/3471 5011/799/3472
f 5656/2621/3473 5658/2622/3474 5654/2623/3475 5651/2624/3476
f 5656/2621/3477 5661/2625/3478 5660/2626/3479 5658/2622/3480
f 4545/44/3481 4548/2627/3482 4547/2628/3483 4544/45/3484
f 4684/2629/3485 4686/2630/3486 4683/963/3487 4681/2631/3488
f 5660/2626/3489 5665/2632/3490 5664/2633/3491 5662/2634/3492
f 5862/2635/3493 5865/2636/3494 5864/2637/3495 5861/2638/3496
f 3623/2639/3497 3626/2614/3498 3624/2602/3499 3621/2599/3500
f 3627/2616/3501 3631/2640/3502 3629/2641/3503 3625/2642/3504
f 1574/2643/3505 1578/2644/3506 1576/2645/3507 1572/2646/3508
f 1590/2647/3509 1594/2648/3510 1592/2649/3511 1591/2650/3512
f 5099/2651/3513 5101/2505/3514 5097/2652/3515 5096/2653/3516
f 3634/2654/3517 3637/2655/3518 3635/2656/3519 3632/2657/3520
f 5679/2658/3521 5678/2659/3522 5675/652/3523 5676/651/3524
f 3637/2655/3525 3640/2660/3526 3638/2661/3527 3635/2656/3528
f 4112/2662/3529 4113/21/3530 4111/24/3531 4109/2663/3532
f 3640/2660/3533 3643/2664/3534 3641/2665/3535 3638/2661/3536
f 3642/2666/3537 3646/2667/3538 3644/2668/3539 3643/2664/3540
f 1590/2647/3541 1591/2650/3542 1587/2669/3543 1588/2670/3544
f 3660/2671/3545 3661/2672/3546 3659/2673/3547 3656/2674/3548
f 3648/2675/3549 3645/2676/3550 3644/2668/3551 3647/2677/3552
f 3646/2667/3553 3649/2678/3554 3647/2677/3555 3644/2668/3556
f 3649/2678/3557 3652/2679/3558 3650/2680/3559 3647/2677/3560
f 5692/2681/3561 5694/1949/3562 5690/2682/3563 5687/2683/3564
f 5692/2681/3565 5698/2684/3566 5697/1950/3567 5694/1949/3568
f 4701/2685/3569 4705/2686/3570 4703/2687/3571 4700/2688/3572
f 3654/2689/3573 3656/2674/3574 3655/2690/3575 3653/2691/3576
f 3656/2674/3577 3659/2673/3578 3657/2692/3579 3655/2690/3580
f 1602/2693/3581 1606/2694/3582 1605/2695/3583 1603/2696/3584
f 4506/1775/3585 4509/1912/3586 4508/1915/3587 4505/1776/3588
f 3663/2697/3589 3667/2698/3590 3665/2699/3591 3662/2700/3592
f 1610/2701/3593 1614/2702/3594 1612/2703/3595 1608/2704/3596
f 1626/2705/3597 1629/2706/3598 1628/2707/3599 1625/2708/3600
f 3669/2709/3601 3672/2710/3602 3671/2711/3603 3668/2712/3604
f 1617/2713/3605 1618/2714/3606 1614/2702/3607 1615/2715/3608
f 3670/2716/3609 3673/2717/3610 3672/2710/3611 3669/2709/3612
f 1620/2718/3613 1621/2719/3614 1618/2714/3615 1617/2713/3616
f 4210/2720/3617 4213/2721/3618 4211/434/3619 4208/2722/3620
f 1623/2723/3621 1624/2724/3622 1621/2719/3623 1620/2718/3624
f 3680/2725/3625 3681/2726/3626 3677/2727/3627 3678/2728/3628
f 5160/2729/3629 5163/2730/3630 5162/2731/3631 5159/955/3632
f 3679/2732/3633 3682/2733/3634 3680/2725/3635 3678/2728/3636
f 3682/2733/3637 3685/2734/3638 3683/2735/3639 3680/2725/3640
f 5022/2736/3641 5023/1506/3642 5019/1505/3643 5020/2737/3644
f 3687/2738/3645 3684/2739/3646 3683/2735/3647 3686/2740/3648
f 4134/2741/3649 4137/1066/3650 4136/2742/3651 4133/2743/3652
f 5744/2744/3653 5746/2745/3654 5745/2746/3655 5742/2747/3656
f 3689/2748/3657 3692/2749/3658 3690/2750/3659 3691/2751/3660
f 4847/1089/3661 4848/2752/3662 4843/2753/3663 4845/1090/3664
f 3693/2754/3665 3695/2755/3666 3692/2749/3667 3689/2748/3668
f 3698/2756/3669 3699/2757/3670 3694/2758/3671 3696/2759/3672
f 3695/2755/3673 3697/2760/3674 3696/2759/3675 3692/2749/3676
f 5752/2761/3677 5755/2762/3678 5754/2763/3679 5751/2764/3680
f 4626/866/3681 4629/2765/3682 4628/2766/3683 4625/867/3684
f 1644/2767/3685 1648/2768/3686 1647/2769/3687 1645/2770/3688
f 3700/2771/3689 3703/2772/3690 3701/2773/3691 3698/2756/3692
f 3707/2774/3693 3708/2775/3694 3705/2776/3695 3704/2777/3696
f 1652/2778/3697 1657/2779/3698 1655/2780/3699 1650/2781/3700
f 1656/2782/3701 1657/2779/3702 1652/2778/3703 1654/2783/3704
f 4614/858/3705 4615/857/3706 4612/2784/3707 4611/1055/3708
f 1659/2785/3709 1660/2786/3710 1657/2779/3711 1656/2782/3712
f 5786/2787/3713 5787/2788/3714 5785/2789/3715 5784/2790/3716
f 1662/2791/3717 1663/2792/3718 1660/2786/3719 1659/2785/3720
f 1676/2793/3721 1682/2794/3722 1679/2795/3723 1677/2796/3724
f 1665/2797/3725 1666/2798/3726 1663/2792/3727 1662/2791/3728
f 1679/2795/3729 1683/2799/3730 1681/2800/3731 1680/2801/3732
f 1668/2802/3733 1669/2803/3734 1666/2798/3735 1665/2797/3736
f 1682/2794/3737 1684/2804/3738 1683/2799/3739 1679/2795/3740
f 3725/2805/3741 3728/2806/3742 3726/2807/3743 3727/2808/3744
f 5779/2809/3745 5782/2810/3746 5781/2811/3747 5778/2812/3748
f 5767/2813/3749 5772/2814/3750 5771/2378/3751 5765/2216/3752
f 3729/2815/3753 3731/2816/3754 3728/2806/3755 3725/2805/3756
f 5818/2182/3757 5823/2181/3758 5819/2817/3759 5816/2818/3760
f 3731/2816/3761 3734/2819/3762 3732/2820/3763 3728/2806/3764
f 3732/2820/3765 3735/2821/3766 3733/2822/3767 3730/2823/3768
f 3734/2819/3769 3737/2824/3770 3735/2821/3771 3732/2820/3772
f 3735/2821/3773 3738/2825/3774 3736/2826/3775 3733/2822/3776
f 4316/655/3777 4317/654/3778 4314/292/3779 4313/2827/3780
f 1720/2828/3781 1717/2829/3782 1715/2830/3783 1718/2831/3784
f 1688/2832/3785 1692/2833/3786 1690/2834/3787 1686/2835/3788
f 1704/2836/3789 1708/2837/3790 1706/2838/3791 1703/2839/3792
f 3749/2840/3793 3750/2841/3794 3747/2842/3795 3746/2843/3796
f 3750/2841/3797 3751/2844/3798 3748/2845/3799 3747/2842/3800
f 5113/1346/3801 5110/2846/3802 5108/2847/3803 5111/1347/3804
f 3753/2848/3805 3754/2849/3806 3751/2844/3807 3750/2841/3808
f 5165/2850/3809 5168/2851/3810 5166/2852/3811 5167/2853/3812
f 1698/2854/3813 1702/2855/3814 1701/2856/3815 1699/2857/3816
f 3756/2858/3817 3757/2859/3818 3754/2849/3819 3753/2848/3820
f 3774/2860/3821 3778/2861/3822 3776/2862/3823 3773/2863/3824
f 3758/2864/3825 3760/2865/3826 3756/2858/3827 3755/2866/3828
f 1707/2867/3829 1708/2837/3830 1704/2836/3831 1705/2868/3832
f 1723/2869/3833 1720/2828/3834 1718/2831/3835 1721/2870/3836
f 1710/2871/3837 1711/2872/3838 1708/2837/3839 1707/2867/3840
f 3764/2873/3841 3767/2874/3842 3765/2875/3843 3761/2876/3844
f 5807/2220/3845 5812/2877/3846 5811/2878/3847 5809/2221/3848
f 3781/2879/3849 3784/2880/3850 3782/2881/3851 3779/2882/3852
f 3768/2883/3853 3771/2884/3854 3770/2885/3855 3769/2886/3856
f 4298/2887/3857 4300/2888/3858 4299/2889/3859 4295/1011/3860
f 3772/2890/3861 3775/2891/3862 3774/2860/3863 3771/2884/3864
f 5085/2892/3865 5088/2893/3866 5087/2894/3867 5084/2895/3868
f 4207/2896/3869 4210/2720/3870 4208/2722/3871 4206/2897/3872
f 1737/2898/3873 1739/2899/3874 1736/2900/3875 1733/2901/3876
f 4244/1202/3877 4245/2902/3878 4242/1597/3879 4241/1203/3880
f 5819/2817/3881 5823/2181/3882 5821/2903/3883 5822/2904/3884
f 4773/2905/3885 4774/2906/3886 4772/2907/3887 4770/2908/3888
f 4320/332/3889 4321/2909/3890 4318/2910/3891 4317/654/3892
f 1728/2911/3893 1732/2912/3894 1731/2913/3895 1729/2914/3896
f 3784/2880/3897 3787/2915/3898 3785/2916/3899 3782/2881/3900
f 3791/2917/3901 3792/2918/3902 3789/2919/3903 3788/2920/3904
f 1736/2900/3905 1740/2921/3906 1738/2922/3907 1734/2923/3908
f 3793/2924/3909 3795/2925/3910 3792/2918/3911 3791/2917/3912
f 5837/2926/3913 5838/377/3914 5835/380/3915 5834/2927/3916
f 1757/2928/3917 1759/2929/3918 1756/2930/3919 1754/2931/3920
f 5840/2932/3921 5841/2933/3922 5838/377/3923 5837/2926/3924
f 1760/2934/3925 1762/2935/3926 1759/2929/3927 1757/2928/3928
f 5841/2933/3929 5845/2936/3930 5844/2937/3931 5842/2938/3932
f 1749/2939/3933 1750/2940/3934 1746/2941/3935 1747/2942/3936
f 4634/2943/3937 4638/801/3938 4636/804/3939 4631/2944/3940
f 4616/2945/3941 4618/430/3942 4614/858/3943 4613/1054/3944
f 1766/2946/3945 1768/2947/3946 1764/2948/3947 1763/2949/3948
f 5863/2950/3949 5866/2951/3950 5865/2636/3951 5862/2635/3952
f 3809/2952/3953 3814/2953/3954 3813/2954/3955 3811/2955/3956
f 3811/2955/3957 3813/2954/3958 3812/2956/3959 3810/2957/3960
f 1773/2958/3961 1775/2959/3962 1772/2960/3963 1769/2961/3964
f 5417/2962/3965 5419/2192/3966 5414/2191/3967 5413/2963/3968
f 4143/74/3969 4146/73/3970 4145/2585/3971 4144/2964/3972
f 4992/2965/3973 4995/1360/3974 4993/1363/3975 4990/2966/3976
f 1778/2967/3977 1780/2968/3978 1779/2969/3979 1776/2970/3980
f 1764/2948/3981 1768/2947/3982 1767/2971/3983 1765/2972/3984
f 5876/2973/3985 5879/2974/3986 5877/2975/3987 5873/2976/3988
f 4404/2977/3989 4403/1204/3990 4400/1207/3991 4401/2978/3992
f 1772/2960/3993 1776/2970/3994 1774/2979/3995 1770/2980/3996
f 1788/2981/3997 1792/397/3998 1790/400/3999 1789/2982/4000
f 3831/2983/4001 3834/2984/4002 3833/2985/4003 3830/2986/4004
f 3833/2985/4005 3835/2987/4006 3832/2988/4007 3830/2986/4008
f 2311/406/4009 2307/405/4010 2308/2989/4011 2306/414/4012
f 1782/2990/4013 1783/2991/4014 1779/2969/4015 1780/2968/4016
f 4461/228/4017 4462/2992/4018 4459/2037/4019 4458/229/4020
f 1785/2993/4021 1786/2994/4022 1783/2991/4023 1782/2990/4024
f 5821/2903/4025 5823/2181/4026 5820/2180/4027 5824/2995/4028
f 1788/2981/4029 1789/2982/4030 1786/2994/4031 1785/2993/4032
f 2587/869/4033 2589/877/4034 2588/872/4035 2585/870/4036
f 5900/2996/4037 5902/2997/4038 5899/1568/4039 5897/2998/4040
f 3332/1251/4041 3337/2999/4042 3336/3000/4043 3334/1252/4044
f 5647/476/4045 5650/3001/4046 5648/3002/4047 5645/477/4048
f 3848/3003/4049 3850/3004/4050 3849/3005/4051 3846/3006/4052
f 5907/3007/4053 5908/3008/4054 5906/3009/4055 5903/3010/4056
f 1812/391/4057 1814/3011/4058 1811/3012/4059 1808/3013/4060
f 3854/3014/4061 3856/3015/4062 3853/3016/4063 3851/3017/4064
f 5110/2846/4065 5113/1346/4066 5112/3018/4067 5109/3019/4068
f 3857/3020/4069 3859/3021/4070 3856/3015/4071 3854/3014/4072
f 1818/3022/4073 1819/3023/4074 1817/3024/4075 1815/390/4076
f 4247/151/4077 4248/3025/4078 4245/2902/4079 4244/1202/4080
f 1810/392/4081 1812/391/4082 1808/3013/4083 1805/3026/4084
f 1824/3027/4085 1827/3028/4086 1826/3029/4087 1823/3030/4088
f 5269/3031/4089 5270/2589/4090 5267/3032/4091 5268/3033/4092
f 4407/3034/4093 4406/3035/4094 4403/1204/4095 4404/2977/4096
f 4687/2430/4097 4689/2259/4098 4686/2630/4099 4684/2629/4100
f 1831/3036/4101 1834/3037/4102 1832/3038/4103 1829/3039/4104
f 3889/3040/4105 3892/3041/4106 3890/3042/4107 3887/3043/4108
f 3872/3044/4109 3875/3045/4110 3873/3046/4111 3870/3047/4112
f 3876/3048/4113 3877/3049/4114 3875/3045/4115 3872/3044/4116
f 3878/3050/4117 3880/3051/4118 3876/3048/4119 3874/3052/4120
f 3878/3050/4121 3883/3053/4122 3881/3054/4123 3880/3051/4124
f 5136/1289/4125 5139/3055/4126 5137/3056/4127 5135/3057/4128
f 3881/3054/4129 3885/3058/4130 3884/3059/4131 3882/3060/4132
f 1830/3061/4133 1831/3036/4134 1827/3028/4135 1828/3062/4136
f 3883/3053/4137 3886/3063/4138 3885/3058/4139 3881/3054/4140
f 1833/3064/4141 1834/3037/4142 1831/3036/4143 1830/3061/4144
f 5736/2118/4145 5738/3065/4146 5735/3066/4147 5733/2119/4148
f 1839/3067/4149 1834/3037/4150 1833/3064/4151 1836/3068/4152
f 5706/3069/4153 5709/979/4154 5708/982/4155 5705/3070/4156
f 5947/3071/4157 5950/3072/4158 5948/3073/4159 5945/3074/4160
f 5431/2489/4161 5434/3075/4162 5433/3076/4163 5430/2490/4164
f 5305/2138/4165 5308/2137/4166 5306/3077/4167 5303/3078/4168
f 5954/403/4169 5956/3079/4170 5955/3080/4171 5952/3081/4172
f 5533/3082/4173 5537/3083/4174 5534/2403/4175 5531/2394/4176
f 3934/3084/4177 3936/3085/4178 3935/3086/4179 3932/3087/4180
f 3905/3088/4181 3907/3089/4182 3904/3090/4183 3902/3091/4184
f 5843/3092/4185 5845/2936/4186 5841/2933/4187 5840/2932/4188
f 5427/2491/4189 5430/2490/4190 5429/3093/4191 5428/3094/4192
f 3924/3095/4193 3928/3096/4194 3926/3097/4195 3925/3098/4196
f 5414/2191/4197 5416/2194/4198 5415/3099/4199 5411/3100/4200
f 5913/3101/4201 5914/1677/4202 5911/3102/4203 5910/3103/4204
f 4960/3104/4205 4963/3105/4206 4961/3106/4207 4958/1392/4208
f 5959/402/4209 5958/3107/4210 5956/3079/4211 5954/403/4212
f 1908/3108/4213 1911/3109/4214 1910/3110/4215 1904/3111/4216
f 3917/3112/4217 3920/3113/4218 3918/3114/4219 3919/3115/4220
f 1880/3116/4221 1881/3117/4222 1879/3118/4223 1878/3119/4224
f 3921/3120/4225 3922/3121/4226 3920/3113/4227 3917/3112/4228
f 1884/3122/4229 1885/3123/4230 1882/3124/4231 1881/3117/4232
f 3926/3097/4233 3927/3125/4234 3923/3126/4235 3925/3098/4236
f 1887/3127/4237 1888/3128/4238 1885/3123/4239 1884/3122/4240
f 4270/3129/4241 4273/279/4242 4272/270/4243 4268/269/4244
f 3928/3096/4245 3931/3130/4246 3929/3131/4247 3926/3097/4248
f 3945/3132/4249 3949/3133/4250 3947/3134/4251 3944/3135/4252
f 1878/3119/4253 1879/3118/4254 1875/3136/4255 1876/3137/4256
f 3931/3130/4257 3934/3084/4258 3932/3087/4259 3929/3131/4260
f 3938/3138/4261 3939/3139/4262 3935/3086/4263 3936/3085/4264
f 5966/3140/4265 5968/3141/4266 5965/297/4267 5963/308/4268
f 3939/3139/4269 3940/3142/4270 3937/3143/4271 3935/3086/4272
f 5235/3144/4273 5236/3145/4274 5234/3146/4275 5232/3147/4276
f 3942/3148/4277 3943/3149/4278 3940/3142/4279 3939/3139/4280
f 4570/764/4281 4565/763/4282 4562/3150/4283 4568/1478/4284
f 3942/3148/4285 3945/3132/4286 3944/3135/4287 3943/3149/4288
f 1906/3151/4289 1908/3108/4290 1904/3111/4291 1905/3152/4292
f 3962/3153/4293 3965/3154/4294 3963/3155/4295 3961/3156/4296
f 1925/3157/4297 1926/3158/4298 1923/3159/4299 1922/3160/4300
f 4391/879/4301 4392/882/4302 4389/3161/4303 4388/3162/4304
f 5576/1489/4305 5577/1492/4306 5574/3163/4307 5573/3164/4308
f 5943/3165/4309 5947/3071/4310 5945/3074/4311 5941/3166/4312
f 4707/3167/4313 4708/3168/4314 4705/2686/4315 4704/3169/4316
f 1899/3170/4317 1903/3171/4318 1902/3172/4319 1900/3173/4320
f 3955/3174/4321 3958/3175/4322 3956/3176/4323 3953/3177/4324
f 1904/3111/4325 1909/3178/4326 1907/3179/4327 1905/3152/4328
f 3960/3180/4329 3962/3153/4330 3961/3156/4331 3959/3181/4332
f 3964/3182/4333 3969/3183/4334 3968/3184/4335 3966/3185/4336
f 3966/3185/4337 3967/3186/4338 3965/3154/4339 3962/3153/4340
f 3968/3184/4341 3970/3187/4342 3967/3186/4343 3966/3185/4344
f 3984/3188/4345 3987/3189/4346 3986/3190/4347 3983/3191/4348
f 3971/3192/4349 3973/3193/4350 3970/3187/4351 3968/3184/4352
f 3987/3189/4353 3990/3194/4354 3989/3195/4355 3986/3190/4356
f 3974/3196/4357 3975/3197/4358 3973/3193/4359 3971/3192/4360
f 3974/3196/4361 3978/3198/4362 3977/3199/4363 3975/3197/4364
f 1937/3200/4365 1938/3201/4366 1935/3202/4367 1934/3203/4368
f 4394/881/4369 4396/3204/4370 4393/3205/4371 4392/882/4372
f 3979/3206/4373 3982/3207/4374 3981/3208/4375 3978/3198/4376
f 4752/1080/4377 4751/1079/4378 4749/3209/4379 4748/3210/4380
f 4910/1359/4381 4913/1358/4382 4911/3211/4383 4912/3212/4384
f 5439/1470/4385 5442/3213/4386 5441/3214/4387 5438/1525/4388
f 3985/3215/4389 3988/3216/4390 3987/3189/4391 3984/3188/4392
f 4749/3209/4393 4750/3217/4394 4746/3218/4395 4747/3219/4396
f 3988/3216/4397 3991/3220/4398 3990/3194/4399 3987/3189/4400
f 1952/3221/4401 1953/3222/4402 1949/3223/4403 1950/3224/4404
f 3991/3220/4405 3994/3225/4406 3993/3226/4407 3990/3194/4408
f 4218/3227/4409 4217/3228/4410 4214/431/4411 4216/3229/4412
f 1938/3201/4413 1942/3230/4414 1941/3231/4415 1939/3232/4416
f 3994/3225/4417 3997/3233/4418 3996/3234/4419 3993/3226/4420
f 4002/3235/4421 4003/3236/4422 3998/3237/4423 3999/3238/4424
f 3996/3234/4425 3999/3238/4426 3998/3237/4427 3995/3239/4428
f 5104/2506/4429 5107/3240/4430 5106/3241/4431 5103/2507/4432
f 4017/3242/4433 4020/3243/4434 4018/3244/4435 4016/3245/4436
f 4005/3246/4437 4006/3247/4438 4003/3236/4439 4002/3235/4440
f 4397/3248/4441 4399/3249/4442 4396/3204/4443 4394/881/4444
f 4007/3250/4445 4008/3251/4446 4005/3246/4447 4004/3252/4448
f 5264/1511/4449 5266/3253/4450 5263/2350/4451 5262/1512/4452
f 4011/3254/4453 4012/3255/4454 4009/3256/4455 4008/3251/4456
f 5906/3009/4457 5911/3102/4458 5909/3257/4459 5904/3258/4460
f 4574/1652/4461 4575/1651/4462 4572/1477/4463 4571/1476/4464
f 4237/3259/4465 4240/2487/4466 4238/215/4467 4236/218/4468
f 4014/3260/4469 4017/3242/4470 4016/3245/4471 4013/3261/4472
f 1977/3262/4473 1979/3263/4474 1976/3264/4475 1974/3265/4476
f 1965/3266/4477 1966/3267/4478 1962/3268/4479 1963/3269/4480
f 5594/3270/4481 5598/3271/4482 5596/3272/4483 5591/3273/4484
f 5047/3274/4485 5050/1558/4486 5049/1557/4487 5046/3275/4488
f 1972/3276/4489 1974/3265/4490 1970/3277/4491 1967/3278/4492
f 4042/3279/4493 4045/3280/4494 4043/3281/4495 4040/3282/4496
f 5798/3283/4497 5800/3284/4498 5797/3285/4499 5795/3286/4500
f 2006/3287/4501 2009/3288/4502 2007/3289/4503 2004/3290/4504
f 4032/3291/4505 4035/3292/4506 4033/3293/4507 4030/3294/4508
f 4037/3295/4509 4038/3296/4510 4033/3293/4511 4035/3292/4512
f 1995/3297/4513 1998/3298/4514 1996/3299/4515 1993/3300/4516
f 1998/3298/4517 2001/3301/4518 1999/3302/4519 1996/3299/4520
f 1989/3303/4521 1987/3304/4522 1982/3305/4523 1985/3306/4524
f 2001/3301/4525 2004/3290/4526 2002/3307/4527 1999/3302/4528
f 2004/3290/4529 2007/3289/4530 2005/3308/4531 2002/3307/4532
f 4045/3280/4533 4048/3309/4534 4046/3310/4535 4043/3281/4536
f 2007/3289/4537 2010/3311/4538 2008/3312/4539 2005/3308/4540
f 4048/3309/4541 4051/3313/4542 4049/3314/4543 4046/3310/4544
f 5252/3315/4545 5254/3316/4546 5250/3317/4547 5249/3318/4548
f 4051/3313/4549 4054/3319/4550 4052/3320/4551 4049/3314/4552
f 4053/3321/4553 4057/3322/4554 4056/3323/4555 4054/3319/4556
f 4054/3319/4557 4056/3323/4558 4055/3324/4559 4052/3320/4560
f 4056/3323/4561 4059/3325/4562 4058/3326/4563 4055/3324/4564
f 4057/3322/4565 4060/3327/4566 4059/3325/4567 4056/3323/4568
f 2021/3328/4569 2022/3329/4570 2019/3330/4571 2018/3331/4572
f 4060/3327/4573 4063/3332/4574 4061/3333/4575 4059/3325/4576
f 4065/3334/4577 4062/3335/4578 4061/3333/4579 4064/3336/4580
f 4063/3332/4581 4066/3337/4582 4064/3336/4583 4061/3333/4584
f 4068/3338/4585 4065/3334/4586 4064/3336/4587 4067/3339/4588
f 5578/3340/4589 5581/3341/4590 5580/1490/4591 5576/1489/4592
f 4071/3342/4593 4068/3338/4594 4067/3339/4595 4070/3343/4596
f 4500/663/4597 4501/3344/4598 4499/3345/4599 4497/3346/4600
f 5634/3347/4601 5635/1415/4602 5630/1414/4603 5632/3348/4604
f 4074/3349/4605 4071/3342/4606 4070/3343/4607 4073/3350/4608
f 5186/3351/4609 5188/1791/4610 5185/1790/4611 5183/3352/4612
f 4075/3353/4613 4078/3354/4614 4076/3355/4615 4073/3350/4616
f 2036/3356/4617 2040/3357/4618 2039/3358/4619 2037/3359/4620
f 4078/3354/4621 4081/3360/4622 4079/3361/4623 4076/3355/4624
f 5777/3362/4625 5779/2809/4626 5775/2375/4627 5774/3363/4628
f 4081/3360/4629 4084/3364/4630 4082/3365/4631 4079/3361/4632
f 4115/210/4633 4117/209/4634 4114/22/4635 4113/21/4636
f 4204/3366/4637 4207/2896/4638 4206/2897/4639 4203/491/4640
f 4085/3367/4641 4088/3368/4642 4086/3369/4643 4087/3370/4644
f 1023/3371/4645 1026/3372/4646 1025/3373/4647 1022/3374/4648
f 5704/2420/4649 5706/3069/4650 5705/3070/4651 5702/2421/4652
f 1538/3375/4653 1540/3376/4654 1539/3377/4655 1536/2571/4656
f 4095/813/4657 4096/812/4658 4091/3378/4659 4093/3379/4660
f 5878/3380/4661 5880/886/4662 5876/2973/4663 5875/3381/4664
f 5232/3147/4665 5234/3146/4666 5230/2604/4667 5229/456/4668
f 3584/2564/4669 3587/3382/4670 3585/2566/4671 3582/2565/4672
f 2316/418/4673 2314/413/4674 2312/415/4675 2315/3383/4676
f 2101/3384/4677 2104/3385/4678 2103/68/4679 2100/67/4680
f 2050/838/4681 2052/837/4682 2048/829/4683 2045/3386/4684
f 8/3387/4685 10/3388/4686 9/3389/4687 7/3390/4688
f 13/3391/4689 14/3392/4690 11/3393/4691 12/3394/4692
f 4108/3395/4693 4111/24/4694 4110/23/4695 4107/3396/4696
f 4167/1779/4697 4169/1778/4698 4166/3397/4699 4164/3398/4700
f 2072/28/4701 2074/3399/4702 2071/19/4703 2069/17/4704
f 5345/3400/4705 5347/3401/4706 5346/3402/4707 5342/3403/4708
f 20/3404/4709 22/9/4710 21/12/4711 17/3405/4712
f 2066/15/4713 2068/18/4714 2063/6/4715 2060/5/4716
f 2068/18/4717 2067/20/4718 2065/3406/4719 2063/6/4720
f 2079/29/4721 2082/38/4722 2081/35/4723 2078/30/4724
f 4523/3407/4725 4524/3408/4726 4522/3409/4727 4520/3410/4728
f 2084/40/4729 2086/3411/4730 2083/36/4731 2081/35/4732
f 30/3412/4733 32/3413/4734 31/3414/4735 29/3415/4736
f 2103/68/4737 2107/3416/4738 2105/3417/4739 2102/69/4740
f 5210/2466/4741 5212/3418/4742 5209/3419/4743 5208/2467/4744
f 36/3420/4745 35/3421/4746 33/3422/4747 34/3423/4748
f 36/3420/4749 38/3424/4750 37/3425/4751 35/3421/4752
f 5512/3426/4753 5511/2367/4754 5508/911/4755 5509/910/4756
f 4768/3427/4757 4770/2908/4758 4767/1072/4759 4765/1071/4760
f 4141/3428/4761 4136/2742/4762 4137/1066/4763 4140/1065/4764
f 2098/3429/4765 2100/67/4766 2099/70/4767 2097/3430/4768
f 5347/3401/4769 5350/1719/4770 5348/1722/4771 5346/3402/4772
f 2084/40/4773 2089/42/4774 2088/3431/4775 2086/3411/4776
f 45/3432/4777 46/3433/4778 44/3434/4779 41/3435/4780
f 2089/42/4781 2092/57/4782 2091/3436/4783 2088/3431/4784
f 65/86/4785 68/85/4786 66/3437/4787 67/3438/4788
f 2092/57/4789 2095/56/4790 2094/3439/4791 2091/3436/4792
f 53/3440/4793 54/3441/4794 52/3442/4795 51/3443/4796
f 2095/56/4797 2098/3429/4798 2097/3430/4799 2094/3439/4800
f 4664/3444/4801 4666/187/4802 4663/900/4803 4661/3445/4804
f 5322/3446/4805 5326/3447/4806 5325/3448/4807 5323/3449/4808
f 4250/150/4809 4251/3450/4810 4248/3025/4811 4247/151/4812
f 60/3451/4813 62/3452/4814 61/3453/4815 59/3454/4816
f 77/3455/4817 80/3456/4818 79/3457/4819 78/3458/4820
f 2106/3459/4821 2107/3416/4822 2103/68/4823 2104/3385/4824
f 2120/95/4825 2122/3460/4826 2119/93/4827 2117/92/4828
f 2109/3461/4829 2110/87/4830 2107/3416/4831 2106/3459/4832
f 4164/3398/4833 4166/3397/4834 4163/76/4835 4160/75/4836
f 2112/66/4837 2113/65/4838 2110/87/4839 2109/3461/4840
f 71/3462/4841 72/3463/4842 70/84/4843 69/83/4844
f 5369/3464/4845 5372/3465/4846 5370/1837/4847 5366/3466/4848
f 5200/3467/4849 5202/3468/4850 5199/1830/4851 5197/3469/4852
f 75/3470/4853 76/3471/4854 74/3472/4855 73/3473/4856
f 77/3455/4857 78/3458/4858 76/3471/4859 75/3470/4860
f 4526/3474/4861 4529/3475/4862 4527/3476/4863 4528/3477/4864
f 81/3478/4865 82/3479/4866 79/3457/4867 80/3456/4868
f 2141/124/4869 2142/127/4870 2139/3480/4871 2138/98/4872
f 2126/106/4873 2130/112/4874 2128/115/4875 2123/3481/4876
f 87/3482/4877 88/3483/4878 86/101/4879 85/100/4880
f 89/133/4881 92/132/4882 90/3484/4883 91/3485/4884
f 2146/3486/4885 2149/3487/4886 2147/128/4887 2144/125/4888
f 4173/80/4889 4175/3488/4890 4172/1777/4891 4170/81/4892
f 5037/3489/4893 5040/3490/4894 5039/1131/4895 5036/3491/4896
f 4313/2827/4897 4314/292/4898 4311/295/4899 4310/3492/4900
f 4191/325/4901 4193/3493/4902 4190/3494/4903 4188/326/4904
f 4194/144/4905 4195/147/4906 4193/3493/4907 4191/325/4908
f 2155/143/4909 2158/3495/4910 2156/152/4911 2153/138/4912
f 101/3496/4913 103/3497/4914 100/3498/4915 99/3499/4916
f 4199/3500/4917 4201/490/4918 4198/145/4919 4196/3501/4920
f 4199/3500/4921 4204/3366/4922 4203/491/4923 4201/490/4924
f 2161/153/4925 2164/3502/4926 2162/3503/4927 2159/154/4928
f 4332/1854/4929 4333/3504/4930 4330/621/4931 4329/60/4932
f 2164/3502/4933 2167/175/4934 2165/178/4935 2162/3503/4936
f 4208/2722/4937 4209/3505/4938 4205/3506/4939 4206/2897/4940
f 111/161/4941 115/173/4942 113/3507/4943 109/162/4944
f 128/3508/4945 130/3509/4946 129/3510/4947 127/3511/4948
f 2170/176/4949 2173/3512/4950 2171/3513/4951 2168/177/4952
f 5567/3514/4953 5568/3515/4954 5563/2402/4955 5565/2401/4956
f 2160/3516/4957 2161/153/4958 2156/152/4959 2158/3495/4960
f 4332/1854/4961 4335/3517/4962 4334/3518/4963 4333/3504/4964
f 2163/3519/4965 2164/3502/4966 2161/153/4967 2160/3516/4968
f 5353/1720/4969 5356/1538/4970 5354/1541/4971 5351/1721/4972
f 2166/3520/4973 2167/175/4974 2164/3502/4975 2163/3519/4976
f 124/3521/4977 126/3522/4978 125/3523/4979 123/3524/4980
f 2169/3525/4981 2170/176/4982 2167/175/4983 2166/3520/4984
f 4223/3526/4985 4228/3527/4986 4227/3528/4987 4224/3529/4988
f 2172/3530/4989 2173/3512/4990 2170/176/4991 2169/3525/4992
f 130/3509/4993 132/3531/4994 131/3532/4995 129/3510/4996
f 2175/3533/4997 2176/3534/4998 2173/3512/4999 2172/3530/5000
f 5694/1949/5001 5695/1952/5002 5693/3535/5003 5690/2682/5004
f 2178/3536/5005 2179/164/5006 2176/3534/5007 2175/3533/5008
f 136/3537/5009 138/3538/5010 137/3539/5011 135/3540/5012
f 2181/3541/5013 2182/165/5014 2179/164/5015 2178/3536/5016
f 4653/266/5017 4654/354/5018 4651/3542/5019 4650/267/5020
f 4365/788/5021 4367/3543/5022 4364/3544/5023 4362/789/5024
f 2198/3545/5025 2199/3546/5026 2197/3547/5027 2196/3548/5028
f 147/3549/5029 148/3550/5030 146/3551/5031 143/3552/5032
f 2206/3553/5033 2207/3554/5034 2205/206/5035 2204/205/5036
f 151/214/5037 152/213/5038 150/3555/5039 149/3556/5040
f 2226/3557/5041 2227/3558/5042 2225/262/5043 2224/261/5044
f 5690/2682/5045 5693/3535/5046 5691/3559/5047 5688/3560/5048
f 157/219/5049 160/3561/5050 159/3562/5051 158/220/5052
f 2216/258/5053 2217/257/5054 2215/250/5055 2214/249/5056
f 163/234/5057 164/233/5058 161/3563/5059 162/3564/5060
f 2220/3565/5061 2221/3566/5062 2219/256/5063 2218/255/5064
f 2222/264/5065 2223/263/5066 2221/3566/5067 2220/3565/5068
f 167/3567/5069 170/3568/5070 168/3569/5071 169/3570/5072
f 171/248/5073 172/247/5074 170/3568/5075 167/3567/5076
f 2230/3571/5077 2231/3572/5078 2229/3573/5079 2228/3574/5080
f 2232/3575/5081 2233/3576/5082 2231/3572/5083 2230/3571/5084
f 5849/3577/5085 5854/2015/5086 5850/2038/5087 5851/3578/5088
f 5483/370/5089 5486/369/5090 5484/2326/5091 5485/3579/5092
f 5680/3580/5093 5679/2658/5094 5676/651/5095 5677/3581/5096
f 2240/3582/5097 2241/3583/5098 2239/3584/5099 2238/3585/5100
f 2242/3586/5101 2243/3587/5102 2241/3583/5103 2240/3582/5104
f 4435/647/5105 4438/3588/5106 4436/3589/5107 4433/648/5108
f 4287/3590/5109 4288/1370/5110 4285/2112/5111 4284/2111/5112
f 191/3591/5113 194/3592/5114 192/3593/5115 193/3594/5116
f 5042/1132/5117 5046/3275/5118 5045/3595/5119 5043/1129/5120
f 2254/3596/5121 2255/3597/5122 2253/3598/5123 2252/3599/5124
f 201/3600/5125 202/3601/5126 199/3602/5127 200/3603/5128
f 4594/3604/5129 4596/3605/5130 4593/785/5131 4591/3606/5132
f 5357/1540/5133 5358/3607/5134 5355/3608/5135 5354/1541/5136
f 4502/662/5137 4504/3609/5138 4501/3344/5139 4500/663/5140
f 223/3610/5141 226/334/5142 225/337/5143 224/3611/5144
f 2266/3612/5145 2267/3613/5146 2265/329/5147 2264/328/5148
f 4310/3492/5149 4311/295/5150 4307/859/5151 4308/3614/5152
f 4311/295/5153 4312/294/5154 4309/860/5155 4307/859/5156
f 217/3615/5157 218/3616/5158 215/3617/5159 216/3618/5160
f 219/3619/5161 220/3620/5162 218/3616/5163 217/3615/5164
f 4261/3621/5165 4264/3622/5166 4262/2064/5167 4259/251/5168
f 223/3610/5169 224/3611/5170 222/3623/5171 221/3624/5172
f 259/3625/5173 260/3626/5174 257/3627/5175 258/3628/5176
f 4123/3629/5177 4126/3630/5178 4125/2050/5179 4122/32/5180
f 5501/2352/5181 5503/2351/5182 5500/3631/5183 5499/3632/5184
f 2288/3633/5185 2289/3634/5186 2287/3635/5187 2286/3636/5188
f 4106/3637/5189 4108/3395/5190 4105/3638/5191 4103/3639/5192
f 234/3640/5193 236/348/5194 235/351/5195 233/3641/5196
f 2294/384/5197 2295/383/5198 2293/3642/5199 2292/3643/5200
f 4720/1018/5201 4722/1021/5202 4719/3644/5203 4717/3645/5204
f 5930/3646/5205 5933/3647/5206 5931/3648/5207 5928/3649/5208
f 245/363/5209 248/371/5210 247/374/5211 246/364/5212
f 4347/3650/5213 4348/3651/5214 4343/3652/5215 4344/3653/5216
f 4105/3638/5217 4108/3395/5218 4107/3396/5219 4104/3654/5220
f 253/3655/5221 254/3656/5222 251/376/5223 252/375/5224
f 4125/2050/5225 4128/898/5226 4127/3657/5227 4124/2051/5228
f 255/3658/5229 258/3628/5230 257/3627/5231 256/3659/5232
f 2315/3383/5233 2319/3660/5234 2318/426/5235 2316/418/5236
f 2318/426/5237 2320/425/5238 2317/416/5239 2316/418/5240
f 4871/3661/5241 4873/3662/5242 4870/3663/5243 4868/3664/5244
f 266/3665/5245 268/3666/5246 267/3667/5247 265/3668/5248
f 2324/3669/5249 2325/3670/5250 2323/424/5251 2322/423/5252
f 2311/406/5253 2314/413/5254 2313/417/5255 2309/407/5256
f 287/3671/5257 291/3672/5258 288/3673/5259 289/3674/5260
f 274/3675/5261 276/419/5262 275/422/5263 273/3676/5264
f 2377/3677/5265 2379/538/5266 2378/537/5267 2376/520/5268
f 4580/3678/5269 4582/3679/5270 4579/3680/5271 4578/1650/5272
f 4424/3681/5273 4426/544/5274 4421/543/5275 4418/1170/5276
f 5472/533/5277 5470/2213/5278 5469/3682/5279 5471/534/5280
f 281/3683/5281 282/3684/5282 280/3685/5283 279/3686/5284
f 299/3687/5285 301/487/5286 297/448/5287 296/447/5288
f 4267/3688/5289 4270/3129/5290 4268/269/5291 4265/3689/5292
f 285/3690/5293 286/3691/5294 284/3692/5295 283/3693/5296
f 2346/468/5297 2347/3694/5298 2342/3695/5299 2344/469/5300
f 2331/3696/5301 2332/440/5302 2328/439/5303 2329/3697/5304
f 288/3673/5305 292/3698/5306 290/3699/5307 289/3674/5308
f 2334/3700/5309 2335/445/5310 2332/440/5311 2331/3696/5312
f 293/449/5313 295/3701/5314 292/3698/5315 288/3673/5316
f 2339/3702/5317 2341/452/5318 2336/451/5319 2340/3703/5320
f 2354/462/5321 2356/461/5322 2352/480/5323 2351/479/5324
f 2343/470/5325 2344/469/5326 2341/452/5327 2339/3702/5328
f 301/487/5329 303/463/5330 302/466/5331 300/488/5332
f 2362/3704/5333 2365/3705/5334 2360/3706/5335 2361/3707/5336
f 5255/1944/5337 5256/1522/5338 5254/3316/5339 5252/3315/5340
f 2363/3708/5341 2365/3705/5342 2362/3704/5343 2364/3709/5344
f 307/464/5345 310/506/5346 308/3710/5347 305/465/5348
f 4285/2112/5349 4288/1370/5350 4286/1373/5351 4283/3711/5352
f 2384/3712/5353 2386/3713/5354 2382/536/5355 2381/535/5356
f 2352/480/5357 2356/461/5358 2355/3714/5359 2353/3715/5360
f 2370/515/5361 2369/3716/5362 2366/3717/5363 2368/516/5364
f 2356/461/5365 2359/460/5366 2358/3718/5367 2355/3714/5368
f 4902/2230/5369 4903/3719/5370 4900/3720/5371 4899/2231/5372
f 4921/1344/5373 4923/1343/5374 4920/524/5375 4918/523/5376
f 5250/3317/5377 5254/3316/5378 5253/3721/5379 5251/3722/5380
f 2367/517/5381 2368/516/5382 2365/3705/5383 2363/3708/5384
f 4421/543/5385 4423/546/5386 4422/3723/5387 4419/1171/5388
f 4424/3681/5389 4429/3724/5390 4428/2211/5391 4426/544/5392
f 4649/268/5393 4650/267/5394 4647/1799/5395 4646/1798/5396
f 345/3725/5397 348/3726/5398 347/3727/5399 346/3728/5400
f 4604/1389/5401 4606/1388/5402 4603/3729/5403 4602/2150/5404
f 348/3726/5405 350/3730/5406 349/3731/5407 347/3727/5408
f 2390/3732/5409 2395/539/5410 2391/542/5411 2392/3733/5412
f 5927/3734/5413 5930/3646/5414 5928/3649/5415 5924/3735/5416
f 4451/1115/5417 4453/1114/5418 4449/3736/5419 4448/552/5420
f 339/3737/5421 340/3738/5422 338/3739/5423 335/3740/5424
f 341/3741/5425 342/3742/5426 340/3738/5427 339/3737/5428
f 2382/536/5429 2386/3713/5430 2385/3743/5431 2383/3744/5432
f 343/3745/5433 344/3746/5434 342/3742/5435 341/3741/5436
f 2386/3713/5437 2389/3747/5438 2388/3748/5439 2385/3743/5440
f 2402/571/5441 2406/3749/5442 2405/575/5443 2403/572/5444
f 2393/3750/5445 2395/539/5446 2390/3732/5447 2394/3751/5448
f 2406/3749/5449 2409/3752/5450 2408/586/5451 2405/575/5452
f 2397/570/5453 2398/540/5454 2395/539/5455 2393/3750/5456
f 4317/654/5457 4318/2910/5458 4315/293/5459 4314/292/5460
f 360/3753/5461 362/591/5462 358/582/5463 356/581/5464
f 5583/3754/5465 5584/2458/5466 5580/1490/5467 5581/3341/5468
f 5082/1632/5469 5083/3755/5470 5080/588/5471 5078/587/5472
f 377/3756/5473 380/3757/5474 378/3758/5475 376/3759/5476
f 365/598/5477 362/591/5478 360/3753/5479 363/3760/5480
f 4478/3761/5481 4479/3762/5482 4476/627/5483 4477/3763/5484
f 366/3764/5485 369/608/5486 367/611/5487 368/3765/5488
f 4481/3766/5489 4482/3767/5490 4479/3762/5491 4478/3761/5492
f 370/3768/5493 372/3769/5494 369/608/5495 366/3764/5496
f 2430/625/5497 2431/3770/5498 2426/613/5499 2428/612/5500
f 2417/3771/5501 2419/595/5502 2414/594/5503 2418/3772/5504
f 378/3758/5505 379/3773/5506 374/3774/5507 376/3759/5508
f 2421/3775/5509 2422/604/5510 2419/595/5511 2417/3771/5512
f 4479/3762/5513 4480/3776/5514 4475/628/5515 4476/627/5516
f 2424/3777/5517 2425/605/5518 2422/604/5519 2421/3775/5520
f 382/3778/5521 384/3779/5522 383/3780/5523 381/3781/5524
f 2427/3782/5525 2428/612/5526 2425/605/5527 2424/3777/5528
f 5393/3783/5529 5396/3784/5530 5394/3785/5531 5390/3786/5532
f 389/3787/5533 390/3788/5534 388/3789/5535 387/3790/5536
f 387/3790/5537 388/3789/5538 386/3791/5539 385/3792/5540
f 391/3793/5541 392/3794/5542 390/3788/5543 389/3787/5544
f 5951/404/5545 5954/403/5546 5952/3081/5547 5953/3795/5548
f 5616/2524/5549 5620/3796/5550 5618/3797/5551 5615/3798/5552
f 394/3799/5553 396/3800/5554 395/3801/5555 393/3802/5556
f 2456/3803/5557 2457/3804/5558 2454/3805/5559 2453/3806/5560
f 2444/3807/5561 2445/645/5562 2441/631/5563 2443/3808/5564
f 2459/3809/5565 2461/3810/5566 2457/3804/5567 2456/3803/5568
f 4295/1011/5569 4299/2889/5570 4297/3811/5571 4293/1012/5572
f 5226/457/5573 5227/2605/5574 5221/1563/5575 5223/1562/5576
f 406/3812/5577 408/3813/5578 407/3814/5579 405/3815/5580
f 5064/3816/5581 5067/1610/5582 5066/1613/5583 5063/3817/5584
f 5081/1631/5585 5085/2892/5586 5084/2895/5587 5082/1632/5588
f 5949/3818/5589 5950/3072/5590 5947/3071/5591 5946/3819/5592
f 5069/1612/5593 5071/3820/5594 5068/3821/5595 5066/1613/5596
f 2470/3822/5597 2473/3823/5598 2471/3824/5599 2468/3825/5600
f 5775/2375/5601 5779/2809/5602 5778/2812/5603 5776/2376/5604
f 2457/3804/5605 2461/3810/5606 2460/3826/5607 2458/3827/5608
f 2473/3823/5609 2475/689/5610 2474/3828/5611 2471/3824/5612
f 2465/3829/5613 2467/669/5614 2462/668/5615 2466/3830/5616
f 422/665/5617 424/3831/5618 423/3832/5619 421/666/5620
f 2469/3833/5621 2470/3822/5622 2467/669/5623 2465/3829/5624
f 5038/3834/5625 5035/3835/5626 5033/3836/5627 5036/3491/5628
f 2472/3837/5629 2473/3823/5630 2470/3822/5631 2469/3833/5632
f 431/3838/5633 432/3839/5634 430/3840/5635 429/3841/5636
f 4907/3842/5637 4909/3843/5638 4905/3844/5639 4904/3845/5640
f 2489/3846/5641 2491/703/5642 2488/702/5643 2490/3847/5644
f 2491/703/5645 2494/3848/5646 2492/3849/5647 2486/704/5648
f 4533/2486/5649 4535/2485/5650 4532/3850/5651 4529/3475/5652
f 439/3851/5653 440/3852/5654 437/3853/5655 438/3854/5656
f 5383/3855/5657 5386/3856/5658 5384/3857/5659 5381/3858/5660
f 443/698/5661 444/701/5662 441/3859/5663 442/3860/5664
f 5698/2684/5665 5701/3861/5666 5700/2419/5667 5697/1950/5668
f 446/699/5669 448/709/5670 447/708/5671 445/700/5672
f 2507/3862/5673 2508/3863/5674 2504/726/5675 2505/725/5676
f 2493/3864/5677 2494/3848/5678 2491/703/5679 2489/3846/5680
f 4551/1528/5681 4547/2628/5682 4548/2627/5683 4550/1529/5684
f 2496/3865/5685 2497/718/5686 2494/3848/5687 2493/3864/5688
f 2510/3866/5689 2513/3867/5690 2511/3868/5691 2512/3869/5692
f 2499/722/5693 2500/719/5694 2497/718/5695 2496/3865/5696
f 2513/3867/5697 2515/3870/5698 2514/3871/5699 2511/3868/5700
f 4556/3872/5701 4560/3873/5702 4559/3874/5703 4557/748/5704
f 5379/3875/5705 5383/3855/5706 5381/3858/5707 5377/3876/5708
f 5759/3877/5709 5760/3878/5710 5758/3879/5711 5756/3880/5712
f 2535/783/5713 2537/782/5714 2539/3881/5715 2540/3882/5716
f 5088/2893/5717 5091/3883/5718 5090/3884/5719 5087/2894/5720
f 4338/1990/5721 4341/1989/5722 4340/3885/5723 4337/3886/5724
f 2518/3887/5725 2517/749/5726 2513/3867/5727 2510/3866/5728
f 2517/749/5729 2516/752/5730 2515/3870/5731 2513/3867/5732
f 2529/768/5733 2533/3888/5734 2531/3889/5735 2528/769/5736
f 470/733/5737 475/3890/5738 474/3891/5739 471/734/5740
f 477/3892/5741 480/3893/5742 479/3894/5743 476/3895/5744
f 4183/1699/5745 4185/108/5746 4182/111/5747 4180/3896/5748
f 480/3893/5749 483/3897/5750 481/3898/5751 479/3894/5752
f 4577/1649/5753 4581/3899/5754 4580/3678/5755 4578/1650/5756
f 2541/793/5757 2543/3900/5758 2539/3881/5759 2537/782/5760
f 5503/2351/5761 5502/3901/5762 5498/3902/5763 5500/3631/5764
f 4103/3639/5765 4105/3638/5766 4102/2/5767 4100/1933/5768
f 5946/3819/5769 5947/3071/5770 5943/3165/5771 5944/3903/5772
f 2532/3904/5773 2533/3888/5774 2529/768/5775 2530/767/5776
f 4602/2150/5777 4603/3729/5778 4601/3905/5779 4599/3906/5780
f 2055/836/5781 2057/3907/5782 2054/1700/5783 2052/837/5784
f 2553/820/5785 2556/819/5786 2555/3908/5787 2552/3909/5788
f 499/3910/5789 495/3911/5790 497/3912/5791 498/3913/5792
f 5539/3914/5793 5542/3915/5794 5541/740/5795 5538/3916/5796
f 2557/818/5797 2560/1691/5798 2559/1694/5799 2556/819/5800
f 504/825/5801 505/828/5802 487/3917/5803 486/796/5804
f 506/3918/5805 508/826/5806 504/825/5807 494/3919/5808
f 10/3388/5809 12/3394/5810 11/3393/5811 9/3389/5812
f 3587/3382/5813 3589/3920/5814 3588/2567/5815 3585/2566/5816
f 4144/2964/5817 4141/3428/5818 4140/1065/5819 4143/74/5820
f 5545/3921/5821 5544/737/5822 5541/740/5823 5542/3915/5824
f 509/3922/5825 511/833/5826 508/826/5827 506/3918/5828
f 515/3923/5829 516/1690/5830 513/3924/5831 512/3925/5832
f 2/3926/5833 4/3927/5834 3/3928/5835 1/3929/5836
f 4541/46/5837 4543/3930/5838 4540/3931/5839 4538/3932/5840
f 2573/852/5841 2577/3933/5842 2574/3934/5843 2570/853/5844
f 4519/2493/5845 4522/3409/5846 4521/3935/5847 4518/3936/5848
f 4898/2232/5849 4899/2231/5850 4896/843/5851 4895/3937/5852
f 2578/3938/5853 2581/3939/5854 2579/3940/5855 2577/3933/5856
f 4705/2686/5857 4708/3168/5858 4706/3941/5859 4703/2687/5860
f 2565/3942/5861 2569/3943/5862 2568/3944/5863 2566/3945/5864
f 2581/3939/5865 2584/868/5866 2583/871/5867 2579/3940/5868
f 530/3946/5869 532/3947/5870 531/3948/5871 529/3949/5872
f 2606/909/5873 2608/908/5874 2605/3950/5875 2603/3951/5876
f 532/3947/5877 534/3952/5878 533/3953/5879 531/3948/5880
f 537/3954/5881 538/3955/5882 535/3956/5883 536/3957/5884
f 534/3952/5885 536/3957/5886 535/3956/5887 533/3953/5888
f 4635/3958/5889 4637/3959/5890 4634/2943/5891 4633/3960/5892
f 4670/275/5893 4673/3961/5894 4667/189/5895 4668/188/5896
f 541/3962/5897 544/3963/5898 543/3964/5899 542/3965/5900
f 558/3966/5901 560/3967/5902 559/3968/5903 557/3969/5904
f 4640/3970/5905 4642/3971/5906 4641/802/5907 4638/801/5908
f 2603/3951/5909 2605/3950/5910 2602/3972/5911 2600/3973/5912
f 563/3974/5913 566/3975/5914 565/3976/5915 564/3977/5916
f 548/3978/5917 550/3979/5918 549/3980/5919 546/3981/5920
f 550/3979/5921 552/3982/5922 551/3983/5923 549/3980/5924
f 2592/876/5925 2596/889/5926 2595/3984/5927 2593/878/5928
f 4936/3985/5929 4939/3986/5930 4938/3987/5931 4935/3988/5932
f 2596/889/5933 2599/888/5934 2598/3989/5935 2595/3984/5936
f 556/3990/5937 558/3966/5938 557/3969/5939 555/3991/5940
f 2599/888/5941 2602/3972/5942 2601/3992/5943 2598/3989/5944
f 561/3993/5945 562/3994/5946 559/3968/5947 560/3967/5948
f 2602/3972/5949 2605/3950/5950 2604/3995/5951 2601/3992/5952
f 5034/3996/5953 5037/3489/5954 5036/3491/5955 5033/3836/5956
f 2605/3950/5957 2608/908/5958 2607/3997/5959 2604/3995/5960
f 4149/2583/5961 4152/54/5962 4151/683/5963 4148/2584/5964
f 2608/908/5965 2611/907/5966 2610/3998/5967 2607/3997/5968
f 4664/3444/5969 4669/3999/5970 4668/188/5971 4666/187/5972
f 2617/4000/5973 2615/915/5974 2612/914/5975 2618/4001/5976
f 4544/45/5977 4546/4002/5978 4543/3930/5979 4541/46/5980
f 572/4003/5981 574/4004/5982 573/4005/5983 570/4006/5984
f 5548/1859/5985 5547/1858/5986 5544/737/5987 5545/3921/5988
f 576/4007/5989 578/924/5990 577/927/5991 575/4008/5992
f 580/925/5993 582/4009/5994 581/4010/5995 579/926/5996
f 582/4009/5997 584/4011/5998 583/4012/5999 581/4010/6000
f 4368/438/6001 4369/4013/6002 4367/3543/6003 4365/788/6004
f 2641/952/6005 2644/965/6006 2642/968/6007 2639/953/6008
f 586/4014/6009 588/4015/6010 587/4016/6011 585/4017/6012
f 5181/4018/6013 5182/4019/6014 5180/4020/6015 5178/4021/6016
f 5888/4022/6017 5885/884/6018 5883/883/6019 5886/4023/6020
f 2647/966/6021 2650/4024/6022 2648/4025/6023 2645/967/6024
f 4689/2259/6025 4690/2258/6026 4688/4026/6027 4686/2630/6028
f 2650/4024/6029 2653/4027/6030 2651/4028/6031 2648/4025/6032
f 4979/4029/6033 4981/4030/6034 4980/4031/6035 4977/4032/6036
f 2640/4033/6037 2641/952/6038 2636/930/6039 2638/929/6040
f 4132/896/6041 4135/4034/6042 4134/2741/6043 4131/897/6044
f 2643/4035/6045 2644/965/6046 2641/952/6047 2640/4033/6048
f 2657/993/6049 2661/990/6050 2658/989/6051 2655/4036/6052
f 2646/4037/6053 2647/966/6054 2644/965/6055 2643/4035/6056
f 620/1008/6057 623/4038/6058 621/4039/6059 618/4040/6060
f 2649/4041/6061 2650/4024/6062 2647/966/6063 2646/4037/6064
f 2666/4042/6065 2667/999/6066 2663/987/6067 2664/994/6068
f 2652/4043/6069 2653/4027/6070 2650/4024/6071 2649/4041/6072
f 627/996/6073 628/4044/6074 626/4045/6075 624/997/6076
f 2659/991/6077 2657/993/6078 2654/4046/6079 2660/4047/6080
f 617/1009/6081 620/1008/6082 618/4040/6083 619/4048/6084
f 614/977/6085 616/4049/6086 615/4050/6087 613/978/6088
f 4715/984/6089 4718/4051/6090 4716/4052/6091 4713/985/6092
f 5530/2373/6093 5533/3082/6094 5531/2394/6095 5529/2374/6096
f 4719/3644/6097 4721/4053/6098 4718/4051/6099 4715/984/6100
f 624/997/6101 626/4045/6102 623/4038/6103 620/1008/6104
f 4722/1021/6105 4723/4054/6106 4721/4053/6107 4719/3644/6108
f 627/996/6109 630/1034/6110 629/4055/6111 628/4044/6112
f 4728/946/6113 4729/1007/6114 4724/4056/6115 4725/1020/6116
f 2670/1001/6117 2674/1004/6118 2673/4057/6119 2671/1002/6120
f 630/1034/6121 634/1033/6122 632/4058/6123 629/4055/6124
f 2674/1004/6125 2677/4059/6126 2676/4060/6127 2673/4057/6128
f 634/1033/6129 637/1039/6130 635/4061/6131 632/4058/6132
f 639/4062/6133 640/4063/6134 635/4061/6135 637/1039/6136
f 653/4064/6137 655/4065/6138 652/4066/6139 650/4067/6140
f 2696/1049/6141 2697/1052/6142 2695/1046/6143 2693/1042/6144
f 5107/3240/6145 5104/2506/6146 5102/4068/6147 5105/4069/6148
f 2681/1016/6149 2686/1031/6150 2685/4070/6151 2683/4071/6152
f 5868/4072/6153 5869/4073/6154 5865/2636/6155 5866/2951/6156
f 2686/1031/6157 2689/1037/6158 2688/4074/6159 2685/4070/6160
f 647/4075/6161 649/4076/6162 646/1027/6163 644/1026/6164
f 2689/1037/6165 2692/1043/6166 2691/1047/6167 2688/4074/6168
f 650/4067/6169 652/4066/6170 649/4076/6171 647/4075/6172
f 2706/1064/6173 2709/1070/6174 2708/4077/6175 2705/4078/6176
f 4748/3210/6177 4749/3209/6178 4747/3219/6179 4745/4079/6180
f 4751/1079/6181 4754/4080/6182 4750/3217/6183 4749/3209/6184
f 656/4081/6185 658/4082/6186 655/4065/6187 653/4064/6188
f 4850/1223/6189 4852/1222/6190 4848/2752/6191 4847/1089/6192
f 4755/1078/6193 4756/4083/6194 4754/4080/6195 4751/1079/6196
f 660/1087/6197 662/1059/6198 661/1062/6199 659/4084/6200
f 680/4085/6201 677/1110/6202 675/4086/6203 678/4087/6204
f 4633/3960/6205 4634/2943/6206 4631/2944/6207 4632/4088/6208
f 4760/892/6209 4763/4089/6210 4761/4090/6211 4758/893/6212
f 667/4091/6213 671/4092/6214 666/1086/6215 664/1085/6216
f 4764/1073/6217 4766/1076/6218 4763/4089/6219 4760/892/6220
f 2713/4093/6221 2709/1070/6222 2710/1069/6223 2712/4094/6224
f 2741/1123/6225 2745/4095/6226 2744/4096/6227 2742/1124/6228
f 2716/1081/6229 2713/4093/6230 2712/4094/6231 2715/4097/6232
f 4770/2908/6233 4772/2907/6234 4769/1075/6235 4767/1072/6236
f 2718/4098/6237 2719/1082/6238 2716/1081/6239 2715/4097/6240
f 693/4099/6241 695/4100/6242 692/1133/6243 689/4101/6244
f 2721/4102/6245 2722/1096/6246 2719/1082/6247 2718/4098/6248
f 2735/4103/6249 2740/1125/6250 2739/1120/6251 2737/1119/6252
f 2724/4104/6253 2725/1097/6254 2722/1096/6255 2721/4102/6256
f 5450/4105/6257 5454/2267/6258 5452/2266/6259 5448/4106/6260
f 4786/528/6261 4785/4107/6262 4782/4108/6263 4783/529/6264
f 2747/4109/6265 2748/4110/6266 2744/4096/6267 2745/4095/6268
f 2731/1104/6269 2734/1109/6270 2733/4111/6271 2729/4112/6272
f 2747/4109/6273 2752/1143/6274 2750/1146/6275 2748/4110/6276
f 2734/1109/6277 2737/1119/6278 2736/1122/6279 2733/4111/6280
f 2750/1146/6281 2754/1145/6282 2753/1149/6283 2751/4113/6284
f 4793/4114/6285 4796/4115/6286 4794/4116/6287 4795/4117/6288
f 695/4100/6289 698/4118/6290 696/1134/6291 692/1133/6292
f 699/4119/6293 702/4120/6294 700/4121/6295 697/4122/6296
f 698/4118/6297 701/4123/6298 699/4119/6299 696/1134/6300
f 701/4123/6301 703/4124/6302 702/4120/6303 699/4119/6304
f 4800/4125/6305 4802/4126/6306 4799/4127/6307 4796/4115/6308
f 4409/501/6309 4411/500/6310 4408/4128/6311 4406/3035/6312
f 4803/4129/6313 4805/4130/6314 4802/4126/6315 4800/4125/6316
f 707/1159/6317 710/4131/6318 708/4132/6319 705/4133/6320
f 4789/4134/6321 4792/4135/6322 4791/4136/6323 4788/4137/6324
f 711/1158/6325 713/4138/6326 710/4131/6327 707/1159/6328
f 4497/3346/6329 4499/3345/6330 4496/4139/6331 4493/730/6332
f 715/4140/6333 717/4141/6334 714/4142/6335 712/4143/6336
f 4812/1173/6337 4813/1176/6338 4811/4144/6339 4809/2022/6340
f 2761/1151/6341 2757/1147/6342 2758/1150/6343 2760/4145/6344
f 2773/1168/6345 2776/4146/6346 2774/4147/6347 2771/1169/6348
f 2764/1137/6349 2761/1151/6350 2760/4145/6351 2763/4148/6352
f 4836/4149/6353 4835/4150/6354 4832/315/6355 4833/314/6356
f 2767/1138/6357 2764/1137/6358 2763/4148/6359 2766/1164/6360
f 4300/2888/6361 4303/4151/6362 4301/4152/6363 4299/2889/6364
f 5505/912/6365 5504/4153/6366 5502/3901/6367 5503/2351/6368
f 5327/2061/6369 5328/2060/6370 5326/3447/6371 5324/4154/6372
f 2773/1168/6373 2769/1166/6374 2770/1165/6375 2772/4155/6376
f 730/4156/6377 732/4157/6378 729/4158/6379 727/4159/6380
f 2775/4160/6381 2776/4146/6382 2773/1168/6383 2772/4155/6384
f 734/4161/6385 735/4162/6386 733/4163/6387 732/4157/6388
f 2778/4164/6389 2779/4165/6390 2776/4146/6391 2775/4160/6392
f 5800/3284/6393 5803/2516/6394 5802/4166/6395 5799/4167/6396
f 2781/4168/6397 2782/1191/6398 2779/4165/6399 2778/4164/6400
f 4702/4169/6401 4701/2685/6402 4698/1153/6403 4699/4170/6404
f 2784/4171/6405 2785/1192/6406 2782/1191/6407 2781/4168/6408
f 742/4172/6409 745/4173/6410 743/4174/6411 741/1184/6412
f 2787/4175/6413 2788/1198/6414 2785/1192/6415 2784/4171/6416
f 4842/4176/6417 4844/4177/6418 4841/4178/6419 4838/4179/6420
f 4949/1210/6421 4953/1291/6422 4951/1294/6423 4947/4180/6424
f 272/4181/6425 274/3675/6426 273/3676/6427 271/4182/6428
f 3615/4183/6429 3618/2598/6430 3616/2601/6431 3613/4184/6432
f 4853/4185/6433 4854/1142/6434 4850/1223/6435 4851/2472/6436
f 2809/4186/6437 2812/1245/6438 2810/4187/6439 2807/4188/6440
f 4775/4189/6441 4777/1316/6442 4773/2905/6443 4771/4190/6444
f 761/1231/6445 758/1218/6446 757/1221/6447 759/4191/6448
f 264/4192/6449 266/3665/6450 265/3668/6451 263/4193/6452
f 765/1243/6453 763/4194/6454 760/1246/6455 762/1230/6456
f 779/4195/6457 783/4196/6458 782/4197/6459 777/1267/6460
f 2808/4198/6461 2809/4186/6462 2805/1237/6463 2806/1236/6464
f 765/1243/6465 768/1242/6466 766/4199/6467 763/4194/6468
f 2811/1244/6469 2812/1245/6470 2809/4186/6471 2808/4198/6472
f 2828/386/6473 2829/1273/6474 2825/4200/6475 2827/387/6476
f 5378/4201/6477 5380/4202/6478 5379/3875/6479 5376/4203/6480
f 771/4204/6481 773/1270/6482 772/1269/6483 770/4205/6484
f 3334/1252/6485 3336/3000/6486 3335/4206/6487 3333/4207/6488
f 2834/1286/6489 2835/1285/6490 2831/1271/6491 2832/4208/6492
f 2820/4209/6493 2821/1255/6494 2816/1227/6495 2818/1226/6496
f 776/4210/6497 779/4195/6498 777/1267/6499 773/1270/6500
f 2823/4211/6501 2824/1256/6502 2821/1255/6503 2820/4209/6504
f 4877/4212/6505 4880/4213/6506 4878/4214/6507 4875/4215/6508
f 2826/388/6509 2827/387/6510 2824/1256/6511 2823/4211/6512
f 4881/1262/6513 4882/4216/6514 4880/4213/6515 4877/4212/6516
f 785/1296/6517 788/1295/6518 786/4217/6519 787/4218/6520
f 2844/1299/6521 2845/4219/6522 2842/4220/6523 2841/4221/6524
f 4886/1304/6525 4888/4222/6526 4885/4223/6527 4883/1261/6528
f 5784/2790/6529 5785/2789/6530 5782/2810/6531 5780/4224/6532
f 4935/3988/6533 4938/3987/6534 4937/4225/6535 4934/4226/6536
f 793/1274/6537 799/1320/6538 798/1319/6539 795/1275/6540
f 795/1275/6541 798/1319/6542 797/4227/6543 796/1281/6544
f 4895/3937/6545 4896/843/6546 4892/846/6547 4893/4228/6548
f 798/1319/6549 802/1318/6550 800/4229/6551 797/4227/6552
f 2874/1323/6553 2875/1326/6554 2871/4230/6555 2872/1356/6556
f 5427/2491/6557 5428/3094/6558 5425/4231/6559 5424/691/6560
f 5130/4232/6561 5133/1290/6562 5132/4233/6563 5129/4234/6564
f 2844/1299/6565 2848/1298/6566 2847/4235/6567 2845/4219/6568
f 4932/4236/6569 4935/3988/6570 4934/4226/6571 4931/4237/6572
f 2851/1306/6573 2850/4238/6574 2847/4235/6575 2848/1298/6576
f 809/4239/6577 811/1335/6578 808/1330/6579 806/4240/6580
f 2854/1312/6581 2853/4241/6582 2850/4238/6583 2851/1306/6584
f 811/1335/6585 813/4242/6586 812/4243/6587 810/1336/6588
f 2857/1322/6589 2856/4244/6590 2853/4241/6591 2854/1312/6592
f 814/4245/6593 817/4246/6594 815/1328/6595 813/4242/6596
f 2860/4247/6597 2859/4248/6598 2856/4244/6599 2857/1322/6600
f 817/4246/6601 820/1333/6602 818/1266/6603 815/1328/6604
f 4957/4249/6605 4960/3104/6606 4958/1392/6607 4956/1292/6608
f 5295/4250/6609 5296/4251/6610 5294/2000/6611 5291/4252/6612
f 2866/1309/6613 2869/1308/6614 2868/4253/6615 2864/4254/6616
f 4923/1343/6617 4924/4255/6618 4922/4256/6619 4920/524/6620
f 2869/1308/6621 2872/1356/6622 2871/4230/6623 2868/4253/6624
f 2888/1383/6625 2889/1382/6626 2885/1374/6627 2886/1379/6628
f 4933/4257/6629 4932/4236/6630 4930/2408/6631 4928/2407/6632
f 4930/2408/6633 4929/4258/6634 4926/4259/6635 4927/1342/6636
f 2892/1381/6637 2893/4260/6638 2890/4261/6639 2889/1382/6640
f 833/4262/6641 836/4263/6642 834/4264/6643 835/4265/6644
f 836/4263/6645 838/4266/6646 837/4267/6647 834/4264/6648
f 838/4266/6649 840/4268/6650 839/4269/6651 837/4267/6652
f 5007/290/6653 5010/797/6654 5008/800/6655 5005/1884/6656
f 857/1395/6657 860/1394/6658 858/4270/6659 859/1643/6660
f 5763/4271/6661 5764/4272/6662 5762/4273/6663 5760/3878/6664
f 844/4274/6665 846/1351/6666 845/1354/6667 843/4275/6668
f 4944/4276/6669 4945/4277/6670 4941/4278/6671 4942/4279/6672
f 4961/3106/6673 4962/4280/6674 4959/1393/6675 4958/1392/6676
f 882/4281/6677 883/4282/6678 881/4283/6679 879/4284/6680
f 4547/2628/6681 4549/4285/6682 4546/4002/6683 4544/45/6684
f 2892/1381/6685 2896/1385/6686 2895/4286/6687 2893/4260/6688
f 852/4287/6689 854/4288/6690 853/4289/6691 851/4290/6692
f 2896/1385/6693 2899/1391/6694 2898/4291/6695 2895/4286/6696
f 4952/1209/6697 4955/4292/6698 4953/1291/6699 4949/1210/6700
f 2899/1391/6701 2902/1400/6702 2901/4293/6703 2898/4291/6704
f 4955/4292/6705 4957/4249/6706 4956/1292/6707 4953/1291/6708
f 4392/882/6709 4393/3205/6710 4390/4294/6711 4389/3161/6712
f 863/4295/6713 864/1423/6714 861/1422/6715 862/4296/6716
f 2908/1412/6717 2907/4297/6718 2905/4298/6719 2904/1399/6720
f 865/1408/6721 866/1407/6722 864/1423/6723 863/4295/6724
f 2911/1411/6725 2910/4299/6726 2907/4297/6727 2908/1412/6728
f 868/1406/6729 872/4300/6730 870/1428/6731 866/1407/6732
f 2914/4301/6733 2913/4302/6734 2910/4299/6735 2911/1411/6736
f 871/1421/6737 874/1397/6738 873/1396/6739 861/1422/6740
f 2914/4301/6741 2917/1431/6742 2916/4303/6743 2913/4302/6744
f 4964/2021/6745 4965/2020/6746 4962/4280/6747 4961/3106/6748
f 5760/3878/6749 5762/4273/6750 5757/4304/6751 5758/3879/6752
f 4622/865/6753 4623/863/6754 4621/427/6755 4619/4305/6756
f 2920/1426/6757 2923/1425/6758 2922/4306/6759 2919/4307/6760
f 897/4308/6761 898/1488/6762 896/1483/6763 893/4309/6764
f 2924/1435/6765 2929/1434/6766 2927/4310/6767 2928/4311/6768
f 884/1461/6769 885/1464/6770 868/1406/6771 867/1409/6772
f 2929/1434/6773 2932/1446/6774 2931/4312/6775 2927/4310/6776
f 5569/4313/6777 5572/4314/6778 5570/4315/6779 5567/3514/6780
f 5789/580/6781 5791/579/6782 5788/4316/6783 5787/2788/6784
f 890/1462/6785 892/4317/6786 891/1465/6787 888/1463/6788
f 2950/1481/6789 2953/1480/6790 2951/4318/6791 2952/4319/6792
f 5911/3102/6793 5914/1677/6794 5912/1680/6795 5909/3257/6796
f 2954/4320/6797 2956/4321/6798 2953/1480/6799 2949/1479/6800
f 4994/4322/6801 4997/4323/6802 4995/1360/6803 4992/2965/6804
f 2943/4324/6805 2944/1472/6806 2940/1459/6807 2941/4325/6808
f 5408/810/6809 5409/4326/6810 5404/815/6811 5406/811/6812
f 2946/4327/6813 2947/1474/6814 2944/1472/6815 2943/4324/6816
f 904/1440/6817 906/1439/6818 905/4328/6819 902/4329/6820
f 911/4330/6821 912/4331/6822 909/4332/6823 910/4333/6824
f 2998/4334/6825 3001/4335/6826 2999/4336/6827 2996/4337/6828
f 2953/1480/6829 2956/4321/6830 2955/4338/6831 2951/4318/6832
f 5009/289/6833 5012/4339/6834 5010/797/6835 5007/290/6836
f 5044/4340/6837 5047/3274/6838 5046/3275/6839 5042/1132/6840
f 4829/316/6841 4831/1178/6842 4827/4341/6843 4828/4342/6844
f 2973/4343/6845 2976/1497/6846 2975/1500/6847 2972/1523/6848
f 5015/4344/6849 5018/4345/6850 5016/2619/6851 5013/798/6852
f 923/4346/6853 924/1537/6854 921/4347/6855 920/4348/6856
f 5018/4345/6857 5020/2737/6858 5019/1505/6859 5016/2619/6860
f 926/4349/6861 928/1534/6862 924/1537/6863 923/4346/6864
f 3029/4350/6865 3034/4351/6866 3033/1621/6867 3030/1614/6868
f 5025/1590/6869 5026/1589/6870 5023/1506/6871 5022/2736/6872
f 4889/1303/6873 4891/4352/6874 4888/4222/6875 4886/1304/6876
f 4866/410/6877 4869/4353/6878 4868/3664/6879 4865/411/6880
f 5299/2001/6881 5302/4354/6882 5300/4355/6883 5297/2002/6884
f 5031/4356/6885 5032/4357/6886 5029/1959/6887 5028/1588/6888
f 4224/3529/6889 4225/4358/6890 4222/4359/6891 4221/4360/6892
f 2992/1550/6893 2995/4361/6894 2993/4362/6895 2990/1551/6896
f 938/4363/6897 940/1553/6898 937/1544/6899 935/1543/6900
f 2978/1499/6901 2983/1533/6902 2982/4364/6903 2980/1531/6904
f 4196/3501/6905 4198/145/6906 4194/144/6907 4192/1815/6908
f 2983/1533/6909 2986/4365/6910 2985/4366/6911 2982/4364/6912
f 944/4367/6913 946/1565/6914 943/1559/6915 941/4368/6916
f 5771/2378/6917 5773/2377/6918 5770/2217/6919 5765/2216/6920
f 5426/2488/6921 5427/2491/6922 5424/691/6923 5423/690/6924
f 2991/4369/6925 2992/1550/6926 2988/1549/6927 2989/4370/6928
f 5030/4371/6929 5031/4356/6930 5028/1588/6931 5027/1587/6932
f 2994/4372/6933 2995/4361/6934 2992/1550/6935 2991/4369/6936
f 952/4373/6937 955/4374/6938 954/4375/6939 951/4376/6940
f 2997/4377/6941 2998/4334/6942 2995/4361/6943 2994/4372/6944
f 955/4374/6945 958/4378/6946 957/4379/6947 954/4375/6948
f 3000/4380/6949 3001/4335/6950 2998/4334/6951 2997/4377/6952
f 958/4378/6953 960/4381/6954 959/4382/6955 957/4379/6956
f 3007/1583/6957 3005/1574/6958 3002/1573/6959 3008/4383/6960
f 965/1605/6961 968/1604/6962 966/4384/6963 967/4385/6964
f 963/4386/6965 964/4387/6966 962/4388/6967 959/4382/6968
f 986/4389/6969 987/4390/6970 983/4391/6971 984/4392/6972
f 5066/1613/6973 5068/3821/6974 5065/4393/6975 5063/3817/6976
f 972/1603/6977 974/4394/6978 971/4395/6979 968/1604/6980
f 973/4396/6981 975/4397/6982 972/1603/6983 970/1602/6984
f 975/4397/6985 977/4398/6986 974/4394/6987 972/1603/6988
f 976/4399/6989 978/1625/6990 975/4397/6991 973/4396/6992
f 978/1625/6993 979/1628/6994 977/4398/6995 975/4397/6996
f 980/4400/6997 982/1626/6998 978/1625/6999 976/4399/7000
f 5121/4401/7001 5123/1999/7002 5120/1454/7003 5117/1453/7004
f 5096/2653/7005 5097/2652/7006 5093/4402/7007 5094/4403/7008
f 982/1626/7009 984/4392/7010 983/4391/7011 981/1627/7012
f 5586/4404/7013 5587/2479/7014 5584/2458/7015 5583/3754/7016
f 985/4405/7017 988/4406/7018 986/4389/7019 984/4392/7020
f 4557/748/7021 4555/747/7022 4553/1530/7023 4556/3872/7024
f 988/4406/7025 991/1617/7026 989/1620/7027 986/4389/7028
f 5087/2894/7029 5089/4407/7030 5086/4408/7031 5084/2895/7032
f 5102/4068/7033 5104/2506/7034 5101/2505/7035 5099/2651/7036
f 3036/4409/7037 3037/1622/7038 3033/1621/7039 3034/4351/7040
f 5090/3884/7041 5092/4410/7042 5089/4407/7043 5087/2894/7044
f 3056/1669/7045 3057/1668/7046 3054/4411/7047 3053/1664/7048
f 4400/1207/7049 4402/1206/7050 4399/3249/7051 4397/3248/7052
f 5301/4412/7053 5302/4354/7054 5299/2001/7055 5298/4413/7056
f 1019/4414/7057 1023/3371/7058 1022/3374/7059 1021/1696/7060
f 4561/4415/7061 4558/745/7062 4557/748/7063 4559/3874/7064
f 5093/4402/7065 5095/4416/7066 5092/4410/7067 5090/3884/7068
f 1008/1660/7069 1010/1659/7070 1007/4417/7071 1004/1640/7072
f 3100/1740/7073 3098/1742/7074 3094/1733/7075 3097/1732/7076
f 1012/4418/7077 1014/4419/7078 1011/1657/7079 1009/4420/7080
f 5246/4421/7081 5247/4422/7082 5244/1903/7083 5245/4423/7084
f 1015/4424/7085 1017/1695/7086 1014/4419/7087 1012/4418/7088
f 2063/6/7089 2065/3406/7090 2064/4425/7091 2061/7/7092
f 1019/4414/7093 1021/1696/7094 1017/1695/7095 1015/4424/7096
f 2564/4426/7097 2565/3942/7098 2562/1693/7099 2563/1692/7100
f 1022/3374/7101 1024/4427/7102 1020/1697/7103 1021/1696/7104
f 4341/1989/7105 4344/3653/7106 4343/3652/7107 4340/3885/7108
f 4097/1934/7109 4098/1/7110 4095/813/7111 4094/4428/7112
f 5233/4429/7113 5235/3144/7114 5232/3147/7115 5231/4430/7116
f 516/1690/7117 518/1689/7118 514/4431/7119 513/3924/7120
f 5243/4432/7121 5245/4423/7122 5244/1903/7123 5240/1902/7124
f 3072/4433/7125 3073/4434/7126 3068/1682/7127 3070/1681/7128
f 517/4435/7129 519/1687/7130 516/1690/7131 515/3923/7132
f 3075/2577/7133 3076/2576/7134 3073/4434/7135 3072/4433/7136
f 5001/1452/7137 5004/291/7138 5002/1885/7139 4999/4436/7140
f 1068/4437/7141 1071/4438/7142 1070/4439/7143 1067/4440/7144
f 5146/4441/7145 5151/2096/7146 5150/1656/7147 5148/2053/7148
f 3082/1711/7149 3081/4442/7150 3079/4443/7151 3078/2575/7152
f 5710/4444/7153 5713/4445/7154 5712/980/7155 5709/979/7156
f 3085/1710/7157 3084/4446/7158 3081/4442/7159 3082/1711/7160
f 5138/1288/7161 5140/4447/7162 5139/3055/7163 5136/1289/7164
f 3088/1729/7165 3087/4448/7166 3084/4446/7167 3085/1710/7168
f 3104/1751/7169 3105/4449/7170 3101/1741/7171 3102/1739/7172
f 3088/1729/7173 3091/1728/7174 3090/4450/7175 3087/4448/7176
f 5144/1887/7177 5147/4451/7178 5145/4452/7179 5142/1888/7180
f 3095/4453/7181 3097/1732/7182 3093/1731/7183 3096/4454/7184
f 1070/4439/7185 1072/4455/7186 1069/4456/7187 1067/4440/7188
f 3099/1737/7189 3100/1740/7190 3097/1732/7191 3095/4453/7192
f 3117/1769/7193 3118/1774/7194 3113/1767/7195 3115/1766/7196
f 5564/848/7197 5566/4457/7198 5565/2401/7199 5562/849/7200
f 5683/4458/7201 5686/4459/7202 5684/4460/7203 5681/4461/7204
f 3134/1807/7205 3136/1806/7206 3133/4462/7207 3131/4463/7208
f 1064/1744/7209 1066/4464/7210 1063/4465/7211 1061/1745/7212
f 3110/4466/7213 3112/1755/7214 3107/1754/7215 3111/4467/7216
f 4485/1788/7217 4487/4468/7218 4483/4469/7219 4482/3767/7220
f 3114/1770/7221 3115/1766/7222 3112/1755/7223 3110/4466/7224
f 5354/1541/7225 5355/3608/7226 5352/2280/7227 5351/1721/7228
f 5172/1811/7229 5174/4470/7230 5171/4471/7231 5168/2851/7232
f 1073/1797/7233 1076/1796/7234 1074/4472/7235 1075/4473/7236
f 4661/3445/7237 4663/900/7238 4660/899/7239 4658/4474/7240
f 5175/1810/7241 5177/4475/7242 5174/4470/7243 5172/1811/7244
f 5179/4476/7245 5181/4018/7246 5178/4021/7247 5176/4477/7248
f 3140/4478/7249 3142/4479/7250 3139/1805/7251 3137/1804/7252
f 3130/1763/7253 3129/4480/7254 3125/4481/7255 3127/1764/7256
f 1088/4482/7257 1090/1813/7258 1087/1783/7259 1085/1782/7260
f 3133/4462/7261 3132/4483/7262 3129/4480/7263 3130/1763/7264
f 1091/4484/7265 1092/4485/7266 1090/1813/7267 1088/4482/7268
f 3133/4462/7269 3136/1806/7270 3135/4486/7271 3132/4483/7272
f 5189/1836/7273 5192/1835/7274 5190/2544/7275 5191/4487/7276
f 3136/1806/7277 3139/1805/7278 3138/4488/7279 3135/4486/7280
f 1097/4489/7281 1099/4490/7282 1096/4491/7283 1095/4492/7284
f 3139/1805/7285 3142/4479/7286 3141/4493/7287 3138/4488/7288
f 1100/4494/7289 1102/4495/7290 1099/4490/7291 1097/4489/7292
f 3142/4479/7293 3145/1822/7294 3144/4496/7295 3141/4493/7296
f 1103/4497/7297 1105/4498/7298 1102/4495/7299 1100/4494/7300
f 1106/1816/7301 1107/1819/7302 1105/4498/7303 1103/4497/7304
f 1104/4499/7305 1108/4500/7306 1106/1816/7307 1103/4497/7308
f 3166/1863/7309 3165/1855/7310 3162/1852/7311 3163/1851/7312
f 5205/4501/7313 5207/4502/7314 5204/4503/7315 5202/3468/7316
f 3165/1855/7317 3168/1865/7318 3167/4504/7319 3164/1856/7320
f 5208/2467/7321 5209/3419/7322 5207/4502/7323 5205/4501/7324
f 3168/1865/7325 3172/4505/7326 3170/4506/7327 3167/4504/7328
f 1133/1875/7329 1134/1874/7330 1130/4507/7331 1131/4508/7332
f 3172/4505/7333 3175/4509/7334 3173/4510/7335 3170/4506/7336
f 5213/4511/7337 5216/4512/7338 5214/4513/7339 5215/4514/7340
f 3175/4509/7341 3178/1880/7342 3176/1883/7343 3173/4510/7344
f 5217/4515/7345 5218/4516/7346 5216/4512/7347 5213/4511/7348
f 1122/1870/7349 1125/4517/7350 1123/4518/7351 1120/1871/7352
f 1142/1893/7353 1143/1892/7354 1139/4519/7355 1140/4520/7356
f 4174/200/7357 4176/199/7358 4173/80/7359 4171/79/7360
f 5222/4521/7361 5224/4522/7362 5223/1562/7363 5220/1561/7364
f 3171/4523/7365 3172/4505/7366 3168/1865/7367 3169/1864/7368
f 5241/4524/7369 5243/4432/7370 5240/1902/7371 5237/4525/7372
f 3174/4526/7373 3175/4509/7374 3172/4505/7375 3171/4523/7376
f 1134/1874/7377 1135/4527/7378 1132/4528/7379 1130/4507/7380
f 3177/4529/7381 3178/1880/7382 3175/4509/7383 3174/4526/7384
f 1137/1873/7385 1138/4530/7386 1135/4527/7387 1134/1874/7388
f 3180/4531/7389 3181/1881/7390 3178/1880/7391 3177/4529/7392
f 1139/4519/7393 1141/4532/7394 1138/4530/7395 1137/1873/7396
f 3183/4533/7397 3184/4534/7398 3181/1881/7399 3180/4531/7400
f 4647/1799/7401 4648/4535/7402 4645/4536/7403 4644/1800/7404
f 5331/2059/7405 5332/4537/7406 5329/4538/7407 5328/2060/7408
f 5247/4422/7409 5248/4539/7410 5242/1904/7411 5244/1903/7412
f 5197/3469/7413 5199/1830/7414 5196/1833/7415 5194/1834/7416
f 5360/4540/7417 5361/4541/7418 5358/3607/7419 5357/1540/7420
f 4176/199/7421 4178/677/7422 4175/3488/7423 4173/80/7424
f 3209/4542/7425 3213/1935/7426 3212/1938/7427 3210/4543/7428
f 3198/4544/7429 3199/1910/7430 3195/1878/7431 3196/1877/7432
f 3211/4545/7433 3214/4546/7434 3213/1935/7435 3209/4542/7436
f 3201/4547/7437 3202/1918/7438 3199/1910/7439 3198/4544/7440
f 1175/1939/7441 1179/4548/7442 1178/4549/7443 1176/1940/7444
f 3204/4550/7445 3205/4551/7446 3202/1918/7447 3201/4547/7448
f 1182/4552/7449 1184/4553/7450 1178/4549/7451 1179/4548/7452
f 4669/3999/7453 4671/276/7454 4670/275/7455 4668/188/7456
f 1165/1929/7457 1167/1928/7458 1164/1922/7459 1162/4554/7460
f 1167/1928/7461 1169/4555/7462 1166/1923/7463 1164/1922/7464
f 1168/1926/7465 1173/4556/7466 1172/1942/7467 1170/1927/7468
f 1170/1927/7469 1171/4557/7470 1169/4555/7471 1167/1928/7472
f 1172/1942/7473 1174/1941/7474 1171/4557/7475 1170/1927/7476
f 3216/4558/7477 3217/1936/7478 3213/1935/7479 3214/4546/7480
f 4997/4323/7481 5000/4559/7482 4998/1361/7483 4995/1360/7484
f 3219/4560/7485 3220/1945/7486 3217/1936/7487 3216/4558/7488
f 4826/4561/7489 4828/4342/7490 4825/169/7491 4823/4562/7492
f 3222/4563/7493 3223/1947/7494 3220/1945/7495 3219/4560/7496
f 3252/4564/7497 3255/4565/7498 3254/2004/7499 3251/1979/7500
f 3225/4566/7501 3226/1953/7502 3223/1947/7503 3222/4563/7504
f 5279/641/7505 5282/4567/7506 5280/4568/7507 5277/601/7508
f 3228/1966/7509 3229/1964/7510 3226/1953/7511 3225/4566/7512
f 5282/4567/7513 5285/4569/7514 5283/2415/7515 5280/4568/7516
f 5285/4569/7517 5288/4570/7518 5286/2416/7519 5283/2415/7520
f 1187/1993/7521 1190/1967/7522 1188/1970/7523 1189/4571/7524
f 3231/1961/7525 3235/1972/7526 3234/4572/7527 3232/1962/7528
f 4335/3517/7529 4338/1990/7530 4337/3886/7531 4334/3518/7532
f 3238/1978/7533 3237/4573/7534 3234/4572/7535 3235/1972/7536
f 1196/4574/7537 1198/1997/7538 1195/1992/7539 1193/1991/7540
f 3238/1978/7541 3243/1984/7542 3240/4575/7543 3237/4573/7544
f 1199/1986/7545 1200/1958/7546 1198/1997/7547 1196/4574/7548
f 3255/4565/7549 3258/2009/7550 3257/2007/7551 3254/2004/7552
f 1205/4576/7553 1206/4577/7554 1203/1955/7555 1202/1985/7556
f 4495/4578/7557 4497/3346/7558 4493/730/7559 4490/729/7560
f 1206/4577/7561 1209/1973/7562 1208/1976/7563 1207/4579/7564
f 4120/4580/7565 4123/3629/7566 4122/32/7567 4118/31/7568
f 5402/4581/7569 5405/2155/7570 5403/814/7571 5400/4582/7572
f 1212/1974/7573 1215/4583/7574 1214/4584/7575 1211/1975/7576
f 1213/4585/7577 1216/4586/7578 1215/4583/7579 1212/1974/7580
f 5127/338/7581 5131/4587/7582 5130/4232/7583 5128/311/7584
f 1216/4586/7585 1219/4588/7586 1217/4589/7587 1215/4583/7588
f 4985/4590/7589 4989/4591/7590 4987/4592/7591 4983/4593/7592
f 1219/4588/7593 1222/4594/7594 1220/4595/7595 1217/4589/7596
f 1242/2045/7597 1243/4596/7598 1237/4597/7599 1239/2046/7600
f 5318/4598/7601 5321/4599/7602 5319/4600/7603 5316/4601/7604
f 5128/311/7605 5130/4232/7606 5129/4234/7607 5126/312/7608
f 1223/2027/7609 1226/2026/7610 1224/2049/7611 1225/4602/7612
f 5339/4603/7613 5342/3403/7614 5340/4604/7615 5341/4605/7616
f 3284/4606/7617 3288/4607/7618 3287/2054/7619 3285/2057/7620
f 3273/4608/7621 3274/2034/7622 3270/2030/7623 3271/2029/7624
f 5681/4461/7625 5682/4609/7626 5678/2659/7627 5679/2658/7628
f 1235/4610/7629 1238/4611/7630 1236/4612/7631 1233/4613/7632
f 3278/2041/7633 3282/4614/7634 3280/4615/7635 3276/2042/7636
f 1238/4611/7637 1240/2047/7638 1239/2046/7639 1236/4612/7640
f 3297/2067/7641 3301/4616/7642 3299/2073/7643 3296/2068/7644
f 5602/4617/7645 5605/4618/7646 5603/2526/7647 5601/2529/7648
f 4482/3767/7649 4483/4469/7650 4480/3776/7651 4479/3762/7652
f 5372/3465/7653 5375/4619/7654 5373/1838/7655 5370/1837/7656
f 5343/4620/7657 5345/3400/7658 5342/3403/7659 5339/4603/7660
f 5348/1722/7661 5349/2281/7662 5344/4621/7663 5346/3402/7664
f 1250/4622/7665 1252/2085/7666 1249/2078/7667 1247/4623/7668
f 3307/4624/7669 3310/4625/7670 3308/4626/7671 3305/4627/7672
f 1253/4628/7673 1255/2088/7674 1252/2085/7675 1250/4622/7676
f 3310/4625/7677 3313/4629/7678 3311/4630/7679 3308/4626/7680
f 1256/4631/7681 1258/2094/7682 1255/2088/7683 1253/4628/7684
f 3313/4629/7685 3316/4632/7686 3314/4633/7687 3311/4630/7688
f 1277/2108/7689 1278/2107/7690 1274/4634/7691 1275/4635/7692
f 1259/4636/7693 1262/2102/7694 1260/2104/7695 1261/4637/7696
f 4989/4591/7697 4992/2965/7698 4990/2966/7699 4987/4592/7700
f 3306/4638/7701 3307/4624/7702 3303/2075/7703 3304/4639/7704
f 5359/1539/7705 5362/4640/7706 5360/4540/7707 5357/1540/7708
f 3309/4641/7709 3310/4625/7710 3307/4624/7711 3306/4638/7712
f 5363/4642/7713 5366/3466/7714 5364/4643/7715 5365/4644/7716
f 3312/4645/7717 3313/4629/7718 3310/4625/7719 3309/4641/7720
f 5367/4646/7721 5369/3464/7722 5366/3466/7723 5363/4642/7724
f 3315/4647/7725 3316/4632/7726 3313/4629/7727 3312/4645/7728
f 1273/4648/7729 1275/4635/7730 1274/4634/7731 1272/4649/7732
f 5133/1290/7733 5136/1289/7734 5135/3057/7735 5132/4233/7736
f 3322/2116/7737 3324/2115/7738 3320/4650/7739 3317/4651/7740
f 4817/1163/7741 4819/1162/7742 4816/1174/7743 4814/2013/7744
f 5619/4652/7745 5623/4653/7746 5622/2084/7747 5620/3796/7748
f 2838/1284/7749 2839/4654/7750 2836/4655/7751 2835/1285/7752
f 4126/3630/7753 4129/895/7754 4128/898/7755 4125/2050/7756
f 5385/4656/7757 5386/3856/7758 5383/3855/7759 5382/4657/7760
f 1291/4658/7761 1293/2146/7762 1289/4659/7763 1292/4660/7764
f 3330/1253/7765 3334/1252/7766 3333/4207/7767 3331/2123/7768
f 3346/4661/7769 3349/2101/7770 3347/2100/7771 3344/4662/7772
f 5391/4663/7773 5393/3783/7774 5390/3786/7775 5387/4664/7776
f 3348/4665/7777 3352/2159/7778 3350/2098/7779 3349/2101/7780
f 1296/2132/7781 1300/4666/7782 1298/4667/7783 1297/2133/7784
f 1317/2144/7785 1318/4668/7786 1313/4669/7787 1314/4670/7788
f 1299/2131/7789 1302/4671/7790 1301/4672/7791 1296/2132/7792
f 1301/4672/7793 1303/4673/7794 1300/4666/7795 1296/2132/7796
f 3345/4674/7797 3346/4661/7798 3342/4675/7799 3343/4676/7800
f 1302/4671/7801 1305/2154/7802 1304/2153/7803 1301/4672/7804
f 3348/4665/7805 3349/2101/7806 3346/4661/7807 3345/4674/7808
f 1307/2152/7809 1308/4677/7810 1306/4678/7811 1304/2153/7812
f 1311/4679/7813 1310/4680/7814 1308/4677/7815 1307/2152/7816
f 4444/557/7817 4446/553/7818 4445/4681/7819 4442/4682/7820
f 1311/4679/7821 1314/4670/7822 1313/4669/7823 1310/4680/7824
f 1312/4683/7825 1315/4684/7826 1314/4670/7827 1311/4679/7828
f 1316/2145/7829 1317/2144/7830 1314/4670/7831 1315/4684/7832
f 5413/2963/7833 5414/2191/7834 5411/3100/7835 5412/4685/7836
f 3377/2199/7837 3379/4686/7838 3375/4687/7839 3374/2190/7840
f 3362/2164/7841 3366/2174/7842 3364/4688/7843 3360/2165/7844
f 5077/589/7845 5074/4689/7846 5072/1280/7847 5075/590/7848
f 4973/4690/7849 4979/4029/7850 4977/4032/7851 4974/4691/7852
f 3383/2210/7853 3385/2209/7854 3382/4692/7855 3381/4693/7856
f 5891/1581/7857 5888/4022/7858 5886/4023/7859 5889/1582/7860
f 1362/2239/7861 1359/2242/7862 1358/4694/7863 1361/2248/7864
f 1330/2201/7865 1333/4695/7866 1331/2184/7867 1325/2187/7868
f 4783/529/7869 4782/4108/7870 4779/1314/7871 4780/1313/7872
f 5765/2216/7873 5768/2219/7874 5766/4696/7875 5767/2813/7876
f 4920/524/7877 4922/4256/7878 4919/4697/7879 4917/525/7880
f 1336/4698/7881 1339/4699/7882 1337/4700/7883 1335/4701/7884
f 5113/1346/7885 5116/1345/7886 5115/4702/7887 5112/3018/7888
f 1339/4699/7889 1342/4703/7890 1340/2206/7891 1337/4700/7892
f 1358/4694/7893 1359/2242/7894 1356/4704/7895 1355/4705/7896
f 1342/4703/7897 1345/4706/7898 1343/2203/7899 1340/2206/7900
f 1346/4707/7901 1347/4708/7902 1344/2204/7903 1343/2203/7904
f 4211/434/7905 4212/433/7906 4209/3505/7907 4208/2722/7908
f 3386/2207/7909 3391/4709/7910 3390/4710/7911 3388/2208/7912
f 1346/4707/7913 1350/4711/7914 1349/4712/7915 1347/4708/7916
f 3391/4709/7917 3394/2227/7918 3393/4713/7919 3390/4710/7920
f 3407/2251/7921 3410/2260/7922 3408/2263/7923 3404/2244/7924
f 3394/2227/7925 3397/2226/7926 3396/4714/7927 3393/4713/7928
f 4938/3987/7929 4941/4278/7930 4940/4715/7931 4937/4225/7932
f 3397/2226/7933 3400/2234/7934 3399/4716/7935 3396/4714/7936
f 5453/4717/7937 5455/4718/7938 5454/2267/7939 5450/4105/7940
f 1379/2278/7941 1381/4719/7942 1377/4720/7943 1373/2293/7944
f 3404/2244/7945 3408/2263/7946 3406/4721/7947 3402/2245/7948
f 3422/2282/7949 3423/2285/7950 3420/2270/7951 3419/2269/7952
f 5455/4718/7953 5458/2273/7954 5456/2264/7955 5454/2267/7956
f 1370/4722/7957 1372/2286/7958 1368/2255/7959 1367/2254/7960
f 4586/4723/7961 4589/777/7962 4587/780/7963 4588/4724/7964
f 5469/3682/7965 5470/2213/7966 5467/1403/7967 5466/1402/7968
f 1373/2293/7969 1377/4720/7970 1374/4725/7971 1375/2294/7972
f 1391/4726/7973 1393/4727/7974 1390/4728/7975 1388/4729/7976
f 5753/4730/7977 5755/2762/7978 5752/2761/7979 5750/4731/7980
f 1407/2324/7981 1410/2328/7982 1409/4732/7983 1406/4733/7984
f 4722/1021/7985 4725/1020/7986 4724/4056/7987 4723/4054/7988
f 5477/2302/7989 5479/4734/7990 5476/4735/7991 5475/532/7992
f 1383/2277/7993 1384/4736/7994 1381/4719/7995 1379/2278/7996
f 5478/2301/7997 5481/4737/7998 5480/4738/7999 5477/2302/8000
f 1385/4739/8001 1387/4740/8002 1384/4736/8003 1383/2277/8004
f 1386/4741/8005 1389/4742/8006 1388/4729/8007 1385/4739/8008
f 1388/4729/8009 1390/4728/8010 1387/4740/8011 1385/4739/8012
f 3432/4743/8013 3433/2296/8014 3429/2295/8015 3430/4744/8016
f 4213/2721/8017 4216/3229/8018 4214/431/8019 4211/434/8020
f 3435/2303/8021 3436/2299/8022 3433/2296/8023 3432/4743/8024
f 1394/4745/8025 1396/4746/8026 1393/4727/8027 1391/4726/8028
f 5492/4747/8029 5494/4748/8030 5493/120/8031 5490/119/8032
f 5495/4749/8033 5496/4750/8034 5491/121/8035 5493/120/8036
f 1397/4751/8037 1402/4752/8038 1401/2310/8039 1398/2309/8040
f 4905/3844/8041 4906/4753/8042 4903/3719/8043 4902/2230/8044
f 1401/2310/8045 1404/2325/8046 1403/4754/8047 1400/2311/8048
f 1402/4752/8049 1405/2322/8050 1404/2325/8051 1401/2310/8052
f 3462/2320/8053 3465/2355/8054 3464/4755/8055 3461/2321/8056
f 3453/2337/8057 3449/2329/8058 3446/4756/8059 3451/2341/8060
f 5505/912/8061 5508/911/8062 5507/4757/8063 5504/4153/8064
f 5511/2367/8065 5510/2366/8066 5507/4757/8067 5508/911/8068
f 1413/4758/8069 1416/2370/8070 1415/4759/8071 1412/4760/8072
f 5513/2349/8073 5514/2348/8074 5511/2367/8075 5512/3426/8076
f 1416/2370/8077 1420/2369/8078 1418/4761/8079 1415/4759/8080
f 1414/4762/8081 1417/2371/8082 1416/2370/8083 1413/4758/8084
f 3475/4763/8085 3478/4764/8086 3476/4765/8087 3473/4766/8088
f 5517/2347/8089 5518/4767/8090 5516/2365/8091 5514/2348/8092
f 3478/4764/8093 3481/4768/8094 3479/4769/8095 3476/4765/8096
f 5519/4770/8097 5522/2333/8098 5520/2336/8099 5521/4771/8100
f 3482/4772/8101 3483/2390/8102 3481/4768/8103 3480/4773/8104
f 5523/4774/8105 5525/4775/8106 5522/2333/8107 5519/4770/8108
f 1428/2379/8109 1431/2345/8110 1429/4776/8111 1426/2380/8112
f 5525/4775/8113 5528/2372/8114 5526/2334/8115 5522/2333/8116
f 3474/4777/8117 3475/4763/8118 3471/2364/8119 3472/2363/8120
f 1431/2345/8121 1434/2344/8122 1432/4778/8123 1429/4776/8124
f 3477/4779/8125 3478/4764/8126 3475/4763/8127 3474/4777/8128
f 5611/4780/8129 5614/2522/8130 5612/2525/8131 5609/4781/8132
f 3480/4773/8133 3481/4768/8134 3478/4764/8135 3477/4779/8136
f 1442/2387/8137 1443/2386/8138 1438/4782/8139 1440/4783/8140
f 1441/4784/8141 1444/4785/8142 1442/2387/8143 1440/4783/8144
f 1439/4786/8145 1441/4784/8146 1440/4783/8147 1437/4787/8148
f 3498/2414/8149 3501/2423/8150 3499/2426/8151 3496/4788/8152
f 1444/4785/8153 1446/4789/8154 1445/2384/8155 1442/2387/8156
f 1448/4790/8157 1449/2397/8158 1445/2384/8159 1446/4789/8160
f 5547/1858/8161 5546/4791/8162 5543/738/8163 5544/737/8164
f 1467/2452/8165 1471/4792/8166 1470/2435/8167 1468/2453/8168
f 3494/2411/8169 3498/2414/8170 3496/4788/8171 3492/4793/8172
f 1454/4794/8173 1456/4795/8174 1455/4796/8175 1452/2398/8176
f 1457/4797/8177 1460/2442/8178 1458/2445/8179 1459/4798/8180
f 3516/2450/8181 3517/4799/8182 3514/4800/8183 3513/4801/8184
f 1461/4802/8185 1462/2447/8186 1460/2442/8187 1457/4797/8188
f 5936/4803/8189 5934/4804/8190 5931/3648/8191 5933/3647/8192
f 1481/4805/8193 1482/4806/8194 1479/4807/8195 1478/4808/8196
f 3508/2431/8197 3504/2424/8198 3505/2428/8199 3507/4809/8200
f 3521/2463/8201 3523/2462/8202 3520/2449/8203 3518/2448/8204
f 3511/2433/8205 3508/2431/8206 3507/4809/8207 3510/4810/8208
f 1468/2453/8209 1470/2435/8210 1469/2438/8211 1466/4811/8212
f 1471/4792/8213 1474/4812/8214 1473/2436/8215 1470/2435/8216
f 5597/4813/8217 5600/4814/8218 5598/3271/8219 5594/3270/8220
f 1473/2436/8221 1476/4815/8222 1475/4816/8223 1472/2437/8224
f 1474/4812/8225 1477/4817/8226 1476/4815/8227 1473/2436/8228
f 3516/2450/8229 3520/2449/8230 3519/4818/8231 3517/4799/8232
f 1478/4808/8233 1479/4807/8234 1476/4815/8235 1477/4817/8236
f 3520/2449/8237 3523/2462/8238 3522/4819/8239 3519/4818/8240
f 1482/4806/8241 1483/4820/8242 1480/4821/8243 1479/4807/8244
f 3523/2462/8245 3526/2461/8246 3525/4822/8247 3522/4819/8248
f 1485/4823/8249 1486/4824/8250 1483/4820/8251 1482/4806/8252
f 3543/2495/8253 3546/2504/8254 3545/4825/8255 3542/2496/8256
f 3530/2469/8257 3534/4826/8258 3532/4827/8259 3528/2470/8260
f 5586/4404/8261 5590/4828/8262 5589/2480/8263 5587/2479/8264
f 5277/601/8265 5280/4568/8266 5278/4829/8267 5275/602/8268
f 5366/3466/8269 5370/1837/8270 5368/1840/8271 5364/4643/8272
f 1496/2510/8273 1499/4830/8274 1497/4831/8275 1494/4832/8276
f 4674/274/8277 4675/4833/8278 4673/3961/8279 4670/275/8280
f 5593/4834/8281 5594/3270/8282 5591/3273/8283 5592/4835/8284
f 1501/4836/8285 1503/2498/8286 1500/2501/8287 1498/2509/8288
f 1500/2501/8289 1502/2500/8290 1499/4830/8291 1496/2510/8292
f 5880/886/8293 5882/885/8294 5879/2974/8295 5876/2973/8296
f 5600/4814/8297 5602/4617/8298 5601/2529/8299 5598/3271/8300
f 1507/4837/8301 1509/2475/8302 1506/2478/8303 1504/4838/8304
f 5774/3363/8305 5775/2375/8306 5771/2378/8307 5772/2814/8308
f 3552/4839/8309 3553/4840/8310 3549/4841/8311 3550/4842/8312
f 4696/1156/8313 4695/1155/8314 4692/2257/8315 4693/2256/8316
f 3555/4843/8317 3556/2518/8318 3553/4840/8319 3552/4839/8320
f 1513/4844/8321 1516/2549/8322 1515/2513/8323 1512/2512/8324
f 3558/4845/8325 3559/2519/8326 3556/2518/8327 3555/4843/8328
f 5612/2525/8329 5616/2524/8330 5615/3798/8331 5613/4846/8332
f 3561/2530/8333 3562/2533/8334 3559/2519/8335 3558/4845/8336
f 1519/2548/8337 1522/2553/8338 1520/4847/8339 1517/4848/8340
f 1522/2553/8341 1525/2559/8342 1523/4849/8343 1520/4847/8344
f 4362/789/8345 4364/3544/8346 4361/4850/8347 4358/4851/8348
f 4203/491/8349 4206/2897/8350 4205/3506/8351 4202/492/8352
f 1525/2559/8353 1528/2563/8354 1526/4852/8355 1523/4849/8356
f 4838/4179/8357 4841/4178/8358 4839/4853/8359 4840/4854/8360
f 1529/4855/8361 1532/2570/8362 1530/2573/8363 1531/4856/8364
f 1533/4857/8365 1535/4858/8366 1532/2570/8367 1529/4855/8368
f 3575/2556/8369 3579/2561/8370 3577/4859/8371 3573/4860/8372
f 1535/4858/8373 1538/3375/8374 1536/2571/8375 1532/2570/8376
f 1026/3372/8377 1030/4861/8378 1028/2536/8379 1025/3373/8380
f 4539/4862/8381 4542/43/8382 4541/46/8383 4538/3932/8384
f 5637/1128/8385 5640/1116/8386 5639/1118/8387 5636/4863/8388
f 1030/4861/8389 1033/1726/8390 1032/1725/8391 1028/2536/8392
f 1563/4864/8393 1560/4865/8394 1559/4866/8395 1562/4867/8396
f 5641/1127/8397 5644/475/8398 5643/478/8399 5640/1116/8400
f 1547/4868/8401 1552/4869/8402 1551/4870/8403 1549/2596/8404
f 3592/2579/8405 3588/2567/8406 3589/3920/8407 3591/4871/8408
f 3604/4872/8409 3607/4873/8410 3605/4874/8411 3602/4875/8412
f 3595/2580/8413 3592/2579/8414 3591/4871/8415 3594/4876/8416
f 1552/4869/8417 1555/4877/8418 1553/4878/8419 1551/4870/8420
f 3598/2586/8421 3595/2580/8422 3594/4876/8423 3597/4879/8424
f 1555/4877/8425 1558/4880/8426 1556/4881/8427 1553/4878/8428
f 3600/4882/8429 3601/2594/8430 3598/2586/8431 3597/4879/8432
f 1558/4880/8433 1561/4883/8434 1559/4866/8435 1556/4881/8436
f 3603/4884/8437 3604/4872/8438 3601/2594/8439 3600/4882/8440
f 1561/4883/8441 1564/4885/8442 1562/4867/8443 1559/4866/8444
f 3606/4886/8445 3607/4873/8446 3604/4872/8447 3603/4884/8448
f 1564/4885/8449 1567/4887/8450 1565/2608/8451 1562/4867/8452
f 4224/3529/8453 4227/3528/8454 4226/4888/8455 4225/4358/8456
f 3611/2611/8457 3615/4183/8458 3613/4184/8459 3609/2612/8460
f 1571/4889/8461 1574/2643/8462 1572/2646/8463 1573/4890/8464
f 5654/2623/8465 5657/4891/8466 5655/4892/8467 5652/4893/8468
f 5672/4894/8469 5674/650/8470 5671/135/8471 5669/4895/8472
f 1577/4896/8473 1580/4897/8474 1578/2644/8475 1574/2643/8476
f 4306/4898/8477 4308/3614/8478 4307/859/8479 4304/862/8480
f 5620/3796/8481 5622/2084/8482 5621/2083/8483 5618/3797/8484
f 4366/435/8485 4368/438/8486 4365/788/8487 4363/787/8488
f 1583/4899/8489 1586/4900/8490 1584/4901/8491 1581/4902/8492
f 1584/4901/8493 1587/2669/8494 1585/4903/8495 1582/4904/8496
f 1586/4900/8497 1588/2670/8498 1587/2669/8499 1584/4901/8500
f 3630/4905/8501 3631/2640/8502 3627/2616/8503 3628/2615/8504
f 5387/4664/8505 5390/3786/8506 5388/4906/8507 5389/4907/8508
f 3633/4908/8509 3634/2654/8510 3631/2640/8511 3630/4905/8512
f 1607/4909/8513 1610/2701/8514 1608/2704/8515 1609/4910/8516
f 3636/4911/8517 3637/2655/8518 3634/2654/8519 3633/4908/8520
f 1594/2648/8521 1597/4912/8522 1595/4913/8523 1592/2649/8524
f 3639/4914/8525 3640/2660/8526 3637/2655/8527 3636/4911/8528
f 1597/4912/8529 1599/4915/8530 1598/4916/8531 1595/4913/8532
f 3642/2666/8533 3643/2664/8534 3640/2660/8535 3639/4914/8536
f 1603/2696/8537 1600/4917/8538 1598/4916/8539 1602/2693/8540
f 5697/1950/8541 5700/2419/8542 5699/2422/8543 5696/1951/8544
f 1604/4918/8545 1606/2694/8546 1602/2693/8547 1601/4919/8548
f 5157/4920/8549 5160/2729/8550 5159/955/8551 5156/958/8552
f 5310/2172/8553 5313/4921/8554 5311/4922/8555 5309/4923/8556
f 3665/2699/8557 3666/4924/8558 3664/4925/8559 3662/2700/8560
f 3665/2699/8561 3669/2709/8562 3668/2712/8563 3666/4924/8564
f 1614/2702/8565 1618/2714/8566 1616/4926/8567 1612/2703/8568
f 3658/4927/8569 3660/2671/8570 3656/2674/8571 3654/2689/8572
f 5337/919/8573 5338/4928/8574 5336/4929/8575 5334/920/8576
f 4508/1915/8577 4510/4930/8578 4507/4931/8579 4505/1776/8580
f 1618/2714/8581 1621/2719/8582 1619/4932/8583 1616/4926/8584
f 1621/2719/8585 1624/2724/8586 1622/4933/8587 1619/4932/8588
f 1623/2723/8589 1627/4934/8590 1626/2705/8591 1624/2724/8592
f 1624/2724/8593 1626/2705/8594 1625/2708/8595 1622/4933/8596
f 3683/2735/8597 3684/2739/8598 3681/2726/8599 3680/2725/8600
f 5550/1760/8601 5549/2406/8602 5546/4791/8603 5547/1858/8604
f 3685/2734/8605 3688/4935/8606 3686/2740/8607 3683/2735/8608
f 5566/4457/8609 5569/4313/8610 5567/3514/8611 5565/2401/8612
f 1635/4936/8613 1632/4937/8614 1631/4938/8615 1634/4939/8616
f 1633/4940/8617 1636/4941/8618 1634/4939/8619 1631/4938/8620
f 1638/4942/8621 1635/4936/8622 1634/4939/8623 1637/4943/8624
f 1636/4941/8625 1639/4944/8626 1637/4943/8627 1634/4939/8628
f 5749/4945/8629 5752/2761/8630 5751/2764/8631 5748/4946/8632
f 1639/4944/8633 1641/4947/8634 1640/4948/8635 1637/4943/8636
f 3697/2760/8637 3700/2771/8638 3698/2756/8639 3696/2759/8640
f 5739/2383/8641 5740/4949/8642 5738/3065/8643 5736/2118/8644
f 5334/920/8645 5336/4929/8646 5332/4537/8647 5331/2059/8648
f 5741/4950/8649 5744/2744/8650 5742/2747/8651 5743/4951/8652
f 1649/4952/8653 1652/2778/8654 1650/2781/8655 1651/4953/8656
f 3692/2749/8657 3696/2759/8658 3694/2758/8659 3690/2750/8660
f 1653/4954/8661 1654/2783/8662 1652/2778/8663 1649/4952/8664
f 3711/4955/8665 3714/4956/8666 3713/4957/8667 3710/4958/8668
f 3742/4959/8669 3745/4960/8670 3743/4961/8671 3740/4962/8672
f 1657/2779/8673 1660/2786/8674 1658/4963/8675 1655/2780/8676
f 5755/2762/8677 5758/3879/8678 5757/4304/8679 5754/2763/8680
f 1660/2786/8681 1663/2792/8682 1661/4964/8683 1658/4963/8684
f 4511/1914/8685 4513/2441/8686 4510/4930/8687 4508/1915/8688
f 1663/2792/8689 1666/2798/8690 1664/4965/8691 1661/4964/8692
f 5537/3083/8693 5539/3914/8694 5538/3916/8695 5534/2403/8696
f 1666/2798/8697 1669/2803/8698 1667/4966/8699 1664/4965/8700
f 5651/2624/8701 5654/2623/8702 5652/4893/8703 5653/4967/8704
f 1670/4968/8705 1671/4969/8706 1669/2803/8707 1668/2802/8708
f 1673/4970/8709 1674/4971/8710 1671/4969/8711 1670/4968/8712
f 1674/4971/8713 1675/4972/8714 1672/4973/8715 1671/4969/8716
f 1676/2793/8717 1677/2796/8718 1674/4971/8719 1673/4970/8720
f 1677/2796/8721 1678/4974/8722 1675/4972/8723 1674/4971/8724
f 5792/4975/8725 5793/577/8726 5789/580/8727 5790/4976/8728
f 1679/2795/8729 1680/2801/8730 1678/4974/8731 1677/2796/8732
f 3723/4977/8733 3724/4978/8734 3720/4979/8735 3721/4980/8736
f 1712/4981/8737 1716/4982/8738 1715/2830/8739 1713/4983/8740
f 1685/4984/8741 1688/2832/8742 1686/2835/8743 1687/4985/8744
f 3728/2806/8745 3732/2820/8746 3730/2823/8747 3726/2807/8748
f 1689/4986/8749 1691/4987/8750 1688/2832/8751 1685/4984/8752
f 1691/4987/8753 1694/4988/8754 1692/2833/8755 1688/2832/8756
f 1692/2833/8757 1695/4989/8758 1693/4990/8759 1690/2834/8760
f 1694/4988/8761 1696/4991/8762 1695/4989/8763 1692/2833/8764
f 4296/4992/8765 4298/2887/8766 4295/1011/8767 4292/1010/8768
f 5795/3286/8769 5797/3285/8770 5793/577/8771 5792/4975/8772
f 3741/4993/8773 3742/4959/8774 3738/2825/8775 3739/4994/8776
f 1700/4995/8777 1702/2855/8778 1698/2854/8779 1697/4996/8780
f 3745/4960/8781 3742/4959/8782 3741/4993/8783 3744/4997/8784
f 1702/2855/8785 1704/2836/8786 1703/2839/8787 1701/2856/8788
f 3763/4998/8789 3764/2873/8790 3761/2876/8791 3762/4999/8792
f 5815/5000/8793 5818/2182/8794 5816/2818/8795 5813/5001/8796
f 5811/2878/8797 5815/5000/8798 5813/5001/8799 5810/5002/8800
f 1708/2837/8801 1711/2872/8802 1709/5003/8803 1706/2838/8804
f 3766/5004/8805 3772/2890/8806 3771/2884/8807 3768/2883/8808
f 1712/4981/8809 1713/4983/8810 1711/2872/8811 1710/2871/8812
f 3789/2919/8813 3790/5005/8814 3785/2916/8815 3787/2915/8816
f 1715/2830/8817 1717/2829/8818 1714/5006/8819 1713/4983/8820
f 3756/2858/8821 3760/2865/8822 3759/5007/8823 3757/2859/8824
f 1716/4982/8825 1719/5008/8826 1718/2831/8827 1715/2830/8828
f 5834/2927/8829 5835/380/8830 5833/5009/8831 5831/5010/8832
f 3766/5004/8833 3768/2883/8834 3764/2873/8835 3763/4998/8836
f 1727/5011/8837 1728/2911/8838 1724/5012/8839 1725/5013/8840
f 1743/5014/8841 1746/2941/8842 1744/5015/8843 1741/5016/8844
f 1730/5017/8845 1732/2912/8846 1728/2911/8847 1727/5011/8848
f 1728/2911/8849 1729/2914/8850 1726/5018/8851 1724/5012/8852
f 3789/2919/8853 3787/2915/8854 3786/5019/8855 3788/2920/8856
f 1752/5020/8857 1753/5021/8858 1748/5022/8859 1750/2940/8860
f 3777/5023/8861 3778/2861/8862 3774/2860/8863 3775/2891/8864
f 3792/2918/8865 3794/5024/8866 3790/5005/8867 3789/2919/8868
f 3780/5025/8869 3781/2879/8870 3778/2861/8871 3777/5023/8872
f 4484/1789/8873 4485/1788/8874 4482/3767/8875 4481/3766/8876
f 3784/2880/8877 3781/2879/8878 3780/5025/8879 3783/5026/8880
f 3797/5027/8881 3800/5028/8882 3798/5029/8883 3799/5030/8884
f 3787/2915/8885 3784/2880/8886 3783/5026/8887 3786/5019/8888
f 3800/5028/8889 3802/5031/8890 3801/5032/8891 3798/5029/8892
f 5859/5033/8893 5862/2635/8894 5861/2638/8895 5858/5034/8896
f 1745/5035/8897 1747/2942/8898 1746/2941/8899 1743/5014/8900
f 5328/2060/8901 5329/4538/8902 5325/3448/8903 5326/3447/8904
f 1751/5036/8905 1752/5020/8906 1750/2940/8907 1749/2939/8908
f 3809/2952/8909 3811/2955/8910 3808/5037/8911 3806/5038/8912
f 5442/3213/8913 5446/5039/8914 5444/5040/8915 5441/3214/8916
f 3813/2954/8917 3816/5041/8918 3815/5042/8919 3812/2956/8920
f 3803/5043/8921 3805/5044/8922 3800/5028/8923 3797/5027/8924
f 3805/5044/8925 3804/5045/8926 3802/5031/8927 3800/5028/8928
f 1763/2949/8929 1764/2948/8930 1760/2934/8931 1761/5046/8932
f 3808/5037/8933 3807/5047/8934 3804/5045/8935 3805/5044/8936
f 3821/5048/8937 3824/5049/8938 3822/5050/8939 3823/5051/8940
f 3808/5037/8941 3811/2955/8942 3810/2957/8943 3807/5047/8944
f 5400/4582/8945 5403/814/8946 5401/816/8947 5398/5052/8948
f 3828/5053/8949 3829/5054/8950 3827/5055/8951 3824/5049/8952
f 1769/2961/8953 1772/2960/8954 1770/2980/8955 1771/5056/8956
f 5869/4073/8957 5872/5057/8958 5870/5058/8959 5867/5059/8960
f 4304/862/8961 4305/861/8962 4302/5060/8963 4301/4152/8964
f 1775/2959/8965 1778/2967/8966 1776/2970/8967 1772/2960/8968
f 5658/2622/8969 5659/5061/8970 5657/4891/8971 5654/2623/8972
f 3839/842/8973 3840/841/8974 3837/5062/8975 3836/5063/8976
f 3826/5064/8977 3828/5053/8978 3824/5049/8979 3821/5048/8980
f 5881/5065/8981 5883/883/8982 5880/886/8983 5878/3380/8984
f 5884/5066/8985 5886/4023/8986 5883/883/8987 5881/5065/8988
f 5445/5067/8989 5446/5039/8990 5442/3213/8991 5443/5068/8992
f 3845/5069/8993 3848/3003/8994 3846/3006/8995 3847/5070/8996
f 1794/5071/8997 1791/5072/8998 1790/400/8999 1793/399/9000
f 3336/3000/9001 3339/5073/9002 3338/5074/9003 3335/4206/9004
f 5921/5075/9005 5924/3735/9006 5922/5076/9007 5923/5077/9008
f 1795/398/9009 1798/5078/9010 1796/5079/9011 1793/399/9012
f 1800/5080/9013 1797/5081/9014 1796/5079/9015 1799/5082/9016
f 4358/4851/9017 4361/4850/9018 4359/5083/9019 4356/5084/9020
f 1803/5085/9021 1800/5080/9022 1799/5082/9023 1802/5086/9024
f 1834/3037/9025 1839/3067/9026 1835/5087/9027 1832/3038/9028
f 1805/3026/9029 1808/3013/9030 1806/5088/9031 1807/5089/9032
f 3851/3017/9033 3853/3016/9034 3848/3003/9035 3845/5069/9036
f 3848/3003/9037 3853/3016/9038 3852/5090/9039 3850/3004/9040
f 1808/3013/9041 1811/3012/9042 1809/5091/9043 1806/5088/9044
f 3853/3016/9045 3856/3015/9046 3855/5092/9047 3852/5090/9048
f 3869/5093/9049 3872/3044/9050 3870/3047/9051 3871/5094/9052
f 3856/3015/9053 3859/3021/9054 3858/5095/9055 3855/5092/9056
f 1816/5096/9057 1822/5097/9058 1820/5098/9059 1818/3022/9060
f 3859/3021/9061 3862/2128/9062 3861/5099/9063 3858/5095/9064
f 1820/5098/9065 1821/5100/9066 1819/3023/9067 1818/3022/9068
f 3862/2128/9069 3867/2127/9070 3864/5101/9071 3861/5099/9072
f 1822/5097/9073 1825/5102/9074 1824/3027/9075 1820/5098/9076
f 3881/3054/9077 3882/3060/9078 3879/5103/9079 3880/3051/9080
f 1827/3028/9081 1831/3036/9082 1829/3039/9083 1826/3029/9084
f 4406/3035/9085 4408/4128/9086 4405/1205/9087 4403/1204/9088
f 3874/3052/9089 3876/3048/9090 3872/3044/9091 3869/5093/9092
f 5928/3649/9093 5931/3648/9094 5929/5104/9095 5926/5105/9096
f 5934/4804/9097 5932/5106/9098 5929/5104/9099 5931/3648/9100
f 3876/3048/9101 3880/3051/9102 3879/5103/9103 3877/3049/9104
f 1853/5107/9105 1855/5108/9106 1852/5109/9107 1850/5110/9108
f 1854/5111/9109 1858/5112/9110 1856/5113/9111 1853/5107/9112
f 1838/5114/9113 1839/3067/9114 1836/3068/9115 1840/5115/9116
f 1841/5116/9117 1845/5117/9118 1842/5118/9119 1843/5119/9120
f 3915/5120/9121 3913/5121/9122 3916/5122/9123 3912/5123/9124
f 5943/3165/9125 5941/3166/9126 5938/2167/9127 5940/472/9128
f 1847/5124/9129 1849/5125/9130 1846/5126/9131 1842/5118/9132
f 1848/5127/9133 1851/5128/9134 1850/5110/9135 1847/5124/9136
f 1850/5110/9137 1852/5109/9138 1849/5125/9139 1847/5124/9140
f 4231/5129/9141 4232/694/9142 4229/695/9143 4230/5130/9144
f 3899/5131/9145 3901/5132/9146 3896/5133/9147 3893/5134/9148
f 3901/5132/9149 3900/5135/9150 3898/5136/9151 3896/5133/9152
f 1856/5113/9153 1860/5137/9154 1859/5138/9155 1857/5139/9156
f 3904/3090/9157 3903/5140/9158 3900/5135/9159 3901/5132/9160
f 1861/5141/9161 1864/5142/9162 1863/5143/9163 1860/5137/9164
f 3904/3090/9165 3907/3089/9166 3906/5144/9167 3903/5140/9168
f 1864/5142/9169 1867/5145/9170 1866/5146/9171 1863/5143/9172
f 3907/3089/9173 3910/5147/9174 3909/5148/9175 3906/5144/9176
f 1867/5145/9177 1870/5149/9178 1869/5150/9179 1866/5146/9180
f 3910/5147/9181 3915/5120/9182 3912/5123/9183 3909/5148/9184
f 1870/5149/9185 1873/5151/9186 1872/5152/9187 1869/5150/9188
f 3929/3131/9189 3930/5153/9190 3927/3125/9191 3926/3097/9192
f 1875/3136/9193 1879/3118/9194 1877/5154/9195 1874/5155/9196
f 1881/3117/9197 1882/3124/9198 1877/5154/9199 1879/3118/9200
f 3920/3113/9201 3925/3098/9202 3923/3126/9203 3918/3114/9204
f 3924/3095/9205 3925/3098/9206 3920/3113/9207 3922/3121/9208
f 3952/5156/9209 3955/3174/9210 3953/3177/9211 3950/5157/9212
f 3941/5158/9213 3942/3148/9214 3939/3139/9215 3938/3138/9216
f 1886/5159/9217 1887/3127/9218 1884/3122/9219 1883/5160/9220
f 1922/3160/9221 1923/3159/9222 1919/5161/9223 1920/5162/9224
f 1889/5163/9225 1891/5164/9226 1888/3128/9227 1887/3127/9228
f 1890/5165/9229 1893/5166/9230 1892/5167/9231 1889/5163/9232
f 1894/5168/9233 1891/5164/9234 1889/5163/9235 1892/5167/9236
f 5965/297/9237 5968/3141/9238 5967/5169/9239 5964/298/9240
f 1897/5170/9241 1894/5168/9242 1892/5167/9243 1895/5171/9244
f 1899/3170/9245 1895/5171/9246 1896/5172/9247 1898/5173/9248
f 1900/3173/9249 1897/5170/9250 1895/5171/9251 1899/3170/9252
f 1903/3171/9253 1899/3170/9254 1898/5173/9255 1901/5174/9256
f 4109/2663/9257 4111/24/9258 4108/3395/9259 4106/3637/9260
f 1919/5161/9261 1921/5175/9262 1918/5176/9263 1916/5177/9264
f 1920/5162/9265 1919/5161/9266 1916/5177/9267 1917/5178/9268
f 3948/5179/9269 3949/3133/9270 3945/3132/9271 3946/5180/9272
f 5875/3381/9273 5876/2973/9274 5873/2976/9275 5874/5181/9276
f 3951/5182/9277 3952/5156/9278 3949/3133/9279 3948/5179/9280
f 1910/3110/9281 1912/5183/9282 1909/3178/9283 1904/3111/9284
f 3954/5184/9285 3955/3174/9286 3952/5156/9287 3951/5182/9288
f 1913/5185/9289 1915/5186/9290 1912/5183/9291 1910/3110/9292
f 3957/5187/9293 3958/3175/9294 3955/3174/9295 3954/5184/9296
f 1916/5177/9297 1918/5176/9298 1915/5186/9299 1913/5185/9300
f 3976/5188/9301 3979/3206/9302 3978/3198/9303 3974/3196/9304
f 3964/3182/9305 3966/3185/9306 3962/3153/9307 3960/3180/9308
f 5434/3075/9309 5437/1468/9310 5436/1471/9311 5433/3076/9312
f 4253/5189/9313 4257/254/9314 4256/253/9315 4254/5190/9316
f 1926/3158/9317 1927/5191/9318 1924/5192/9319 1923/3159/9320
f 5575/5193/9321 5578/3340/9322 5576/1489/9323 5573/3164/9324
f 1931/5194/9325 1932/5195/9326 1929/5196/9327 1928/5197/9328
f 1932/5195/9329 1933/5198/9330 1930/5199/9331 1929/5196/9332
f 1934/3203/9333 1935/3202/9334 1932/5195/9335 1931/5194/9336
f 4552/5200/9337 4549/4285/9338 4547/2628/9339 4551/1528/9340
f 3990/3194/9341 3993/3226/9342 3992/5201/9343 3989/3195/9344
f 1938/3201/9345 1939/3232/9346 1936/5202/9347 1935/3202/9348
f 1940/5203/9349 1942/3230/9350 1938/3201/9351 1937/3200/9352
f 4011/3254/9353 4014/3260/9354 4013/3261/9355 4012/3255/9356
f 3997/3233/9357 4000/5204/9358 3999/3238/9359 3996/3234/9360
f 1942/3230/9361 1944/5205/9362 1943/5206/9363 1941/3231/9364
f 1944/5205/9365 1947/5207/9366 1946/5208/9367 1943/5206/9368
f 4573/5209/9369 4569/765/9370 4570/764/9371 4572/1477/9372
f 4868/3664/9373 4870/3663/9374 4867/5210/9375 4865/411/9376
f 1948/5211/9377 1951/5212/9378 1950/3224/9379 1947/5207/9380
f 5598/3271/9381 5601/2529/9382 5599/2528/9383 5596/3272/9384
f 1951/5212/9385 1954/5213/9386 1952/3221/9387 1950/3224/9388
f 1955/5214/9389 1956/5215/9390 1953/3222/9391 1952/3221/9392
f 1954/5213/9393 1957/5216/9394 1955/5214/9395 1952/3221/9396
f 1958/5217/9397 1959/5218/9398 1956/5215/9399 1955/5214/9400
f 1957/5216/9401 1960/5219/9402 1958/5217/9403 1955/5214/9404
f 4015/5220/9405 4019/5221/9406 4017/3242/9407 4014/3260/9408
f 1958/5217/9409 1962/3268/9410 1961/5222/9411 1959/5218/9412
f 1962/3268/9413 1966/3267/9414 1964/5223/9415 1961/5222/9416
f 4733/5224/9417 4734/5225/9418 4731/945/9419 4730/944/9420
f 4037/3295/9421 4042/3279/9422 4040/3282/9423 4038/3296/9424
f 4022/5226/9425 4025/5227/9426 4023/5228/9427 4024/5229/9428
f 5720/679/9429 5723/5230/9430 5721/5231/9431 5718/680/9432
f 5202/3468/9433 5204/4503/9434 5201/1831/9435 5199/1830/9436
f 5107/3240/9437 5110/2846/9438 5109/3019/9439 5106/3241/9440
f 1970/3277/9441 1973/5232/9442 1971/5233/9443 1968/5234/9444
f 1975/5235/9445 1977/3262/9446 1974/3265/9447 1972/3276/9448
f 4031/5236/9449 4034/5237/9450 4032/3291/9451 4029/5238/9452
f 1978/5239/9453 1980/5240/9454 1977/3262/9455 1975/5235/9456
f 1980/5240/9457 1981/5241/9458 1979/3263/9459 1977/3262/9460
f 1984/5242/9461 1985/3306/9462 1982/3305/9463 1983/5243/9464
f 4025/5227/9465 4029/5238/9466 4027/5244/9467 4023/5228/9468
f 1986/5245/9469 1988/5246/9470 1985/3306/9471 1984/5242/9472
f 1988/5246/9473 1991/5247/9474 1989/3303/9475 1985/3306/9476
f 1989/3303/9477 1992/5248/9478 1990/5249/9479 1987/3304/9480
f 1991/5247/9481 1994/5250/9482 1992/5248/9483 1989/3303/9484
f 1992/5248/9485 1995/3297/9486 1993/3300/9487 1990/5249/9488
f 1994/5250/9489 1997/5251/9490 1995/3297/9491 1992/5248/9492
f 4899/2231/9493 4900/3720/9494 4897/844/9495 4896/843/9496
f 2012/5252/9497 2014/5253/9498 2013/5254/9499 2010/3311/9500
f 4041/5255/9501 4042/3279/9502 4037/3295/9503 4039/5256/9504
f 1997/5251/9505 2000/5257/9506 1998/3298/9507 1995/3297/9508
f 4044/5258/9509 4045/3280/9510 4042/3279/9511 4041/5255/9512
f 4062/3335/9513 4058/3326/9514 4059/3325/9515 4061/3333/9516
f 4047/5259/9517 4048/3309/9518 4045/3280/9519 4044/5258/9520
f 4080/5260/9521 4077/5261/9522 4076/3355/9523 4079/3361/9524
f 4050/5262/9525 4051/3313/9526 4048/3309/9527 4047/5259/9528
f 4083/5263/9529 4080/5260/9530 4079/3361/9531 4082/3365/9532
f 4053/3321/9533 4054/3319/9534 4051/3313/9535 4050/5262/9536
f 2015/5264/9537 2017/5265/9538 2011/5266/9539 2013/5254/9540
f 2014/5253/9541 2016/5267/9542 2015/5264/9543 2013/5254/9544
f 4069/5268/9545 4072/5269/9546 4070/3343/9547 4067/3339/9548
f 4578/1650/9549 4579/3680/9550 4576/5270/9551 4575/1651/9552
f 2019/3330/9553 2020/5271/9554 2017/5265/9555 2015/5264/9556
f 4077/5261/9557 4074/3349/9558 4073/3350/9559 4076/3355/9560
f 2022/3329/9561 2023/5272/9562 2020/5271/9563 2019/3330/9564
f 2024/5273/9565 2025/5274/9566 2022/3329/9567 2021/3328/9568
f 2025/5274/9569 2026/5275/9570 2023/5272/9571 2022/3329/9572
f 2027/5276/9573 2028/5277/9574 2025/5274/9575 2024/5273/9576
f 2028/5277/9577 2029/5278/9578 2026/5275/9579 2025/5274/9580
f 2030/5279/9581 2031/5280/9582 2028/5277/9583 2027/5276/9584
f 2031/5280/9585 2032/5281/9586 2029/5278/9587 2028/5277/9588
f 2033/5282/9589 2034/5283/9590 2031/5280/9591 2030/5279/9592
f 2034/5283/9593 2035/5284/9594 2032/5281/9595 2031/5280/9596
f 2036/3356/9597 2037/3359/9598 2034/5283/9599 2033/5282/9600
f 2037/3359/9601 2038/5285/9602 2035/5284/9603 2034/5283/9604
f 4094/4428/9605 4095/813/9606 4093/3379/9607 4092/5286/9608
f 2039/3358/9609 2041/5287/9610 2038/5285/9611 2037/3359/9612
f 2040/3357/9613 2043/5288/9614 2042/5289/9615 2039/3358/9616
f 4323/181/9617 4324/5290/9618 4321/2909/9619 4320/332/9620
f 2045/3386/9621 2048/829/9622 2046/832/9623 2047/5291/9624
f 4088/3368/9625 4093/3379/9626 4091/3378/9627 4086/3369/9628
f 4092/5286/9629 4093/3379/9630 4088/3368/9631 4090/5292/9632
f 1536/2571/9633 1539/3377/9634 1537/5293/9635 1534/2572/9636
f 2078/30/9637 2080/37/9638 2077/5294/9639 2075/27/9640
f 1028/2536/9641 1029/2538/9642 1027/5295/9643 1025/3373/9644
f 2056/5296/9645 2058/5297/9646 2055/836/9647 2053/835/9648
f 4112/2662/9649 4116/5298/9650 4115/210/9651 4113/21/9652
f 3229/1964/9653 3227/1963/9654 3224/1954/9655 3226/1953/9656
f 2075/27/9657 2077/5294/9658 2074/3399/9659 2072/28/9660
f 494/3919/9661 504/825/9662 486/796/9663 492/795/9664
f 1230/2033/9665 1233/4613/9666 1231/5299/9667 1228/2048/9668
f 2290/5300/9669 2291/5301/9670 2289/3634/9671 2288/3633/9672
f 4441/5302/9673 4444/557/9674 4442/4682/9675 4439/5303/9676
f 3972/5304/9677 3976/5188/9678 3974/3196/9679 3971/3192/9680
f 4326/61/9681 4327/622/9682 4324/5290/9683 4323/181/9684
f 5714/5305/9685 5715/5306/9686 5711/981/9687 5712/980/9688
f 2070/16/9689 2073/25/9690 2072/28/9691 2069/17/9692
f 4384/5307/9693 4387/5308/9694 4386/5309/9695 4383/5310/9696
f 5916/5311/9697 5917/1678/9698 5914/1677/9699 5913/3101/9700
f 3204/4550/9701 3208/5312/9702 3207/5313/9703 3205/4551/9704
f 2190/5314/9705 2191/5315/9706 2189/202/9707 2186/201/9708
f 38/3424/9709 40/5316/9710 39/5317/9711 37/3425/9712
f 3264/5318/9713 3267/2031/9714 3266/5319/9715 3265/5320/9716
f 3284/4606/9717 3285/2057/9718 3282/4614/9719 3283/5321/9720
f 4596/3605/9721 4598/5322/9722 4595/786/9723 4593/785/9724
f 4381/5323/9725 4384/5307/9726 4383/5310/9727 4380/5324/9728
f 1798/5078/9729 1801/5325/9730 1799/5082/9731 1796/5079/9732
f 804/1329/9733 805/1332/9734 800/4229/9735 802/1318/9736
f 2617/4000/9737 2620/5326/9738 2619/922/9739 2615/915/9740
f 3667/2698/9741 3670/2716/9742 3669/2709/9743 3665/2699/9744
f 597/5327/9745 598/5328/9746 596/5329/9747 593/5330/9748
f 3704/2777/9749 3705/2776/9750 3702/5331/9751 3701/2773/9752
f 2096/5332/9753 2098/3429/9754 2095/56/9755 2093/55/9756
f 666/1086/9757 668/5333/9758 665/1060/9759 662/1059/9760
f 2096/5332/9761 2101/3384/9762 2100/67/9763 2098/3429/9764
f 4796/4115/9765 4799/4127/9766 4797/5334/9767 4794/4116/9768
f 2569/3943/9769 2565/3942/9770 2564/4426/9771 2567/5335/9772
f 3818/5336/9773 3819/5337/9774 3815/5042/9775 3816/5041/9776
f 4583/5338/9777 4585/5339/9778 4582/3679/9779 4580/3678/9780
f 1557/5340/9781 1554/5341/9782 1553/4878/9783 1556/4881/9784
f 5660/2626/9785 5662/2634/9786 5659/5061/9787 5658/2622/9788
f 597/5327/9789 600/959/9790 599/962/9791 598/5328/9792
f 1602/2693/9793 1598/4916/9794 1599/4915/9795 1601/4919/9796
f 2472/3837/9797 2476/688/9798 2475/689/9799 2473/3823/9800
f 51/3443/9801 52/3442/9802 50/48/9803 49/47/9804
f 2709/1070/9805 2713/4093/9806 2711/5342/9807 2708/4077/9808
f 4162/5343/9809 4164/3398/9810 4160/75/9811 4157/1044/9812
f 97/5344/9813 99/3499/9814 96/131/9815 94/130/9816
f 4395/880/9817 4398/5345/9818 4397/3248/9819 4394/881/9820
f 2556/819/9821 2559/1694/9822 2558/5346/9823 2555/3908/9824
f 5270/2589/9825 5274/600/9826 5272/603/9827 5267/3032/9828
f 1049/5347/9829 1051/1747/9830 1047/1717/9831 1045/1716/9832
f 5178/4021/9833 5180/4020/9834 5177/4475/9835 5175/1810/9836
f 83/103/9837 84/102/9838 82/3479/9839 81/3478/9840
f 92/132/9841 95/5348/9842 93/5349/9843 90/3484/9844
f 1125/4517/9845 1128/5350/9846 1126/5351/9847 1123/4518/9848
f 1151/1932/9849 1154/1906/9850 1152/1909/9851 1153/5352/9852
f 5146/4441/9853 5148/2053/9854 5144/1887/9855 5141/1886/9856
f 5731/2120/9857 5733/2119/9858 5730/5353/9859 5728/5354/9860
f 4019/5221/9861 4021/5355/9862 4020/3243/9863 4017/3242/9864
f 3023/1609/9865 3024/1608/9866 3021/1599/9867 3020/1598/9868
f 478/5356/9869 482/5357/9870 480/3893/9871 477/3892/9872
f 104/5358/9873 107/160/9874 105/163/9875 106/5359/9876
f 3076/2576/9877 3074/5360/9878 3071/5361/9879 3073/4434/9880
f 5196/1833/9881 5198/1832/9882 5195/2542/9883 5192/1835/9884
f 221/3624/9885 222/3623/9886 220/3620/9887 219/3619/9888
f 4823/4562/9889 4825/169/9890 4822/168/9891 4820/1161/9892
f 3162/1852/9893 3161/1857/9894 3158/5362/9895 3159/1847/9896
f 97/5344/9897 102/5363/9898 101/3496/9899 99/3499/9900
f 954/4375/9901 957/4379/9902 956/5364/9903 953/5365/9904
f 2156/152/9905 2157/155/9906 2154/139/9907 2153/138/9908
f 4198/145/9909 4201/490/9910 4200/493/9911 4197/146/9912
f 2190/5314/9913 2193/5366/9914 2192/5367/9915 2191/5315/9916
f 2372/519/9917 2373/522/9918 2369/3716/9919 2370/515/9920
f 121/5368/9921 122/5369/9922 119/5370/9923 120/5371/9924
f 3579/2561/9925 3582/2565/9926 3580/5372/9927 3577/4859/9928
f 3588/2567/9929 3592/2579/9930 3590/2582/9931 3586/2568/9932
f 2185/5373/9933 2183/191/9934 2182/165/9935 2181/3541/9936
f 4457/230/9937 4458/229/9938 4455/1112/9939 4454/5374/9940
f 5489/368/9941 5492/4747/9942 5490/119/9943 5486/369/9944
f 3706/5375/9945 3709/5376/9946 3707/2774/9947 3704/2777/9948
f 2324/3669/9949 2328/439/9950 2327/442/9951 2325/3670/9952
f 1389/4742/9953 1392/5377/9954 1391/4726/9955 1388/4729/9956
f 3471/2364/9957 3475/4763/9958 3473/4766/9959 3470/5378/9960
f 4010/5379/9961 4011/3254/9962 4008/3251/9963 4007/3250/9964
f 2193/5366/9965 2195/5380/9966 2194/5381/9967 2192/5367/9968
f 5573/3164/9969 5574/3163/9970 5571/5382/9971 5570/4315/9972
f 4694/5383/9973 4696/1156/9974 4693/2256/9975 4691/2429/9976
f 5030/4371/9977 5034/3996/9978 5033/3836/9979 5031/4356/9980
f 3624/2602/9981 3627/2616/9982 3625/2642/9983 3622/2603/9984
f 143/3552/9985 146/3551/9986 144/5384/9987 145/5385/9988
f 1869/5150/9989 1872/5152/9990 1871/5386/9991 1868/5387/9992
f 1392/5377/9993 1395/5388/9994 1394/4745/9995 1391/4726/9996
f 440/3852/9997 442/3860/9998 441/3859/9999 437/3853/10000
f 4515/2439/10001 4519/2493/10002 4518/3936/10003 4516/2440/10004
f 2196/3548/10005 2197/3547/10006 2194/5381/10007 2195/5380/10008
f 5206/2464/10009 5208/2467/10010 5205/4501/10011 5203/5389/10012
f 3015/1593/10013 3018/1600/10014 3016/5390/10015 3013/1594/10016
f 3536/5391/10017 3538/2457/10018 3537/2456/10019 3534/4826/10020
f 3778/2861/10021 3781/2879/10022 3779/2882/10023 3776/2862/10024
f 747/1234/10025 751/1233/10026 749/5392/10027 746/5393/10028
f 5917/1678/10029 5920/5394/10030 5918/5395/10031 5915/1679/10032
f 5895/1567/10033 5896/1570/10034 5894/1580/10035 5892/1579/10036
f 73/3473/10037 74/3472/10038 72/3463/10039 71/3462/10040
f 2202/208/10041 2203/207/10042 2201/5396/10043 2200/5397/10044
f 878/5398/10045 879/4284/10046 859/1643/10047 858/4270/10048
f 1404/2325/10049 1407/2324/10050 1406/4733/10051 1403/4754/10052
f 3981/3208/10053 3984/3188/10054 3983/3191/10055 3980/5399/10056
f 2967/1514/10057 2970/5400/10058 2969/1516/10059 2966/1515/10060
f 177/5401/10061 178/5402/10062 176/5403/10063 175/5404/10064
f 1210/5405/10065 1213/4585/10066 1212/1974/10067 1209/1973/10068
f 3293/2069/10069 3295/2071/10070 3292/2063/10071 3290/2062/10072
f 2278/358/10073 2279/357/10074 2277/345/10075 2276/344/10076
f 4600/2148/10077 4602/2150/10078 4599/3906/10079 4597/5406/10080
f 2824/1256/10081 2827/387/10082 2825/4200/10083 2822/1257/10084
f 4738/1024/10085 4741/1023/10086 4740/5407/10087 4737/5408/10088
f 299/3687/10089 304/503/10090 303/463/10091 301/487/10092
f 189/5409/10093 190/5410/10094 188/5411/10095 187/5412/10096
f 1886/5159/10097 1890/5165/10098 1889/5163/10099 1887/3127/10100
f 885/1464/10101 886/5413/10102 872/4300/10103 868/1406/10104
f 5680/3580/10105 5683/4458/10106 5681/4461/10107 5679/2658/10108
f 4278/319/10109 4279/223/10110 4276/278/10111 4275/277/10112
f 1206/4577/10113 1207/4579/10114 1204/1956/10115 1203/1955/10116
f 2200/5397/10117 2201/5396/10118 2199/3546/10119 2198/3545/10120
f 2256/5414/10121 2257/5415/10122 2255/3597/10123 2254/3596/10124
f 1266/2093/10125 1269/2092/10126 1267/5416/10127 1264/2103/10128
f 1797/5081/10129 1794/5071/10130 1793/399/10131 1796/5079/10132
f 2368/516/10133 2366/3717/10134 2360/3706/10135 2365/3705/10136
f 2246/307/10137 2247/306/10138 2245/5417/10139 2244/5418/10140
f 5440/1469/10141 5443/5068/10142 5442/3213/10143 5439/1470/10144
f 840/4268/10145 842/5419/10146 841/5420/10147 839/4269/10148
f 2678/1017/10149 2680/5421/10150 2676/4060/10151 2677/4059/10152
f 5817/2183/10153 5818/2182/10154 5815/5000/10155 5814/5422/10156
f 2457/3804/10157 2458/3827/10158 2455/5423/10159 2454/3805/10160
f 5826/5424/10161 5830/1867/10162 5827/1866/10163 5825/5425/10164
f 2275/347/10165 2274/346/10166 2272/341/10167 2273/340/10168
f 743/4174/10169 744/5426/10170 740/1185/10171 741/1184/10172
f 5271/5427/10173 5273/2588/10174 5270/2589/10175 5269/3031/10176
f 1816/5096/10177 1818/3022/10178 1815/390/10179 1813/389/10180
f 569/5428/10181 572/4003/10182 570/4006/10183 571/5429/10184
f 1578/2644/10185 1581/4902/10186 1579/5430/10187 1576/2645/10188
f 2268/5431/10189 2269/5432/10190 2267/3613/10191 2266/3612/10192
f 2286/3636/10193 2287/3635/10194 2285/360/10195 2282/359/10196
f 96/131/10197 98/5433/10198 95/5348/10199 92/132/10200
f 5835/380/10201 5836/379/10202 5832/5434/10203 5833/5009/10204
f 4787/5435/10205 4789/4134/10206 4786/528/10207 4784/527/10208
f 4454/5374/10209 4455/1112/10210 4451/1115/10211 4452/1898/10212
f 415/5436/10213 416/656/10214 413/659/10215 414/5437/10216
f 1742/5438/10217 1745/5035/10218 1743/5014/10219 1740/2921/10220
f 5619/4652/10221 5620/3796/10222 5616/2524/10223 5617/2523/10224
f 4529/3475/10225 4532/3850/10226 4530/5439/10227 4527/3476/10228
f 4966/5440/10229 4964/2021/10230 4961/3106/10231 4963/3105/10232
f 28/5441/10233 30/3412/10234 29/3415/10235 27/5442/10236
f 55/5443/10237 56/5444/10238 54/3441/10239 53/3440/10240
f 2433/624/10241 2434/5445/10242 2431/3770/10243 2430/625/10244
f 1121/1850/10245 1124/5446/10246 1122/1870/10247 1118/1842/10248
f 122/5369/10249 124/3521/10250 123/3524/10251 119/5370/10252
f 149/3556/10253 150/3555/10254 148/3550/10255 147/3549/10256
f 2292/3643/10257 2293/3642/10258 2291/5301/10259 2290/5300/10260
f 5855/5447/10261 5860/5448/10262 5859/5033/10263 5857/2016/10264
f 2299/5449/10265 2298/5450/10266 2297/382/10267 2296/381/10268
f 482/5357/10269 484/5451/10270 483/3897/10271 480/3893/10272
f 3243/1984/10273 3242/5452/10274 3244/5453/10275 3240/4575/10276
f 4869/4353/10277 4872/5454/10278 4871/3661/10279 4868/3664/10280
f 2304/5455/10281 2305/5456/10282 2302/395/10283 2303/394/10284
f 34/3423/10285 33/3422/10286 31/3414/10287 32/3413/10288
f 4265/3689/10289 4266/5457/10290 4263/2065/10291 4262/2064/10292
f 2453/3806/10293 2454/3805/10294 2451/5458/10295 2450/5459/10296
f 1820/5098/10297 1824/3027/10298 1823/3030/10299 1821/5100/10300
f 2624/937/10301 2625/936/10302 2622/5460/10303 2621/5461/10304
f 2176/3534/10305 2179/164/10306 2177/167/10307 2174/5462/10308
f 5557/5463/10309 5558/850/10310 5555/2393/10311 5556/5464/10312
f 4360/790/10313 4362/789/10314 4358/4851/10315 4355/5465/10316
f 2321/5466/10317 2322/423/10318 2318/426/10319 2319/3660/10320
f 1542/2590/10321 1543/2593/10322 1537/5293/10323 1539/3377/10324
f 498/3913/10325 503/5467/10326 502/5468/10327 499/3910/10328
f 140/5469/10329 142/5470/10330 141/5471/10331 139/5472/10332
f 1581/4902/10333 1584/4901/10334 1582/4904/10335 1579/5430/10336
f 2703/1058/10337 2706/1064/10338 2705/4078/10339 2702/5473/10340
f 2326/5474/10341 2329/3697/10342 2328/439/10343 2324/3669/10344
f 3444/5475/10345 3441/2307/10346 3440/2306/10347 3443/2319/10348
f 4370/437/10349 4375/444/10350 4374/5476/10351 4372/5477/10352
f 4389/3161/10353 4390/4294/10354 4386/5309/10355 4387/5308/10356
f 4375/444/10357 4378/5478/10358 4377/5479/10359 4374/5476/10360
f 3513/4801/10361 3511/2433/10362 3510/4810/10363 3512/5480/10364
f 2435/5481/10365 2437/5482/10366 2434/5445/10367 2433/624/10368
f 2506/728/10369 2509/5483/10370 2507/3862/10371 2505/725/10372
f 1549/2596/10373 1551/4870/10374 1550/5484/10375 1548/2597/10376
f 2344/469/10377 2342/3695/10378 2337/453/10379 2341/452/10380
f 160/3561/10381 162/3564/10382 161/3563/10383 159/3562/10384
f 4346/5485/10385 4347/3650/10386 4344/3653/10387 4345/5486/10388
f 291/3672/10389 294/450/10390 293/449/10391 288/3673/10392
f 2348/482/10393 2349/481/10394 2346/468/10395 2345/467/10396
f 3949/3133/10397 3952/5156/10398 3950/5157/10399 3947/3134/10400
f 873/1396/10401 875/1419/10402 862/4296/10403 861/1422/10404
f 4663/900/10405 4666/187/10406 4665/190/10407 4662/901/10408
f 3993/3226/10409 3996/3234/10410 3995/3239/10411 3992/5201/10412
f 2125/107/10413 2126/106/10414 2123/3481/10415 2124/5487/10416
f 5893/5488/10417 5895/1567/10418 5892/1579/10419 5890/5489/10420
f 4415/5490/10421 4417/5491/10422 4414/499/10423 4412/498/10424
f 5097/2652/10425 5098/5492/10426 5095/4416/10427 5093/4402/10428
f 5730/5353/10429 5732/5493/10430 5729/194/10431 5727/193/10432
f 5324/4154/10433 5326/3447/10434 5322/3446/10435 5320/5494/10436
f 5925/5495/10437 5927/3734/10438 5924/3735/10439 5921/5075/10440
f 1845/5117/10441 1848/5127/10442 1847/5124/10443 1842/5118/10444
f 880/5496/10445 882/4281/10446 879/4284/10447 878/5398/10448
f 704/1160/10449 707/1159/10450 705/4133/10451 706/5497/10452
f 4883/1261/10453 4885/4223/10454 4882/4216/10455 4881/1262/10456
f 317/496/10457 319/505/10458 315/484/10459 311/483/10460
f 638/5498/10461 639/4062/10462 637/1039/10463 636/1038/10464
f 2374/518/10465 2377/3677/10466 2376/520/10467 2372/519/10468
f 4830/317/10469 4829/316/10470 4828/4342/10471 4826/4561/10472
f 325/5499/10473 328/549/10474 327/509/10475 323/508/10476
f 279/3686/10477 280/3685/10478 277/421/10479 278/420/10480
f 4741/1023/10481 4744/5500/10482 4743/5501/10483 4740/5407/10484
f 3389/5502/10485 3391/4709/10486 3386/2207/10487 3387/5503/10488
f 345/3725/10489 346/3728/10490 344/3746/10491 343/3745/10492
f 5924/3735/10493 5928/3649/10494 5926/5105/10495 5922/5076/10496
f 4448/552/10497 4449/3736/10498 4445/4681/10499 4446/553/10500
f 5023/1506/10501 5026/1589/10502 5024/1960/10503 5021/1507/10504
f 409/5504/10505 410/5505/10506 407/3814/10507 408/3813/10508
f 4437/5506/10509 4438/3588/10510 4435/647/10511 4434/5507/10512
f 2244/5418/10513 2245/5417/10514 2243/3587/10515 2242/3586/10516
f 4440/5508/10517 4441/5302/10518 4438/3588/10519 4437/5506/10520
f 734/4161/10521 738/1183/10522 737/1186/10523 735/4162/10524
f 4443/556/10525 4444/557/10526 4441/5302/10527 4440/5508/10528
f 4913/1358/10529 4916/5509/10530 4914/5510/10531 4911/3211/10532
f 3380/5511/10533 3384/5512/10534 3383/2210/10535 3381/4693/10536
f 2419/595/10537 2422/604/10538 2420/607/10539 2415/596/10540
f 4463/5513/10541 4464/5514/10542 4461/228/10543 4460/227/10544
f 375/5515/10545 377/3756/10546 376/3759/10547 373/609/10548
f 5059/5516/10549 5061/564/10550 5057/567/10551 5054/903/10552
f 3189/5517/10553 3187/1897/10554 3186/1896/10555 3190/1900/10556
f 4235/5518/10557 4237/3259/10558 4236/218/10559 4232/694/10560
f 4790/5519/10561 4792/4135/10562 4789/4134/10563 4787/5435/10564
f 1751/5036/10565 1755/5520/10566 1754/2931/10567 1752/5020/10568
f 1232/2032/10569 1235/4610/10570 1233/4613/10571 1230/2033/10572
f 179/260/10573 180/259/10574 178/5402/10575 177/5401/10576
f 3837/5062/10577 3838/5521/10578 3835/2987/10579 3833/2985/10580
f 5397/5522/10581 5400/4582/10582 5398/5052/10583 5395/5523/10584
f 5046/3275/10585 5049/1557/10586 5048/1586/10587 5045/3595/10588
f 5280/4568/10589 5283/2415/10590 5281/2418/10591 5278/4829/10592
f 593/5330/10593 596/5329/10594 594/5524/10595 595/5525/10596
f 3701/2773/10597 3702/5331/10598 3699/2757/10599 3698/2756/10600
f 2429/626/10601 2430/625/10602 2428/612/10603 2427/3782/10604
f 1159/5526/10605 1161/1925/10606 1158/1931/10607 1156/1930/10608
f 2447/5527/10609 2448/642/10610 2445/645/10611 2444/3807/10612
f 4611/1055/10613 4612/2784/10614 4609/1387/10615 4607/1386/10616
f 2748/4110/10617 2749/5528/10618 2746/5529/10619 2744/4096/10620
f 4708/3168/10621 4711/5530/10622 4709/5531/10623 4706/3941/10624
f 4349/933/10625 4350/159/10626 4347/3650/10627 4346/5485/10628
f 2445/645/10629 2446/644/10630 2439/632/10631 2441/631/10632
f 2816/1227/10633 2821/1255/10634 2819/1258/10635 2817/1247/10636
f 3795/2925/10637 3796/5532/10638 3794/5024/10639 3792/2918/10640
f 3127/1764/10641 3125/4481/10642 3126/5533/10643 3123/1780/10644
f 1104/4499/10645 1103/4497/10646 1100/4494/10647 1101/5534/10648
f 1127/5535/10649 1129/5536/10650 1128/5350/10651 1125/4517/10652
f 4378/5478/10653 4381/5323/10654 4380/5324/10655 4377/5479/10656
f 2861/1310/10657 2866/1309/10658 2862/5537/10659 2863/5538/10660
f 5461/2272/10661 5464/1404/10662 5462/5539/10663 5459/5540/10664
f 5312/2171/10665 5314/5541/10666 5313/4921/10667 5310/2172/10668
f 5713/4445/10669 5716/5542/10670 5714/5305/10671 5712/980/10672
f 5131/4587/10673 5134/1287/10674 5133/1290/10675 5130/4232/10676
f 418/657/10677 420/664/10678 419/667/10679 417/658/10680
f 5463/1405/10681 5464/1404/10682 5461/2272/10683 5460/2271/10684
f 1080/1795/10685 1081/1803/10686 1079/5543/10687 1076/1796/10688
f 4658/4474/10689 4660/899/10690 4656/352/10691 4655/5544/10692
f 3658/4927/10693 3663/2697/10694 3662/2700/10695 3660/2671/10696
f 3675/5545/10697 3678/2728/10698 3677/2727/10699 3674/5546/10700
f 1158/1931/10701 1160/5547/10702 1157/1907/10703 1154/1906/10704
f 4982/5548/10705 4985/4590/10706 4983/4593/10707 4984/5549/10708
f 431/3838/10709 434/684/10710 433/687/10711 432/3839/10712
f 3515/2451/10713 3516/2450/10714 3513/4801/10715 3512/5480/10716
f 5315/5550/10717 5318/4598/10718 5316/4601/10719 5317/5551/10720
f 2475/689/10721 2478/675/10722 2477/5552/10723 2474/3828/10724
f 3703/2772/10725 3706/5375/10726 3704/2777/10727 3701/2773/10728
f 2575/855/10729 2578/3938/10730 2577/3933/10731 2573/852/10732
f 26/13/10733 28/5441/10734 27/5442/10735 25/14/10736
f 2483/697/10737 2484/5553/10738 2481/5554/10739 2480/674/10740
f 5494/4748/10741 5497/5555/10742 5495/4749/10743 5493/120/10744
f 2042/5289/10745 2044/5556/10746 2041/5287/10747 2039/3358/10748
f 3465/2355/10749 3468/2361/10750 3467/5557/10751 3464/4755/10752
f 453/712/10753 454/715/10754 452/711/10755 451/710/10756
f 3513/4801/10757 3514/4800/10758 3509/2434/10759 3511/2433/10760
f 3540/2455/10761 3541/2497/10762 3535/5558/10763 3537/2456/10764
f 2494/3848/10765 2497/718/10766 2495/721/10767 2492/3849/10768
f 2565/3942/10769 2566/3945/10770 2561/5559/10771 2562/1693/10772
f 2579/3940/10773 2583/871/10774 2582/5560/10775 2580/5561/10776
f 4/3927/10777 6/5562/10778 5/5563/10779 3/3928/10780
f 47/50/10781 48/49/10782 46/3433/10783 45/3432/10784
f 2633/931/10785 2634/5564/10786 2631/939/10787 2630/938/10788
f 3617/5565/10789 3620/5566/10790 3618/2598/10791 3615/4183/10792
f 850/5567/10793 852/4287/10794 851/4290/10795 849/5568/10796
f 2523/758/10797 2526/762/10798 2525/770/10799 2522/759/10800
f 1935/3202/10801 1936/5202/10802 1933/5198/10803 1932/5195/10804
f 951/4376/10805 954/4375/10806 953/5365/10807 950/5569/10808
f 5249/3318/10809 5250/3317/10810 5247/4422/10811 5246/4421/10812
f 5084/2895/10813 5086/4408/10814 5083/3755/10815 5082/1632/10816
f 474/3891/10817 477/3892/10818 476/3895/10819 473/5570/10820
f 2548/773/10821 2554/817/10822 2553/820/10823 2550/774/10824
f 5526/2334/10825 5529/2374/10826 5527/2396/10827 5524/2335/10828
f 803/5571/10829 804/1329/10830 802/1318/10831 801/1317/10832
f 471/734/10833 472/5572/10834 469/757/10835 468/735/10836
f 5424/691/10837 5425/4231/10838 5421/5573/10839 5422/692/10840
f 485/744/10841 488/743/10842 486/796/10843 487/3917/10844
f 906/1439/10845 909/4332/10846 908/5574/10847 905/4328/10848
f 1945/5575/10849 1948/5211/10850 1947/5207/10851 1944/5205/10852
f 4028/5576/10853 4031/5236/10854 4029/5238/10855 4025/5227/10856
f 5845/2936/10857 5848/5577/10858 5847/5578/10859 5844/2937/10860
f 3050/1665/10861 3051/5579/10862 3047/1648/10863 3048/1647/10864
f 4072/5269/10865 4075/3353/10866 4073/3350/10867 4070/3343/10868
f 2538/794/10869 2541/793/10870 2537/782/10871 2534/781/10872
f 4388/3162/10873 4389/3161/10874 4387/5308/10875 4385/5580/10876
f 4727/947/10877 4728/946/10878 4725/1020/10879 4726/1019/10880
f 62/3452/10881 64/5581/10882 63/5582/10883 61/3453/10884
f 3426/2283/10885 3429/2295/10886 3428/2298/10887 3425/2284/10888
f 496/5583/10889 493/771/10890 490/742/10891 495/3911/10892
f 3664/4925/10893 3661/2672/10894 3660/2671/10895 3662/2700/10896
f 500/5584/10897 496/5583/10898 495/3911/10899 499/3910/10900
f 4301/4152/10901 4302/5060/10902 4297/3811/10903 4299/2889/10904
f 2301/393/10905 2300/396/10906 2298/5450/10907 2299/5449/10908
f 717/4141/10909 718/5585/10910 716/5586/10911 714/4142/10912
f 5302/4354/10913 5305/2138/10914 5303/3078/10915 5300/4355/10916
f 297/448/10917 298/489/10918 295/3701/10919 293/449/10920
f 4538/3932/10921 4540/3931/10922 4537/2484/10923 4536/2483/10924
f 1322/5587/10925 1324/2195/10926 1320/2143/10927 1319/2142/10928
f 331/548/10929 334/555/10930 332/5588/10931 329/5589/10932
f 893/4309/10933 896/1483/10934 894/1486/10935 895/5590/10936
f 854/4288/10937 856/5591/10938 855/5592/10939 853/4289/10940
f 5728/5354/10941 5730/5353/10942 5727/193/10943 5725/5593/10944
f 2451/5458/10945 2452/5594/10946 2449/643/10947 2448/642/10948
f 677/1110/10949 676/1111/10950 674/5595/10951 675/4086/10952
f 1700/4995/10953 1705/2868/10954 1704/2836/10955 1702/2855/10956
f 3840/841/10957 3842/2125/10958 3838/5521/10959 3837/5062/10960
f 2579/3940/10961 2580/5561/10962 2574/3934/10963 2577/3933/10964
f 5203/5389/10965 5205/4501/10966 5202/3468/10967 5200/3467/10968
f 283/3693/10969 284/3692/10970 282/3684/10971 281/3683/10972
f 3205/4551/10973 3207/5313/10974 3206/5596/10975 3203/5597/10976
f 541/3962/10977 542/3965/10978 540/5598/10979 539/5599/10980
f 4856/1250/10981 4857/951/10982 4854/1142/10983 4853/4185/10984
f 3408/2263/10985 3411/2262/10986 3409/5600/10987 3406/4721/10988
f 3714/4956/10989 3717/5601/10990 3716/5602/10991 3713/4957/10992
f 2669/1005/10993 2670/1001/10994 2667/999/10995 2666/4042/10996
f 2719/1082/10997 2722/1096/10998 2720/1099/10999 2717/1083/11000
f 539/5599/11001 540/5598/11002 538/3955/11003 537/3954/11004
f 1764/2948/11005 1765/2972/11006 1762/2935/11007 1760/2934/11008
f 774/5603/11009 776/4210/11010 773/1270/11011 771/4204/11012
f 6/5562/11013 8/3387/11014 7/3390/11015 5/5563/11016
f 4505/1776/11017 4507/4931/11018 4504/3609/11019 4502/662/11020
f 4977/4032/11021 4980/4031/11022 4978/5604/11023 4976/5605/11024
f 5176/4477/11025 5178/4021/11026 5175/1810/11027 5173/1809/11028
f 1094/5606/11029 1095/4492/11030 1092/4485/11031 1091/4484/11032
f 5237/4525/11033 5240/1902/11034 5238/1905/11035 5239/5607/11036
f 327/509/11037 331/548/11038 329/5589/11039 326/510/11040
f 3208/5312/11041 3211/4545/11042 3209/4542/11043 3207/5313/11044
f 187/5412/11045 188/5411/11046 186/240/11047 185/239/11048
f 2228/3574/11049 2229/3573/11050 2227/3558/11051 2226/3557/11052
f 1247/4623/11053 1249/2078/11054 1245/2077/11055 1244/5608/11056
f 255/3658/11057 256/3659/11058 254/3656/11059 253/3655/11060
f 4656/352/11061 4660/899/11062 4659/902/11063 4657/353/11064
f 2621/5461/11065 2622/5460/11066 2616/923/11067 2619/922/11068
f 1076/1796/11069 1079/5543/11070 1077/5609/11071 1074/4472/11072
f 2620/5326/11073 2623/5610/11074 2621/5461/11075 2619/922/11076
f 55/5443/11077 58/5611/11078 57/5612/11079 56/5444/11080
f 2623/5610/11081 2626/5613/11082 2624/937/11083 2621/5461/11084
f 138/3538/11085 140/5469/11086 139/5472/11087 137/3539/11088
f 584/4011/11089 586/4014/11090 585/4017/11091 583/4012/11092
f 605/972/11093 606/971/11094 603/5614/11095 604/5615/11096
f 1200/1958/11097 1201/1957/11098 1197/1998/11099 1198/1997/11100
f 5286/2416/11101 5289/5616/11102 5287/5617/11103 5284/2417/11104
f 3553/4840/11105 3556/2518/11106 3554/2521/11107 3551/5618/11108
f 3049/5619/11109 3048/1647/11110 3046/1447/11111 3044/2011/11112
f 4681/2631/11113 4683/963/11114 4679/821/11115 4676/1645/11116
f 1567/4887/11117 1570/5620/11118 1568/2609/11119 1565/2608/11120
f 5154/2097/11121 5157/4920/11122 5156/958/11123 5153/1653/11124
f 4131/897/11125 4134/2741/11126 4133/2743/11127 4130/5621/11128
f 5183/3352/11129 5185/1790/11130 5181/4018/11131 5179/4476/11132
f 3886/3063/11133 3889/3040/11134 3887/3043/11135 3885/3058/11136
f 5040/3490/11137 5044/4340/11138 5042/1132/11139 5039/1131/11140
f 1465/2443/11141 1468/2453/11142 1466/4811/11143 1463/2444/11144
f 4370/437/11145 4372/5477/11146 4369/4013/11147 4368/438/11148
f 3549/4841/11149 3553/4840/11150 3551/5618/11151 3548/5622/11152
f 1509/2475/11153 1512/2512/11154 1511/2515/11155 1510/2476/11156
f 5801/2517/11157 5803/2516/11158 5800/3284/11159 5798/3283/11160
f 5041/1130/11161 5038/3834/11162 5036/3491/11163 5039/1131/11164
f 554/5623/11165 556/3990/11166 555/3991/11167 553/5624/11168
f 739/5625/11169 742/4172/11170 741/1184/11171 738/1183/11172
f 1613/5626/11173 1615/2715/11174 1614/2702/11175 1610/2701/11176
f 4413/1430/11177 4416/5627/11178 4415/5490/11179 4412/498/11180
f 521/5628/11181 524/1701/11182 522/1704/11183 523/5629/11184
f 3969/3183/11185 3972/5304/11186 3971/3192/11187 3968/3184/11188
f 4710/5630/11189 4711/5530/11190 4708/3168/11191 4707/3167/11192
f 2454/3805/11193 2455/5423/11194 2452/5594/11195 2451/5458/11196
f 4762/1074/11197 4764/1073/11198 4760/892/11199 4757/891/11200
f 4717/3645/11201 4719/3644/11202 4715/984/11203 4712/983/11204
f 2675/5631/11205 2679/1014/11206 2678/1017/11207 2677/4059/11208
f 4736/1025/11209 4738/1024/11210 4734/5225/11211 4733/5224/11212
f 241/5632/11213 242/5633/11214 239/5634/11215 240/5635/11216
f 625/995/11217 631/1035/11218 630/1034/11219 627/996/11220
f 1378/2292/11221 1380/2279/11222 1379/2278/11223 1373/2293/11224
f 2681/1016/11225 2683/4071/11226 2680/5421/11227 2678/1017/11228
f 4742/5636/11229 4744/5500/11230 4741/1023/11231 4739/1022/11232
f 2700/1050/11233 2703/1058/11234 2702/5473/11235 2699/1051/11236
f 2632/5637/11237 2635/928/11238 2633/931/11239 2630/938/11240
f 2690/1040/11241 2692/1043/11242 2689/1037/11243 2687/1036/11244
f 4180/3896/11245 4182/111/11246 4179/198/11247 4177/197/11248
f 2382/536/11249 2383/3744/11250 2380/5638/11251 2378/537/11252
f 638/5498/11253 642/5639/11254 641/1029/11255 639/4062/11256
f 3582/2565/11257 3585/2566/11258 3583/2569/11259 3580/5372/11260
f 642/5639/11261 645/5640/11262 644/1026/11263 641/1029/11264
f 1842/5118/11265 1846/5126/11266 1844/5641/11267 1843/5119/11268
f 648/5642/11269 647/4075/11270 644/1026/11271 645/5640/11272
f 358/582/11273 359/593/11274 357/562/11275 354/559/11276
f 651/5643/11277 650/4067/11278 647/4075/11279 648/5642/11280
f 2432/623/11281 2436/5644/11282 2435/5481/11283 2433/624/11284
f 651/5643/11285 654/5645/11286 653/4064/11287 650/4067/11288
f 4004/3252/11289 4005/3246/11290 4002/3235/11291 4001/5646/11292
f 1940/5203/11293 1945/5575/11294 1944/5205/11295 1942/3230/11296
f 654/5645/11297 657/5647/11298 656/4081/11299 653/4064/11300
f 673/5648/11301 672/5649/11302 671/4092/11303 669/5650/11304
f 4474/619/11305 4477/3763/11306 4476/627/11307 4473/620/11308
f 2629/5651/11309 2632/5637/11310 2630/938/11311 2627/934/11312
f 683/1100/11313 681/1092/11314 677/1110/11315 680/4085/11316
f 5250/3317/11317 5251/3722/11318 5248/4539/11319 5247/4422/11320
f 669/5650/11321 671/4092/11322 667/4091/11323 670/5652/11324
f 671/4092/11325 672/5649/11326 668/5333/11327 666/1086/11328
f 686/1101/11329 688/5653/11330 687/1102/11331 684/1093/11332
f 4135/4034/11333 4138/1067/11334 4137/1066/11335 4134/2741/11336
f 689/4101/11337 692/1133/11338 690/1136/11339 691/5654/11340
f 1746/2941/11341 1750/2940/11342 1748/5022/11343 1744/5015/11344
f 1740/2921/11345 1743/5014/11346 1741/5016/11347 1738/2922/11348
f 4773/2905/11349 4777/1316/11350 4776/1315/11351 4774/2906/11352
f 4637/3959/11353 4640/3970/11354 4638/801/11355 4634/2943/11356
f 5865/2636/11357 5869/4073/11358 5867/5059/11359 5864/2637/11360
f 4905/3844/11361 4909/3843/11362 4908/5655/11363 4906/4753/11364
f 5396/3784/11365 5399/5656/11366 5397/5522/11367 5394/3785/11368
f 1348/5657/11369 1351/5658/11370 1350/4711/11371 1346/4707/11372
f 2378/537/11373 2380/5638/11374 2375/521/11375 2376/520/11376
f 2744/4096/11377 2746/5529/11378 2743/5659/11379 2742/1124/11380
f 3738/2825/11381 3742/4959/11382 3740/4962/11383 3736/2826/11384
f 4932/4236/11385 4931/4237/11386 4929/4258/11387 4930/2408/11388
f 2750/1146/11389 2751/4113/11390 2749/5528/11391 2748/4110/11392
f 4806/5660/11393 4808/5661/11394 4805/4130/11395 4803/4129/11396
f 714/4142/11397 716/5586/11398 713/4138/11399 711/1158/11400
f 4597/5406/11401 4599/3906/11402 4596/3605/11403 4594/3604/11404
f 3340/5662/11405 3343/4676/11406 3342/4675/11407 3339/5073/11408
f 719/1182/11409 722/1181/11410 720/5663/11411 721/5664/11412
f 3384/5512/11413 3387/5503/11414 3386/2207/11415 3383/2210/11416
f 5634/3347/11417 5638/1126/11418 5637/1128/11419 5635/1415/11420
f 4188/326/11421 4190/3494/11422 4187/109/11423 4185/108/11424
f 726/1180/11425 728/5665/11426 725/5666/11427 722/1181/11428
f 5304/2139/11429 5305/2138/11430 5302/4354/11431 5301/4412/11432
f 5464/1404/11433 5467/1403/11434 5465/2215/11435 5462/5539/11436
f 5322/3446/11437 5323/3449/11438 5321/4599/11439 5318/4598/11440
f 5110/2846/11441 5107/3240/11442 5105/4069/11443 5108/2847/11444
f 1236/4612/11445 1239/2046/11446 1237/4597/11447 1234/5667/11448
f 4844/4177/11449 4846/1091/11450 4845/1090/11451 4841/4178/11452
f 4816/1174/11453 4819/1162/11454 4818/2362/11455 4815/1175/11456
f 4264/3622/11457 4267/3688/11458 4265/3689/11459 4262/2064/11460
f 2779/4165/11461 2782/1191/11462 2780/1194/11463 2777/5668/11464
f 1427/2357/11465 1430/5669/11466 1428/2379/11467 1424/2358/11468
f 110/5670/11469 112/174/11470 111/161/11471 107/160/11472
f 126/3522/11473 128/3508/11474 127/3511/11475 125/3523/11476
f 4825/169/11477 4828/4342/11478 4827/4341/11479 4824/170/11480
f 1177/5671/11481 1180/5672/11482 1179/4548/11483 1175/1939/11484
f 730/4156/11485 736/5673/11486 734/4161/11487 732/4157/11488
f 917/5674/11489 918/5675/11490 915/5676/11491 914/5677/11492
f 230/5678/11493 232/5679/11494 231/5680/11495 229/5681/11496
f 751/1233/11497 754/1239/11498 752/5682/11499 749/5392/11500
f 2793/1216/11501 2800/1195/11502 2798/1187/11503 2796/1190/11504
f 2802/1197/11505 2805/1237/11506 2804/5683/11507 2801/1224/11508
f 4734/5225/11509 4738/1024/11510 4737/5408/11511 4735/5684/11512
f 745/4173/11513 748/1235/11514 747/1234/11515 743/4174/11516
f 1490/5685/11517 1492/5686/11518 1489/5687/11519 1487/5688/11520
f 767/1240/11521 765/1243/11522 762/1230/11523 764/1229/11524
f 3707/2774/11525 3711/4955/11526 3710/4958/11527 3708/2775/11528
f 5342/3403/11529 5346/3402/11530 5344/4621/11531 5340/4604/11532
f 2728/1105/11533 2731/1104/11534 2729/4112/11535 2730/5689/11536
f 4841/4178/11537 4845/1090/11538 4843/2753/11539 4839/4853/11540
f 2813/1228/11541 2814/1248/11542 2810/4187/11543 2812/1245/11544
f 5663/5690/11545 5665/2632/11546 5660/2626/11547 5661/2625/11548
f 2585/870/11549 2586/874/11550 2582/5560/11551 2583/871/11552
f 712/4143/11553 714/4142/11554 711/1158/11555 709/1157/11556
f 782/4197/11557 778/5691/11558 775/1268/11559 777/1267/11560
f 2636/930/11561 2637/954/11562 2634/5564/11563 2633/931/11564
f 4917/525/11565 4919/4697/11566 4916/5509/11567 4913/1358/11568
f 1269/2092/11569 1272/4649/11570 1270/5692/11571 1267/5416/11572
f 782/4197/11573 783/4196/11574 784/5693/11575 780/5694/11576
f 848/1352/11577 850/5567/11578 849/5568/11579 847/1353/11580
f 2986/4365/11581 2988/1549/11582 2987/1552/11583 2985/4366/11584
f 1947/5207/11585 1950/3224/11586 1949/3223/11587 1946/5208/11588
f 3342/4675/11589 3346/4661/11590 3344/4662/11591 3341/5695/11592
f 5782/2810/11593 5785/2789/11594 5783/5696/11595 5781/2811/11596
f 778/5691/11597 782/4197/11598 780/5694/11599 781/5697/11600
f 4879/1259/11601 4881/1262/11602 4877/4212/11603 4874/5698/11604
f 4936/3985/11605 4935/3988/11606 4932/4236/11607 4933/4257/11608
f 5608/5699/11609 5611/4780/11610 5609/4781/11611 5606/5700/11612
f 2841/4221/11613 2842/4220/11614 2839/4654/11615 2838/1284/11616
f 2938/1458/11617 2941/4325/11618 2940/1459/11619 2937/1442/11620
f 4974/4691/11621 4975/5701/11622 4972/2087/11623 4971/184/11624
f 5256/1522/11625 5257/1521/11626 5253/3721/11627 5254/3316/11628
f 823/1334/11629 826/5702/11630 824/1337/11631 821/1263/11632
f 2984/5703/11633 2989/4370/11634 2988/1549/11635 2986/4365/11636
f 3058/5704/11637 3061/5705/11638 3059/1666/11639 3056/1669/11640
f 5420/693/11641 5422/692/11642 5419/2192/11643 5417/2962/11644
f 5669/4895/11645 5671/135/11646 5668/134/11647 5666/5706/11648
f 526/1702/11649 528/5707/11650 527/5708/11651 525/1703/11652
f 2594/890/11653 2596/889/11654 2592/876/11655 2591/875/11656
f 2009/3288/11657 2012/5252/11658 2010/3311/11659 2007/3289/11660
f 3411/2262/11661 3414/2235/11662 3412/2238/11663 3409/5600/11664
f 316/513/11665 318/497/11666 317/496/11667 311/483/11668
f 3449/2329/11669 3447/2332/11670 3448/5709/11671 3446/4756/11672
f 5500/3631/11673 5498/3902/11674 5496/4750/11675 5495/4749/11676
f 4498/660/11677 4500/663/11678 4497/3346/11679 4495/4578/11680
f 809/4239/11681 814/4245/11682 813/4242/11683 811/1335/11684
f 3982/3207/11685 3985/3215/11686 3984/3188/11687 3981/3208/11688
f 2321/5466/11689 2326/5474/11690 2324/3669/11691 2322/423/11692
f 2873/1355/11693 2878/1366/11694 2877/1324/11695 2874/1323/11696
f 268/3666/11697 270/5710/11698 269/5711/11699 267/3667/11700
f 4429/3724/11701 4432/5712/11702 4431/646/11703 4428/2211/11704
f 3392/2228/11705 3394/2227/11706 3391/4709/11707 3389/5502/11708
f 320/494/11709 325/5499/11710 323/508/11711 321/495/11712
f 826/5702/11713 829/1377/11714 828/1338/11715 824/1337/11716
f 4939/3986/11717 4942/4279/11718 4941/4278/11719 4938/3987/11720
f 1411/2327/11721 1414/4762/11722 1413/4758/11723 1410/2328/11724
f 4376/5713/11725 4378/5478/11726 4375/444/11727 4373/443/11728
f 2889/1382/11729 2890/4261/11730 2887/1375/11731 2885/1374/11732
f 4282/224/11733 4285/2112/11734 4283/3711/11735 4280/225/11736
f 4865/411/11737 4867/5210/11738 4864/2072/11739 4863/412/11740
f 806/4240/11741 808/1330/11742 804/1329/11743 803/5571/11744
f 2870/1357/11745 2872/1356/11746 2869/1308/11747 2867/1307/11748
f 792/1276/11749 794/1282/11750 791/5714/11751 788/1295/11752
f 552/3982/11753 554/5623/11754 553/5624/11755 551/3983/11756
f 5451/5715/11757 5453/4717/11758 5450/4105/11759 5447/5716/11760
f 2900/1401/11761 2902/1400/11762 2899/1391/11763 2897/1390/11764
f 901/1484/11765 904/1440/11766 902/4329/11767 899/1485/11768
f 2904/1399/11769 2905/4298/11770 2901/4293/11771 2902/1400/11772
f 1220/4595/11773 1221/5717/11774 1218/5718/11775 1217/4589/11776
f 2789/1217/11777 2792/1213/11778 2790/1212/11779 2791/5719/11780
f 2805/1237/11781 2809/4186/11782 2807/4188/11783 2804/5683/11784
f 4272/270/11785 4276/278/11786 4274/5720/11787 4271/271/11788
f 2843/1300/11789 2844/1299/11790 2841/4221/11791 2840/5721/11792
f 4253/5189/11793 4254/5190/11794 4251/3450/11795 4250/150/11796
f 2915/1432/11797 2917/1431/11798 2914/4301/11799 2912/5722/11800
f 4575/1651/11801 4576/5270/11802 4573/5209/11803 4572/1477/11804
f 4407/3034/11805 4410/1429/11806 4409/501/11807 4406/3035/11808
f 1872/5152/11809 1875/3136/11810 1874/5155/11811 1871/5386/11812
f 2930/1445/11813 2935/1457/11814 2934/1441/11815 2932/1446/11816
f 133/5723/11817 134/5724/11818 131/3532/11819 132/3531/11820
f 3263/5725/11821 3264/5318/11822 3261/2008/11823 3260/2010/11824
f 5889/1582/11825 5886/4023/11826 5884/5066/11827 5887/5726/11828
f 5480/4738/11829 5482/5727/11830 5479/4734/11831 5477/2302/11832
f 1265/5728/11833 1268/2090/11834 1266/2093/11835 1262/2102/11836
f 4331/1853/11837 4336/5729/11838 4335/3517/11839 4332/1854/11840
f 2932/1446/11841 2934/1441/11842 2933/1444/11843 2931/4312/11844
f 5944/3903/11845 5943/3165/11846 5940/472/11847 5942/471/11848
f 1325/2187/11849 1329/2186/11850 1326/5730/11851 1327/2202/11852
f 4778/2162/11853 4780/1313/11854 4777/1316/11855 4775/4189/11856
f 5707/5731/11857 5710/4444/11858 5709/979/11859 5706/3069/11860
f 3718/5732/11861 3721/4980/11862 3720/4979/11863 3717/5601/11864
f 5433/3076/11865 5436/1471/11866 5435/1526/11867 5432/5733/11868
f 1233/4613/11869 1236/4612/11870 1234/5667/11871 1231/5299/11872
f 912/4331/11873 913/5734/11874 908/5574/11875 909/4332/11876
f 3317/4651/11877 3320/4650/11878 3318/5735/11879 3319/5736/11880
f 4255/5737/11881 4258/5738/11882 4257/254/11883 4253/5189/11884
f 1776/2970/11885 1779/2969/11886 1777/5739/11887 1774/2979/11888
f 5786/2787/11889 5790/4976/11890 5789/580/11891 5787/2788/11892
f 2958/1496/11893 2959/1502/11894 2955/4338/11895 2956/4321/11896
f 1173/4556/11897 1177/5671/11898 1175/1939/11899 1172/1942/11900
f 920/4348/11901 921/4347/11902 918/5675/11903 917/5674/11904
f 3152/1829/11905 3156/1848/11906 3155/5740/11907 3153/5741/11908
f 5162/2731/11909 5164/5742/11910 5161/956/11911 5159/955/11912
f 907/1438/11913 910/4333/11914 909/4332/11915 906/1439/11916
f 4276/278/11917 4279/223/11918 4277/226/11919 4274/5720/11920
f 198/285/11921 200/3603/11922 199/3602/11923 197/286/11924
f 2912/5722/11925 2914/4301/11926 2911/1411/11927 2909/1410/11928
f 915/5676/11929 916/5743/11930 913/5734/11931 912/4331/11932
f 495/3911/11933 490/742/11934 489/741/11935 497/3912/11936
f 918/5675/11937 919/5744/11938 916/5743/11939 915/5676/11940
f 5750/4731/11941 5752/2761/11942 5749/4945/11943 5747/5745/11944
f 921/4347/11945 922/5746/11946 919/5744/11947 918/5675/11948
f 1082/1785/11949 1084/1784/11950 1080/1795/11951 1078/1794/11952
f 924/1537/11953 925/1536/11954 922/5746/11955 921/4347/11956
f 2995/4361/11957 2998/4334/11958 2996/4337/11959 2993/4362/11960
f 4469/618/11961 4470/614/11962 4467/617/11963 4466/5747/11964
f 4434/5507/11965 4435/647/11966 4431/646/11967 4432/5712/11968
f 2984/5703/11969 2986/4365/11970 2983/1533/11971 2981/1532/11972
f 4890/1302/11973 4893/4228/11974 4892/846/11975 4889/1303/11976
f 1185/5748/11977 1186/5749/11978 1184/4553/11979 1182/4552/11980
f 980/4400/11981 985/4405/11982 984/4392/11983 982/1626/11984
f 949/1571/11985 951/4376/11986 950/5569/11987 948/1572/11988
f 4464/5514/11989 4465/5750/11990 4462/2992/11991 4461/228/11992
f 1017/1695/11993 1018/1698/11994 1016/5751/11995 1014/4419/11996
f 563/3974/11997 564/3977/11998 562/3994/11999 561/3993/12000
f 429/3841/12001 430/3840/12002 427/5752/12003 428/5753/12004
f 2149/3487/12005 2152/142/12006 2150/141/12007 2147/128/12008
f 2654/4046/12009 2657/993/12010 2655/4036/12011 2656/5754/12012
f 610/976/12013 608/970/12014 607/969/12015 609/973/12016
f 2761/1151/12017 2764/1137/12018 2762/1140/12019 2759/1152/12020
f 194/3592/12021 196/284/12022 195/287/12023 192/3593/12024
f 5012/4339/12025 5015/4344/12026 5013/798/12027 5010/797/12028
f 3024/1608/12029 3025/5755/12030 3022/5756/12031 3021/1599/12032
f 2018/3331/12033 2019/3330/12034 2015/5264/12035 2016/5267/12036
f 5892/1579/12037 5889/1582/12038 5887/5726/12039 5890/5489/12040
f 968/1604/12041 971/4395/12042 969/5757/12043 966/4384/12044
f 566/3975/12045 568/5758/12046 567/5759/12047 565/3976/12048
f 3017/1596/12049 3019/1601/12050 3018/1600/12051 3015/1593/12052
f 2409/3752/12053 2412/5760/12054 2411/583/12055 2408/586/12056
f 2400/569/12057 2401/574/12058 2396/541/12059 2398/540/12060
f 5091/3883/12061 5094/4403/12062 5093/4402/12063 5090/3884/12064
f 1430/5669/12065 1433/2342/12066 1431/2345/12067 1428/2379/12068
f 424/3831/12069 426/5761/12070 425/5762/12071 423/3832/12072
f 3027/1607/12073 3028/1616/12074 3025/5755/12075 3024/1608/12076
f 3029/4350/12077 3030/1614/12078 3027/1607/12079 3026/1606/12080
f 2500/719/12081 2502/724/12082 2501/727/12083 2498/720/12084
f 3030/1614/12085 3033/1621/12086 3032/1624/12087 3031/1615/12088
f 2559/1694/12089 2562/1693/12090 2561/5559/12091 2558/5346/12092
f 2835/1285/12093 2836/4655/12094 2833/1272/12095 2831/1271/12096
f 5645/477/12097 5646/5763/12098 5642/1117/12099 5643/478/12100
f 5606/5700/12101 5607/5764/12102 5604/2527/12103 5603/2526/12104
f 5919/5765/12105 5920/5394/12106 5917/1678/12107 5916/5311/12108
f 3038/2012/12109 3043/1450/12110 3039/1637/12111 3040/5766/12112
f 4744/5500/12113 4747/3219/12114 4746/3218/12115 4743/5501/12116
f 4524/3408/12117 4525/5767/12118 4521/3935/12119 4522/3409/12120
f 989/1620/12121 990/5768/12122 987/4390/12123 986/4389/12124
f 1733/2901/12125 1736/2900/12126 1734/2923/12127 1735/5769/12128
f 992/1619/12129 993/5770/12130 990/5768/12131 989/1620/12132
f 465/736/12133 468/735/12134 464/753/12135 461/5771/12136
f 3049/5619/12137 3052/1662/12138 3050/1665/12139 3048/1647/12140
f 3053/1664/12141 3054/4411/12142 3051/5579/12143 3050/1665/12144
f 1004/1640/12145 1007/4417/12146 1005/5772/12147 1002/1641/12148
f 1014/4419/12149 1016/5751/12150 1013/1658/12151 1011/1657/12152
f 3055/1663/12153 3058/5704/12154 3056/1669/12155 3053/1664/12156
f 1596/5773/12157 1593/5774/12158 1592/2649/12159 1595/4913/12160
f 4986/5775/12161 4988/5776/12162 4985/4590/12163 4982/5548/12164
f 3061/5705/12165 3064/1675/12166 3062/1671/12167 3059/1666/12168
f 4223/3526/12169 4224/3529/12170 4221/4360/12171 4220/5777/12172
f 641/1029/12173 643/1028/12174 640/4063/12175 639/4062/12176
f 1960/5219/12177 1963/3269/12178 1962/3268/12179 1958/5217/12180
f 732/4157/12181 733/4163/12182 731/5778/12183 729/4158/12184
f 4892/846/12185 4894/845/12186 4891/4352/12187 4889/1303/12188
f 3752/5779/12189 3753/2848/12190 3750/2841/12191 3749/2840/12192
f 1815/390/12193 1817/3024/12194 1814/3011/12195 1812/391/12196
f 2881/1367/12197 2884/1378/12198 2883/1368/12199 2879/1364/12200
f 1355/4705/12201 1356/4704/12202 1353/5780/12203 1352/5781/12204
f 4605/2149/12205 4608/2578/12206 4607/1386/12207 4604/1389/12208
f 992/1619/12209 996/1630/12210 995/1636/12211 993/5770/12212
f 1040/1684/12213 1043/1715/12214 1041/5782/12215 1038/1685/12216
f 3267/2031/12217 3270/2030/12218 3269/2036/12219 3266/5319/12220
f 213/5783/12221 214/5784/12222 212/5785/12223 211/5786/12224
f 2268/5431/12225 2271/343/12226 2270/342/12227 2269/5432/12228
f 5376/4203/12229 5379/3875/12230 5377/3876/12231 5374/5787/12232
f 3303/2075/12233 3307/4624/12234 3305/4627/12235 3302/2076/12236
f 4565/763/12237 4563/5788/12238 4564/5789/12239 4562/3150/12240
f 1052/5790/12241 1054/1752/12242 1051/1747/12243 1049/5347/12244
f 5605/4618/12245 5608/5699/12246 5606/5700/12247 5603/2526/12248
f 2840/5721/12249 2841/4221/12250 2838/1284/12251 2837/1283/12252
f 5939/474/12253 5937/473/12254 5934/4804/12255 5936/4803/12256
f 5684/4460/12257 5685/5791/12258 5682/4609/12259 5681/4461/12260
f 3181/1881/12261 3184/4534/12262 3182/5792/12263 3179/1882/12264
f 5016/2619/12265 5019/1505/12266 5017/1508/12267 5014/2620/12268
f 4385/5580/12269 4387/5308/12270 4384/5307/12271 4382/5793/12272
f 3324/2115/12273 3326/2122/12274 3323/5794/12275 3320/4650/12276
f 1067/4440/12277 1069/4456/12278 1066/4464/12279 1064/1744/12280
f 4655/5544/12281 4656/352/12282 4653/266/12283 4652/265/12284
f 5623/4653/12285 5626/5795/12286 5624/2081/12287 5622/2084/12288
f 1009/4420/12289 1011/1657/12290 1008/1660/12291 1006/1670/12292
f 602/960/12293 604/5615/12294 603/5614/12295 601/961/12296
f 1059/1706/12297 1062/1746/12298 1061/1745/12299 1058/1707/12300
f 4591/3606/12301 4593/785/12302 4589/777/12303 4586/4723/12304
f 4699/4170/12305 4698/1153/12306 4696/1156/12307 4694/5383/12308
f 1643/5796/12309 1644/2767/12310 1640/4948/12311 1641/4947/12312
f 1065/1743/12313 1068/4437/12314 1067/4440/12315 1064/1744/12316
f 1713/4983/12317 1714/5006/12318 1709/5003/12319 1711/2872/12320
f 5170/1812/12321 5172/1811/12322 5168/2851/12323 5165/2850/12324
f 5216/4512/12325 5220/1561/12326 5219/1564/12327 5214/4513/12328
f 3149/1827/12329 3150/1824/12330 3147/1821/12331 3146/1820/12332
f 3156/1848/12333 3159/1847/12334 3158/5362/12335 3155/5740/12336
f 1094/5606/12337 1098/5797/12338 1097/4489/12339 1095/4492/12340
f 2600/3973/12341 2602/3972/12342 2599/888/12343 2597/887/12344
f 4643/1801/12345 4644/1800/12346 4641/802/12347 4642/3971/12348
f 1101/5534/12349 1100/4494/12350 1097/4489/12351 1098/5797/12352
f 588/4015/12353 590/940/12354 589/943/12355 587/4016/12356
f 5181/4018/12357 5185/1790/12358 5184/1793/12359 5182/4019/12360
f 3717/5601/12361 3720/4979/12362 3719/5798/12363 3716/5602/12364
f 41/3435/12365 44/3434/12366 42/5799/12367 43/5800/12368
f 1092/4485/12369 1093/5801/12370 1089/1814/12371 1090/1813/12372
f 1095/4492/12373 1096/4491/12374 1093/5801/12375 1092/4485/12376
f 1032/1725/12377 1036/1724/12378 1034/5802/12379 1031/2537/12380
f 5000/4559/12381 5003/1451/12382 5001/1452/12383 4998/1361/12384
f 108/5803/12385 110/5670/12386 107/160/12387 104/5358/12388
f 4116/5298/12389 4120/4580/12390 4118/31/12391 4115/210/12392
f 1110/1817/12393 1114/1861/12394 1112/5804/12395 1109/1818/12396
f 2143/123/12397 2146/3486/12398 2144/125/12399 2141/124/12400
f 4026/5805/12401 4028/5576/12402 4025/5227/12403 4022/5226/12404
f 1484/5806/12405 1485/4823/12406 1482/4806/12407 1481/4805/12408
f 1108/4500/12409 1111/1862/12410 1110/1817/12411 1106/1816/12412
f 1974/3265/12413 1976/3264/12414 1973/5232/12415 1970/3277/12416
f 4488/1787/12417 4489/5807/12418 4487/4468/12419 4485/1788/12420
f 1487/5688/12421 1489/5687/12422 1486/4824/12423 1485/4823/12424
f 2090/58/12425 2092/57/12426 2089/42/12427 2087/41/12428
f 5231/4430/12429 5232/3147/12430 5229/456/12431 5228/455/12432
f 5222/4521/12433 5220/1561/12434 5216/4512/12435 5218/4516/12436
f 3147/1821/12437 3148/1826/12438 3144/4496/12439 3145/1822/12440
f 959/4382/12441 962/4388/12442 956/5364/12443 957/4379/12444
f 1136/1872/12445 1140/4520/12446 1139/4519/12447 1137/1873/12448
f 1130/4507/12449 1132/4528/12450 1126/5351/12451 1128/5350/12452
f 4514/2494/12453 4515/2439/12454 4511/1914/12455 4512/1913/12456
f 2480/674/12457 2481/5554/12458 2477/5552/12459 2478/675/12460
f 2387/5808/12461 2389/3747/12462 2386/3713/12463 2384/3712/12464
f 4147/72/12465 4150/5809/12466 4149/2583/12467 4146/73/12468
f 2917/1431/12469 2920/1426/12470 2919/4307/12471 2916/4303/12472
f 1544/5810/12473 1546/2591/12474 1542/2590/12475 1541/5811/12476
f 528/5707/12477 530/3946/12478 529/3949/12479 527/5708/12480
f 1914/5812/12481 1917/5178/12482 1916/5177/12483 1913/5185/12484
f 1143/1892/12485 1144/1917/12486 1141/4532/12487 1139/4519/12488
f 1161/1925/12489 1163/1924/12490 1160/5547/12491 1158/1931/12492
f 4650/267/12493 4651/3542/12494 4648/4535/12495 4647/1799/12496
f 5756/3880/12497 5758/3879/12498 5755/2762/12499 5753/4730/12500
f 3068/1682/12501 3073/4434/12502 3071/5361/12503 3069/5813/12504
f 3202/1918/12505 3205/4551/12506 3203/5597/12507 3200/1919/12508
f 471/734/12509 474/3891/12510 473/5570/12511 472/5572/12512
f 4745/4079/12513 4747/3219/12514 4744/5500/12515 4742/5636/12516
f 2010/3311/12517 2013/5254/12518 2011/5266/12519 2008/3312/12520
f 323/508/12521 324/511/12522 322/504/12523 321/495/12524
f 4401/2978/12525 4400/1207/12526 4397/3248/12527 4398/5345/12528
f 4493/730/12529 4496/4139/12530 4494/5814/12531 4491/731/12532
f 5288/4570/12533 5290/5815/12534 5289/5616/12535 5286/2416/12536
f 929/1546/12537 932/1545/12538 930/5816/12539 931/5817/12540
f 1181/5818/12541 1182/4552/12542 1179/4548/12543 1180/5672/12544
f 3460/2340/12545 3463/2353/12546 3462/2320/12547 3459/2314/12548
f 2966/1515/12549 2968/1518/12550 2965/1504/12551 2963/1503/12552
f 1967/3278/12553 1970/3277/12554 1968/5234/12555 1969/5819/12556
f 3867/2127/12557 3865/5820/12558 3868/5821/12559 3864/5101/12560
f 270/5710/12561 272/4181/12562 271/4182/12563 269/5711/12564
f 15/5822/12565 16/5823/12566 14/3392/12567 13/3391/12568
f 5666/5706/12569 5668/134/12570 5665/2632/12571 5663/5690/12572
f 4379/5824/12573 4381/5323/12574 4378/5478/12575 4376/5713/12576
f 404/638/12577 406/3812/12578 405/3815/12579 403/639/12580
f 1493/2511/12581 1496/2510/12582 1494/4832/12583 1495/5825/12584
f 3242/5452/12585 3243/1984/12586 3239/1983/12587 3241/5826/12588
f 385/3792/12589 386/3791/12590 384/3779/12591 382/3778/12592
f 4946/1211/12593 4949/1210/12594 4947/4180/12595 4948/5827/12596
f 4355/5465/12597 4358/4851/12598 4356/5084/12599 4357/5828/12600
f 3245/5829/12601 3248/5830/12602 3246/1982/12603 3247/1996/12604
f 207/5831/12605 208/5832/12606 206/301/12607 205/300/12608
f 3248/5830/12609 3252/4564/12610 3251/1979/12611 3246/1982/12612
f 947/5833/12613 952/4373/12614 951/4376/12615 949/1571/12616
f 824/1337/12617 825/1340/12618 822/1264/12619 821/1263/12620
f 5298/4413/12621 5299/2001/12622 5294/2000/12623 5296/4251/12624
f 1217/4589/12625 1218/5718/12626 1214/4584/12627 1215/4583/12628
f 5291/4252/12629 5294/2000/12630 5292/2003/12631 5293/5834/12632
f 3262/5835/12633 3259/2006/12634 3257/2007/12635 3261/2008/12636
f 4807/2023/12637 4809/2022/12638 4806/5660/12639 4804/5836/12640
f 175/5404/12641 176/5403/12642 174/246/12643 173/245/12644
f 1873/5151/12645 1876/3137/12646 1875/3136/12647 1872/5152/12648
f 3337/2999/12649 3340/5662/12650 3339/5073/12651 3336/3000/12652
f 3887/3043/12653 3888/5837/12654 3884/3059/12655 3885/3058/12656
f 5419/2192/12657 5422/692/12658 5421/5573/12659 5418/2193/12660
f 1642/5838/12661 1638/4942/12662 1637/4943/12663 1640/4948/12664
f 4809/2022/12665 4811/4144/12666 4808/5661/12667 4806/5660/12668
f 3539/2454/12669 3544/2502/12670 3543/2495/12671 3540/2455/12672
f 5320/5494/12673 5322/3446/12674 5318/4598/12675 5315/5550/12676
f 3279/5839/12677 3281/5840/12678 3278/2041/12679 3275/2040/12680
f 3281/5840/12681 3283/5321/12682 3282/4614/12683 3278/2041/12684
f 4835/4150/12685 4837/5841/12686 4834/1177/12687 4832/315/12688
f 58/5611/12689 60/3451/12690 59/3454/12691 57/5612/12692
f 727/4159/12693 729/4158/12694 726/1180/12695 724/1179/12696
f 5797/3285/12697 5800/3284/12698 5799/4167/12699 5796/5842/12700
f 3288/4607/12701 3291/5843/12702 3290/2062/12703 3287/2054/12704
f 1162/4554/12705 1164/1922/12706 1161/1925/12707 1159/5526/12708
f 3291/5843/12709 3294/2066/12710 3293/2069/12711 3290/2062/12712
f 1648/2768/12713 1644/2767/12714 1643/5796/12715 1646/5844/12716
f 574/4004/12717 576/4007/12718 575/4008/12719 573/4005/12720
f 3672/2710/12721 3675/5545/12722 3674/5546/12723 3671/2711/12724
f 1245/2077/12725 1246/2080/12726 1243/4596/12727 1242/2045/12728
f 1263/5845/12729 1265/5728/12730 1262/2102/12731 1259/4636/12732
f 2735/4103/12733 2737/1119/12734 2734/1109/12735 2732/1108/12736
f 19/5846/12737 20/3404/12738 17/3405/12739 18/5847/12740
f 3320/4650/12741 3323/5794/12742 3321/5848/12743 3318/5735/12744
f 4804/5836/12745 4806/5660/12746 4803/4129/12747 4801/5849/12748
f 3421/2275/12749 3424/2289/12750 3422/2282/12751 3419/2269/12752
f 1047/1717/12753 1048/1749/12754 1046/1714/12755 1044/1713/12756
f 5168/2851/12757 5171/4471/12758 5169/5850/12759 5166/2852/12760
f 4220/5777/12761 4221/4360/12762 4217/3228/12763 4218/3227/12764
f 4973/4690/12765 4974/4691/12766 4971/184/12767 4970/183/12768
f 941/4368/12769 943/1559/12770 940/1553/12771 938/4363/12772
f 5831/5010/12773 5833/5009/12774 5830/1867/12775 5826/5424/12776
f 5399/5656/12777 5402/4581/12778 5400/4582/12779 5397/5522/12780
f 5148/2053/12781 5149/2052/12782 5147/4451/12783 5144/1887/12784
f 1274/4634/12785 1276/5851/12786 1270/5692/12787 1272/4649/12788
f 3566/2540/12789 3570/2546/12790 3568/5852/12791 3567/2541/12792
f 2132/117/12793 2130/112/12794 2126/106/12795 2129/105/12796
f 3154/1828/12797 3157/1845/12798 3156/1848/12799 3152/1829/12800
f 1278/2107/12801 1279/5853/12802 1276/5851/12803 1274/4634/12804
f 5846/5854/12805 5848/5577/12806 5845/2936/12807 5843/3092/12808
f 1281/2106/12809 1282/2135/12810 1279/5853/12811 1278/2107/12812
f 3285/2057/12813 3286/2056/12814 3280/4615/12815 3282/4614/12816
f 5394/3785/12817 5397/5522/12818 5395/5523/12819 5392/5855/12820
f 5382/4657/12821 5383/3855/12822 5379/3875/12823 5380/4202/12824
f 475/3890/12825 478/5356/12826 477/3892/12827 474/3891/12828
f 4551/1528/12829 4555/747/12830 4554/746/12831 4552/5200/12832
f 1304/2153/12833 1306/4678/12834 1303/4673/12835 1301/4672/12836
f 1587/2669/12837 1591/2650/12838 1589/5856/12839 1585/4903/12840
f 5390/3786/12841 5394/3785/12842 5392/5855/12843 5388/4906/12844
f 3366/2174/12845 3369/2178/12846 3367/2177/12847 3364/4688/12848
f 2442/5857/12849 2443/3808/12850 2441/631/12851 2438/630/12852
f 3356/2161/12853 3357/5858/12854 3354/2157/12855 3353/2156/12856
f 3374/2190/12857 3375/4687/12858 3372/2176/12859 3371/2175/12860
f 399/5859/12861 400/634/12862 397/637/12863 398/5860/12864
f 5447/5716/12865 5450/4105/12866 5448/4106/12867 5449/5861/12868
f 3824/5049/12869 3827/5055/12870 3825/5862/12871 3822/5050/12872
f 4258/5738/12873 4261/3621/12874 4259/251/12875 4257/254/12876
f 1541/5811/12877 1542/2590/12878 1539/3377/12879 1540/3376/12880
f 1309/2151/12881 1312/4683/12882 1311/4679/12883 1307/2152/12884
f 5572/4314/12885 5575/5193/12886 5573/3164/12887 5570/4315/12888
f 512/3925/12889 513/3924/12890 511/833/12891 509/3922/12892
f 1331/2184/12893 1335/4701/12894 1334/5863/12895 1332/2185/12896
f 5538/3916/12897 5536/5864/12898 5535/2404/12899 5534/2403/12900
f 3814/2953/12901 3817/5865/12902 3816/5041/12903 3813/2954/12904
f 5430/2490/12905 5433/3076/12906 5432/5733/12907 5429/3093/12908
f 2003/5866/12909 2006/3287/12910 2004/3290/12911 2001/3301/12912
f 3381/4693/12913 3382/4692/12914 3379/4686/12915 3377/2199/12916
f 4534/5867/12917 4539/4862/12918 4538/3932/12919 4536/2483/12920
f 3941/5158/12921 3946/5180/12922 3945/3132/12923 3942/3148/12924
f 3021/1599/12925 3022/5756/12926 3016/5390/12927 3018/1600/12928
f 2858/5868/12929 2860/4247/12930 2857/1322/12931 2855/1321/12932
f 3908/5869/12933 3910/5147/12934 3907/3089/12935 3905/3088/12936
f 5595/5870/12937 5597/4813/12938 5594/3270/12939 5593/4834/12940
f 1337/4700/12941 1338/5871/12942 1334/5863/12943 1335/4701/12944
f 1857/5139/12945 1855/5108/12946 1853/5107/12947 1856/5113/12948
f 2961/1494/12949 2964/1513/12950 2963/1503/12951 2960/1495/12952
f 3978/3198/12953 3981/3208/12954 3980/5399/12955 3977/3199/12956
f 932/1545/12957 934/1548/12958 933/5872/12959 930/5816/12960
f 4941/4278/12961 4945/4277/12962 4943/5873/12963 4940/4715/12964
f 4001/5646/12965 4002/3235/12966 3999/3238/12967 4000/5204/12968
f 4290/5874/12969 4291/1371/12970 4288/1370/12971 4287/3590/12972
f 3826/5064/12973 3831/2983/12974 3830/2986/12975 3828/5053/12976
f 1786/2994/12977 1789/2982/12978 1787/5875/12979 1784/5876/12980
f 5375/4619/12981 5378/4201/12982 5376/4203/12983 5373/1838/12984
f 1356/4704/12985 1357/5877/12986 1354/5878/12987 1353/5780/12988
f 2742/1124/12989 2743/5659/12990 2738/1121/12991 2739/1120/12992
f 1359/2242/12993 1360/2241/12994 1357/5877/12995 1356/4704/12996
f 4428/2211/12997 4431/646/12998 4430/649/12999 4427/2212/13000
f 3439/2304/13001 3442/2317/13002 3440/2306/13003 3438/2305/13004
f 4466/5747/13005 4467/617/13006 4464/5514/13007 4463/5513/13008
f 3416/2268/13009 3418/2274/13010 3417/2236/13011 3414/2235/13012
f 1205/4576/13013 1210/5405/13014 1209/1973/13015 1206/4577/13016
f 2261/321/13017 2263/331/13018 2262/330/13019 2258/322/13020
f 729/4158/13021 731/5778/13022 728/5665/13023 726/1180/13024
f 2906/1413/13025 2908/1412/13026 2904/1399/13027 2903/1398/13028
f 1366/5879/13029 1363/2240/13030 1362/2239/13031 1365/2247/13032
f 3427/2290/13033 3430/4744/13034 3429/2295/13035 3426/2283/13036
f 4974/4691/13037 4977/4032/13038 4976/5605/13039 4975/5701/13040
f 4252/149/13041 4255/5737/13042 4253/5189/13043 4250/150/13044
f 5456/2264/13045 5461/2272/13046 5459/5540/13047 5457/2265/13048
f 3737/2824/13049 3739/4994/13050 3738/2825/13051 3735/2821/13052
f 1397/4751/13053 1398/2309/13054 1394/4745/13055 1395/5388/13056
f 3436/2299/13057 3438/2305/13058 3437/2308/13059 3434/2300/13060
f 1382/2276/13061 1386/4741/13062 1385/4739/13063 1383/2277/13064
f 2208/5880/13065 2209/5881/13066 2207/3554/13067 2206/3553/13068
f 2252/3599/13069 2253/3598/13070 2251/5882/13071 2250/5883/13072
f 4342/1988/13073 4345/5486/13074 4344/3653/13075 4341/1989/13076
f 4904/3845/13077 4905/3844/13078 4902/2230/13079 4901/2229/13080
f 1345/4706/13081 1348/5657/13082 1346/4707/13083 1343/2203/13084
f 99/3499/13085 100/3498/13086 98/5433/13087 96/131/13088
f 1398/2309/13089 1399/2312/13090 1396/4746/13091 1394/4745/13092
f 4923/1343/13093 4927/1342/13094 4926/4259/13095 4924/4255/13096
f 2138/98/13097 2139/3480/13098 2134/118/13099 2136/99/13100
f 5499/3632/13101 5500/3631/13102 5495/4749/13103 5497/5555/13104
f 3457/2316/13105 3455/2338/13106 3453/2337/13107 3456/2313/13108
f 228/335/13109 230/5678/13110 229/5681/13111 227/336/13112
f 4165/5884/13113 4167/1779/13114 4164/3398/13115 4162/5343/13116
f 743/4174/13117 747/1234/13118 746/5393/13119 744/5426/13120
f 1421/2359/13121 1424/2358/13122 1422/2381/13123 1423/5885/13124
f 4531/5886/13125 4533/2486/13126 4529/3475/13127 4526/3474/13128
f 2626/5613/13129 2629/5651/13130 2627/934/13131 2624/937/13132
f 3468/2361/13133 3471/2364/13134 3470/5378/13135 3467/5557/13136
f 5373/1838/13137 5376/4203/13138 5374/5787/13139 5371/1839/13140
f 4217/3228/13141 4219/5887/13142 4215/432/13143 4214/431/13144
f 5063/3817/13145 5065/4393/13146 5062/565/13147 5061/564/13148
f 1434/2344/13149 1437/4787/13150 1435/5888/13151 1432/4778/13152
f 1436/2343/13153 1439/4786/13154 1437/4787/13155 1434/2344/13156
f 3483/2390/13157 3484/2389/13158 3479/4769/13159 3481/4768/13160
f 3482/4772/13161 3488/5889/13162 3485/2391/13163 3483/2390/13164
f 1410/2328/13165 1413/4758/13166 1412/4760/13167 1409/4732/13168
f 3485/2391/13169 3489/5890/13170 3487/5891/13171 3486/2388/13172
f 513/3924/13173 514/4431/13174 510/834/13175 511/833/13176
f 3488/5889/13177 3490/5892/13178 3489/5890/13179 3485/2391/13180
f 1449/2397/13181 1450/2400/13182 1447/2385/13183 1445/2384/13184
f 2675/5631/13185 2677/4059/13186 2674/1004/13187 2672/1003/13188
f 5733/2119/13189 5735/3066/13190 5732/5493/13191 5730/5353/13192
f 3902/3091/13193 3904/3090/13194 3901/5132/13195 3899/5131/13196
f 3911/5893/13197 3915/5120/13198 3910/5147/13199 3908/5869/13200
f 5476/4735/13201 5473/5894/13202 5472/533/13203 5475/532/13204
f 3546/2504/13205 3549/4841/13206 3548/5622/13207 3545/4825/13208
f 499/3910/13209 502/5468/13210 501/5895/13211 500/5584/13212
f 4567/766/13213 4566/5896/13214 4563/5788/13215 4565/763/13216
f 3534/4826/13217 3537/2456/13218 3535/5558/13219 3532/4827/13220
f 1448/4790/13221 1454/4794/13222 1452/2398/13223 1449/2397/13224
f 4467/617/13225 4468/616/13226 4465/5750/13227 4464/5514/13228
f 5724/196/13229 5726/195/13230 5723/5230/13231 5720/679/13232
f 1124/5446/13233 1127/5535/13234 1125/4517/13235 1122/1870/13236
f 3143/1823/13237 3145/1822/13238 3142/4479/13239 3140/4478/13240
f 4534/5867/13241 4536/2483/13242 4533/2486/13243 4531/5886/13244
f 4221/4360/13245 4222/4359/13246 4219/5887/13247 4217/3228/13248
f 2550/774/13249 2553/820/13250 2552/3909/13251 2551/805/13252
f 5559/5897/13253 5561/847/13254 5558/850/13255 5557/5463/13256
f 545/5898/13257 548/3978/13258 546/3981/13259 547/5899/13260
f 4619/4305/13261 4621/427/13262 4618/430/13263 4616/2945/13264
f 1061/1745/13265 1063/4465/13266 1060/1735/13267 1058/1707/13268
f 118/180/13269 116/5900/13270 113/3507/13271 115/173/13272
f 1630/5901/13273 1633/4940/13274 1631/4938/13275 1629/2706/13276
f 5584/2458/13277 5587/2479/13278 5585/2482/13279 5582/2459/13280
f 5097/2652/13281 5101/2505/13282 5100/2508/13283 5098/5492/13284
f 1479/4807/13285 1480/4821/13286 1475/4816/13287 1476/4815/13288
f 2957/1493/13289 2958/1496/13290 2956/4321/13291 2954/4320/13292
f 1928/5197/13293 1929/5196/13294 1926/3158/13295 1925/3157/13296
f 1929/5196/13297 1930/5199/13298 1927/5191/13299 1926/3158/13300
f 914/5677/13301 915/5676/13302 912/4331/13303 911/4330/13304
f 4066/3337/13305 4069/5268/13306 4067/3339/13307 4064/3336/13308
f 1484/5806/13309 1488/5902/13310 1487/5688/13311 1485/4823/13312
f 372/3769/13313 375/5515/13314 373/609/13315 369/608/13316
f 1488/5902/13317 1491/5903/13318 1490/5685/13319 1487/5688/13320
f 5035/3835/13321 5032/4357/13322 5031/4356/13323 5033/3836/13324
f 3547/2503/13325 3550/4842/13326 3549/4841/13327 3546/2504/13328
f 5541/740/13329 5540/739/13330 5536/5864/13331 5538/3916/13332
f 5609/4781/13333 5610/5904/13334 5607/5764/13335 5606/5700/13336
f 5612/2525/13337 5613/4846/13338 5610/5904/13339 5609/4781/13340
f 4034/5237/13341 4036/5905/13342 4035/3292/13343 4032/3291/13344
f 4382/5793/13345 4384/5307/13346 4381/5323/13347 4379/5824/13348
f 4008/3251/13349 4009/3256/13350 4006/3247/13351 4005/3246/13352
f 1025/3373/13353 1027/5295/13354 1024/4427/13355 1022/3374/13356
f 3559/2519/13357 3562/2533/13358 3560/2535/13359 3557/2520/13360
f 1244/5608/13361 1245/2077/13362 1242/2045/13363 1241/2044/13364
f 4734/5225/13365 4735/5684/13366 4732/1006/13367 4731/945/13368
f 1293/2146/13369 1291/4658/13370 1294/5906/13371 1290/2147/13372
f 5841/2933/13373 5842/2938/13374 5839/378/13375 5838/377/13376
f 4128/898/13377 4131/897/13378 4130/5621/13379 4127/3657/13380
f 3078/2575/13381 3079/4443/13382 3074/5360/13383 3076/2576/13384
f 3491/2412/13385 3494/2411/13386 3492/4793/13387 3493/5907/13388
f 3572/2557/13389 3575/2556/13390 3573/4860/13391 3574/5908/13392
f 5631/5909/13393 5632/3348/13394 5630/1414/13395 5627/2550/13396
f 2450/5459/13397 2451/5458/13398 2448/642/13399 2447/5527/13400
f 4336/5729/13401 4339/1987/13402 4338/1990/13403 4335/3517/13404
f 1580/4897/13405 1583/4899/13406 1581/4902/13407 1578/2644/13408
f 3339/5073/13409 3342/4675/13410 3341/5695/13411 3338/5074/13412
f 3301/4616/13413 3304/4639/13414 3303/2075/13415 3299/2073/13416
f 1271/2091/13417 1273/4648/13418 1272/4649/13419 1269/2092/13420
f 788/1295/13421 791/5714/13422 789/5910/13423 786/4217/13424
f 3080/1712/13425 3082/1711/13426 3078/2575/13427 3077/2574/13428
f 4968/186/13429 4967/185/13430 4964/2021/13431 4966/5440/13432
f 5648/3002/13433 5649/5911/13434 5646/5763/13435 5645/477/13436
f 3771/2884/13437 3774/2860/13438 3773/2863/13439 3770/2885/13440
f 722/1181/13441 725/5666/13442 723/5912/13443 720/5663/13444
f 1560/4865/13445 1557/5340/13446 1556/4881/13447 1559/4866/13448
f 4438/3588/13449 4441/5302/13450 4439/5303/13451 4436/3589/13452
f 696/1134/13453 699/4119/13454 697/4122/13455 694/1135/13456
f 3601/2594/13457 3604/4872/13458 3602/4875/13459 3599/2595/13460
f 1340/2206/13461 1341/2205/13462 1338/5871/13463 1337/4700/13464
f 5076/1279/13465 5079/1633/13466 5078/587/13467 5075/590/13468
f 1554/5341/13469 1550/5484/13470 1551/4870/13471 1553/4878/13472
f 5903/3010/13473 5906/3009/13474 5904/3258/13475 5905/5913/13476
f 1671/4969/13477 1672/4973/13478 1667/4966/13479 1669/2803/13480
f 1575/5914/13481 1577/4896/13482 1574/2643/13483 1571/4889/13484
f 3614/2618/13485 3617/5565/13486 3615/4183/13487 3611/2611/13488
f 3836/5063/13489 3837/5062/13490 3833/2985/13491 3834/2984/13492
f 5672/4894/13493 5677/3581/13494 5676/651/13495 5674/650/13496
f 1566/2607/13497 1563/4864/13498 1562/4867/13499 1565/2608/13500
f 261/5915/13501 262/5916/13502 260/3626/13503 259/3625/13504
f 3620/5566/13505 3623/2639/13506 3621/2599/13507 3618/2598/13508
f 5665/2632/13509 5668/134/13510 5667/137/13511 5664/2633/13512
f 3645/2676/13513 3641/2665/13514 3643/2664/13515 3644/2668/13516
f 815/1328/13517 816/1327/13518 812/4243/13519 813/4242/13520
f 2150/141/13521 2151/140/13522 2148/129/13523 2147/128/13524
f 3631/2640/13525 3634/2654/13526 3632/2657/13527 3629/2641/13528
f 3152/1829/13529 3153/5741/13530 3151/1825/13531 3150/1824/13532
f 411/5917/13533 412/5918/13534 410/5505/13535 409/5504/13536
f 3651/5919/13537 3648/2675/13538 3647/2677/13539 3650/2680/13540
f 1600/4917/13541 1596/5773/13542 1595/4913/13543 1598/4916/13544
f 2238/3585/13545 2239/3584/13546 2237/281/13547 2234/280/13548
f 4102/2/13549 4105/3638/13550 4104/3654/13551 4101/3/13552
f 209/5920/13553 210/5921/13554 208/5832/13555 207/5831/13556
f 3131/4463/13557 3133/4462/13558 3130/1763/13559 3128/1762/13560
f 5156/958/13561 5158/957/13562 5155/1654/13563 5153/1653/13564
f 4168/82/13565 4170/81/13566 4167/1779/13567 4165/5884/13568
f 155/222/13569 156/221/13570 154/212/13571 153/211/13572
f 1611/5922/13573 1613/5626/13574 1610/2701/13575 1607/4909/13576
f 133/5723/13577 136/3537/13578 135/3540/13579 134/5724/13580
f 1183/5923/13581 1185/5748/13582 1182/4552/13583 1181/5818/13584
f 1632/4937/13585 1628/2707/13586 1629/2706/13587 1631/4938/13588
f 3673/2717/13589 3676/5924/13590 3675/5545/13591 3672/2710/13592
f 458/716/13593 460/5925/13594 459/5926/13595 457/717/13596
f 3500/2413/13597 3503/2427/13598 3501/2423/13599 3498/2414/13600
f 3676/5924/13601 3679/2732/13602 3678/2728/13603 3675/5545/13604
f 4089/5927/13605 4090/5292/13606 4088/3368/13607 4085/3367/13608
f 5072/1280/13609 5074/4689/13610 5071/3820/13611 5069/1612/13612
f 1866/5146/13613 1869/5150/13614 1868/5387/13615 1865/5928/13616
f 4628/2766/13617 4630/5929/13618 4627/2224/13619 4625/867/13620
f 4581/3899/13621 4584/5930/13622 4583/5338/13623 4580/3678/13624
f 1055/1705/13625 1057/1708/13626 1054/1752/13627 1052/5790/13628
f 4520/3410/13629 4522/3409/13630 4519/2493/13631 4517/2492/13632
f 2521/5931/13633 2524/760/13634 2523/758/13635 2520/750/13636
f 461/5771/13637 464/753/13638 462/756/13639 463/5932/13640
f 5722/5933/13641 5724/196/13642 5720/679/13643 5717/678/13644
f 2000/5257/13645 2003/5866/13646 2001/3301/13647 1998/3298/13648
f 1627/4934/13649 1630/5901/13650 1629/2706/13651 1626/2705/13652
f 5703/5934/13653 5704/2420/13654 5700/2419/13655 5701/3861/13656
f 4599/3906/13657 4601/3905/13658 4598/5322/13659 4596/3605/13660
f 4644/1800/13661 4645/4536/13662 4639/803/13663 4641/802/13664
f 1801/5325/13665 1804/5935/13666 1802/5086/13667 1799/5082/13668
f 426/5761/13669 428/5753/13670 427/5752/13671 425/5762/13672
f 1452/2398/13673 1455/4796/13674 1453/5936/13675 1451/2399/13676
f 1286/5937/13677 1288/2140/13678 1285/2110/13679 1283/2109/13680
f 1863/5143/13681 1866/5146/13682 1865/5928/13683 1862/5938/13684
f 5570/4315/13685 5571/5382/13686 5568/3515/13687 5567/3514/13688
f 1644/2767/13689 1645/2770/13690 1642/5838/13691 1640/4948/13692
f 4686/2630/13693 4688/4026/13694 4685/964/13695 4683/963/13696
f 5747/5745/13697 5749/4945/13698 5744/2744/13699 5741/4950/13700
f 5744/2744/13701 5749/4945/13702 5748/4946/13703 5746/2745/13704
f 5761/5939/13705 5763/4271/13706 5760/3878/13707 5759/3877/13708
f 1592/2649/13709 1593/5774/13710 1589/5856/13711 1591/2650/13712
f 3709/5376/13713 3712/5940/13714 3711/4955/13715 3707/2774/13716
f 4233/5941/13717 4235/5518/13718 4232/694/13719 4231/5129/13720
f 3712/5940/13721 3715/5942/13722 3714/4956/13723 3711/4955/13724
f 2107/3416/13725 2110/87/13726 2108/89/13727 2105/3417/13728
f 3715/5942/13729 3718/5732/13730 3717/5601/13731 3714/4956/13732
f 2521/5931/13733 2520/750/13734 2517/749/13735 2518/3887/13736
f 879/4284/13737 881/4283/13738 877/1644/13739 859/1643/13740
f 3720/4979/13741 3724/4978/13742 3722/5943/13743 3719/5798/13744
f 842/5419/13745 844/4274/13746 843/4275/13747 841/5420/13748
f 1333/4695/13749 1336/4698/13750 1335/4701/13751 1331/2184/13752
f 1353/5780/13753 1354/5878/13754 1349/4712/13755 1350/4711/13756
f 947/5833/13757 949/1571/13758 946/1565/13759 944/4367/13760
f 5897/2998/13761 5899/1568/13762 5895/1567/13763 5893/5488/13764
f 1507/4837/13765 1513/4844/13766 1512/2512/13767 1509/2475/13768
f 1437/4787/13769 1440/4783/13770 1438/4782/13771 1435/5888/13772
f 5687/2683/13773 5690/2682/13774 5688/3560/13775 5689/5944/13776
f 5225/458/13777 5226/457/13778 5223/1562/13779 5224/4522/13780
f 1724/5012/13781 1726/5018/13782 1723/2869/13783 1721/2870/13784
f 5635/1415/13785 5637/1128/13786 5636/4863/13787 5633/1416/13788
f 2832/4208/13789 2831/1271/13790 2828/386/13791 2830/385/13792
f 2862/5537/13793 2866/1309/13794 2864/4254/13795 2865/5945/13796
f 3747/2842/13797 3745/4960/13798 3744/4997/13799 3746/2843/13800
f 3747/2842/13801 3748/2845/13802 3743/4961/13803 3745/4960/13804
f 2970/5400/13805 2973/4343/13806 2972/1523/13807 2969/1516/13808
f 4988/5776/13809 4991/5946/13810 4989/4591/13811 4985/4590/13812
f 1698/2854/13813 1699/2857/13814 1693/4990/13815 1695/4989/13816
f 2408/586/13817 2410/585/13818 2407/576/13819 2405/575/13820
f 3755/2866/13821 3756/2858/13822 3753/2848/13823 3752/5779/13824
f 3817/5865/13825 3820/5947/13826 3818/5336/13827 3816/5041/13828
f 4029/5238/13829 4032/3291/13830 4030/3294/13831 4027/5244/13832
f 3806/5038/13833 3808/5037/13834 3805/5044/13835 3803/5043/13836
f 2776/4146/13837 2779/4165/13838 2777/5668/13839 2774/4147/13840
f 736/5673/13841 739/5625/13842 738/1183/13843 734/4161/13844
f 1515/2513/13845 1519/2548/13846 1517/4848/13847 1514/2514/13848
f 5815/5000/13849 5811/2878/13850 5812/2877/13851 5814/5422/13852
f 1352/5781/13853 1353/5780/13854 1350/4711/13855 1351/5658/13856
f 1369/2288/13857 1366/5879/13858 1365/2247/13859 1368/2255/13860
f 2058/5297/13861 2059/5948/13862 2057/3907/13863 2055/836/13864
f 3768/2883/13865 3769/2886/13866 3767/2874/13867 3764/2873/13868
f 5803/2516/13869 5806/2222/13870 5805/2253/13871 5802/4166/13872
f 5780/4224/13873 5782/2810/13874 5779/2809/13875 5777/3362/13876
f 1719/5008/13877 1722/5949/13878 1721/2870/13879 1718/2831/13880
f 1697/4996/13881 1698/2854/13882 1695/4989/13883 1696/4991/13884
f 1722/5949/13885 1725/5013/13886 1724/5012/13887 1721/2870/13888
f 3370/2179/13889 3373/2188/13890 3371/2175/13891 3369/2178/13892
f 1739/2899/13893 1742/5438/13894 1740/2921/13895 1736/2900/13896
f 4303/4151/13897 4306/4898/13898 4304/862/13899 4301/4152/13900
f 4771/4190/13901 4773/2905/13902 4770/2908/13903 4768/3427/13904
f 1148/5950/13905 1150/1920/13906 1147/1891/13907 1145/1890/13908
f 5830/1867/13909 5833/5009/13910 5832/5434/13911 5828/1868/13912
f 3209/4542/13913 3210/4543/13914 3206/5596/13915 3207/5313/13916
f 1754/2931/13917 1756/2930/13918 1753/5021/13919 1752/5020/13920
f 232/5679/13921 234/3640/13922 233/3641/13923 231/5680/13924
f 1755/5520/13925 1758/5951/13926 1757/2928/13927 1754/2931/13928
f 4350/159/13929 4352/158/13930 4348/3651/13931 4347/3650/13932
f 5855/5447/13933 5857/2016/13934 5854/2015/13935 5849/3577/13936
f 5703/5934/13937 5707/5731/13938 5706/3069/13939 5704/2420/13940
f 1883/5160/13941 1884/3122/13942 1881/3117/13943 1880/3116/13944
f 5857/2016/13945 5859/5033/13946 5858/5034/13947 5856/2017/13948
f 5871/5952/13949 5872/5057/13950 5869/4073/13951 5868/4072/13952
f 885/1464/13953 888/1463/13954 887/1467/13955 886/5413/13956
f 2250/5883/13957 2251/5882/13958 2249/305/13959 2248/304/13960
f 4786/528/13961 4789/4134/13962 4788/4137/13963 4785/4107/13964
f 1758/5951/13965 1761/5046/13966 1760/2934/13967 1757/2928/13968
f 3264/5318/13969 3265/5320/13970 3262/5835/13971 3261/2008/13972
f 5793/577/13973 5797/3285/13974 5796/5842/13975 5794/578/13976
f 3263/5725/13977 3268/2028/13978 3267/2031/13979 3264/5318/13980
f 1779/2969/13981 1783/2991/13982 1781/5953/13983 1777/5739/13984
f 5725/5593/13985 5727/193/13986 5724/196/13987 5722/5933/13988
f 5937/473/13989 5935/2168/13990 5932/5106/13991 5934/4804/13992
f 5960/309/13993 5962/296/13994 5959/402/13995 5957/401/13996
f 1129/5536/13997 1131/4508/13998 1130/4507/13999 1128/5350/14000
f 2713/4093/14001 2716/1081/14002 2714/1084/14003 2711/5342/14004
f 3830/2986/14005 3832/2988/14006 3829/5054/14007 3828/5053/14008
f 2173/3512/14009 2176/3534/14010 2174/5462/14011 2171/3513/14012
f 1923/3159/14013 1924/5192/14014 1921/5175/14015 1919/5161/14016
f 4798/5954/14017 4800/4125/14018 4796/4115/14019 4793/4114/14020
f 5860/5448/14021 5863/2950/14022 5862/2635/14023 5859/5033/14024
f 1504/4838/14025 1506/2478/14026 1503/2498/14027 1501/4836/14028
f 1289/4659/14029 1293/2146/14030 1288/2140/14031 1286/5937/14032
f 4701/2685/14033 4700/2688/14034 4697/1154/14035 4698/1153/14036
f 1791/5072/14037 1787/5875/14038 1789/2982/14039 1790/400/14040
f 4704/3169/14041 4705/2686/14042 4701/2685/14043 4702/4169/14044
f 4998/1361/14045 5001/1452/14046 4999/4436/14047 4996/1362/14048
f 4801/5849/14049 4803/4129/14050 4800/4125/14051 4798/5954/14052
f 3009/1577/14053 3012/1592/14054 3010/1595/14055 3006/1578/14056
f 5059/5516/14057 5064/3816/14058 5063/3817/14059 5061/564/14060
f 4036/5905/14061 4039/5256/14062 4037/3295/14063 4035/3292/14064
f 1320/2143/14065 1321/2197/14066 1318/4668/14067 1317/2144/14068
f 5787/2788/14069 5788/4316/14070 5783/5696/14071 5785/2789/14072
f 961/5955/14073 963/4386/14074 959/4382/14075 960/4381/14076
f 5899/1568/14077 5902/2997/14078 5901/5956/14079 5898/1569/14080
f 3860/2129/14081 3862/2128/14082 3859/3021/14083 3857/3020/14084
f 3865/5820/14085 3867/2127/14086 3863/2126/14087 3866/5957/14088
f 5910/3103/14089 5911/3102/14090 5906/3009/14091 5908/3008/14092
f 4010/5379/14093 4015/5220/14094 4014/3260/14095 4011/3254/14096
f 4268/269/14097 4269/272/14098 4266/5457/14099 4265/3689/14100
f 4991/5946/14101 4994/4322/14102 4992/2965/14103 4989/4591/14104
f 3913/5121/14105 3915/5120/14106 3911/5893/14107 3914/5958/14108
f 3068/1682/14109 3069/5813/14110 3066/1674/14111 3065/1673/14112
f 1547/4868/14113 1549/2596/14114 1546/2591/14115 1544/5810/14116
f 3893/5134/14117 3896/5133/14118 3894/5959/14119 3895/5960/14120
f 373/609/14121 376/3759/14122 374/3774/14123 371/610/14124
f 1825/5102/14125 1828/3062/14126 1827/3028/14127 1824/3027/14128
f 5308/2137/14129 5310/2172/14130 5309/4923/14131 5306/3077/14132
f 5472/533/14133 5473/5894/14134 5468/2214/14135 5470/2213/14136
f 335/3740/14137 338/3739/14138 336/5961/14139 337/5962/14140
f 3890/3042/14141 3891/5963/14142 3888/5837/14143 3887/3043/14144
f 243/366/14145 244/365/14146 242/5633/14147 241/5632/14148
f 1835/5087/14149 1839/3067/14150 1838/5114/14151 1837/5964/14152
f 3533/2474/14153 3536/5391/14154 3534/4826/14155 3530/2469/14156
f 4150/5809/14157 4154/51/14158 4152/54/14159 4149/2583/14160
f 3896/5133/14161 3898/5136/14162 3897/5965/14163 3894/5959/14164
f 3380/5511/14165 3381/4693/14166 3377/2199/14167 3378/2198/14168
f 2349/481/14169 2350/5966/14170 2347/3694/14171 2346/468/14172
f 1860/5137/14173 1863/5143/14174 1862/5938/14175 1859/5138/14176
f 2352/480/14177 2353/3715/14178 2350/5966/14179 2349/481/14180
f 1911/3109/14181 1914/5812/14182 1913/5185/14183 1910/3110/14184
f 2544/792/14185 2546/807/14186 2543/3900/14187 2541/793/14188
f 1851/5128/14189 1854/5111/14190 1853/5107/14191 1850/5110/14192
f 2467/669/14193 2470/3822/14194 2468/3825/14195 2463/670/14196
f 391/3793/14197 394/3799/14198 393/3802/14199 392/3794/14200
f 1858/5112/14201 1861/5141/14202 1860/5137/14203 1856/5113/14204
f 4874/5698/14205 4877/4212/14206 4875/4215/14207 4876/5967/14208
f 3932/3087/14209 3933/5968/14210 3930/5153/14211 3929/3131/14212
f 5959/402/14213 5962/296/14214 5961/299/14215 5958/3107/14216
f 1783/2991/14217 1786/2994/14218 1784/5876/14219 1781/5953/14220
f 211/5786/14221 212/5785/14222 210/5921/14223 209/5920/14224
f 203/303/14225 204/302/14226 202/3601/14227 201/3600/14228
f 3935/3086/14229 3937/3143/14230 3933/5968/14231 3932/3087/14232
f 1893/5166/14233 1896/5172/14234 1895/5171/14235 1892/5167/14236
f 5809/2221/14237 5811/2878/14238 5810/5002/14239 5808/2252/14240
